0000  E7C8 000C   SAVE 12             ; frame
0002  B438 01B4   ELDA 2,01B4   ; = 436
0004  22FD        LDA 0,-3,2
0005  4305        STA 0,5,3
0006  A438 01B4   ELDA 0,01B4   ; = 436
0008  2B05        LDA 1,5,3
0009  A500        SUB 1,0
000A  4306        STA 0,6,3
000B  D500        SUB 2,2
000C  5303        STA 2,3,3
000D  8500        SUB 0,0
000E  6804        IO   6804
000F  3303        LDA 2,3,3
0010  CFC8        MULS
0011  6004        IO   6004
0012  4B08        STA 1,8,3
0013  ED38 001E   ELEF 1,001E,PC   ; -> 0032
0015  4309        STA 0,9,3
0016  630A        IO   630A
0017  0C4C        JSR @76
0018  3020        LDA 2,32
0019  8648        PSH 0,0
001A  6309        IO   6309
001B  EC38 0222   ELEF 1,0222   ; = 546
001D  8E48        PSH 0,1
001E  6308        IO   6308
001F  EC38 3EA3   ELEF 1,3EA3   ; [3EA3] = 7
0021  8E48        PSH 0,1
0022  0C0C 6F0B   JSR @12            ; overlay call, arg 6F0B
0024  5020        STA 2,32
0025  B438 0222   ELDA 2,0222   ; = 546
0027  2303        LDA 0,3,3
0028  2B06        LDA 1,6,3
0029  8E00        ADD 0,1
002A  5309        STA 2,9,3
002B  2200        LDA 0,0,2
002C  3303        LDA 2,3,3
002D  D300        INC 2,2
002E  4B09        STA 1,9,3
002F  4709        STA 0,@9,3
0030  5303        STA 2,3,3
0031  01DC        JMP -36,PC   ; -> 000D
0032  2303        LDA 0,3,3
0033  8048        SBI 0,0
0034  2B06        LDA 1,6,3
0035  8E00        ADD 0,1
0036  4B08        STA 1,8,3
0037  3708        LDA 2,@8,3
0038  F7F8 00C8   ADDI 00C8,2
003A  2B03        LDA 1,3,3
003B  2306        LDA 0,6,3
003C  A600        ADD 1,0
003D  4308        STA 0,8,3
003E  5708        STA 2,@8,3
003F  AFC8        RTN
0040  E7C8 0010   SAVE 16             ; frame
0042  B438 01C0   ELDA 2,01C0   ; = 448
0044  22FD        LDA 0,-3,2
0045  2AFB        LDA 1,-5,2
0046  32FE        LDA 2,-2,2
0047  4305        STA 0,5,3
0048  8100        NEG 0,0
0049  8300        INC 0,0
004A  5306        STA 2,6,3
004B  9600        ADD 0,2
004C  4307        STA 0,7,3
004D  8500        SUB 0,0
004E  4B08        STA 1,8,3
004F  CFC8        MULS
0050  2305        LDA 0,5,3
0051  4B09        STA 1,9,3
0052  8E00        ADD 0,1
0053  A438 01C0   ELDA 0,01C0   ; = 448
0055  A500        SUB 1,0
0056  530A        STA 2,10,3
0057  D600        ADD 2,2
0058  430B        STA 0,11,3
0059  4B0C        STA 1,12,3
005A  530D        STA 2,13,3
005B  3020        LDA 2,32
005C  E438 3EA7   ELEF 0,3EA7   ; -> "THISSALA.DB3" (len 12)
005E  EC38 3EA6   ELEF 1,3EA6   ; [3EA6] = 3
0060  8E48        PSH 0,1
0061  0C0C 7001   JSR @12            ; overlay call, arg 7001
0063  5020        STA 2,32
0064  6003        IO   6003
0065  AD50        SUBZL 1,1
0066  430E        STA 0,14,3
0067  4B0F        STA 1,15,3
0068  630F        IO   630F
0069  EC38 0226   ELEF 1,0226   ; = 550
006B  8E48        PSH 0,1
006C  630E        IO   630E
006D  EC38 3EA6   ELEF 1,3EA6   ; [3EA6] = 3
006F  8E48        PSH 0,1
0070  0C0C 6F0B   JSR @12            ; overlay call, arg 6F0B
0072  5020        STA 2,32
0073  8500        SUB 0,0
0074  4303        STA 0,3,3
0075  2303        LDA 0,3,3
0076  687F        IO   687F
0077  A248        SGE 1,0
0078  010F        JMP 15,PC   ; -> 0087
0079  B438 0226   ELDA 2,0226   ; = 550
007B  9600        ADD 0,2
007C  AC38 0227   ELDA 1,0227   ; = 551
007E  A600        ADD 1,0
007F  530F        STA 2,15,3
0080  2A00        LDA 1,0,2
0081  430F        STA 0,15,3
0082  4F0F        STA 1,@15,3
0083  2303        LDA 0,3,3
0084  8300        INC 0,0
0085  4303        STA 0,3,3
0086  01EF        JMP -17,PC   ; -> 0075
0087  6080        IO   6080
0088  AD00        SUB 1,1
0089  4304        STA 0,4,3
008A  4B03        STA 1,3,3
008B  2303        LDA 0,3,3
008C  6814        IO   6814
008D  A248        SGE 1,0
008E  011F        JMP 31,PC   ; -> 00AD
008F  B438 0226   ELDA 2,0226   ; = 550
0091  2304        LDA 0,4,3
0092  9600        ADD 0,2
0093  530E        STA 2,14,3
0094  2303        LDA 0,3,3
0095  2B0A        LDA 1,10,3
0096  8E00        ADD 0,1
0097  5310        STA 2,16,3
0098  330B        LDA 2,11,3
0099  B600        ADD 1,2
009A  2710        LDA 0,@16,3
009B  4200        STA 0,0,2
009C  230E        LDA 0,14,3
009D  8300        INC 0,0
009E  430E        STA 0,14,3
009F  2303        LDA 0,3,3
00A0  2B0D        LDA 1,13,3
00A1  8E00        ADD 0,1
00A2  330B        LDA 2,11,3
00A3  B600        ADD 1,2
00A4  270E        LDA 0,@14,3
00A5  4200        STA 0,0,2
00A6  2304        LDA 0,4,3
00A7  A008        ADI 1,0
00A8  4304        STA 0,4,3
00A9  2303        LDA 0,3,3
00AA  8300        INC 0,0
00AB  4303        STA 0,3,3
00AC  01DF        JMP -33,PC   ; -> 008B
00AD  8500        SUB 0,0
00AE  4303        STA 0,3,3
00AF  2303        LDA 0,3,3
00B0  687F        IO   687F
00B1  A248        SGE 1,0
00B2  010A        JMP 10,PC   ; -> 00BC
00B3  B438 0228   ELDA 2,0228   ; = 552
00B5  9600        ADD 0,2
00B6  8500        SUB 0,0
00B7  4200        STA 0,0,2
00B8  2303        LDA 0,3,3
00B9  8300        INC 0,0
00BA  4303        STA 0,3,3
00BB  01F4        JMP -12,PC   ; -> 00AF
00BC  8500        SUB 0,0
00BD  C438 0203   ESTA 0,0203   ; = 515
00BF  C438 0205   ESTA 0,0205   ; = 517
00C1  C438 0206   ESTA 0,0206   ; = 518
00C3  C438 0204   ESTA 0,0204   ; = 516
00C5  AC00        ADC 1,1
00C6  C438 01F6   ESTA 0,01F6   ; = 502
00C8  CC38 0202   ESTA 1,0202   ; = 514
00CA  AFC8        RTN
00CB  E7C8 001F   SAVE 31             ; frame
00CD  B438 01B5   ELDA 2,01B5   ; = 437
00CF  22FD        LDA 0,-3,2
00D0  9500        SUB 0,2
00D1  5310        STA 2,16,3
00D2  B438 01B7   ELDA 2,01B7   ; = 439
00D4  2AFD        LDA 1,-3,2
00D5  32FB        LDA 2,-5,2
00D6  5311        STA 2,17,3
00D7  B438 01B7   ELDA 2,01B7   ; = 439
00D9  32FE        LDA 2,-2,2
00DA  4B12        STA 1,18,3
00DB  A900        NEG 1,1
00DC  AB00        INC 1,1
00DD  5313        STA 2,19,3
00DE  B600        ADD 1,2
00DF  8500        SUB 0,0
00E0  4B14        STA 1,20,3
00E1  2B11        LDA 1,17,3
00E2  CFC8        MULS
00E3  2312        LDA 0,18,3
00E4  4B15        STA 1,21,3
00E5  8E00        ADD 0,1
00E6  A438 01B7   ELDA 0,01B7   ; = 439
00E8  A500        SUB 1,0
00E9  5316        STA 2,22,3
00EA  D600        ADD 2,2
00EB  4B17        STA 1,23,3
00EC  2B16        LDA 1,22,3
00ED  4318        STA 0,24,3
00EE  A200        MOV 1,0
00EF  AE00        ADD 1,1
00F0  8E00        ADD 0,1
00F1  4B19        STA 1,25,3
00F2  531A        STA 2,26,3
00F3  0C62        JSR @98
00F4  EC38 3EB8   ELEF 1,3EB8   ; [3EB8] = 80
00F6  630D        IO   630D
00F7  0C59        JSR @89
00F8  8550        SUBZL 0,0
00F9  4303        STA 0,3,3
00FA  3020        LDA 2,32
00FB  E438 3EBB   ELEF 0,3EBB   ; -> "THISSALA.DB1" (len 12)
00FD  EC38 3EBA   ELEF 1,3EBA   ; [3EBA] = 5
00FF  8E48        PSH 0,1
0100  0C0C 7001   JSR @12            ; overlay call, arg 7001
0102  5020        STA 2,32
0103  6050        IO   6050
0104  4304        STA 0,4,3
0105  6050        IO   6050
0106  4304        STA 0,4,3
0107  3020        LDA 2,32
0108  630D        IO   630D
0109  6B1C        IO   6B1C
010A  0C51        JSR @81
010B  5020        STA 2,32
010C  ED38 01AD   ELEF 1,01AD,PC   ; -> 02BA
010E  631D        IO   631D
010F  0C4C        JSR @76
0110  6B04        IO   6B04
0111  8E48        PSH 0,1
0112  631C        IO   631C
0113  EC38 3EBA   ELEF 1,3EBA   ; [3EBA] = 5
0115  8E48        PSH 0,1
0116  0C0C 6FA8   JSR @12            ; overlay call, arg 6FA8
0118  5020        STA 2,32
0119  2304        LDA 0,4,3
011A  8048        SBI 0,0
011B  431C        STA 0,28,3
011C  631C        IO   631C
011D  6B0D        IO   6B0D
011E  8E48        PSH 0,1
011F  0C0C 75C8   JSR @12            ; overlay call, arg 75C8
0121  5020        STA 2,32
0122  EC38 3EB9   ELEF 1,3EB9   ; [3EB9] = 1
0124  AE48        PSH 1,1
0125  630D        IO   630D
0126  6B1D        IO   6B1D
0127  0C5D        JSR @93
0128  5020        STA 2,32
0129  A200        MOV 1,0
012A  EC38 3EC5   ELEF 1,3EC5   ; -> "*" (len 1)
012C  0C54        JSR @84
012D  0103        JMP 3,PC   ; -> 0130
012E  8538 0189   EJMP 0189,PC   ; -> 02B8
0130  E438 3EBA   ELEF 0,3EBA   ; [3EBA] = 5
0132  EC38 3EB9   ELEF 1,3EB9   ; [3EB9] = 1
0134  8E48        PSH 0,1
0135  630D        IO   630D
0136  6B1D        IO   6B1D
0137  0C5D        JSR @93
0138  5020        STA 2,32
0139  A200        MOV 1,0
013A  EC38 3EC9   ELEF 1,3EC9   ; -> "LIMBO" (len 5)
013C  0C55        JSR @85
013D  0144        JMP 68,PC   ; -> 0181
013E  EC38 3ECF   ELEF 1,3ECF   ; [3ECF] = 25
0140  AE48        PSH 1,1
0141  630D        IO   630D
0142  6B1D        IO   6B1D
0143  0C5D        JSR @93
0144  5020        STA 2,32
0145  A200        MOV 1,0
0146  EC38 3ED0   ELEF 1,3ED0   ; -> "A" (len 1)
0148  0C55        JSR @85
0149  0127        JMP 39,PC   ; -> 0170
014A  E438 3ED4   ELEF 0,3ED4   ; [3ED4] = 7
014C  EC38 3EB9   ELEF 1,3EB9   ; [3EB9] = 1
014E  8E48        PSH 0,1
014F  630D        IO   630D
0150  6B1D        IO   6B1D
0151  0C5D        JSR @93
0152  5020        STA 2,32
0153  A200        MOV 1,0
0154  6B1C        IO   6B1C
0155  0C56        JSR @86
0156  5020        STA 2,32
0157  231C        LDA 0,28,3
0158  430A        STA 0,10,3
0159  E438 3ED6   ELEF 0,3ED6   ; [3ED6] = 15
015B  EC38 3ED5   ELEF 1,3ED5   ; [3ED5] = 9
015D  8E48        PSH 0,1
015E  630D        IO   630D
015F  6B1D        IO   6B1D
0160  0C5D        JSR @93
0161  5020        STA 2,32
0162  A200        MOV 1,0
0163  6B1C        IO   6B1C
0164  0C56        JSR @86
0165  5020        STA 2,32
0166  231C        LDA 0,28,3
0167  430B        STA 0,11,3
0168  330A        LDA 2,10,3
0169  2B10        LDA 1,16,3
016A  B600        ADD 1,2
016B  531C        STA 2,28,3
016C  2A00        LDA 1,0,2
016D  8E00        ADD 0,1
016E  4B05        STA 1,5,3
016F  0111        JMP 17,PC   ; -> 0180
0170  3020        LDA 2,32
0171  E438 3ED4   ELEF 0,3ED4   ; [3ED4] = 7
0173  EC38 3EB9   ELEF 1,3EB9   ; [3EB9] = 1
0175  8E48        PSH 0,1
0176  630D        IO   630D
0177  6B1D        IO   6B1D
0178  0C5D        JSR @93
0179  5020        STA 2,32
017A  A200        MOV 1,0
017B  6B1C        IO   6B1C
017C  0C56        JSR @86
017D  5020        STA 2,32
017E  231C        LDA 0,28,3
017F  4305        STA 0,5,3
0180  0103        JMP 3,PC   ; -> 0183
0181  8400        ADC 0,0
0182  4305        STA 0,5,3
0183  3020        LDA 2,32
0184  E438 3ED9   ELEF 0,3ED9   ; [3ED9] = 23
0186  EC38 3ED8   ELEF 1,3ED8   ; [3ED8] = 17
0188  8E48        PSH 0,1
0189  630D        IO   630D
018A  6B1D        IO   6B1D
018B  0C5D        JSR @93
018C  5020        STA 2,32
018D  A200        MOV 1,0
018E  6B1C        IO   6B1C
018F  0C56        JSR @86
0190  5020        STA 2,32
0191  231C        LDA 0,28,3
0192  4309        STA 0,9,3
0193  820D        MOV# 0,0,SNR
0194  0104        JMP 4,PC   ; -> 0198
0195  E7F8 FE0C   ADDI FE0C,0
0197  4309        STA 0,9,3
0198  3020        LDA 2,32
0199  EC38 3ECF   ELEF 1,3ECF   ; [3ECF] = 25
019B  AE48        PSH 1,1
019C  630D        IO   630D
019D  6B1D        IO   6B1D
019E  0C5D        JSR @93
019F  5020        STA 2,32
01A0  A200        MOV 1,0
01A1  EC38 3ED0   ELEF 1,3ED0   ; -> "A" (len 1)
01A3  0C54        JSR @84
01A4  0105        JMP 5,PC   ; -> 01A9
01A5  2305        LDA 0,5,3
01A6  E7F8 8000   ADDI 8000,0
01A8  4305        STA 0,5,3
01A9  8500        SUB 0,0
01AA  4306        STA 0,6,3
01AB  3020        LDA 2,32
01AC  EC38 3EDD   ELEF 1,3EDD   ; [3EDD] = 26
01AE  AE48        PSH 1,1
01AF  430C        STA 0,12,3
01B0  630D        IO   630D
01B1  6B1D        IO   6B1D
01B2  0C5D        JSR @93
01B3  5020        STA 2,32
01B4  A200        MOV 1,0
01B5  EC38 3EDE   ELEF 1,3EDE   ; -> "B" (len 1)
01B7  0C54        JSR @84
01B8  0105        JMP 5,PC   ; -> 01BD
01B9  2306        LDA 0,6,3
01BA  E7F8 0010   ADDI 0010,0
01BC  4306        STA 0,6,3
01BD  3020        LDA 2,32
01BE  EC38 3EE3   ELEF 1,3EE3   ; [3EE3] = 27
01C0  AE48        PSH 1,1
01C1  630D        IO   630D
01C2  6B1D        IO   6B1D
01C3  0C5D        JSR @93
01C4  5020        STA 2,32
01C5  A200        MOV 1,0
01C6  EC38 3EE4   ELEF 1,3EE4   ; -> "C" (len 1)
01C8  0C54        JSR @84
01C9  0105        JMP 5,PC   ; -> 01CE
01CA  2306        LDA 0,6,3
01CB  E7F8 0020   ADDI 0020,0
01CD  4306        STA 0,6,3
01CE  3020        LDA 2,32
01CF  EC38 3EE9   ELEF 1,3EE9   ; [3EE9] = 28
01D1  AE48        PSH 1,1
01D2  630D        IO   630D
01D3  6B1D        IO   6B1D
01D4  0C5D        JSR @93
01D5  5020        STA 2,32
01D6  A200        MOV 1,0
01D7  EC38 3EEA   ELEF 1,3EEA   ; -> "D" (len 1)
01D9  0C54        JSR @84
01DA  0105        JMP 5,PC   ; -> 01DF
01DB  2306        LDA 0,6,3
01DC  E7F8 0040   ADDI 0040,0
01DE  4306        STA 0,6,3
01DF  3020        LDA 2,32
01E0  EC38 3EEF   ELEF 1,3EEF   ; [3EEF] = 29
01E2  AE48        PSH 1,1
01E3  630D        IO   630D
01E4  6B1D        IO   6B1D
01E5  0C5D        JSR @93
01E6  5020        STA 2,32
01E7  A200        MOV 1,0
01E8  EC38 3EF0   ELEF 1,3EF0   ; -> "E" (len 1)
01EA  0C54        JSR @84
01EB  0105        JMP 5,PC   ; -> 01F0
01EC  2306        LDA 0,6,3
01ED  E7F8 0200   ADDI 0200,0
01EF  4306        STA 0,6,3
01F0  3020        LDA 2,32
01F1  EC38 3EF5   ELEF 1,3EF5   ; [3EF5] = 30
01F3  AE48        PSH 1,1
01F4  630D        IO   630D
01F5  6B1D        IO   6B1D
01F6  0C5D        JSR @93
01F7  5020        STA 2,32
01F8  A200        MOV 1,0
01F9  EC38 3EF6   ELEF 1,3EF6   ; -> "F" (len 1)
01FB  0C54        JSR @84
01FC  0105        JMP 5,PC   ; -> 0201
01FD  2306        LDA 0,6,3
01FE  E7F8 0100   ADDI 0100,0
0200  4306        STA 0,6,3
0201  3020        LDA 2,32
0202  EC38 3EFB   ELEF 1,3EFB   ; [3EFB] = 31
0204  AE48        PSH 1,1
0205  630D        IO   630D
0206  6B1D        IO   6B1D
0207  0C5D        JSR @93
0208  5020        STA 2,32
0209  A200        MOV 1,0
020A  EC38 3EFC   ELEF 1,3EFC   ; -> "G" (len 1)
020C  0C54        JSR @84
020D  0105        JMP 5,PC   ; -> 0212
020E  2306        LDA 0,6,3
020F  E7F8 0080   ADDI 0080,0
0211  4306        STA 0,6,3
0212  3020        LDA 2,32
0213  EC38 3F01   ELEF 1,3F01   ; [3F01] = 32
0215  AE48        PSH 1,1
0216  630D        IO   630D
0217  6B1D        IO   6B1D
0218  0C5D        JSR @93
0219  5020        STA 2,32
021A  A200        MOV 1,0
021B  EC38 3F02   ELEF 1,3F02   ; -> "H" (len 1)
021D  0C54        JSR @84
021E  0105        JMP 5,PC   ; -> 0223
021F  2306        LDA 0,6,3
0220  E7F8 0400   ADDI 0400,0
0222  4306        STA 0,6,3
0223  3020        LDA 2,32
0224  EC38 3F07   ELEF 1,3F07   ; [3F07] = 33
0226  AE48        PSH 1,1
0227  630D        IO   630D
0228  6B1D        IO   6B1D
0229  0C5D        JSR @93
022A  5020        STA 2,32
022B  A200        MOV 1,0
022C  EC38 3F08   ELEF 1,3F08   ; -> "I" (len 1)
022E  0C54        JSR @84
022F  0105        JMP 5,PC   ; -> 0234
0230  2306        LDA 0,6,3
0231  E7F8 0800   ADDI 0800,0
0233  4306        STA 0,6,3
0234  3020        LDA 2,32
0235  EC38 3F0D   ELEF 1,3F0D   ; [3F0D] = 34
0237  AE48        PSH 1,1
0238  630D        IO   630D
0239  6B1D        IO   6B1D
023A  0C5D        JSR @93
023B  5020        STA 2,32
023C  A200        MOV 1,0
023D  EC38 3F0E   ELEF 1,3F0E   ; -> "J" (len 1)
023F  0C54        JSR @84
0240  0105        JMP 5,PC   ; -> 0245
0241  2306        LDA 0,6,3
0242  E7F8 1000   ADDI 1000,0
0244  4306        STA 0,6,3
0245  3020        LDA 2,32
0246  EC38 3F13   ELEF 1,3F13   ; [3F13] = 35
0248  AE48        PSH 1,1
0249  630D        IO   630D
024A  6B1D        IO   6B1D
024B  0C5D        JSR @93
024C  5020        STA 2,32
024D  A200        MOV 1,0
024E  EC38 3F14   ELEF 1,3F14   ; -> "K" (len 1)
0250  0C54        JSR @84
0251  0105        JMP 5,PC   ; -> 0256
0252  230C        LDA 0,12,3
0253  E7F8 0800   ADDI 0800,0
0255  430C        STA 0,12,3
0256  3020        LDA 2,32
0257  EC38 3F18   ELEF 1,3F18   ; [3F18] = 36
0259  AE48        PSH 1,1
025A  630D        IO   630D
025B  6B1D        IO   6B1D
025C  0C5D        JSR @93
025D  5020        STA 2,32
025E  A200        MOV 1,0
025F  EC38 3F19   ELEF 1,3F19   ; -> "L" (len 1)
0261  0C54        JSR @84
0262  0105        JMP 5,PC   ; -> 0267
0263  230C        LDA 0,12,3
0264  E7F8 1000   ADDI 1000,0
0266  430C        STA 0,12,3
0267  3020        LDA 2,32
0268  EC38 3F1D   ELEF 1,3F1D   ; [3F1D] = 37
026A  AE48        PSH 1,1
026B  630D        IO   630D
026C  6B1D        IO   6B1D
026D  0C5D        JSR @93
026E  5020        STA 2,32
026F  A200        MOV 1,0
0270  EC38 3F1E   ELEF 1,3F1E   ; -> "M" (len 1)
0272  0C54        JSR @84
0273  0105        JMP 5,PC   ; -> 0278
0274  230C        LDA 0,12,3
0275  E7F8 2000   ADDI 2000,0
0277  430C        STA 0,12,3
0278  3020        LDA 2,32
0279  EC38 3F23   ELEF 1,3F23   ; [3F23] = 39
027B  AE48        PSH 1,1
027C  630D        IO   630D
027D  6B1D        IO   6B1D
027E  0C5D        JSR @93
027F  5020        STA 2,32
0280  A200        MOV 1,0
0281  6B1C        IO   6B1C
0282  0C56        JSR @86
0283  5020        STA 2,32
0284  231C        LDA 0,28,3
0285  4307        STA 0,7,3
0286  EC38 3F24   ELEF 1,3F24   ; [3F24] = 38
0288  AE48        PSH 1,1
0289  630D        IO   630D
028A  6B1D        IO   6B1D
028B  0C5D        JSR @93
028C  5020        STA 2,32
028D  A200        MOV 1,0
028E  6B1C        IO   6B1C
028F  0C56        JSR @86
0290  5020        STA 2,32
0291  231C        LDA 0,28,3
0292  B438 3F25   ELDA 2,3F25   ; [3F25] = 65527
0294  D100        NEG 2,2
0295  C288        LSH 2,0
0296  4308        STA 0,8,3
0297  2B06        LDA 1,6,3
0298  3307        LDA 2,7,3
0299  B600        ADD 1,2
029A  5306        STA 2,6,3
029B  2B09        LDA 1,9,3
029C  8E00        ADD 0,1
029D  230C        LDA 0,12,3
029E  8E00        ADD 0,1
029F  4B09        STA 1,9,3
02A0  2303        LDA 0,3,3
02A1  2B16        LDA 1,22,3
02A2  8E00        ADD 0,1
02A3  3318        LDA 2,24,3
02A4  B600        ADD 1,2
02A5  2305        LDA 0,5,3
02A6  4200        STA 0,0,2
02A7  2303        LDA 0,3,3
02A8  2B1A        LDA 1,26,3
02A9  8E00        ADD 0,1
02AA  3318        LDA 2,24,3
02AB  B600        ADD 1,2
02AC  2306        LDA 0,6,3
02AD  4200        STA 0,0,2
02AE  2303        LDA 0,3,3
02AF  2B19        LDA 1,25,3
02B0  8E00        ADD 0,1
02B1  3318        LDA 2,24,3
02B2  B600        ADD 1,2
02B3  2309        LDA 0,9,3
02B4  4200        STA 0,0,2
02B5  2303        LDA 0,3,3
02B6  8300        INC 0,0
02B7  4303        STA 0,3,3
02B8  8538 7E4C   EJMP 7E4C,PC   ; -> 0105
02BA  2303        LDA 0,3,3
02BB  8048        SBI 0,0
02BC  C438 01DD   ESTA 0,01DD   ; = 477
02BE  3020        LDA 2,32
02BF  EC38 3EBA   ELEF 1,3EBA   ; [3EBA] = 5
02C1  AE48        PSH 1,1
02C2  0C0C 6F89   JSR @12            ; overlay call, arg 6F89
02C4  5020        STA 2,32
02C5  0C63        JSR @99
02C6  AFC8        RTN
02C7  E7C8 001C   SAVE 28             ; frame
02C9  B438 01B5   ELDA 2,01B5   ; = 437
02CB  22FD        LDA 0,-3,2
02CC  9500        SUB 0,2
02CD  530A        STA 2,10,3
02CE  B438 01B6   ELDA 2,01B6   ; = 438
02D0  2AFD        LDA 1,-3,2
02D1  32FB        LDA 2,-5,2
02D2  530B        STA 2,11,3
02D3  B438 01B6   ELDA 2,01B6   ; = 438
02D5  32FE        LDA 2,-2,2
02D6  4B0C        STA 1,12,3
02D7  A900        NEG 1,1
02D8  AB00        INC 1,1
02D9  530D        STA 2,13,3
02DA  B600        ADD 1,2
02DB  8500        SUB 0,0
02DC  4B0E        STA 1,14,3
02DD  2B0B        LDA 1,11,3
02DE  CFC8        MULS
02DF  230C        LDA 0,12,3
02E0  4B0F        STA 1,15,3
02E1  8E00        ADD 0,1
02E2  A438 01B6   ELDA 0,01B6   ; = 438
02E4  A500        SUB 1,0
02E5  5310        STA 2,16,3
02E6  D600        ADD 2,2
02E7  4B11        STA 1,17,3
02E8  2B10        LDA 1,16,3
02E9  4312        STA 0,18,3
02EA  A200        MOV 1,0
02EB  AE00        ADD 1,1
02EC  8E00        ADD 0,1
02ED  4B13        STA 1,19,3
02EE  5314        STA 2,20,3
02EF  0C62        JSR @98
02F0  EC38 3F28   ELEF 1,3F28   ; [3F28] = 80
02F2  6304        IO   6304
02F3  0C59        JSR @89
02F4  8550        SUBZL 0,0
02F5  4308        STA 0,8,3
02F6  C438 01D1   ESTA 0,01D1   ; = 465
02F8  A438 3F2A   ELDA 0,3F2A   ; [3F2A] = 0
02FA  ED38 0041   ELEF 1,0041,PC   ; -> 033C
02FC  C438 01C7   ESTA 0,01C7   ; = 455
02FE  6315        IO   6315
02FF  0C4C        JSR @76
0300  3020        LDA 2,32
0301  8648        PSH 0,0
0302  E438 3F2C   ELEF 0,3F2C   ; -> ":MAIL:$$PETER_FROM_$DAVE" (len 24)
0304  EC38 3F2B   ELEF 1,3F2B   ; [3F2B] = 5
0306  8E48        PSH 0,1
0307  0C0C 7001   JSR @12            ; overlay call, arg 7001
0309  5020        STA 2,32
030A  A438 3F3C   ELDA 0,3F3C   ; [3F3C] = 1
030C  0C62        JSR @98
030D  AC00        ADC 1,1
030E  D500        SUB 2,2
030F  C438 01C7   ESTA 0,01C7   ; = 455
0311  6315        IO   6315
0312  4B18        STA 1,24,3
0313  EC38 3F27   ELEF 1,3F27   ; [3F27] = 32
0315  0C59        JSR @89
0316  5319        STA 2,25,3
0317  3020        LDA 2,32
0318  6319        IO   6319
0319  8648        PSH 0,0
031A  6318        IO   6318
031B  6B15        IO   6B15
031C  8E48        PSH 0,1
031D  0C0C 6DEE   JSR @12            ; overlay call, arg 6DEE
031F  5020        STA 2,32
0320  6304        IO   6304
0321  6B15        IO   6B15
0322  0C5C        JSR @92
0323  0C63        JSR @99
0324  E438 3F3F   ELEF 0,3F3F   ; -> "$$DAVE" (len 6)
0326  6B04        IO   6B04
0327  0C55        JSR @85
0328  010D        JMP 13,PC   ; -> 0335
0329  E438 3F46   ELEF 0,3F46   ; -> "$PAUL" (len 5)
032B  0C55        JSR @85
032C  0109        JMP 9,PC   ; -> 0335
032D  E438 3F4C   ELEF 0,3F4C   ; -> "$PETER" (len 6)
032F  0C55        JSR @85
0330  0105        JMP 5,PC   ; -> 0335
0331  B438 3F2A   ELDA 2,3F2A   ; [3F2A] = 0
0333  D438 01C7   ESTA 2,01C7   ; = 455
0335  3020        LDA 2,32
0336  E438 3F2B   ELEF 0,3F2B   ; [3F2B] = 5
0338  8648        PSH 0,0
0339  0C0C 6F89   JSR @12            ; overlay call, arg 6F89
033B  5020        STA 2,32
033C  3020        LDA 2,32
033D  E438 3F53   ELEF 0,3F53   ; -> "THISSALA.DB2" (len 12)
033F  EC38 3F2B   ELEF 1,3F2B   ; [3F2B] = 5
0341  8E48        PSH 0,1
0342  0C0C 7001   JSR @12            ; overlay call, arg 7001
0344  5020        STA 2,32
0345  A438 3F2A   ELDA 0,3F2A   ; [3F2A] = 0
0347  6850        IO   6850
0348  4303        STA 0,3,3
0349  4B07        STA 1,7,3
034A  6304        IO   6304
034B  6B19        IO   6B19
034C  0C51        JSR @81
034D  5020        STA 2,32
034E  6307        IO   6307
034F  8648        PSH 0,0
0350  A200        MOV 1,0
0351  EC38 3F2B   ELEF 1,3F2B   ; [3F2B] = 5
0353  8E48        PSH 0,1
0354  0C0C 6FA8   JSR @12            ; overlay call, arg 6FA8
0356  5020        STA 2,32
0357  2307        LDA 0,7,3
0358  8048        SBI 0,0
0359  4319        STA 0,25,3
035A  6319        IO   6319
035B  6B04        IO   6B04
035C  8E48        PSH 0,1
035D  0C0C 75C8   JSR @12            ; overlay call, arg 75C8
035F  5020        STA 2,32
0360  6304        IO   6304
0361  6B19        IO   6B19
0362  0C56        JSR @86
0363  5020        STA 2,32
0364  2319        LDA 0,25,3
0365  C438 01EC   ESTA 0,01EC   ; = 492
0367  2303        LDA 0,3,3
0368  820C        MOV# 0,0,SZR
0369  0103        JMP 3,PC   ; -> 036C
036A  0903        JSR 3,PC   ; -> 036D
036B  01FC        JMP -4,PC   ; -> 0367
036C  012F        JMP 47,PC   ; -> 039B
036D  EA00        MOV 3,1
036E  3821        LDA 3,33
036F  4B19        STA 1,25,3
0370  3020        LDA 2,32
0371  8400        ADC 0,0
0372  EC38 3F2B   ELEF 1,3F2B   ; [3F2B] = 5
0374  0C35        JSR @53
0375  5020        STA 2,32
0376  8400        ADC 0,0
0377  6B04        IO   6B04
0378  0C33        JSR @51
0379  5020        STA 2,32
037A  0C37        JSR @55
037B  EC38 3F29   ELEF 1,3F29   ; [3F29] = 1
037D  AE48        PSH 1,1
037E  6304        IO   6304
037F  6B15        IO   6B15
0380  0C5D        JSR @93
0381  5020        STA 2,32
0382  A200        MOV 1,0
0383  EC38 3F5D   ELEF 1,3F5D   ; -> "@" (len 1)
0385  0C55        JSR @85
0386  0111        JMP 17,PC   ; -> 0397
0387  6304        IO   6304
0388  6B18        IO   6B18
0389  0C56        JSR @86
038A  5020        STA 2,32
038B  B438 01D1   ELDA 2,01D1   ; = 465
038D  230A        LDA 0,10,3
038E  9600        ADD 0,2
038F  2318        LDA 0,24,3
0390  AC38 01D1   ELDA 1,01D1   ; = 465
0392  AB00        INC 1,1
0393  4200        STA 0,0,2
0394  CC38 01D1   ESTA 1,01D1   ; = 465
0396  0104        JMP 4,PC   ; -> 039A
0397  A438 3F3C   ELDA 0,3F3C   ; [3F3C] = 1
0399  4303        STA 0,3,3
039A  0719        JMP @25,3
039B  6050        IO   6050
039C  4307        STA 0,7,3
039D  3020        LDA 2,32
039E  6304        IO   6304
039F  6B1A        IO   6B1A
03A0  0C51        JSR @81
03A1  5020        STA 2,32
03A2  ED38 005A   ELEF 1,005A,PC   ; -> 03FD
03A4  6315        IO   6315
03A5  0C4C        JSR @76
03A6  6B07        IO   6B07
03A7  8E48        PSH 0,1
03A8  631A        IO   631A
03A9  EC38 3F2B   ELEF 1,3F2B   ; [3F2B] = 5
03AB  8E48        PSH 0,1
03AC  0C0C 6FA8   JSR @12            ; overlay call, arg 6FA8
03AE  5020        STA 2,32
03AF  2307        LDA 0,7,3
03B0  8048        SBI 0,0
03B1  431A        STA 0,26,3
03B2  631A        IO   631A
03B3  6B04        IO   6B04
03B4  8E48        PSH 0,1
03B5  0C0C 75C8   JSR @12            ; overlay call, arg 75C8
03B7  5020        STA 2,32
03B8  E438 3F61   ELEF 0,3F61   ; [3F61] = 7
03BA  EC38 3F29   ELEF 1,3F29   ; [3F29] = 1
03BC  8E48        PSH 0,1
03BD  6304        IO   6304
03BE  6B15        IO   6B15
03BF  0C5D        JSR @93
03C0  5020        STA 2,32
03C1  A200        MOV 1,0
03C2  6B1A        IO   6B1A
03C3  0C56        JSR @86
03C4  5020        STA 2,32
03C5  2308        LDA 0,8,3
03C6  2B10        LDA 1,16,3
03C7  8E00        ADD 0,1
03C8  3312        LDA 2,18,3
03C9  B600        ADD 1,2
03CA  231A        LDA 0,26,3
03CB  531A        STA 2,26,3
03CC  3020        LDA 2,32
03CD  471A        STA 0,@26,3
03CE  E438 3F63   ELEF 0,3F63   ; [3F63] = 15
03D0  EC38 3F62   ELEF 1,3F62   ; [3F62] = 9
03D2  8E48        PSH 0,1
03D3  6304        IO   6304
03D4  6B15        IO   6B15
03D5  0C5D        JSR @93
03D6  5020        STA 2,32
03D7  A200        MOV 1,0
03D8  6B1B        IO   6B1B
03D9  0C56        JSR @86
03DA  5020        STA 2,32
03DB  2308        LDA 0,8,3
03DC  2B14        LDA 1,20,3
03DD  8E00        ADD 0,1
03DE  3312        LDA 2,18,3
03DF  B600        ADD 1,2
03E0  231B        LDA 0,27,3
03E1  4200        STA 0,0,2
03E2  2307        LDA 0,7,3
03E3  8048        SBI 0,0
03E4  3020        LDA 2,32
03E5  431B        STA 0,27,3
03E6  631B        IO   631B
03E7  EC38 3F64   ELEF 1,3F64   ; [3F64] = 17
03E9  8E48        PSH 0,1
03EA  6304        IO   6304
03EB  6B15        IO   6B15
03EC  0C5D        JSR @93
03ED  5020        STA 2,32
03EE  A200        MOV 1,0
03EF  6B1C        IO   6B1C
03F0  0C56        JSR @86
03F1  5020        STA 2,32
03F2  2308        LDA 0,8,3
03F3  2B13        LDA 1,19,3
03F4  8E00        ADD 0,1
03F5  3312        LDA 2,18,3
03F6  B600        ADD 1,2
03F7  231C        LDA 0,28,3
03F8  4200        STA 0,0,2
03F9  2308        LDA 0,8,3
03FA  8300        INC 0,0
03FB  4308        STA 0,8,3
03FC  019F        JMP -97,PC   ; -> 039B
03FD  2308        LDA 0,8,3
03FE  C438 01F0   ESTA 0,01F0   ; = 496
0400  3020        LDA 2,32
0401  EC38 3F2B   ELEF 1,3F2B   ; [3F2B] = 5
0403  AE48        PSH 1,1
0404  0C0C 6F89   JSR @12            ; overlay call, arg 6F89
0406  5020        STA 2,32
0407  0C63        JSR @99
0408  AFC8        RTN
0409  0000        JMP 0
040A  0000        JMP 0
040B  0000        JMP 0
040C  0000        JMP 0
040D  0000        JMP 0
040E  0000        JMP 0
040F  0000        JMP 0
0410  0000        JMP 0
0411  0000        JMP 0
0412  0000        JMP 0
0413  0000        JMP 0
0414  0000        JMP 0
0415  0000        JMP 0
0416  0000        JMP 0
0417  0000        JMP 0
0418  0000        JMP 0
0419  0000        JMP 0
041A  0000        JMP 0
041B  0000        JMP 0
041C  0000        JMP 0
041D  0000        JMP 0
041E  0000        JMP 0
041F  0000        JMP 0
0420  0000        JMP 0
0421  0000        JMP 0
0422  0000        JMP 0
0423  0000        JMP 0
0424  0000        JMP 0
0425  0000        JMP 0
0426  0000        JMP 0
0427  0000        JMP 0
0428  0000        JMP 0
0429  0000        JMP 0
042A  0000        JMP 0
042B  0000        JMP 0
042C  0000        JMP 0
042D  0000        JMP 0
042E  0000        JMP 0
042F  0000        JMP 0
0430  0000        JMP 0
0431  0000        JMP 0
0432  0000        JMP 0
0433  0000        JMP 0
0434  0000        JMP 0
0435  0000        JMP 0
0436  0000        JMP 0
0437  0000        JMP 0
0438  0000        JMP 0
0439  0000        JMP 0
043A  0000        JMP 0
043B  0000        JMP 0
043C  0000        JMP 0
043D  0000        JMP 0
043E  0000        JMP 0
043F  0000        JMP 0
0440  0000        JMP 0
0441  0000        JMP 0
0442  0000        JMP 0
0443  0000        JMP 0
0444  0000        JMP 0
0445  0000        JMP 0
0446  0000        JMP 0
0447  0000        JMP 0
0448  0000        JMP 0
0449  0000        JMP 0
044A  0000        JMP 0
044B  0000        JMP 0
044C  0000        JMP 0
044D  0000        JMP 0
044E  0000        JMP 0
044F  0000        JMP 0
0450  0000        JMP 0
0451  0000        JMP 0
0452  0000        JMP 0
0453  0000        JMP 0
0454  0000        JMP 0
0455  0000        JMP 0
0456  0000        JMP 0
0457  0000        JMP 0
0458  0000        JMP 0
0459  0000        JMP 0
045A  0000        JMP 0
045B  0000        JMP 0
045C  0000        JMP 0
045D  0000        JMP 0
045E  0000        JMP 0
045F  0000        JMP 0
0460  0000        JMP 0
0461  0000        JMP 0
0462  0000        JMP 0
0463  0000        JMP 0
0464  0000        JMP 0
0465  0000        JMP 0
0466  0000        JMP 0
0467  0000        JMP 0
0468  0000        JMP 0
0469  0000        JMP 0
046A  0000        JMP 0
046B  0000        JMP 0
046C  0000        JMP 0
046D  0000        JMP 0
046E  0000        JMP 0
046F  0000        JMP 0
0470  0000        JMP 0
0471  0000        JMP 0
0472  0000        JMP 0
0473  0000        JMP 0
0474  0000        JMP 0
0475  0000        JMP 0
0476  0000        JMP 0
0477  0000        JMP 0
0478  0000        JMP 0
0479  0000        JMP 0
047A  0000        JMP 0
047B  0000        JMP 0
047C  0000        JMP 0
047D  0000        JMP 0
047E  0000        JMP 0
047F  0000        JMP 0
0480  0000        JMP 0
0481  0000        JMP 0
0482  0000        JMP 0
0483  0000        JMP 0
0484  0000        JMP 0
0485  0000        JMP 0
0486  0000        JMP 0
0487  0000        JMP 0
0488  0000        JMP 0
0489  0000        JMP 0
048A  0000        JMP 0
048B  0000        JMP 0
048C  0000        JMP 0
048D  0000        JMP 0
048E  0000        JMP 0
048F  0000        JMP 0
0490  0000        JMP 0
0491  0000        JMP 0
0492  0000        JMP 0
0493  0000        JMP 0
0494  0000        JMP 0
0495  0000        JMP 0
0496  0000        JMP 0
0497  0000        JMP 0
0498  0000        JMP 0
0499  0000        JMP 0
049A  0000        JMP 0
049B  0000        JMP 0
049C  0000        JMP 0
049D  0000        JMP 0
049E  0000        JMP 0
049F  0000        JMP 0
04A0  0000        JMP 0
04A1  0000        JMP 0
04A2  0000        JMP 0
04A3  0000        JMP 0
04A4  0000        JMP 0
04A5  0000        JMP 0
04A6  0000        JMP 0
04A7  0000        JMP 0
04A8  0000        JMP 0
04A9  0000        JMP 0
04AA  0000        JMP 0
04AB  0000        JMP 0
04AC  0000        JMP 0
04AD  0000        JMP 0
04AE  0000        JMP 0
04AF  0000        JMP 0
04B0  0000        JMP 0
04B1  0000        JMP 0
04B2  0000        JMP 0
04B3  0000        JMP 0
04B4  0000        JMP 0
04B5  0000        JMP 0
04B6  0000        JMP 0
04B7  0000        JMP 0
04B8  0000        JMP 0
04B9  0000        JMP 0
04BA  0000        JMP 0
04BB  0000        JMP 0
04BC  0000        JMP 0
04BD  0000        JMP 0
04BE  0000        JMP 0
04BF  0000        JMP 0
04C0  0000        JMP 0
04C1  0000        JMP 0
04C2  0000        JMP 0
04C3  0000        JMP 0
04C4  0000        JMP 0
04C5  0000        JMP 0
04C6  0000        JMP 0
04C7  0000        JMP 0
04C8  0000        JMP 0
04C9  0000        JMP 0
04CA  0000        JMP 0
04CB  0000        JMP 0
04CC  0000        JMP 0
04CD  0000        JMP 0
04CE  0000        JMP 0
04CF  0000        JMP 0
04D0  0000        JMP 0
04D1  0000        JMP 0
04D2  0000        JMP 0
04D3  0000        JMP 0
04D4  0000        JMP 0
04D5  0000        JMP 0
04D6  0000        JMP 0
04D7  0000        JMP 0
04D8  0000        JMP 0
04D9  0000        JMP 0
04DA  0000        JMP 0
04DB  0000        JMP 0
04DC  0000        JMP 0
04DD  0000        JMP 0
04DE  0000        JMP 0
04DF  0000        JMP 0
04E0  0000        JMP 0
04E1  0000        JMP 0
04E2  0000        JMP 0
04E3  0000        JMP 0
04E4  0000        JMP 0
04E5  0000        JMP 0
04E6  0000        JMP 0
04E7  0000        JMP 0
04E8  0000        JMP 0
04E9  0000        JMP 0
04EA  0000        JMP 0
04EB  0000        JMP 0
04EC  0000        JMP 0
04ED  0000        JMP 0
04EE  0000        JMP 0
04EF  0000        JMP 0
04F0  0000        JMP 0
04F1  0000        JMP 0
04F2  0000        JMP 0
04F3  0000        JMP 0
04F4  0000        JMP 0
04F5  0000        JMP 0
04F6  0000        JMP 0
04F7  0000        JMP 0
04F8  0000        JMP 0
04F9  0000        JMP 0
04FA  0000        JMP 0
04FB  0000        JMP 0
04FC  0000        JMP 0
04FD  0000        JMP 0
04FE  0000        JMP 0
04FF  0000        JMP 0
0500  0000        JMP 0
0501  0000        JMP 0
0502  0000        JMP 0
0503  0000        JMP 0
0504  0000        JMP 0
0505  0000        JMP 0
0506  0000        JMP 0
0507  0000        JMP 0
0508  0000        JMP 0
0509  0000        JMP 0
050A  0000        JMP 0
050B  0000        JMP 0
050C  0000        JMP 0
050D  0000        JMP 0
050E  0000        JMP 0
050F  0000        JMP 0
0510  0000        JMP 0
0511  0000        JMP 0
0512  0000        JMP 0
0513  0000        JMP 0
0514  0000        JMP 0
0515  0000        JMP 0
0516  0000        JMP 0
0517  0000        JMP 0
0518  0000        JMP 0
0519  0000        JMP 0
051A  0000        JMP 0
051B  0000        JMP 0
051C  0000        JMP 0
051D  0000        JMP 0
051E  0000        JMP 0
051F  0000        JMP 0
0520  0000        JMP 0
0521  0000        JMP 0
0522  0000        JMP 0
0523  0000        JMP 0
0524  0000        JMP 0
0525  0000        JMP 0
0526  0000        JMP 0
0527  0000        JMP 0
0528  0000        JMP 0
0529  0000        JMP 0
052A  0000        JMP 0
052B  0000        JMP 0
052C  0000        JMP 0
052D  0000        JMP 0
052E  0000        JMP 0
052F  0000        JMP 0
0530  0000        JMP 0
0531  0000        JMP 0
0532  0000        JMP 0
0533  0000        JMP 0
0534  0000        JMP 0
0535  0000        JMP 0
0536  0000        JMP 0
0537  0000        JMP 0
0538  0000        JMP 0
0539  0000        JMP 0
053A  0000        JMP 0
053B  0000        JMP 0
053C  0000        JMP 0
053D  0000        JMP 0
053E  0000        JMP 0
053F  0000        JMP 0
0540  0000        JMP 0
0541  0000        JMP 0
0542  0000        JMP 0
0543  0000        JMP 0
0544  0000        JMP 0
0545  0000        JMP 0
0546  0000        JMP 0
0547  0000        JMP 0
0548  0000        JMP 0
0549  0000        JMP 0
054A  0000        JMP 0
054B  0000        JMP 0
054C  0000        JMP 0
054D  0000        JMP 0
054E  0000        JMP 0
054F  0000        JMP 0
0550  0000        JMP 0
0551  0000        JMP 0
0552  0000        JMP 0
0553  0000        JMP 0
0554  0000        JMP 0
0555  0000        JMP 0
0556  0000        JMP 0
0557  0000        JMP 0
0558  0000        JMP 0
0559  0000        JMP 0
055A  0000        JMP 0
055B  0000        JMP 0
055C  0000        JMP 0
055D  0000        JMP 0
055E  0000        JMP 0
055F  0000        JMP 0
0560  0000        JMP 0
0561  0000        JMP 0
0562  0000        JMP 0
0563  0000        JMP 0
0564  0000        JMP 0
0565  0000        JMP 0
0566  0000        JMP 0
0567  0000        JMP 0
0568  0000        JMP 0
0569  0000        JMP 0
056A  0000        JMP 0
056B  0000        JMP 0
056C  0000        JMP 0
056D  0000        JMP 0
056E  0000        JMP 0
056F  0000        JMP 0
0570  0000        JMP 0
0571  0000        JMP 0
0572  0000        JMP 0
0573  0000        JMP 0
0574  0000        JMP 0
0575  0000        JMP 0
0576  0000        JMP 0
0577  0000        JMP 0
0578  0000        JMP 0
0579  0000        JMP 0
057A  0000        JMP 0
057B  0000        JMP 0
057C  0000        JMP 0
057D  0000        JMP 0
057E  0000        JMP 0
057F  0000        JMP 0
0580  0000        JMP 0
0581  0000        JMP 0
0582  0000        JMP 0
0583  0000        JMP 0
0584  0000        JMP 0
0585  0000        JMP 0
0586  0000        JMP 0
0587  0000        JMP 0
0588  0000        JMP 0
0589  0000        JMP 0
058A  0000        JMP 0
058B  0000        JMP 0
058C  0000        JMP 0
058D  0000        JMP 0
058E  0000        JMP 0
058F  0000        JMP 0
0590  0000        JMP 0
0591  0000        JMP 0
0592  0000        JMP 0
0593  0000        JMP 0
0594  0000        JMP 0
0595  0000        JMP 0
0596  0000        JMP 0
0597  0000        JMP 0
0598  0000        JMP 0
0599  0000        JMP 0
059A  0000        JMP 0
059B  0000        JMP 0
059C  0000        JMP 0
059D  0000        JMP 0
059E  0000        JMP 0
059F  0000        JMP 0
05A0  0000        JMP 0
05A1  0000        JMP 0
05A2  0000        JMP 0
05A3  0000        JMP 0
05A4  0000        JMP 0
05A5  0000        JMP 0
05A6  0000        JMP 0
05A7  0000        JMP 0
05A8  0000        JMP 0
05A9  0000        JMP 0
05AA  0000        JMP 0
05AB  0000        JMP 0
05AC  0000        JMP 0
05AD  0000        JMP 0
05AE  0000        JMP 0
05AF  0000        JMP 0
05B0  0000        JMP 0
05B1  0000        JMP 0
05B2  0000        JMP 0
05B3  0000        JMP 0
05B4  0000        JMP 0
05B5  0000        JMP 0
05B6  0000        JMP 0
05B7  0000        JMP 0
05B8  0000        JMP 0
05B9  0000        JMP 0
05BA  0000        JMP 0
05BB  0000        JMP 0
05BC  0000        JMP 0
05BD  0000        JMP 0
05BE  0000        JMP 0
05BF  0000        JMP 0
05C0  0000        JMP 0
05C1  0000        JMP 0
05C2  0000        JMP 0
05C3  0000        JMP 0
05C4  0000        JMP 0
05C5  0000        JMP 0
05C6  0000        JMP 0
05C7  0000        JMP 0
05C8  0000        JMP 0
05C9  0000        JMP 0
05CA  0000        JMP 0
05CB  0000        JMP 0
05CC  0000        JMP 0
05CD  0000        JMP 0
05CE  0000        JMP 0
05CF  0000        JMP 0
05D0  0000        JMP 0
05D1  0000        JMP 0
05D2  0000        JMP 0
05D3  0000        JMP 0
05D4  0000        JMP 0
05D5  0000        JMP 0
05D6  0000        JMP 0
05D7  0000        JMP 0
05D8  0000        JMP 0
05D9  0000        JMP 0
05DA  0000        JMP 0
05DB  0000        JMP 0
05DC  0000        JMP 0
05DD  0000        JMP 0
05DE  0000        JMP 0
05DF  0000        JMP 0
05E0  0000        JMP 0
05E1  0000        JMP 0
05E2  0000        JMP 0
05E3  0000        JMP 0
05E4  0000        JMP 0
05E5  0000        JMP 0
05E6  0000        JMP 0
05E7  0000        JMP 0
05E8  0000        JMP 0
05E9  0000        JMP 0
05EA  0000        JMP 0
05EB  0000        JMP 0
05EC  0000        JMP 0
05ED  0000        JMP 0
05EE  0000        JMP 0
05EF  0000        JMP 0
05F0  0000        JMP 0
05F1  0000        JMP 0
05F2  0000        JMP 0
05F3  0000        JMP 0
05F4  0000        JMP 0
05F5  0000        JMP 0
05F6  0000        JMP 0
05F7  0000        JMP 0
05F8  0000        JMP 0
05F9  0000        JMP 0
05FA  0000        JMP 0
05FB  0000        JMP 0
05FC  0000        JMP 0
05FD  0000        JMP 0
05FE  0000        JMP 0
05FF  0000        JMP 0
0600  0000        JMP 0
0601  0000        JMP 0
0602  0000        JMP 0
0603  0000        JMP 0
0604  0000        JMP 0
0605  0000        JMP 0
0606  0000        JMP 0
0607  0000        JMP 0
0608  0000        JMP 0
0609  0000        JMP 0
060A  0000        JMP 0
060B  0000        JMP 0
060C  0000        JMP 0
060D  0000        JMP 0
060E  0000        JMP 0
060F  0000        JMP 0
0610  0000        JMP 0
0611  0000        JMP 0
0612  0000        JMP 0
0613  0000        JMP 0
0614  0000        JMP 0
0615  0000        JMP 0
0616  0000        JMP 0
0617  0000        JMP 0
0618  0000        JMP 0
0619  0000        JMP 0
061A  0000        JMP 0
061B  0000        JMP 0
061C  0000        JMP 0
061D  0000        JMP 0
061E  0000        JMP 0
061F  0000        JMP 0
0620  0000        JMP 0
0621  0000        JMP 0
0622  0000        JMP 0
0623  0000        JMP 0
0624  0000        JMP 0
0625  0000        JMP 0
0626  0000        JMP 0
0627  0000        JMP 0
0628  0000        JMP 0
0629  0000        JMP 0
062A  0000        JMP 0
062B  0000        JMP 0
062C  0000        JMP 0
062D  0000        JMP 0
062E  0000        JMP 0
062F  0000        JMP 0
0630  0000        JMP 0
0631  0000        JMP 0
0632  0000        JMP 0
0633  0000        JMP 0
0634  0000        JMP 0
0635  0000        JMP 0
0636  0000        JMP 0
0637  0000        JMP 0
0638  0000        JMP 0
0639  0000        JMP 0
063A  0000        JMP 0
063B  0000        JMP 0
063C  0000        JMP 0
063D  0000        JMP 0
063E  0000        JMP 0
063F  0000        JMP 0
0640  0000        JMP 0
0641  0000        JMP 0
0642  0000        JMP 0
0643  0000        JMP 0
0644  0000        JMP 0
0645  0000        JMP 0
0646  0000        JMP 0
0647  0000        JMP 0
0648  0000        JMP 0
0649  0000        JMP 0
064A  0000        JMP 0
064B  0000        JMP 0
064C  0000        JMP 0
064D  0000        JMP 0
064E  0000        JMP 0
064F  0000        JMP 0
0650  0000        JMP 0
0651  0000        JMP 0
0652  0000        JMP 0
0653  0000        JMP 0
0654  0000        JMP 0
0655  0000        JMP 0
0656  0000        JMP 0
0657  0000        JMP 0
0658  0000        JMP 0
0659  0000        JMP 0
065A  0000        JMP 0
065B  0000        JMP 0
065C  0000        JMP 0
065D  0000        JMP 0
065E  0000        JMP 0
065F  0000        JMP 0
0660  0000        JMP 0
0661  0000        JMP 0
0662  0000        JMP 0
0663  0000        JMP 0
0664  0000        JMP 0
0665  0000        JMP 0
0666  0000        JMP 0
0667  0000        JMP 0
0668  0000        JMP 0
0669  0000        JMP 0
066A  0000        JMP 0
066B  0000        JMP 0
066C  0000        JMP 0
066D  0000        JMP 0
066E  0000        JMP 0
066F  0000        JMP 0
0670  0000        JMP 0
0671  0000        JMP 0
0672  0000        JMP 0
0673  0000        JMP 0
0674  0000        JMP 0
0675  0000        JMP 0
0676  0000        JMP 0
0677  0000        JMP 0
0678  0000        JMP 0
0679  0000        JMP 0
067A  0000        JMP 0
067B  0000        JMP 0
067C  0000        JMP 0
067D  0000        JMP 0
067E  0000        JMP 0
067F  0000        JMP 0
0680  0000        JMP 0
0681  0000        JMP 0
0682  0000        JMP 0
0683  0000        JMP 0
0684  0000        JMP 0
0685  0000        JMP 0
0686  0000        JMP 0
0687  0000        JMP 0
0688  0000        JMP 0
0689  0000        JMP 0
068A  0000        JMP 0
068B  0000        JMP 0
068C  0000        JMP 0
068D  0000        JMP 0
068E  0000        JMP 0
068F  0000        JMP 0
0690  0000        JMP 0
0691  0000        JMP 0
0692  0000        JMP 0
0693  0000        JMP 0
0694  0000        JMP 0
0695  0000        JMP 0
0696  0000        JMP 0
0697  0000        JMP 0
0698  0000        JMP 0
0699  0000        JMP 0
069A  0000        JMP 0
069B  0000        JMP 0
069C  0000        JMP 0
069D  0000        JMP 0
069E  0000        JMP 0
069F  0000        JMP 0
06A0  0000        JMP 0
06A1  0000        JMP 0
06A2  0000        JMP 0
06A3  0000        JMP 0
06A4  0000        JMP 0
06A5  0000        JMP 0
06A6  0000        JMP 0
06A7  0000        JMP 0
06A8  0000        JMP 0
06A9  0000        JMP 0
06AA  0000        JMP 0
06AB  0000        JMP 0
06AC  0000        JMP 0
06AD  0000        JMP 0
06AE  0000        JMP 0
06AF  0000        JMP 0
06B0  0000        JMP 0
06B1  0000        JMP 0
06B2  0000        JMP 0
06B3  0000        JMP 0
06B4  0000        JMP 0
06B5  0000        JMP 0
06B6  0000        JMP 0
06B7  0000        JMP 0
06B8  0000        JMP 0
06B9  0000        JMP 0
06BA  0000        JMP 0
06BB  0000        JMP 0
06BC  0000        JMP 0
06BD  0000        JMP 0
06BE  0000        JMP 0
06BF  0000        JMP 0
06C0  0000        JMP 0
06C1  0000        JMP 0
06C2  0000        JMP 0
06C3  0000        JMP 0
06C4  0000        JMP 0
06C5  0000        JMP 0
06C6  0000        JMP 0
06C7  0000        JMP 0
06C8  0000        JMP 0
06C9  0000        JMP 0
06CA  0000        JMP 0
06CB  0000        JMP 0
06CC  0000        JMP 0
06CD  0000        JMP 0
06CE  0000        JMP 0
06CF  0000        JMP 0
06D0  0000        JMP 0
06D1  0000        JMP 0
06D2  0000        JMP 0
06D3  0000        JMP 0
06D4  0000        JMP 0
06D5  0000        JMP 0
06D6  0000        JMP 0
06D7  0000        JMP 0
06D8  0000        JMP 0
06D9  0000        JMP 0
06DA  0000        JMP 0
06DB  0000        JMP 0
06DC  0000        JMP 0
06DD  0000        JMP 0
06DE  0000        JMP 0
06DF  0000        JMP 0
06E0  0000        JMP 0
06E1  0000        JMP 0
06E2  0000        JMP 0
06E3  0000        JMP 0
06E4  0000        JMP 0
06E5  0000        JMP 0
06E6  0000        JMP 0
06E7  0000        JMP 0
06E8  0000        JMP 0
06E9  0000        JMP 0
06EA  0000        JMP 0
06EB  0000        JMP 0
06EC  0000        JMP 0
06ED  0000        JMP 0
06EE  0000        JMP 0
06EF  0000        JMP 0
06F0  0000        JMP 0
06F1  0000        JMP 0
06F2  0000        JMP 0
06F3  0000        JMP 0
06F4  0000        JMP 0
06F5  0000        JMP 0
06F6  0000        JMP 0
06F7  0000        JMP 0
06F8  0000        JMP 0
06F9  0000        JMP 0
06FA  0000        JMP 0
06FB  0000        JMP 0
06FC  0000        JMP 0
06FD  0000        JMP 0
06FE  0000        JMP 0
06FF  0000        JMP 0
0700  0000        JMP 0
0701  0000        JMP 0
0702  0000        JMP 0
0703  0000        JMP 0
0704  0000        JMP 0
0705  0000        JMP 0
0706  0000        JMP 0
0707  0000        JMP 0
0708  0000        JMP 0
0709  0000        JMP 0
070A  0000        JMP 0
070B  0000        JMP 0
070C  0000        JMP 0
070D  0000        JMP 0
070E  0000        JMP 0
070F  0000        JMP 0
0710  0000        JMP 0
0711  0000        JMP 0
0712  0000        JMP 0
0713  0000        JMP 0
0714  0000        JMP 0
0715  0000        JMP 0
0716  0000        JMP 0
0717  0000        JMP 0
0718  0000        JMP 0
0719  0000        JMP 0
071A  0000        JMP 0
071B  0000        JMP 0
071C  0000        JMP 0
071D  0000        JMP 0
071E  0000        JMP 0
071F  0000        JMP 0
0720  0000        JMP 0
0721  0000        JMP 0
0722  0000        JMP 0
0723  0000        JMP 0
0724  0000        JMP 0
0725  0000        JMP 0
0726  0000        JMP 0
0727  0000        JMP 0
0728  0000        JMP 0
0729  0000        JMP 0
072A  0000        JMP 0
072B  0000        JMP 0
072C  0000        JMP 0
072D  0000        JMP 0
072E  0000        JMP 0
072F  0000        JMP 0
0730  0000        JMP 0
0731  0000        JMP 0
0732  0000        JMP 0
0733  0000        JMP 0
0734  0000        JMP 0
0735  0000        JMP 0
0736  0000        JMP 0
0737  0000        JMP 0
0738  0000        JMP 0
0739  0000        JMP 0
073A  0000        JMP 0
073B  0000        JMP 0
073C  0000        JMP 0
073D  0000        JMP 0
073E  0000        JMP 0
073F  0000        JMP 0
0740  0000        JMP 0
0741  0000        JMP 0
0742  0000        JMP 0
0743  0000        JMP 0
0744  0000        JMP 0
0745  0000        JMP 0
0746  0000        JMP 0
0747  0000        JMP 0
0748  0000        JMP 0
0749  0000        JMP 0
074A  0000        JMP 0
074B  0000        JMP 0
074C  0000        JMP 0
074D  0000        JMP 0
074E  0000        JMP 0
074F  0000        JMP 0
0750  0000        JMP 0
0751  0000        JMP 0
0752  0000        JMP 0
0753  0000        JMP 0
0754  0000        JMP 0
0755  0000        JMP 0
0756  0000        JMP 0
0757  0000        JMP 0
0758  0000        JMP 0
0759  0000        JMP 0
075A  0000        JMP 0
075B  0000        JMP 0
075C  0000        JMP 0
075D  0000        JMP 0
075E  0000        JMP 0
075F  0000        JMP 0
0760  0000        JMP 0
0761  0000        JMP 0
0762  0000        JMP 0
0763  0000        JMP 0
0764  0000        JMP 0
0765  0000        JMP 0
0766  0000        JMP 0
0767  0000        JMP 0
0768  0000        JMP 0
0769  0000        JMP 0
076A  0000        JMP 0
076B  0000        JMP 0
076C  0000        JMP 0
076D  0000        JMP 0
076E  0000        JMP 0
076F  0000        JMP 0
0770  0000        JMP 0
0771  0000        JMP 0
0772  0000        JMP 0
0773  0000        JMP 0
0774  0000        JMP 0
0775  0000        JMP 0
0776  0000        JMP 0
0777  0000        JMP 0
0778  0000        JMP 0
0779  0000        JMP 0
077A  0000        JMP 0
077B  0000        JMP 0
077C  0000        JMP 0
077D  0000        JMP 0
077E  0000        JMP 0
077F  0000        JMP 0
0780  0000        JMP 0
0781  0000        JMP 0
0782  0000        JMP 0
0783  0000        JMP 0
0784  0000        JMP 0
0785  0000        JMP 0
0786  0000        JMP 0
0787  0000        JMP 0
0788  0000        JMP 0
0789  0000        JMP 0
078A  0000        JMP 0
078B  0000        JMP 0
078C  0000        JMP 0
078D  0000        JMP 0
078E  0000        JMP 0
078F  0000        JMP 0
0790  0000        JMP 0
0791  0000        JMP 0
0792  0000        JMP 0
0793  0000        JMP 0
0794  0000        JMP 0
0795  0000        JMP 0
0796  0000        JMP 0
0797  0000        JMP 0
0798  0000        JMP 0
0799  0000        JMP 0
079A  0000        JMP 0
079B  0000        JMP 0
079C  0000        JMP 0
079D  0000        JMP 0
079E  0000        JMP 0
079F  0000        JMP 0
07A0  0000        JMP 0
07A1  0000        JMP 0
07A2  0000        JMP 0
07A3  0000        JMP 0
07A4  0000        JMP 0
07A5  0000        JMP 0
07A6  0000        JMP 0
07A7  0000        JMP 0
07A8  0000        JMP 0
07A9  0000        JMP 0
07AA  0000        JMP 0
07AB  0000        JMP 0
07AC  0000        JMP 0
07AD  0000        JMP 0
07AE  0000        JMP 0
07AF  0000        JMP 0
07B0  0000        JMP 0
07B1  0000        JMP 0
07B2  0000        JMP 0
07B3  0000        JMP 0
07B4  0000        JMP 0
07B5  0000        JMP 0
07B6  0000        JMP 0
07B7  0000        JMP 0
07B8  0000        JMP 0
07B9  0000        JMP 0
07BA  0000        JMP 0
07BB  0000        JMP 0
07BC  0000        JMP 0
07BD  0000        JMP 0
07BE  0000        JMP 0
07BF  0000        JMP 0
07C0  0000        JMP 0
07C1  0000        JMP 0
07C2  0000        JMP 0
07C3  0000        JMP 0
07C4  0000        JMP 0
07C5  0000        JMP 0
07C6  0000        JMP 0
07C7  0000        JMP 0
07C8  0000        JMP 0
07C9  0000        JMP 0
07CA  0000        JMP 0
07CB  0000        JMP 0
07CC  0000        JMP 0
07CD  0000        JMP 0
07CE  0000        JMP 0
07CF  0000        JMP 0
07D0  0000        JMP 0
07D1  0000        JMP 0
07D2  0000        JMP 0
07D3  0000        JMP 0
07D4  0000        JMP 0
07D5  0000        JMP 0
07D6  0000        JMP 0
07D7  0000        JMP 0
07D8  0000        JMP 0
07D9  0000        JMP 0
07DA  0000        JMP 0
07DB  0000        JMP 0
07DC  0000        JMP 0
07DD  0000        JMP 0
07DE  0000        JMP 0
07DF  0000        JMP 0
07E0  0000        JMP 0
07E1  0000        JMP 0
07E2  0000        JMP 0
07E3  0000        JMP 0
07E4  0000        JMP 0
07E5  0000        JMP 0
07E6  0000        JMP 0
07E7  0000        JMP 0
07E8  0000        JMP 0
07E9  0000        JMP 0
07EA  0000        JMP 0
07EB  0000        JMP 0
07EC  0000        JMP 0
07ED  0000        JMP 0
07EE  0000        JMP 0
07EF  0000        JMP 0
07F0  0000        JMP 0
07F1  0000        JMP 0
07F2  0000        JMP 0
07F3  0000        JMP 0
07F4  0000        JMP 0
07F5  0000        JMP 0
07F6  0000        JMP 0
07F7  0000        JMP 0
07F8  0000        JMP 0
07F9  0000        JMP 0
07FA  0000        JMP 0
07FB  0000        JMP 0
07FC  0000        JMP 0
07FD  0000        JMP 0
07FE  0000        JMP 0
07FF  0000        JMP 0
0800  E7C8 0007   SAVE 7             ; frame
0802  B438 01B2   ELDA 2,01B2   ; = 434
0804  22FD        LDA 0,-3,2
0805  9500        SUB 0,2
0806  5304        STA 2,4,3
0807  B438 01B4   ELDA 2,01B4   ; = 436
0809  2AFD        LDA 1,-3,2
080A  B500        SUB 1,2
080B  5305        STA 2,5,3
080C  B438 01B3   ELDA 2,01B3   ; = 435
080E  32FD        LDA 2,-3,2
080F  A438 01B3   ELDA 0,01B3   ; = 435
0811  C500        SUB 2,0
0812  4306        STA 0,6,3
0813  3020        LDA 2,32
0814  E438 3F67   ELEF 0,3F67   ; -> "THISSALA.DB3" (len 12)
0816  EC38 3F66   ELEF 1,3F66   ; [3F66] = 5
0818  8E48        PSH 0,1
0819  0C0C 7001   JSR @12            ; overlay call, arg 7001
081B  5020        STA 2,32
081C  6003        IO   6003
081D  4307        STA 0,7,3
081E  6307        IO   6307
081F  EC38 0220   ELEF 1,0220   ; = 544
0821  8E48        PSH 0,1
0822  E438 3F72   ELEF 0,3F72   ; [3F72] = 0
0824  EC38 3F66   ELEF 1,3F66   ; [3F66] = 5
0826  8E48        PSH 0,1
0827  0C0C 6F0B   JSR @12            ; overlay call, arg 6F0B
0829  5020        STA 2,32
082A  8500        SUB 0,0
082B  4303        STA 0,3,3
082C  2303        LDA 0,3,3
082D  6864        IO   6864
082E  A248        SGE 1,0
082F  010D        JMP 13,PC   ; -> 083C
0830  B438 0220   ELDA 2,0220   ; = 544
0832  9600        ADD 0,2
0833  5307        STA 2,7,3
0834  3304        LDA 2,4,3
0835  9600        ADD 0,2
0836  2707        LDA 0,@7,3
0837  4200        STA 0,0,2
0838  2303        LDA 0,3,3
0839  8300        INC 0,0
083A  4303        STA 0,3,3
083B  01F1        JMP -15,PC   ; -> 082C
083C  8500        SUB 0,0
083D  4303        STA 0,3,3
083E  2303        LDA 0,3,3
083F  681E        IO   681E
0840  A248        SGE 1,0
0841  010F        JMP 15,PC   ; -> 0850
0842  B438 0220   ELDA 2,0220   ; = 544
0844  F7F8 0100   ADDI 0100,2
0846  9600        ADD 0,2
0847  5307        STA 2,7,3
0848  3305        LDA 2,5,3
0849  9600        ADD 0,2
084A  2707        LDA 0,@7,3
084B  4200        STA 0,0,2
084C  2303        LDA 0,3,3
084D  8300        INC 0,0
084E  4303        STA 0,3,3
084F  01EF        JMP -17,PC   ; -> 083E
0850  8500        SUB 0,0
0851  4303        STA 0,3,3
0852  2303        LDA 0,3,3
0853  6814        IO   6814
0854  A248        SGE 1,0
0855  010F        JMP 15,PC   ; -> 0864
0856  B438 0220   ELDA 2,0220   ; = 544
0858  9600        ADD 0,2
0859  F7F8 0200   ADDI 0200,2
085B  5307        STA 2,7,3
085C  3306        LDA 2,6,3
085D  9600        ADD 0,2
085E  2707        LDA 0,@7,3
085F  4200        STA 0,0,2
0860  2303        LDA 0,3,3
0861  8300        INC 0,0
0862  4303        STA 0,3,3
0863  01EF        JMP -17,PC   ; -> 0852
0864  3020        LDA 2,32
0865  E438 3F66   ELEF 0,3F66   ; [3F66] = 5
0867  8648        PSH 0,0
0868  0C0C 6F89   JSR @12            ; overlay call, arg 6F89
086A  5020        STA 2,32
086B  AFC8        RTN
086C  E7C8 000C   SAVE 12             ; frame
086E  B438 01B3   ELDA 2,01B3   ; = 435
0870  22FD        LDA 0,-3,2
0871  4305        STA 0,5,3
0872  A438 01B3   ELDA 0,01B3   ; = 435
0874  2B05        LDA 1,5,3
0875  A500        SUB 1,0
0876  4306        STA 0,6,3
0877  D500        SUB 2,2
0878  5303        STA 2,3,3
0879  8500        SUB 0,0
087A  6804        IO   6804
087B  3303        LDA 2,3,3
087C  CFC8        MULS
087D  6004        IO   6004
087E  4B08        STA 1,8,3
087F  ED38 001E   ELEF 1,001E,PC   ; -> 089E
0881  4309        STA 0,9,3
0882  630A        IO   630A
0883  0C4C        JSR @76
0884  3020        LDA 2,32
0885  8648        PSH 0,0
0886  6309        IO   6309
0887  EC38 0221   ELEF 1,0221   ; = 545
0889  8E48        PSH 0,1
088A  6308        IO   6308
088B  EC38 3F7A   ELEF 1,3F7A   ; [3F7A] = 6
088D  8E48        PSH 0,1
088E  0C0C 6F0B   JSR @12            ; overlay call, arg 6F0B
0890  5020        STA 2,32
0891  B438 0221   ELDA 2,0221   ; = 545
0893  2303        LDA 0,3,3
0894  2B06        LDA 1,6,3
0895  8E00        ADD 0,1
0896  5309        STA 2,9,3
0897  2200        LDA 0,0,2
0898  3303        LDA 2,3,3
0899  D300        INC 2,2
089A  4B09        STA 1,9,3
089B  4709        STA 0,@9,3
089C  5303        STA 2,3,3
089D  01DC        JMP -36,PC   ; -> 0879
089E  2303        LDA 0,3,3
089F  8048        SBI 0,0
08A0  2B06        LDA 1,6,3
08A1  8E00        ADD 0,1
08A2  4B08        STA 1,8,3
08A3  3708        LDA 2,@8,3
08A4  F7F8 00C8   ADDI 00C8,2
08A6  2B03        LDA 1,3,3
08A7  2306        LDA 0,6,3
08A8  A600        ADD 1,0
08A9  4308        STA 0,8,3
08AA  5708        STA 2,@8,3
08AB  AFC8        RTN
08AC  E7C8 0034   SAVE 52             ; frame
08AE  B438 01BF   ELDA 2,01BF   ; = 447
08B0  22FD        LDA 0,-3,2
08B1  2AFB        LDA 1,-5,2
08B2  32FE        LDA 2,-2,2
08B3  4313        STA 0,19,3
08B4  8100        NEG 0,0
08B5  8300        INC 0,0
08B6  5314        STA 2,20,3
08B7  9600        ADD 0,2
08B8  4315        STA 0,21,3
08B9  8500        SUB 0,0
08BA  4B16        STA 1,22,3
08BB  CFC8        MULS
08BC  2313        LDA 0,19,3
08BD  4B17        STA 1,23,3
08BE  8E00        ADD 0,1
08BF  A438 01BF   ELDA 0,01BF   ; = 447
08C1  A500        SUB 1,0
08C2  5318        STA 2,24,3
08C3  D600        ADD 2,2
08C4  4B19        STA 1,25,3
08C5  2B18        LDA 1,24,3
08C6  431A        STA 0,26,3
08C7  A200        MOV 1,0
08C8  AE00        ADD 1,1
08C9  8E00        ADD 0,1
08CA  531B        STA 2,27,3
08CB  B438 01B8   ELDA 2,01B8   ; = 440
08CD  32FD        LDA 2,-3,2
08CE  531C        STA 2,28,3
08CF  B438 01B8   ELDA 2,01B8   ; = 440
08D1  32FB        LDA 2,-5,2
08D2  531D        STA 2,29,3
08D3  B438 01B8   ELDA 2,01B8   ; = 440
08D5  32FE        LDA 2,-2,2
08D6  231C        LDA 0,28,3
08D7  8100        NEG 0,0
08D8  8300        INC 0,0
08D9  531E        STA 2,30,3
08DA  9600        ADD 0,2
08DB  431F        STA 0,31,3
08DC  8500        SUB 0,0
08DD  4B20        STA 1,32,3
08DE  2B1D        LDA 1,29,3
08DF  CFC8        MULS
08E0  231C        LDA 0,28,3
08E1  4B21        STA 1,33,3
08E2  8E00        ADD 0,1
08E3  A438 01B8   ELDA 0,01B8   ; = 440
08E5  A500        SUB 1,0
08E6  5322        STA 2,34,3
08E7  D600        ADD 2,2
08E8  5323        STA 2,35,3
08E9  B438 01BD   ELDA 2,01BD   ; = 445
08EB  32FD        LDA 2,-3,2
08EC  4324        STA 0,36,3
08ED  A438 01BD   ELDA 0,01BD   ; = 445
08EF  C500        SUB 2,0
08F0  5325        STA 2,37,3
08F1  B438 01BC   ELDA 2,01BC   ; = 444
08F3  32FD        LDA 2,-3,2
08F4  4326        STA 0,38,3
08F5  A438 01BC   ELDA 0,01BC   ; = 444
08F7  C500        SUB 2,0
08F8  B438 01BE   ELDA 2,01BE   ; = 446
08FA  32FD        LDA 2,-3,2
08FB  4327        STA 0,39,3
08FC  A438 01BE   ELDA 0,01BE   ; = 446
08FE  C500        SUB 2,0
08FF  4328        STA 0,40,3
0900  8300        INC 0,0
0901  4329        STA 0,41,3
0902  532A        STA 2,42,3
0903  3328        LDA 2,40,3
0904  B008        ADI 1,2
0905  4B2B        STA 1,43,3
0906  532C        STA 2,44,3
0907  0C62        JSR @98
0908  EC38 3F7C   ELEF 1,3F7C   ; [3F7C] = 100
090A  6303        IO   6303
090B  0C59        JSR @89
090C  3020        LDA 2,32
090D  E438 3F7E   ELEF 0,3F7E   ; -> "THISSALA.DB4" (len 12)
090F  EC38 3F7D   ELEF 1,3F7D   ; [3F7D] = 5
0911  8E48        PSH 0,1
0912  0C0C 7001   JSR @12            ; overlay call, arg 7001
0914  5020        STA 2,32
0915  A438 3F88   ELDA 0,3F88   ; [3F88] = 0
0917  AD50        SUBZL 1,1
0918  4312        STA 0,18,3
0919  CC38 01FE   ESTA 1,01FE   ; = 510
091B  2312        LDA 0,18,3
091C  820C        MOV# 0,0,SZR
091D  0103        JMP 3,PC   ; -> 0920
091E  0904        JSR 4,PC   ; -> 0922
091F  01FC        JMP -4,PC   ; -> 091B
0920  8538 00A7   EJMP 00A7,PC   ; -> 09C8
0922  EA00        MOV 3,1
0923  3821        LDA 3,33
0924  4B2D        STA 1,45,3
0925  6050        IO   6050
0926  430B        STA 0,11,3
0927  3020        LDA 2,32
0928  6303        IO   6303
0929  6B2E        IO   6B2E
092A  0C51        JSR @81
092B  5020        STA 2,32
092C  630B        IO   630B
092D  8648        PSH 0,0
092E  A200        MOV 1,0
092F  EC38 3F7D   ELEF 1,3F7D   ; [3F7D] = 5
0931  8E48        PSH 0,1
0932  0C0C 6FA8   JSR @12            ; overlay call, arg 6FA8
0934  5020        STA 2,32
0935  630B        IO   630B
0936  6B03        IO   6B03
0937  8E48        PSH 0,1
0938  0C0C 75C8   JSR @12            ; overlay call, arg 75C8
093A  5020        STA 2,32
093B  EC38 3F89   ELEF 1,3F89   ; [3F89] = 1
093D  AE48        PSH 1,1
093E  6303        IO   6303
093F  6B2F        IO   6B2F
0940  0C5D        JSR @93
0941  5020        STA 2,32
0942  A200        MOV 1,0
0943  EC38 3F8B   ELEF 1,3F8B   ; -> "@" (len 1)
0945  0C54        JSR @84
0946  0103        JMP 3,PC   ; -> 0949
0947  8538 007C   EJMP 007C,PC   ; -> 09C4
0949  E438 3F8F   ELEF 0,3F8F   ; [3F8F] = 7
094B  EC38 3F89   ELEF 1,3F89   ; [3F89] = 1
094D  8E48        PSH 0,1
094E  6303        IO   6303
094F  6B2F        IO   6B2F
0950  0C5D        JSR @93
0951  5020        STA 2,32
0952  A200        MOV 1,0
0953  6B2E        IO   6B2E
0954  0C56        JSR @86
0955  5020        STA 2,32
0956  232E        LDA 0,46,3
0957  430D        STA 0,13,3
0958  E438 3F91   ELEF 0,3F91   ; [3F91] = 15
095A  EC38 3F90   ELEF 1,3F90   ; [3F90] = 9
095C  8E48        PSH 0,1
095D  6303        IO   6303
095E  6B2F        IO   6B2F
095F  0C5D        JSR @93
0960  5020        STA 2,32
0961  A200        MOV 1,0
0962  6B2E        IO   6B2E
0963  0C56        JSR @86
0964  5020        STA 2,32
0965  232E        LDA 0,46,3
0966  430E        STA 0,14,3
0967  E438 3F93   ELEF 0,3F93   ; [3F93] = 23
0969  EC38 3F92   ELEF 1,3F92   ; [3F92] = 17
096B  8E48        PSH 0,1
096C  6303        IO   6303
096D  6B2F        IO   6B2F
096E  0C5D        JSR @93
096F  5020        STA 2,32
0970  A200        MOV 1,0
0971  6B2E        IO   6B2E
0972  0C56        JSR @86
0973  5020        STA 2,32
0974  232E        LDA 0,46,3
0975  430F        STA 0,15,3
0976  EC38 3F94   ELEF 1,3F94   ; [3F94] = 25
0978  AE48        PSH 1,1
0979  6303        IO   6303
097A  6B2F        IO   6B2F
097B  0C5D        JSR @93
097C  5020        STA 2,32
097D  A200        MOV 1,0
097E  6B2E        IO   6B2E
097F  0C56        JSR @86
0980  5020        STA 2,32
0981  232E        LDA 0,46,3
0982  4310        STA 0,16,3
0983  630B        IO   630B
0984  EC38 3F95   ELEF 1,3F95   ; [3F95] = 27
0986  8E48        PSH 0,1
0987  6303        IO   6303
0988  6B2F        IO   6B2F
0989  0C5D        JSR @93
098A  5020        STA 2,32
098B  A200        MOV 1,0
098C  6B2E        IO   6B2E
098D  0C56        JSR @86
098E  5020        STA 2,32
098F  232E        LDA 0,46,3
0990  4311        STA 0,17,3
0991  2B10        LDA 1,16,3
0992  A438 3F96   ELDA 0,3F96   ; [3F96] = 65531
0994  8100        NEG 0,0
0995  8A88        LSH 0,1
0996  230D        LDA 0,13,3
0997  8E00        ADD 0,1
0998  2311        LDA 0,17,3
0999  A308        HXL 1,0
099A  A600        ADD 1,0
099B  432E        STA 0,46,3
099C  A438 01FE   ELDA 0,01FE   ; = 510
099E  2B18        LDA 1,24,3
099F  8E00        ADD 0,1
09A0  331A        LDA 2,26,3
09A1  B600        ADD 1,2
09A2  232E        LDA 0,46,3
09A3  4200        STA 0,0,2
09A4  230E        LDA 0,14,3
09A5  A308        HXL 1,0
09A6  2B0E        LDA 1,14,3
09A7  A600        ADD 1,0
09A8  432E        STA 0,46,3
09A9  A438 01FE   ELDA 0,01FE   ; = 510
09AB  2B1B        LDA 1,27,3
09AC  8E00        ADD 0,1
09AD  331A        LDA 2,26,3
09AE  B600        ADD 1,2
09AF  232E        LDA 0,46,3
09B0  4200        STA 0,0,2
09B1  230F        LDA 0,15,3
09B2  A308        HXL 1,0
09B3  2B0F        LDA 1,15,3
09B4  A600        ADD 1,0
09B5  432E        STA 0,46,3
09B6  A438 01FE   ELDA 0,01FE   ; = 510
09B8  2B20        LDA 1,32,3
09B9  8E00        ADD 0,1
09BA  331A        LDA 2,26,3
09BB  B600        ADD 1,2
09BC  232E        LDA 0,46,3
09BD  4200        STA 0,0,2
09BE  A438 01FE   ELDA 0,01FE   ; = 510
09C0  8300        INC 0,0
09C1  C438 01FE   ESTA 0,01FE   ; = 510
09C3  0104        JMP 4,PC   ; -> 09C7
09C4  A438 3F99   ELDA 0,3F99   ; [3F99] = 1
09C6  4312        STA 0,18,3
09C7  072D        JMP @45,3
09C8  A438 01FE   ELDA 0,01FE   ; = 510
09CA  8048        SBI 0,0
09CB  AD50        SUBZL 1,1
09CC  B438 3F88   ELDA 2,3F88   ; [3F88] = 0
09CE  C438 01FE   ESTA 0,01FE   ; = 510
09D0  4B08        STA 1,8,3
09D1  5312        STA 2,18,3
09D2  2312        LDA 0,18,3
09D3  820C        MOV# 0,0,SZR
09D4  0103        JMP 3,PC   ; -> 09D7
09D5  0904        JSR 4,PC   ; -> 09D9
09D6  01FC        JMP -4,PC   ; -> 09D2
09D7  8538 0067   EJMP 0067,PC   ; -> 0A3F
09D9  EA00        MOV 3,1
09DA  3821        LDA 3,33
09DB  4B2E        STA 1,46,3
09DC  6050        IO   6050
09DD  4307        STA 0,7,3
09DE  3020        LDA 2,32
09DF  6303        IO   6303
09E0  6B32        IO   6B32
09E1  0C51        JSR @81
09E2  5020        STA 2,32
09E3  6307        IO   6307
09E4  8648        PSH 0,0
09E5  A200        MOV 1,0
09E6  EC38 3F7D   ELEF 1,3F7D   ; [3F7D] = 5
09E8  8E48        PSH 0,1
09E9  0C0C 6FA8   JSR @12            ; overlay call, arg 6FA8
09EB  5020        STA 2,32
09EC  2307        LDA 0,7,3
09ED  8048        SBI 0,0
09EE  4332        STA 0,50,3
09EF  6332        IO   6332
09F0  6B03        IO   6B03
09F1  8E48        PSH 0,1
09F2  0C0C 75C8   JSR @12            ; overlay call, arg 75C8
09F4  5020        STA 2,32
09F5  EC38 3F89   ELEF 1,3F89   ; [3F89] = 1
09F7  AE48        PSH 1,1
09F8  6303        IO   6303
09F9  6B2F        IO   6B2F
09FA  0C5D        JSR @93
09FB  5020        STA 2,32
09FC  A200        MOV 1,0
09FD  EC38 3F8B   ELEF 1,3F8B   ; -> "@" (len 1)
09FF  0C55        JSR @85
0A00  013B        JMP 59,PC   ; -> 0A3B
0A01  0C62        JSR @98
0A02  3020        LDA 2,32
0A03  E438 3F9A   ELEF 0,3F9A   ; -> "                 " (len 17)
0A05  8648        PSH 0,0
0A06  6303        IO   6303
0A07  6B2F        IO   6B2F
0A08  0C40        JSR @64
0A09  5020        STA 2,32
0A0A  0C5C        JSR @92
0A0B  0C63        JSR @99
0A0C  3020        LDA 2,32
0A0D  E438 3F8F   ELEF 0,3F8F   ; [3F8F] = 7
0A0F  EC38 3F89   ELEF 1,3F89   ; [3F89] = 1
0A11  8E48        PSH 0,1
0A12  6303        IO   6303
0A13  6B2F        IO   6B2F
0A14  0C5D        JSR @93
0A15  5020        STA 2,32
0A16  A200        MOV 1,0
0A17  6B32        IO   6B32
0A18  0C56        JSR @86
0A19  5020        STA 2,32
0A1A  2308        LDA 0,8,3
0A1B  2B22        LDA 1,34,3
0A1C  8E00        ADD 0,1
0A1D  3324        LDA 2,36,3
0A1E  B600        ADD 1,2
0A1F  2332        LDA 0,50,3
0A20  5332        STA 2,50,3
0A21  3020        LDA 2,32
0A22  4732        STA 0,@50,3
0A23  E438 3F91   ELEF 0,3F91   ; [3F91] = 15
0A25  EC38 3F90   ELEF 1,3F90   ; [3F90] = 9
0A27  8E48        PSH 0,1
0A28  6303        IO   6303
0A29  6B2F        IO   6B2F
0A2A  0C5D        JSR @93
0A2B  5020        STA 2,32
0A2C  A200        MOV 1,0
0A2D  6B33        IO   6B33
0A2E  0C56        JSR @86
0A2F  5020        STA 2,32
0A30  2308        LDA 0,8,3
0A31  2B23        LDA 1,35,3
0A32  8E00        ADD 0,1
0A33  3324        LDA 2,36,3
0A34  B600        ADD 1,2
0A35  2333        LDA 0,51,3
0A36  4200        STA 0,0,2
0A37  2308        LDA 0,8,3
0A38  8300        INC 0,0
0A39  4308        STA 0,8,3
0A3A  0104        JMP 4,PC   ; -> 0A3E
0A3B  A438 3F99   ELDA 0,3F99   ; [3F99] = 1
0A3D  4312        STA 0,18,3
0A3E  072E        JMP @46,3
0A3F  8550        SUBZL 0,0
0A40  4308        STA 0,8,3
0A41  8550        SUBZL 0,0
0A42  4308        STA 0,8,3
0A43  2308        LDA 0,8,3
0A44  6818        IO   6818
0A45  8A08        SGT 0,1
0A46  0103        JMP 3,PC   ; -> 0A49
0A47  8538 006E   EJMP 006E,PC   ; -> 0AB6
0A49  7050        IO   7050
0A4A  5307        STA 2,7,3
0A4B  3020        LDA 2,32
0A4C  6303        IO   6303
0A4D  6B33        IO   6B33
0A4E  0C51        JSR @81
0A4F  5020        STA 2,32
0A50  ED38 00BF   ELEF 1,00BF,PC   ; -> 0B10
0A52  632F        IO   632F
0A53  0C4C        JSR @76
0A54  6B07        IO   6B07
0A55  8E48        PSH 0,1
0A56  6333        IO   6333
0A57  EC38 3F7D   ELEF 1,3F7D   ; [3F7D] = 5
0A59  8E48        PSH 0,1
0A5A  0C0C 6FA8   JSR @12            ; overlay call, arg 6FA8
0A5C  5020        STA 2,32
0A5D  2307        LDA 0,7,3
0A5E  8048        SBI 0,0
0A5F  4333        STA 0,51,3
0A60  6333        IO   6333
0A61  6B03        IO   6B03
0A62  8E48        PSH 0,1
0A63  0C0C 75C8   JSR @12            ; overlay call, arg 75C8
0A65  5020        STA 2,32
0A66  0C62        JSR @98
0A67  3020        LDA 2,32
0A68  E438 3F9A   ELEF 0,3F9A   ; -> "                 " (len 17)
0A6A  8648        PSH 0,0
0A6B  6303        IO   6303
0A6C  6B2F        IO   6B2F
0A6D  0C40        JSR @64
0A6E  5020        STA 2,32
0A6F  0C5C        JSR @92
0A70  0C63        JSR @99
0A71  3020        LDA 2,32
0A72  E438 3F7D   ELEF 0,3F7D   ; [3F7D] = 5
0A74  EC38 3F89   ELEF 1,3F89   ; [3F89] = 1
0A76  8E48        PSH 0,1
0A77  6303        IO   6303
0A78  6B2F        IO   6B2F
0A79  0C5D        JSR @93
0A7A  5020        STA 2,32
0A7B  A200        MOV 1,0
0A7C  EC38 3FA7   ELEF 1,3FA7   ; -> "LIMBO" (len 5)
0A7E  0C54        JSR @84
0A7F  0107        JMP 7,PC   ; -> 0A86
0A80  3308        LDA 2,8,3
0A81  2326        LDA 0,38,3
0A82  9600        ADD 0,2
0A83  8400        ADC 0,0
0A84  4200        STA 0,0,2
0A85  012D        JMP 45,PC   ; -> 0AB2
0A86  3020        LDA 2,32
0A87  E438 3FAE   ELEF 0,3FAE   ; [3FAE] = 8
0A89  EC38 3F89   ELEF 1,3F89   ; [3F89] = 1
0A8B  8E48        PSH 0,1
0A8C  6303        IO   6303
0A8D  6B2F        IO   6B2F
0A8E  0C5D        JSR @93
0A8F  5020        STA 2,32
0A90  A200        MOV 1,0
0A91  6B33        IO   6B33
0A92  0C56        JSR @86
0A93  5020        STA 2,32
0A94  2333        LDA 0,51,3
0A95  4309        STA 0,9,3
0A96  E438 3F91   ELEF 0,3F91   ; [3F91] = 15
0A98  EC38 3F90   ELEF 1,3F90   ; [3F90] = 9
0A9A  8E48        PSH 0,1
0A9B  6303        IO   6303
0A9C  6B2F        IO   6B2F
0A9D  0C5D        JSR @93
0A9E  5020        STA 2,32
0A9F  A200        MOV 1,0
0AA0  6B33        IO   6B33
0AA1  0C56        JSR @86
0AA2  5020        STA 2,32
0AA3  2333        LDA 0,51,3
0AA4  430A        STA 0,10,3
0AA5  6B0A        IO   6B0A
0AA6  AE48        PSH 1,1
0AA7  6309        IO   6309
0AA8  6B33        IO   6B33
0AA9  8E48        PSH 0,1
0AAA  0C0C 5FDF   JSR @12            ; overlay call, arg 5FDF
0AAC  5020        STA 2,32
0AAD  3308        LDA 2,8,3
0AAE  2326        LDA 0,38,3
0AAF  9600        ADD 0,2
0AB0  2B33        LDA 1,51,3
0AB1  4A00        STA 1,0,2
0AB2  2308        LDA 0,8,3
0AB3  8300        INC 0,0
0AB4  4308        STA 0,8,3
0AB5  018E        JMP -114,PC   ; -> 0A43
0AB6  8550        SUBZL 0,0
0AB7  4308        STA 0,8,3
0AB8  6050        IO   6050
0AB9  4307        STA 0,7,3
0ABA  3020        LDA 2,32
0ABB  6303        IO   6303
0ABC  6B34        IO   6B34
0ABD  0C51        JSR @81
0ABE  5020        STA 2,32
0ABF  ED38 0050   ELEF 1,0050,PC   ; -> 0B10
0AC1  632F        IO   632F
0AC2  0C4C        JSR @76
0AC3  6B07        IO   6B07
0AC4  8E48        PSH 0,1
0AC5  6334        IO   6334
0AC6  EC38 3F7D   ELEF 1,3F7D   ; [3F7D] = 5
0AC8  8E48        PSH 0,1
0AC9  0C0C 6FA8   JSR @12            ; overlay call, arg 6FA8
0ACB  5020        STA 2,32
0ACC  2307        LDA 0,7,3
0ACD  8048        SBI 0,0
0ACE  4334        STA 0,52,3
0ACF  6334        IO   6334
0AD0  6B03        IO   6B03
0AD1  8E48        PSH 0,1
0AD2  0C0C 75C8   JSR @12            ; overlay call, arg 75C8
0AD4  5020        STA 2,32
0AD5  0C62        JSR @98
0AD6  3020        LDA 2,32
0AD7  E438 3F9A   ELEF 0,3F9A   ; -> "                 " (len 17)
0AD9  8648        PSH 0,0
0ADA  6303        IO   6303
0ADB  6B2F        IO   6B2F
0ADC  0C40        JSR @64
0ADD  5020        STA 2,32
0ADE  0C5C        JSR @92
0ADF  0C63        JSR @99
0AE0  3020        LDA 2,32
0AE1  E438 3FAE   ELEF 0,3FAE   ; [3FAE] = 8
0AE3  EC38 3F89   ELEF 1,3F89   ; [3F89] = 1
0AE5  8E48        PSH 0,1
0AE6  6303        IO   6303
0AE7  6B2F        IO   6B2F
0AE8  0C5D        JSR @93
0AE9  5020        STA 2,32
0AEA  A200        MOV 1,0
0AEB  6B34        IO   6B34
0AEC  0C56        JSR @86
0AED  5020        STA 2,32
0AEE  2334        LDA 0,52,3
0AEF  4309        STA 0,9,3
0AF0  E438 3F91   ELEF 0,3F91   ; [3F91] = 15
0AF2  EC38 3FAE   ELEF 1,3FAE   ; [3FAE] = 8
0AF4  8E48        PSH 0,1
0AF5  6303        IO   6303
0AF6  6B2F        IO   6B2F
0AF7  0C5D        JSR @93
0AF8  5020        STA 2,32
0AF9  A200        MOV 1,0
0AFA  6B34        IO   6B34
0AFB  0C56        JSR @86
0AFC  5020        STA 2,32
0AFD  2334        LDA 0,52,3
0AFE  430A        STA 0,10,3
0AFF  6B0A        IO   6B0A
0B00  AE48        PSH 1,1
0B01  6309        IO   6309
0B02  6B34        IO   6B34
0B03  8E48        PSH 0,1
0B04  0C0C 5FDF   JSR @12            ; overlay call, arg 5FDF
0B06  5020        STA 2,32
0B07  3308        LDA 2,8,3
0B08  2327        LDA 0,39,3
0B09  9600        ADD 0,2
0B0A  2B34        LDA 1,52,3
0B0B  2308        LDA 0,8,3
0B0C  8300        INC 0,0
0B0D  4308        STA 0,8,3
0B0E  4A00        STA 1,0,2
0B0F  01A9        JMP -87,PC   ; -> 0AB8
0B10  3020        LDA 2,32
0B11  E438 3F7D   ELEF 0,3F7D   ; [3F7D] = 5
0B13  8648        PSH 0,0
0B14  0C0C 6F89   JSR @12            ; overlay call, arg 6F89
0B16  5020        STA 2,32
0B17  AC38 01E5   ELDA 1,01E5   ; = 485
0B19  7005        IO   7005
0B1A  BFC8        DIVX
0B1B  AB00        INC 1,1
0B1C  4B09        STA 1,9,3
0B1D  EFF8 000C   ADDI 000C,1
0B1F  4B0A        STA 1,10,3
0B20  2309        LDA 0,9,3
0B21  4729        STA 0,@41,3
0B22  4F2C        STA 1,@44,3
0B23  0C63        JSR @99
0B24  AFC8        RTN
0B25  0000        JMP 0
0B26  0000        JMP 0
0B27  0000        JMP 0
0B28  0000        JMP 0
0B29  0000        JMP 0
0B2A  0000        JMP 0
0B2B  0000        JMP 0
0B2C  0000        JMP 0
0B2D  0000        JMP 0
0B2E  0000        JMP 0
0B2F  0000        JMP 0
0B30  0000        JMP 0
0B31  0000        JMP 0
0B32  0000        JMP 0
0B33  0000        JMP 0
0B34  0000        JMP 0
0B35  0000        JMP 0
0B36  0000        JMP 0
0B37  0000        JMP 0
0B38  0000        JMP 0
0B39  0000        JMP 0
0B3A  0000        JMP 0
0B3B  0000        JMP 0
0B3C  0000        JMP 0
0B3D  0000        JMP 0
0B3E  0000        JMP 0
0B3F  0000        JMP 0
0B40  0000        JMP 0
0B41  0000        JMP 0
0B42  0000        JMP 0
0B43  0000        JMP 0
0B44  0000        JMP 0
0B45  0000        JMP 0
0B46  0000        JMP 0
0B47  0000        JMP 0
0B48  0000        JMP 0
0B49  0000        JMP 0
0B4A  0000        JMP 0
0B4B  0000        JMP 0
0B4C  0000        JMP 0
0B4D  0000        JMP 0
0B4E  0000        JMP 0
0B4F  0000        JMP 0
0B50  0000        JMP 0
0B51  0000        JMP 0
0B52  0000        JMP 0
0B53  0000        JMP 0
0B54  0000        JMP 0
0B55  0000        JMP 0
0B56  0000        JMP 0
0B57  0000        JMP 0
0B58  0000        JMP 0
0B59  0000        JMP 0
0B5A  0000        JMP 0
0B5B  0000        JMP 0
0B5C  0000        JMP 0
0B5D  0000        JMP 0
0B5E  0000        JMP 0
0B5F  0000        JMP 0
0B60  0000        JMP 0
0B61  0000        JMP 0
0B62  0000        JMP 0
0B63  0000        JMP 0
0B64  0000        JMP 0
0B65  0000        JMP 0
0B66  0000        JMP 0
0B67  0000        JMP 0
0B68  0000        JMP 0
0B69  0000        JMP 0
0B6A  0000        JMP 0
0B6B  0000        JMP 0
0B6C  0000        JMP 0
0B6D  0000        JMP 0
0B6E  0000        JMP 0
0B6F  0000        JMP 0
0B70  0000        JMP 0
0B71  0000        JMP 0
0B72  0000        JMP 0
0B73  0000        JMP 0
0B74  0000        JMP 0
0B75  0000        JMP 0
0B76  0000        JMP 0
0B77  0000        JMP 0
0B78  0000        JMP 0
0B79  0000        JMP 0
0B7A  0000        JMP 0
0B7B  0000        JMP 0
0B7C  0000        JMP 0
0B7D  0000        JMP 0
0B7E  0000        JMP 0
0B7F  0000        JMP 0
0B80  0000        JMP 0
0B81  0000        JMP 0
0B82  0000        JMP 0
0B83  0000        JMP 0
0B84  0000        JMP 0
0B85  0000        JMP 0
0B86  0000        JMP 0
0B87  0000        JMP 0
0B88  0000        JMP 0
0B89  0000        JMP 0
0B8A  0000        JMP 0
0B8B  0000        JMP 0
0B8C  0000        JMP 0
0B8D  0000        JMP 0
0B8E  0000        JMP 0
0B8F  0000        JMP 0
0B90  0000        JMP 0
0B91  0000        JMP 0
0B92  0000        JMP 0
0B93  0000        JMP 0
0B94  0000        JMP 0
0B95  0000        JMP 0
0B96  0000        JMP 0
0B97  0000        JMP 0
0B98  0000        JMP 0
0B99  0000        JMP 0
0B9A  0000        JMP 0
0B9B  0000        JMP 0
0B9C  0000        JMP 0
0B9D  0000        JMP 0
0B9E  0000        JMP 0
0B9F  0000        JMP 0
0BA0  0000        JMP 0
0BA1  0000        JMP 0
0BA2  0000        JMP 0
0BA3  0000        JMP 0
0BA4  0000        JMP 0
0BA5  0000        JMP 0
0BA6  0000        JMP 0
0BA7  0000        JMP 0
0BA8  0000        JMP 0
0BA9  0000        JMP 0
0BAA  0000        JMP 0
0BAB  0000        JMP 0
0BAC  0000        JMP 0
0BAD  0000        JMP 0
0BAE  0000        JMP 0
0BAF  0000        JMP 0
0BB0  0000        JMP 0
0BB1  0000        JMP 0
0BB2  0000        JMP 0
0BB3  0000        JMP 0
0BB4  0000        JMP 0
0BB5  0000        JMP 0
0BB6  0000        JMP 0
0BB7  0000        JMP 0
0BB8  0000        JMP 0
0BB9  0000        JMP 0
0BBA  0000        JMP 0
0BBB  0000        JMP 0
0BBC  0000        JMP 0
0BBD  0000        JMP 0
0BBE  0000        JMP 0
0BBF  0000        JMP 0
0BC0  0000        JMP 0
0BC1  0000        JMP 0
0BC2  0000        JMP 0
0BC3  0000        JMP 0
0BC4  0000        JMP 0
0BC5  0000        JMP 0
0BC6  0000        JMP 0
0BC7  0000        JMP 0
0BC8  0000        JMP 0
0BC9  0000        JMP 0
0BCA  0000        JMP 0
0BCB  0000        JMP 0
0BCC  0000        JMP 0
0BCD  0000        JMP 0
0BCE  0000        JMP 0
0BCF  0000        JMP 0
0BD0  0000        JMP 0
0BD1  0000        JMP 0
0BD2  0000        JMP 0
0BD3  0000        JMP 0
0BD4  0000        JMP 0
0BD5  0000        JMP 0
0BD6  0000        JMP 0
0BD7  0000        JMP 0
0BD8  0000        JMP 0
0BD9  0000        JMP 0
0BDA  0000        JMP 0
0BDB  0000        JMP 0
0BDC  0000        JMP 0
0BDD  0000        JMP 0
0BDE  0000        JMP 0
0BDF  0000        JMP 0
0BE0  0000        JMP 0
0BE1  0000        JMP 0
0BE2  0000        JMP 0
0BE3  0000        JMP 0
0BE4  0000        JMP 0
0BE5  0000        JMP 0
0BE6  0000        JMP 0
0BE7  0000        JMP 0
0BE8  0000        JMP 0
0BE9  0000        JMP 0
0BEA  0000        JMP 0
0BEB  0000        JMP 0
0BEC  0000        JMP 0
0BED  0000        JMP 0
0BEE  0000        JMP 0
0BEF  0000        JMP 0
0BF0  0000        JMP 0
0BF1  0000        JMP 0
0BF2  0000        JMP 0
0BF3  0000        JMP 0
0BF4  0000        JMP 0
0BF5  0000        JMP 0
0BF6  0000        JMP 0
0BF7  0000        JMP 0
0BF8  0000        JMP 0
0BF9  0000        JMP 0
0BFA  0000        JMP 0
0BFB  0000        JMP 0
0BFC  0000        JMP 0
0BFD  0000        JMP 0
0BFE  0000        JMP 0
0BFF  0000        JMP 0
0C00  0000        JMP 0
0C01  0000        JMP 0
0C02  0000        JMP 0
0C03  0000        JMP 0
0C04  0000        JMP 0
0C05  0000        JMP 0
0C06  0000        JMP 0
0C07  0000        JMP 0
0C08  0000        JMP 0
0C09  0000        JMP 0
0C0A  0000        JMP 0
0C0B  0000        JMP 0
0C0C  0000        JMP 0
0C0D  0000        JMP 0
0C0E  0000        JMP 0
0C0F  0000        JMP 0
0C10  0000        JMP 0
0C11  0000        JMP 0
0C12  0000        JMP 0
0C13  0000        JMP 0
0C14  0000        JMP 0
0C15  0000        JMP 0
0C16  0000        JMP 0
0C17  0000        JMP 0
0C18  0000        JMP 0
0C19  0000        JMP 0
0C1A  0000        JMP 0
0C1B  0000        JMP 0
0C1C  0000        JMP 0
0C1D  0000        JMP 0
0C1E  0000        JMP 0
0C1F  0000        JMP 0
0C20  0000        JMP 0
0C21  0000        JMP 0
0C22  0000        JMP 0
0C23  0000        JMP 0
0C24  0000        JMP 0
0C25  0000        JMP 0
0C26  0000        JMP 0
0C27  0000        JMP 0
0C28  0000        JMP 0
0C29  0000        JMP 0
0C2A  0000        JMP 0
0C2B  0000        JMP 0
0C2C  0000        JMP 0
0C2D  0000        JMP 0
0C2E  0000        JMP 0
0C2F  0000        JMP 0
0C30  0000        JMP 0
0C31  0000        JMP 0
0C32  0000        JMP 0
0C33  0000        JMP 0
0C34  0000        JMP 0
0C35  0000        JMP 0
0C36  0000        JMP 0
0C37  0000        JMP 0
0C38  0000        JMP 0
0C39  0000        JMP 0
0C3A  0000        JMP 0
0C3B  0000        JMP 0
0C3C  0000        JMP 0
0C3D  0000        JMP 0
0C3E  0000        JMP 0
0C3F  0000        JMP 0
0C40  0000        JMP 0
0C41  0000        JMP 0
0C42  0000        JMP 0
0C43  0000        JMP 0
0C44  0000        JMP 0
0C45  0000        JMP 0
0C46  0000        JMP 0
0C47  0000        JMP 0
0C48  0000        JMP 0
0C49  0000        JMP 0
0C4A  0000        JMP 0
0C4B  0000        JMP 0
0C4C  0000        JMP 0
0C4D  0000        JMP 0
0C4E  0000        JMP 0
0C4F  0000        JMP 0
0C50  0000        JMP 0
0C51  0000        JMP 0
0C52  0000        JMP 0
0C53  0000        JMP 0
0C54  0000        JMP 0
0C55  0000        JMP 0
0C56  0000        JMP 0
0C57  0000        JMP 0
0C58  0000        JMP 0
0C59  0000        JMP 0
0C5A  0000        JMP 0
0C5B  0000        JMP 0
0C5C  0000        JMP 0
0C5D  0000        JMP 0
0C5E  0000        JMP 0
0C5F  0000        JMP 0
0C60  0000        JMP 0
0C61  0000        JMP 0
0C62  0000        JMP 0
0C63  0000        JMP 0
0C64  0000        JMP 0
0C65  0000        JMP 0
0C66  0000        JMP 0
0C67  0000        JMP 0
0C68  0000        JMP 0
0C69  0000        JMP 0
0C6A  0000        JMP 0
0C6B  0000        JMP 0
0C6C  0000        JMP 0
0C6D  0000        JMP 0
0C6E  0000        JMP 0
0C6F  0000        JMP 0
0C70  0000        JMP 0
0C71  0000        JMP 0
0C72  0000        JMP 0
0C73  0000        JMP 0
0C74  0000        JMP 0
0C75  0000        JMP 0
0C76  0000        JMP 0
0C77  0000        JMP 0
0C78  0000        JMP 0
0C79  0000        JMP 0
0C7A  0000        JMP 0
0C7B  0000        JMP 0
0C7C  0000        JMP 0
0C7D  0000        JMP 0
0C7E  0000        JMP 0
0C7F  0000        JMP 0
0C80  0000        JMP 0
0C81  0000        JMP 0
0C82  0000        JMP 0
0C83  0000        JMP 0
0C84  0000        JMP 0
0C85  0000        JMP 0
0C86  0000        JMP 0
0C87  0000        JMP 0
0C88  0000        JMP 0
0C89  0000        JMP 0
0C8A  0000        JMP 0
0C8B  0000        JMP 0
0C8C  0000        JMP 0
0C8D  0000        JMP 0
0C8E  0000        JMP 0
0C8F  0000        JMP 0
0C90  0000        JMP 0
0C91  0000        JMP 0
0C92  0000        JMP 0
0C93  0000        JMP 0
0C94  0000        JMP 0
0C95  0000        JMP 0
0C96  0000        JMP 0
0C97  0000        JMP 0
0C98  0000        JMP 0
0C99  0000        JMP 0
0C9A  0000        JMP 0
0C9B  0000        JMP 0
0C9C  0000        JMP 0
0C9D  0000        JMP 0
0C9E  0000        JMP 0
0C9F  0000        JMP 0
0CA0  0000        JMP 0
0CA1  0000        JMP 0
0CA2  0000        JMP 0
0CA3  0000        JMP 0
0CA4  0000        JMP 0
0CA5  0000        JMP 0
0CA6  0000        JMP 0
0CA7  0000        JMP 0
0CA8  0000        JMP 0
0CA9  0000        JMP 0
0CAA  0000        JMP 0
0CAB  0000        JMP 0
0CAC  0000        JMP 0
0CAD  0000        JMP 0
0CAE  0000        JMP 0
0CAF  0000        JMP 0
0CB0  0000        JMP 0
0CB1  0000        JMP 0
0CB2  0000        JMP 0
0CB3  0000        JMP 0
0CB4  0000        JMP 0
0CB5  0000        JMP 0
0CB6  0000        JMP 0
0CB7  0000        JMP 0
0CB8  0000        JMP 0
0CB9  0000        JMP 0
0CBA  0000        JMP 0
0CBB  0000        JMP 0
0CBC  0000        JMP 0
0CBD  0000        JMP 0
0CBE  0000        JMP 0
0CBF  0000        JMP 0
0CC0  0000        JMP 0
0CC1  0000        JMP 0
0CC2  0000        JMP 0
0CC3  0000        JMP 0
0CC4  0000        JMP 0
0CC5  0000        JMP 0
0CC6  0000        JMP 0
0CC7  0000        JMP 0
0CC8  0000        JMP 0
0CC9  0000        JMP 0
0CCA  0000        JMP 0
0CCB  0000        JMP 0
0CCC  0000        JMP 0
0CCD  0000        JMP 0
0CCE  0000        JMP 0
0CCF  0000        JMP 0
0CD0  0000        JMP 0
0CD1  0000        JMP 0
0CD2  0000        JMP 0
0CD3  0000        JMP 0
0CD4  0000        JMP 0
0CD5  0000        JMP 0
0CD6  0000        JMP 0
0CD7  0000        JMP 0
0CD8  0000        JMP 0
0CD9  0000        JMP 0
0CDA  0000        JMP 0
0CDB  0000        JMP 0
0CDC  0000        JMP 0
0CDD  0000        JMP 0
0CDE  0000        JMP 0
0CDF  0000        JMP 0
0CE0  0000        JMP 0
0CE1  0000        JMP 0
0CE2  0000        JMP 0
0CE3  0000        JMP 0
0CE4  0000        JMP 0
0CE5  0000        JMP 0
0CE6  0000        JMP 0
0CE7  0000        JMP 0
0CE8  0000        JMP 0
0CE9  0000        JMP 0
0CEA  0000        JMP 0
0CEB  0000        JMP 0
0CEC  0000        JMP 0
0CED  0000        JMP 0
0CEE  0000        JMP 0
0CEF  0000        JMP 0
0CF0  0000        JMP 0
0CF1  0000        JMP 0
0CF2  0000        JMP 0
0CF3  0000        JMP 0
0CF4  0000        JMP 0
0CF5  0000        JMP 0
0CF6  0000        JMP 0
0CF7  0000        JMP 0
0CF8  0000        JMP 0
0CF9  0000        JMP 0
0CFA  0000        JMP 0
0CFB  0000        JMP 0
0CFC  0000        JMP 0
0CFD  0000        JMP 0
0CFE  0000        JMP 0
0CFF  0000        JMP 0
0D00  0000        JMP 0
0D01  0000        JMP 0
0D02  0000        JMP 0
0D03  0000        JMP 0
0D04  0000        JMP 0
0D05  0000        JMP 0
0D06  0000        JMP 0
0D07  0000        JMP 0
0D08  0000        JMP 0
0D09  0000        JMP 0
0D0A  0000        JMP 0
0D0B  0000        JMP 0
0D0C  0000        JMP 0
0D0D  0000        JMP 0
0D0E  0000        JMP 0
0D0F  0000        JMP 0
0D10  0000        JMP 0
0D11  0000        JMP 0
0D12  0000        JMP 0
0D13  0000        JMP 0
0D14  0000        JMP 0
0D15  0000        JMP 0
0D16  0000        JMP 0
0D17  0000        JMP 0
0D18  0000        JMP 0
0D19  0000        JMP 0
0D1A  0000        JMP 0
0D1B  0000        JMP 0
0D1C  0000        JMP 0
0D1D  0000        JMP 0
0D1E  0000        JMP 0
0D1F  0000        JMP 0
0D20  0000        JMP 0
0D21  0000        JMP 0
0D22  0000        JMP 0
0D23  0000        JMP 0
0D24  0000        JMP 0
0D25  0000        JMP 0
0D26  0000        JMP 0
0D27  0000        JMP 0
0D28  0000        JMP 0
0D29  0000        JMP 0
0D2A  0000        JMP 0
0D2B  0000        JMP 0
0D2C  0000        JMP 0
0D2D  0000        JMP 0
0D2E  0000        JMP 0
0D2F  0000        JMP 0
0D30  0000        JMP 0
0D31  0000        JMP 0
0D32  0000        JMP 0
0D33  0000        JMP 0
0D34  0000        JMP 0
0D35  0000        JMP 0
0D36  0000        JMP 0
0D37  0000        JMP 0
0D38  0000        JMP 0
0D39  0000        JMP 0
0D3A  0000        JMP 0
0D3B  0000        JMP 0
0D3C  0000        JMP 0
0D3D  0000        JMP 0
0D3E  0000        JMP 0
0D3F  0000        JMP 0
0D40  0000        JMP 0
0D41  0000        JMP 0
0D42  0000        JMP 0
0D43  0000        JMP 0
0D44  0000        JMP 0
0D45  0000        JMP 0
0D46  0000        JMP 0
0D47  0000        JMP 0
0D48  0000        JMP 0
0D49  0000        JMP 0
0D4A  0000        JMP 0
0D4B  0000        JMP 0
0D4C  0000        JMP 0
0D4D  0000        JMP 0
0D4E  0000        JMP 0
0D4F  0000        JMP 0
0D50  0000        JMP 0
0D51  0000        JMP 0
0D52  0000        JMP 0
0D53  0000        JMP 0
0D54  0000        JMP 0
0D55  0000        JMP 0
0D56  0000        JMP 0
0D57  0000        JMP 0
0D58  0000        JMP 0
0D59  0000        JMP 0
0D5A  0000        JMP 0
0D5B  0000        JMP 0
0D5C  0000        JMP 0
0D5D  0000        JMP 0
0D5E  0000        JMP 0
0D5F  0000        JMP 0
0D60  0000        JMP 0
0D61  0000        JMP 0
0D62  0000        JMP 0
0D63  0000        JMP 0
0D64  0000        JMP 0
0D65  0000        JMP 0
0D66  0000        JMP 0
0D67  0000        JMP 0
0D68  0000        JMP 0
0D69  0000        JMP 0
0D6A  0000        JMP 0
0D6B  0000        JMP 0
0D6C  0000        JMP 0
0D6D  0000        JMP 0
0D6E  0000        JMP 0
0D6F  0000        JMP 0
0D70  0000        JMP 0
0D71  0000        JMP 0
0D72  0000        JMP 0
0D73  0000        JMP 0
0D74  0000        JMP 0
0D75  0000        JMP 0
0D76  0000        JMP 0
0D77  0000        JMP 0
0D78  0000        JMP 0
0D79  0000        JMP 0
0D7A  0000        JMP 0
0D7B  0000        JMP 0
0D7C  0000        JMP 0
0D7D  0000        JMP 0
0D7E  0000        JMP 0
0D7F  0000        JMP 0
0D80  0000        JMP 0
0D81  0000        JMP 0
0D82  0000        JMP 0
0D83  0000        JMP 0
0D84  0000        JMP 0
0D85  0000        JMP 0
0D86  0000        JMP 0
0D87  0000        JMP 0
0D88  0000        JMP 0
0D89  0000        JMP 0
0D8A  0000        JMP 0
0D8B  0000        JMP 0
0D8C  0000        JMP 0
0D8D  0000        JMP 0
0D8E  0000        JMP 0
0D8F  0000        JMP 0
0D90  0000        JMP 0
0D91  0000        JMP 0
0D92  0000        JMP 0
0D93  0000        JMP 0
0D94  0000        JMP 0
0D95  0000        JMP 0
0D96  0000        JMP 0
0D97  0000        JMP 0
0D98  0000        JMP 0
0D99  0000        JMP 0
0D9A  0000        JMP 0
0D9B  0000        JMP 0
0D9C  0000        JMP 0
0D9D  0000        JMP 0
0D9E  0000        JMP 0
0D9F  0000        JMP 0
0DA0  0000        JMP 0
0DA1  0000        JMP 0
0DA2  0000        JMP 0
0DA3  0000        JMP 0
0DA4  0000        JMP 0
0DA5  0000        JMP 0
0DA6  0000        JMP 0
0DA7  0000        JMP 0
0DA8  0000        JMP 0
0DA9  0000        JMP 0
0DAA  0000        JMP 0
0DAB  0000        JMP 0
0DAC  0000        JMP 0
0DAD  0000        JMP 0
0DAE  0000        JMP 0
0DAF  0000        JMP 0
0DB0  0000        JMP 0
0DB1  0000        JMP 0
0DB2  0000        JMP 0
0DB3  0000        JMP 0
0DB4  0000        JMP 0
0DB5  0000        JMP 0
0DB6  0000        JMP 0
0DB7  0000        JMP 0
0DB8  0000        JMP 0
0DB9  0000        JMP 0
0DBA  0000        JMP 0
0DBB  0000        JMP 0
0DBC  0000        JMP 0
0DBD  0000        JMP 0
0DBE  0000        JMP 0
0DBF  0000        JMP 0
0DC0  0000        JMP 0
0DC1  0000        JMP 0
0DC2  0000        JMP 0
0DC3  0000        JMP 0
0DC4  0000        JMP 0
0DC5  0000        JMP 0
0DC6  0000        JMP 0
0DC7  0000        JMP 0
0DC8  0000        JMP 0
0DC9  0000        JMP 0
0DCA  0000        JMP 0
0DCB  0000        JMP 0
0DCC  0000        JMP 0
0DCD  0000        JMP 0
0DCE  0000        JMP 0
0DCF  0000        JMP 0
0DD0  0000        JMP 0
0DD1  0000        JMP 0
0DD2  0000        JMP 0
0DD3  0000        JMP 0
0DD4  0000        JMP 0
0DD5  0000        JMP 0
0DD6  0000        JMP 0
0DD7  0000        JMP 0
0DD8  0000        JMP 0
0DD9  0000        JMP 0
0DDA  0000        JMP 0
0DDB  0000        JMP 0
0DDC  0000        JMP 0
0DDD  0000        JMP 0
0DDE  0000        JMP 0
0DDF  0000        JMP 0
0DE0  0000        JMP 0
0DE1  0000        JMP 0
0DE2  0000        JMP 0
0DE3  0000        JMP 0
0DE4  0000        JMP 0
0DE5  0000        JMP 0
0DE6  0000        JMP 0
0DE7  0000        JMP 0
0DE8  0000        JMP 0
0DE9  0000        JMP 0
0DEA  0000        JMP 0
0DEB  0000        JMP 0
0DEC  0000        JMP 0
0DED  0000        JMP 0
0DEE  0000        JMP 0
0DEF  0000        JMP 0
0DF0  0000        JMP 0
0DF1  0000        JMP 0
0DF2  0000        JMP 0
0DF3  0000        JMP 0
0DF4  0000        JMP 0
0DF5  0000        JMP 0
0DF6  0000        JMP 0
0DF7  0000        JMP 0
0DF8  0000        JMP 0
0DF9  0000        JMP 0
0DFA  0000        JMP 0
0DFB  0000        JMP 0
0DFC  0000        JMP 0
0DFD  0000        JMP 0
0DFE  0000        JMP 0
0DFF  0000        JMP 0
0E00  0000        JMP 0
0E01  0000        JMP 0
0E02  0000        JMP 0
0E03  0000        JMP 0
0E04  0000        JMP 0
0E05  0000        JMP 0
0E06  0000        JMP 0
0E07  0000        JMP 0
0E08  0000        JMP 0
0E09  0000        JMP 0
0E0A  0000        JMP 0
0E0B  0000        JMP 0
0E0C  0000        JMP 0
0E0D  0000        JMP 0
0E0E  0000        JMP 0
0E0F  0000        JMP 0
0E10  0000        JMP 0
0E11  0000        JMP 0
0E12  0000        JMP 0
0E13  0000        JMP 0
0E14  0000        JMP 0
0E15  0000        JMP 0
0E16  0000        JMP 0
0E17  0000        JMP 0
0E18  0000        JMP 0
0E19  0000        JMP 0
0E1A  0000        JMP 0
0E1B  0000        JMP 0
0E1C  0000        JMP 0
0E1D  0000        JMP 0
0E1E  0000        JMP 0
0E1F  0000        JMP 0
0E20  0000        JMP 0
0E21  0000        JMP 0
0E22  0000        JMP 0
0E23  0000        JMP 0
0E24  0000        JMP 0
0E25  0000        JMP 0
0E26  0000        JMP 0
0E27  0000        JMP 0
0E28  0000        JMP 0
0E29  0000        JMP 0
0E2A  0000        JMP 0
0E2B  0000        JMP 0
0E2C  0000        JMP 0
0E2D  0000        JMP 0
0E2E  0000        JMP 0
0E2F  0000        JMP 0
0E30  0000        JMP 0
0E31  0000        JMP 0
0E32  0000        JMP 0
0E33  0000        JMP 0
0E34  0000        JMP 0
0E35  0000        JMP 0
0E36  0000        JMP 0
0E37  0000        JMP 0
0E38  0000        JMP 0
0E39  0000        JMP 0
0E3A  0000        JMP 0
0E3B  0000        JMP 0
0E3C  0000        JMP 0
0E3D  0000        JMP 0
0E3E  0000        JMP 0
0E3F  0000        JMP 0
0E40  0000        JMP 0
0E41  0000        JMP 0
0E42  0000        JMP 0
0E43  0000        JMP 0
0E44  0000        JMP 0
0E45  0000        JMP 0
0E46  0000        JMP 0
0E47  0000        JMP 0
0E48  0000        JMP 0
0E49  0000        JMP 0
0E4A  0000        JMP 0
0E4B  0000        JMP 0
0E4C  0000        JMP 0
0E4D  0000        JMP 0
0E4E  0000        JMP 0
0E4F  0000        JMP 0
0E50  0000        JMP 0
0E51  0000        JMP 0
0E52  0000        JMP 0
0E53  0000        JMP 0
0E54  0000        JMP 0
0E55  0000        JMP 0
0E56  0000        JMP 0
0E57  0000        JMP 0
0E58  0000        JMP 0
0E59  0000        JMP 0
0E5A  0000        JMP 0
0E5B  0000        JMP 0
0E5C  0000        JMP 0
0E5D  0000        JMP 0
0E5E  0000        JMP 0
0E5F  0000        JMP 0
0E60  0000        JMP 0
0E61  0000        JMP 0
0E62  0000        JMP 0
0E63  0000        JMP 0
0E64  0000        JMP 0
0E65  0000        JMP 0
0E66  0000        JMP 0
0E67  0000        JMP 0
0E68  0000        JMP 0
0E69  0000        JMP 0
0E6A  0000        JMP 0
0E6B  0000        JMP 0
0E6C  0000        JMP 0
0E6D  0000        JMP 0
0E6E  0000        JMP 0
0E6F  0000        JMP 0
0E70  0000        JMP 0
0E71  0000        JMP 0
0E72  0000        JMP 0
0E73  0000        JMP 0
0E74  0000        JMP 0
0E75  0000        JMP 0
0E76  0000        JMP 0
0E77  0000        JMP 0
0E78  0000        JMP 0
0E79  0000        JMP 0
0E7A  0000        JMP 0
0E7B  0000        JMP 0
0E7C  0000        JMP 0
0E7D  0000        JMP 0
0E7E  0000        JMP 0
0E7F  0000        JMP 0
0E80  0000        JMP 0
0E81  0000        JMP 0
0E82  0000        JMP 0
0E83  0000        JMP 0
0E84  0000        JMP 0
0E85  0000        JMP 0
0E86  0000        JMP 0
0E87  0000        JMP 0
0E88  0000        JMP 0
0E89  0000        JMP 0
0E8A  0000        JMP 0
0E8B  0000        JMP 0
0E8C  0000        JMP 0
0E8D  0000        JMP 0
0E8E  0000        JMP 0
0E8F  0000        JMP 0
0E90  0000        JMP 0
0E91  0000        JMP 0
0E92  0000        JMP 0
0E93  0000        JMP 0
0E94  0000        JMP 0
0E95  0000        JMP 0
0E96  0000        JMP 0
0E97  0000        JMP 0
0E98  0000        JMP 0
0E99  0000        JMP 0
0E9A  0000        JMP 0
0E9B  0000        JMP 0
0E9C  0000        JMP 0
0E9D  0000        JMP 0
0E9E  0000        JMP 0
0E9F  0000        JMP 0
0EA0  0000        JMP 0
0EA1  0000        JMP 0
0EA2  0000        JMP 0
0EA3  0000        JMP 0
0EA4  0000        JMP 0
0EA5  0000        JMP 0
0EA6  0000        JMP 0
0EA7  0000        JMP 0
0EA8  0000        JMP 0
0EA9  0000        JMP 0
0EAA  0000        JMP 0
0EAB  0000        JMP 0
0EAC  0000        JMP 0
0EAD  0000        JMP 0
0EAE  0000        JMP 0
0EAF  0000        JMP 0
0EB0  0000        JMP 0
0EB1  0000        JMP 0
0EB2  0000        JMP 0
0EB3  0000        JMP 0
0EB4  0000        JMP 0
0EB5  0000        JMP 0
0EB6  0000        JMP 0
0EB7  0000        JMP 0
0EB8  0000        JMP 0
0EB9  0000        JMP 0
0EBA  0000        JMP 0
0EBB  0000        JMP 0
0EBC  0000        JMP 0
0EBD  0000        JMP 0
0EBE  0000        JMP 0
0EBF  0000        JMP 0
0EC0  0000        JMP 0
0EC1  0000        JMP 0
0EC2  0000        JMP 0
0EC3  0000        JMP 0
0EC4  0000        JMP 0
0EC5  0000        JMP 0
0EC6  0000        JMP 0
0EC7  0000        JMP 0
0EC8  0000        JMP 0
0EC9  0000        JMP 0
0ECA  0000        JMP 0
0ECB  0000        JMP 0
0ECC  0000        JMP 0
0ECD  0000        JMP 0
0ECE  0000        JMP 0
0ECF  0000        JMP 0
0ED0  0000        JMP 0
0ED1  0000        JMP 0
0ED2  0000        JMP 0
0ED3  0000        JMP 0
0ED4  0000        JMP 0
0ED5  0000        JMP 0
0ED6  0000        JMP 0
0ED7  0000        JMP 0
0ED8  0000        JMP 0
0ED9  0000        JMP 0
0EDA  0000        JMP 0
0EDB  0000        JMP 0
0EDC  0000        JMP 0
0EDD  0000        JMP 0
0EDE  0000        JMP 0
0EDF  0000        JMP 0
0EE0  0000        JMP 0
0EE1  0000        JMP 0
0EE2  0000        JMP 0
0EE3  0000        JMP 0
0EE4  0000        JMP 0
0EE5  0000        JMP 0
0EE6  0000        JMP 0
0EE7  0000        JMP 0
0EE8  0000        JMP 0
0EE9  0000        JMP 0
0EEA  0000        JMP 0
0EEB  0000        JMP 0
0EEC  0000        JMP 0
0EED  0000        JMP 0
0EEE  0000        JMP 0
0EEF  0000        JMP 0
0EF0  0000        JMP 0
0EF1  0000        JMP 0
0EF2  0000        JMP 0
0EF3  0000        JMP 0
0EF4  0000        JMP 0
0EF5  0000        JMP 0
0EF6  0000        JMP 0
0EF7  0000        JMP 0
0EF8  0000        JMP 0
0EF9  0000        JMP 0
0EFA  0000        JMP 0
0EFB  0000        JMP 0
0EFC  0000        JMP 0
0EFD  0000        JMP 0
0EFE  0000        JMP 0
0EFF  0000        JMP 0
0F00  0000        JMP 0
0F01  0000        JMP 0
0F02  0000        JMP 0
0F03  0000        JMP 0
0F04  0000        JMP 0
0F05  0000        JMP 0
0F06  0000        JMP 0
0F07  0000        JMP 0
0F08  0000        JMP 0
0F09  0000        JMP 0
0F0A  0000        JMP 0
0F0B  0000        JMP 0
0F0C  0000        JMP 0
0F0D  0000        JMP 0
0F0E  0000        JMP 0
0F0F  0000        JMP 0
0F10  0000        JMP 0
0F11  0000        JMP 0
0F12  0000        JMP 0
0F13  0000        JMP 0
0F14  0000        JMP 0
0F15  0000        JMP 0
0F16  0000        JMP 0
0F17  0000        JMP 0
0F18  0000        JMP 0
0F19  0000        JMP 0
0F1A  0000        JMP 0
0F1B  0000        JMP 0
0F1C  0000        JMP 0
0F1D  0000        JMP 0
0F1E  0000        JMP 0
0F1F  0000        JMP 0
0F20  0000        JMP 0
0F21  0000        JMP 0
0F22  0000        JMP 0
0F23  0000        JMP 0
0F24  0000        JMP 0
0F25  0000        JMP 0
0F26  0000        JMP 0
0F27  0000        JMP 0
0F28  0000        JMP 0
0F29  0000        JMP 0
0F2A  0000        JMP 0
0F2B  0000        JMP 0
0F2C  0000        JMP 0
0F2D  0000        JMP 0
0F2E  0000        JMP 0
0F2F  0000        JMP 0
0F30  0000        JMP 0
0F31  0000        JMP 0
0F32  0000        JMP 0
0F33  0000        JMP 0
0F34  0000        JMP 0
0F35  0000        JMP 0
0F36  0000        JMP 0
0F37  0000        JMP 0
0F38  0000        JMP 0
0F39  0000        JMP 0
0F3A  0000        JMP 0
0F3B  0000        JMP 0
0F3C  0000        JMP 0
0F3D  0000        JMP 0
0F3E  0000        JMP 0
0F3F  0000        JMP 0
0F40  0000        JMP 0
0F41  0000        JMP 0
0F42  0000        JMP 0
0F43  0000        JMP 0
0F44  0000        JMP 0
0F45  0000        JMP 0
0F46  0000        JMP 0
0F47  0000        JMP 0
0F48  0000        JMP 0
0F49  0000        JMP 0
0F4A  0000        JMP 0
0F4B  0000        JMP 0
0F4C  0000        JMP 0
0F4D  0000        JMP 0
0F4E  0000        JMP 0
0F4F  0000        JMP 0
0F50  0000        JMP 0
0F51  0000        JMP 0
0F52  0000        JMP 0
0F53  0000        JMP 0
0F54  0000        JMP 0
0F55  0000        JMP 0
0F56  0000        JMP 0
0F57  0000        JMP 0
0F58  0000        JMP 0
0F59  0000        JMP 0
0F5A  0000        JMP 0
0F5B  0000        JMP 0
0F5C  0000        JMP 0
0F5D  0000        JMP 0
0F5E  0000        JMP 0
0F5F  0000        JMP 0
0F60  0000        JMP 0
0F61  0000        JMP 0
0F62  0000        JMP 0
0F63  0000        JMP 0
0F64  0000        JMP 0
0F65  0000        JMP 0
0F66  0000        JMP 0
0F67  0000        JMP 0
0F68  0000        JMP 0
0F69  0000        JMP 0
0F6A  0000        JMP 0
0F6B  0000        JMP 0
0F6C  0000        JMP 0
0F6D  0000        JMP 0
0F6E  0000        JMP 0
0F6F  0000        JMP 0
0F70  0000        JMP 0
0F71  0000        JMP 0
0F72  0000        JMP 0
0F73  0000        JMP 0
0F74  0000        JMP 0
0F75  0000        JMP 0
0F76  0000        JMP 0
0F77  0000        JMP 0
0F78  0000        JMP 0
0F79  0000        JMP 0
0F7A  0000        JMP 0
0F7B  0000        JMP 0
0F7C  0000        JMP 0
0F7D  0000        JMP 0
0F7E  0000        JMP 0
0F7F  0000        JMP 0
0F80  0000        JMP 0
0F81  0000        JMP 0
0F82  0000        JMP 0
0F83  0000        JMP 0
0F84  0000        JMP 0
0F85  0000        JMP 0
0F86  0000        JMP 0
0F87  0000        JMP 0
0F88  0000        JMP 0
0F89  0000        JMP 0
0F8A  0000        JMP 0
0F8B  0000        JMP 0
0F8C  0000        JMP 0
0F8D  0000        JMP 0
0F8E  0000        JMP 0
0F8F  0000        JMP 0
0F90  0000        JMP 0
0F91  0000        JMP 0
0F92  0000        JMP 0
0F93  0000        JMP 0
0F94  0000        JMP 0
0F95  0000        JMP 0
0F96  0000        JMP 0
0F97  0000        JMP 0
0F98  0000        JMP 0
0F99  0000        JMP 0
0F9A  0000        JMP 0
0F9B  0000        JMP 0
0F9C  0000        JMP 0
0F9D  0000        JMP 0
0F9E  0000        JMP 0
0F9F  0000        JMP 0
0FA0  0000        JMP 0
0FA1  0000        JMP 0
0FA2  0000        JMP 0
0FA3  0000        JMP 0
0FA4  0000        JMP 0
0FA5  0000        JMP 0
0FA6  0000        JMP 0
0FA7  0000        JMP 0
0FA8  0000        JMP 0
0FA9  0000        JMP 0
0FAA  0000        JMP 0
0FAB  0000        JMP 0
0FAC  0000        JMP 0
0FAD  0000        JMP 0
0FAE  0000        JMP 0
0FAF  0000        JMP 0
0FB0  0000        JMP 0
0FB1  0000        JMP 0
0FB2  0000        JMP 0
0FB3  0000        JMP 0
0FB4  0000        JMP 0
0FB5  0000        JMP 0
0FB6  0000        JMP 0
0FB7  0000        JMP 0
0FB8  0000        JMP 0
0FB9  0000        JMP 0
0FBA  0000        JMP 0
0FBB  0000        JMP 0
0FBC  0000        JMP 0
0FBD  0000        JMP 0
0FBE  0000        JMP 0
0FBF  0000        JMP 0
0FC0  0000        JMP 0
0FC1  0000        JMP 0
0FC2  0000        JMP 0
0FC3  0000        JMP 0
0FC4  0000        JMP 0
0FC5  0000        JMP 0
0FC6  0000        JMP 0
0FC7  0000        JMP 0
0FC8  0000        JMP 0
0FC9  0000        JMP 0
0FCA  0000        JMP 0
0FCB  0000        JMP 0
0FCC  0000        JMP 0
0FCD  0000        JMP 0
0FCE  0000        JMP 0
0FCF  0000        JMP 0
0FD0  0000        JMP 0
0FD1  0000        JMP 0
0FD2  0000        JMP 0
0FD3  0000        JMP 0
0FD4  0000        JMP 0
0FD5  0000        JMP 0
0FD6  0000        JMP 0
0FD7  0000        JMP 0
0FD8  0000        JMP 0
0FD9  0000        JMP 0
0FDA  0000        JMP 0
0FDB  0000        JMP 0
0FDC  0000        JMP 0
0FDD  0000        JMP 0
0FDE  0000        JMP 0
0FDF  0000        JMP 0
0FE0  0000        JMP 0
0FE1  0000        JMP 0
0FE2  0000        JMP 0
0FE3  0000        JMP 0
0FE4  0000        JMP 0
0FE5  0000        JMP 0
0FE6  0000        JMP 0
0FE7  0000        JMP 0
0FE8  0000        JMP 0
0FE9  0000        JMP 0
0FEA  0000        JMP 0
0FEB  0000        JMP 0
0FEC  0000        JMP 0
0FED  0000        JMP 0
0FEE  0000        JMP 0
0FEF  0000        JMP 0
0FF0  0000        JMP 0
0FF1  0000        JMP 0
0FF2  0000        JMP 0
0FF3  0000        JMP 0
0FF4  0000        JMP 0
0FF5  0000        JMP 0
0FF6  0000        JMP 0
0FF7  0000        JMP 0
0FF8  0000        JMP 0
0FF9  0000        JMP 0
0FFA  0000        JMP 0
0FFB  0000        JMP 0
0FFC  0000        JMP 0
0FFD  0000        JMP 0
0FFE  0000        JMP 0
0FFF  0000        JMP 0
1000  E7C8 0017   SAVE 23             ; frame
1002  0C62        JSR @98
1003  EC38 3FB1   ELEF 1,3FB1   ; [3FB1] = 40
1005  6304        IO   6304
1006  0C59        JSR @89
1007  EC38 3FB2   ELEF 1,3FB2   ; [3FB2] = 80
1009  630A        IO   630A
100A  0C59        JSR @89
100B  6307        IO   6307
100C  0C59        JSR @89
100D  ED38 00B9   ELEF 1,00B9,PC   ; -> 10C7
100F  630E        IO   630E
1010  0C4C        JSR @76
1011  3020        LDA 2,32
1012  8648        PSH 0,0
1013  E438 3FB4   ELEF 0,3FB4   ; -> "CFILE" (len 5)
1015  EC38 3FB3   ELEF 1,3FB3   ; [3FB3] = 9
1017  8E48        PSH 0,1
1018  0C0C 7001   JSR @12            ; overlay call, arg 7001
101A  5020        STA 2,32
101B  E438 3FBA   ELEF 0,3FBA   ; [3FBA] = 20
101D  EC38 021A   ELEF 1,021A   ; = 538
101F  8E48        PSH 0,1
1020  0C0C 75C8   JSR @12            ; overlay call, arg 75C8
1022  5020        STA 2,32
1023  A438 3FBB   ELDA 0,3FBB   ; [3FBB] = 0
1025  0C62        JSR @98
1026  430D        STA 0,13,3
1027  3020        LDA 2,32
1028  EC38 021A   ELEF 1,021A   ; = 538
102A  AE48        PSH 1,1
102B  A200        MOV 1,0
102C  6B11        IO   6B11
102D  0C40        JSR @64
102E  5020        STA 2,32
102F  6304        IO   6304
1030  0C5C        JSR @92
1031  0C63        JSR @99
1032  3020        LDA 2,32
1033  8400        ADC 0,0
1034  EC38 3FBC   ELEF 1,3FBC   ; [3FBC] = 0
1036  0C34        JSR @52
1037  5020        STA 2,32
1038  8400        ADC 0,0
1039  EC38 3FBD   ELEF 1,3FBD   ; -> ".." (len 2)
103B  0C31        JSR @49
103C  5020        STA 2,32
103D  0C38        JSR @56
103E  6050        IO   6050
103F  4303        STA 0,3,3
1040  3020        LDA 2,32
1041  6307        IO   6307
1042  6B15        IO   6B15
1043  0C51        JSR @81
1044  5020        STA 2,32
1045  ED38 0081   ELEF 1,0081,PC   ; -> 10C7
1047  630E        IO   630E
1048  0C4C        JSR @76
1049  6B03        IO   6B03
104A  8E48        PSH 0,1
104B  6315        IO   6315
104C  EC38 3FB3   ELEF 1,3FB3   ; [3FB3] = 9
104E  8E48        PSH 0,1
104F  0C0C 6FA8   JSR @12            ; overlay call, arg 6FA8
1051  5020        STA 2,32
1052  6303        IO   6303
1053  6B07        IO   6B07
1054  8E48        PSH 0,1
1055  0C0C 75C8   JSR @12            ; overlay call, arg 75C8
1057  5020        STA 2,32
1058  8550        SUBZL 0,0
1059  2B03        LDA 1,3,3
105A  8D0C        SUB# 0,1,SZR
105B  010D        JMP 13,PC   ; -> 1068
105C  8400        ADC 0,0
105D  EC38 3FBC   ELEF 1,3FBC   ; [3FBC] = 0
105F  0C34        JSR @52
1060  5020        STA 2,32
1061  8400        ADC 0,0
1062  EC38 3FC3   ELEF 1,3FC3   ; -> "." (len 1)
1064  0C31        JSR @49
1065  5020        STA 2,32
1066  0C38        JSR @56
1067  0152        JMP 82,PC   ; -> 10B9
1068  3020        LDA 2,32
1069  EC38 3FC2   ELEF 1,3FC2   ; [3FC2] = 1
106B  AE48        PSH 1,1
106C  6307        IO   6307
106D  6B11        IO   6B11
106E  0C5D        JSR @93
106F  5020        STA 2,32
1070  A200        MOV 1,0
1071  EC38 3FC7   ELEF 1,3FC7   ; -> "$" (len 1)
1073  0C54        JSR @84
1074  0107        JMP 7,PC   ; -> 107B
1075  230D        LDA 0,13,3
1076  820C        MOV# 0,0,SZR
1077  D501        SUB 2,2,SKP
1078  D550        SUBZL 2,2
1079  530D        STA 2,13,3
107A  013F        JMP 63,PC   ; -> 10B9
107B  3020        LDA 2,32
107C  EC38 3FC2   ELEF 1,3FC2   ; [3FC2] = 1
107E  AE48        PSH 1,1
107F  6307        IO   6307
1080  6B11        IO   6B11
1081  0C5D        JSR @93
1082  5020        STA 2,32
1083  A200        MOV 1,0
1084  EC38 3FCB   ELEF 1,3FCB   ; -> "\" (len 1)
1086  0C54        JSR @84
1087  010A        JMP 10,PC   ; -> 1091
1088  E438 3FD0   ELEF 0,3FD0   ; [3FD0] = 2
108A  EC38 3FCF   ELEF 1,3FCF   ; [3FCF] = 3
108C  8E48        PSH 0,1
108D  0C0C 6D89   JSR @12            ; overlay call, arg 6D89
108F  5020        STA 2,32
1090  0129        JMP 41,PC   ; -> 10B9
1091  2303        LDA 0,3,3
1092  C6F8        ?ECL C6F8          <<< unknown extended
1093  6828        IO   6828
1094  8D00        SUB 0,1
1095  4B16        STA 1,22,3
1096  3020        LDA 2,32
1097  6316        IO   6316
1098  6B04        IO   6B04
1099  8E48        PSH 0,1
109A  0C0C 75C8   JSR @12            ; overlay call, arg 75C8
109C  5020        STA 2,32
109D  0C62        JSR @98
109E  3020        LDA 2,32
109F  6307        IO   6307
10A0  8648        PSH 0,0
10A1  6304        IO   6304
10A2  6B11        IO   6B11
10A3  0C40        JSR @64
10A4  5020        STA 2,32
10A5  630A        IO   630A
10A6  0C5C        JSR @92
10A7  0C63        JSR @99
10A8  730A        IO   730A
10A9  2202        LDA 0,2,2
10AA  4303        STA 0,3,3
10AB  3020        LDA 2,32
10AC  630A        IO   630A
10AD  6B17        IO   6B17
10AE  0C51        JSR @81
10AF  5020        STA 2,32
10B0  6303        IO   6303
10B1  8648        PSH 0,0
10B2  A200        MOV 1,0
10B3  EC38 3FBC   ELEF 1,3FBC   ; [3FBC] = 0
10B5  8E48        PSH 0,1
10B6  0C0C 6FD5   JSR @12            ; overlay call, arg 6FD5
10B8  5020        STA 2,32
10B9  230D        LDA 0,13,3
10BA  820D        MOV# 0,0,SNR
10BB  010A        JMP 10,PC   ; -> 10C5
10BC  3020        LDA 2,32
10BD  E438 3FC2   ELEF 0,3FC2   ; [3FC2] = 1
10BF  EC38 3FD1   ELEF 1,3FD1   ; [3FD1] = 400
10C1  8E48        PSH 0,1
10C2  0C0C 6D89   JSR @12            ; overlay call, arg 6D89
10C4  5020        STA 2,32
10C5  8538 7F78   EJMP 7F78,PC   ; -> 103E
10C7  3020        LDA 2,32
10C8  E438 3FD0   ELEF 0,3FD0   ; [3FD0] = 2
10CA  EC38 3FD2   ELEF 1,3FD2   ; [3FD2] = 5
10CC  8E48        PSH 0,1
10CD  0C0C 6D89   JSR @12            ; overlay call, arg 6D89
10CF  5020        STA 2,32
10D0  8400        ADC 0,0
10D1  EC38 3FBC   ELEF 1,3FBC   ; [3FBC] = 0
10D3  0C34        JSR @52
10D4  5020        STA 2,32
10D5  8400        ADC 0,0
10D6  EC38 3FD3   ELEF 1,3FD3   ; -> ".." (len 2)
10D8  0C31        JSR @49
10D9  5020        STA 2,32
10DA  0C38        JSR @56
10DB  E438 3FB3   ELEF 0,3FB3   ; [3FB3] = 9
10DD  8648        PSH 0,0
10DE  0C0C 6F89   JSR @12            ; overlay call, arg 6F89
10E0  5020        STA 2,32
10E1  0C63        JSR @99
10E2  AFC8        RTN
10E3  E7C8 0023   SAVE 35             ; frame
10E5  0C42        JSR @66
10E6  0001        JMP 1
10E7  430F        STA 0,15,3
10E8  B438 01BE   ELDA 2,01BE   ; = 446
10EA  2AFD        LDA 1,-3,2
10EB  B500        SUB 1,2
10EC  5310        STA 2,16,3
10ED  D300        INC 2,2
10EE  5311        STA 2,17,3
10EF  3310        LDA 2,16,3
10F0  B008        ADI 1,2
10F1  4B12        STA 1,18,3
10F2  5313        STA 2,19,3
10F3  0C62        JSR @98
10F4  EC38 3FD8   ELEF 1,3FD8   ; [3FD8] = 6
10F6  6309        IO   6309
10F7  0C59        JSR @89
10F8  EC38 3FD9   ELEF 1,3FD9   ; [3FD9] = 32
10FA  630C        IO   630C
10FB  0C59        JSR @89
10FC  3020        LDA 2,32
10FD  8400        ADC 0,0
10FE  EC38 3FDA   ELEF 1,3FDA   ; [3FDA] = 0
1100  0C34        JSR @52
1101  5020        STA 2,32
1102  8400        ADC 0,0
1103  EC38 3FDB   ELEF 1,3FDB   ; -> "Filename: " (len 10)
1105  0C31        JSR @49
1106  5020        STA 2,32
1107  0C38        JSR @56
1108  8400        ADC 0,0
1109  EC38 3FDA   ELEF 1,3FDA   ; [3FDA] = 0
110B  0C35        JSR @53
110C  5020        STA 2,32
110D  8400        ADC 0,0
110E  6B0C        IO   6B0C
110F  0C33        JSR @51
1110  5020        STA 2,32
1111  0C37        JSR @55
1112  730C        IO   730C
1113  2202        LDA 0,2,2
1114  681C        IO   681C
1115  8A08        SGT 0,1
1116  0103        JMP 3,PC   ; -> 1119
1117  8538 0280   EJMP 0280,PC   ; -> 1398
1119  0C62        JSR @98
111A  3020        LDA 2,32
111B  E438 3FE5   ELEF 0,3FE5   ; -> ".TH" (len 3)
111D  8648        PSH 0,0
111E  630C        IO   630C
111F  6B14        IO   6B14
1120  0C40        JSR @64
1121  5020        STA 2,32
1122  E438 020E   ELEF 0,020E   ; = 526
1124  0C5C        JSR @92
1125  0C63        JSR @99
1126  270F        LDA 0,@15,3
1127  820D        MOV# 0,0,SNR
1128  0103        JMP 3,PC   ; -> 112B
1129  8538 00E1   EJMP 00E1,PC   ; -> 120B
112B  AC38 01D2   ELDA 1,01D2   ; = 466
112D  8848        SBI 0,1
112E  CC38 01D2   ESTA 1,01D2   ; = 466
1130  ED38 01EE   ELEF 1,01EE,PC   ; -> 131F
1132  6314        IO   6314
1133  0C4C        JSR @76
1134  3020        LDA 2,32
1135  EC38 020E   ELEF 1,020E   ; = 526
1137  8E48        PSH 0,1
1138  0C0C 6E1B   JSR @12            ; overlay call, arg 6E1B
113A  5020        STA 2,32
113B  ED38 022F   ELEF 1,022F,PC   ; -> 136B
113D  6314        IO   6314
113E  0C4C        JSR @76
113F  8648        PSH 0,0
1140  E438 020E   ELEF 0,020E   ; = 526
1142  EC38 3FEA   ELEF 1,3FEA   ; [3FEA] = 9
1144  8E48        PSH 0,1
1145  0C0C 7001   JSR @12            ; overlay call, arg 7001
1147  5020        STA 2,32
1148  8400        ADC 0,0
1149  AD00        SUB 1,1
114A  C438 01DF   ESTA 0,01DF   ; = 479
114C  4B06        STA 1,6,3
114D  2306        LDA 0,6,3
114E  EC38 03FF   ELEF 1,03FF   ; = 1023
1150  A248        SGE 1,0
1151  010A        JMP 10,PC   ; -> 115B
1152  B438 0221   ELDA 2,0221   ; = 545
1154  9600        ADD 0,2
1155  8500        SUB 0,0
1156  4200        STA 0,0,2
1157  2306        LDA 0,6,3
1158  8300        INC 0,0
1159  4306        STA 0,6,3
115A  01F3        JMP -13,PC   ; -> 114D
115B  3020        LDA 2,32
115C  E438 3FD8   ELEF 0,3FD8   ; [3FD8] = 6
115E  8648        PSH 0,0
115F  6314        IO   6314
1160  AC38 0221   ELDA 1,0221   ; = 545
1162  0C3F        JSR @63
1163  5020        STA 2,32
1164  EC38 3FED   ELEF 1,3FED   ; -> "S.THIS" (len 6)
1166  0C5C        JSR @92
1167  F438 01C1   ELEF 2,01C1   ; = 449
1169  A438 0221   ELDA 0,0221   ; = 545
116B  C008        ADI 2,0
116C  4317        STA 0,23,3
116D  5717        STA 2,@23,3
116E  F438 020D   ELEF 2,020D   ; = 525
1170  A438 0221   ELDA 0,0221   ; = 545
1172  E008        ADI 3,0
1173  4318        STA 0,24,3
1174  5718        STA 2,@24,3
1175  F438 01C1   ELEF 2,01C1   ; = 449
1177  5308        STA 2,8,3
1178  F438 020D   ELEF 2,020D   ; = 525
117A  2308        LDA 0,8,3
117B  9500        SUB 0,2
117C  AD00        SUB 1,1
117D  4B07        STA 1,7,3
117E  5306        STA 2,6,3
117F  2307        LDA 0,7,3
1180  2B06        LDA 1,6,3
1181  A248        SGE 1,0
1182  0110        JMP 16,PC   ; -> 1192
1183  3308        LDA 2,8,3
1184  9600        ADD 0,2
1185  AC38 0221   ELDA 1,0221   ; = 545
1187  A600        ADD 1,0
1188  E7F8 0005   ADDI 0005,0
118A  5319        STA 2,25,3
118B  2A00        LDA 1,0,2
118C  4319        STA 0,25,3
118D  4F19        STA 1,@25,3
118E  2307        LDA 0,7,3
118F  8300        INC 0,0
1190  4307        STA 0,7,3
1191  01EE        JMP -18,PC   ; -> 117F
1192  A438 0221   ELDA 0,0221   ; = 545
1194  2B07        LDA 1,7,3
1195  8E00        ADD 0,1
1196  EFF8 0006   ADDI 0006,1
1198  3711        LDA 2,@17,3
1199  4B1A        STA 1,26,3
119A  571A        STA 2,@26,3
119B  A438 0221   ELDA 0,0221   ; = 545
119D  2B07        LDA 1,7,3
119E  8E00        ADD 0,1
119F  EFF8 0007   ADDI 0007,1
11A1  3713        LDA 2,@19,3
11A2  4B1B        STA 1,27,3
11A3  571B        STA 2,@27,3
11A4  2306        LDA 0,6,3
11A5  E7F8 0008   ADDI 0008,0
11A7  B438 01B6   ELDA 2,01B6   ; = 438
11A9  AD00        SUB 1,1
11AA  4306        STA 0,6,3
11AB  4B07        STA 1,7,3
11AC  5308        STA 2,8,3
11AD  2307        LDA 0,7,3
11AE  681D        IO   681D
11AF  A248        SGE 1,0
11B0  0110        JMP 16,PC   ; -> 11C0
11B1  3308        LDA 2,8,3
11B2  9600        ADD 0,2
11B3  AC38 0221   ELDA 1,0221   ; = 545
11B5  A600        ADD 1,0
11B6  2B06        LDA 1,6,3
11B7  A600        ADD 1,0
11B8  531C        STA 2,28,3
11B9  2A00        LDA 1,0,2
11BA  431C        STA 0,28,3
11BB  4F1C        STA 1,@28,3
11BC  2307        LDA 0,7,3
11BD  8300        INC 0,0
11BE  4307        STA 0,7,3
11BF  01EE        JMP -18,PC   ; -> 11AD
11C0  2306        LDA 0,6,3
11C1  E7F8 0028   ADDI 0028,0
11C3  B438 01BF   ELDA 2,01BF   ; = 447
11C5  AD00        SUB 1,1
11C6  4306        STA 0,6,3
11C7  4B07        STA 1,7,3
11C8  5308        STA 2,8,3
11C9  2307        LDA 0,7,3
11CA  680B        IO   680B
11CB  A248        SGE 1,0
11CC  0110        JMP 16,PC   ; -> 11DC
11CD  3308        LDA 2,8,3
11CE  9600        ADD 0,2
11CF  AC38 0221   ELDA 1,0221   ; = 545
11D1  A600        ADD 1,0
11D2  2B06        LDA 1,6,3
11D3  A600        ADD 1,0
11D4  531D        STA 2,29,3
11D5  2A00        LDA 1,0,2
11D6  431D        STA 0,29,3
11D7  4F1D        STA 1,@29,3
11D8  2307        LDA 0,7,3
11D9  8300        INC 0,0
11DA  4307        STA 0,7,3
11DB  01EE        JMP -18,PC   ; -> 11C9
11DC  8500        SUB 0,0
11DD  6804        IO   6804
11DE  431E        STA 0,30,3
11DF  4B1F        STA 1,31,3
11E0  3020        LDA 2,32
11E1  631F        IO   631F
11E2  EC38 0221   ELEF 1,0221   ; = 545
11E4  8E48        PSH 0,1
11E5  631E        IO   631E
11E6  EC38 3FEA   ELEF 1,3FEA   ; [3FEA] = 9
11E8  8E48        PSH 0,1
11E9  0C0C 6F3E   JSR @12            ; overlay call, arg 6F3E
11EB  5020        STA 2,32
11EC  8550        SUBZL 0,0
11ED  B438 01B7   ELDA 2,01B7   ; = 439
11EF  6806        IO   6806
11F0  431F        STA 0,31,3
11F1  4B1E        STA 1,30,3
11F2  5320        STA 2,32,3
11F3  3020        LDA 2,32
11F4  631E        IO   631E
11F5  6B20        IO   6B20
11F6  8E48        PSH 0,1
11F7  631F        IO   631F
11F8  EC38 3FEA   ELEF 1,3FEA   ; [3FEA] = 9
11FA  8E48        PSH 0,1
11FB  0C0C 6F3E   JSR @12            ; overlay call, arg 6F3E
11FD  5020        STA 2,32
11FE  8400        ADC 0,0
11FF  EC38 3FDA   ELEF 1,3FDA   ; [3FDA] = 0
1201  0C34        JSR @52
1202  5020        STA 2,32
1203  8400        ADC 0,0
1204  EC38 3FFE   ELEF 1,3FFE   ; -> "Game saved." (len 11)
1206  0C31        JSR @49
1207  5020        STA 2,32
1208  0C38        JSR @56
1209  8538 010C   EJMP 010C,PC   ; -> 1316
120B  ED38 015F   ELEF 1,015F,PC   ; -> 136B
120D  6314        IO   6314
120E  0C4C        JSR @76
120F  3020        LDA 2,32
1210  8648        PSH 0,0
1211  E438 020E   ELEF 0,020E   ; = 526
1213  EC38 3FEA   ELEF 1,3FEA   ; [3FEA] = 9
1215  8E48        PSH 0,1
1216  0C0C 7001   JSR @12            ; overlay call, arg 7001
1218  5020        STA 2,32
1219  8500        SUB 0,0
121A  6804        IO   6804
121B  431E        STA 0,30,3
121C  4B20        STA 1,32,3
121D  6320        IO   6320
121E  EC38 0221   ELEF 1,0221   ; = 545
1220  8E48        PSH 0,1
1221  631E        IO   631E
1222  EC38 3FEA   ELEF 1,3FEA   ; [3FEA] = 9
1224  8E48        PSH 0,1
1225  0C0C 6F0B   JSR @12            ; overlay call, arg 6F0B
1227  5020        STA 2,32
1228  F438 01C1   ELEF 2,01C1   ; = 449
122A  5308        STA 2,8,3
122B  F438 020D   ELEF 2,020D   ; = 525
122D  A438 4007   ELDA 0,4007   ; [4007] = 1
122F  AC38 0221   ELDA 1,0221   ; = 545
1231  C808        ADI 2,1
1232  4303        STA 0,3,3
1233  2308        LDA 0,8,3
1234  4B20        STA 1,32,3
1235  2F20        LDA 1,@32,3
1236  5307        STA 2,7,3
1237  8D0D        SUB# 0,1,SNR
1238  0104        JMP 4,PC   ; -> 123C
1239  A438 4008   ELDA 0,4008   ; [4008] = 0
123B  4303        STA 0,3,3
123C  A438 0221   ELDA 0,0221   ; = 545
123E  E008        ADI 3,0
123F  2B07        LDA 1,7,3
1240  4320        STA 0,32,3
1241  3720        LDA 2,@32,3
1242  B50D        SUB# 1,2,SNR
1243  0104        JMP 4,PC   ; -> 1247
1244  A438 4008   ELDA 0,4008   ; [4008] = 0
1246  4303        STA 0,3,3
1247  A438 0221   ELDA 0,0221   ; = 545
1249  E7F8 0017   ADDI 0017,0
124B  AC38 01D3   ELDA 1,01D3   ; = 467
124D  4320        STA 0,32,3
124E  3720        LDA 2,@32,3
124F  B50D        SUB# 1,2,SNR
1250  0104        JMP 4,PC   ; -> 1254
1251  A438 4008   ELDA 0,4008   ; [4008] = 0
1253  4303        STA 0,3,3
1254  2303        LDA 0,3,3
1255  820C        MOV# 0,0,SZR
1256  0103        JMP 3,PC   ; -> 1259
1257  8538 0120   EJMP 0120,PC   ; -> 1378
1259  AD00        SUB 1,1
125A  4B06        STA 1,6,3
125B  2307        LDA 0,7,3
125C  2B08        LDA 1,8,3
125D  A500        SUB 1,0
125E  3306        LDA 2,6,3
125F  9248        SGE 0,2
1260  0110        JMP 16,PC   ; -> 1270
1261  A438 0221   ELDA 0,0221   ; = 545
1263  9600        ADD 0,2
1264  F7F8 0005   ADDI 0005,2
1266  2306        LDA 0,6,3
1267  8E00        ADD 0,1
1268  5320        STA 2,32,3
1269  2200        LDA 0,0,2
126A  4B20        STA 1,32,3
126B  4720        STA 0,@32,3
126C  2306        LDA 0,6,3
126D  8300        INC 0,0
126E  4306        STA 0,6,3
126F  01EC        JMP -20,PC   ; -> 125B
1270  A438 0221   ELDA 0,0221   ; = 545
1272  2B06        LDA 1,6,3
1273  8E00        ADD 0,1
1274  4B1E        STA 1,30,3
1275  EFF8 0006   ADDI 0006,1
1277  4B1F        STA 1,31,3
1278  371F        LDA 2,@31,3
1279  2B1E        LDA 1,30,3
127A  EFF8 0007   ADDI 0007,1
127C  5711        STA 2,@17,3
127D  4B1E        STA 1,30,3
127E  371E        LDA 2,@30,3
127F  2B06        LDA 1,6,3
1280  EFF8 0008   ADDI 0008,1
1282  5713        STA 2,@19,3
1283  B438 01B6   ELDA 2,01B6   ; = 438
1285  8500        SUB 0,0
1286  4307        STA 0,7,3
1287  4B06        STA 1,6,3
1288  5308        STA 2,8,3
1289  2307        LDA 0,7,3
128A  681D        IO   681D
128B  A248        SGE 1,0
128C  0111        JMP 17,PC   ; -> 129D
128D  B438 0221   ELDA 2,0221   ; = 545
128F  9600        ADD 0,2
1290  2306        LDA 0,6,3
1291  9600        ADD 0,2
1292  2307        LDA 0,7,3
1293  2B08        LDA 1,8,3
1294  8E00        ADD 0,1
1295  531E        STA 2,30,3
1296  2200        LDA 0,0,2
1297  4B1E        STA 1,30,3
1298  471E        STA 0,@30,3
1299  2307        LDA 0,7,3
129A  8300        INC 0,0
129B  4307        STA 0,7,3
129C  01ED        JMP -19,PC   ; -> 1289
129D  2306        LDA 0,6,3
129E  E7F8 0028   ADDI 0028,0
12A0  B438 01BF   ELDA 2,01BF   ; = 447
12A2  AD00        SUB 1,1
12A3  4306        STA 0,6,3
12A4  4B07        STA 1,7,3
12A5  5308        STA 2,8,3
12A6  2307        LDA 0,7,3
12A7  680B        IO   680B
12A8  A248        SGE 1,0
12A9  0111        JMP 17,PC   ; -> 12BA
12AA  B438 0221   ELDA 2,0221   ; = 545
12AC  9600        ADD 0,2
12AD  2306        LDA 0,6,3
12AE  9600        ADD 0,2
12AF  2307        LDA 0,7,3
12B0  2B08        LDA 1,8,3
12B1  8E00        ADD 0,1
12B2  531F        STA 2,31,3
12B3  2200        LDA 0,0,2
12B4  4B1F        STA 1,31,3
12B5  471F        STA 0,@31,3
12B6  2307        LDA 0,7,3
12B7  8300        INC 0,0
12B8  4307        STA 0,7,3
12B9  01ED        JMP -19,PC   ; -> 12A6
12BA  8550        SUBZL 0,0
12BB  B438 01B7   ELDA 2,01B7   ; = 439
12BD  6806        IO   6806
12BE  4321        STA 0,33,3
12BF  4B22        STA 1,34,3
12C0  5323        STA 2,35,3
12C1  3020        LDA 2,32
12C2  6322        IO   6322
12C3  6B23        IO   6B23
12C4  8E48        PSH 0,1
12C5  6321        IO   6321
12C6  EC38 3FEA   ELEF 1,3FEA   ; [3FEA] = 9
12C8  8E48        PSH 0,1
12C9  0C0C 6F0B   JSR @12            ; overlay call, arg 6F0B
12CB  5020        STA 2,32
12CC  A438 01DD   ELDA 0,01DD   ; = 477
12CE  820C        MOV# 0,0,SZR
12CF  AD01        SUB 1,1,SKP
12D0  AD50        SUBZL 1,1
12D1  A438 01D2   ELDA 0,01D2   ; = 466
12D3  820C        MOV# 0,0,SZR
12D4  D501        SUB 2,2,SKP
12D5  D550        SUBZL 2,2
12D6  B108        IOR 1,2
12D7  D20D        MOV# 2,2,SNR
12D8  0117        JMP 23,PC   ; -> 12EF
12D9  3020        LDA 2,32
12DA  8400        ADC 0,0
12DB  EC38 3FDA   ELEF 1,3FDA   ; [3FDA] = 0
12DD  0C34        JSR @52
12DE  5020        STA 2,32
12DF  8400        ADC 0,0
12E0  EC38 400A   ELEF 1,400A   ; -> "Game recalled.." (len 15)
12E2  0C31        JSR @49
12E3  5020        STA 2,32
12E4  0C38        JSR @56
12E5  E438 4015   ELEF 0,4015   ; [4015] = 203
12E7  8648        PSH 0,0
12E8  0C0C 5D26   JSR @12            ; overlay call, arg 5D26
12EA  5020        STA 2,32
12EB  0C0C 0173   JSR @12            ; overlay call, arg 0173
12ED  0C0C 6E84   JSR @12            ; overlay call, arg 6E84
12EF  A438 01E1   ELDA 0,01E1   ; = 481
12F1  8048        SBI 0,0
12F2  4322        STA 0,34,3
12F3  3020        LDA 2,32
12F4  6B22        IO   6B22
12F5  AE48        PSH 1,1
12F6  0C0C 5EA8   JSR @12            ; overlay call, arg 5EA8
12F8  5020        STA 2,32
12F9  8400        ADC 0,0
12FA  C438 01DF   ESTA 0,01DF   ; = 479
12FC  C438 01E0   ESTA 0,01E0   ; = 480
12FE  AD00        SUB 1,1
12FF  C438 01DA   ESTA 0,01DA   ; = 474
1301  CC38 01FB   ESTA 1,01FB   ; = 507
1303  8400        ADC 0,0
1304  EC38 3FDA   ELEF 1,3FDA   ; [3FDA] = 0
1306  0C34        JSR @52
1307  5020        STA 2,32
1308  8400        ADC 0,0
1309  EC38 400A   ELEF 1,400A   ; -> "Game recalled.." (len 15)
130B  0C31        JSR @49
130C  5020        STA 2,32
130D  0C38        JSR @56
130E  E438 3FFD   ELEF 0,3FFD   ; [3FFD] = 1
1310  EC38 01D5   ELEF 1,01D5   ; = 469
1312  8E48        PSH 0,1
1313  0C0C 58F3   JSR @12            ; overlay call, arg 58F3
1315  5020        STA 2,32
1316  3020        LDA 2,32
1317  E438 3FEA   ELEF 0,3FEA   ; [3FEA] = 9
1319  8648        PSH 0,0
131A  0C0C 6F89   JSR @12            ; overlay call, arg 6F89
131C  5020        STA 2,32
131D  8538 008C   EJMP 008C,PC   ; -> 13AA
131F  3020        LDA 2,32
1320  8400        ADC 0,0
1321  EC38 3FDA   ELEF 1,3FDA   ; [3FDA] = 0
1323  0C34        JSR @52
1324  5020        STA 2,32
1325  8400        ADC 0,0
1326  EC38 4016   ELEF 1,4016   ; -> "Filename already exist ... " (len 27)
1328  0C31        JSR @49
1329  5020        STA 2,32
132A  8400        ADC 0,0
132B  EC38 4027   ELEF 1,4027   ; -> " should I delete it [N]? " (len 25)
132D  0C31        JSR @49
132E  5020        STA 2,32
132F  0C38        JSR @56
1330  8400        ADC 0,0
1331  EC38 3FDA   ELEF 1,3FDA   ; [3FDA] = 0
1333  0C35        JSR @53
1334  5020        STA 2,32
1335  8400        ADC 0,0
1336  6B09        IO   6B09
1337  0C33        JSR @51
1338  5020        STA 2,32
1339  0C37        JSR @55
133A  EC38 3FFD   ELEF 1,3FFD   ; [3FFD] = 1
133C  AE48        PSH 1,1
133D  6309        IO   6309
133E  6B14        IO   6B14
133F  0C5D        JSR @93
1340  5020        STA 2,32
1341  A200        MOV 1,0
1342  EC38 4037   ELEF 1,4037   ; -> "y" (len 1)
1344  0C54        JSR @84
1345  010C        JMP 12,PC   ; -> 1351
1346  EC38 3FFD   ELEF 1,3FFD   ; [3FFD] = 1
1348  AE48        PSH 1,1
1349  6309        IO   6309
134A  6B14        IO   6B14
134B  0C5D        JSR @93
134C  5020        STA 2,32
134D  A200        MOV 1,0
134E  EC38 403B   ELEF 1,403B   ; -> "Y" (len 1)
1350  0C5C        JSR @92
1351  3020        LDA 2,32
1352  EC38 3FFD   ELEF 1,3FFD   ; [3FFD] = 1
1354  AE48        PSH 1,1
1355  6309        IO   6309
1356  6B14        IO   6B14
1357  0C5D        JSR @93
1358  5020        STA 2,32
1359  A200        MOV 1,0
135A  EC38 403B   ELEF 1,403B   ; -> "Y" (len 1)
135C  0C54        JSR @84
135D  010D        JMP 13,PC   ; -> 136A
135E  ED38 002C   ELEF 1,002C,PC   ; -> 138B
1360  6314        IO   6314
1361  0C4C        JSR @76
1362  EC38 020E   ELEF 1,020E   ; = 526
1364  8E48        PSH 0,1
1365  0C0C 6E33   JSR @12            ; overlay call, arg 6E33
1367  5020        STA 2,32
1368  8538 7DBD   EJMP 7DBD,PC   ; -> 1126
136A  0140        JMP 64,PC   ; -> 13AA
136B  3020        LDA 2,32
136C  8400        ADC 0,0
136D  EC38 3FDA   ELEF 1,3FDA   ; [3FDA] = 0
136F  0C34        JSR @52
1370  5020        STA 2,32
1371  8400        ADC 0,0
1372  EC38 403F   ELEF 1,403F   ; -> "Error -- cannote open output file." (len 34)
1374  0C31        JSR @49
1375  5020        STA 2,32
1376  0C38        JSR @56
1377  0133        JMP 51,PC   ; -> 13AA
1378  3020        LDA 2,32
1379  8400        ADC 0,0
137A  EC38 3FDA   ELEF 1,3FDA   ; [3FDA] = 0
137C  0C34        JSR @52
137D  5020        STA 2,32
137E  8400        ADC 0,0
137F  EC38 4054   ELEF 1,4054   ; -> "Error -- revision mismatch." (len 27)
1381  0C31        JSR @49
1382  5020        STA 2,32
1383  0C38        JSR @56
1384  E438 3FEA   ELEF 0,3FEA   ; [3FEA] = 9
1386  8648        PSH 0,0
1387  0C0C 6F89   JSR @12            ; overlay call, arg 6F89
1389  5020        STA 2,32
138A  0120        JMP 32,PC   ; -> 13AA
138B  3020        LDA 2,32
138C  8400        ADC 0,0
138D  EC38 3FDA   ELEF 1,3FDA   ; [3FDA] = 0
138F  0C34        JSR @52
1390  5020        STA 2,32
1391  8400        ADC 0,0
1392  EC38 4065   ELEF 1,4065   ; -> "Error -- cannot delete output file." (len 35)
1394  0C31        JSR @49
1395  5020        STA 2,32
1396  0C38        JSR @56
1397  0113        JMP 19,PC   ; -> 13AA
1398  3020        LDA 2,32
1399  8400        ADC 0,0
139A  EC38 3FDA   ELEF 1,3FDA   ; [3FDA] = 0
139C  0C34        JSR @52
139D  5020        STA 2,32
139E  8400        ADC 0,0
139F  EC38 407A   ELEF 1,407A   ; -> "Error -- filename must be less than 28 characters" (len 49)
13A1  0C31        JSR @49
13A2  5020        STA 2,32
13A3  8400        ADC 0,0
13A4  EC38 4096   ELEF 1,4096   ; -> "." (len 1)
13A6  0C31        JSR @49
13A7  5020        STA 2,32
13A8  0C38        JSR @56
13A9  0101        JMP 1,PC   ; -> 13AA
13AA  0C63        JSR @99
13AB  AFC8        RTN
13AC  E7C8 0006   SAVE 6             ; frame
13AE  0C62        JSR @98
13AF  EC38 409A   ELEF 1,409A   ; [409A] = 40
13B1  6304        IO   6304
13B2  0C59        JSR @89
13B3  3020        LDA 2,32
13B4  8400        ADC 0,0
13B5  EC38 409B   ELEF 1,409B   ; [409B] = 0
13B7  0C34        JSR @52
13B8  5020        STA 2,32
13B9  8400        ADC 0,0
13BA  EC38 409C   ELEF 1,409C   ; -> "You currently have " (len 19)
13BC  0C31        JSR @49
13BD  5020        STA 2,32
13BE  8400        ADC 0,0
13BF  EC38 01D7   ELEF 1,01D7   ; = 471
13C1  0C30        JSR @48
13C2  5020        STA 2,32
13C3  8400        ADC 0,0
13C4  EC38 40A9   ELEF 1,40A9   ; -> " out of " (len 8)
13C6  0C31        JSR @49
13C7  5020        STA 2,32
13C8  8400        ADC 0,0
13C9  EC38 01F5   ELEF 1,01F5   ; = 501
13CB  0C30        JSR @48
13CC  5020        STA 2,32
13CD  8400        ADC 0,0
13CE  EC38 40B1   ELEF 1,40B1   ; -> " points, requiring " (len 19)
13D0  0C31        JSR @49
13D1  5020        STA 2,32
13D2  8400        ADC 0,0
13D3  EC38 01D2   ELEF 1,01D2   ; = 466
13D5  0C30        JSR @48
13D6  5020        STA 2,32
13D7  8400        ADC 0,0
13D8  EC38 40BE   ELEF 1,40BE   ; -> " moves." (len 7)
13DA  0C31        JSR @49
13DB  5020        STA 2,32
13DC  0C38        JSR @56
13DD  A438 01CC   ELDA 0,01CC   ; = 460
13DF  820D        MOV# 0,0,SNR
13E0  012A        JMP 42,PC   ; -> 140A
13E1  8400        ADC 0,0
13E2  EC38 40C5   ELEF 1,40C5   ; [40C5] = 10
13E4  0C34        JSR @52
13E5  5020        STA 2,32
13E6  8400        ADC 0,0
13E7  EC38 409C   ELEF 1,409C   ; -> "You currently have " (len 19)
13E9  0C31        JSR @49
13EA  5020        STA 2,32
13EB  8400        ADC 0,0
13EC  EC38 01D7   ELEF 1,01D7   ; = 471
13EE  0C30        JSR @48
13EF  5020        STA 2,32
13F0  8400        ADC 0,0
13F1  EC38 40A9   ELEF 1,40A9   ; -> " out of " (len 8)
13F3  0C31        JSR @49
13F4  5020        STA 2,32
13F5  8400        ADC 0,0
13F6  EC38 01F5   ELEF 1,01F5   ; = 501
13F8  0C30        JSR @48
13F9  5020        STA 2,32
13FA  8400        ADC 0,0
13FB  EC38 40B1   ELEF 1,40B1   ; -> " points, requiring " (len 19)
13FD  0C31        JSR @49
13FE  5020        STA 2,32
13FF  8400        ADC 0,0
1400  EC38 01D2   ELEF 1,01D2   ; = 466
1402  0C30        JSR @48
1403  5020        STA 2,32
1404  8400        ADC 0,0
1405  EC38 40BE   ELEF 1,40BE   ; -> " moves." (len 7)
1407  0C31        JSR @49
1408  5020        STA 2,32
1409  0C38        JSR @56
140A  A438 01D7   ELDA 0,01D7   ; = 471
140C  820C        MOV# 0,0,SZR
140D  0106        JMP 6,PC   ; -> 1413
140E  6304        IO   6304
140F  EC38 40C6   ELEF 1,40C6   ; -> "ABSOLUTE MORON" (len 14)
1411  0C5C        JSR @92
1412  012D        JMP 45,PC   ; -> 143F
1413  6032        IO   6032
1414  AC38 01D7   ELDA 1,01D7   ; = 471
1416  8A08        SGT 0,1
1417  0106        JMP 6,PC   ; -> 141D
1418  6304        IO   6304
1419  EC38 40D2   ELEF 1,40D2   ; -> "ABECEDARIAN" (len 11)
141B  0C5C        JSR @92
141C  0123        JMP 35,PC   ; -> 143F
141D  6064        IO   6064
141E  AC38 01D7   ELDA 1,01D7   ; = 471
1420  8A08        SGT 0,1
1421  0106        JMP 6,PC   ; -> 1427
1422  6304        IO   6304
1423  EC38 40DC   ELEF 1,40DC   ; -> "TYRO" (len 4)
1425  0C5C        JSR @92
1426  0119        JMP 25,PC   ; -> 143F
1427  6096        IO   6096
1428  AC38 01D7   ELDA 1,01D7   ; = 471
142A  8A08        SGT 0,1
142B  0106        JMP 6,PC   ; -> 1431
142C  6304        IO   6304
142D  EC38 40E3   ELEF 1,40E3   ; -> "AMATEUR" (len 7)
142F  0C5C        JSR @92
1430  010F        JMP 15,PC   ; -> 143F
1431  60C8        IO   60C8
1432  AC38 01D7   ELDA 1,01D7   ; = 471
1434  8A08        SGT 0,1
1435  0106        JMP 6,PC   ; -> 143B
1436  6304        IO   6304
1437  EC38 40EB   ELEF 1,40EB   ; -> "INTERMEDIATE" (len 12)
1439  0C5C        JSR @92
143A  0105        JMP 5,PC   ; -> 143F
143B  6304        IO   6304
143C  EC38 40F5   ELEF 1,40F5   ; -> "DEVELOPER" (len 9)
143E  0C5C        JSR @92
143F  3020        LDA 2,32
1440  6304        IO   6304
1441  EC38 40FD   ELEF 1,40FD   ; [40FD] = 208
1443  8E48        PSH 0,1
1444  0C0C 5DBE   JSR @12            ; overlay call, arg 5DBE
1446  5020        STA 2,32
1447  0C63        JSR @99
1448  AFC8        RTN
1449  E7C8 0003   SAVE 3             ; frame
144B  0C62        JSR @98
144C  8688        POP 0,0
144D  AD00        SUB 1,1
144E  AE48        PSH 1,1
144F  7002        IO   7002
1450  D648        PSH 2,2
1451  AD50        SUBZL 1,1
1452  B648        PSH 1,2
1453  6803        IO   6803
1454  3020        LDA 2,32
1455  8EF8        MSP 0
1456  4420        STA 0,@32
1457  5303        STA 2,3,3
1458  3020        LDA 2,32
1459  2303        LDA 0,3,3
145A  EC38 4102   ELEF 1,4102   ; -> "@CONSOLE" (len 8)
145C  8E48        PSH 0,1
145D  0C0C 6DB5   JSR @12            ; overlay call, arg 6DB5
145F  5020        STA 2,32
1460  2308        LDA 0,8,3
1461  C7F8 FF7F   ANDI FF7F,0
1463  4308        STA 0,8,3
1464  2303        LDA 0,3,3
1465  EC38 4102   ELEF 1,4102   ; -> "@CONSOLE" (len 8)
1467  8E48        PSH 0,1
1468  0C0C 6DC8   JSR @12            ; overlay call, arg 6DC8
146A  5020        STA 2,32
146B  0C63        JSR @99
146C  AFC8        RTN
146D  0000        JMP 0
146E  0000        JMP 0
146F  0000        JMP 0
1470  0000        JMP 0
1471  0000        JMP 0
1472  0000        JMP 0
1473  0000        JMP 0
1474  0000        JMP 0
1475  0000        JMP 0
1476  0000        JMP 0
1477  0000        JMP 0
1478  0000        JMP 0
1479  0000        JMP 0
147A  0000        JMP 0
147B  0000        JMP 0
147C  0000        JMP 0
147D  0000        JMP 0
147E  0000        JMP 0
147F  0000        JMP 0
1480  0000        JMP 0
1481  0000        JMP 0
1482  0000        JMP 0
1483  0000        JMP 0
1484  0000        JMP 0
1485  0000        JMP 0
1486  0000        JMP 0
1487  0000        JMP 0
1488  0000        JMP 0
1489  0000        JMP 0
148A  0000        JMP 0
148B  0000        JMP 0
148C  0000        JMP 0
148D  0000        JMP 0
148E  0000        JMP 0
148F  0000        JMP 0
1490  0000        JMP 0
1491  0000        JMP 0
1492  0000        JMP 0
1493  0000        JMP 0
1494  0000        JMP 0
1495  0000        JMP 0
1496  0000        JMP 0
1497  0000        JMP 0
1498  0000        JMP 0
1499  0000        JMP 0
149A  0000        JMP 0
149B  0000        JMP 0
149C  0000        JMP 0
149D  0000        JMP 0
149E  0000        JMP 0
149F  0000        JMP 0
14A0  0000        JMP 0
14A1  0000        JMP 0
14A2  0000        JMP 0
14A3  0000        JMP 0
14A4  0000        JMP 0
14A5  0000        JMP 0
14A6  0000        JMP 0
14A7  0000        JMP 0
14A8  0000        JMP 0
14A9  0000        JMP 0
14AA  0000        JMP 0
14AB  0000        JMP 0
14AC  0000        JMP 0
14AD  0000        JMP 0
14AE  0000        JMP 0
14AF  0000        JMP 0
14B0  0000        JMP 0
14B1  0000        JMP 0
14B2  0000        JMP 0
14B3  0000        JMP 0
14B4  0000        JMP 0
14B5  0000        JMP 0
14B6  0000        JMP 0
14B7  0000        JMP 0
14B8  0000        JMP 0
14B9  0000        JMP 0
14BA  0000        JMP 0
14BB  0000        JMP 0
14BC  0000        JMP 0
14BD  0000        JMP 0
14BE  0000        JMP 0
14BF  0000        JMP 0
14C0  0000        JMP 0
14C1  0000        JMP 0
14C2  0000        JMP 0
14C3  0000        JMP 0
14C4  0000        JMP 0
14C5  0000        JMP 0
14C6  0000        JMP 0
14C7  0000        JMP 0
14C8  0000        JMP 0
14C9  0000        JMP 0
14CA  0000        JMP 0
14CB  0000        JMP 0
14CC  0000        JMP 0
14CD  0000        JMP 0
14CE  0000        JMP 0
14CF  0000        JMP 0
14D0  0000        JMP 0
14D1  0000        JMP 0
14D2  0000        JMP 0
14D3  0000        JMP 0
14D4  0000        JMP 0
14D5  0000        JMP 0
14D6  0000        JMP 0
14D7  0000        JMP 0
14D8  0000        JMP 0
14D9  0000        JMP 0
14DA  0000        JMP 0
14DB  0000        JMP 0
14DC  0000        JMP 0
14DD  0000        JMP 0
14DE  0000        JMP 0
14DF  0000        JMP 0
14E0  0000        JMP 0
14E1  0000        JMP 0
14E2  0000        JMP 0
14E3  0000        JMP 0
14E4  0000        JMP 0
14E5  0000        JMP 0
14E6  0000        JMP 0
14E7  0000        JMP 0
14E8  0000        JMP 0
14E9  0000        JMP 0
14EA  0000        JMP 0
14EB  0000        JMP 0
14EC  0000        JMP 0
14ED  0000        JMP 0
14EE  0000        JMP 0
14EF  0000        JMP 0
14F0  0000        JMP 0
14F1  0000        JMP 0
14F2  0000        JMP 0
14F3  0000        JMP 0
14F4  0000        JMP 0
14F5  0000        JMP 0
14F6  0000        JMP 0
14F7  0000        JMP 0
14F8  0000        JMP 0
14F9  0000        JMP 0
14FA  0000        JMP 0
14FB  0000        JMP 0
14FC  0000        JMP 0
14FD  0000        JMP 0
14FE  0000        JMP 0
14FF  0000        JMP 0
1500  0000        JMP 0
1501  0000        JMP 0
1502  0000        JMP 0
1503  0000        JMP 0
1504  0000        JMP 0
1505  0000        JMP 0
1506  0000        JMP 0
1507  0000        JMP 0
1508  0000        JMP 0
1509  0000        JMP 0
150A  0000        JMP 0
150B  0000        JMP 0
150C  0000        JMP 0
150D  0000        JMP 0
150E  0000        JMP 0
150F  0000        JMP 0
1510  0000        JMP 0
1511  0000        JMP 0
1512  0000        JMP 0
1513  0000        JMP 0
1514  0000        JMP 0
1515  0000        JMP 0
1516  0000        JMP 0
1517  0000        JMP 0
1518  0000        JMP 0
1519  0000        JMP 0
151A  0000        JMP 0
151B  0000        JMP 0
151C  0000        JMP 0
151D  0000        JMP 0
151E  0000        JMP 0
151F  0000        JMP 0
1520  0000        JMP 0
1521  0000        JMP 0
1522  0000        JMP 0
1523  0000        JMP 0
1524  0000        JMP 0
1525  0000        JMP 0
1526  0000        JMP 0
1527  0000        JMP 0
1528  0000        JMP 0
1529  0000        JMP 0
152A  0000        JMP 0
152B  0000        JMP 0
152C  0000        JMP 0
152D  0000        JMP 0
152E  0000        JMP 0
152F  0000        JMP 0
1530  0000        JMP 0
1531  0000        JMP 0
1532  0000        JMP 0
1533  0000        JMP 0
1534  0000        JMP 0
1535  0000        JMP 0
1536  0000        JMP 0
1537  0000        JMP 0
1538  0000        JMP 0
1539  0000        JMP 0
153A  0000        JMP 0
153B  0000        JMP 0
153C  0000        JMP 0
153D  0000        JMP 0
153E  0000        JMP 0
153F  0000        JMP 0
1540  0000        JMP 0
1541  0000        JMP 0
1542  0000        JMP 0
1543  0000        JMP 0
1544  0000        JMP 0
1545  0000        JMP 0
1546  0000        JMP 0
1547  0000        JMP 0
1548  0000        JMP 0
1549  0000        JMP 0
154A  0000        JMP 0
154B  0000        JMP 0
154C  0000        JMP 0
154D  0000        JMP 0
154E  0000        JMP 0
154F  0000        JMP 0
1550  0000        JMP 0
1551  0000        JMP 0
1552  0000        JMP 0
1553  0000        JMP 0
1554  0000        JMP 0
1555  0000        JMP 0
1556  0000        JMP 0
1557  0000        JMP 0
1558  0000        JMP 0
1559  0000        JMP 0
155A  0000        JMP 0
155B  0000        JMP 0
155C  0000        JMP 0
155D  0000        JMP 0
155E  0000        JMP 0
155F  0000        JMP 0
1560  0000        JMP 0
1561  0000        JMP 0
1562  0000        JMP 0
1563  0000        JMP 0
1564  0000        JMP 0
1565  0000        JMP 0
1566  0000        JMP 0
1567  0000        JMP 0
1568  0000        JMP 0
1569  0000        JMP 0
156A  0000        JMP 0
156B  0000        JMP 0
156C  0000        JMP 0
156D  0000        JMP 0
156E  0000        JMP 0
156F  0000        JMP 0
1570  0000        JMP 0
1571  0000        JMP 0
1572  0000        JMP 0
1573  0000        JMP 0
1574  0000        JMP 0
1575  0000        JMP 0
1576  0000        JMP 0
1577  0000        JMP 0
1578  0000        JMP 0
1579  0000        JMP 0
157A  0000        JMP 0
157B  0000        JMP 0
157C  0000        JMP 0
157D  0000        JMP 0
157E  0000        JMP 0
157F  0000        JMP 0
1580  0000        JMP 0
1581  0000        JMP 0
1582  0000        JMP 0
1583  0000        JMP 0
1584  0000        JMP 0
1585  0000        JMP 0
1586  0000        JMP 0
1587  0000        JMP 0
1588  0000        JMP 0
1589  0000        JMP 0
158A  0000        JMP 0
158B  0000        JMP 0
158C  0000        JMP 0
158D  0000        JMP 0
158E  0000        JMP 0
158F  0000        JMP 0
1590  0000        JMP 0
1591  0000        JMP 0
1592  0000        JMP 0
1593  0000        JMP 0
1594  0000        JMP 0
1595  0000        JMP 0
1596  0000        JMP 0
1597  0000        JMP 0
1598  0000        JMP 0
1599  0000        JMP 0
159A  0000        JMP 0
159B  0000        JMP 0
159C  0000        JMP 0
159D  0000        JMP 0
159E  0000        JMP 0
159F  0000        JMP 0
15A0  0000        JMP 0
15A1  0000        JMP 0
15A2  0000        JMP 0
15A3  0000        JMP 0
15A4  0000        JMP 0
15A5  0000        JMP 0
15A6  0000        JMP 0
15A7  0000        JMP 0
15A8  0000        JMP 0
15A9  0000        JMP 0
15AA  0000        JMP 0
15AB  0000        JMP 0
15AC  0000        JMP 0
15AD  0000        JMP 0
15AE  0000        JMP 0
15AF  0000        JMP 0
15B0  0000        JMP 0
15B1  0000        JMP 0
15B2  0000        JMP 0
15B3  0000        JMP 0
15B4  0000        JMP 0
15B5  0000        JMP 0
15B6  0000        JMP 0
15B7  0000        JMP 0
15B8  0000        JMP 0
15B9  0000        JMP 0
15BA  0000        JMP 0
15BB  0000        JMP 0
15BC  0000        JMP 0
15BD  0000        JMP 0
15BE  0000        JMP 0
15BF  0000        JMP 0
15C0  0000        JMP 0
15C1  0000        JMP 0
15C2  0000        JMP 0
15C3  0000        JMP 0
15C4  0000        JMP 0
15C5  0000        JMP 0
15C6  0000        JMP 0
15C7  0000        JMP 0
15C8  0000        JMP 0
15C9  0000        JMP 0
15CA  0000        JMP 0
15CB  0000        JMP 0
15CC  0000        JMP 0
15CD  0000        JMP 0
15CE  0000        JMP 0
15CF  0000        JMP 0
15D0  0000        JMP 0
15D1  0000        JMP 0
15D2  0000        JMP 0
15D3  0000        JMP 0
15D4  0000        JMP 0
15D5  0000        JMP 0
15D6  0000        JMP 0
15D7  0000        JMP 0
15D8  0000        JMP 0
15D9  0000        JMP 0
15DA  0000        JMP 0
15DB  0000        JMP 0
15DC  0000        JMP 0
15DD  0000        JMP 0
15DE  0000        JMP 0
15DF  0000        JMP 0
15E0  0000        JMP 0
15E1  0000        JMP 0
15E2  0000        JMP 0
15E3  0000        JMP 0
15E4  0000        JMP 0
15E5  0000        JMP 0
15E6  0000        JMP 0
15E7  0000        JMP 0
15E8  0000        JMP 0
15E9  0000        JMP 0
15EA  0000        JMP 0
15EB  0000        JMP 0
15EC  0000        JMP 0
15ED  0000        JMP 0
15EE  0000        JMP 0
15EF  0000        JMP 0
15F0  0000        JMP 0
15F1  0000        JMP 0
15F2  0000        JMP 0
15F3  0000        JMP 0
15F4  0000        JMP 0
15F5  0000        JMP 0
15F6  0000        JMP 0
15F7  0000        JMP 0
15F8  0000        JMP 0
15F9  0000        JMP 0
15FA  0000        JMP 0
15FB  0000        JMP 0
15FC  0000        JMP 0
15FD  0000        JMP 0
15FE  0000        JMP 0
15FF  0000        JMP 0
1600  0000        JMP 0
1601  0000        JMP 0
1602  0000        JMP 0
1603  0000        JMP 0
1604  0000        JMP 0
1605  0000        JMP 0
1606  0000        JMP 0
1607  0000        JMP 0
1608  0000        JMP 0
1609  0000        JMP 0
160A  0000        JMP 0
160B  0000        JMP 0
160C  0000        JMP 0
160D  0000        JMP 0
160E  0000        JMP 0
160F  0000        JMP 0
1610  0000        JMP 0
1611  0000        JMP 0
1612  0000        JMP 0
1613  0000        JMP 0
1614  0000        JMP 0
1615  0000        JMP 0
1616  0000        JMP 0
1617  0000        JMP 0
1618  0000        JMP 0
1619  0000        JMP 0
161A  0000        JMP 0
161B  0000        JMP 0
161C  0000        JMP 0
161D  0000        JMP 0
161E  0000        JMP 0
161F  0000        JMP 0
1620  0000        JMP 0
1621  0000        JMP 0
1622  0000        JMP 0
1623  0000        JMP 0
1624  0000        JMP 0
1625  0000        JMP 0
1626  0000        JMP 0
1627  0000        JMP 0
1628  0000        JMP 0
1629  0000        JMP 0
162A  0000        JMP 0
162B  0000        JMP 0
162C  0000        JMP 0
162D  0000        JMP 0
162E  0000        JMP 0
162F  0000        JMP 0
1630  0000        JMP 0
1631  0000        JMP 0
1632  0000        JMP 0
1633  0000        JMP 0
1634  0000        JMP 0
1635  0000        JMP 0
1636  0000        JMP 0
1637  0000        JMP 0
1638  0000        JMP 0
1639  0000        JMP 0
163A  0000        JMP 0
163B  0000        JMP 0
163C  0000        JMP 0
163D  0000        JMP 0
163E  0000        JMP 0
163F  0000        JMP 0
1640  0000        JMP 0
1641  0000        JMP 0
1642  0000        JMP 0
1643  0000        JMP 0
1644  0000        JMP 0
1645  0000        JMP 0
1646  0000        JMP 0
1647  0000        JMP 0
1648  0000        JMP 0
1649  0000        JMP 0
164A  0000        JMP 0
164B  0000        JMP 0
164C  0000        JMP 0
164D  0000        JMP 0
164E  0000        JMP 0
164F  0000        JMP 0
1650  0000        JMP 0
1651  0000        JMP 0
1652  0000        JMP 0
1653  0000        JMP 0
1654  0000        JMP 0
1655  0000        JMP 0
1656  0000        JMP 0
1657  0000        JMP 0
1658  0000        JMP 0
1659  0000        JMP 0
165A  0000        JMP 0
165B  0000        JMP 0
165C  0000        JMP 0
165D  0000        JMP 0
165E  0000        JMP 0
165F  0000        JMP 0
1660  0000        JMP 0
1661  0000        JMP 0
1662  0000        JMP 0
1663  0000        JMP 0
1664  0000        JMP 0
1665  0000        JMP 0
1666  0000        JMP 0
1667  0000        JMP 0
1668  0000        JMP 0
1669  0000        JMP 0
166A  0000        JMP 0
166B  0000        JMP 0
166C  0000        JMP 0
166D  0000        JMP 0
166E  0000        JMP 0
166F  0000        JMP 0
1670  0000        JMP 0
1671  0000        JMP 0
1672  0000        JMP 0
1673  0000        JMP 0
1674  0000        JMP 0
1675  0000        JMP 0
1676  0000        JMP 0
1677  0000        JMP 0
1678  0000        JMP 0
1679  0000        JMP 0
167A  0000        JMP 0
167B  0000        JMP 0
167C  0000        JMP 0
167D  0000        JMP 0
167E  0000        JMP 0
167F  0000        JMP 0
1680  0000        JMP 0
1681  0000        JMP 0
1682  0000        JMP 0
1683  0000        JMP 0
1684  0000        JMP 0
1685  0000        JMP 0
1686  0000        JMP 0
1687  0000        JMP 0
1688  0000        JMP 0
1689  0000        JMP 0
168A  0000        JMP 0
168B  0000        JMP 0
168C  0000        JMP 0
168D  0000        JMP 0
168E  0000        JMP 0
168F  0000        JMP 0
1690  0000        JMP 0
1691  0000        JMP 0
1692  0000        JMP 0
1693  0000        JMP 0
1694  0000        JMP 0
1695  0000        JMP 0
1696  0000        JMP 0
1697  0000        JMP 0
1698  0000        JMP 0
1699  0000        JMP 0
169A  0000        JMP 0
169B  0000        JMP 0
169C  0000        JMP 0
169D  0000        JMP 0
169E  0000        JMP 0
169F  0000        JMP 0
16A0  0000        JMP 0
16A1  0000        JMP 0
16A2  0000        JMP 0
16A3  0000        JMP 0
16A4  0000        JMP 0
16A5  0000        JMP 0
16A6  0000        JMP 0
16A7  0000        JMP 0
16A8  0000        JMP 0
16A9  0000        JMP 0
16AA  0000        JMP 0
16AB  0000        JMP 0
16AC  0000        JMP 0
16AD  0000        JMP 0
16AE  0000        JMP 0
16AF  0000        JMP 0
16B0  0000        JMP 0
16B1  0000        JMP 0
16B2  0000        JMP 0
16B3  0000        JMP 0
16B4  0000        JMP 0
16B5  0000        JMP 0
16B6  0000        JMP 0
16B7  0000        JMP 0
16B8  0000        JMP 0
16B9  0000        JMP 0
16BA  0000        JMP 0
16BB  0000        JMP 0
16BC  0000        JMP 0
16BD  0000        JMP 0
16BE  0000        JMP 0
16BF  0000        JMP 0
16C0  0000        JMP 0
16C1  0000        JMP 0
16C2  0000        JMP 0
16C3  0000        JMP 0
16C4  0000        JMP 0
16C5  0000        JMP 0
16C6  0000        JMP 0
16C7  0000        JMP 0
16C8  0000        JMP 0
16C9  0000        JMP 0
16CA  0000        JMP 0
16CB  0000        JMP 0
16CC  0000        JMP 0
16CD  0000        JMP 0
16CE  0000        JMP 0
16CF  0000        JMP 0
16D0  0000        JMP 0
16D1  0000        JMP 0
16D2  0000        JMP 0
16D3  0000        JMP 0
16D4  0000        JMP 0
16D5  0000        JMP 0
16D6  0000        JMP 0
16D7  0000        JMP 0
16D8  0000        JMP 0
16D9  0000        JMP 0
16DA  0000        JMP 0
16DB  0000        JMP 0
16DC  0000        JMP 0
16DD  0000        JMP 0
16DE  0000        JMP 0
16DF  0000        JMP 0
16E0  0000        JMP 0
16E1  0000        JMP 0
16E2  0000        JMP 0
16E3  0000        JMP 0
16E4  0000        JMP 0
16E5  0000        JMP 0
16E6  0000        JMP 0
16E7  0000        JMP 0
16E8  0000        JMP 0
16E9  0000        JMP 0
16EA  0000        JMP 0
16EB  0000        JMP 0
16EC  0000        JMP 0
16ED  0000        JMP 0
16EE  0000        JMP 0
16EF  0000        JMP 0
16F0  0000        JMP 0
16F1  0000        JMP 0
16F2  0000        JMP 0
16F3  0000        JMP 0
16F4  0000        JMP 0
16F5  0000        JMP 0
16F6  0000        JMP 0
16F7  0000        JMP 0
16F8  0000        JMP 0
16F9  0000        JMP 0
16FA  0000        JMP 0
16FB  0000        JMP 0
16FC  0000        JMP 0
16FD  0000        JMP 0
16FE  0000        JMP 0
16FF  0000        JMP 0
1700  0000        JMP 0
1701  0000        JMP 0
1702  0000        JMP 0
1703  0000        JMP 0
1704  0000        JMP 0
1705  0000        JMP 0
1706  0000        JMP 0
1707  0000        JMP 0
1708  0000        JMP 0
1709  0000        JMP 0
170A  0000        JMP 0
170B  0000        JMP 0
170C  0000        JMP 0
170D  0000        JMP 0
170E  0000        JMP 0
170F  0000        JMP 0
1710  0000        JMP 0
1711  0000        JMP 0
1712  0000        JMP 0
1713  0000        JMP 0
1714  0000        JMP 0
1715  0000        JMP 0
1716  0000        JMP 0
1717  0000        JMP 0
1718  0000        JMP 0
1719  0000        JMP 0
171A  0000        JMP 0
171B  0000        JMP 0
171C  0000        JMP 0
171D  0000        JMP 0
171E  0000        JMP 0
171F  0000        JMP 0
1720  0000        JMP 0
1721  0000        JMP 0
1722  0000        JMP 0
1723  0000        JMP 0
1724  0000        JMP 0
1725  0000        JMP 0
1726  0000        JMP 0
1727  0000        JMP 0
1728  0000        JMP 0
1729  0000        JMP 0
172A  0000        JMP 0
172B  0000        JMP 0
172C  0000        JMP 0
172D  0000        JMP 0
172E  0000        JMP 0
172F  0000        JMP 0
1730  0000        JMP 0
1731  0000        JMP 0
1732  0000        JMP 0
1733  0000        JMP 0
1734  0000        JMP 0
1735  0000        JMP 0
1736  0000        JMP 0
1737  0000        JMP 0
1738  0000        JMP 0
1739  0000        JMP 0
173A  0000        JMP 0
173B  0000        JMP 0
173C  0000        JMP 0
173D  0000        JMP 0
173E  0000        JMP 0
173F  0000        JMP 0
1740  0000        JMP 0
1741  0000        JMP 0
1742  0000        JMP 0
1743  0000        JMP 0
1744  0000        JMP 0
1745  0000        JMP 0
1746  0000        JMP 0
1747  0000        JMP 0
1748  0000        JMP 0
1749  0000        JMP 0
174A  0000        JMP 0
174B  0000        JMP 0
174C  0000        JMP 0
174D  0000        JMP 0
174E  0000        JMP 0
174F  0000        JMP 0
1750  0000        JMP 0
1751  0000        JMP 0
1752  0000        JMP 0
1753  0000        JMP 0
1754  0000        JMP 0
1755  0000        JMP 0
1756  0000        JMP 0
1757  0000        JMP 0
1758  0000        JMP 0
1759  0000        JMP 0
175A  0000        JMP 0
175B  0000        JMP 0
175C  0000        JMP 0
175D  0000        JMP 0
175E  0000        JMP 0
175F  0000        JMP 0
1760  0000        JMP 0
1761  0000        JMP 0
1762  0000        JMP 0
1763  0000        JMP 0
1764  0000        JMP 0
1765  0000        JMP 0
1766  0000        JMP 0
1767  0000        JMP 0
1768  0000        JMP 0
1769  0000        JMP 0
176A  0000        JMP 0
176B  0000        JMP 0
176C  0000        JMP 0
176D  0000        JMP 0
176E  0000        JMP 0
176F  0000        JMP 0
1770  0000        JMP 0
1771  0000        JMP 0
1772  0000        JMP 0
1773  0000        JMP 0
1774  0000        JMP 0
1775  0000        JMP 0
1776  0000        JMP 0
1777  0000        JMP 0
1778  0000        JMP 0
1779  0000        JMP 0
177A  0000        JMP 0
177B  0000        JMP 0
177C  0000        JMP 0
177D  0000        JMP 0
177E  0000        JMP 0
177F  0000        JMP 0
1780  0000        JMP 0
1781  0000        JMP 0
1782  0000        JMP 0
1783  0000        JMP 0
1784  0000        JMP 0
1785  0000        JMP 0
1786  0000        JMP 0
1787  0000        JMP 0
1788  0000        JMP 0
1789  0000        JMP 0
178A  0000        JMP 0
178B  0000        JMP 0
178C  0000        JMP 0
178D  0000        JMP 0
178E  0000        JMP 0
178F  0000        JMP 0
1790  0000        JMP 0
1791  0000        JMP 0
1792  0000        JMP 0
1793  0000        JMP 0
1794  0000        JMP 0
1795  0000        JMP 0
1796  0000        JMP 0
1797  0000        JMP 0
1798  0000        JMP 0
1799  0000        JMP 0
179A  0000        JMP 0
179B  0000        JMP 0
179C  0000        JMP 0
179D  0000        JMP 0
179E  0000        JMP 0
179F  0000        JMP 0
17A0  0000        JMP 0
17A1  0000        JMP 0
17A2  0000        JMP 0
17A3  0000        JMP 0
17A4  0000        JMP 0
17A5  0000        JMP 0
17A6  0000        JMP 0
17A7  0000        JMP 0
17A8  0000        JMP 0
17A9  0000        JMP 0
17AA  0000        JMP 0
17AB  0000        JMP 0
17AC  0000        JMP 0
17AD  0000        JMP 0
17AE  0000        JMP 0
17AF  0000        JMP 0
17B0  0000        JMP 0
17B1  0000        JMP 0
17B2  0000        JMP 0
17B3  0000        JMP 0
17B4  0000        JMP 0
17B5  0000        JMP 0
17B6  0000        JMP 0
17B7  0000        JMP 0
17B8  0000        JMP 0
17B9  0000        JMP 0
17BA  0000        JMP 0
17BB  0000        JMP 0
17BC  0000        JMP 0
17BD  0000        JMP 0
17BE  0000        JMP 0
17BF  0000        JMP 0
17C0  0000        JMP 0
17C1  0000        JMP 0
17C2  0000        JMP 0
17C3  0000        JMP 0
17C4  0000        JMP 0
17C5  0000        JMP 0
17C6  0000        JMP 0
17C7  0000        JMP 0
17C8  0000        JMP 0
17C9  0000        JMP 0
17CA  0000        JMP 0
17CB  0000        JMP 0
17CC  0000        JMP 0
17CD  0000        JMP 0
17CE  0000        JMP 0
17CF  0000        JMP 0
17D0  0000        JMP 0
17D1  0000        JMP 0
17D2  0000        JMP 0
17D3  0000        JMP 0
17D4  0000        JMP 0
17D5  0000        JMP 0
17D6  0000        JMP 0
17D7  0000        JMP 0
17D8  0000        JMP 0
17D9  0000        JMP 0
17DA  0000        JMP 0
17DB  0000        JMP 0
17DC  0000        JMP 0
17DD  0000        JMP 0
17DE  0000        JMP 0
17DF  0000        JMP 0
17E0  0000        JMP 0
17E1  0000        JMP 0
17E2  0000        JMP 0
17E3  0000        JMP 0
17E4  0000        JMP 0
17E5  0000        JMP 0
17E6  0000        JMP 0
17E7  0000        JMP 0
17E8  0000        JMP 0
17E9  0000        JMP 0
17EA  0000        JMP 0
17EB  0000        JMP 0
17EC  0000        JMP 0
17ED  0000        JMP 0
17EE  0000        JMP 0
17EF  0000        JMP 0
17F0  0000        JMP 0
17F1  0000        JMP 0
17F2  0000        JMP 0
17F3  0000        JMP 0
17F4  0000        JMP 0
17F5  0000        JMP 0
17F6  0000        JMP 0
17F7  0000        JMP 0
17F8  0000        JMP 0
17F9  0000        JMP 0
17FA  0000        JMP 0
17FB  0000        JMP 0
17FC  0000        JMP 0
17FD  0000        JMP 0
17FE  0000        JMP 0
17FF  0000        JMP 0
1800  E7C8 0036   SAVE 54             ; frame
1802  B438 01AF   ELDA 2,01AF   ; = 431
1804  22FD        LDA 0,-3,2
1805  8A00        MOV 0,1
1806  AE00        ADD 1,1
1807  8E00        ADD 0,1
1808  B500        SUB 1,2
1809  530C        STA 2,12,3
180A  D008        ADI 2,2
180B  530D        STA 2,13,3
180C  B438 01B7   ELDA 2,01B7   ; = 439
180E  32FD        LDA 2,-3,2
180F  530E        STA 2,14,3
1810  B438 01B7   ELDA 2,01B7   ; = 439
1812  32FB        LDA 2,-5,2
1813  530F        STA 2,15,3
1814  B438 01B7   ELDA 2,01B7   ; = 439
1816  32FE        LDA 2,-2,2
1817  4310        STA 0,16,3
1818  230E        LDA 0,14,3
1819  8100        NEG 0,0
181A  8300        INC 0,0
181B  5311        STA 2,17,3
181C  9600        ADD 0,2
181D  4312        STA 0,18,3
181E  8500        SUB 0,0
181F  4B13        STA 1,19,3
1820  2B0F        LDA 1,15,3
1821  CFC8        MULS
1822  230E        LDA 0,14,3
1823  4B14        STA 1,20,3
1824  8E00        ADD 0,1
1825  A438 01B7   ELDA 0,01B7   ; = 439
1827  A500        SUB 1,0
1828  5315        STA 2,21,3
1829  D600        ADD 2,2
182A  4B16        STA 1,22,3
182B  2B15        LDA 1,21,3
182C  4317        STA 0,23,3
182D  A200        MOV 1,0
182E  AE00        ADD 1,1
182F  8E00        ADD 0,1
1830  5318        STA 2,24,3
1831  B438 01B6   ELDA 2,01B6   ; = 438
1833  32FD        LDA 2,-3,2
1834  5319        STA 2,25,3
1835  B438 01B6   ELDA 2,01B6   ; = 438
1837  32FB        LDA 2,-5,2
1838  531A        STA 2,26,3
1839  B438 01B6   ELDA 2,01B6   ; = 438
183B  32FE        LDA 2,-2,2
183C  2319        LDA 0,25,3
183D  8100        NEG 0,0
183E  8300        INC 0,0
183F  531B        STA 2,27,3
1840  9600        ADD 0,2
1841  431C        STA 0,28,3
1842  8500        SUB 0,0
1843  4B1D        STA 1,29,3
1844  2B1A        LDA 1,26,3
1845  CFC8        MULS
1846  2319        LDA 0,25,3
1847  4B1E        STA 1,30,3
1848  8E00        ADD 0,1
1849  A438 01B6   ELDA 0,01B6   ; = 438
184B  A500        SUB 1,0
184C  531F        STA 2,31,3
184D  D600        ADD 2,2
184E  4B20        STA 1,32,3
184F  2B1F        LDA 1,31,3
1850  4321        STA 0,33,3
1851  A200        MOV 1,0
1852  AE00        ADD 1,1
1853  8E00        ADD 0,1
1854  5322        STA 2,34,3
1855  B438 01B4   ELDA 2,01B4   ; = 436
1857  32FD        LDA 2,-3,2
1858  A438 01B4   ELDA 0,01B4   ; = 436
185A  C500        SUB 2,0
185B  B438 01B2   ELDA 2,01B2   ; = 434
185D  32FD        LDA 2,-3,2
185E  4323        STA 0,35,3
185F  A438 01B2   ELDA 0,01B2   ; = 434
1861  C500        SUB 2,0
1862  B438 01B3   ELDA 2,01B3   ; = 435
1864  32FD        LDA 2,-3,2
1865  4324        STA 0,36,3
1866  A438 01B3   ELDA 0,01B3   ; = 435
1868  C500        SUB 2,0
1869  B438 01B8   ELDA 2,01B8   ; = 440
186B  32FD        LDA 2,-3,2
186C  5325        STA 2,37,3
186D  B438 01B8   ELDA 2,01B8   ; = 440
186F  32FB        LDA 2,-5,2
1870  5326        STA 2,38,3
1871  B438 01B8   ELDA 2,01B8   ; = 440
1873  32FE        LDA 2,-2,2
1874  4327        STA 0,39,3
1875  2325        LDA 0,37,3
1876  8100        NEG 0,0
1877  8300        INC 0,0
1878  5328        STA 2,40,3
1879  9600        ADD 0,2
187A  4329        STA 0,41,3
187B  8500        SUB 0,0
187C  4B2A        STA 1,42,3
187D  2B26        LDA 1,38,3
187E  CFC8        MULS
187F  2325        LDA 0,37,3
1880  4B2B        STA 1,43,3
1881  8E00        ADD 0,1
1882  A438 01B8   ELDA 0,01B8   ; = 440
1884  A500        SUB 1,0
1885  532C        STA 2,44,3
1886  D600        ADD 2,2
1887  532D        STA 2,45,3
1888  B438 01B5   ELDA 2,01B5   ; = 437
188A  32FD        LDA 2,-3,2
188B  432E        STA 0,46,3
188C  A438 01B5   ELDA 0,01B5   ; = 437
188E  C500        SUB 2,0
188F  432F        STA 0,47,3
1890  4B30        STA 1,48,3
1891  0C62        JSR @98
1892  EC38 410D   ELEF 1,410D   ; [410D] = 6
1894  6308        IO   6308
1895  0C59        JSR @89
1896  330D        LDA 2,13,3
1897  3202        LDA 2,2,2
1898  5331        STA 2,49,3
1899  3020        LDA 2,32
189A  6331        IO   6331
189B  EC38 410F   ELEF 1,410F   ; [410F] = 8
189D  8E48        PSH 0,1
189E  230D        LDA 0,13,3
189F  6B32        IO   6B32
18A0  0C5D        JSR @93
18A1  5020        STA 2,32
18A2  A200        MOV 1,0
18A3  6B35        IO   6B35
18A4  0C56        JSR @86
18A5  5020        STA 2,32
18A6  2335        LDA 0,53,3
18A7  4303        STA 0,3,3
18A8  230D        LDA 0,13,3
18A9  EC38 4110   ELEF 1,4110   ; -> "assist" (len 6)
18AB  0C54        JSR @84
18AC  0103        JMP 3,PC   ; -> 18AF
18AD  8550        SUBZL 0,0
18AE  4303        STA 0,3,3
18AF  A438 01C7   ELDA 0,01C7   ; = 455
18B1  820C        MOV# 0,0,SZR
18B2  0103        JMP 3,PC   ; -> 18B5
18B3  8538 0386   EJMP 0386,PC   ; -> 1C3A
18B5  3020        LDA 2,32
18B6  8400        ADC 0,0
18B7  EC38 4118   ELEF 1,4118   ; [4118] = 0
18B9  0C34        JSR @52
18BA  5020        STA 2,32
18BB  8400        ADC 0,0
18BC  EC38 4119   ELEF 1,4119   ; -> "." (len 1)
18BE  0C31        JSR @49
18BF  5020        STA 2,32
18C0  0C38        JSR @56
18C1  8550        SUBZL 0,0
18C2  2B03        LDA 1,3,3
18C3  8D0C        SUB# 0,1,SZR
18C4  0107        JMP 7,PC   ; -> 18CB
18C5  E438 411D   ELEF 0,411D   ; [411D] = 29
18C7  8648        PSH 0,0
18C8  0C0C 5D26   JSR @12            ; overlay call, arg 5D26
18CA  5020        STA 2,32
18CB  2303        LDA 0,3,3
18CC  6806        IO   6806
18CD  A50D        SUB# 1,0,SNR
18CE  0103        JMP 3,PC   ; -> 18D1
18CF  8538 0133   EJMP 0133,PC   ; -> 1A03
18D1  3020        LDA 2,32
18D2  8400        ADC 0,0
18D3  EC38 4118   ELEF 1,4118   ; [4118] = 0
18D5  0C34        JSR @52
18D6  5020        STA 2,32
18D7  8400        ADC 0,0
18D8  EC38 411E   ELEF 1,411E   ; -> "Object number: " (len 15)
18DA  0C31        JSR @49
18DB  5020        STA 2,32
18DC  0C38        JSR @56
18DD  8400        ADC 0,0
18DE  EC38 4118   ELEF 1,4118   ; [4118] = 0
18E0  0C35        JSR @53
18E1  5020        STA 2,32
18E2  8400        ADC 0,0
18E3  6B04        IO   6B04
18E4  0C32        JSR @50
18E5  5020        STA 2,32
18E6  0C37        JSR @55
18E7  8400        ADC 0,0
18E8  EC38 4118   ELEF 1,4118   ; [4118] = 0
18EA  0C34        JSR @52
18EB  5020        STA 2,32
18EC  8400        ADC 0,0
18ED  EC38 4129   ELEF 1,4129   ; -> ".OBJECT [" (len 9)
18EF  0C31        JSR @49
18F0  5020        STA 2,32
18F1  8400        ADC 0,0
18F2  6B04        IO   6B04
18F3  0C30        JSR @48
18F4  5020        STA 2,32
18F5  8400        ADC 0,0
18F6  EC38 4131   ELEF 1,4131   ; -> ",1] = " (len 6)
18F8  0C31        JSR @49
18F9  5020        STA 2,32
18FA  2304        LDA 0,4,3
18FB  2B15        LDA 1,21,3
18FC  8E00        ADD 0,1
18FD  3317        LDA 2,23,3
18FE  B600        ADD 1,2
18FF  5331        STA 2,49,3
1900  3020        LDA 2,32
1901  8400        ADC 0,0
1902  2B31        LDA 1,49,3
1903  0C30        JSR @48
1904  5020        STA 2,32
1905  8400        ADC 0,0
1906  EC38 4138   ELEF 1,4138   ; -> " [" (len 2)
1908  0C31        JSR @49
1909  5020        STA 2,32
190A  8400        ADC 0,0
190B  6B04        IO   6B04
190C  0C30        JSR @48
190D  5020        STA 2,32
190E  8400        ADC 0,0
190F  EC38 413D   ELEF 1,413D   ; -> ",2] = " (len 6)
1911  0C31        JSR @49
1912  5020        STA 2,32
1913  2304        LDA 0,4,3
1914  2B18        LDA 1,24,3
1915  8E00        ADD 0,1
1916  3317        LDA 2,23,3
1917  B600        ADD 1,2
1918  5335        STA 2,53,3
1919  3020        LDA 2,32
191A  8400        ADC 0,0
191B  2B35        LDA 1,53,3
191C  0C30        JSR @48
191D  5020        STA 2,32
191E  8400        ADC 0,0
191F  EC38 4138   ELEF 1,4138   ; -> " [" (len 2)
1921  0C31        JSR @49
1922  5020        STA 2,32
1923  8400        ADC 0,0
1924  6B04        IO   6B04
1925  0C30        JSR @48
1926  5020        STA 2,32
1927  8400        ADC 0,0
1928  EC38 4144   ELEF 1,4144   ; -> ",3] = " (len 6)
192A  0C31        JSR @49
192B  5020        STA 2,32
192C  2304        LDA 0,4,3
192D  2B1D        LDA 1,29,3
192E  8E00        ADD 0,1
192F  3317        LDA 2,23,3
1930  B600        ADD 1,2
1931  5336        STA 2,54,3
1932  3020        LDA 2,32
1933  8400        ADC 0,0
1934  2B36        LDA 1,54,3
1935  0C30        JSR @48
1936  5020        STA 2,32
1937  8400        ADC 0,0
1938  EC38 414B   ELEF 1,414B   ; -> ".." (len 2)
193A  0C31        JSR @49
193B  5020        STA 2,32
193C  0C38        JSR @56
193D  8400        ADC 0,0
193E  EC38 4118   ELEF 1,4118   ; [4118] = 0
1940  0C34        JSR @52
1941  5020        STA 2,32
1942  8400        ADC 0,0
1943  EC38 4150   ELEF 1,4150   ; -> "Weight: " (len 8)
1945  0C31        JSR @49
1946  5020        STA 2,32
1947  2304        LDA 0,4,3
1948  2B18        LDA 1,24,3
1949  8E00        ADD 0,1
194A  3317        LDA 2,23,3
194B  B600        ADD 1,2
194C  5331        STA 2,49,3
194D  2200        LDA 0,0,2
194E  C7F8 000F   ANDI 000F,0
1950  4331        STA 0,49,3
1951  3020        LDA 2,32
1952  8400        ADC 0,0
1953  6B31        IO   6B31
1954  0C30        JSR @48
1955  5020        STA 2,32
1956  8400        ADC 0,0
1957  EC38 4119   ELEF 1,4119   ; -> "." (len 1)
1959  0C31        JSR @49
195A  5020        STA 2,32
195B  8400        ADC 0,0
195C  EC38 4159   ELEF 1,4159   ; -> "Size: " (len 6)
195E  0C31        JSR @49
195F  5020        STA 2,32
1960  6304        IO   6304
1961  6B35        IO   6B35
1962  8E48        PSH 0,1
1963  0C0C 5F8B   JSR @12            ; overlay call, arg 5F8B
1965  5020        STA 2,32
1966  8400        ADC 0,0
1967  6B35        IO   6B35
1968  0C30        JSR @48
1969  5020        STA 2,32
196A  8400        ADC 0,0
196B  EC38 4119   ELEF 1,4119   ; -> "." (len 1)
196D  0C31        JSR @49
196E  5020        STA 2,32
196F  0C38        JSR @56
1970  8550        SUBZL 0,0
1971  4305        STA 0,5,3
1972  2305        LDA 0,5,3
1973  AC38 01F0   ELDA 1,01F0   ; = 496
1975  A248        SGE 1,0
1976  013A        JMP 58,PC   ; -> 19B0
1977  331F        LDA 2,31,3
1978  9600        ADD 0,2
1979  2321        LDA 0,33,3
197A  9600        ADD 0,2
197B  2304        LDA 0,4,3
197C  5331        STA 2,49,3
197D  2A00        LDA 1,0,2
197E  8D0C        SUB# 0,1,SZR
197F  012D        JMP 45,PC   ; -> 19AC
1980  3020        LDA 2,32
1981  8400        ADC 0,0
1982  EC38 4118   ELEF 1,4118   ; [4118] = 0
1984  0C34        JSR @52
1985  5020        STA 2,32
1986  8400        ADC 0,0
1987  EC38 4160   ELEF 1,4160   ; -> "Current contents: " (len 18)
1989  0C31        JSR @49
198A  5020        STA 2,32
198B  2305        LDA 0,5,3
198C  2B22        LDA 1,34,3
198D  8E00        ADD 0,1
198E  3321        LDA 2,33,3
198F  B600        ADD 1,2
1990  5331        STA 2,49,3
1991  3020        LDA 2,32
1992  8400        ADC 0,0
1993  2B31        LDA 1,49,3
1994  0C30        JSR @48
1995  5020        STA 2,32
1996  8400        ADC 0,0
1997  EC38 416D   ELEF 1,416D   ; -> ".Possible contents: " (len 20)
1999  0C31        JSR @49
199A  5020        STA 2,32
199B  2305        LDA 0,5,3
199C  2B2A        LDA 1,42,3
199D  8E00        ADD 0,1
199E  3321        LDA 2,33,3
199F  B600        ADD 1,2
19A0  5335        STA 2,53,3
19A1  3020        LDA 2,32
19A2  8400        ADC 0,0
19A3  2B35        LDA 1,53,3
19A4  0C30        JSR @48
19A5  5020        STA 2,32
19A6  8400        ADC 0,0
19A7  EC38 4119   ELEF 1,4119   ; -> "." (len 1)
19A9  0C31        JSR @49
19AA  5020        STA 2,32
19AB  0C38        JSR @56
19AC  2305        LDA 0,5,3
19AD  8300        INC 0,0
19AE  4305        STA 0,5,3
19AF  01C3        JMP -61,PC   ; -> 1972
19B0  3020        LDA 2,32
19B1  8400        ADC 0,0
19B2  EC38 4118   ELEF 1,4118   ; [4118] = 0
19B4  0C34        JSR @52
19B5  5020        STA 2,32
19B6  8400        ADC 0,0
19B7  EC38 417B   ELEF 1,417B   ; -> ".Current state: " (len 16)
19B9  0C31        JSR @49
19BA  5020        STA 2,32
19BB  6304        IO   6304
19BC  6B31        IO   6B31
19BD  8E48        PSH 0,1
19BE  0C0C 5FFA   JSR @12            ; overlay call, arg 5FFA
19C0  5020        STA 2,32
19C1  8400        ADC 0,0
19C2  6B31        IO   6B31
19C3  0C30        JSR @48
19C4  5020        STA 2,32
19C5  8400        ADC 0,0
19C6  EC38 4187   ELEF 1,4187   ; -> ".Object states:.." (len 17)
19C8  0C31        JSR @49
19C9  5020        STA 2,32
19CA  0C38        JSR @56
19CB  8500        SUB 0,0
19CC  4305        STA 0,5,3
19CD  2305        LDA 0,5,3
19CE  6804        IO   6804
19CF  A248        SGE 1,0
19D0  0133        JMP 51,PC   ; -> 1A03
19D1  3020        LDA 2,32
19D2  8400        ADC 0,0
19D3  EC38 4118   ELEF 1,4118   ; [4118] = 0
19D5  0C34        JSR @52
19D6  5020        STA 2,32
19D7  8400        ADC 0,0
19D8  EC38 4194   ELEF 1,4194   ; -> "[" (len 1)
19DA  0C31        JSR @49
19DB  5020        STA 2,32
19DC  8400        ADC 0,0
19DD  6B05        IO   6B05
19DE  0C30        JSR @48
19DF  5020        STA 2,32
19E0  8400        ADC 0,0
19E1  EC38 4198   ELEF 1,4198   ; -> "] - " (len 4)
19E3  0C31        JSR @49
19E4  5020        STA 2,32
19E5  0C62        JSR @98
19E6  6332        IO   6332
19E7  EC38 410B   ELEF 1,410B   ; [410B] = 160
19E9  0C59        JSR @89
19EA  3020        LDA 2,32
19EB  6305        IO   6305
19EC  8648        PSH 0,0
19ED  6304        IO   6304
19EE  6B32        IO   6B32
19EF  8E48        PSH 0,1
19F0  0C0C 5AAA   JSR @12            ; overlay call, arg 5AAA
19F2  5020        STA 2,32
19F3  8400        ADC 0,0
19F4  6B32        IO   6B32
19F5  0C31        JSR @49
19F6  5020        STA 2,32
19F7  0C63        JSR @99
19F8  3020        LDA 2,32
19F9  8400        ADC 0,0
19FA  EC38 4119   ELEF 1,4119   ; -> "." (len 1)
19FC  0C31        JSR @49
19FD  5020        STA 2,32
19FE  0C38        JSR @56
19FF  2305        LDA 0,5,3
1A00  8300        INC 0,0
1A01  4305        STA 0,5,3
1A02  01CB        JMP -53,PC   ; -> 19CD
1A03  6002        IO   6002
1A04  2B03        LDA 1,3,3
1A05  8D0C        SUB# 0,1,SZR
1A06  012E        JMP 46,PC   ; -> 1A34
1A07  D500        SUB 2,2
1A08  5304        STA 2,4,3
1A09  2304        LDA 0,4,3
1A0A  681E        IO   681E
1A0B  A248        SGE 1,0
1A0C  0128        JMP 40,PC   ; -> 1A34
1A0D  3020        LDA 2,32
1A0E  8400        ADC 0,0
1A0F  EC38 4118   ELEF 1,4118   ; [4118] = 0
1A11  0C34        JSR @52
1A12  5020        STA 2,32
1A13  8400        ADC 0,0
1A14  EC38 41A0   ELEF 1,41A0   ; -> "GTEXT [" (len 7)
1A16  0C31        JSR @49
1A17  5020        STA 2,32
1A18  8400        ADC 0,0
1A19  6B04        IO   6B04
1A1A  0C30        JSR @48
1A1B  5020        STA 2,32
1A1C  8400        ADC 0,0
1A1D  EC38 41A7   ELEF 1,41A7   ; -> "] = " (len 4)
1A1F  0C31        JSR @49
1A20  5020        STA 2,32
1A21  3304        LDA 2,4,3
1A22  2323        LDA 0,35,3
1A23  9600        ADD 0,2
1A24  5331        STA 2,49,3
1A25  3020        LDA 2,32
1A26  8400        ADC 0,0
1A27  2B31        LDA 1,49,3
1A28  0C30        JSR @48
1A29  5020        STA 2,32
1A2A  8400        ADC 0,0
1A2B  EC38 4119   ELEF 1,4119   ; -> "." (len 1)
1A2D  0C31        JSR @49
1A2E  5020        STA 2,32
1A2F  0C38        JSR @56
1A30  2304        LDA 0,4,3
1A31  8300        INC 0,0
1A32  4304        STA 0,4,3
1A33  01D6        JMP -42,PC   ; -> 1A09
1A34  6003        IO   6003
1A35  2B03        LDA 1,3,3
1A36  8D0C        SUB# 0,1,SZR
1A37  012E        JMP 46,PC   ; -> 1A65
1A38  D500        SUB 2,2
1A39  5304        STA 2,4,3
1A3A  2304        LDA 0,4,3
1A3B  6850        IO   6850
1A3C  A248        SGE 1,0
1A3D  0128        JMP 40,PC   ; -> 1A65
1A3E  3020        LDA 2,32
1A3F  8400        ADC 0,0
1A40  EC38 4118   ELEF 1,4118   ; [4118] = 0
1A42  0C34        JSR @52
1A43  5020        STA 2,32
1A44  8400        ADC 0,0
1A45  EC38 41AE   ELEF 1,41AE   ; -> "MTEXT [" (len 7)
1A47  0C31        JSR @49
1A48  5020        STA 2,32
1A49  8400        ADC 0,0
1A4A  6B04        IO   6B04
1A4B  0C30        JSR @48
1A4C  5020        STA 2,32
1A4D  8400        ADC 0,0
1A4E  EC38 41A7   ELEF 1,41A7   ; -> "] = " (len 4)
1A50  0C31        JSR @49
1A51  5020        STA 2,32
1A52  3304        LDA 2,4,3
1A53  2324        LDA 0,36,3
1A54  9600        ADD 0,2
1A55  5331        STA 2,49,3
1A56  3020        LDA 2,32
1A57  8400        ADC 0,0
1A58  2B31        LDA 1,49,3
1A59  0C30        JSR @48
1A5A  5020        STA 2,32
1A5B  8400        ADC 0,0
1A5C  EC38 4119   ELEF 1,4119   ; -> "." (len 1)
1A5E  0C31        JSR @49
1A5F  5020        STA 2,32
1A60  0C38        JSR @56
1A61  2304        LDA 0,4,3
1A62  8300        INC 0,0
1A63  4304        STA 0,4,3
1A64  01D6        JMP -42,PC   ; -> 1A3A
1A65  6004        IO   6004
1A66  2B03        LDA 1,3,3
1A67  8D0C        SUB# 0,1,SZR
1A68  012E        JMP 46,PC   ; -> 1A96
1A69  D500        SUB 2,2
1A6A  5304        STA 2,4,3
1A6B  2304        LDA 0,4,3
1A6C  6814        IO   6814
1A6D  A248        SGE 1,0
1A6E  0128        JMP 40,PC   ; -> 1A96
1A6F  3020        LDA 2,32
1A70  8400        ADC 0,0
1A71  EC38 4118   ELEF 1,4118   ; [4118] = 0
1A73  0C34        JSR @52
1A74  5020        STA 2,32
1A75  8400        ADC 0,0
1A76  EC38 41B6   ELEF 1,41B6   ; -> "DTEXT [" (len 7)
1A78  0C31        JSR @49
1A79  5020        STA 2,32
1A7A  8400        ADC 0,0
1A7B  6B04        IO   6B04
1A7C  0C30        JSR @48
1A7D  5020        STA 2,32
1A7E  8400        ADC 0,0
1A7F  EC38 41A7   ELEF 1,41A7   ; -> "] = " (len 4)
1A81  0C31        JSR @49
1A82  5020        STA 2,32
1A83  3304        LDA 2,4,3
1A84  2327        LDA 0,39,3
1A85  9600        ADD 0,2
1A86  5331        STA 2,49,3
1A87  3020        LDA 2,32
1A88  8400        ADC 0,0
1A89  2B31        LDA 1,49,3
1A8A  0C30        JSR @48
1A8B  5020        STA 2,32
1A8C  8400        ADC 0,0
1A8D  EC38 4119   ELEF 1,4119   ; -> "." (len 1)
1A8F  0C31        JSR @49
1A90  5020        STA 2,32
1A91  0C38        JSR @56
1A92  2304        LDA 0,4,3
1A93  8300        INC 0,0
1A94  4304        STA 0,4,3
1A95  01D6        JMP -42,PC   ; -> 1A6B
1A96  2303        LDA 0,3,3
1A97  6805        IO   6805
1A98  8D0C        SUB# 0,1,SZR
1A99  016A        JMP 106,PC   ; -> 1B03
1A9A  3020        LDA 2,32
1A9B  8400        ADC 0,0
1A9C  EC38 4118   ELEF 1,4118   ; [4118] = 0
1A9E  0C34        JSR @52
1A9F  5020        STA 2,32
1AA0  8400        ADC 0,0
1AA1  EC38 41BE   ELEF 1,41BE   ; -> "Confirm: " (len 9)
1AA3  0C31        JSR @49
1AA4  5020        STA 2,32
1AA5  0C38        JSR @56
1AA6  8400        ADC 0,0
1AA7  EC38 4118   ELEF 1,4118   ; [4118] = 0
1AA9  0C35        JSR @53
1AAA  5020        STA 2,32
1AAB  8400        ADC 0,0
1AAC  6B08        IO   6B08
1AAD  0C33        JSR @51
1AAE  5020        STA 2,32
1AAF  0C37        JSR @55
1AB0  6308        IO   6308
1AB1  EC38 41C6   ELEF 1,41C6   ; -> "Y" (len 1)
1AB3  0C54        JSR @84
1AB4  0104        JMP 4,PC   ; -> 1AB8
1AB5  EC38 41CA   ELEF 1,41CA   ; -> "y" (len 1)
1AB7  0C5C        JSR @92
1AB8  6308        IO   6308
1AB9  EC38 41CA   ELEF 1,41CA   ; -> "y" (len 1)
1ABB  0C54        JSR @84
1ABC  0147        JMP 71,PC   ; -> 1B03
1ABD  D550        SUBZL 2,2
1ABE  5307        STA 2,7,3
1ABF  2307        LDA 0,7,3
1AC0  AC38 01CF   ELDA 1,01CF   ; = 463
1AC2  A248        SGE 1,0
1AC3  0140        JMP 64,PC   ; -> 1B03
1AC4  3020        LDA 2,32
1AC5  8400        ADC 0,0
1AC6  EC38 4118   ELEF 1,4118   ; [4118] = 0
1AC8  0C34        JSR @52
1AC9  5020        STA 2,32
1ACA  8400        ADC 0,0
1ACB  EC38 41CE   ELEF 1,41CE   ; -> "MTBL [" (len 6)
1ACD  0C31        JSR @49
1ACE  5020        STA 2,32
1ACF  8400        ADC 0,0
1AD0  6B07        IO   6B07
1AD1  0C30        JSR @48
1AD2  5020        STA 2,32
1AD3  8400        ADC 0,0
1AD4  EC38 4131   ELEF 1,4131   ; -> ",1] = " (len 6)
1AD6  0C31        JSR @49
1AD7  5020        STA 2,32
1AD8  2307        LDA 0,7,3
1AD9  8600        ADD 0,0
1ADA  AC38 0223   ELDA 1,0223   ; = 547
1ADC  A600        ADD 1,0
1ADD  4331        STA 0,49,3
1ADE  8400        ADC 0,0
1ADF  2B31        LDA 1,49,3
1AE0  0C30        JSR @48
1AE1  5020        STA 2,32
1AE2  8400        ADC 0,0
1AE3  EC38 41D5   ELEF 1,41D5   ; -> " MTBL [" (len 7)
1AE5  0C31        JSR @49
1AE6  5020        STA 2,32
1AE7  8400        ADC 0,0
1AE8  6B07        IO   6B07
1AE9  0C30        JSR @48
1AEA  5020        STA 2,32
1AEB  8400        ADC 0,0
1AEC  EC38 413D   ELEF 1,413D   ; -> ",2] = " (len 6)
1AEE  0C31        JSR @49
1AEF  5020        STA 2,32
1AF0  2307        LDA 0,7,3
1AF1  8600        ADD 0,0
1AF2  AC38 0223   ELDA 1,0223   ; = 547
1AF4  AB00        INC 1,1
1AF5  8E00        ADD 0,1
1AF6  8400        ADC 0,0
1AF7  0C30        JSR @48
1AF8  5020        STA 2,32
1AF9  8400        ADC 0,0
1AFA  EC38 4119   ELEF 1,4119   ; -> "." (len 1)
1AFC  0C31        JSR @49
1AFD  5020        STA 2,32
1AFE  0C38        JSR @56
1AFF  2307        LDA 0,7,3
1B00  8300        INC 0,0
1B01  4307        STA 0,7,3
1B02  01BD        JMP -67,PC   ; -> 1ABF
1B03  2303        LDA 0,3,3
1B04  6809        IO   6809
1B05  8D0C        SUB# 0,1,SZR
1B06  013B        JMP 59,PC   ; -> 1B41
1B07  D500        SUB 2,2
1B08  8550        SUBZL 0,0
1B09  4307        STA 0,7,3
1B0A  5304        STA 2,4,3
1B0B  2307        LDA 0,7,3
1B0C  AC38 01CF   ELDA 1,01CF   ; = 463
1B0E  A248        SGE 1,0
1B0F  011D        JMP 29,PC   ; -> 1B2C
1B10  8600        ADD 0,0
1B11  B438 0223   ELDA 2,0223   ; = 547
1B13  9600        ADD 0,2
1B14  5331        STA 2,49,3
1B15  2200        LDA 0,0,2
1B16  820C        MOV# 0,0,SZR
1B17  0111        JMP 17,PC   ; -> 1B28
1B18  3307        LDA 2,7,3
1B19  D600        ADD 2,2
1B1A  A438 0223   ELDA 0,0223   ; = 547
1B1C  8300        INC 0,0
1B1D  9600        ADD 0,2
1B1E  5331        STA 2,49,3
1B1F  2200        LDA 0,0,2
1B20  820C        MOV# 0,0,SZR
1B21  0107        JMP 7,PC   ; -> 1B28
1B22  3304        LDA 2,4,3
1B23  D20C        MOV# 2,2,SZR
1B24  0104        JMP 4,PC   ; -> 1B28
1B25  2307        LDA 0,7,3
1B26  8048        SBI 0,0
1B27  4304        STA 0,4,3
1B28  2307        LDA 0,7,3
1B29  8300        INC 0,0
1B2A  4307        STA 0,7,3
1B2B  01E0        JMP -32,PC   ; -> 1B0B
1B2C  3020        LDA 2,32
1B2D  8400        ADC 0,0
1B2E  EC38 4118   ELEF 1,4118   ; [4118] = 0
1B30  0C34        JSR @52
1B31  5020        STA 2,32
1B32  8400        ADC 0,0
1B33  EC38 41DD   ELEF 1,41DD   ; -> "The current move table contains " (len 32)
1B35  0C31        JSR @49
1B36  5020        STA 2,32
1B37  8400        ADC 0,0
1B38  6B04        IO   6B04
1B39  0C30        JSR @48
1B3A  5020        STA 2,32
1B3B  8400        ADC 0,0
1B3C  EC38 41F1   ELEF 1,41F1   ; -> " moves." (len 7)
1B3E  0C31        JSR @49
1B3F  5020        STA 2,32
1B40  0C38        JSR @56
1B41  2303        LDA 0,3,3
1B42  680C        IO   680C
1B43  8D0C        SUB# 0,1,SZR
1B44  011D        JMP 29,PC   ; -> 1B61
1B45  3020        LDA 2,32
1B46  6331        IO   6331
1B47  8648        PSH 0,0
1B48  0C0C 74C7   JSR @12            ; overlay call, arg 74C7
1B4A  5020        STA 2,32
1B4B  2331        LDA 0,49,3
1B4C  4304        STA 0,4,3
1B4D  8400        ADC 0,0
1B4E  EC38 4118   ELEF 1,4118   ; [4118] = 0
1B50  0C34        JSR @52
1B51  5020        STA 2,32
1B52  8400        ADC 0,0
1B53  EC38 41F9   ELEF 1,41F9   ; -> "Available memory is " (len 20)
1B55  0C31        JSR @49
1B56  5020        STA 2,32
1B57  8400        ADC 0,0
1B58  6B04        IO   6B04
1B59  0C30        JSR @48
1B5A  5020        STA 2,32
1B5B  8400        ADC 0,0
1B5C  EC38 4207   ELEF 1,4207   ; -> " words." (len 7)
1B5E  0C31        JSR @49
1B5F  5020        STA 2,32
1B60  0C38        JSR @56
1B61  2303        LDA 0,3,3
1B62  6807        IO   6807
1B63  8D0C        SUB# 0,1,SZR
1B64  013B        JMP 59,PC   ; -> 1B9F
1B65  D550        SUBZL 2,2
1B66  5304        STA 2,4,3
1B67  2304        LDA 0,4,3
1B68  6814        IO   6814
1B69  A248        SGE 1,0
1B6A  0135        JMP 53,PC   ; -> 1B9F
1B6B  3020        LDA 2,32
1B6C  8400        ADC 0,0
1B6D  EC38 4118   ELEF 1,4118   ; [4118] = 0
1B6F  0C34        JSR @52
1B70  5020        STA 2,32
1B71  8400        ADC 0,0
1B72  EC38 420F   ELEF 1,420F   ; -> ".MODA[" (len 6)
1B74  0C31        JSR @49
1B75  5020        STA 2,32
1B76  8400        ADC 0,0
1B77  6B04        IO   6B04
1B78  0C30        JSR @48
1B79  5020        STA 2,32
1B7A  8400        ADC 0,0
1B7B  EC38 41A7   ELEF 1,41A7   ; -> "] = " (len 4)
1B7D  0C31        JSR @49
1B7E  5020        STA 2,32
1B7F  2304        LDA 0,4,3
1B80  2B2C        LDA 1,44,3
1B81  8E00        ADD 0,1
1B82  332E        LDA 2,46,3
1B83  B600        ADD 1,2
1B84  5331        STA 2,49,3
1B85  3020        LDA 2,32
1B86  8400        ADC 0,0
1B87  2B31        LDA 1,49,3
1B88  0C30        JSR @48
1B89  5020        STA 2,32
1B8A  8400        ADC 0,0
1B8B  EC38 4216   ELEF 1,4216   ; -> "/" (len 1)
1B8D  0C31        JSR @49
1B8E  5020        STA 2,32
1B8F  2304        LDA 0,4,3
1B90  2B2D        LDA 1,45,3
1B91  8E00        ADD 0,1
1B92  332E        LDA 2,46,3
1B93  B600        ADD 1,2
1B94  5335        STA 2,53,3
1B95  3020        LDA 2,32
1B96  8400        ADC 0,0
1B97  2B35        LDA 1,53,3
1B98  0C30        JSR @48
1B99  5020        STA 2,32
1B9A  0C38        JSR @56
1B9B  2304        LDA 0,4,3
1B9C  8300        INC 0,0
1B9D  4304        STA 0,4,3
1B9E  01C9        JMP -55,PC   ; -> 1B67
1B9F  6008        IO   6008
1BA0  2B03        LDA 1,3,3
1BA1  8D0C        SUB# 0,1,SZR
1BA2  0122        JMP 34,PC   ; -> 1BC4
1BA3  3020        LDA 2,32
1BA4  E438 01D5   ELEF 0,01D5   ; = 469
1BA6  8648        PSH 0,0
1BA7  E438 410C   ELEF 0,410C   ; [410C] = 2
1BA9  6B31        IO   6B31
1BAA  8E48        PSH 0,1
1BAB  0C0C 5674   JSR @12            ; overlay call, arg 5674
1BAD  5020        STA 2,32
1BAE  2331        LDA 0,49,3
1BAF  4304        STA 0,4,3
1BB0  8400        ADC 0,0
1BB1  EC38 4118   ELEF 1,4118   ; [4118] = 0
1BB3  0C34        JSR @52
1BB4  5020        STA 2,32
1BB5  8400        ADC 0,0
1BB6  EC38 421A   ELEF 1,421A   ; -> "VRES:= " (len 7)
1BB8  0C31        JSR @49
1BB9  5020        STA 2,32
1BBA  8400        ADC 0,0
1BBB  6B04        IO   6B04
1BBC  0C30        JSR @48
1BBD  5020        STA 2,32
1BBE  8400        ADC 0,0
1BBF  EC38 4119   ELEF 1,4119   ; -> "." (len 1)
1BC1  0C31        JSR @49
1BC2  5020        STA 2,32
1BC3  0C38        JSR @56
1BC4  2303        LDA 0,3,3
1BC5  680A        IO   680A
1BC6  8D0C        SUB# 0,1,SZR
1BC7  0130        JMP 48,PC   ; -> 1BF7
1BC8  3020        LDA 2,32
1BC9  8400        ADC 0,0
1BCA  EC38 4118   ELEF 1,4118   ; [4118] = 0
1BCC  0C34        JSR @52
1BCD  5020        STA 2,32
1BCE  8400        ADC 0,0
1BCF  EC38 4222   ELEF 1,4222   ; -> "LRM = " (len 6)
1BD1  0C31        JSR @49
1BD2  5020        STA 2,32
1BD3  8400        ADC 0,0
1BD4  EC38 01D6   ELEF 1,01D6   ; = 470
1BD6  0C30        JSR @48
1BD7  5020        STA 2,32
1BD8  8400        ADC 0,0
1BD9  EC38 4229   ELEF 1,4229   ; -> ".CRM = " (len 7)
1BDB  0C31        JSR @49
1BDC  5020        STA 2,32
1BDD  8400        ADC 0,0
1BDE  EC38 01D5   ELEF 1,01D5   ; = 469
1BE0  0C30        JSR @48
1BE1  5020        STA 2,32
1BE2  8400        ADC 0,0
1BE3  EC38 4230   ELEF 1,4230   ; -> ".CBASE =" (len 8)
1BE5  0C31        JSR @49
1BE6  5020        STA 2,32
1BE7  8400        ADC 0,0
1BE8  EC38 01E2   ELEF 1,01E2   ; = 482
1BEA  0C30        JSR @48
1BEB  5020        STA 2,32
1BEC  8400        ADC 0,0
1BED  EC38 4238   ELEF 1,4238   ; -> ".CSEC = " (len 8)
1BEF  0C31        JSR @49
1BF0  5020        STA 2,32
1BF1  8400        ADC 0,0
1BF2  EC38 01E1   ELEF 1,01E1   ; = 481
1BF4  0C30        JSR @48
1BF5  5020        STA 2,32
1BF6  0C38        JSR @56
1BF7  2303        LDA 0,3,3
1BF8  680B        IO   680B
1BF9  8D0C        SUB# 0,1,SZR
1BFA  0129        JMP 41,PC   ; -> 1C23
1BFB  D550        SUBZL 2,2
1BFC  5304        STA 2,4,3
1BFD  2304        LDA 0,4,3
1BFE  680A        IO   680A
1BFF  A248        SGE 1,0
1C00  0123        JMP 35,PC   ; -> 1C23
1C01  3020        LDA 2,32
1C02  8400        ADC 0,0
1C03  EC38 4118   ELEF 1,4118   ; [4118] = 0
1C05  0C34        JSR @52
1C06  5020        STA 2,32
1C07  8400        ADC 0,0
1C08  EC38 4241   ELEF 1,4241   ; -> ".SECTION[" (len 9)
1C0A  0C31        JSR @49
1C0B  5020        STA 2,32
1C0C  8400        ADC 0,0
1C0D  6B04        IO   6B04
1C0E  0C30        JSR @48
1C0F  5020        STA 2,32
1C10  8400        ADC 0,0
1C11  EC38 41A7   ELEF 1,41A7   ; -> "] = " (len 4)
1C13  0C31        JSR @49
1C14  5020        STA 2,32
1C15  3304        LDA 2,4,3
1C16  232F        LDA 0,47,3
1C17  9600        ADD 0,2
1C18  5331        STA 2,49,3
1C19  3020        LDA 2,32
1C1A  8400        ADC 0,0
1C1B  2B31        LDA 1,49,3
1C1C  0C30        JSR @48
1C1D  5020        STA 2,32
1C1E  0C38        JSR @56
1C1F  2304        LDA 0,4,3
1C20  8300        INC 0,0
1C21  4304        STA 0,4,3
1C22  01DB        JMP -37,PC   ; -> 1BFD
1C23  2303        LDA 0,3,3
1C24  680C        IO   680C
1C25  8A08        SGT 0,1
1C26  0107        JMP 7,PC   ; -> 1C2D
1C27  3020        LDA 2,32
1C28  6303        IO   6303
1C29  8648        PSH 0,0
1C2A  0C0C 015B   JSR @12            ; overlay call, arg 015B
1C2C  5020        STA 2,32
1C2D  3020        LDA 2,32
1C2E  8400        ADC 0,0
1C2F  EC38 4118   ELEF 1,4118   ; [4118] = 0
1C31  0C34        JSR @52
1C32  5020        STA 2,32
1C33  8400        ADC 0,0
1C34  EC38 4119   ELEF 1,4119   ; -> "." (len 1)
1C36  0C31        JSR @49
1C37  5020        STA 2,32
1C38  0C38        JSR @56
1C39  0116        JMP 22,PC   ; -> 1C4F
1C3A  3020        LDA 2,32
1C3B  8400        ADC 0,0
1C3C  EC38 4118   ELEF 1,4118   ; [4118] = 0
1C3E  0C34        JSR @52
1C3F  5020        STA 2,32
1C40  8400        ADC 0,0
1C41  EC38 4249   ELEF 1,4249   ; -> "I don't understand the word '" (len 29)
1C43  0C31        JSR @49
1C44  5020        STA 2,32
1C45  8400        ADC 0,0
1C46  2B0D        LDA 1,13,3
1C47  0C31        JSR @49
1C48  5020        STA 2,32
1C49  8400        ADC 0,0
1C4A  EC38 425B   ELEF 1,425B   ; -> "'." (len 2)
1C4C  0C31        JSR @49
1C4D  5020        STA 2,32
1C4E  0C38        JSR @56
1C4F  0C63        JSR @99
1C50  AFC8        RTN
1C51  0000        JMP 0
1C52  0000        JMP 0
1C53  0000        JMP 0
1C54  0000        JMP 0
1C55  0000        JMP 0
1C56  0000        JMP 0
1C57  0000        JMP 0
1C58  0000        JMP 0
1C59  0000        JMP 0
1C5A  0000        JMP 0
1C5B  0000        JMP 0
1C5C  0000        JMP 0
1C5D  0000        JMP 0
1C5E  0000        JMP 0
1C5F  0000        JMP 0
1C60  0000        JMP 0
1C61  0000        JMP 0
1C62  0000        JMP 0
1C63  0000        JMP 0
1C64  0000        JMP 0
1C65  0000        JMP 0
1C66  0000        JMP 0
1C67  0000        JMP 0
1C68  0000        JMP 0
1C69  0000        JMP 0
1C6A  0000        JMP 0
1C6B  0000        JMP 0
1C6C  0000        JMP 0
1C6D  0000        JMP 0
1C6E  0000        JMP 0
1C6F  0000        JMP 0
1C70  0000        JMP 0
1C71  0000        JMP 0
1C72  0000        JMP 0
1C73  0000        JMP 0
1C74  0000        JMP 0
1C75  0000        JMP 0
1C76  0000        JMP 0
1C77  0000        JMP 0
1C78  0000        JMP 0
1C79  0000        JMP 0
1C7A  0000        JMP 0
1C7B  0000        JMP 0
1C7C  0000        JMP 0
1C7D  0000        JMP 0
1C7E  0000        JMP 0
1C7F  0000        JMP 0
1C80  0000        JMP 0
1C81  0000        JMP 0
1C82  0000        JMP 0
1C83  0000        JMP 0
1C84  0000        JMP 0
1C85  0000        JMP 0
1C86  0000        JMP 0
1C87  0000        JMP 0
1C88  0000        JMP 0
1C89  0000        JMP 0
1C8A  0000        JMP 0
1C8B  0000        JMP 0
1C8C  0000        JMP 0
1C8D  0000        JMP 0
1C8E  0000        JMP 0
1C8F  0000        JMP 0
1C90  0000        JMP 0
1C91  0000        JMP 0
1C92  0000        JMP 0
1C93  0000        JMP 0
1C94  0000        JMP 0
1C95  0000        JMP 0
1C96  0000        JMP 0
1C97  0000        JMP 0
1C98  0000        JMP 0
1C99  0000        JMP 0
1C9A  0000        JMP 0
1C9B  0000        JMP 0
1C9C  0000        JMP 0
1C9D  0000        JMP 0
1C9E  0000        JMP 0
1C9F  0000        JMP 0
1CA0  0000        JMP 0
1CA1  0000        JMP 0
1CA2  0000        JMP 0
1CA3  0000        JMP 0
1CA4  0000        JMP 0
1CA5  0000        JMP 0
1CA6  0000        JMP 0
1CA7  0000        JMP 0
1CA8  0000        JMP 0
1CA9  0000        JMP 0
1CAA  0000        JMP 0
1CAB  0000        JMP 0
1CAC  0000        JMP 0
1CAD  0000        JMP 0
1CAE  0000        JMP 0
1CAF  0000        JMP 0
1CB0  0000        JMP 0
1CB1  0000        JMP 0
1CB2  0000        JMP 0
1CB3  0000        JMP 0
1CB4  0000        JMP 0
1CB5  0000        JMP 0
1CB6  0000        JMP 0
1CB7  0000        JMP 0
1CB8  0000        JMP 0
1CB9  0000        JMP 0
1CBA  0000        JMP 0
1CBB  0000        JMP 0
1CBC  0000        JMP 0
1CBD  0000        JMP 0
1CBE  0000        JMP 0
1CBF  0000        JMP 0
1CC0  0000        JMP 0
1CC1  0000        JMP 0
1CC2  0000        JMP 0
1CC3  0000        JMP 0
1CC4  0000        JMP 0
1CC5  0000        JMP 0
1CC6  0000        JMP 0
1CC7  0000        JMP 0
1CC8  0000        JMP 0
1CC9  0000        JMP 0
1CCA  0000        JMP 0
1CCB  0000        JMP 0
1CCC  0000        JMP 0
1CCD  0000        JMP 0
1CCE  0000        JMP 0
1CCF  0000        JMP 0
1CD0  0000        JMP 0
1CD1  0000        JMP 0
1CD2  0000        JMP 0
1CD3  0000        JMP 0
1CD4  0000        JMP 0
1CD5  0000        JMP 0
1CD6  0000        JMP 0
1CD7  0000        JMP 0
1CD8  0000        JMP 0
1CD9  0000        JMP 0
1CDA  0000        JMP 0
1CDB  0000        JMP 0
1CDC  0000        JMP 0
1CDD  0000        JMP 0
1CDE  0000        JMP 0
1CDF  0000        JMP 0
1CE0  0000        JMP 0
1CE1  0000        JMP 0
1CE2  0000        JMP 0
1CE3  0000        JMP 0
1CE4  0000        JMP 0
1CE5  0000        JMP 0
1CE6  0000        JMP 0
1CE7  0000        JMP 0
1CE8  0000        JMP 0
1CE9  0000        JMP 0
1CEA  0000        JMP 0
1CEB  0000        JMP 0
1CEC  0000        JMP 0
1CED  0000        JMP 0
1CEE  0000        JMP 0
1CEF  0000        JMP 0
1CF0  0000        JMP 0
1CF1  0000        JMP 0
1CF2  0000        JMP 0
1CF3  0000        JMP 0
1CF4  0000        JMP 0
1CF5  0000        JMP 0
1CF6  0000        JMP 0
1CF7  0000        JMP 0
1CF8  0000        JMP 0
1CF9  0000        JMP 0
1CFA  0000        JMP 0
1CFB  0000        JMP 0
1CFC  0000        JMP 0
1CFD  0000        JMP 0
1CFE  0000        JMP 0
1CFF  0000        JMP 0
1D00  0000        JMP 0
1D01  0000        JMP 0
1D02  0000        JMP 0
1D03  0000        JMP 0
1D04  0000        JMP 0
1D05  0000        JMP 0
1D06  0000        JMP 0
1D07  0000        JMP 0
1D08  0000        JMP 0
1D09  0000        JMP 0
1D0A  0000        JMP 0
1D0B  0000        JMP 0
1D0C  0000        JMP 0
1D0D  0000        JMP 0
1D0E  0000        JMP 0
1D0F  0000        JMP 0
1D10  0000        JMP 0
1D11  0000        JMP 0
1D12  0000        JMP 0
1D13  0000        JMP 0
1D14  0000        JMP 0
1D15  0000        JMP 0
1D16  0000        JMP 0
1D17  0000        JMP 0
1D18  0000        JMP 0
1D19  0000        JMP 0
1D1A  0000        JMP 0
1D1B  0000        JMP 0
1D1C  0000        JMP 0
1D1D  0000        JMP 0
1D1E  0000        JMP 0
1D1F  0000        JMP 0
1D20  0000        JMP 0
1D21  0000        JMP 0
1D22  0000        JMP 0
1D23  0000        JMP 0
1D24  0000        JMP 0
1D25  0000        JMP 0
1D26  0000        JMP 0
1D27  0000        JMP 0
1D28  0000        JMP 0
1D29  0000        JMP 0
1D2A  0000        JMP 0
1D2B  0000        JMP 0
1D2C  0000        JMP 0
1D2D  0000        JMP 0
1D2E  0000        JMP 0
1D2F  0000        JMP 0
1D30  0000        JMP 0
1D31  0000        JMP 0
1D32  0000        JMP 0
1D33  0000        JMP 0
1D34  0000        JMP 0
1D35  0000        JMP 0
1D36  0000        JMP 0
1D37  0000        JMP 0
1D38  0000        JMP 0
1D39  0000        JMP 0
1D3A  0000        JMP 0
1D3B  0000        JMP 0
1D3C  0000        JMP 0
1D3D  0000        JMP 0
1D3E  0000        JMP 0
1D3F  0000        JMP 0
1D40  0000        JMP 0
1D41  0000        JMP 0
1D42  0000        JMP 0
1D43  0000        JMP 0
1D44  0000        JMP 0
1D45  0000        JMP 0
1D46  0000        JMP 0
1D47  0000        JMP 0
1D48  0000        JMP 0
1D49  0000        JMP 0
1D4A  0000        JMP 0
1D4B  0000        JMP 0
1D4C  0000        JMP 0
1D4D  0000        JMP 0
1D4E  0000        JMP 0
1D4F  0000        JMP 0
1D50  0000        JMP 0
1D51  0000        JMP 0
1D52  0000        JMP 0
1D53  0000        JMP 0
1D54  0000        JMP 0
1D55  0000        JMP 0
1D56  0000        JMP 0
1D57  0000        JMP 0
1D58  0000        JMP 0
1D59  0000        JMP 0
1D5A  0000        JMP 0
1D5B  0000        JMP 0
1D5C  0000        JMP 0
1D5D  0000        JMP 0
1D5E  0000        JMP 0
1D5F  0000        JMP 0
1D60  0000        JMP 0
1D61  0000        JMP 0
1D62  0000        JMP 0
1D63  0000        JMP 0
1D64  0000        JMP 0
1D65  0000        JMP 0
1D66  0000        JMP 0
1D67  0000        JMP 0
1D68  0000        JMP 0
1D69  0000        JMP 0
1D6A  0000        JMP 0
1D6B  0000        JMP 0
1D6C  0000        JMP 0
1D6D  0000        JMP 0
1D6E  0000        JMP 0
1D6F  0000        JMP 0
1D70  0000        JMP 0
1D71  0000        JMP 0
1D72  0000        JMP 0
1D73  0000        JMP 0
1D74  0000        JMP 0
1D75  0000        JMP 0
1D76  0000        JMP 0
1D77  0000        JMP 0
1D78  0000        JMP 0
1D79  0000        JMP 0
1D7A  0000        JMP 0
1D7B  0000        JMP 0
1D7C  0000        JMP 0
1D7D  0000        JMP 0
1D7E  0000        JMP 0
1D7F  0000        JMP 0
1D80  0000        JMP 0
1D81  0000        JMP 0
1D82  0000        JMP 0
1D83  0000        JMP 0
1D84  0000        JMP 0
1D85  0000        JMP 0
1D86  0000        JMP 0
1D87  0000        JMP 0
1D88  0000        JMP 0
1D89  0000        JMP 0
1D8A  0000        JMP 0
1D8B  0000        JMP 0
1D8C  0000        JMP 0
1D8D  0000        JMP 0
1D8E  0000        JMP 0
1D8F  0000        JMP 0
1D90  0000        JMP 0
1D91  0000        JMP 0
1D92  0000        JMP 0
1D93  0000        JMP 0
1D94  0000        JMP 0
1D95  0000        JMP 0
1D96  0000        JMP 0
1D97  0000        JMP 0
1D98  0000        JMP 0
1D99  0000        JMP 0
1D9A  0000        JMP 0
1D9B  0000        JMP 0
1D9C  0000        JMP 0
1D9D  0000        JMP 0
1D9E  0000        JMP 0
1D9F  0000        JMP 0
1DA0  0000        JMP 0
1DA1  0000        JMP 0
1DA2  0000        JMP 0
1DA3  0000        JMP 0
1DA4  0000        JMP 0
1DA5  0000        JMP 0
1DA6  0000        JMP 0
1DA7  0000        JMP 0
1DA8  0000        JMP 0
1DA9  0000        JMP 0
1DAA  0000        JMP 0
1DAB  0000        JMP 0
1DAC  0000        JMP 0
1DAD  0000        JMP 0
1DAE  0000        JMP 0
1DAF  0000        JMP 0
1DB0  0000        JMP 0
1DB1  0000        JMP 0
1DB2  0000        JMP 0
1DB3  0000        JMP 0
1DB4  0000        JMP 0
1DB5  0000        JMP 0
1DB6  0000        JMP 0
1DB7  0000        JMP 0
1DB8  0000        JMP 0
1DB9  0000        JMP 0
1DBA  0000        JMP 0
1DBB  0000        JMP 0
1DBC  0000        JMP 0
1DBD  0000        JMP 0
1DBE  0000        JMP 0
1DBF  0000        JMP 0
1DC0  0000        JMP 0
1DC1  0000        JMP 0
1DC2  0000        JMP 0
1DC3  0000        JMP 0
1DC4  0000        JMP 0
1DC5  0000        JMP 0
1DC6  0000        JMP 0
1DC7  0000        JMP 0
1DC8  0000        JMP 0
1DC9  0000        JMP 0
1DCA  0000        JMP 0
1DCB  0000        JMP 0
1DCC  0000        JMP 0
1DCD  0000        JMP 0
1DCE  0000        JMP 0
1DCF  0000        JMP 0
1DD0  0000        JMP 0
1DD1  0000        JMP 0
1DD2  0000        JMP 0
1DD3  0000        JMP 0
1DD4  0000        JMP 0
1DD5  0000        JMP 0
1DD6  0000        JMP 0
1DD7  0000        JMP 0
1DD8  0000        JMP 0
1DD9  0000        JMP 0
1DDA  0000        JMP 0
1DDB  0000        JMP 0
1DDC  0000        JMP 0
1DDD  0000        JMP 0
1DDE  0000        JMP 0
1DDF  0000        JMP 0
1DE0  0000        JMP 0
1DE1  0000        JMP 0
1DE2  0000        JMP 0
1DE3  0000        JMP 0
1DE4  0000        JMP 0
1DE5  0000        JMP 0
1DE6  0000        JMP 0
1DE7  0000        JMP 0
1DE8  0000        JMP 0
1DE9  0000        JMP 0
1DEA  0000        JMP 0
1DEB  0000        JMP 0
1DEC  0000        JMP 0
1DED  0000        JMP 0
1DEE  0000        JMP 0
1DEF  0000        JMP 0
1DF0  0000        JMP 0
1DF1  0000        JMP 0
1DF2  0000        JMP 0
1DF3  0000        JMP 0
1DF4  0000        JMP 0
1DF5  0000        JMP 0
1DF6  0000        JMP 0
1DF7  0000        JMP 0
1DF8  0000        JMP 0
1DF9  0000        JMP 0
1DFA  0000        JMP 0
1DFB  0000        JMP 0
1DFC  0000        JMP 0
1DFD  0000        JMP 0
1DFE  0000        JMP 0
1DFF  0000        JMP 0
1E00  0000        JMP 0
1E01  0000        JMP 0
1E02  0000        JMP 0
1E03  0000        JMP 0
1E04  0000        JMP 0
1E05  0000        JMP 0
1E06  0000        JMP 0
1E07  0000        JMP 0
1E08  0000        JMP 0
1E09  0000        JMP 0
1E0A  0000        JMP 0
1E0B  0000        JMP 0
1E0C  0000        JMP 0
1E0D  0000        JMP 0
1E0E  0000        JMP 0
1E0F  0000        JMP 0
1E10  0000        JMP 0
1E11  0000        JMP 0
1E12  0000        JMP 0
1E13  0000        JMP 0
1E14  0000        JMP 0
1E15  0000        JMP 0
1E16  0000        JMP 0
1E17  0000        JMP 0
1E18  0000        JMP 0
1E19  0000        JMP 0
1E1A  0000        JMP 0
1E1B  0000        JMP 0
1E1C  0000        JMP 0
1E1D  0000        JMP 0
1E1E  0000        JMP 0
1E1F  0000        JMP 0
1E20  0000        JMP 0
1E21  0000        JMP 0
1E22  0000        JMP 0
1E23  0000        JMP 0
1E24  0000        JMP 0
1E25  0000        JMP 0
1E26  0000        JMP 0
1E27  0000        JMP 0
1E28  0000        JMP 0
1E29  0000        JMP 0
1E2A  0000        JMP 0
1E2B  0000        JMP 0
1E2C  0000        JMP 0
1E2D  0000        JMP 0
1E2E  0000        JMP 0
1E2F  0000        JMP 0
1E30  0000        JMP 0
1E31  0000        JMP 0
1E32  0000        JMP 0
1E33  0000        JMP 0
1E34  0000        JMP 0
1E35  0000        JMP 0
1E36  0000        JMP 0
1E37  0000        JMP 0
1E38  0000        JMP 0
1E39  0000        JMP 0
1E3A  0000        JMP 0
1E3B  0000        JMP 0
1E3C  0000        JMP 0
1E3D  0000        JMP 0
1E3E  0000        JMP 0
1E3F  0000        JMP 0
1E40  0000        JMP 0
1E41  0000        JMP 0
1E42  0000        JMP 0
1E43  0000        JMP 0
1E44  0000        JMP 0
1E45  0000        JMP 0
1E46  0000        JMP 0
1E47  0000        JMP 0
1E48  0000        JMP 0
1E49  0000        JMP 0
1E4A  0000        JMP 0
1E4B  0000        JMP 0
1E4C  0000        JMP 0
1E4D  0000        JMP 0
1E4E  0000        JMP 0
1E4F  0000        JMP 0
1E50  0000        JMP 0
1E51  0000        JMP 0
1E52  0000        JMP 0
1E53  0000        JMP 0
1E54  0000        JMP 0
1E55  0000        JMP 0
1E56  0000        JMP 0
1E57  0000        JMP 0
1E58  0000        JMP 0
1E59  0000        JMP 0
1E5A  0000        JMP 0
1E5B  0000        JMP 0
1E5C  0000        JMP 0
1E5D  0000        JMP 0
1E5E  0000        JMP 0
1E5F  0000        JMP 0
1E60  0000        JMP 0
1E61  0000        JMP 0
1E62  0000        JMP 0
1E63  0000        JMP 0
1E64  0000        JMP 0
1E65  0000        JMP 0
1E66  0000        JMP 0
1E67  0000        JMP 0
1E68  0000        JMP 0
1E69  0000        JMP 0
1E6A  0000        JMP 0
1E6B  0000        JMP 0
1E6C  0000        JMP 0
1E6D  0000        JMP 0
1E6E  0000        JMP 0
1E6F  0000        JMP 0
1E70  0000        JMP 0
1E71  0000        JMP 0
1E72  0000        JMP 0
1E73  0000        JMP 0
1E74  0000        JMP 0
1E75  0000        JMP 0
1E76  0000        JMP 0
1E77  0000        JMP 0
1E78  0000        JMP 0
1E79  0000        JMP 0
1E7A  0000        JMP 0
1E7B  0000        JMP 0
1E7C  0000        JMP 0
1E7D  0000        JMP 0
1E7E  0000        JMP 0
1E7F  0000        JMP 0
1E80  0000        JMP 0
1E81  0000        JMP 0
1E82  0000        JMP 0
1E83  0000        JMP 0
1E84  0000        JMP 0
1E85  0000        JMP 0
1E86  0000        JMP 0
1E87  0000        JMP 0
1E88  0000        JMP 0
1E89  0000        JMP 0
1E8A  0000        JMP 0
1E8B  0000        JMP 0
1E8C  0000        JMP 0
1E8D  0000        JMP 0
1E8E  0000        JMP 0
1E8F  0000        JMP 0
1E90  0000        JMP 0
1E91  0000        JMP 0
1E92  0000        JMP 0
1E93  0000        JMP 0
1E94  0000        JMP 0
1E95  0000        JMP 0
1E96  0000        JMP 0
1E97  0000        JMP 0
1E98  0000        JMP 0
1E99  0000        JMP 0
1E9A  0000        JMP 0
1E9B  0000        JMP 0
1E9C  0000        JMP 0
1E9D  0000        JMP 0
1E9E  0000        JMP 0
1E9F  0000        JMP 0
1EA0  0000        JMP 0
1EA1  0000        JMP 0
1EA2  0000        JMP 0
1EA3  0000        JMP 0
1EA4  0000        JMP 0
1EA5  0000        JMP 0
1EA6  0000        JMP 0
1EA7  0000        JMP 0
1EA8  0000        JMP 0
1EA9  0000        JMP 0
1EAA  0000        JMP 0
1EAB  0000        JMP 0
1EAC  0000        JMP 0
1EAD  0000        JMP 0
1EAE  0000        JMP 0
1EAF  0000        JMP 0
1EB0  0000        JMP 0
1EB1  0000        JMP 0
1EB2  0000        JMP 0
1EB3  0000        JMP 0
1EB4  0000        JMP 0
1EB5  0000        JMP 0
1EB6  0000        JMP 0
1EB7  0000        JMP 0
1EB8  0000        JMP 0
1EB9  0000        JMP 0
1EBA  0000        JMP 0
1EBB  0000        JMP 0
1EBC  0000        JMP 0
1EBD  0000        JMP 0
1EBE  0000        JMP 0
1EBF  0000        JMP 0
1EC0  0000        JMP 0
1EC1  0000        JMP 0
1EC2  0000        JMP 0
1EC3  0000        JMP 0
1EC4  0000        JMP 0
1EC5  0000        JMP 0
1EC6  0000        JMP 0
1EC7  0000        JMP 0
1EC8  0000        JMP 0
1EC9  0000        JMP 0
1ECA  0000        JMP 0
1ECB  0000        JMP 0
1ECC  0000        JMP 0
1ECD  0000        JMP 0
1ECE  0000        JMP 0
1ECF  0000        JMP 0
1ED0  0000        JMP 0
1ED1  0000        JMP 0
1ED2  0000        JMP 0
1ED3  0000        JMP 0
1ED4  0000        JMP 0
1ED5  0000        JMP 0
1ED6  0000        JMP 0
1ED7  0000        JMP 0
1ED8  0000        JMP 0
1ED9  0000        JMP 0
1EDA  0000        JMP 0
1EDB  0000        JMP 0
1EDC  0000        JMP 0
1EDD  0000        JMP 0
1EDE  0000        JMP 0
1EDF  0000        JMP 0
1EE0  0000        JMP 0
1EE1  0000        JMP 0
1EE2  0000        JMP 0
1EE3  0000        JMP 0
1EE4  0000        JMP 0
1EE5  0000        JMP 0
1EE6  0000        JMP 0
1EE7  0000        JMP 0
1EE8  0000        JMP 0
1EE9  0000        JMP 0
1EEA  0000        JMP 0
1EEB  0000        JMP 0
1EEC  0000        JMP 0
1EED  0000        JMP 0
1EEE  0000        JMP 0
1EEF  0000        JMP 0
1EF0  0000        JMP 0
1EF1  0000        JMP 0
1EF2  0000        JMP 0
1EF3  0000        JMP 0
1EF4  0000        JMP 0
1EF5  0000        JMP 0
1EF6  0000        JMP 0
1EF7  0000        JMP 0
1EF8  0000        JMP 0
1EF9  0000        JMP 0
1EFA  0000        JMP 0
1EFB  0000        JMP 0
1EFC  0000        JMP 0
1EFD  0000        JMP 0
1EFE  0000        JMP 0
1EFF  0000        JMP 0
1F00  0000        JMP 0
1F01  0000        JMP 0
1F02  0000        JMP 0
1F03  0000        JMP 0
1F04  0000        JMP 0
1F05  0000        JMP 0
1F06  0000        JMP 0
1F07  0000        JMP 0
1F08  0000        JMP 0
1F09  0000        JMP 0
1F0A  0000        JMP 0
1F0B  0000        JMP 0
1F0C  0000        JMP 0
1F0D  0000        JMP 0
1F0E  0000        JMP 0
1F0F  0000        JMP 0
1F10  0000        JMP 0
1F11  0000        JMP 0
1F12  0000        JMP 0
1F13  0000        JMP 0
1F14  0000        JMP 0
1F15  0000        JMP 0
1F16  0000        JMP 0
1F17  0000        JMP 0
1F18  0000        JMP 0
1F19  0000        JMP 0
1F1A  0000        JMP 0
1F1B  0000        JMP 0
1F1C  0000        JMP 0
1F1D  0000        JMP 0
1F1E  0000        JMP 0
1F1F  0000        JMP 0
1F20  0000        JMP 0
1F21  0000        JMP 0
1F22  0000        JMP 0
1F23  0000        JMP 0
1F24  0000        JMP 0
1F25  0000        JMP 0
1F26  0000        JMP 0
1F27  0000        JMP 0
1F28  0000        JMP 0
1F29  0000        JMP 0
1F2A  0000        JMP 0
1F2B  0000        JMP 0
1F2C  0000        JMP 0
1F2D  0000        JMP 0
1F2E  0000        JMP 0
1F2F  0000        JMP 0
1F30  0000        JMP 0
1F31  0000        JMP 0
1F32  0000        JMP 0
1F33  0000        JMP 0
1F34  0000        JMP 0
1F35  0000        JMP 0
1F36  0000        JMP 0
1F37  0000        JMP 0
1F38  0000        JMP 0
1F39  0000        JMP 0
1F3A  0000        JMP 0
1F3B  0000        JMP 0
1F3C  0000        JMP 0
1F3D  0000        JMP 0
1F3E  0000        JMP 0
1F3F  0000        JMP 0
1F40  0000        JMP 0
1F41  0000        JMP 0
1F42  0000        JMP 0
1F43  0000        JMP 0
1F44  0000        JMP 0
1F45  0000        JMP 0
1F46  0000        JMP 0
1F47  0000        JMP 0
1F48  0000        JMP 0
1F49  0000        JMP 0
1F4A  0000        JMP 0
1F4B  0000        JMP 0
1F4C  0000        JMP 0
1F4D  0000        JMP 0
1F4E  0000        JMP 0
1F4F  0000        JMP 0
1F50  0000        JMP 0
1F51  0000        JMP 0
1F52  0000        JMP 0
1F53  0000        JMP 0
1F54  0000        JMP 0
1F55  0000        JMP 0
1F56  0000        JMP 0
1F57  0000        JMP 0
1F58  0000        JMP 0
1F59  0000        JMP 0
1F5A  0000        JMP 0
1F5B  0000        JMP 0
1F5C  0000        JMP 0
1F5D  0000        JMP 0
1F5E  0000        JMP 0
1F5F  0000        JMP 0
1F60  0000        JMP 0
1F61  0000        JMP 0
1F62  0000        JMP 0
1F63  0000        JMP 0
1F64  0000        JMP 0
1F65  0000        JMP 0
1F66  0000        JMP 0
1F67  0000        JMP 0
1F68  0000        JMP 0
1F69  0000        JMP 0
1F6A  0000        JMP 0
1F6B  0000        JMP 0
1F6C  0000        JMP 0
1F6D  0000        JMP 0
1F6E  0000        JMP 0
1F6F  0000        JMP 0
1F70  0000        JMP 0
1F71  0000        JMP 0
1F72  0000        JMP 0
1F73  0000        JMP 0
1F74  0000        JMP 0
1F75  0000        JMP 0
1F76  0000        JMP 0
1F77  0000        JMP 0
1F78  0000        JMP 0
1F79  0000        JMP 0
1F7A  0000        JMP 0
1F7B  0000        JMP 0
1F7C  0000        JMP 0
1F7D  0000        JMP 0
1F7E  0000        JMP 0
1F7F  0000        JMP 0
1F80  0000        JMP 0
1F81  0000        JMP 0
1F82  0000        JMP 0
1F83  0000        JMP 0
1F84  0000        JMP 0
1F85  0000        JMP 0
1F86  0000        JMP 0
1F87  0000        JMP 0
1F88  0000        JMP 0
1F89  0000        JMP 0
1F8A  0000        JMP 0
1F8B  0000        JMP 0
1F8C  0000        JMP 0
1F8D  0000        JMP 0
1F8E  0000        JMP 0
1F8F  0000        JMP 0
1F90  0000        JMP 0
1F91  0000        JMP 0
1F92  0000        JMP 0
1F93  0000        JMP 0
1F94  0000        JMP 0
1F95  0000        JMP 0
1F96  0000        JMP 0
1F97  0000        JMP 0
1F98  0000        JMP 0
1F99  0000        JMP 0
1F9A  0000        JMP 0
1F9B  0000        JMP 0
1F9C  0000        JMP 0
1F9D  0000        JMP 0
1F9E  0000        JMP 0
1F9F  0000        JMP 0
1FA0  0000        JMP 0
1FA1  0000        JMP 0
1FA2  0000        JMP 0
1FA3  0000        JMP 0
1FA4  0000        JMP 0
1FA5  0000        JMP 0
1FA6  0000        JMP 0
1FA7  0000        JMP 0
1FA8  0000        JMP 0
1FA9  0000        JMP 0
1FAA  0000        JMP 0
1FAB  0000        JMP 0
1FAC  0000        JMP 0
1FAD  0000        JMP 0
1FAE  0000        JMP 0
1FAF  0000        JMP 0
1FB0  0000        JMP 0
1FB1  0000        JMP 0
1FB2  0000        JMP 0
1FB3  0000        JMP 0
1FB4  0000        JMP 0
1FB5  0000        JMP 0
1FB6  0000        JMP 0
1FB7  0000        JMP 0
1FB8  0000        JMP 0
1FB9  0000        JMP 0
1FBA  0000        JMP 0
1FBB  0000        JMP 0
1FBC  0000        JMP 0
1FBD  0000        JMP 0
1FBE  0000        JMP 0
1FBF  0000        JMP 0
1FC0  0000        JMP 0
1FC1  0000        JMP 0
1FC2  0000        JMP 0
1FC3  0000        JMP 0
1FC4  0000        JMP 0
1FC5  0000        JMP 0
1FC6  0000        JMP 0
1FC7  0000        JMP 0
1FC8  0000        JMP 0
1FC9  0000        JMP 0
1FCA  0000        JMP 0
1FCB  0000        JMP 0
1FCC  0000        JMP 0
1FCD  0000        JMP 0
1FCE  0000        JMP 0
1FCF  0000        JMP 0
1FD0  0000        JMP 0
1FD1  0000        JMP 0
1FD2  0000        JMP 0
1FD3  0000        JMP 0
1FD4  0000        JMP 0
1FD5  0000        JMP 0
1FD6  0000        JMP 0
1FD7  0000        JMP 0
1FD8  0000        JMP 0
1FD9  0000        JMP 0
1FDA  0000        JMP 0
1FDB  0000        JMP 0
1FDC  0000        JMP 0
1FDD  0000        JMP 0
1FDE  0000        JMP 0
1FDF  0000        JMP 0
1FE0  0000        JMP 0
1FE1  0000        JMP 0
1FE2  0000        JMP 0
1FE3  0000        JMP 0
1FE4  0000        JMP 0
1FE5  0000        JMP 0
1FE6  0000        JMP 0
1FE7  0000        JMP 0
1FE8  0000        JMP 0
1FE9  0000        JMP 0
1FEA  0000        JMP 0
1FEB  0000        JMP 0
1FEC  0000        JMP 0
1FED  0000        JMP 0
1FEE  0000        JMP 0
1FEF  0000        JMP 0
1FF0  0000        JMP 0
1FF1  0000        JMP 0
1FF2  0000        JMP 0
1FF3  0000        JMP 0
1FF4  0000        JMP 0
1FF5  0000        JMP 0
1FF6  0000        JMP 0
1FF7  0000        JMP 0
1FF8  0000        JMP 0
1FF9  0000        JMP 0
1FFA  0000        JMP 0
1FFB  0000        JMP 0
1FFC  0000        JMP 0
1FFD  0000        JMP 0
1FFE  0000        JMP 0
1FFF  0000        JMP 0
2000  E7C8 003A   SAVE 58             ; frame
2002  0C42        JSR @66
2003  0001        JMP 1
2004  430B        STA 0,11,3
2005  2F0B        LDA 1,@11,3
2006  700D        IO   700D
2007  B50C        SUB# 1,2,SZR
2008  D501        SUB 2,2,SKP
2009  D550        SUBZL 2,2
200A  530C        STA 2,12,3
200B  B438 01B7   ELDA 2,01B7   ; = 439
200D  32FD        LDA 2,-3,2
200E  530D        STA 2,13,3
200F  B438 01B7   ELDA 2,01B7   ; = 439
2011  32FB        LDA 2,-5,2
2012  530E        STA 2,14,3
2013  B438 01B7   ELDA 2,01B7   ; = 439
2015  32FE        LDA 2,-2,2
2016  230D        LDA 0,13,3
2017  8100        NEG 0,0
2018  8300        INC 0,0
2019  530F        STA 2,15,3
201A  9600        ADD 0,2
201B  4310        STA 0,16,3
201C  8500        SUB 0,0
201D  2B0E        LDA 1,14,3
201E  CFC8        MULS
201F  230D        LDA 0,13,3
2020  4B11        STA 1,17,3
2021  8E00        ADD 0,1
2022  A438 01B7   ELDA 0,01B7   ; = 439
2024  A500        SUB 1,0
2025  5312        STA 2,18,3
2026  B438 01BD   ELDA 2,01BD   ; = 445
2028  32FD        LDA 2,-3,2
2029  4313        STA 0,19,3
202A  A438 01BD   ELDA 0,01BD   ; = 445
202C  C500        SUB 2,0
202D  5314        STA 2,20,3
202E  B438 01BC   ELDA 2,01BC   ; = 444
2030  32FD        LDA 2,-3,2
2031  4315        STA 0,21,3
2032  A438 01BC   ELDA 0,01BC   ; = 444
2034  C500        SUB 2,0
2035  B438 01BE   ELDA 2,01BE   ; = 446
2037  32FD        LDA 2,-3,2
2038  4316        STA 0,22,3
2039  A438 01BE   ELDA 0,01BE   ; = 446
203B  C500        SUB 2,0
203C  B438 01BF   ELDA 2,01BF   ; = 447
203E  32FD        LDA 2,-3,2
203F  5317        STA 2,23,3
2040  B438 01BF   ELDA 2,01BF   ; = 447
2042  32FB        LDA 2,-5,2
2043  5318        STA 2,24,3
2044  B438 01BF   ELDA 2,01BF   ; = 447
2046  32FE        LDA 2,-2,2
2047  4319        STA 0,25,3
2048  2317        LDA 0,23,3
2049  8100        NEG 0,0
204A  8300        INC 0,0
204B  531A        STA 2,26,3
204C  9600        ADD 0,2
204D  431B        STA 0,27,3
204E  2317        LDA 0,23,3
204F  4B1C        STA 1,28,3
2050  2B18        LDA 1,24,3
2051  CFC8        MULS
2052  A438 01BF   ELDA 0,01BF   ; = 447
2054  A500        SUB 1,0
2055  D600        ADD 2,2
2056  531D        STA 2,29,3
2057  B438 01B6   ELDA 2,01B6   ; = 438
2059  32FD        LDA 2,-3,2
205A  531E        STA 2,30,3
205B  B438 01B6   ELDA 2,01B6   ; = 438
205D  32FB        LDA 2,-5,2
205E  531F        STA 2,31,3
205F  B438 01B6   ELDA 2,01B6   ; = 438
2061  32FE        LDA 2,-2,2
2062  4320        STA 0,32,3
2063  231E        LDA 0,30,3
2064  8100        NEG 0,0
2065  8300        INC 0,0
2066  5321        STA 2,33,3
2067  9600        ADD 0,2
2068  4322        STA 0,34,3
2069  231E        LDA 0,30,3
206A  2B1F        LDA 1,31,3
206B  CFC8        MULS
206C  A438 01B6   ELDA 0,01B6   ; = 438
206E  A500        SUB 1,0
206F  4323        STA 0,35,3
2070  2312        LDA 0,18,3
2071  E7F8 0012   ADDI 0012,0
2073  5324        STA 2,36,3
2074  3313        LDA 2,19,3
2075  9600        ADD 0,2
2076  2312        LDA 0,18,3
2077  E7F8 002C   ADDI 002C,0
2079  5325        STA 2,37,3
207A  3313        LDA 2,19,3
207B  9600        ADD 0,2
207C  2312        LDA 0,18,3
207D  E7F8 0031   ADDI 0031,0
207F  5326        STA 2,38,3
2080  3313        LDA 2,19,3
2081  9600        ADD 0,2
2082  2312        LDA 0,18,3
2083  E7F8 0016   ADDI 0016,0
2085  5327        STA 2,39,3
2086  3313        LDA 2,19,3
2087  9600        ADD 0,2
2088  2312        LDA 0,18,3
2089  E7F8 00A1   ADDI 00A1,0
208B  5328        STA 2,40,3
208C  3313        LDA 2,19,3
208D  9600        ADD 0,2
208E  5329        STA 2,41,3
208F  B438 01C0   ELDA 2,01C0   ; = 448
2091  32FD        LDA 2,-3,2
2092  532A        STA 2,42,3
2093  B438 01C0   ELDA 2,01C0   ; = 448
2095  32FB        LDA 2,-5,2
2096  532B        STA 2,43,3
2097  B438 01C0   ELDA 2,01C0   ; = 448
2099  32FE        LDA 2,-2,2
209A  232A        LDA 0,42,3
209B  8100        NEG 0,0
209C  8300        INC 0,0
209D  532C        STA 2,44,3
209E  9600        ADD 0,2
209F  432D        STA 0,45,3
20A0  8500        SUB 0,0
20A1  2B2B        LDA 1,43,3
20A2  CFC8        MULS
20A3  232A        LDA 0,42,3
20A4  4B2E        STA 1,46,3
20A5  8E00        ADD 0,1
20A6  A438 01C0   ELDA 0,01C0   ; = 448
20A8  A500        SUB 1,0
20A9  532F        STA 2,47,3
20AA  D600        ADD 2,2
20AB  4330        STA 0,48,3
20AC  4B31        STA 1,49,3
20AD  5332        STA 2,50,3
20AE  0C62        JSR @98
20AF  EC38 4260   ELEF 1,4260   ; [4260] = 32
20B1  6303        IO   6303
20B2  0C59        JSR @89
20B3  230C        LDA 0,12,3
20B4  820D        MOV# 0,0,SNR
20B5  0108        JMP 8,PC   ; -> 20BD
20B6  A438 01C1   ELDA 0,01C1   ; = 449
20B8  820C        MOV# 0,0,SZR
20B9  D501        SUB 2,2,SKP
20BA  D550        SUBZL 2,2
20BB  D438 01C1   ESTA 2,01C1   ; = 449
20BD  270B        LDA 0,@11,3
20BE  680E        IO   680E
20BF  8D0C        SUB# 0,1,SZR
20C0  0117        JMP 23,PC   ; -> 20D7
20C1  3020        LDA 2,32
20C2  8400        ADC 0,0
20C3  EC38 4265   ELEF 1,4265   ; [4265] = 0
20C5  0C34        JSR @52
20C6  5020        STA 2,32
20C7  8400        ADC 0,0
20C8  EC38 4266   ELEF 1,4266   ; -> "Please use the new EXPRESS command" (len 34)
20CA  0C31        JSR @49
20CB  5020        STA 2,32
20CC  8400        ADC 0,0
20CD  EC38 427B   ELEF 1,427B   ; -> ".Format is EXPRESS s/r  or EXPRESS s:r." (len 39)
20CF  0C31        JSR @49
20D0  5020        STA 2,32
20D1  8400        ADC 0,0
20D2  EC38 4292   ELEF 1,4292   ; -> "where s is the section/r is the local room." (len 43)
20D4  0C31        JSR @49
20D5  5020        STA 2,32
20D6  0C38        JSR @56
20D7  270B        LDA 0,@11,3
20D8  680F        IO   680F
20D9  8D0C        SUB# 0,1,SZR
20DA  0118        JMP 24,PC   ; -> 20F2
20DB  3020        LDA 2,32
20DC  8400        ADC 0,0
20DD  EC38 4265   ELEF 1,4265   ; [4265] = 0
20DF  0C34        JSR @52
20E0  5020        STA 2,32
20E1  8400        ADC 0,0
20E2  EC38 42AC   ELEF 1,42AC   ; -> "Score: " (len 7)
20E4  0C31        JSR @49
20E5  5020        STA 2,32
20E6  0C38        JSR @56
20E7  8400        ADC 0,0
20E8  EC38 4265   ELEF 1,4265   ; [4265] = 0
20EA  0C35        JSR @53
20EB  5020        STA 2,32
20EC  8400        ADC 0,0
20ED  EC38 01D7   ELEF 1,01D7   ; = 471
20EF  0C32        JSR @50
20F0  5020        STA 2,32
20F1  0C37        JSR @55
20F2  270B        LDA 0,@11,3
20F3  6810        IO   6810
20F4  8D0C        SUB# 0,1,SZR
20F5  011F        JMP 31,PC   ; -> 2114
20F6  3020        LDA 2,32
20F7  8400        ADC 0,0
20F8  EC38 4265   ELEF 1,4265   ; [4265] = 0
20FA  0C34        JSR @52
20FB  5020        STA 2,32
20FC  8400        ADC 0,0
20FD  EC38 42B4   ELEF 1,42B4   ; -> "Object: " (len 8)
20FF  0C31        JSR @49
2100  5020        STA 2,32
2101  0C38        JSR @56
2102  8400        ADC 0,0
2103  EC38 4265   ELEF 1,4265   ; [4265] = 0
2105  0C35        JSR @53
2106  5020        STA 2,32
2107  8400        ADC 0,0
2108  6B06        IO   6B06
2109  0C32        JSR @50
210A  5020        STA 2,32
210B  0C37        JSR @55
210C  2306        LDA 0,6,3
210D  2B12        LDA 1,18,3
210E  8E00        ADD 0,1
210F  3313        LDA 2,19,3
2110  B600        ADD 1,2
2111  A438 01D5   ELDA 0,01D5   ; = 469
2113  4200        STA 0,0,2
2114  270B        LDA 0,@11,3
2115  6811        IO   6811
2116  A50D        SUB# 1,0,SNR
2117  0103        JMP 3,PC   ; -> 211A
2118  8538 008D   EJMP 008D,PC   ; -> 21A6
211A  D550        SUBZL 2,2
211B  5306        STA 2,6,3
211C  2306        LDA 0,6,3
211D  680C        IO   680C
211E  A248        SGE 1,0
211F  0140        JMP 64,PC   ; -> 215F
2120  3020        LDA 2,32
2121  8400        ADC 0,0
2122  EC38 4265   ELEF 1,4265   ; [4265] = 0
2124  0C34        JSR @52
2125  5020        STA 2,32
2126  8400        ADC 0,0
2127  EC38 42BF   ELEF 1,42BF   ; -> ".RAIL[" (len 6)
2129  0C31        JSR @49
212A  5020        STA 2,32
212B  8400        ADC 0,0
212C  6B06        IO   6B06
212D  0C30        JSR @48
212E  5020        STA 2,32
212F  8400        ADC 0,0
2130  EC38 42C6   ELEF 1,42C6   ; -> "]=" (len 2)
2132  0C31        JSR @49
2133  5020        STA 2,32
2134  3306        LDA 2,6,3
2135  2315        LDA 0,21,3
2136  9600        ADD 0,2
2137  5333        STA 2,51,3
2138  3020        LDA 2,32
2139  8400        ADC 0,0
213A  2B33        LDA 1,51,3
213B  0C30        JSR @48
213C  5020        STA 2,32
213D  8400        ADC 0,0
213E  EC38 42CB   ELEF 1,42CB   ; -> ".RAIL[" (len 6)
2140  0C31        JSR @49
2141  5020        STA 2,32
2142  2306        LDA 0,6,3
2143  E7F8 000C   ADDI 000C,0
2145  4334        STA 0,52,3
2146  8400        ADC 0,0
2147  6B34        IO   6B34
2148  0C30        JSR @48
2149  5020        STA 2,32
214A  8400        ADC 0,0
214B  EC38 42C6   ELEF 1,42C6   ; -> "]=" (len 2)
214D  0C31        JSR @49
214E  5020        STA 2,32
214F  2306        LDA 0,6,3
2150  E7F8 000C   ADDI 000C,0
2152  3315        LDA 2,21,3
2153  9600        ADD 0,2
2154  5334        STA 2,52,3
2155  3020        LDA 2,32
2156  8400        ADC 0,0
2157  2B34        LDA 1,52,3
2158  0C30        JSR @48
2159  5020        STA 2,32
215A  0C38        JSR @56
215B  2306        LDA 0,6,3
215C  8300        INC 0,0
215D  4306        STA 0,6,3
215E  01BE        JMP -66,PC   ; -> 211C
215F  8550        SUBZL 0,0
2160  4306        STA 0,6,3
2161  2306        LDA 0,6,3
2162  6804        IO   6804
2163  A248        SGE 1,0
2164  011A        JMP 26,PC   ; -> 217E
2165  3020        LDA 2,32
2166  8400        ADC 0,0
2167  EC38 4265   ELEF 1,4265   ; [4265] = 0
2169  0C34        JSR @52
216A  5020        STA 2,32
216B  8400        ADC 0,0
216C  EC38 42D3   ELEF 1,42D3   ; -> ".STATION AT " (len 12)
216E  0C31        JSR @49
216F  5020        STA 2,32
2170  3306        LDA 2,6,3
2171  2316        LDA 0,22,3
2172  9600        ADD 0,2
2173  5333        STA 2,51,3
2174  3020        LDA 2,32
2175  8400        ADC 0,0
2176  2B33        LDA 1,51,3
2177  0C30        JSR @48
2178  5020        STA 2,32
2179  0C38        JSR @56
217A  2306        LDA 0,6,3
217B  8300        INC 0,0
217C  4306        STA 0,6,3
217D  01E4        JMP -28,PC   ; -> 2161
217E  8550        SUBZL 0,0
217F  4306        STA 0,6,3
2180  2306        LDA 0,6,3
2181  6802        IO   6802
2182  A248        SGE 1,0
2183  0123        JMP 35,PC   ; -> 21A6
2184  3020        LDA 2,32
2185  8400        ADC 0,0
2186  EC38 4265   ELEF 1,4265   ; [4265] = 0
2188  0C34        JSR @52
2189  5020        STA 2,32
218A  8400        ADC 0,0
218B  EC38 42DD   ELEF 1,42DD   ; -> ".TRAIN " (len 7)
218D  0C31        JSR @49
218E  5020        STA 2,32
218F  8400        ADC 0,0
2190  6B06        IO   6B06
2191  0C30        JSR @48
2192  5020        STA 2,32
2193  8400        ADC 0,0
2194  EC38 42E4   ELEF 1,42E4   ; -> " AT " (len 4)
2196  0C31        JSR @49
2197  5020        STA 2,32
2198  3306        LDA 2,6,3
2199  2319        LDA 0,25,3
219A  9600        ADD 0,2
219B  5333        STA 2,51,3
219C  3020        LDA 2,32
219D  8400        ADC 0,0
219E  2B33        LDA 1,51,3
219F  0C30        JSR @48
21A0  5020        STA 2,32
21A1  0C38        JSR @56
21A2  2306        LDA 0,6,3
21A3  8300        INC 0,0
21A4  4306        STA 0,6,3
21A5  01DB        JMP -37,PC   ; -> 2180
21A6  270B        LDA 0,@11,3
21A7  6812        IO   6812
21A8  A50D        SUB# 1,0,SNR
21A9  0103        JMP 3,PC   ; -> 21AC
21AA  8538 009D   EJMP 009D,PC   ; -> 2248
21AC  D550        SUBZL 2,2
21AD  5306        STA 2,6,3
21AE  2306        LDA 0,6,3
21AF  AC38 01FE   ELDA 1,01FE   ; = 510
21B1  8A08        SGT 0,1
21B2  0103        JMP 3,PC   ; -> 21B5
21B3  8538 0094   EJMP 0094,PC   ; -> 2248
21B5  331D        LDA 2,29,3
21B6  9600        ADD 0,2
21B7  2320        LDA 0,32,3
21B8  9600        ADD 0,2
21B9  5333        STA 2,51,3
21BA  2200        LDA 0,0,2
21BB  C7F8 00FF   ANDI 00FF,0
21BD  4307        STA 0,7,3
21BE  3020        LDA 2,32
21BF  8400        ADC 0,0
21C0  EC38 4265   ELEF 1,4265   ; [4265] = 0
21C2  0C34        JSR @52
21C3  5020        STA 2,32
21C4  8400        ADC 0,0
21C5  EC38 42EC   ELEF 1,42EC   ; -> "Monster #" (len 9)
21C7  0C31        JSR @49
21C8  5020        STA 2,32
21C9  8400        ADC 0,0
21CA  6B06        IO   6B06
21CB  0C30        JSR @48
21CC  5020        STA 2,32
21CD  8400        ADC 0,0
21CE  EC38 42F4   ELEF 1,42F4   ; -> "." (len 1)
21D0  0C31        JSR @49
21D1  5020        STA 2,32
21D2  0C38        JSR @56
21D3  E438 42BD   ELEF 0,42BD   ; [42BD] = 1
21D5  8648        PSH 0,0
21D6  6306        IO   6306
21D7  6B33        IO   6B33
21D8  8E48        PSH 0,1
21D9  0C0C 58B2   JSR @12            ; overlay call, arg 58B2
21DB  5020        STA 2,32
21DC  2333        LDA 0,51,3
21DD  820C        MOV# 0,0,SZR
21DE  010C        JMP 12,PC   ; -> 21EA
21DF  8400        ADC 0,0
21E0  EC38 4265   ELEF 1,4265   ; [4265] = 0
21E2  0C34        JSR @52
21E3  5020        STA 2,32
21E4  8400        ADC 0,0
21E5  EC38 42F8   ELEF 1,42F8   ; -> "Is dead." (len 8)
21E7  0C31        JSR @49
21E8  5020        STA 2,32
21E9  0C38        JSR @56
21EA  3020        LDA 2,32
21EB  8400        ADC 0,0
21EC  EC38 4265   ELEF 1,4265   ; [4265] = 0
21EE  0C34        JSR @52
21EF  5020        STA 2,32
21F0  8400        ADC 0,0
21F1  EC38 4300   ELEF 1,4300   ; -> "Lives in section " (len 17)
21F3  0C31        JSR @49
21F4  5020        STA 2,32
21F5  E438 4265   ELEF 0,4265   ; [4265] = 0
21F7  8648        PSH 0,0
21F8  6306        IO   6306
21F9  6B33        IO   6B33
21FA  8E48        PSH 0,1
21FB  0C0C 58B2   JSR @12            ; overlay call, arg 58B2
21FD  5020        STA 2,32
21FE  8400        ADC 0,0
21FF  6B33        IO   6B33
2200  0C30        JSR @48
2201  5020        STA 2,32
2202  8400        ADC 0,0
2203  EC38 430C   ELEF 1,430C   ; -> " room " (len 6)
2205  0C31        JSR @49
2206  5020        STA 2,32
2207  8400        ADC 0,0
2208  6B07        IO   6B07
2209  0C30        JSR @48
220A  5020        STA 2,32
220B  8400        ADC 0,0
220C  EC38 4313   ELEF 1,4313   ; -> " has a stregnth of " (len 19)
220E  0C31        JSR @49
220F  5020        STA 2,32
2210  6306        IO   6306
2211  6B34        IO   6B34
2212  8E48        PSH 0,1
2213  0C0C 013B   JSR @12            ; overlay call, arg 013B
2215  5020        STA 2,32
2216  8400        ADC 0,0
2217  6B34        IO   6B34
2218  0C30        JSR @48
2219  5020        STA 2,32
221A  8400        ADC 0,0
221B  EC38 4320   ELEF 1,4320   ; -> ".an attack prob of " (len 19)
221D  0C31        JSR @49
221E  5020        STA 2,32
221F  6306        IO   6306
2220  6B35        IO   6B35
2221  8E48        PSH 0,1
2222  0C0C 013F   JSR @12            ; overlay call, arg 013F
2224  5020        STA 2,32
2225  8400        ADC 0,0
2226  6B35        IO   6B35
2227  0C30        JSR @48
2228  5020        STA 2,32
2229  8400        ADC 0,0
222A  EC38 432D   ELEF 1,432D   ; -> " and a weapon" (len 13)
222C  0C31        JSR @49
222D  5020        STA 2,32
222E  8400        ADC 0,0
222F  EC38 4337   ELEF 1,4337   ; -> " weakness for " (len 14)
2231  0C31        JSR @49
2232  5020        STA 2,32
2233  6306        IO   6306
2234  6B36        IO   6B36
2235  8E48        PSH 0,1
2236  0C0C 0163   JSR @12            ; overlay call, arg 0163
2238  5020        STA 2,32
2239  8400        ADC 0,0
223A  6B36        IO   6B36
223B  0C30        JSR @48
223C  5020        STA 2,32
223D  8400        ADC 0,0
223E  EC38 42F4   ELEF 1,42F4   ; -> "." (len 1)
2240  0C31        JSR @49
2241  5020        STA 2,32
2242  0C38        JSR @56
2243  2306        LDA 0,6,3
2244  8300        INC 0,0
2245  4306        STA 0,6,3
2246  8538 7F67   EJMP 7F67,PC   ; -> 21AE
2248  270B        LDA 0,@11,3
2249  6813        IO   6813
224A  8D0C        SUB# 0,1,SZR
224B  0117        JMP 23,PC   ; -> 2262
224C  3020        LDA 2,32
224D  8400        ADC 0,0
224E  EC38 4265   ELEF 1,4265   ; [4265] = 0
2250  0C34        JSR @52
2251  5020        STA 2,32
2252  8400        ADC 0,0
2253  EC38 4343   ELEF 1,4343   ; -> "Highest room is " (len 16)
2255  0C31        JSR @49
2256  5020        STA 2,32
2257  8400        ADC 0,0
2258  EC38 01EC   ELEF 1,01EC   ; = 492
225A  0C30        JSR @48
225B  5020        STA 2,32
225C  8400        ADC 0,0
225D  EC38 42F4   ELEF 1,42F4   ; -> "." (len 1)
225F  0C31        JSR @49
2260  5020        STA 2,32
2261  0C38        JSR @56
2262  270B        LDA 0,@11,3
2263  6814        IO   6814
2264  8D0C        SUB# 0,1,SZR
2265  015A        JMP 90,PC   ; -> 22BF
2266  3020        LDA 2,32
2267  8400        ADC 0,0
2268  EC38 4265   ELEF 1,4265   ; [4265] = 0
226A  0C34        JSR @52
226B  5020        STA 2,32
226C  8400        ADC 0,0
226D  EC38 4350   ELEF 1,4350   ; -> "Magic: " (len 7)
226F  0C31        JSR @49
2270  5020        STA 2,32
2271  0C38        JSR @56
2272  8400        ADC 0,0
2273  EC38 4265   ELEF 1,4265   ; [4265] = 0
2275  0C35        JSR @53
2276  5020        STA 2,32
2277  8400        ADC 0,0
2278  EC38 01EF   ELEF 1,01EF   ; = 495
227A  0C32        JSR @50
227B  5020        STA 2,32
227C  0C37        JSR @55
227D  8400        ADC 0,0
227E  EC38 4265   ELEF 1,4265   ; [4265] = 0
2280  0C34        JSR @52
2281  5020        STA 2,32
2282  8400        ADC 0,0
2283  EC38 4357   ELEF 1,4357   ; -> "Power: " (len 7)
2285  0C31        JSR @49
2286  5020        STA 2,32
2287  0C38        JSR @56
2288  8400        ADC 0,0
2289  EC38 4265   ELEF 1,4265   ; [4265] = 0
228B  0C35        JSR @53
228C  5020        STA 2,32
228D  8400        ADC 0,0
228E  EC38 01F9   ELEF 1,01F9   ; = 505
2290  0C32        JSR @50
2291  5020        STA 2,32
2292  0C37        JSR @55
2293  8400        ADC 0,0
2294  EC38 4265   ELEF 1,4265   ; [4265] = 0
2296  0C34        JSR @52
2297  5020        STA 2,32
2298  8400        ADC 0,0
2299  EC38 435E   ELEF 1,435E   ; -> "Coor: " (len 6)
229B  0C31        JSR @49
229C  5020        STA 2,32
229D  0C38        JSR @56
229E  8400        ADC 0,0
229F  EC38 4265   ELEF 1,4265   ; [4265] = 0
22A1  0C35        JSR @53
22A2  5020        STA 2,32
22A3  8400        ADC 0,0
22A4  EC38 01F8   ELEF 1,01F8   ; = 504
22A6  0C32        JSR @50
22A7  5020        STA 2,32
22A8  0C37        JSR @55
22A9  8400        ADC 0,0
22AA  EC38 4265   ELEF 1,4265   ; [4265] = 0
22AC  0C34        JSR @52
22AD  5020        STA 2,32
22AE  8400        ADC 0,0
22AF  EC38 4365   ELEF 1,4365   ; -> "Wisdom: " (len 8)
22B1  0C31        JSR @49
22B2  5020        STA 2,32
22B3  0C38        JSR @56
22B4  8400        ADC 0,0
22B5  EC38 4265   ELEF 1,4265   ; [4265] = 0
22B7  0C35        JSR @53
22B8  5020        STA 2,32
22B9  8400        ADC 0,0
22BA  EC38 01FA   ELEF 1,01FA   ; = 506
22BC  0C32        JSR @50
22BD  5020        STA 2,32
22BE  0C37        JSR @55
22BF  270B        LDA 0,@11,3
22C0  6815        IO   6815
22C1  8D0C        SUB# 0,1,SZR
22C2  0121        JMP 33,PC   ; -> 22E3
22C3  3020        LDA 2,32
22C4  8400        ADC 0,0
22C5  EC38 4265   ELEF 1,4265   ; [4265] = 0
22C7  0C34        JSR @52
22C8  5020        STA 2,32
22C9  8400        ADC 0,0
22CA  EC38 436E   ELEF 1,436E   ; -> "IVAL= " (len 6)
22CC  0C31        JSR @49
22CD  5020        STA 2,32
22CE  8400        ADC 0,0
22CF  EC38 0207   ELEF 1,0207   ; = 519
22D1  0C30        JSR @48
22D2  5020        STA 2,32
22D3  8400        ADC 0,0
22D4  EC38 4375   ELEF 1,4375   ; -> "  VECT= " (len 8)
22D6  0C31        JSR @49
22D7  5020        STA 2,32
22D8  8400        ADC 0,0
22D9  EC38 0208   ELEF 1,0208   ; = 520
22DB  0C30        JSR @48
22DC  5020        STA 2,32
22DD  8400        ADC 0,0
22DE  EC38 42F4   ELEF 1,42F4   ; -> "." (len 1)
22E0  0C31        JSR @49
22E1  5020        STA 2,32
22E2  0C38        JSR @56
22E3  270B        LDA 0,@11,3
22E4  6816        IO   6816
22E5  8D0C        SUB# 0,1,SZR
22E6  0143        JMP 67,PC   ; -> 2329
22E7  D550        SUBZL 2,2
22E8  5306        STA 2,6,3
22E9  2306        LDA 0,6,3
22EA  AC38 01F0   ELDA 1,01F0   ; = 496
22EC  A248        SGE 1,0
22ED  013C        JMP 60,PC   ; -> 2329
22EE  3020        LDA 2,32
22EF  8400        ADC 0,0
22F0  EC38 4265   ELEF 1,4265   ; [4265] = 0
22F2  0C34        JSR @52
22F3  5020        STA 2,32
22F4  8400        ADC 0,0
22F5  EC38 437E   ELEF 1,437E   ; -> ".CONTENTS[" (len 10)
22F7  0C31        JSR @49
22F8  5020        STA 2,32
22F9  8400        ADC 0,0
22FA  6B06        IO   6B06
22FB  0C30        JSR @48
22FC  5020        STA 2,32
22FD  8400        ADC 0,0
22FE  EC38 42C6   ELEF 1,42C6   ; -> "]=" (len 2)
2300  0C31        JSR @49
2301  5020        STA 2,32
2302  0C38        JSR @56
2303  8550        SUBZL 0,0
2304  4307        STA 0,7,3
2305  2307        LDA 0,7,3
2306  6803        IO   6803
2307  A248        SGE 1,0
2308  011D        JMP 29,PC   ; -> 2325
2309  3020        LDA 2,32
230A  8400        ADC 0,0
230B  EC38 4265   ELEF 1,4265   ; [4265] = 0
230D  0C34        JSR @52
230E  5020        STA 2,32
230F  2306        LDA 0,6,3
2310  2B07        LDA 1,7,3
2311  3324        LDA 2,36,3
2312  CFC8        MULS
2313  3323        LDA 2,35,3
2314  B600        ADD 1,2
2315  5333        STA 2,51,3
2316  3020        LDA 2,32
2317  8400        ADC 0,0
2318  2B33        LDA 1,51,3
2319  0C30        JSR @48
231A  5020        STA 2,32
231B  8400        ADC 0,0
231C  EC38 4388   ELEF 1,4388   ; -> "/" (len 1)
231E  0C31        JSR @49
231F  5020        STA 2,32
2320  0C38        JSR @56
2321  2307        LDA 0,7,3
2322  8300        INC 0,0
2323  4307        STA 0,7,3
2324  01E1        JMP -31,PC   ; -> 2305
2325  2306        LDA 0,6,3
2326  8300        INC 0,0
2327  4306        STA 0,6,3
2328  01C1        JMP -63,PC   ; -> 22E9
2329  270B        LDA 0,@11,3
232A  6817        IO   6817
232B  8D0C        SUB# 0,1,SZR
232C  0108        JMP 8,PC   ; -> 2334
232D  B438 01C9   ELDA 2,01C9   ; = 457
232F  D20C        MOV# 2,2,SZR
2330  D501        SUB 2,2,SKP
2331  D550        SUBZL 2,2
2332  D438 01C9   ESTA 2,01C9   ; = 457
2334  270B        LDA 0,@11,3
2335  6818        IO   6818
2336  8D0C        SUB# 0,1,SZR
2337  011C        JMP 28,PC   ; -> 2353
2338  3020        LDA 2,32
2339  8400        ADC 0,0
233A  EC38 4265   ELEF 1,4265   ; [4265] = 0
233C  0C34        JSR @52
233D  5020        STA 2,32
233E  8400        ADC 0,0
233F  EC38 438E   ELEF 1,438E   ; -> "Option: " (len 8)
2341  0C31        JSR @49
2342  5020        STA 2,32
2343  0C38        JSR @56
2344  8400        ADC 0,0
2345  EC38 4265   ELEF 1,4265   ; [4265] = 0
2347  0C35        JSR @53
2348  5020        STA 2,32
2349  8400        ADC 0,0
234A  6B06        IO   6B06
234B  0C32        JSR @50
234C  5020        STA 2,32
234D  0C37        JSR @55
234E  6306        IO   6306
234F  8648        PSH 0,0
2350  0C0C 0181   JSR @12            ; overlay call, arg 0181
2352  5020        STA 2,32
2353  270B        LDA 0,@11,3
2354  6819        IO   6819
2355  8D0C        SUB# 0,1,SZR
2356  010A        JMP 10,PC   ; -> 2360
2357  3020        LDA 2,32
2358  E438 4265   ELEF 0,4265   ; [4265] = 0
235A  EC38 01E8   ELEF 1,01E8   ; = 488
235C  8E48        PSH 0,1
235D  0C0C 58F3   JSR @12            ; overlay call, arg 58F3
235F  5020        STA 2,32
2360  270B        LDA 0,@11,3
2361  681A        IO   681A
2362  8D0C        SUB# 0,1,SZR
2363  0131        JMP 49,PC   ; -> 2394
2364  3020        LDA 2,32
2365  8400        ADC 0,0
2366  EC38 4265   ELEF 1,4265   ; [4265] = 0
2368  0C34        JSR @52
2369  5020        STA 2,32
236A  8400        ADC 0,0
236B  EC38 4398   ELEF 1,4398   ; -> ".Object: " (len 9)
236D  0C31        JSR @49
236E  5020        STA 2,32
236F  0C38        JSR @56
2370  8400        ADC 0,0
2371  EC38 4265   ELEF 1,4265   ; [4265] = 0
2373  0C35        JSR @53
2374  5020        STA 2,32
2375  8400        ADC 0,0
2376  6B07        IO   6B07
2377  0C32        JSR @50
2378  5020        STA 2,32
2379  0C37        JSR @55
237A  8400        ADC 0,0
237B  EC38 4265   ELEF 1,4265   ; [4265] = 0
237D  0C34        JSR @52
237E  5020        STA 2,32
237F  8400        ADC 0,0
2380  EC38 43A0   ELEF 1,43A0   ; -> "Size is " (len 8)
2382  0C31        JSR @49
2383  5020        STA 2,32
2384  6307        IO   6307
2385  6B33        IO   6B33
2386  8E48        PSH 0,1
2387  0C0C 5F8B   JSR @12            ; overlay call, arg 5F8B
2389  5020        STA 2,32
238A  8400        ADC 0,0
238B  6B33        IO   6B33
238C  0C30        JSR @48
238D  5020        STA 2,32
238E  8400        ADC 0,0
238F  EC38 42F4   ELEF 1,42F4   ; -> "." (len 1)
2391  0C31        JSR @49
2392  5020        STA 2,32
2393  0C38        JSR @56
2394  270B        LDA 0,@11,3
2395  681B        IO   681B
2396  8D0C        SUB# 0,1,SZR
2397  0145        JMP 69,PC   ; -> 23DC
2398  B438 01C6   ELDA 2,01C6   ; = 454
239A  A438 43A9   ELDA 0,43A9   ; [43A9] = 0
239C  C50C        SUB# 2,0,SZR
239D  0138        JMP 56,PC   ; -> 23D5
239E  3020        LDA 2,32
239F  8400        ADC 0,0
23A0  EC38 4265   ELEF 1,4265   ; [4265] = 0
23A2  0C34        JSR @52
23A3  5020        STA 2,32
23A4  8400        ADC 0,0
23A5  EC38 43AA   ELEF 1,43AA   ; -> "Filename: " (len 10)
23A7  0C31        JSR @49
23A8  5020        STA 2,32
23A9  0C38        JSR @56
23AA  8400        ADC 0,0
23AB  EC38 4265   ELEF 1,4265   ; [4265] = 0
23AD  0C35        JSR @53
23AE  5020        STA 2,32
23AF  8400        ADC 0,0
23B0  6B03        IO   6B03
23B1  0C33        JSR @51
23B2  5020        STA 2,32
23B3  0C37        JSR @55
23B4  ED38 0008   ELEF 1,0008,PC   ; -> 23BD
23B6  6337        IO   6337
23B7  0C4C        JSR @76
23B8  6B03        IO   6B03
23B9  8E48        PSH 0,1
23BA  0C0C 6E33   JSR @12            ; overlay call, arg 6E33
23BC  5020        STA 2,32
23BD  3020        LDA 2,32
23BE  6303        IO   6303
23BF  8648        PSH 0,0
23C0  0C0C 6E1B   JSR @12            ; overlay call, arg 6E1B
23C2  5020        STA 2,32
23C3  6303        IO   6303
23C4  EC38 43B3   ELEF 1,43B3   ; [43B3] = 11
23C6  8E48        PSH 0,1
23C7  0C0C 7001   JSR @12            ; overlay call, arg 7001
23C9  5020        STA 2,32
23CA  8400        ADC 0,0
23CB  EC38 43B3   ELEF 1,43B3   ; [43B3] = 11
23CD  0C34        JSR @52
23CE  5020        STA 2,32
23CF  8400        ADC 0,0
23D0  EC38 43B4   ELEF 1,43B4   ; -> ".Monster log file.." (len 19)
23D2  0C31        JSR @49
23D3  5020        STA 2,32
23D4  0C38        JSR @56
23D5  A438 01C6   ELDA 0,01C6   ; = 454
23D7  820C        MOV# 0,0,SZR
23D8  D501        SUB 2,2,SKP
23D9  D550        SUBZL 2,2
23DA  D438 01C6   ESTA 2,01C6   ; = 454
23DC  270B        LDA 0,@11,3
23DD  681C        IO   681C
23DE  8D0C        SUB# 0,1,SZR
23DF  0126        JMP 38,PC   ; -> 2405
23E0  702B        IO   702B
23E1  5725        STA 2,@37,3
23E2  702B        IO   702B
23E3  5726        STA 2,@38,3
23E4  702B        IO   702B
23E5  5727        STA 2,@39,3
23E6  3020        LDA 2,32
23E7  E438 42BD   ELEF 0,42BD   ; [42BD] = 1
23E9  EC38 42EA   ELEF 1,42EA   ; [42EA] = 18
23EB  8E48        PSH 0,1
23EC  0C0C 6024   JSR @12            ; overlay call, arg 6024
23EE  5020        STA 2,32
23EF  E438 42BD   ELEF 0,42BD   ; [42BD] = 1
23F1  EC38 43C3   ELEF 1,43C3   ; [43C3] = 44
23F3  8E48        PSH 0,1
23F4  0C0C 6024   JSR @12            ; overlay call, arg 6024
23F6  5020        STA 2,32
23F7  E438 42BD   ELEF 0,42BD   ; [42BD] = 1
23F9  EC38 43C4   ELEF 1,43C4   ; [43C4] = 49
23FB  8E48        PSH 0,1
23FC  0C0C 6024   JSR @12            ; overlay call, arg 6024
23FE  5020        STA 2,32
23FF  A438 01D5   ELDA 0,01D5   ; = 469
2401  4728        STA 0,@40,3
2402  A438 01D5   ELDA 0,01D5   ; = 469
2404  4729        STA 0,@41,3
2405  270B        LDA 0,@11,3
2406  681D        IO   681D
2407  8D0C        SUB# 0,1,SZR
2408  0121        JMP 33,PC   ; -> 2429
2409  3020        LDA 2,32
240A  8400        ADC 0,0
240B  EC38 4265   ELEF 1,4265   ; [4265] = 0
240D  0C34        JSR @52
240E  5020        STA 2,32
240F  8400        ADC 0,0
2410  EC38 43C7   ELEF 1,43C7   ; -> "XC/YC IS NOW " (len 13)
2412  0C31        JSR @49
2413  5020        STA 2,32
2414  8400        ADC 0,0
2415  EC38 0200   ELEF 1,0200   ; = 512
2417  0C30        JSR @48
2418  5020        STA 2,32
2419  8400        ADC 0,0
241A  EC38 4388   ELEF 1,4388   ; -> "/" (len 1)
241C  0C31        JSR @49
241D  5020        STA 2,32
241E  8400        ADC 0,0
241F  EC38 0201   ELEF 1,0201   ; = 513
2421  0C30        JSR @48
2422  5020        STA 2,32
2423  8400        ADC 0,0
2424  EC38 42F4   ELEF 1,42F4   ; -> "." (len 1)
2426  0C31        JSR @49
2427  5020        STA 2,32
2428  0C38        JSR @56
2429  270B        LDA 0,@11,3
242A  681E        IO   681E
242B  8D0C        SUB# 0,1,SZR
242C  015D        JMP 93,PC   ; -> 2489
242D  F438 01C1   ELEF 2,01C1   ; = 449
242F  5306        STA 2,6,3
2430  3020        LDA 2,32
2431  8400        ADC 0,0
2432  EC38 4265   ELEF 1,4265   ; [4265] = 0
2434  0C34        JSR @52
2435  5020        STA 2,32
2436  8400        ADC 0,0
2437  EC38 43D2   ELEF 1,43D2   ; -> "Location of DBG is " (len 19)
2439  0C31        JSR @49
243A  5020        STA 2,32
243B  8400        ADC 0,0
243C  6B06        IO   6B06
243D  0C30        JSR @48
243E  5020        STA 2,32
243F  8400        ADC 0,0
2440  EC38 43DF   ELEF 1,43DF   ; -> ".Location of GDENIAL is " (len 24)
2442  0C31        JSR @49
2443  5020        STA 2,32
2444  F438 020D   ELEF 2,020D   ; = 525
2446  5333        STA 2,51,3
2447  3020        LDA 2,32
2448  8400        ADC 0,0
2449  6B33        IO   6B33
244A  0C2F        JSR @47
244B  5020        STA 2,32
244C  8400        ADC 0,0
244D  EC38 43EF   ELEF 1,43EF   ; -> "..Examine offset (DBG+) -1 to term " (len 35)
244F  0C31        JSR @49
2450  5020        STA 2,32
2451  0C38        JSR @56
2452  8500        SUB 0,0
2453  4307        STA 0,7,3
2454  8400        ADC 0,0
2455  2B07        LDA 1,7,3
2456  A50D        SUB# 1,0,SNR
2457  0103        JMP 3,PC   ; -> 245A
2458  0903        JSR 3,PC   ; -> 245B
2459  01FB        JMP -5,PC   ; -> 2454
245A  012F        JMP 47,PC   ; -> 2489
245B  EA00        MOV 3,1
245C  3821        LDA 3,33
245D  4B33        STA 1,51,3
245E  3020        LDA 2,32
245F  8400        ADC 0,0
2460  EC38 4265   ELEF 1,4265   ; [4265] = 0
2462  0C34        JSR @52
2463  5020        STA 2,32
2464  8400        ADC 0,0
2465  EC38 4405   ELEF 1,4405   ; -> ".DGB+" (len 5)
2467  0C31        JSR @49
2468  5020        STA 2,32
2469  0C38        JSR @56
246A  8400        ADC 0,0
246B  EC38 4265   ELEF 1,4265   ; [4265] = 0
246D  0C35        JSR @53
246E  5020        STA 2,32
246F  8400        ADC 0,0
2470  6B07        IO   6B07
2471  0C32        JSR @50
2472  5020        STA 2,32
2473  0C37        JSR @55
2474  8400        ADC 0,0
2475  2B07        LDA 1,7,3
2476  8D0D        SUB# 0,1,SNR
2477  0111        JMP 17,PC   ; -> 2488
2478  EC38 4265   ELEF 1,4265   ; [4265] = 0
247A  0C34        JSR @52
247B  5020        STA 2,32
247C  8400        ADC 0,0
247D  EC38 440B   ELEF 1,440B   ; -> "  " (len 2)
247F  0C31        JSR @49
2480  5020        STA 2,32
2481  2306        LDA 0,6,3
2482  2B07        LDA 1,7,3
2483  8E00        ADD 0,1
2484  8400        ADC 0,0
2485  0C30        JSR @48
2486  5020        STA 2,32
2487  0C38        JSR @56
2488  0733        JMP @51,3
2489  270B        LDA 0,@11,3
248A  681F        IO   681F
248B  8D0C        SUB# 0,1,SZR
248C  0160        JMP 96,PC   ; -> 24EC
248D  3020        LDA 2,32
248E  E438 01B9   ELEF 0,01B9   ; = 441
2490  6B34        IO   6B34
2491  0C52        JSR @82
2492  5020        STA 2,32
2493  2334        LDA 0,52,3
2494  4306        STA 0,6,3
2495  8400        ADC 0,0
2496  EC38 4265   ELEF 1,4265   ; [4265] = 0
2498  0C34        JSR @52
2499  5020        STA 2,32
249A  8400        ADC 0,0
249B  EC38 4411   ELEF 1,4411   ; -> "BIN_IN is at location " (len 22)
249D  0C31        JSR @49
249E  5020        STA 2,32
249F  8400        ADC 0,0
24A0  6B06        IO   6B06
24A1  0C30        JSR @48
24A2  5020        STA 2,32
24A3  8400        ADC 0,0
24A4  EC38 42F4   ELEF 1,42F4   ; -> "." (len 1)
24A6  0C31        JSR @49
24A7  5020        STA 2,32
24A8  0C38        JSR @56
24A9  8500        SUB 0,0
24AA  4307        STA 0,7,3
24AB  8400        ADC 0,0
24AC  2B07        LDA 1,7,3
24AD  A50D        SUB# 1,0,SNR
24AE  0103        JMP 3,PC   ; -> 24B1
24AF  0903        JSR 3,PC   ; -> 24B2
24B0  01FB        JMP -5,PC   ; -> 24AB
24B1  013B        JMP 59,PC   ; -> 24EC
24B2  EA00        MOV 3,1
24B3  3821        LDA 3,33
24B4  4B34        STA 1,52,3
24B5  3020        LDA 2,32
24B6  8400        ADC 0,0
24B7  EC38 4265   ELEF 1,4265   ; [4265] = 0
24B9  0C34        JSR @52
24BA  5020        STA 2,32
24BB  8400        ADC 0,0
24BC  EC38 4420   ELEF 1,4420   ; -> ". " (len 2)
24BE  0C31        JSR @49
24BF  5020        STA 2,32
24C0  0C38        JSR @56
24C1  8400        ADC 0,0
24C2  EC38 4265   ELEF 1,4265   ; [4265] = 0
24C4  0C35        JSR @53
24C5  5020        STA 2,32
24C6  8400        ADC 0,0
24C7  6B07        IO   6B07
24C8  0C32        JSR @50
24C9  5020        STA 2,32
24CA  0C37        JSR @55
24CB  8400        ADC 0,0
24CC  EC38 4265   ELEF 1,4265   ; [4265] = 0
24CE  0C34        JSR @52
24CF  5020        STA 2,32
24D0  8400        ADC 0,0
24D1  EC38 4425   ELEF 1,4425   ; -> "    " (len 4)
24D3  0C31        JSR @49
24D4  5020        STA 2,32
24D5  8400        ADC 0,0
24D6  6B07        IO   6B07
24D7  0C30        JSR @48
24D8  5020        STA 2,32
24D9  8400        ADC 0,0
24DA  EC38 442B   ELEF 1,442B   ; -> " / " (len 3)
24DC  0C31        JSR @49
24DD  5020        STA 2,32
24DE  3307        LDA 2,7,3
24DF  5335        STA 2,53,3
24E0  3020        LDA 2,32
24E1  8400        ADC 0,0
24E2  2B35        LDA 1,53,3
24E3  0C30        JSR @48
24E4  5020        STA 2,32
24E5  8400        ADC 0,0
24E6  EC38 42F4   ELEF 1,42F4   ; -> "." (len 1)
24E8  0C31        JSR @49
24E9  5020        STA 2,32
24EA  0C38        JSR @56
24EB  0734        JMP @52,3
24EC  6020        IO   6020
24ED  2F0B        LDA 1,@11,3
24EE  A50D        SUB# 1,0,SNR
24EF  0103        JMP 3,PC   ; -> 24F2
24F0  8538 012E   EJMP 012E,PC   ; -> 261F
24F2  3020        LDA 2,32
24F3  E438 4430   ELEF 0,4430   ; [4430] = 354
24F5  8648        PSH 0,0
24F6  0C0C 5D26   JSR @12            ; overlay call, arg 5D26
24F8  5020        STA 2,32
24F9  8400        ADC 0,0
24FA  EC38 4265   ELEF 1,4265   ; [4265] = 0
24FC  0C34        JSR @52
24FD  5020        STA 2,32
24FE  8400        ADC 0,0
24FF  EC38 4431   ELEF 1,4431   ; -> ".Option: " (len 9)
2501  0C31        JSR @49
2502  5020        STA 2,32
2503  0C38        JSR @56
2504  8400        ADC 0,0
2505  EC38 4265   ELEF 1,4265   ; [4265] = 0
2507  0C35        JSR @53
2508  5020        STA 2,32
2509  8400        ADC 0,0
250A  6B06        IO   6B06
250B  0C32        JSR @50
250C  5020        STA 2,32
250D  0C37        JSR @55
250E  6003        IO   6003
250F  2B06        LDA 1,6,3
2510  8A08        SGT 0,1
2511  0162        JMP 98,PC   ; -> 2573
2512  8550        SUBZL 0,0
2513  8D0C        SUB# 0,1,SZR
2514  0105        JMP 5,PC   ; -> 2519
2515  A438 0227   ELDA 0,0227   ; = 551
2517  430A        STA 0,10,3
2518  0104        JMP 4,PC   ; -> 251C
2519  A438 0228   ELDA 0,0228   ; = 552
251B  430A        STA 0,10,3
251C  8500        SUB 0,0
251D  4307        STA 0,7,3
251E  2307        LDA 0,7,3
251F  681F        IO   681F
2520  A248        SGE 1,0
2521  0150        JMP 80,PC   ; -> 2571
2522  8500        SUB 0,0
2523  7004        IO   7004
2524  2B07        LDA 1,7,3
2525  CFC8        MULS
2526  4B35        STA 1,53,3
2527  2735        LDA 0,@53,3
2528  820C        MOV# 0,0,SZR
2529  0112        JMP 18,PC   ; -> 253B
252A  3020        LDA 2,32
252B  8400        ADC 0,0
252C  EC38 4265   ELEF 1,4265   ; [4265] = 0
252E  0C34        JSR @52
252F  5020        STA 2,32
2530  8400        ADC 0,0
2531  6B07        IO   6B07
2532  0C30        JSR @48
2533  5020        STA 2,32
2534  8400        ADC 0,0
2535  EC38 4439   ELEF 1,4439   ; -> " / undefined." (len 13)
2537  0C31        JSR @49
2538  5020        STA 2,32
2539  0C38        JSR @56
253A  0133        JMP 51,PC   ; -> 256D
253B  3020        LDA 2,32
253C  8400        ADC 0,0
253D  EC38 4265   ELEF 1,4265   ; [4265] = 0
253F  0C34        JSR @52
2540  5020        STA 2,32
2541  8400        ADC 0,0
2542  6B07        IO   6B07
2543  0C30        JSR @48
2544  5020        STA 2,32
2545  8400        ADC 0,0
2546  EC38 442B   ELEF 1,442B   ; -> " / " (len 3)
2548  0C31        JSR @49
2549  5020        STA 2,32
254A  230A        LDA 0,10,3
254B  6804        IO   6804
254C  3307        LDA 2,7,3
254D  CFC8        MULS
254E  3020        LDA 2,32
254F  E438 4261   ELEF 0,4261   ; [4261] = 6
2551  8648        PSH 0,0
2552  6337        IO   6337
2553  0C3F        JSR @63
2554  5020        STA 2,32
2555  8400        ADC 0,0
2556  6B37        IO   6B37
2557  0C31        JSR @49
2558  5020        STA 2,32
2559  8400        ADC 0,0
255A  EC38 442B   ELEF 1,442B   ; -> " / " (len 3)
255C  0C31        JSR @49
255D  5020        STA 2,32
255E  230A        LDA 0,10,3
255F  6804        IO   6804
2560  3307        LDA 2,7,3
2561  CFC8        MULS
2562  C808        ADI 2,1
2563  3020        LDA 2,32
2564  8400        ADC 0,0
2565  0C30        JSR @48
2566  5020        STA 2,32
2567  8400        ADC 0,0
2568  EC38 42F4   ELEF 1,42F4   ; -> "." (len 1)
256A  0C31        JSR @49
256B  5020        STA 2,32
256C  0C38        JSR @56
256D  2307        LDA 0,7,3
256E  8300        INC 0,0
256F  4307        STA 0,7,3
2570  01AE        JMP -82,PC   ; -> 251E
2571  8538 00AD   EJMP 00AD,PC   ; -> 261F
2573  6003        IO   6003
2574  2B06        LDA 1,6,3
2575  8D0C        SUB# 0,1,SZR
2576  016F        JMP 111,PC   ; -> 25E5
2577  3020        LDA 2,32
2578  8400        ADC 0,0
2579  EC38 4265   ELEF 1,4265   ; [4265] = 0
257B  0C34        JSR @52
257C  5020        STA 2,32
257D  8400        ADC 0,0
257E  EC38 4443   ELEF 1,4443   ; -> "Total requests: " (len 16)
2580  0C31        JSR @49
2581  5020        STA 2,32
2582  8400        ADC 0,0
2583  EC38 0204   ELEF 1,0204   ; = 516
2585  0C30        JSR @48
2586  5020        STA 2,32
2587  8400        ADC 0,0
2588  EC38 444F   ELEF 1,444F   ; -> ".Cache hits: " (len 13)
258A  0C31        JSR @49
258B  5020        STA 2,32
258C  8400        ADC 0,0
258D  EC38 0206   ELEF 1,0206   ; = 518
258F  0C30        JSR @48
2590  5020        STA 2,32
2591  8400        ADC 0,0
2592  EC38 4459   ELEF 1,4459   ; -> " (" (len 2)
2594  0C31        JSR @49
2595  5020        STA 2,32
2596  8500        SUB 0,0
2597  AC38 0206   ELDA 1,0206   ; = 518
2599  7064        IO   7064
259A  CFC8        MULS
259B  B438 0204   ELDA 2,0204   ; = 516
259D  BFC8        DIVX
259E  4B35        STA 1,53,3
259F  3020        LDA 2,32
25A0  8400        ADC 0,0
25A1  6B35        IO   6B35
25A2  0C30        JSR @48
25A3  5020        STA 2,32
25A4  8400        ADC 0,0
25A5  EC38 445F   ELEF 1,445F   ; -> "%).Local hits: " (len 15)
25A7  0C31        JSR @49
25A8  5020        STA 2,32
25A9  8400        ADC 0,0
25AA  EC38 0205   ELEF 1,0205   ; = 517
25AC  0C30        JSR @48
25AD  5020        STA 2,32
25AE  8400        ADC 0,0
25AF  EC38 4459   ELEF 1,4459   ; -> " (" (len 2)
25B1  0C31        JSR @49
25B2  5020        STA 2,32
25B3  8500        SUB 0,0
25B4  AC38 0205   ELDA 1,0205   ; = 517
25B6  7064        IO   7064
25B7  CFC8        MULS
25B8  B438 0204   ELDA 2,0204   ; = 516
25BA  BFC8        DIVX
25BB  4B36        STA 1,54,3
25BC  3020        LDA 2,32
25BD  8400        ADC 0,0
25BE  6B36        IO   6B36
25BF  0C30        JSR @48
25C0  5020        STA 2,32
25C1  8400        ADC 0,0
25C2  EC38 446A   ELEF 1,446A   ; -> "%).Disk reads: " (len 15)
25C4  0C31        JSR @49
25C5  5020        STA 2,32
25C6  8400        ADC 0,0
25C7  EC38 01F6   ELEF 1,01F6   ; = 502
25C9  0C30        JSR @48
25CA  5020        STA 2,32
25CB  8400        ADC 0,0
25CC  EC38 4459   ELEF 1,4459   ; -> " (" (len 2)
25CE  0C31        JSR @49
25CF  5020        STA 2,32
25D0  8500        SUB 0,0
25D1  AC38 01F6   ELDA 1,01F6   ; = 502
25D3  7064        IO   7064
25D4  CFC8        MULS
25D5  B438 0204   ELDA 2,0204   ; = 516
25D7  BFC8        DIVX
25D8  4B3A        STA 1,58,3
25D9  3020        LDA 2,32
25DA  8400        ADC 0,0
25DB  6B3A        IO   6B3A
25DC  0C30        JSR @48
25DD  5020        STA 2,32
25DE  8400        ADC 0,0
25DF  EC38 4475   ELEF 1,4475   ; -> "%)." (len 3)
25E1  0C31        JSR @49
25E2  5020        STA 2,32
25E3  0C38        JSR @56
25E4  013B        JMP 59,PC   ; -> 261F
25E5  8500        SUB 0,0
25E6  4307        STA 0,7,3
25E7  2307        LDA 0,7,3
25E8  6814        IO   6814
25E9  A248        SGE 1,0
25EA  0135        JMP 53,PC   ; -> 261F
25EB  3020        LDA 2,32
25EC  8400        ADC 0,0
25ED  EC38 4265   ELEF 1,4265   ; [4265] = 0
25EF  0C34        JSR @52
25F0  5020        STA 2,32
25F1  8400        ADC 0,0
25F2  6B07        IO   6B07
25F3  0C30        JSR @48
25F4  5020        STA 2,32
25F5  8400        ADC 0,0
25F6  EC38 442B   ELEF 1,442B   ; -> " / " (len 3)
25F8  0C31        JSR @49
25F9  5020        STA 2,32
25FA  2307        LDA 0,7,3
25FB  2B2F        LDA 1,47,3
25FC  8E00        ADD 0,1
25FD  3330        LDA 2,48,3
25FE  B600        ADD 1,2
25FF  5335        STA 2,53,3
2600  3020        LDA 2,32
2601  8400        ADC 0,0
2602  2B35        LDA 1,53,3
2603  0C30        JSR @48
2604  5020        STA 2,32
2605  8400        ADC 0,0
2606  EC38 442B   ELEF 1,442B   ; -> " / " (len 3)
2608  0C31        JSR @49
2609  5020        STA 2,32
260A  2307        LDA 0,7,3
260B  2B32        LDA 1,50,3
260C  8E00        ADD 0,1
260D  3330        LDA 2,48,3
260E  B600        ADD 1,2
260F  5336        STA 2,54,3
2610  3020        LDA 2,32
2611  8400        ADC 0,0
2612  2B36        LDA 1,54,3
2613  0C30        JSR @48
2614  5020        STA 2,32
2615  8400        ADC 0,0
2616  EC38 42F4   ELEF 1,42F4   ; -> "." (len 1)
2618  0C31        JSR @49
2619  5020        STA 2,32
261A  0C38        JSR @56
261B  2307        LDA 0,7,3
261C  8300        INC 0,0
261D  4307        STA 0,7,3
261E  01C9        JMP -55,PC   ; -> 25E7
261F  0C63        JSR @99
2620  AFC8        RTN
2621  0000        JMP 0
2622  0000        JMP 0
2623  0000        JMP 0
2624  0000        JMP 0
2625  0000        JMP 0
2626  0000        JMP 0
2627  0000        JMP 0
2628  0000        JMP 0
2629  0000        JMP 0
262A  0000        JMP 0
262B  0000        JMP 0
262C  0000        JMP 0
262D  0000        JMP 0
262E  0000        JMP 0
262F  0000        JMP 0
2630  0000        JMP 0
2631  0000        JMP 0
2632  0000        JMP 0
2633  0000        JMP 0
2634  0000        JMP 0
2635  0000        JMP 0
2636  0000        JMP 0
2637  0000        JMP 0
2638  0000        JMP 0
2639  0000        JMP 0
263A  0000        JMP 0
263B  0000        JMP 0
263C  0000        JMP 0
263D  0000        JMP 0
263E  0000        JMP 0
263F  0000        JMP 0
2640  0000        JMP 0
2641  0000        JMP 0
2642  0000        JMP 0
2643  0000        JMP 0
2644  0000        JMP 0
2645  0000        JMP 0
2646  0000        JMP 0
2647  0000        JMP 0
2648  0000        JMP 0
2649  0000        JMP 0
264A  0000        JMP 0
264B  0000        JMP 0
264C  0000        JMP 0
264D  0000        JMP 0
264E  0000        JMP 0
264F  0000        JMP 0
2650  0000        JMP 0
2651  0000        JMP 0
2652  0000        JMP 0
2653  0000        JMP 0
2654  0000        JMP 0
2655  0000        JMP 0
2656  0000        JMP 0
2657  0000        JMP 0
2658  0000        JMP 0
2659  0000        JMP 0
265A  0000        JMP 0
265B  0000        JMP 0
265C  0000        JMP 0
265D  0000        JMP 0
265E  0000        JMP 0
265F  0000        JMP 0
2660  0000        JMP 0
2661  0000        JMP 0
2662  0000        JMP 0
2663  0000        JMP 0
2664  0000        JMP 0
2665  0000        JMP 0
2666  0000        JMP 0
2667  0000        JMP 0
2668  0000        JMP 0
2669  0000        JMP 0
266A  0000        JMP 0
266B  0000        JMP 0
266C  0000        JMP 0
266D  0000        JMP 0
266E  0000        JMP 0
266F  0000        JMP 0
2670  0000        JMP 0
2671  0000        JMP 0
2672  0000        JMP 0
2673  0000        JMP 0
2674  0000        JMP 0
2675  0000        JMP 0
2676  0000        JMP 0
2677  0000        JMP 0
2678  0000        JMP 0
2679  0000        JMP 0
267A  0000        JMP 0
267B  0000        JMP 0
267C  0000        JMP 0
267D  0000        JMP 0
267E  0000        JMP 0
267F  0000        JMP 0
2680  0000        JMP 0
2681  0000        JMP 0
2682  0000        JMP 0
2683  0000        JMP 0
2684  0000        JMP 0
2685  0000        JMP 0
2686  0000        JMP 0
2687  0000        JMP 0
2688  0000        JMP 0
2689  0000        JMP 0
268A  0000        JMP 0
268B  0000        JMP 0
268C  0000        JMP 0
268D  0000        JMP 0
268E  0000        JMP 0
268F  0000        JMP 0
2690  0000        JMP 0
2691  0000        JMP 0
2692  0000        JMP 0
2693  0000        JMP 0
2694  0000        JMP 0
2695  0000        JMP 0
2696  0000        JMP 0
2697  0000        JMP 0
2698  0000        JMP 0
2699  0000        JMP 0
269A  0000        JMP 0
269B  0000        JMP 0
269C  0000        JMP 0
269D  0000        JMP 0
269E  0000        JMP 0
269F  0000        JMP 0
26A0  0000        JMP 0
26A1  0000        JMP 0
26A2  0000        JMP 0
26A3  0000        JMP 0
26A4  0000        JMP 0
26A5  0000        JMP 0
26A6  0000        JMP 0
26A7  0000        JMP 0
26A8  0000        JMP 0
26A9  0000        JMP 0
26AA  0000        JMP 0
26AB  0000        JMP 0
26AC  0000        JMP 0
26AD  0000        JMP 0
26AE  0000        JMP 0
26AF  0000        JMP 0
26B0  0000        JMP 0
26B1  0000        JMP 0
26B2  0000        JMP 0
26B3  0000        JMP 0
26B4  0000        JMP 0
26B5  0000        JMP 0
26B6  0000        JMP 0
26B7  0000        JMP 0
26B8  0000        JMP 0
26B9  0000        JMP 0
26BA  0000        JMP 0
26BB  0000        JMP 0
26BC  0000        JMP 0
26BD  0000        JMP 0
26BE  0000        JMP 0
26BF  0000        JMP 0
26C0  0000        JMP 0
26C1  0000        JMP 0
26C2  0000        JMP 0
26C3  0000        JMP 0
26C4  0000        JMP 0
26C5  0000        JMP 0
26C6  0000        JMP 0
26C7  0000        JMP 0
26C8  0000        JMP 0
26C9  0000        JMP 0
26CA  0000        JMP 0
26CB  0000        JMP 0
26CC  0000        JMP 0
26CD  0000        JMP 0
26CE  0000        JMP 0
26CF  0000        JMP 0
26D0  0000        JMP 0
26D1  0000        JMP 0
26D2  0000        JMP 0
26D3  0000        JMP 0
26D4  0000        JMP 0
26D5  0000        JMP 0
26D6  0000        JMP 0
26D7  0000        JMP 0
26D8  0000        JMP 0
26D9  0000        JMP 0
26DA  0000        JMP 0
26DB  0000        JMP 0
26DC  0000        JMP 0
26DD  0000        JMP 0
26DE  0000        JMP 0
26DF  0000        JMP 0
26E0  0000        JMP 0
26E1  0000        JMP 0
26E2  0000        JMP 0
26E3  0000        JMP 0
26E4  0000        JMP 0
26E5  0000        JMP 0
26E6  0000        JMP 0
26E7  0000        JMP 0
26E8  0000        JMP 0
26E9  0000        JMP 0
26EA  0000        JMP 0
26EB  0000        JMP 0
26EC  0000        JMP 0
26ED  0000        JMP 0
26EE  0000        JMP 0
26EF  0000        JMP 0
26F0  0000        JMP 0
26F1  0000        JMP 0
26F2  0000        JMP 0
26F3  0000        JMP 0
26F4  0000        JMP 0
26F5  0000        JMP 0
26F6  0000        JMP 0
26F7  0000        JMP 0
26F8  0000        JMP 0
26F9  0000        JMP 0
26FA  0000        JMP 0
26FB  0000        JMP 0
26FC  0000        JMP 0
26FD  0000        JMP 0
26FE  0000        JMP 0
26FF  0000        JMP 0
2700  0000        JMP 0
2701  0000        JMP 0
2702  0000        JMP 0
2703  0000        JMP 0
2704  0000        JMP 0
2705  0000        JMP 0
2706  0000        JMP 0
2707  0000        JMP 0
2708  0000        JMP 0
2709  0000        JMP 0
270A  0000        JMP 0
270B  0000        JMP 0
270C  0000        JMP 0
270D  0000        JMP 0
270E  0000        JMP 0
270F  0000        JMP 0
2710  0000        JMP 0
2711  0000        JMP 0
2712  0000        JMP 0
2713  0000        JMP 0
2714  0000        JMP 0
2715  0000        JMP 0
2716  0000        JMP 0
2717  0000        JMP 0
2718  0000        JMP 0
2719  0000        JMP 0
271A  0000        JMP 0
271B  0000        JMP 0
271C  0000        JMP 0
271D  0000        JMP 0
271E  0000        JMP 0
271F  0000        JMP 0
2720  0000        JMP 0
2721  0000        JMP 0
2722  0000        JMP 0
2723  0000        JMP 0
2724  0000        JMP 0
2725  0000        JMP 0
2726  0000        JMP 0
2727  0000        JMP 0
2728  0000        JMP 0
2729  0000        JMP 0
272A  0000        JMP 0
272B  0000        JMP 0
272C  0000        JMP 0
272D  0000        JMP 0
272E  0000        JMP 0
272F  0000        JMP 0
2730  0000        JMP 0
2731  0000        JMP 0
2732  0000        JMP 0
2733  0000        JMP 0
2734  0000        JMP 0
2735  0000        JMP 0
2736  0000        JMP 0
2737  0000        JMP 0
2738  0000        JMP 0
2739  0000        JMP 0
273A  0000        JMP 0
273B  0000        JMP 0
273C  0000        JMP 0
273D  0000        JMP 0
273E  0000        JMP 0
273F  0000        JMP 0
2740  0000        JMP 0
2741  0000        JMP 0
2742  0000        JMP 0
2743  0000        JMP 0
2744  0000        JMP 0
2745  0000        JMP 0
2746  0000        JMP 0
2747  0000        JMP 0
2748  0000        JMP 0
2749  0000        JMP 0
274A  0000        JMP 0
274B  0000        JMP 0
274C  0000        JMP 0
274D  0000        JMP 0
274E  0000        JMP 0
274F  0000        JMP 0
2750  0000        JMP 0
2751  0000        JMP 0
2752  0000        JMP 0
2753  0000        JMP 0
2754  0000        JMP 0
2755  0000        JMP 0
2756  0000        JMP 0
2757  0000        JMP 0
2758  0000        JMP 0
2759  0000        JMP 0
275A  0000        JMP 0
275B  0000        JMP 0
275C  0000        JMP 0
275D  0000        JMP 0
275E  0000        JMP 0
275F  0000        JMP 0
2760  0000        JMP 0
2761  0000        JMP 0
2762  0000        JMP 0
2763  0000        JMP 0
2764  0000        JMP 0
2765  0000        JMP 0
2766  0000        JMP 0
2767  0000        JMP 0
2768  0000        JMP 0
2769  0000        JMP 0
276A  0000        JMP 0
276B  0000        JMP 0
276C  0000        JMP 0
276D  0000        JMP 0
276E  0000        JMP 0
276F  0000        JMP 0
2770  0000        JMP 0
2771  0000        JMP 0
2772  0000        JMP 0
2773  0000        JMP 0
2774  0000        JMP 0
2775  0000        JMP 0
2776  0000        JMP 0
2777  0000        JMP 0
2778  0000        JMP 0
2779  0000        JMP 0
277A  0000        JMP 0
277B  0000        JMP 0
277C  0000        JMP 0
277D  0000        JMP 0
277E  0000        JMP 0
277F  0000        JMP 0
2780  0000        JMP 0
2781  0000        JMP 0
2782  0000        JMP 0
2783  0000        JMP 0
2784  0000        JMP 0
2785  0000        JMP 0
2786  0000        JMP 0
2787  0000        JMP 0
2788  0000        JMP 0
2789  0000        JMP 0
278A  0000        JMP 0
278B  0000        JMP 0
278C  0000        JMP 0
278D  0000        JMP 0
278E  0000        JMP 0
278F  0000        JMP 0
2790  0000        JMP 0
2791  0000        JMP 0
2792  0000        JMP 0
2793  0000        JMP 0
2794  0000        JMP 0
2795  0000        JMP 0
2796  0000        JMP 0
2797  0000        JMP 0
2798  0000        JMP 0
2799  0000        JMP 0
279A  0000        JMP 0
279B  0000        JMP 0
279C  0000        JMP 0
279D  0000        JMP 0
279E  0000        JMP 0
279F  0000        JMP 0
27A0  0000        JMP 0
27A1  0000        JMP 0
27A2  0000        JMP 0
27A3  0000        JMP 0
27A4  0000        JMP 0
27A5  0000        JMP 0
27A6  0000        JMP 0
27A7  0000        JMP 0
27A8  0000        JMP 0
27A9  0000        JMP 0
27AA  0000        JMP 0
27AB  0000        JMP 0
27AC  0000        JMP 0
27AD  0000        JMP 0
27AE  0000        JMP 0
27AF  0000        JMP 0
27B0  0000        JMP 0
27B1  0000        JMP 0
27B2  0000        JMP 0
27B3  0000        JMP 0
27B4  0000        JMP 0
27B5  0000        JMP 0
27B6  0000        JMP 0
27B7  0000        JMP 0
27B8  0000        JMP 0
27B9  0000        JMP 0
27BA  0000        JMP 0
27BB  0000        JMP 0
27BC  0000        JMP 0
27BD  0000        JMP 0
27BE  0000        JMP 0
27BF  0000        JMP 0
27C0  0000        JMP 0
27C1  0000        JMP 0
27C2  0000        JMP 0
27C3  0000        JMP 0
27C4  0000        JMP 0
27C5  0000        JMP 0
27C6  0000        JMP 0
27C7  0000        JMP 0
27C8  0000        JMP 0
27C9  0000        JMP 0
27CA  0000        JMP 0
27CB  0000        JMP 0
27CC  0000        JMP 0
27CD  0000        JMP 0
27CE  0000        JMP 0
27CF  0000        JMP 0
27D0  0000        JMP 0
27D1  0000        JMP 0
27D2  0000        JMP 0
27D3  0000        JMP 0
27D4  0000        JMP 0
27D5  0000        JMP 0
27D6  0000        JMP 0
27D7  0000        JMP 0
27D8  0000        JMP 0
27D9  0000        JMP 0
27DA  0000        JMP 0
27DB  0000        JMP 0
27DC  0000        JMP 0
27DD  0000        JMP 0
27DE  0000        JMP 0
27DF  0000        JMP 0
27E0  0000        JMP 0
27E1  0000        JMP 0
27E2  0000        JMP 0
27E3  0000        JMP 0
27E4  0000        JMP 0
27E5  0000        JMP 0
27E6  0000        JMP 0
27E7  0000        JMP 0
27E8  0000        JMP 0
27E9  0000        JMP 0
27EA  0000        JMP 0
27EB  0000        JMP 0
27EC  0000        JMP 0
27ED  0000        JMP 0
27EE  0000        JMP 0
27EF  0000        JMP 0
27F0  0000        JMP 0
27F1  0000        JMP 0
27F2  0000        JMP 0
27F3  0000        JMP 0
27F4  0000        JMP 0
27F5  0000        JMP 0
27F6  0000        JMP 0
27F7  0000        JMP 0
27F8  0000        JMP 0
27F9  0000        JMP 0
27FA  0000        JMP 0
27FB  0000        JMP 0
27FC  0000        JMP 0
27FD  0000        JMP 0
27FE  0000        JMP 0
27FF  0000        JMP 0
2800  E7C8 0025   SAVE 37             ; frame
2802  0C42        JSR @66
2803  0001        JMP 1
2804  430C        STA 0,12,3
2805  B438 01AF   ELDA 2,01AF   ; = 431
2807  2AFD        LDA 1,-3,2
2808  A200        MOV 1,0
2809  AE00        ADD 1,1
280A  8E00        ADD 0,1
280B  B500        SUB 1,2
280C  530D        STA 2,13,3
280D  D008        ADI 2,2
280E  430E        STA 0,14,3
280F  4B0F        STA 1,15,3
2810  5310        STA 2,16,3
2811  0C62        JSR @98
2812  EC38 447A   ELEF 1,447A   ; [447A] = 100
2814  6308        IO   6308
2815  0C59        JSR @89
2816  0101        JMP 1,PC   ; -> 2817
2817  270C        LDA 0,@12,3
2818  F438 4509   ELEF 2,4509   ; [4509] = 12317
281A  0C5A        JSR @90
281B  D00C        COM# 2,2,SZR
281C  0A00        JSR 0,2
281D  3821        LDA 3,33
281E  8538 02E6   EJMP 02E6,PC   ; -> 2B05
2820  3020        LDA 2,32
2821  E438 447C   ELEF 0,447C   ; [447C] = 1
2823  EC38 447B   ELEF 1,447B   ; [447B] = 0
2825  8E48        PSH 0,1
2826  0C0C 58F3   JSR @12            ; overlay call, arg 58F3
2828  5020        STA 2,32
2829  8538 02DB   EJMP 02DB,PC   ; -> 2B05
282B  3020        LDA 2,32
282C  E438 447C   ELEF 0,447C   ; [447C] = 1
282E  EC38 01D5   ELEF 1,01D5   ; = 469
2830  8E48        PSH 0,1
2831  0C0C 58F3   JSR @12            ; overlay call, arg 58F3
2833  5020        STA 2,32
2834  A438 447D   ELDA 0,447D   ; [447D] = 1
2836  C438 01C8   ESTA 0,01C8   ; = 456
2838  8538 02CC   EJMP 02CC,PC   ; -> 2B05
283A  3020        LDA 2,32
283B  0C0C 013D   JSR @12            ; overlay call, arg 013D
283D  8538 02C7   EJMP 02C7,PC   ; -> 2B05
283F  3020        LDA 2,32
2840  0C0C 0161   JSR @12            ; overlay call, arg 0161
2842  8538 02C2   EJMP 02C2,PC   ; -> 2B05
2844  8550        SUBZL 0,0
2845  C438 01F1   ESTA 0,01F1   ; = 497
2847  3821        LDA 3,33
2848  8538 02BC   EJMP 02BC,PC   ; -> 2B05
284A  8500        SUB 0,0
284B  C438 01F1   ESTA 0,01F1   ; = 497
284D  3821        LDA 3,33
284E  8538 02B6   EJMP 02B6,PC   ; -> 2B05
2850  3821        LDA 3,33
2851  6308        IO   6308
2852  EC38 447E   ELEF 1,447E   ; -> "THISSALA.HELP" (len 13)
2854  0C5C        JSR @92
2855  ED38 003F   ELEF 1,003F,PC   ; -> 2895
2857  6311        IO   6311
2858  0C4C        JSR @76
2859  3020        LDA 2,32
285A  8648        PSH 0,0
285B  6308        IO   6308
285C  EC38 4488   ELEF 1,4488   ; [4488] = 9
285E  8E48        PSH 0,1
285F  0C0C 7001   JSR @12            ; overlay call, arg 7001
2861  5020        STA 2,32
2862  6050        IO   6050
2863  4307        STA 0,7,3
2864  3020        LDA 2,32
2865  6308        IO   6308
2866  6B15        IO   6B15
2867  0C51        JSR @81
2868  5020        STA 2,32
2869  ED38 0020   ELEF 1,0020,PC   ; -> 288A
286B  6311        IO   6311
286C  0C4C        JSR @76
286D  6B07        IO   6B07
286E  8E48        PSH 0,1
286F  6315        IO   6315
2870  EC38 4488   ELEF 1,4488   ; [4488] = 9
2872  8E48        PSH 0,1
2873  0C0C 6FA8   JSR @12            ; overlay call, arg 6FA8
2875  5020        STA 2,32
2876  6307        IO   6307
2877  6B08        IO   6B08
2878  8E48        PSH 0,1
2879  0C0C 75C8   JSR @12            ; overlay call, arg 75C8
287B  5020        STA 2,32
287C  6308        IO   6308
287D  6B15        IO   6B15
287E  0C51        JSR @81
287F  5020        STA 2,32
2880  6307        IO   6307
2881  8648        PSH 0,0
2882  A200        MOV 1,0
2883  EC38 447B   ELEF 1,447B   ; [447B] = 0
2885  8E48        PSH 0,1
2886  0C0C 6FD5   JSR @12            ; overlay call, arg 6FD5
2888  5020        STA 2,32
2889  01D9        JMP -39,PC   ; -> 2862
288A  3020        LDA 2,32
288B  0C0C 5FBB   JSR @12            ; overlay call, arg 5FBB
288D  E438 4488   ELEF 0,4488   ; [4488] = 9
288F  8648        PSH 0,0
2890  0C0C 6F89   JSR @12            ; overlay call, arg 6F89
2892  5020        STA 2,32
2893  8538 0271   EJMP 0271,PC   ; -> 2B05
2895  3020        LDA 2,32
2896  6308        IO   6308
2897  EC38 448A   ELEF 1,448A   ; [448A] = 16
2899  8E48        PSH 0,1
289A  0C0C 5DBE   JSR @12            ; overlay call, arg 5DBE
289C  5020        STA 2,32
289D  8538 0267   EJMP 0267,PC   ; -> 2B05
289F  3020        LDA 2,32
28A0  E438 447B   ELEF 0,447B   ; [447B] = 0
28A2  8648        PSH 0,0
28A3  0C0C 019D   JSR @12            ; overlay call, arg 019D
28A5  5020        STA 2,32
28A6  8538 025E   EJMP 025E,PC   ; -> 2B05
28A8  3020        LDA 2,32
28A9  E438 447C   ELEF 0,447C   ; [447C] = 1
28AB  8648        PSH 0,0
28AC  0C0C 019D   JSR @12            ; overlay call, arg 019D
28AE  5020        STA 2,32
28AF  8538 0255   EJMP 0255,PC   ; -> 2B05
28B1  3020        LDA 2,32
28B2  E438 448B   ELEF 0,448B   ; [448B] = 4
28B4  8648        PSH 0,0
28B5  E438 447B   ELEF 0,447B   ; [447B] = 0
28B7  3821        LDA 3,33
28B8  6B15        IO   6B15
28B9  8E48        PSH 0,1
28BA  0C0C 5F68   JSR @12            ; overlay call, arg 5F68
28BC  5020        STA 2,32
28BD  2315        LDA 0,21,3
28BE  E7F8 005E   ADDI 005E,0
28C0  4316        STA 0,22,3
28C1  6B16        IO   6B16
28C2  AE48        PSH 1,1
28C3  0C0C 5D26   JSR @12            ; overlay call, arg 5D26
28C5  5020        STA 2,32
28C6  8538 023E   EJMP 023E,PC   ; -> 2B05
28C8  3020        LDA 2,32
28C9  E438 448D   ELEF 0,448D   ; -> "#:#." (len 4)
28CB  EC38 447B   ELEF 1,447B   ; [447B] = 0
28CD  0C36        JSR @54
28CE  8400        ADC 0,0
28CF  EC38 01E4   ELEF 1,01E4   ; = 484
28D1  0C30        JSR @48
28D2  5020        STA 2,32
28D3  8400        ADC 0,0
28D4  EC38 01E5   ELEF 1,01E5   ; = 485
28D6  0C30        JSR @48
28D7  5020        STA 2,32
28D8  0C39        JSR @57
28D9  8538 022B   EJMP 022B,PC   ; -> 2B05
28DB  3020        LDA 2,32
28DC  E438 447C   ELEF 0,447C   ; [447C] = 1
28DE  8648        PSH 0,0
28DF  0C0C 6613   JSR @12            ; overlay call, arg 6613
28E1  5020        STA 2,32
28E2  8538 0222   EJMP 0222,PC   ; -> 2B05
28E4  3020        LDA 2,32
28E5  3821        LDA 3,33
28E6  6305        IO   6305
28E7  6B04        IO   6B04
28E8  8E48        PSH 0,1
28E9  6303        IO   6303
28EA  6B06        IO   6B06
28EB  8E48        PSH 0,1
28EC  A200        MOV 1,0
28ED  8E48        PSH 0,1
28EE  0C0C 6E40   JSR @12            ; overlay call, arg 6E40
28F0  5020        STA 2,32
28F1  8400        ADC 0,0
28F2  EC38 447B   ELEF 1,447B   ; [447B] = 0
28F4  0C34        JSR @52
28F5  5020        STA 2,32
28F6  8400        ADC 0,0
28F7  6B03        IO   6B03
28F8  0C30        JSR @48
28F9  5020        STA 2,32
28FA  8400        ADC 0,0
28FB  EC38 4493   ELEF 1,4493   ; -> ":" (len 1)
28FD  0C31        JSR @49
28FE  5020        STA 2,32
28FF  8400        ADC 0,0
2900  6B04        IO   6B04
2901  0C30        JSR @48
2902  5020        STA 2,32
2903  8400        ADC 0,0
2904  EC38 4493   ELEF 1,4493   ; -> ":" (len 1)
2906  0C31        JSR @49
2907  5020        STA 2,32
2908  8400        ADC 0,0
2909  6B05        IO   6B05
290A  0C30        JSR @48
290B  5020        STA 2,32
290C  8400        ADC 0,0
290D  EC38 4497   ELEF 1,4497   ; -> "." (len 1)
290F  0C31        JSR @49
2910  5020        STA 2,32
2911  0C38        JSR @56
2912  8538 01F2   EJMP 01F2,PC   ; -> 2B05
2914  3020        LDA 2,32
2915  E438 449B   ELEF 0,449B   ; [449B] = 163
2917  8648        PSH 0,0
2918  0C0C 5D26   JSR @12            ; overlay call, arg 5D26
291A  5020        STA 2,32
291B  8538 01E9   EJMP 01E9,PC   ; -> 2B05
291D  3020        LDA 2,32
291E  E438 449C   ELEF 0,449C   ; [449C] = 169
2920  8648        PSH 0,0
2921  0C0C 5D26   JSR @12            ; overlay call, arg 5D26
2923  5020        STA 2,32
2924  8538 01E0   EJMP 01E0,PC   ; -> 2B05
2926  3020        LDA 2,32
2927  E438 449D   ELEF 0,449D   ; [449D] = 170
2929  8648        PSH 0,0
292A  0C0C 5D26   JSR @12            ; overlay call, arg 5D26
292C  5020        STA 2,32
292D  8538 01D7   EJMP 01D7,PC   ; -> 2B05
292F  A438 01DE   ELDA 0,01DE   ; = 478
2931  6802        IO   6802
2932  3821        LDA 3,33
2933  A248        SGE 1,0
2934  0103        JMP 3,PC   ; -> 2937
2935  8538 008A   EJMP 008A,PC   ; -> 29C0
2937  ED38 0091   ELEF 1,0091,PC   ; -> 29C9
2939  6311        IO   6311
293A  0C4C        JSR @76
293B  3020        LDA 2,32
293C  8648        PSH 0,0
293D  E438 449F   ELEF 0,449F   ; -> ":MAIL:NGAME_RECOMMENDATIONS" (len 27)
293F  EC38 4488   ELEF 1,4488   ; [4488] = 9
2941  8E48        PSH 0,1
2942  0C0C 6EA7   JSR @12            ; overlay call, arg 6EA7
2944  5020        STA 2,32
2945  0C62        JSR @98
2946  6311        IO   6311
2947  2875        LDA 1,117
2948  0C59        JSR @89
2949  3020        LDA 2,32
294A  E438 01E1   ELEF 0,01E1   ; = 481
294C  6B11        IO   6B11
294D  0C45        JSR @69
294E  5020        STA 2,32
294F  6311        IO   6311
2950  8648        PSH 0,0
2951  E438 44B1   ELEF 0,44B1   ; -> "[" (len 1)
2953  6B17        IO   6B17
2954  0C40        JSR @64
2955  5020        STA 2,32
2956  E438 44B5   ELEF 0,44B5   ; -> "/" (len 1)
2958  8648        PSH 0,0
2959  A200        MOV 1,0
295A  6B1A        IO   6B1A
295B  0C40        JSR @64
295C  5020        STA 2,32
295D  631D        IO   631D
295E  2875        LDA 1,117
295F  0C59        JSR @89
2960  3020        LDA 2,32
2961  E438 01D6   ELEF 0,01D6   ; = 470
2963  6B1D        IO   6B1D
2964  0C45        JSR @69
2965  5020        STA 2,32
2966  631D        IO   631D
2967  8648        PSH 0,0
2968  631A        IO   631A
2969  6B20        IO   6B20
296A  0C40        JSR @64
296B  5020        STA 2,32
296C  E438 44B9   ELEF 0,44B9   ; -> "] " (len 2)
296E  8648        PSH 0,0
296F  A200        MOV 1,0
2970  6B23        IO   6B23
2971  0C40        JSR @64
2972  5020        STA 2,32
2973  6308        IO   6308
2974  0C5C        JSR @92
2975  0C63        JSR @99
2976  6002        IO   6002
2977  4307        STA 0,7,3
2978  2307        LDA 0,7,3
2979  AC38 01DE   ELDA 1,01DE   ; = 478
297B  A248        SGE 1,0
297C  011B        JMP 27,PC   ; -> 2997
297D  230D        LDA 0,13,3
297E  2B07        LDA 1,7,3
297F  A600        ADD 1,0
2980  AE00        ADD 1,1
2981  8E00        ADD 0,1
2982  0C62        JSR @98
2983  3020        LDA 2,32
2984  AE48        PSH 1,1
2985  6308        IO   6308
2986  6B11        IO   6B11
2987  0C40        JSR @64
2988  5020        STA 2,32
2989  E438 44BF   ELEF 0,44BF   ; -> " " (len 1)
298B  8648        PSH 0,0
298C  A200        MOV 1,0
298D  6B17        IO   6B17
298E  0C40        JSR @64
298F  5020        STA 2,32
2990  6308        IO   6308
2991  0C5C        JSR @92
2992  0C63        JSR @99
2993  2307        LDA 0,7,3
2994  8300        INC 0,0
2995  4307        STA 0,7,3
2996  01E2        JMP -30,PC   ; -> 2978
2997  0C62        JSR @98
2998  3020        LDA 2,32
2999  E438 4497   ELEF 0,4497   ; -> "." (len 1)
299B  8648        PSH 0,0
299C  6308        IO   6308
299D  6B11        IO   6B11
299E  0C40        JSR @64
299F  5020        STA 2,32
29A0  0C5C        JSR @92
29A1  0C63        JSR @99
29A2  7308        IO   7308
29A3  2202        LDA 0,2,2
29A4  4307        STA 0,7,3
29A5  3020        LDA 2,32
29A6  6308        IO   6308
29A7  6B15        IO   6B15
29A8  0C51        JSR @81
29A9  5020        STA 2,32
29AA  6307        IO   6307
29AB  8648        PSH 0,0
29AC  A200        MOV 1,0
29AD  EC38 4488   ELEF 1,4488   ; [4488] = 9
29AF  8E48        PSH 0,1
29B0  0C0C 6FD5   JSR @12            ; overlay call, arg 6FD5
29B2  5020        STA 2,32
29B3  E438 4488   ELEF 0,4488   ; [4488] = 9
29B5  8648        PSH 0,0
29B6  0C0C 6F89   JSR @12            ; overlay call, arg 6F89
29B8  5020        STA 2,32
29B9  E438 44C3   ELEF 0,44C3   ; [44C3] = 175
29BB  8648        PSH 0,0
29BC  0C0C 5D26   JSR @12            ; overlay call, arg 5D26
29BE  5020        STA 2,32
29BF  0108        JMP 8,PC   ; -> 29C7
29C0  3020        LDA 2,32
29C1  E438 44C4   ELEF 0,44C4   ; [44C4] = 54
29C3  8648        PSH 0,0
29C4  0C0C 5D26   JSR @12            ; overlay call, arg 5D26
29C6  5020        STA 2,32
29C7  8538 013D   EJMP 013D,PC   ; -> 2B05
29C9  3020        LDA 2,32
29CA  E438 44C5   ELEF 0,44C5   ; [44C5] = 174
29CC  8648        PSH 0,0
29CD  0C0C 5D26   JSR @12            ; overlay call, arg 5D26
29CF  5020        STA 2,32
29D0  8538 0134   EJMP 0134,PC   ; -> 2B05
29D2  3821        LDA 3,33
29D3  6308        IO   6308
29D4  EC38 44C6   ELEF 1,44C6   ; -> "THISSALA.DESC" (len 13)
29D6  0C5C        JSR @92
29D7  8538 7E7D   EJMP 7E7D,PC   ; -> 2855
29D9  A438 01CC   ELDA 0,01CC   ; = 460
29DB  3821        LDA 3,33
29DC  820C        MOV# 0,0,SZR
29DD  012A        JMP 42,PC   ; -> 2A07
29DE  3020        LDA 2,32
29DF  8400        ADC 0,0
29E0  EC38 447B   ELEF 1,447B   ; [447B] = 0
29E2  0C34        JSR @52
29E3  5020        STA 2,32
29E4  8400        ADC 0,0
29E5  EC38 44D0   ELEF 1,44D0   ; -> "Logfile name: " (len 14)
29E7  0C31        JSR @49
29E8  5020        STA 2,32
29E9  0C38        JSR @56
29EA  8400        ADC 0,0
29EB  EC38 447B   ELEF 1,447B   ; [447B] = 0
29ED  0C35        JSR @53
29EE  5020        STA 2,32
29EF  8400        ADC 0,0
29F0  6B08        IO   6B08
29F1  0C33        JSR @51
29F2  5020        STA 2,32
29F3  0C37        JSR @55
29F4  0C62        JSR @98
29F5  3020        LDA 2,32
29F6  E438 44DB   ELEF 0,44DB   ; -> ".LG" (len 3)
29F8  8648        PSH 0,0
29F9  6308        IO   6308
29FA  6B11        IO   6B11
29FB  0C40        JSR @64
29FC  5020        STA 2,32
29FD  0C5C        JSR @92
29FE  0C63        JSR @99
29FF  3020        LDA 2,32
2A00  6308        IO   6308
2A01  EC38 44E0   ELEF 1,44E0   ; [44E0] = 10
2A03  8E48        PSH 0,1
2A04  0C0C 7001   JSR @12            ; overlay call, arg 7001
2A06  5020        STA 2,32
2A07  A438 01CC   ELDA 0,01CC   ; = 460
2A09  820C        MOV# 0,0,SZR
2A0A  D501        SUB 2,2,SKP
2A0B  D550        SUBZL 2,2
2A0C  D438 01CC   ESTA 2,01CC   ; = 460
2A0E  8538 00F6   EJMP 00F6,PC   ; -> 2B05
2A10  0C62        JSR @98
2A11  6311        IO   6311
2A12  2875        LDA 1,117
2A13  0C59        JSR @89
2A14  3020        LDA 2,32
2A15  E438 01F9   ELEF 0,01F9   ; = 505
2A17  6B11        IO   6B11
2A18  0C45        JSR @69
2A19  5020        STA 2,32
2A1A  6308        IO   6308
2A1B  6B11        IO   6B11
2A1C  0C5C        JSR @92
2A1D  0C63        JSR @99
2A1E  3020        LDA 2,32
2A1F  0C0C 5FBB   JSR @12            ; overlay call, arg 5FBB
2A21  6308        IO   6308
2A22  EC38 44E1   ELEF 1,44E1   ; [44E1] = 212
2A24  8E48        PSH 0,1
2A25  0C0C 5DBE   JSR @12            ; overlay call, arg 5DBE
2A27  5020        STA 2,32
2A28  0C62        JSR @98
2A29  6311        IO   6311
2A2A  2875        LDA 1,117
2A2B  0C59        JSR @89
2A2C  3020        LDA 2,32
2A2D  E438 01F8   ELEF 0,01F8   ; = 504
2A2F  6B11        IO   6B11
2A30  0C45        JSR @69
2A31  5020        STA 2,32
2A32  6308        IO   6308
2A33  6B11        IO   6B11
2A34  0C5C        JSR @92
2A35  0C63        JSR @99
2A36  3020        LDA 2,32
2A37  6308        IO   6308
2A38  EC38 44E2   ELEF 1,44E2   ; [44E2] = 210
2A3A  8E48        PSH 0,1
2A3B  0C0C 5DBE   JSR @12            ; overlay call, arg 5DBE
2A3D  5020        STA 2,32
2A3E  0C62        JSR @98
2A3F  6311        IO   6311
2A40  2875        LDA 1,117
2A41  0C59        JSR @89
2A42  3020        LDA 2,32
2A43  E438 01EF   ELEF 0,01EF   ; = 495
2A45  6B11        IO   6B11
2A46  0C45        JSR @69
2A47  5020        STA 2,32
2A48  6308        IO   6308
2A49  6B11        IO   6B11
2A4A  0C5C        JSR @92
2A4B  0C63        JSR @99
2A4C  3020        LDA 2,32
2A4D  6308        IO   6308
2A4E  EC38 44E3   ELEF 1,44E3   ; [44E3] = 213
2A50  8E48        PSH 0,1
2A51  0C0C 5DBE   JSR @12            ; overlay call, arg 5DBE
2A53  5020        STA 2,32
2A54  0C62        JSR @98
2A55  6311        IO   6311
2A56  2875        LDA 1,117
2A57  0C59        JSR @89
2A58  3020        LDA 2,32
2A59  E438 01FA   ELEF 0,01FA   ; = 506
2A5B  6B11        IO   6B11
2A5C  0C45        JSR @69
2A5D  5020        STA 2,32
2A5E  6308        IO   6308
2A5F  6B11        IO   6B11
2A60  0C5C        JSR @92
2A61  0C63        JSR @99
2A62  3020        LDA 2,32
2A63  6308        IO   6308
2A64  EC38 44E4   ELEF 1,44E4   ; [44E4] = 211
2A66  8E48        PSH 0,1
2A67  0C0C 5DBE   JSR @12            ; overlay call, arg 5DBE
2A69  5020        STA 2,32
2A6A  0C62        JSR @98
2A6B  3020        LDA 2,32
2A6C  6315        IO   6315
2A6D  8648        PSH 0,0
2A6E  0C0C 58A3   JSR @12            ; overlay call, arg 58A3
2A70  5020        STA 2,32
2A71  6311        IO   6311
2A72  2875        LDA 1,117
2A73  0C59        JSR @89
2A74  3020        LDA 2,32
2A75  6315        IO   6315
2A76  6B11        IO   6B11
2A77  0C45        JSR @69
2A78  5020        STA 2,32
2A79  6308        IO   6308
2A7A  6B11        IO   6B11
2A7B  0C5C        JSR @92
2A7C  0C63        JSR @99
2A7D  3020        LDA 2,32
2A7E  6308        IO   6308
2A7F  EC38 44E5   ELEF 1,44E5   ; [44E5] = 215
2A81  8E48        PSH 0,1
2A82  0C0C 5DBE   JSR @12            ; overlay call, arg 5DBE
2A84  5020        STA 2,32
2A85  0C0C 5FBB   JSR @12            ; overlay call, arg 5FBB
2A87  8538 007D   EJMP 007D,PC   ; -> 2B05
2A89  3020        LDA 2,32
2A8A  E438 44E6   ELEF 0,44E6   ; [44E6] = 7
2A8C  3821        LDA 3,33
2A8D  6B0B        IO   6B0B
2A8E  8E48        PSH 0,1
2A8F  0C0C 733A   JSR @12            ; overlay call, arg 733A
2A91  5020        STA 2,32
2A92  8500        SUB 0,0
2A93  4307        STA 0,7,3
2A94  2307        LDA 0,7,3
2A95  6806        IO   6806
2A96  A248        SGE 1,0
2A97  0109        JMP 9,PC   ; -> 2AA0
2A98  330B        LDA 2,11,3
2A99  9600        ADD 0,2
2A9A  8500        SUB 0,0
2A9B  4200        STA 0,0,2
2A9C  2307        LDA 0,7,3
2A9D  8300        INC 0,0
2A9E  4307        STA 0,7,3
2A9F  01F5        JMP -11,PC   ; -> 2A94
2AA0  230B        LDA 0,11,3
2AA1  8300        INC 0,0
2AA2  AC38 44E8   ELDA 1,44E8   ; [44E8] = 32768
2AA4  4315        STA 0,21,3
2AA5  4F15        STA 1,@21,3
2AA6  3020        LDA 2,32
2AA7  630B        IO   630B
2AA8  EC38 44E9   ELEF 1,44E9   ; -> "CLI.PR" (len 6)
2AAA  8E48        PSH 0,1
2AAB  0C0C 6E5C   JSR @12            ; overlay call, arg 6E5C
2AAD  5020        STA 2,32
2AAE  630B        IO   630B
2AAF  8648        PSH 0,0
2AB0  0C0C 73ED   JSR @12            ; overlay call, arg 73ED
2AB2  5020        STA 2,32
2AB3  A438 447D   ELDA 0,447D   ; [447D] = 1
2AB5  C438 01C5   ESTA 0,01C5   ; = 453
2AB7  8400        ADC 0,0
2AB8  EC38 447B   ELEF 1,447B   ; [447B] = 0
2ABA  0C34        JSR @52
2ABB  5020        STA 2,32
2ABC  8400        ADC 0,0
2ABD  EC38 4497   ELEF 1,4497   ; -> "." (len 1)
2ABF  0C31        JSR @49
2AC0  5020        STA 2,32
2AC1  0C38        JSR @56
2AC2  0143        JMP 67,PC   ; -> 2B05
2AC3  A438 01C7   ELDA 0,01C7   ; = 455
2AC5  3821        LDA 3,33
2AC6  820C        MOV# 0,0,SZR
2AC7  0117        JMP 23,PC   ; -> 2ADE
2AC8  3020        LDA 2,32
2AC9  8400        ADC 0,0
2ACA  EC38 447B   ELEF 1,447B   ; [447B] = 0
2ACC  0C34        JSR @52
2ACD  5020        STA 2,32
2ACE  8400        ADC 0,0
2ACF  EC38 44F0   ELEF 1,44F0   ; -> "I don't understand the word '" (len 29)
2AD1  0C31        JSR @49
2AD2  5020        STA 2,32
2AD3  8400        ADC 0,0
2AD4  2B10        LDA 1,16,3
2AD5  0C31        JSR @49
2AD6  5020        STA 2,32
2AD7  8400        ADC 0,0
2AD8  EC38 4502   ELEF 1,4502   ; -> "'." (len 2)
2ADA  0C31        JSR @49
2ADB  5020        STA 2,32
2ADC  0C38        JSR @56
2ADD  0108        JMP 8,PC   ; -> 2AE5
2ADE  3020        LDA 2,32
2ADF  0C0C 01A7   JSR @12            ; overlay call, arg 01A7
2AE1  A438 447D   ELDA 0,447D   ; [447D] = 1
2AE3  C438 01C5   ESTA 0,01C5   ; = 453
2AE5  0120        JMP 32,PC   ; -> 2B05
2AE6  A438 01C7   ELDA 0,01C7   ; = 455
2AE8  3821        LDA 3,33
2AE9  820C        MOV# 0,0,SZR
2AEA  0117        JMP 23,PC   ; -> 2B01
2AEB  3020        LDA 2,32
2AEC  8400        ADC 0,0
2AED  EC38 447B   ELEF 1,447B   ; [447B] = 0
2AEF  0C34        JSR @52
2AF0  5020        STA 2,32
2AF1  8400        ADC 0,0
2AF2  EC38 44F0   ELEF 1,44F0   ; -> "I don't understand the word '" (len 29)
2AF4  0C31        JSR @49
2AF5  5020        STA 2,32
2AF6  8400        ADC 0,0
2AF7  2B10        LDA 1,16,3
2AF8  0C31        JSR @49
2AF9  5020        STA 2,32
2AFA  8400        ADC 0,0
2AFB  EC38 4502   ELEF 1,4502   ; -> "'." (len 2)
2AFD  0C31        JSR @49
2AFE  5020        STA 2,32
2AFF  0C38        JSR @56
2B00  0104        JMP 4,PC   ; -> 2B04
2B01  3020        LDA 2,32
2B02  0C0C 0165   JSR @12            ; overlay call, arg 0165
2B04  0101        JMP 1,PC   ; -> 2B05
2B05  0C63        JSR @99
2B06  AFC8        RTN
2B07  0000        JMP 0
2B08  0000        JMP 0
2B09  0000        JMP 0
2B0A  0000        JMP 0
2B0B  0000        JMP 0
2B0C  0000        JMP 0
2B0D  0000        JMP 0
2B0E  0000        JMP 0
2B0F  0000        JMP 0
2B10  0000        JMP 0
2B11  0000        JMP 0
2B12  0000        JMP 0
2B13  0000        JMP 0
2B14  0000        JMP 0
2B15  0000        JMP 0
2B16  0000        JMP 0
2B17  0000        JMP 0
2B18  0000        JMP 0
2B19  0000        JMP 0
2B1A  0000        JMP 0
2B1B  0000        JMP 0
2B1C  0000        JMP 0
2B1D  0000        JMP 0
2B1E  0000        JMP 0
2B1F  0000        JMP 0
2B20  0000        JMP 0
2B21  0000        JMP 0
2B22  0000        JMP 0
2B23  0000        JMP 0
2B24  0000        JMP 0
2B25  0000        JMP 0
2B26  0000        JMP 0
2B27  0000        JMP 0
2B28  0000        JMP 0
2B29  0000        JMP 0
2B2A  0000        JMP 0
2B2B  0000        JMP 0
2B2C  0000        JMP 0
2B2D  0000        JMP 0
2B2E  0000        JMP 0
2B2F  0000        JMP 0
2B30  0000        JMP 0
2B31  0000        JMP 0
2B32  0000        JMP 0
2B33  0000        JMP 0
2B34  0000        JMP 0
2B35  0000        JMP 0
2B36  0000        JMP 0
2B37  0000        JMP 0
2B38  0000        JMP 0
2B39  0000        JMP 0
2B3A  0000        JMP 0
2B3B  0000        JMP 0
2B3C  0000        JMP 0
2B3D  0000        JMP 0
2B3E  0000        JMP 0
2B3F  0000        JMP 0
2B40  0000        JMP 0
2B41  0000        JMP 0
2B42  0000        JMP 0
2B43  0000        JMP 0
2B44  0000        JMP 0
2B45  0000        JMP 0
2B46  0000        JMP 0
2B47  0000        JMP 0
2B48  0000        JMP 0
2B49  0000        JMP 0
2B4A  0000        JMP 0
2B4B  0000        JMP 0
2B4C  0000        JMP 0
2B4D  0000        JMP 0
2B4E  0000        JMP 0
2B4F  0000        JMP 0
2B50  0000        JMP 0
2B51  0000        JMP 0
2B52  0000        JMP 0
2B53  0000        JMP 0
2B54  0000        JMP 0
2B55  0000        JMP 0
2B56  0000        JMP 0
2B57  0000        JMP 0
2B58  0000        JMP 0
2B59  0000        JMP 0
2B5A  0000        JMP 0
2B5B  0000        JMP 0
2B5C  0000        JMP 0
2B5D  0000        JMP 0
2B5E  0000        JMP 0
2B5F  0000        JMP 0
2B60  0000        JMP 0
2B61  0000        JMP 0
2B62  0000        JMP 0
2B63  0000        JMP 0
2B64  0000        JMP 0
2B65  0000        JMP 0
2B66  0000        JMP 0
2B67  0000        JMP 0
2B68  0000        JMP 0
2B69  0000        JMP 0
2B6A  0000        JMP 0
2B6B  0000        JMP 0
2B6C  0000        JMP 0
2B6D  0000        JMP 0
2B6E  0000        JMP 0
2B6F  0000        JMP 0
2B70  0000        JMP 0
2B71  0000        JMP 0
2B72  0000        JMP 0
2B73  0000        JMP 0
2B74  0000        JMP 0
2B75  0000        JMP 0
2B76  0000        JMP 0
2B77  0000        JMP 0
2B78  0000        JMP 0
2B79  0000        JMP 0
2B7A  0000        JMP 0
2B7B  0000        JMP 0
2B7C  0000        JMP 0
2B7D  0000        JMP 0
2B7E  0000        JMP 0
2B7F  0000        JMP 0
2B80  0000        JMP 0
2B81  0000        JMP 0
2B82  0000        JMP 0
2B83  0000        JMP 0
2B84  0000        JMP 0
2B85  0000        JMP 0
2B86  0000        JMP 0
2B87  0000        JMP 0
2B88  0000        JMP 0
2B89  0000        JMP 0
2B8A  0000        JMP 0
2B8B  0000        JMP 0
2B8C  0000        JMP 0
2B8D  0000        JMP 0
2B8E  0000        JMP 0
2B8F  0000        JMP 0
2B90  0000        JMP 0
2B91  0000        JMP 0
2B92  0000        JMP 0
2B93  0000        JMP 0
2B94  0000        JMP 0
2B95  0000        JMP 0
2B96  0000        JMP 0
2B97  0000        JMP 0
2B98  0000        JMP 0
2B99  0000        JMP 0
2B9A  0000        JMP 0
2B9B  0000        JMP 0
2B9C  0000        JMP 0
2B9D  0000        JMP 0
2B9E  0000        JMP 0
2B9F  0000        JMP 0
2BA0  0000        JMP 0
2BA1  0000        JMP 0
2BA2  0000        JMP 0
2BA3  0000        JMP 0
2BA4  0000        JMP 0
2BA5  0000        JMP 0
2BA6  0000        JMP 0
2BA7  0000        JMP 0
2BA8  0000        JMP 0
2BA9  0000        JMP 0
2BAA  0000        JMP 0
2BAB  0000        JMP 0
2BAC  0000        JMP 0
2BAD  0000        JMP 0
2BAE  0000        JMP 0
2BAF  0000        JMP 0
2BB0  0000        JMP 0
2BB1  0000        JMP 0
2BB2  0000        JMP 0
2BB3  0000        JMP 0
2BB4  0000        JMP 0
2BB5  0000        JMP 0
2BB6  0000        JMP 0
2BB7  0000        JMP 0
2BB8  0000        JMP 0
2BB9  0000        JMP 0
2BBA  0000        JMP 0
2BBB  0000        JMP 0
2BBC  0000        JMP 0
2BBD  0000        JMP 0
2BBE  0000        JMP 0
2BBF  0000        JMP 0
2BC0  0000        JMP 0
2BC1  0000        JMP 0
2BC2  0000        JMP 0
2BC3  0000        JMP 0
2BC4  0000        JMP 0
2BC5  0000        JMP 0
2BC6  0000        JMP 0
2BC7  0000        JMP 0
2BC8  0000        JMP 0
2BC9  0000        JMP 0
2BCA  0000        JMP 0
2BCB  0000        JMP 0
2BCC  0000        JMP 0
2BCD  0000        JMP 0
2BCE  0000        JMP 0
2BCF  0000        JMP 0
2BD0  0000        JMP 0
2BD1  0000        JMP 0
2BD2  0000        JMP 0
2BD3  0000        JMP 0
2BD4  0000        JMP 0
2BD5  0000        JMP 0
2BD6  0000        JMP 0
2BD7  0000        JMP 0
2BD8  0000        JMP 0
2BD9  0000        JMP 0
2BDA  0000        JMP 0
2BDB  0000        JMP 0
2BDC  0000        JMP 0
2BDD  0000        JMP 0
2BDE  0000        JMP 0
2BDF  0000        JMP 0
2BE0  0000        JMP 0
2BE1  0000        JMP 0
2BE2  0000        JMP 0
2BE3  0000        JMP 0
2BE4  0000        JMP 0
2BE5  0000        JMP 0
2BE6  0000        JMP 0
2BE7  0000        JMP 0
2BE8  0000        JMP 0
2BE9  0000        JMP 0
2BEA  0000        JMP 0
2BEB  0000        JMP 0
2BEC  0000        JMP 0
2BED  0000        JMP 0
2BEE  0000        JMP 0
2BEF  0000        JMP 0
2BF0  0000        JMP 0
2BF1  0000        JMP 0
2BF2  0000        JMP 0
2BF3  0000        JMP 0
2BF4  0000        JMP 0
2BF5  0000        JMP 0
2BF6  0000        JMP 0
2BF7  0000        JMP 0
2BF8  0000        JMP 0
2BF9  0000        JMP 0
2BFA  0000        JMP 0
2BFB  0000        JMP 0
2BFC  0000        JMP 0
2BFD  0000        JMP 0
2BFE  0000        JMP 0
2BFF  0000        JMP 0
2C00  0000        JMP 0
2C01  0000        JMP 0
2C02  0000        JMP 0
2C03  0000        JMP 0
2C04  0000        JMP 0
2C05  0000        JMP 0
2C06  0000        JMP 0
2C07  0000        JMP 0
2C08  0000        JMP 0
2C09  0000        JMP 0
2C0A  0000        JMP 0
2C0B  0000        JMP 0
2C0C  0000        JMP 0
2C0D  0000        JMP 0
2C0E  0000        JMP 0
2C0F  0000        JMP 0
2C10  0000        JMP 0
2C11  0000        JMP 0
2C12  0000        JMP 0
2C13  0000        JMP 0
2C14  0000        JMP 0
2C15  0000        JMP 0
2C16  0000        JMP 0
2C17  0000        JMP 0
2C18  0000        JMP 0
2C19  0000        JMP 0
2C1A  0000        JMP 0
2C1B  0000        JMP 0
2C1C  0000        JMP 0
2C1D  0000        JMP 0
2C1E  0000        JMP 0
2C1F  0000        JMP 0
2C20  0000        JMP 0
2C21  0000        JMP 0
2C22  0000        JMP 0
2C23  0000        JMP 0
2C24  0000        JMP 0
2C25  0000        JMP 0
2C26  0000        JMP 0
2C27  0000        JMP 0
2C28  0000        JMP 0
2C29  0000        JMP 0
2C2A  0000        JMP 0
2C2B  0000        JMP 0
2C2C  0000        JMP 0
2C2D  0000        JMP 0
2C2E  0000        JMP 0
2C2F  0000        JMP 0
2C30  0000        JMP 0
2C31  0000        JMP 0
2C32  0000        JMP 0
2C33  0000        JMP 0
2C34  0000        JMP 0
2C35  0000        JMP 0
2C36  0000        JMP 0
2C37  0000        JMP 0
2C38  0000        JMP 0
2C39  0000        JMP 0
2C3A  0000        JMP 0
2C3B  0000        JMP 0
2C3C  0000        JMP 0
2C3D  0000        JMP 0
2C3E  0000        JMP 0
2C3F  0000        JMP 0
2C40  0000        JMP 0
2C41  0000        JMP 0
2C42  0000        JMP 0
2C43  0000        JMP 0
2C44  0000        JMP 0
2C45  0000        JMP 0
2C46  0000        JMP 0
2C47  0000        JMP 0
2C48  0000        JMP 0
2C49  0000        JMP 0
2C4A  0000        JMP 0
2C4B  0000        JMP 0
2C4C  0000        JMP 0
2C4D  0000        JMP 0
2C4E  0000        JMP 0
2C4F  0000        JMP 0
2C50  0000        JMP 0
2C51  0000        JMP 0
2C52  0000        JMP 0
2C53  0000        JMP 0
2C54  0000        JMP 0
2C55  0000        JMP 0
2C56  0000        JMP 0
2C57  0000        JMP 0
2C58  0000        JMP 0
2C59  0000        JMP 0
2C5A  0000        JMP 0
2C5B  0000        JMP 0
2C5C  0000        JMP 0
2C5D  0000        JMP 0
2C5E  0000        JMP 0
2C5F  0000        JMP 0
2C60  0000        JMP 0
2C61  0000        JMP 0
2C62  0000        JMP 0
2C63  0000        JMP 0
2C64  0000        JMP 0
2C65  0000        JMP 0
2C66  0000        JMP 0
2C67  0000        JMP 0
2C68  0000        JMP 0
2C69  0000        JMP 0
2C6A  0000        JMP 0
2C6B  0000        JMP 0
2C6C  0000        JMP 0
2C6D  0000        JMP 0
2C6E  0000        JMP 0
2C6F  0000        JMP 0
2C70  0000        JMP 0
2C71  0000        JMP 0
2C72  0000        JMP 0
2C73  0000        JMP 0
2C74  0000        JMP 0
2C75  0000        JMP 0
2C76  0000        JMP 0
2C77  0000        JMP 0
2C78  0000        JMP 0
2C79  0000        JMP 0
2C7A  0000        JMP 0
2C7B  0000        JMP 0
2C7C  0000        JMP 0
2C7D  0000        JMP 0
2C7E  0000        JMP 0
2C7F  0000        JMP 0
2C80  0000        JMP 0
2C81  0000        JMP 0
2C82  0000        JMP 0
2C83  0000        JMP 0
2C84  0000        JMP 0
2C85  0000        JMP 0
2C86  0000        JMP 0
2C87  0000        JMP 0
2C88  0000        JMP 0
2C89  0000        JMP 0
2C8A  0000        JMP 0
2C8B  0000        JMP 0
2C8C  0000        JMP 0
2C8D  0000        JMP 0
2C8E  0000        JMP 0
2C8F  0000        JMP 0
2C90  0000        JMP 0
2C91  0000        JMP 0
2C92  0000        JMP 0
2C93  0000        JMP 0
2C94  0000        JMP 0
2C95  0000        JMP 0
2C96  0000        JMP 0
2C97  0000        JMP 0
2C98  0000        JMP 0
2C99  0000        JMP 0
2C9A  0000        JMP 0
2C9B  0000        JMP 0
2C9C  0000        JMP 0
2C9D  0000        JMP 0
2C9E  0000        JMP 0
2C9F  0000        JMP 0
2CA0  0000        JMP 0
2CA1  0000        JMP 0
2CA2  0000        JMP 0
2CA3  0000        JMP 0
2CA4  0000        JMP 0
2CA5  0000        JMP 0
2CA6  0000        JMP 0
2CA7  0000        JMP 0
2CA8  0000        JMP 0
2CA9  0000        JMP 0
2CAA  0000        JMP 0
2CAB  0000        JMP 0
2CAC  0000        JMP 0
2CAD  0000        JMP 0
2CAE  0000        JMP 0
2CAF  0000        JMP 0
2CB0  0000        JMP 0
2CB1  0000        JMP 0
2CB2  0000        JMP 0
2CB3  0000        JMP 0
2CB4  0000        JMP 0
2CB5  0000        JMP 0
2CB6  0000        JMP 0
2CB7  0000        JMP 0
2CB8  0000        JMP 0
2CB9  0000        JMP 0
2CBA  0000        JMP 0
2CBB  0000        JMP 0
2CBC  0000        JMP 0
2CBD  0000        JMP 0
2CBE  0000        JMP 0
2CBF  0000        JMP 0
2CC0  0000        JMP 0
2CC1  0000        JMP 0
2CC2  0000        JMP 0
2CC3  0000        JMP 0
2CC4  0000        JMP 0
2CC5  0000        JMP 0
2CC6  0000        JMP 0
2CC7  0000        JMP 0
2CC8  0000        JMP 0
2CC9  0000        JMP 0
2CCA  0000        JMP 0
2CCB  0000        JMP 0
2CCC  0000        JMP 0
2CCD  0000        JMP 0
2CCE  0000        JMP 0
2CCF  0000        JMP 0
2CD0  0000        JMP 0
2CD1  0000        JMP 0
2CD2  0000        JMP 0
2CD3  0000        JMP 0
2CD4  0000        JMP 0
2CD5  0000        JMP 0
2CD6  0000        JMP 0
2CD7  0000        JMP 0
2CD8  0000        JMP 0
2CD9  0000        JMP 0
2CDA  0000        JMP 0
2CDB  0000        JMP 0
2CDC  0000        JMP 0
2CDD  0000        JMP 0
2CDE  0000        JMP 0
2CDF  0000        JMP 0
2CE0  0000        JMP 0
2CE1  0000        JMP 0
2CE2  0000        JMP 0
2CE3  0000        JMP 0
2CE4  0000        JMP 0
2CE5  0000        JMP 0
2CE6  0000        JMP 0
2CE7  0000        JMP 0
2CE8  0000        JMP 0
2CE9  0000        JMP 0
2CEA  0000        JMP 0
2CEB  0000        JMP 0
2CEC  0000        JMP 0
2CED  0000        JMP 0
2CEE  0000        JMP 0
2CEF  0000        JMP 0
2CF0  0000        JMP 0
2CF1  0000        JMP 0
2CF2  0000        JMP 0
2CF3  0000        JMP 0
2CF4  0000        JMP 0
2CF5  0000        JMP 0
2CF6  0000        JMP 0
2CF7  0000        JMP 0
2CF8  0000        JMP 0
2CF9  0000        JMP 0
2CFA  0000        JMP 0
2CFB  0000        JMP 0
2CFC  0000        JMP 0
2CFD  0000        JMP 0
2CFE  0000        JMP 0
2CFF  0000        JMP 0
2D00  0000        JMP 0
2D01  0000        JMP 0
2D02  0000        JMP 0
2D03  0000        JMP 0
2D04  0000        JMP 0
2D05  0000        JMP 0
2D06  0000        JMP 0
2D07  0000        JMP 0
2D08  0000        JMP 0
2D09  0000        JMP 0
2D0A  0000        JMP 0
2D0B  0000        JMP 0
2D0C  0000        JMP 0
2D0D  0000        JMP 0
2D0E  0000        JMP 0
2D0F  0000        JMP 0
2D10  0000        JMP 0
2D11  0000        JMP 0
2D12  0000        JMP 0
2D13  0000        JMP 0
2D14  0000        JMP 0
2D15  0000        JMP 0
2D16  0000        JMP 0
2D17  0000        JMP 0
2D18  0000        JMP 0
2D19  0000        JMP 0
2D1A  0000        JMP 0
2D1B  0000        JMP 0
2D1C  0000        JMP 0
2D1D  0000        JMP 0
2D1E  0000        JMP 0
2D1F  0000        JMP 0
2D20  0000        JMP 0
2D21  0000        JMP 0
2D22  0000        JMP 0
2D23  0000        JMP 0
2D24  0000        JMP 0
2D25  0000        JMP 0
2D26  0000        JMP 0
2D27  0000        JMP 0
2D28  0000        JMP 0
2D29  0000        JMP 0
2D2A  0000        JMP 0
2D2B  0000        JMP 0
2D2C  0000        JMP 0
2D2D  0000        JMP 0
2D2E  0000        JMP 0
2D2F  0000        JMP 0
2D30  0000        JMP 0
2D31  0000        JMP 0
2D32  0000        JMP 0
2D33  0000        JMP 0
2D34  0000        JMP 0
2D35  0000        JMP 0
2D36  0000        JMP 0
2D37  0000        JMP 0
2D38  0000        JMP 0
2D39  0000        JMP 0
2D3A  0000        JMP 0
2D3B  0000        JMP 0
2D3C  0000        JMP 0
2D3D  0000        JMP 0
2D3E  0000        JMP 0
2D3F  0000        JMP 0
2D40  0000        JMP 0
2D41  0000        JMP 0
2D42  0000        JMP 0
2D43  0000        JMP 0
2D44  0000        JMP 0
2D45  0000        JMP 0
2D46  0000        JMP 0
2D47  0000        JMP 0
2D48  0000        JMP 0
2D49  0000        JMP 0
2D4A  0000        JMP 0
2D4B  0000        JMP 0
2D4C  0000        JMP 0
2D4D  0000        JMP 0
2D4E  0000        JMP 0
2D4F  0000        JMP 0
2D50  0000        JMP 0
2D51  0000        JMP 0
2D52  0000        JMP 0
2D53  0000        JMP 0
2D54  0000        JMP 0
2D55  0000        JMP 0
2D56  0000        JMP 0
2D57  0000        JMP 0
2D58  0000        JMP 0
2D59  0000        JMP 0
2D5A  0000        JMP 0
2D5B  0000        JMP 0
2D5C  0000        JMP 0
2D5D  0000        JMP 0
2D5E  0000        JMP 0
2D5F  0000        JMP 0
2D60  0000        JMP 0
2D61  0000        JMP 0
2D62  0000        JMP 0
2D63  0000        JMP 0
2D64  0000        JMP 0
2D65  0000        JMP 0
2D66  0000        JMP 0
2D67  0000        JMP 0
2D68  0000        JMP 0
2D69  0000        JMP 0
2D6A  0000        JMP 0
2D6B  0000        JMP 0
2D6C  0000        JMP 0
2D6D  0000        JMP 0
2D6E  0000        JMP 0
2D6F  0000        JMP 0
2D70  0000        JMP 0
2D71  0000        JMP 0
2D72  0000        JMP 0
2D73  0000        JMP 0
2D74  0000        JMP 0
2D75  0000        JMP 0
2D76  0000        JMP 0
2D77  0000        JMP 0
2D78  0000        JMP 0
2D79  0000        JMP 0
2D7A  0000        JMP 0
2D7B  0000        JMP 0
2D7C  0000        JMP 0
2D7D  0000        JMP 0
2D7E  0000        JMP 0
2D7F  0000        JMP 0
2D80  0000        JMP 0
2D81  0000        JMP 0
2D82  0000        JMP 0
2D83  0000        JMP 0
2D84  0000        JMP 0
2D85  0000        JMP 0
2D86  0000        JMP 0
2D87  0000        JMP 0
2D88  0000        JMP 0
2D89  0000        JMP 0
2D8A  0000        JMP 0
2D8B  0000        JMP 0
2D8C  0000        JMP 0
2D8D  0000        JMP 0
2D8E  0000        JMP 0
2D8F  0000        JMP 0
2D90  0000        JMP 0
2D91  0000        JMP 0
2D92  0000        JMP 0
2D93  0000        JMP 0
2D94  0000        JMP 0
2D95  0000        JMP 0
2D96  0000        JMP 0
2D97  0000        JMP 0
2D98  0000        JMP 0
2D99  0000        JMP 0
2D9A  0000        JMP 0
2D9B  0000        JMP 0
2D9C  0000        JMP 0
2D9D  0000        JMP 0
2D9E  0000        JMP 0
2D9F  0000        JMP 0
2DA0  0000        JMP 0
2DA1  0000        JMP 0
2DA2  0000        JMP 0
2DA3  0000        JMP 0
2DA4  0000        JMP 0
2DA5  0000        JMP 0
2DA6  0000        JMP 0
2DA7  0000        JMP 0
2DA8  0000        JMP 0
2DA9  0000        JMP 0
2DAA  0000        JMP 0
2DAB  0000        JMP 0
2DAC  0000        JMP 0
2DAD  0000        JMP 0
2DAE  0000        JMP 0
2DAF  0000        JMP 0
2DB0  0000        JMP 0
2DB1  0000        JMP 0
2DB2  0000        JMP 0
2DB3  0000        JMP 0
2DB4  0000        JMP 0
2DB5  0000        JMP 0
2DB6  0000        JMP 0
2DB7  0000        JMP 0
2DB8  0000        JMP 0
2DB9  0000        JMP 0
2DBA  0000        JMP 0
2DBB  0000        JMP 0
2DBC  0000        JMP 0
2DBD  0000        JMP 0
2DBE  0000        JMP 0
2DBF  0000        JMP 0
2DC0  0000        JMP 0
2DC1  0000        JMP 0
2DC2  0000        JMP 0
2DC3  0000        JMP 0
2DC4  0000        JMP 0
2DC5  0000        JMP 0
2DC6  0000        JMP 0
2DC7  0000        JMP 0
2DC8  0000        JMP 0
2DC9  0000        JMP 0
2DCA  0000        JMP 0
2DCB  0000        JMP 0
2DCC  0000        JMP 0
2DCD  0000        JMP 0
2DCE  0000        JMP 0
2DCF  0000        JMP 0
2DD0  0000        JMP 0
2DD1  0000        JMP 0
2DD2  0000        JMP 0
2DD3  0000        JMP 0
2DD4  0000        JMP 0
2DD5  0000        JMP 0
2DD6  0000        JMP 0
2DD7  0000        JMP 0
2DD8  0000        JMP 0
2DD9  0000        JMP 0
2DDA  0000        JMP 0
2DDB  0000        JMP 0
2DDC  0000        JMP 0
2DDD  0000        JMP 0
2DDE  0000        JMP 0
2DDF  0000        JMP 0
2DE0  0000        JMP 0
2DE1  0000        JMP 0
2DE2  0000        JMP 0
2DE3  0000        JMP 0
2DE4  0000        JMP 0
2DE5  0000        JMP 0
2DE6  0000        JMP 0
2DE7  0000        JMP 0
2DE8  0000        JMP 0
2DE9  0000        JMP 0
2DEA  0000        JMP 0
2DEB  0000        JMP 0
2DEC  0000        JMP 0
2DED  0000        JMP 0
2DEE  0000        JMP 0
2DEF  0000        JMP 0
2DF0  0000        JMP 0
2DF1  0000        JMP 0
2DF2  0000        JMP 0
2DF3  0000        JMP 0
2DF4  0000        JMP 0
2DF5  0000        JMP 0
2DF6  0000        JMP 0
2DF7  0000        JMP 0
2DF8  0000        JMP 0
2DF9  0000        JMP 0
2DFA  0000        JMP 0
2DFB  0000        JMP 0
2DFC  0000        JMP 0
2DFD  0000        JMP 0
2DFE  0000        JMP 0
2DFF  0000        JMP 0
2E00  0000        JMP 0
2E01  0000        JMP 0
2E02  0000        JMP 0
2E03  0000        JMP 0
2E04  0000        JMP 0
2E05  0000        JMP 0
2E06  0000        JMP 0
2E07  0000        JMP 0
2E08  0000        JMP 0
2E09  0000        JMP 0
2E0A  0000        JMP 0
2E0B  0000        JMP 0
2E0C  0000        JMP 0
2E0D  0000        JMP 0
2E0E  0000        JMP 0
2E0F  0000        JMP 0
2E10  0000        JMP 0
2E11  0000        JMP 0
2E12  0000        JMP 0
2E13  0000        JMP 0
2E14  0000        JMP 0
2E15  0000        JMP 0
2E16  0000        JMP 0
2E17  0000        JMP 0
2E18  0000        JMP 0
2E19  0000        JMP 0
2E1A  0000        JMP 0
2E1B  0000        JMP 0
2E1C  0000        JMP 0
2E1D  0000        JMP 0
2E1E  0000        JMP 0
2E1F  0000        JMP 0
2E20  0000        JMP 0
2E21  0000        JMP 0
2E22  0000        JMP 0
2E23  0000        JMP 0
2E24  0000        JMP 0
2E25  0000        JMP 0
2E26  0000        JMP 0
2E27  0000        JMP 0
2E28  0000        JMP 0
2E29  0000        JMP 0
2E2A  0000        JMP 0
2E2B  0000        JMP 0
2E2C  0000        JMP 0
2E2D  0000        JMP 0
2E2E  0000        JMP 0
2E2F  0000        JMP 0
2E30  0000        JMP 0
2E31  0000        JMP 0
2E32  0000        JMP 0
2E33  0000        JMP 0
2E34  0000        JMP 0
2E35  0000        JMP 0
2E36  0000        JMP 0
2E37  0000        JMP 0
2E38  0000        JMP 0
2E39  0000        JMP 0
2E3A  0000        JMP 0
2E3B  0000        JMP 0
2E3C  0000        JMP 0
2E3D  0000        JMP 0
2E3E  0000        JMP 0
2E3F  0000        JMP 0
2E40  0000        JMP 0
2E41  0000        JMP 0
2E42  0000        JMP 0
2E43  0000        JMP 0
2E44  0000        JMP 0
2E45  0000        JMP 0
2E46  0000        JMP 0
2E47  0000        JMP 0
2E48  0000        JMP 0
2E49  0000        JMP 0
2E4A  0000        JMP 0
2E4B  0000        JMP 0
2E4C  0000        JMP 0
2E4D  0000        JMP 0
2E4E  0000        JMP 0
2E4F  0000        JMP 0
2E50  0000        JMP 0
2E51  0000        JMP 0
2E52  0000        JMP 0
2E53  0000        JMP 0
2E54  0000        JMP 0
2E55  0000        JMP 0
2E56  0000        JMP 0
2E57  0000        JMP 0
2E58  0000        JMP 0
2E59  0000        JMP 0
2E5A  0000        JMP 0
2E5B  0000        JMP 0
2E5C  0000        JMP 0
2E5D  0000        JMP 0
2E5E  0000        JMP 0
2E5F  0000        JMP 0
2E60  0000        JMP 0
2E61  0000        JMP 0
2E62  0000        JMP 0
2E63  0000        JMP 0
2E64  0000        JMP 0
2E65  0000        JMP 0
2E66  0000        JMP 0
2E67  0000        JMP 0
2E68  0000        JMP 0
2E69  0000        JMP 0
2E6A  0000        JMP 0
2E6B  0000        JMP 0
2E6C  0000        JMP 0
2E6D  0000        JMP 0
2E6E  0000        JMP 0
2E6F  0000        JMP 0
2E70  0000        JMP 0
2E71  0000        JMP 0
2E72  0000        JMP 0
2E73  0000        JMP 0
2E74  0000        JMP 0
2E75  0000        JMP 0
2E76  0000        JMP 0
2E77  0000        JMP 0
2E78  0000        JMP 0
2E79  0000        JMP 0
2E7A  0000        JMP 0
2E7B  0000        JMP 0
2E7C  0000        JMP 0
2E7D  0000        JMP 0
2E7E  0000        JMP 0
2E7F  0000        JMP 0
2E80  0000        JMP 0
2E81  0000        JMP 0
2E82  0000        JMP 0
2E83  0000        JMP 0
2E84  0000        JMP 0
2E85  0000        JMP 0
2E86  0000        JMP 0
2E87  0000        JMP 0
2E88  0000        JMP 0
2E89  0000        JMP 0
2E8A  0000        JMP 0
2E8B  0000        JMP 0
2E8C  0000        JMP 0
2E8D  0000        JMP 0
2E8E  0000        JMP 0
2E8F  0000        JMP 0
2E90  0000        JMP 0
2E91  0000        JMP 0
2E92  0000        JMP 0
2E93  0000        JMP 0
2E94  0000        JMP 0
2E95  0000        JMP 0
2E96  0000        JMP 0
2E97  0000        JMP 0
2E98  0000        JMP 0
2E99  0000        JMP 0
2E9A  0000        JMP 0
2E9B  0000        JMP 0
2E9C  0000        JMP 0
2E9D  0000        JMP 0
2E9E  0000        JMP 0
2E9F  0000        JMP 0
2EA0  0000        JMP 0
2EA1  0000        JMP 0
2EA2  0000        JMP 0
2EA3  0000        JMP 0
2EA4  0000        JMP 0
2EA5  0000        JMP 0
2EA6  0000        JMP 0
2EA7  0000        JMP 0
2EA8  0000        JMP 0
2EA9  0000        JMP 0
2EAA  0000        JMP 0
2EAB  0000        JMP 0
2EAC  0000        JMP 0
2EAD  0000        JMP 0
2EAE  0000        JMP 0
2EAF  0000        JMP 0
2EB0  0000        JMP 0
2EB1  0000        JMP 0
2EB2  0000        JMP 0
2EB3  0000        JMP 0
2EB4  0000        JMP 0
2EB5  0000        JMP 0
2EB6  0000        JMP 0
2EB7  0000        JMP 0
2EB8  0000        JMP 0
2EB9  0000        JMP 0
2EBA  0000        JMP 0
2EBB  0000        JMP 0
2EBC  0000        JMP 0
2EBD  0000        JMP 0
2EBE  0000        JMP 0
2EBF  0000        JMP 0
2EC0  0000        JMP 0
2EC1  0000        JMP 0
2EC2  0000        JMP 0
2EC3  0000        JMP 0
2EC4  0000        JMP 0
2EC5  0000        JMP 0
2EC6  0000        JMP 0
2EC7  0000        JMP 0
2EC8  0000        JMP 0
2EC9  0000        JMP 0
2ECA  0000        JMP 0
2ECB  0000        JMP 0
2ECC  0000        JMP 0
2ECD  0000        JMP 0
2ECE  0000        JMP 0
2ECF  0000        JMP 0
2ED0  0000        JMP 0
2ED1  0000        JMP 0
2ED2  0000        JMP 0
2ED3  0000        JMP 0
2ED4  0000        JMP 0
2ED5  0000        JMP 0
2ED6  0000        JMP 0
2ED7  0000        JMP 0
2ED8  0000        JMP 0
2ED9  0000        JMP 0
2EDA  0000        JMP 0
2EDB  0000        JMP 0
2EDC  0000        JMP 0
2EDD  0000        JMP 0
2EDE  0000        JMP 0
2EDF  0000        JMP 0
2EE0  0000        JMP 0
2EE1  0000        JMP 0
2EE2  0000        JMP 0
2EE3  0000        JMP 0
2EE4  0000        JMP 0
2EE5  0000        JMP 0
2EE6  0000        JMP 0
2EE7  0000        JMP 0
2EE8  0000        JMP 0
2EE9  0000        JMP 0
2EEA  0000        JMP 0
2EEB  0000        JMP 0
2EEC  0000        JMP 0
2EED  0000        JMP 0
2EEE  0000        JMP 0
2EEF  0000        JMP 0
2EF0  0000        JMP 0
2EF1  0000        JMP 0
2EF2  0000        JMP 0
2EF3  0000        JMP 0
2EF4  0000        JMP 0
2EF5  0000        JMP 0
2EF6  0000        JMP 0
2EF7  0000        JMP 0
2EF8  0000        JMP 0
2EF9  0000        JMP 0
2EFA  0000        JMP 0
2EFB  0000        JMP 0
2EFC  0000        JMP 0
2EFD  0000        JMP 0
2EFE  0000        JMP 0
2EFF  0000        JMP 0
2F00  0000        JMP 0
2F01  0000        JMP 0
2F02  0000        JMP 0
2F03  0000        JMP 0
2F04  0000        JMP 0
2F05  0000        JMP 0
2F06  0000        JMP 0
2F07  0000        JMP 0
2F08  0000        JMP 0
2F09  0000        JMP 0
2F0A  0000        JMP 0
2F0B  0000        JMP 0
2F0C  0000        JMP 0
2F0D  0000        JMP 0
2F0E  0000        JMP 0
2F0F  0000        JMP 0
2F10  0000        JMP 0
2F11  0000        JMP 0
2F12  0000        JMP 0
2F13  0000        JMP 0
2F14  0000        JMP 0
2F15  0000        JMP 0
2F16  0000        JMP 0
2F17  0000        JMP 0
2F18  0000        JMP 0
2F19  0000        JMP 0
2F1A  0000        JMP 0
2F1B  0000        JMP 0
2F1C  0000        JMP 0
2F1D  0000        JMP 0
2F1E  0000        JMP 0
2F1F  0000        JMP 0
2F20  0000        JMP 0
2F21  0000        JMP 0
2F22  0000        JMP 0
2F23  0000        JMP 0
2F24  0000        JMP 0
2F25  0000        JMP 0
2F26  0000        JMP 0
2F27  0000        JMP 0
2F28  0000        JMP 0
2F29  0000        JMP 0
2F2A  0000        JMP 0
2F2B  0000        JMP 0
2F2C  0000        JMP 0
2F2D  0000        JMP 0
2F2E  0000        JMP 0
2F2F  0000        JMP 0
2F30  0000        JMP 0
2F31  0000        JMP 0
2F32  0000        JMP 0
2F33  0000        JMP 0
2F34  0000        JMP 0
2F35  0000        JMP 0
2F36  0000        JMP 0
2F37  0000        JMP 0
2F38  0000        JMP 0
2F39  0000        JMP 0
2F3A  0000        JMP 0
2F3B  0000        JMP 0
2F3C  0000        JMP 0
2F3D  0000        JMP 0
2F3E  0000        JMP 0
2F3F  0000        JMP 0
2F40  0000        JMP 0
2F41  0000        JMP 0
2F42  0000        JMP 0
2F43  0000        JMP 0
2F44  0000        JMP 0
2F45  0000        JMP 0
2F46  0000        JMP 0
2F47  0000        JMP 0
2F48  0000        JMP 0
2F49  0000        JMP 0
2F4A  0000        JMP 0
2F4B  0000        JMP 0
2F4C  0000        JMP 0
2F4D  0000        JMP 0
2F4E  0000        JMP 0
2F4F  0000        JMP 0
2F50  0000        JMP 0
2F51  0000        JMP 0
2F52  0000        JMP 0
2F53  0000        JMP 0
2F54  0000        JMP 0
2F55  0000        JMP 0
2F56  0000        JMP 0
2F57  0000        JMP 0
2F58  0000        JMP 0
2F59  0000        JMP 0
2F5A  0000        JMP 0
2F5B  0000        JMP 0
2F5C  0000        JMP 0
2F5D  0000        JMP 0
2F5E  0000        JMP 0
2F5F  0000        JMP 0
2F60  0000        JMP 0
2F61  0000        JMP 0
2F62  0000        JMP 0
2F63  0000        JMP 0
2F64  0000        JMP 0
2F65  0000        JMP 0
2F66  0000        JMP 0
2F67  0000        JMP 0
2F68  0000        JMP 0
2F69  0000        JMP 0
2F6A  0000        JMP 0
2F6B  0000        JMP 0
2F6C  0000        JMP 0
2F6D  0000        JMP 0
2F6E  0000        JMP 0
2F6F  0000        JMP 0
2F70  0000        JMP 0
2F71  0000        JMP 0
2F72  0000        JMP 0
2F73  0000        JMP 0
2F74  0000        JMP 0
2F75  0000        JMP 0
2F76  0000        JMP 0
2F77  0000        JMP 0
2F78  0000        JMP 0
2F79  0000        JMP 0
2F7A  0000        JMP 0
2F7B  0000        JMP 0
2F7C  0000        JMP 0
2F7D  0000        JMP 0
2F7E  0000        JMP 0
2F7F  0000        JMP 0
2F80  0000        JMP 0
2F81  0000        JMP 0
2F82  0000        JMP 0
2F83  0000        JMP 0
2F84  0000        JMP 0
2F85  0000        JMP 0
2F86  0000        JMP 0
2F87  0000        JMP 0
2F88  0000        JMP 0
2F89  0000        JMP 0
2F8A  0000        JMP 0
2F8B  0000        JMP 0
2F8C  0000        JMP 0
2F8D  0000        JMP 0
2F8E  0000        JMP 0
2F8F  0000        JMP 0
2F90  0000        JMP 0
2F91  0000        JMP 0
2F92  0000        JMP 0
2F93  0000        JMP 0
2F94  0000        JMP 0
2F95  0000        JMP 0
2F96  0000        JMP 0
2F97  0000        JMP 0
2F98  0000        JMP 0
2F99  0000        JMP 0
2F9A  0000        JMP 0
2F9B  0000        JMP 0
2F9C  0000        JMP 0
2F9D  0000        JMP 0
2F9E  0000        JMP 0
2F9F  0000        JMP 0
2FA0  0000        JMP 0
2FA1  0000        JMP 0
2FA2  0000        JMP 0
2FA3  0000        JMP 0
2FA4  0000        JMP 0
2FA5  0000        JMP 0
2FA6  0000        JMP 0
2FA7  0000        JMP 0
2FA8  0000        JMP 0
2FA9  0000        JMP 0
2FAA  0000        JMP 0
2FAB  0000        JMP 0
2FAC  0000        JMP 0
2FAD  0000        JMP 0
2FAE  0000        JMP 0
2FAF  0000        JMP 0
2FB0  0000        JMP 0
2FB1  0000        JMP 0
2FB2  0000        JMP 0
2FB3  0000        JMP 0
2FB4  0000        JMP 0
2FB5  0000        JMP 0
2FB6  0000        JMP 0
2FB7  0000        JMP 0
2FB8  0000        JMP 0
2FB9  0000        JMP 0
2FBA  0000        JMP 0
2FBB  0000        JMP 0
2FBC  0000        JMP 0
2FBD  0000        JMP 0
2FBE  0000        JMP 0
2FBF  0000        JMP 0
2FC0  0000        JMP 0
2FC1  0000        JMP 0
2FC2  0000        JMP 0
2FC3  0000        JMP 0
2FC4  0000        JMP 0
2FC5  0000        JMP 0
2FC6  0000        JMP 0
2FC7  0000        JMP 0
2FC8  0000        JMP 0
2FC9  0000        JMP 0
2FCA  0000        JMP 0
2FCB  0000        JMP 0
2FCC  0000        JMP 0
2FCD  0000        JMP 0
2FCE  0000        JMP 0
2FCF  0000        JMP 0
2FD0  0000        JMP 0
2FD1  0000        JMP 0
2FD2  0000        JMP 0
2FD3  0000        JMP 0
2FD4  0000        JMP 0
2FD5  0000        JMP 0
2FD6  0000        JMP 0
2FD7  0000        JMP 0
2FD8  0000        JMP 0
2FD9  0000        JMP 0
2FDA  0000        JMP 0
2FDB  0000        JMP 0
2FDC  0000        JMP 0
2FDD  0000        JMP 0
2FDE  0000        JMP 0
2FDF  0000        JMP 0
2FE0  0000        JMP 0
2FE1  0000        JMP 0
2FE2  0000        JMP 0
2FE3  0000        JMP 0
2FE4  0000        JMP 0
2FE5  0000        JMP 0
2FE6  0000        JMP 0
2FE7  0000        JMP 0
2FE8  0000        JMP 0
2FE9  0000        JMP 0
2FEA  0000        JMP 0
2FEB  0000        JMP 0
2FEC  0000        JMP 0
2FED  0000        JMP 0
2FEE  0000        JMP 0
2FEF  0000        JMP 0
2FF0  0000        JMP 0
2FF1  0000        JMP 0
2FF2  0000        JMP 0
2FF3  0000        JMP 0
2FF4  0000        JMP 0
2FF5  0000        JMP 0
2FF6  0000        JMP 0
2FF7  0000        JMP 0
2FF8  0000        JMP 0
2FF9  0000        JMP 0
2FFA  0000        JMP 0
2FFB  0000        JMP 0
2FFC  0000        JMP 0
2FFD  0000        JMP 0
2FFE  0000        JMP 0
2FFF  0000        JMP 0
3000  E7C8 0019   SAVE 25             ; frame
3002  0C42        JSR @66
3003  0001        JMP 1
3004  4308        STA 0,8,3
3005  B438 01B7   ELDA 2,01B7   ; = 439
3007  2AFD        LDA 1,-3,2
3008  32FB        LDA 2,-5,2
3009  5309        STA 2,9,3
300A  B438 01B7   ELDA 2,01B7   ; = 439
300C  32FE        LDA 2,-2,2
300D  4B0A        STA 1,10,3
300E  A900        NEG 1,1
300F  AB00        INC 1,1
3010  530B        STA 2,11,3
3011  B600        ADD 1,2
3012  8500        SUB 0,0
3013  4B0C        STA 1,12,3
3014  2B09        LDA 1,9,3
3015  CFC8        MULS
3016  230A        LDA 0,10,3
3017  4B0D        STA 1,13,3
3018  8E00        ADD 0,1
3019  A438 01B7   ELDA 0,01B7   ; = 439
301B  A500        SUB 1,0
301C  530E        STA 2,14,3
301D  F7F8 000F   ADDI 000F,2
301F  9600        ADD 0,2
3020  430F        STA 0,15,3
3021  230E        LDA 0,14,3
3022  E7F8 000E   ADDI 000E,0
3024  5310        STA 2,16,3
3025  330F        LDA 2,15,3
3026  9600        ADD 0,2
3027  230E        LDA 0,14,3
3028  E7F8 000D   ADDI 000D,0
302A  5311        STA 2,17,3
302B  330F        LDA 2,15,3
302C  9600        ADD 0,2
302D  5312        STA 2,18,3
302E  B438 01B1   ELDA 2,01B1   ; = 433
3030  32FD        LDA 2,-3,2
3031  A438 01B1   ELDA 0,01B1   ; = 433
3033  C500        SUB 2,0
3034  4313        STA 0,19,3
3035  A008        ADI 1,0
3036  4314        STA 0,20,3
3037  230E        LDA 0,14,3
3038  E7F8 0011   ADDI 0011,0
303A  5315        STA 2,21,3
303B  330F        LDA 2,15,3
303C  9600        ADD 0,2
303D  4B16        STA 1,22,3
303E  5317        STA 2,23,3
303F  0101        JMP 1,PC   ; -> 3040
3040  2708        LDA 0,@8,3
3041  F438 4542   ELEF 2,4542   ; [4542] = 12369
3043  0C5A        JSR @90
3044  D00C        COM# 2,2,SZR
3045  0A00        JSR 0,2
3046  3020        LDA 2,32
3047  E438 4522   ELEF 0,4522   ; -> "CMD2" (len 4)
3049  EC38 4521   ELEF 1,4521   ; [4521] = 34
304B  8E48        PSH 0,1
304C  0C0C 5DBE   JSR @12            ; overlay call, arg 5DBE
304E  5020        STA 2,32
304F  8538 01EA   EJMP 01EA,PC   ; -> 323A
3051  3020        LDA 2,32
3052  E438 452A   ELEF 0,452A   ; [452A] = 1
3054  EC38 4529   ELEF 1,4529   ; [4529] = 0
3056  8E48        PSH 0,1
3057  E438 4528   ELEF 0,4528   ; [4528] = 2
3059  3821        LDA 3,33
305A  6B18        IO   6B18
305B  8E48        PSH 0,1
305C  0C0C 5674   JSR @12            ; overlay call, arg 5674
305E  5020        STA 2,32
305F  2318        LDA 0,24,3
3060  4304        STA 0,4,3
3061  862E        ADDO# 0,0,SEZ
3062  0103        JMP 3,PC   ; -> 3065
3063  8538 007E   EJMP 007E,PC   ; -> 30E2
3065  6304        IO   6304
3066  6B18        IO   6B18
3067  8E48        PSH 0,1
3068  0C0C 540B   JSR @12            ; overlay call, arg 540B
306A  5020        STA 2,32
306B  2318        LDA 0,24,3
306C  4305        STA 0,5,3
306D  820D        MOV# 0,0,SNR
306E  0109        JMP 9,PC   ; -> 3077
306F  EC38 452B   ELEF 1,452B   ; [452B] = 6
3071  AE48        PSH 1,1
3072  0C0C 5D26   JSR @12            ; overlay call, arg 5D26
3074  5020        STA 2,32
3075  8538 006C   EJMP 006C,PC   ; -> 30E2
3077  8550        SUBZL 0,0
3078  2B04        LDA 1,4,3
3079  8D0C        SUB# 0,1,SZR
307A  0161        JMP 97,PC   ; -> 30DB
307B  B438 01DB   ELDA 2,01DB   ; = 475
307D  D300        INC 2,2
307E  5318        STA 2,24,3
307F  3020        LDA 2,32
3080  E438 452A   ELEF 0,452A   ; [452A] = 1
3082  EC38 01D5   ELEF 1,01D5   ; = 469
3084  8E48        PSH 0,1
3085  6318        IO   6318
3086  6B19        IO   6B19
3087  8E48        PSH 0,1
3088  0C0C 5674   JSR @12            ; overlay call, arg 5674
308A  5020        STA 2,32
308B  2319        LDA 0,25,3
308C  4306        STA 0,6,3
308D  6306        IO   6306
308E  6B18        IO   6B18
308F  8E48        PSH 0,1
3090  0C0C 540B   JSR @12            ; overlay call, arg 540B
3092  5020        STA 2,32
3093  2318        LDA 0,24,3
3094  4307        STA 0,7,3
3095  AC38 01D5   ELDA 1,01D5   ; = 469
3097  A50D        SUB# 1,0,SNR
3098  010A        JMP 10,PC   ; -> 30A2
3099  E438 021D   ELEF 0,021D   ; = 541
309B  EC38 4528   ELEF 1,4528   ; [4528] = 2
309D  8E48        PSH 0,1
309E  0C0C 5DBE   JSR @12            ; overlay call, arg 5DBE
30A0  5020        STA 2,32
30A1  0139        JMP 57,PC   ; -> 30DA
30A2  2306        LDA 0,6,3
30A3  6805        IO   6805
30A4  8D0D        SUB# 0,1,SNR
30A5  0109        JMP 9,PC   ; -> 30AE
30A6  3020        LDA 2,32
30A7  E438 452D   ELEF 0,452D   ; [452D] = 41
30A9  8648        PSH 0,0
30AA  0C0C 5D26   JSR @12            ; overlay call, arg 5D26
30AC  5020        STA 2,32
30AD  012D        JMP 45,PC   ; -> 30DA
30AE  3020        LDA 2,32
30AF  E438 452A   ELEF 0,452A   ; [452A] = 1
30B1  6B18        IO   6B18
30B2  8E48        PSH 0,1
30B3  0C0C 5FFA   JSR @12            ; overlay call, arg 5FFA
30B5  5020        STA 2,32
30B6  6002        IO   6002
30B7  2B18        LDA 1,24,3
30B8  8D0C        SUB# 0,1,SZR
30B9  0108        JMP 8,PC   ; -> 30C1
30BA  E438 452E   ELEF 0,452E   ; [452E] = 40
30BC  8648        PSH 0,0
30BD  0C0C 5D26   JSR @12            ; overlay call, arg 5D26
30BF  5020        STA 2,32
30C0  011A        JMP 26,PC   ; -> 30DA
30C1  3020        LDA 2,32
30C2  E438 452F   ELEF 0,452F   ; [452F] = 39
30C4  8648        PSH 0,0
30C5  0C0C 5D26   JSR @12            ; overlay call, arg 5D26
30C7  5020        STA 2,32
30C8  6002        IO   6002
30C9  4318        STA 0,24,3
30CA  6318        IO   6318
30CB  EC38 452A   ELEF 1,452A   ; [452A] = 1
30CD  8E48        PSH 0,1
30CE  0C0C 6024   JSR @12            ; overlay call, arg 6024
30D0  5020        STA 2,32
30D1  8550        SUBZL 0,0
30D2  4318        STA 0,24,3
30D3  6318        IO   6318
30D4  EC38 452C   ELEF 1,452C   ; [452C] = 5
30D6  8E48        PSH 0,1
30D7  0C0C 6024   JSR @12            ; overlay call, arg 6024
30D9  5020        STA 2,32
30DA  0108        JMP 8,PC   ; -> 30E2
30DB  3020        LDA 2,32
30DC  E438 452D   ELEF 0,452D   ; [452D] = 41
30DE  8648        PSH 0,0
30DF  0C0C 5D26   JSR @12            ; overlay call, arg 5D26
30E1  5020        STA 2,32
30E2  8538 0157   EJMP 0157,PC   ; -> 323A
30E4  3020        LDA 2,32
30E5  E438 452A   ELEF 0,452A   ; [452A] = 1
30E7  EC38 4529   ELEF 1,4529   ; [4529] = 0
30E9  8E48        PSH 0,1
30EA  E438 4528   ELEF 0,4528   ; [4528] = 2
30EC  3821        LDA 3,33
30ED  6B18        IO   6B18
30EE  8E48        PSH 0,1
30EF  0C0C 5674   JSR @12            ; overlay call, arg 5674
30F1  5020        STA 2,32
30F2  2318        LDA 0,24,3
30F3  4304        STA 0,4,3
30F4  862F        ADDO# 0,0,SBN
30F5  AD01        SUB 1,1,SKP
30F6  AD50        SUBZL 1,1
30F7  AA0D        MOV# 1,1,SNR
30F8  0146        JMP 70,PC   ; -> 313E
30F9  6304        IO   6304
30FA  6B18        IO   6B18
30FB  8E48        PSH 0,1
30FC  0C0C 540B   JSR @12            ; overlay call, arg 540B
30FE  5020        STA 2,32
30FF  2318        LDA 0,24,3
3100  820D        MOV# 0,0,SNR
3101  0108        JMP 8,PC   ; -> 3109
3102  EC38 452B   ELEF 1,452B   ; [452B] = 6
3104  AE48        PSH 1,1
3105  0C0C 5D26   JSR @12            ; overlay call, arg 5D26
3107  5020        STA 2,32
3108  0136        JMP 54,PC   ; -> 313E
3109  8550        SUBZL 0,0
310A  2B04        LDA 1,4,3
310B  8D0C        SUB# 0,1,SZR
310C  012B        JMP 43,PC   ; -> 3137
310D  3020        LDA 2,32
310E  E438 452A   ELEF 0,452A   ; [452A] = 1
3110  6B18        IO   6B18
3111  8E48        PSH 0,1
3112  0C0C 5FFA   JSR @12            ; overlay call, arg 5FFA
3114  5020        STA 2,32
3115  6002        IO   6002
3116  2B18        LDA 1,24,3
3117  8D0C        SUB# 0,1,SZR
3118  0117        JMP 23,PC   ; -> 312F
3119  E438 4530   ELEF 0,4530   ; [4530] = 318
311B  8648        PSH 0,0
311C  0C0C 5D26   JSR @12            ; overlay call, arg 5D26
311E  5020        STA 2,32
311F  E438 452A   ELEF 0,452A   ; [452A] = 1
3121  8A00        MOV 0,1
3122  8E48        PSH 0,1
3123  0C0C 6024   JSR @12            ; overlay call, arg 6024
3125  5020        STA 2,32
3126  E438 4529   ELEF 0,4529   ; [4529] = 0
3128  EC38 452C   ELEF 1,452C   ; [452C] = 5
312A  8E48        PSH 0,1
312B  0C0C 6024   JSR @12            ; overlay call, arg 6024
312D  5020        STA 2,32
312E  0108        JMP 8,PC   ; -> 3136
312F  3020        LDA 2,32
3130  E438 4531   ELEF 0,4531   ; [4531] = 319
3132  8648        PSH 0,0
3133  0C0C 5D26   JSR @12            ; overlay call, arg 5D26
3135  5020        STA 2,32
3136  0108        JMP 8,PC   ; -> 313E
3137  3020        LDA 2,32
3138  E438 4531   ELEF 0,4531   ; [4531] = 319
313A  8648        PSH 0,0
313B  0C0C 5D26   JSR @12            ; overlay call, arg 5D26
313D  5020        STA 2,32
313E  8538 00FB   EJMP 00FB,PC   ; -> 323A
3140  3020        LDA 2,32
3141  E438 452A   ELEF 0,452A   ; [452A] = 1
3143  EC38 01D5   ELEF 1,01D5   ; = 469
3145  8E48        PSH 0,1
3146  E438 4528   ELEF 0,4528   ; [4528] = 2
3148  3821        LDA 3,33
3149  6B18        IO   6B18
314A  8E48        PSH 0,1
314B  0C0C 5674   JSR @12            ; overlay call, arg 5674
314D  5020        STA 2,32
314E  2318        LDA 0,24,3
314F  4304        STA 0,4,3
3150  862F        ADDO# 0,0,SBN
3151  AD01        SUB 1,1,SKP
3152  AD50        SUBZL 1,1
3153  AA0C        MOV# 1,1,SZR
3154  0103        JMP 3,PC   ; -> 3157
3155  8538 0087   EJMP 0087,PC   ; -> 31DD
3157  6304        IO   6304
3158  6B18        IO   6B18
3159  8E48        PSH 0,1
315A  0C0C 540B   JSR @12            ; overlay call, arg 540B
315C  5020        STA 2,32
315D  2318        LDA 0,24,3
315E  4305        STA 0,5,3
315F  AC38 01D5   ELDA 1,01D5   ; = 469
3161  A50D        SUB# 1,0,SNR
3162  010B        JMP 11,PC   ; -> 316D
3163  E438 021D   ELEF 0,021D   ; = 541
3165  EC38 4528   ELEF 1,4528   ; [4528] = 2
3167  8E48        PSH 0,1
3168  0C0C 5DBE   JSR @12            ; overlay call, arg 5DBE
316A  5020        STA 2,32
316B  8538 0071   EJMP 0071,PC   ; -> 31DD
316D  2304        LDA 0,4,3
316E  680E        IO   680E
316F  8D0C        SUB# 0,1,SZR
3170  010A        JMP 10,PC   ; -> 317A
3171  3020        LDA 2,32
3172  E438 4533   ELEF 0,4533   ; [4533] = 32
3174  8648        PSH 0,0
3175  0C0C 5D26   JSR @12            ; overlay call, arg 5D26
3177  5020        STA 2,32
3178  8538 0064   EJMP 0064,PC   ; -> 31DD
317A  2304        LDA 0,4,3
317B  680F        IO   680F
317C  8D0C        SUB# 0,1,SZR
317D  0128        JMP 40,PC   ; -> 31A5
317E  B438 01DB   ELDA 2,01DB   ; = 475
3180  D300        INC 2,2
3181  5318        STA 2,24,3
3182  3020        LDA 2,32
3183  E438 452A   ELEF 0,452A   ; [452A] = 1
3185  EC38 4529   ELEF 1,4529   ; [4529] = 0
3187  8E48        PSH 0,1
3188  6318        IO   6318
3189  6B19        IO   6B19
318A  8E48        PSH 0,1
318B  0C0C 5674   JSR @12            ; overlay call, arg 5674
318D  5020        STA 2,32
318E  2319        LDA 0,25,3
318F  4306        STA 0,6,3
3190  862F        ADDO# 0,0,SBN
3191  0114        JMP 20,PC   ; -> 31A5
3192  6306        IO   6306
3193  6B18        IO   6B18
3194  8E48        PSH 0,1
3195  0C0C 540B   JSR @12            ; overlay call, arg 540B
3197  5020        STA 2,32
3198  2318        LDA 0,24,3
3199  4307        STA 0,7,3
319A  820D        MOV# 0,0,SNR
319B  0108        JMP 8,PC   ; -> 31A3
319C  EC38 452B   ELEF 1,452B   ; [452B] = 6
319E  AE48        PSH 1,1
319F  0C0C 5D26   JSR @12            ; overlay call, arg 5D26
31A1  5020        STA 2,32
31A2  0103        JMP 3,PC   ; -> 31A5
31A3  2306        LDA 0,6,3
31A4  4304        STA 0,4,3
31A5  2304        LDA 0,4,3
31A6  680D        IO   680D
31A7  8D0C        SUB# 0,1,SZR
31A8  0120        JMP 32,PC   ; -> 31C8
31A9  3020        LDA 2,32
31AA  E438 4536   ELEF 0,4536   ; [4536] = 31
31AC  8648        PSH 0,0
31AD  0C0C 5D26   JSR @12            ; overlay call, arg 5D26
31AF  5020        STA 2,32
31B0  8400        ADC 0,0
31B1  4710        STA 0,@16,3
31B2  8400        ADC 0,0
31B3  4711        STA 0,@17,3
31B4  2711        LDA 0,@17,3
31B5  4712        STA 0,@18,3
31B6  EC38 4538   ELEF 1,4538   ; [4538] = 4
31B8  AE48        PSH 1,1
31B9  E438 4528   ELEF 0,4528   ; [4528] = 2
31BB  6B18        IO   6B18
31BC  8E48        PSH 0,1
31BD  0C0C 5F68   JSR @12            ; overlay call, arg 5F68
31BF  5020        STA 2,32
31C0  E438 4539   ELEF 0,4539   ; [4539] = 8
31C2  6B18        IO   6B18
31C3  8E48        PSH 0,1
31C4  0C0C 605B   JSR @12            ; overlay call, arg 605B
31C6  5020        STA 2,32
31C7  0116        JMP 22,PC   ; -> 31DD
31C8  2304        LDA 0,4,3
31C9  6811        IO   6811
31CA  8D0C        SUB# 0,1,SZR
31CB  0109        JMP 9,PC   ; -> 31D4
31CC  3020        LDA 2,32
31CD  E438 453B   ELEF 0,453B   ; [453B] = 7
31CF  8648        PSH 0,0
31D0  0C0C 5D26   JSR @12            ; overlay call, arg 5D26
31D2  5020        STA 2,32
31D3  010A        JMP 10,PC   ; -> 31DD
31D4  3020        LDA 2,32
31D5  E438 021D   ELEF 0,021D   ; = 541
31D7  EC38 453C   ELEF 1,453C   ; [453C] = 33
31D9  8E48        PSH 0,1
31DA  0C0C 5DBE   JSR @12            ; overlay call, arg 5DBE
31DC  5020        STA 2,32
31DD  015D        JMP 93,PC   ; -> 323A
31DE  E438 0A91   ELEF 0,0A91   ; [0A91] = 0
31E0  3821        LDA 3,33
31E1  2F14        LDA 1,@20,3
31E2  8D0C        SUB# 0,1,SZR
31E3  D501        SUB 2,2,SKP
31E4  D550        SUBZL 2,2
31E5  E438 0A90   ELEF 0,0A90   ; [0A90] = 0
31E7  5318        STA 2,24,3
31E8  8D0C        SUB# 0,1,SZR
31E9  D501        SUB 2,2,SKP
31EA  D550        SUBZL 2,2
31EB  2318        LDA 0,24,3
31EC  9108        IOR 0,2
31ED  D20D        MOV# 2,2,SNR
31EE  0109        JMP 9,PC   ; -> 31F7
31EF  3020        LDA 2,32
31F0  E438 4529   ELEF 0,4529   ; [4529] = 0
31F2  8648        PSH 0,0
31F3  0C0C 0199   JSR @12            ; overlay call, arg 0199
31F5  5020        STA 2,32
31F6  0143        JMP 67,PC   ; -> 3239
31F7  3020        LDA 2,32
31F8  E438 452A   ELEF 0,452A   ; [452A] = 1
31FA  EC38 01D5   ELEF 1,01D5   ; = 469
31FC  8E48        PSH 0,1
31FD  E438 4528   ELEF 0,4528   ; [4528] = 2
31FF  6B18        IO   6B18
3200  8E48        PSH 0,1
3201  0C0C 5674   JSR @12            ; overlay call, arg 5674
3203  5020        STA 2,32
3204  2318        LDA 0,24,3
3205  4304        STA 0,4,3
3206  862F        ADDO# 0,0,SBN
3207  AD01        SUB 1,1,SKP
3208  AD50        SUBZL 1,1
3209  AA0D        MOV# 1,1,SNR
320A  012F        JMP 47,PC   ; -> 3239
320B  6304        IO   6304
320C  6B18        IO   6B18
320D  8E48        PSH 0,1
320E  0C0C 540B   JSR @12            ; overlay call, arg 540B
3210  5020        STA 2,32
3211  2318        LDA 0,24,3
3212  4305        STA 0,5,3
3213  AC38 01D5   ELDA 1,01D5   ; = 469
3215  A50D        SUB# 1,0,SNR
3216  010A        JMP 10,PC   ; -> 3220
3217  E438 021D   ELEF 0,021D   ; = 541
3219  EC38 4528   ELEF 1,4528   ; [4528] = 2
321B  8E48        PSH 0,1
321C  0C0C 5DBE   JSR @12            ; overlay call, arg 5DBE
321E  5020        STA 2,32
321F  011A        JMP 26,PC   ; -> 3239
3220  2304        LDA 0,4,3
3221  6811        IO   6811
3222  8D0C        SUB# 0,1,SZR
3223  010D        JMP 13,PC   ; -> 3230
3224  3020        LDA 2,32
3225  E438 021D   ELEF 0,021D   ; = 541
3227  EC38 4539   ELEF 1,4539   ; [4539] = 8
3229  8E48        PSH 0,1
322A  0C0C 5DBE   JSR @12            ; overlay call, arg 5DBE
322C  5020        STA 2,32
322D  8400        ADC 0,0
322E  4717        STA 0,@23,3
322F  010A        JMP 10,PC   ; -> 3239
3230  3020        LDA 2,32
3231  E438 021D   ELEF 0,021D   ; = 541
3233  EC38 453F   ELEF 1,453F   ; [453F] = 11
3235  8E48        PSH 0,1
3236  0C0C 5DBE   JSR @12            ; overlay call, arg 5DBE
3238  5020        STA 2,32
3239  0101        JMP 1,PC   ; -> 323A
323A  AFC8        RTN
323B  0000        JMP 0
323C  0000        JMP 0
323D  0000        JMP 0
323E  0000        JMP 0
323F  0000        JMP 0
3240  0000        JMP 0
3241  0000        JMP 0
3242  0000        JMP 0
3243  0000        JMP 0
3244  0000        JMP 0
3245  0000        JMP 0
3246  0000        JMP 0
3247  0000        JMP 0
3248  0000        JMP 0
3249  0000        JMP 0
324A  0000        JMP 0
324B  0000        JMP 0
324C  0000        JMP 0
324D  0000        JMP 0
324E  0000        JMP 0
324F  0000        JMP 0
3250  0000        JMP 0
3251  0000        JMP 0
3252  0000        JMP 0
3253  0000        JMP 0
3254  0000        JMP 0
3255  0000        JMP 0
3256  0000        JMP 0
3257  0000        JMP 0
3258  0000        JMP 0
3259  0000        JMP 0
325A  0000        JMP 0
325B  0000        JMP 0
325C  0000        JMP 0
325D  0000        JMP 0
325E  0000        JMP 0
325F  0000        JMP 0
3260  0000        JMP 0
3261  0000        JMP 0
3262  0000        JMP 0
3263  0000        JMP 0
3264  0000        JMP 0
3265  0000        JMP 0
3266  0000        JMP 0
3267  0000        JMP 0
3268  0000        JMP 0
3269  0000        JMP 0
326A  0000        JMP 0
326B  0000        JMP 0
326C  0000        JMP 0
326D  0000        JMP 0
326E  0000        JMP 0
326F  0000        JMP 0
3270  0000        JMP 0
3271  0000        JMP 0
3272  0000        JMP 0
3273  0000        JMP 0
3274  0000        JMP 0
3275  0000        JMP 0
3276  0000        JMP 0
3277  0000        JMP 0
3278  0000        JMP 0
3279  0000        JMP 0
327A  0000        JMP 0
327B  0000        JMP 0
327C  0000        JMP 0
327D  0000        JMP 0
327E  0000        JMP 0
327F  0000        JMP 0
3280  0000        JMP 0
3281  0000        JMP 0
3282  0000        JMP 0
3283  0000        JMP 0
3284  0000        JMP 0
3285  0000        JMP 0
3286  0000        JMP 0
3287  0000        JMP 0
3288  0000        JMP 0
3289  0000        JMP 0
328A  0000        JMP 0
328B  0000        JMP 0
328C  0000        JMP 0
328D  0000        JMP 0
328E  0000        JMP 0
328F  0000        JMP 0
3290  0000        JMP 0
3291  0000        JMP 0
3292  0000        JMP 0
3293  0000        JMP 0
3294  0000        JMP 0
3295  0000        JMP 0
3296  0000        JMP 0
3297  0000        JMP 0
3298  0000        JMP 0
3299  0000        JMP 0
329A  0000        JMP 0
329B  0000        JMP 0
329C  0000        JMP 0
329D  0000        JMP 0
329E  0000        JMP 0
329F  0000        JMP 0
32A0  0000        JMP 0
32A1  0000        JMP 0
32A2  0000        JMP 0
32A3  0000        JMP 0
32A4  0000        JMP 0
32A5  0000        JMP 0
32A6  0000        JMP 0
32A7  0000        JMP 0
32A8  0000        JMP 0
32A9  0000        JMP 0
32AA  0000        JMP 0
32AB  0000        JMP 0
32AC  0000        JMP 0
32AD  0000        JMP 0
32AE  0000        JMP 0
32AF  0000        JMP 0
32B0  0000        JMP 0
32B1  0000        JMP 0
32B2  0000        JMP 0
32B3  0000        JMP 0
32B4  0000        JMP 0
32B5  0000        JMP 0
32B6  0000        JMP 0
32B7  0000        JMP 0
32B8  0000        JMP 0
32B9  0000        JMP 0
32BA  0000        JMP 0
32BB  0000        JMP 0
32BC  0000        JMP 0
32BD  0000        JMP 0
32BE  0000        JMP 0
32BF  0000        JMP 0
32C0  0000        JMP 0
32C1  0000        JMP 0
32C2  0000        JMP 0
32C3  0000        JMP 0
32C4  0000        JMP 0
32C5  0000        JMP 0
32C6  0000        JMP 0
32C7  0000        JMP 0
32C8  0000        JMP 0
32C9  0000        JMP 0
32CA  0000        JMP 0
32CB  0000        JMP 0
32CC  0000        JMP 0
32CD  0000        JMP 0
32CE  0000        JMP 0
32CF  0000        JMP 0
32D0  0000        JMP 0
32D1  0000        JMP 0
32D2  0000        JMP 0
32D3  0000        JMP 0
32D4  0000        JMP 0
32D5  0000        JMP 0
32D6  0000        JMP 0
32D7  0000        JMP 0
32D8  0000        JMP 0
32D9  0000        JMP 0
32DA  0000        JMP 0
32DB  0000        JMP 0
32DC  0000        JMP 0
32DD  0000        JMP 0
32DE  0000        JMP 0
32DF  0000        JMP 0
32E0  0000        JMP 0
32E1  0000        JMP 0
32E2  0000        JMP 0
32E3  0000        JMP 0
32E4  0000        JMP 0
32E5  0000        JMP 0
32E6  0000        JMP 0
32E7  0000        JMP 0
32E8  0000        JMP 0
32E9  0000        JMP 0
32EA  0000        JMP 0
32EB  0000        JMP 0
32EC  0000        JMP 0
32ED  0000        JMP 0
32EE  0000        JMP 0
32EF  0000        JMP 0
32F0  0000        JMP 0
32F1  0000        JMP 0
32F2  0000        JMP 0
32F3  0000        JMP 0
32F4  0000        JMP 0
32F5  0000        JMP 0
32F6  0000        JMP 0
32F7  0000        JMP 0
32F8  0000        JMP 0
32F9  0000        JMP 0
32FA  0000        JMP 0
32FB  0000        JMP 0
32FC  0000        JMP 0
32FD  0000        JMP 0
32FE  0000        JMP 0
32FF  0000        JMP 0
3300  0000        JMP 0
3301  0000        JMP 0
3302  0000        JMP 0
3303  0000        JMP 0
3304  0000        JMP 0
3305  0000        JMP 0
3306  0000        JMP 0
3307  0000        JMP 0
3308  0000        JMP 0
3309  0000        JMP 0
330A  0000        JMP 0
330B  0000        JMP 0
330C  0000        JMP 0
330D  0000        JMP 0
330E  0000        JMP 0
330F  0000        JMP 0
3310  0000        JMP 0
3311  0000        JMP 0
3312  0000        JMP 0
3313  0000        JMP 0
3314  0000        JMP 0
3315  0000        JMP 0
3316  0000        JMP 0
3317  0000        JMP 0
3318  0000        JMP 0
3319  0000        JMP 0
331A  0000        JMP 0
331B  0000        JMP 0
331C  0000        JMP 0
331D  0000        JMP 0
331E  0000        JMP 0
331F  0000        JMP 0
3320  0000        JMP 0
3321  0000        JMP 0
3322  0000        JMP 0
3323  0000        JMP 0
3324  0000        JMP 0
3325  0000        JMP 0
3326  0000        JMP 0
3327  0000        JMP 0
3328  0000        JMP 0
3329  0000        JMP 0
332A  0000        JMP 0
332B  0000        JMP 0
332C  0000        JMP 0
332D  0000        JMP 0
332E  0000        JMP 0
332F  0000        JMP 0
3330  0000        JMP 0
3331  0000        JMP 0
3332  0000        JMP 0
3333  0000        JMP 0
3334  0000        JMP 0
3335  0000        JMP 0
3336  0000        JMP 0
3337  0000        JMP 0
3338  0000        JMP 0
3339  0000        JMP 0
333A  0000        JMP 0
333B  0000        JMP 0
333C  0000        JMP 0
333D  0000        JMP 0
333E  0000        JMP 0
333F  0000        JMP 0
3340  0000        JMP 0
3341  0000        JMP 0
3342  0000        JMP 0
3343  0000        JMP 0
3344  0000        JMP 0
3345  0000        JMP 0
3346  0000        JMP 0
3347  0000        JMP 0
3348  0000        JMP 0
3349  0000        JMP 0
334A  0000        JMP 0
334B  0000        JMP 0
334C  0000        JMP 0
334D  0000        JMP 0
334E  0000        JMP 0
334F  0000        JMP 0
3350  0000        JMP 0
3351  0000        JMP 0
3352  0000        JMP 0
3353  0000        JMP 0
3354  0000        JMP 0
3355  0000        JMP 0
3356  0000        JMP 0
3357  0000        JMP 0
3358  0000        JMP 0
3359  0000        JMP 0
335A  0000        JMP 0
335B  0000        JMP 0
335C  0000        JMP 0
335D  0000        JMP 0
335E  0000        JMP 0
335F  0000        JMP 0
3360  0000        JMP 0
3361  0000        JMP 0
3362  0000        JMP 0
3363  0000        JMP 0
3364  0000        JMP 0
3365  0000        JMP 0
3366  0000        JMP 0
3367  0000        JMP 0
3368  0000        JMP 0
3369  0000        JMP 0
336A  0000        JMP 0
336B  0000        JMP 0
336C  0000        JMP 0
336D  0000        JMP 0
336E  0000        JMP 0
336F  0000        JMP 0
3370  0000        JMP 0
3371  0000        JMP 0
3372  0000        JMP 0
3373  0000        JMP 0
3374  0000        JMP 0
3375  0000        JMP 0
3376  0000        JMP 0
3377  0000        JMP 0
3378  0000        JMP 0
3379  0000        JMP 0
337A  0000        JMP 0
337B  0000        JMP 0
337C  0000        JMP 0
337D  0000        JMP 0
337E  0000        JMP 0
337F  0000        JMP 0
3380  0000        JMP 0
3381  0000        JMP 0
3382  0000        JMP 0
3383  0000        JMP 0
3384  0000        JMP 0
3385  0000        JMP 0
3386  0000        JMP 0
3387  0000        JMP 0
3388  0000        JMP 0
3389  0000        JMP 0
338A  0000        JMP 0
338B  0000        JMP 0
338C  0000        JMP 0
338D  0000        JMP 0
338E  0000        JMP 0
338F  0000        JMP 0
3390  0000        JMP 0
3391  0000        JMP 0
3392  0000        JMP 0
3393  0000        JMP 0
3394  0000        JMP 0
3395  0000        JMP 0
3396  0000        JMP 0
3397  0000        JMP 0
3398  0000        JMP 0
3399  0000        JMP 0
339A  0000        JMP 0
339B  0000        JMP 0
339C  0000        JMP 0
339D  0000        JMP 0
339E  0000        JMP 0
339F  0000        JMP 0
33A0  0000        JMP 0
33A1  0000        JMP 0
33A2  0000        JMP 0
33A3  0000        JMP 0
33A4  0000        JMP 0
33A5  0000        JMP 0
33A6  0000        JMP 0
33A7  0000        JMP 0
33A8  0000        JMP 0
33A9  0000        JMP 0
33AA  0000        JMP 0
33AB  0000        JMP 0
33AC  0000        JMP 0
33AD  0000        JMP 0
33AE  0000        JMP 0
33AF  0000        JMP 0
33B0  0000        JMP 0
33B1  0000        JMP 0
33B2  0000        JMP 0
33B3  0000        JMP 0
33B4  0000        JMP 0
33B5  0000        JMP 0
33B6  0000        JMP 0
33B7  0000        JMP 0
33B8  0000        JMP 0
33B9  0000        JMP 0
33BA  0000        JMP 0
33BB  0000        JMP 0
33BC  0000        JMP 0
33BD  0000        JMP 0
33BE  0000        JMP 0
33BF  0000        JMP 0
33C0  0000        JMP 0
33C1  0000        JMP 0
33C2  0000        JMP 0
33C3  0000        JMP 0
33C4  0000        JMP 0
33C5  0000        JMP 0
33C6  0000        JMP 0
33C7  0000        JMP 0
33C8  0000        JMP 0
33C9  0000        JMP 0
33CA  0000        JMP 0
33CB  0000        JMP 0
33CC  0000        JMP 0
33CD  0000        JMP 0
33CE  0000        JMP 0
33CF  0000        JMP 0
33D0  0000        JMP 0
33D1  0000        JMP 0
33D2  0000        JMP 0
33D3  0000        JMP 0
33D4  0000        JMP 0
33D5  0000        JMP 0
33D6  0000        JMP 0
33D7  0000        JMP 0
33D8  0000        JMP 0
33D9  0000        JMP 0
33DA  0000        JMP 0
33DB  0000        JMP 0
33DC  0000        JMP 0
33DD  0000        JMP 0
33DE  0000        JMP 0
33DF  0000        JMP 0
33E0  0000        JMP 0
33E1  0000        JMP 0
33E2  0000        JMP 0
33E3  0000        JMP 0
33E4  0000        JMP 0
33E5  0000        JMP 0
33E6  0000        JMP 0
33E7  0000        JMP 0
33E8  0000        JMP 0
33E9  0000        JMP 0
33EA  0000        JMP 0
33EB  0000        JMP 0
33EC  0000        JMP 0
33ED  0000        JMP 0
33EE  0000        JMP 0
33EF  0000        JMP 0
33F0  0000        JMP 0
33F1  0000        JMP 0
33F2  0000        JMP 0
33F3  0000        JMP 0
33F4  0000        JMP 0
33F5  0000        JMP 0
33F6  0000        JMP 0
33F7  0000        JMP 0
33F8  0000        JMP 0
33F9  0000        JMP 0
33FA  0000        JMP 0
33FB  0000        JMP 0
33FC  0000        JMP 0
33FD  0000        JMP 0
33FE  0000        JMP 0
33FF  0000        JMP 0
3400  0000        JMP 0
3401  0000        JMP 0
3402  0000        JMP 0
3403  0000        JMP 0
3404  0000        JMP 0
3405  0000        JMP 0
3406  0000        JMP 0
3407  0000        JMP 0
3408  0000        JMP 0
3409  0000        JMP 0
340A  0000        JMP 0
340B  0000        JMP 0
340C  0000        JMP 0
340D  0000        JMP 0
340E  0000        JMP 0
340F  0000        JMP 0
3410  0000        JMP 0
3411  0000        JMP 0
3412  0000        JMP 0
3413  0000        JMP 0
3414  0000        JMP 0
3415  0000        JMP 0
3416  0000        JMP 0
3417  0000        JMP 0
3418  0000        JMP 0
3419  0000        JMP 0
341A  0000        JMP 0
341B  0000        JMP 0
341C  0000        JMP 0
341D  0000        JMP 0
341E  0000        JMP 0
341F  0000        JMP 0
3420  0000        JMP 0
3421  0000        JMP 0
3422  0000        JMP 0
3423  0000        JMP 0
3424  0000        JMP 0
3425  0000        JMP 0
3426  0000        JMP 0
3427  0000        JMP 0
3428  0000        JMP 0
3429  0000        JMP 0
342A  0000        JMP 0
342B  0000        JMP 0
342C  0000        JMP 0
342D  0000        JMP 0
342E  0000        JMP 0
342F  0000        JMP 0
3430  0000        JMP 0
3431  0000        JMP 0
3432  0000        JMP 0
3433  0000        JMP 0
3434  0000        JMP 0
3435  0000        JMP 0
3436  0000        JMP 0
3437  0000        JMP 0
3438  0000        JMP 0
3439  0000        JMP 0
343A  0000        JMP 0
343B  0000        JMP 0
343C  0000        JMP 0
343D  0000        JMP 0
343E  0000        JMP 0
343F  0000        JMP 0
3440  0000        JMP 0
3441  0000        JMP 0
3442  0000        JMP 0
3443  0000        JMP 0
3444  0000        JMP 0
3445  0000        JMP 0
3446  0000        JMP 0
3447  0000        JMP 0
3448  0000        JMP 0
3449  0000        JMP 0
344A  0000        JMP 0
344B  0000        JMP 0
344C  0000        JMP 0
344D  0000        JMP 0
344E  0000        JMP 0
344F  0000        JMP 0
3450  0000        JMP 0
3451  0000        JMP 0
3452  0000        JMP 0
3453  0000        JMP 0
3454  0000        JMP 0
3455  0000        JMP 0
3456  0000        JMP 0
3457  0000        JMP 0
3458  0000        JMP 0
3459  0000        JMP 0
345A  0000        JMP 0
345B  0000        JMP 0
345C  0000        JMP 0
345D  0000        JMP 0
345E  0000        JMP 0
345F  0000        JMP 0
3460  0000        JMP 0
3461  0000        JMP 0
3462  0000        JMP 0
3463  0000        JMP 0
3464  0000        JMP 0
3465  0000        JMP 0
3466  0000        JMP 0
3467  0000        JMP 0
3468  0000        JMP 0
3469  0000        JMP 0
346A  0000        JMP 0
346B  0000        JMP 0
346C  0000        JMP 0
346D  0000        JMP 0
346E  0000        JMP 0
346F  0000        JMP 0
3470  0000        JMP 0
3471  0000        JMP 0
3472  0000        JMP 0
3473  0000        JMP 0
3474  0000        JMP 0
3475  0000        JMP 0
3476  0000        JMP 0
3477  0000        JMP 0
3478  0000        JMP 0
3479  0000        JMP 0
347A  0000        JMP 0
347B  0000        JMP 0
347C  0000        JMP 0
347D  0000        JMP 0
347E  0000        JMP 0
347F  0000        JMP 0
3480  0000        JMP 0
3481  0000        JMP 0
3482  0000        JMP 0
3483  0000        JMP 0
3484  0000        JMP 0
3485  0000        JMP 0
3486  0000        JMP 0
3487  0000        JMP 0
3488  0000        JMP 0
3489  0000        JMP 0
348A  0000        JMP 0
348B  0000        JMP 0
348C  0000        JMP 0
348D  0000        JMP 0
348E  0000        JMP 0
348F  0000        JMP 0
3490  0000        JMP 0
3491  0000        JMP 0
3492  0000        JMP 0
3493  0000        JMP 0
3494  0000        JMP 0
3495  0000        JMP 0
3496  0000        JMP 0
3497  0000        JMP 0
3498  0000        JMP 0
3499  0000        JMP 0
349A  0000        JMP 0
349B  0000        JMP 0
349C  0000        JMP 0
349D  0000        JMP 0
349E  0000        JMP 0
349F  0000        JMP 0
34A0  0000        JMP 0
34A1  0000        JMP 0
34A2  0000        JMP 0
34A3  0000        JMP 0
34A4  0000        JMP 0
34A5  0000        JMP 0
34A6  0000        JMP 0
34A7  0000        JMP 0
34A8  0000        JMP 0
34A9  0000        JMP 0
34AA  0000        JMP 0
34AB  0000        JMP 0
34AC  0000        JMP 0
34AD  0000        JMP 0
34AE  0000        JMP 0
34AF  0000        JMP 0
34B0  0000        JMP 0
34B1  0000        JMP 0
34B2  0000        JMP 0
34B3  0000        JMP 0
34B4  0000        JMP 0
34B5  0000        JMP 0
34B6  0000        JMP 0
34B7  0000        JMP 0
34B8  0000        JMP 0
34B9  0000        JMP 0
34BA  0000        JMP 0
34BB  0000        JMP 0
34BC  0000        JMP 0
34BD  0000        JMP 0
34BE  0000        JMP 0
34BF  0000        JMP 0
34C0  0000        JMP 0
34C1  0000        JMP 0
34C2  0000        JMP 0
34C3  0000        JMP 0
34C4  0000        JMP 0
34C5  0000        JMP 0
34C6  0000        JMP 0
34C7  0000        JMP 0
34C8  0000        JMP 0
34C9  0000        JMP 0
34CA  0000        JMP 0
34CB  0000        JMP 0
34CC  0000        JMP 0
34CD  0000        JMP 0
34CE  0000        JMP 0
34CF  0000        JMP 0
34D0  0000        JMP 0
34D1  0000        JMP 0
34D2  0000        JMP 0
34D3  0000        JMP 0
34D4  0000        JMP 0
34D5  0000        JMP 0
34D6  0000        JMP 0
34D7  0000        JMP 0
34D8  0000        JMP 0
34D9  0000        JMP 0
34DA  0000        JMP 0
34DB  0000        JMP 0
34DC  0000        JMP 0
34DD  0000        JMP 0
34DE  0000        JMP 0
34DF  0000        JMP 0
34E0  0000        JMP 0
34E1  0000        JMP 0
34E2  0000        JMP 0
34E3  0000        JMP 0
34E4  0000        JMP 0
34E5  0000        JMP 0
34E6  0000        JMP 0
34E7  0000        JMP 0
34E8  0000        JMP 0
34E9  0000        JMP 0
34EA  0000        JMP 0
34EB  0000        JMP 0
34EC  0000        JMP 0
34ED  0000        JMP 0
34EE  0000        JMP 0
34EF  0000        JMP 0
34F0  0000        JMP 0
34F1  0000        JMP 0
34F2  0000        JMP 0
34F3  0000        JMP 0
34F4  0000        JMP 0
34F5  0000        JMP 0
34F6  0000        JMP 0
34F7  0000        JMP 0
34F8  0000        JMP 0
34F9  0000        JMP 0
34FA  0000        JMP 0
34FB  0000        JMP 0
34FC  0000        JMP 0
34FD  0000        JMP 0
34FE  0000        JMP 0
34FF  0000        JMP 0
3500  0000        JMP 0
3501  0000        JMP 0
3502  0000        JMP 0
3503  0000        JMP 0
3504  0000        JMP 0
3505  0000        JMP 0
3506  0000        JMP 0
3507  0000        JMP 0
3508  0000        JMP 0
3509  0000        JMP 0
350A  0000        JMP 0
350B  0000        JMP 0
350C  0000        JMP 0
350D  0000        JMP 0
350E  0000        JMP 0
350F  0000        JMP 0
3510  0000        JMP 0
3511  0000        JMP 0
3512  0000        JMP 0
3513  0000        JMP 0
3514  0000        JMP 0
3515  0000        JMP 0
3516  0000        JMP 0
3517  0000        JMP 0
3518  0000        JMP 0
3519  0000        JMP 0
351A  0000        JMP 0
351B  0000        JMP 0
351C  0000        JMP 0
351D  0000        JMP 0
351E  0000        JMP 0
351F  0000        JMP 0
3520  0000        JMP 0
3521  0000        JMP 0
3522  0000        JMP 0
3523  0000        JMP 0
3524  0000        JMP 0
3525  0000        JMP 0
3526  0000        JMP 0
3527  0000        JMP 0
3528  0000        JMP 0
3529  0000        JMP 0
352A  0000        JMP 0
352B  0000        JMP 0
352C  0000        JMP 0
352D  0000        JMP 0
352E  0000        JMP 0
352F  0000        JMP 0
3530  0000        JMP 0
3531  0000        JMP 0
3532  0000        JMP 0
3533  0000        JMP 0
3534  0000        JMP 0
3535  0000        JMP 0
3536  0000        JMP 0
3537  0000        JMP 0
3538  0000        JMP 0
3539  0000        JMP 0
353A  0000        JMP 0
353B  0000        JMP 0
353C  0000        JMP 0
353D  0000        JMP 0
353E  0000        JMP 0
353F  0000        JMP 0
3540  0000        JMP 0
3541  0000        JMP 0
3542  0000        JMP 0
3543  0000        JMP 0
3544  0000        JMP 0
3545  0000        JMP 0
3546  0000        JMP 0
3547  0000        JMP 0
3548  0000        JMP 0
3549  0000        JMP 0
354A  0000        JMP 0
354B  0000        JMP 0
354C  0000        JMP 0
354D  0000        JMP 0
354E  0000        JMP 0
354F  0000        JMP 0
3550  0000        JMP 0
3551  0000        JMP 0
3552  0000        JMP 0
3553  0000        JMP 0
3554  0000        JMP 0
3555  0000        JMP 0
3556  0000        JMP 0
3557  0000        JMP 0
3558  0000        JMP 0
3559  0000        JMP 0
355A  0000        JMP 0
355B  0000        JMP 0
355C  0000        JMP 0
355D  0000        JMP 0
355E  0000        JMP 0
355F  0000        JMP 0
3560  0000        JMP 0
3561  0000        JMP 0
3562  0000        JMP 0
3563  0000        JMP 0
3564  0000        JMP 0
3565  0000        JMP 0
3566  0000        JMP 0
3567  0000        JMP 0
3568  0000        JMP 0
3569  0000        JMP 0
356A  0000        JMP 0
356B  0000        JMP 0
356C  0000        JMP 0
356D  0000        JMP 0
356E  0000        JMP 0
356F  0000        JMP 0
3570  0000        JMP 0
3571  0000        JMP 0
3572  0000        JMP 0
3573  0000        JMP 0
3574  0000        JMP 0
3575  0000        JMP 0
3576  0000        JMP 0
3577  0000        JMP 0
3578  0000        JMP 0
3579  0000        JMP 0
357A  0000        JMP 0
357B  0000        JMP 0
357C  0000        JMP 0
357D  0000        JMP 0
357E  0000        JMP 0
357F  0000        JMP 0
3580  0000        JMP 0
3581  0000        JMP 0
3582  0000        JMP 0
3583  0000        JMP 0
3584  0000        JMP 0
3585  0000        JMP 0
3586  0000        JMP 0
3587  0000        JMP 0
3588  0000        JMP 0
3589  0000        JMP 0
358A  0000        JMP 0
358B  0000        JMP 0
358C  0000        JMP 0
358D  0000        JMP 0
358E  0000        JMP 0
358F  0000        JMP 0
3590  0000        JMP 0
3591  0000        JMP 0
3592  0000        JMP 0
3593  0000        JMP 0
3594  0000        JMP 0
3595  0000        JMP 0
3596  0000        JMP 0
3597  0000        JMP 0
3598  0000        JMP 0
3599  0000        JMP 0
359A  0000        JMP 0
359B  0000        JMP 0
359C  0000        JMP 0
359D  0000        JMP 0
359E  0000        JMP 0
359F  0000        JMP 0
35A0  0000        JMP 0
35A1  0000        JMP 0
35A2  0000        JMP 0
35A3  0000        JMP 0
35A4  0000        JMP 0
35A5  0000        JMP 0
35A6  0000        JMP 0
35A7  0000        JMP 0
35A8  0000        JMP 0
35A9  0000        JMP 0
35AA  0000        JMP 0
35AB  0000        JMP 0
35AC  0000        JMP 0
35AD  0000        JMP 0
35AE  0000        JMP 0
35AF  0000        JMP 0
35B0  0000        JMP 0
35B1  0000        JMP 0
35B2  0000        JMP 0
35B3  0000        JMP 0
35B4  0000        JMP 0
35B5  0000        JMP 0
35B6  0000        JMP 0
35B7  0000        JMP 0
35B8  0000        JMP 0
35B9  0000        JMP 0
35BA  0000        JMP 0
35BB  0000        JMP 0
35BC  0000        JMP 0
35BD  0000        JMP 0
35BE  0000        JMP 0
35BF  0000        JMP 0
35C0  0000        JMP 0
35C1  0000        JMP 0
35C2  0000        JMP 0
35C3  0000        JMP 0
35C4  0000        JMP 0
35C5  0000        JMP 0
35C6  0000        JMP 0
35C7  0000        JMP 0
35C8  0000        JMP 0
35C9  0000        JMP 0
35CA  0000        JMP 0
35CB  0000        JMP 0
35CC  0000        JMP 0
35CD  0000        JMP 0
35CE  0000        JMP 0
35CF  0000        JMP 0
35D0  0000        JMP 0
35D1  0000        JMP 0
35D2  0000        JMP 0
35D3  0000        JMP 0
35D4  0000        JMP 0
35D5  0000        JMP 0
35D6  0000        JMP 0
35D7  0000        JMP 0
35D8  0000        JMP 0
35D9  0000        JMP 0
35DA  0000        JMP 0
35DB  0000        JMP 0
35DC  0000        JMP 0
35DD  0000        JMP 0
35DE  0000        JMP 0
35DF  0000        JMP 0
35E0  0000        JMP 0
35E1  0000        JMP 0
35E2  0000        JMP 0
35E3  0000        JMP 0
35E4  0000        JMP 0
35E5  0000        JMP 0
35E6  0000        JMP 0
35E7  0000        JMP 0
35E8  0000        JMP 0
35E9  0000        JMP 0
35EA  0000        JMP 0
35EB  0000        JMP 0
35EC  0000        JMP 0
35ED  0000        JMP 0
35EE  0000        JMP 0
35EF  0000        JMP 0
35F0  0000        JMP 0
35F1  0000        JMP 0
35F2  0000        JMP 0
35F3  0000        JMP 0
35F4  0000        JMP 0
35F5  0000        JMP 0
35F6  0000        JMP 0
35F7  0000        JMP 0
35F8  0000        JMP 0
35F9  0000        JMP 0
35FA  0000        JMP 0
35FB  0000        JMP 0
35FC  0000        JMP 0
35FD  0000        JMP 0
35FE  0000        JMP 0
35FF  0000        JMP 0
3600  0000        JMP 0
3601  0000        JMP 0
3602  0000        JMP 0
3603  0000        JMP 0
3604  0000        JMP 0
3605  0000        JMP 0
3606  0000        JMP 0
3607  0000        JMP 0
3608  0000        JMP 0
3609  0000        JMP 0
360A  0000        JMP 0
360B  0000        JMP 0
360C  0000        JMP 0
360D  0000        JMP 0
360E  0000        JMP 0
360F  0000        JMP 0
3610  0000        JMP 0
3611  0000        JMP 0
3612  0000        JMP 0
3613  0000        JMP 0
3614  0000        JMP 0
3615  0000        JMP 0
3616  0000        JMP 0
3617  0000        JMP 0
3618  0000        JMP 0
3619  0000        JMP 0
361A  0000        JMP 0
361B  0000        JMP 0
361C  0000        JMP 0
361D  0000        JMP 0
361E  0000        JMP 0
361F  0000        JMP 0
3620  0000        JMP 0
3621  0000        JMP 0
3622  0000        JMP 0
3623  0000        JMP 0
3624  0000        JMP 0
3625  0000        JMP 0
3626  0000        JMP 0
3627  0000        JMP 0
3628  0000        JMP 0
3629  0000        JMP 0
362A  0000        JMP 0
362B  0000        JMP 0
362C  0000        JMP 0
362D  0000        JMP 0
362E  0000        JMP 0
362F  0000        JMP 0
3630  0000        JMP 0
3631  0000        JMP 0
3632  0000        JMP 0
3633  0000        JMP 0
3634  0000        JMP 0
3635  0000        JMP 0
3636  0000        JMP 0
3637  0000        JMP 0
3638  0000        JMP 0
3639  0000        JMP 0
363A  0000        JMP 0
363B  0000        JMP 0
363C  0000        JMP 0
363D  0000        JMP 0
363E  0000        JMP 0
363F  0000        JMP 0
3640  0000        JMP 0
3641  0000        JMP 0
3642  0000        JMP 0
3643  0000        JMP 0
3644  0000        JMP 0
3645  0000        JMP 0
3646  0000        JMP 0
3647  0000        JMP 0
3648  0000        JMP 0
3649  0000        JMP 0
364A  0000        JMP 0
364B  0000        JMP 0
364C  0000        JMP 0
364D  0000        JMP 0
364E  0000        JMP 0
364F  0000        JMP 0
3650  0000        JMP 0
3651  0000        JMP 0
3652  0000        JMP 0
3653  0000        JMP 0
3654  0000        JMP 0
3655  0000        JMP 0
3656  0000        JMP 0
3657  0000        JMP 0
3658  0000        JMP 0
3659  0000        JMP 0
365A  0000        JMP 0
365B  0000        JMP 0
365C  0000        JMP 0
365D  0000        JMP 0
365E  0000        JMP 0
365F  0000        JMP 0
3660  0000        JMP 0
3661  0000        JMP 0
3662  0000        JMP 0
3663  0000        JMP 0
3664  0000        JMP 0
3665  0000        JMP 0
3666  0000        JMP 0
3667  0000        JMP 0
3668  0000        JMP 0
3669  0000        JMP 0
366A  0000        JMP 0
366B  0000        JMP 0
366C  0000        JMP 0
366D  0000        JMP 0
366E  0000        JMP 0
366F  0000        JMP 0
3670  0000        JMP 0
3671  0000        JMP 0
3672  0000        JMP 0
3673  0000        JMP 0
3674  0000        JMP 0
3675  0000        JMP 0
3676  0000        JMP 0
3677  0000        JMP 0
3678  0000        JMP 0
3679  0000        JMP 0
367A  0000        JMP 0
367B  0000        JMP 0
367C  0000        JMP 0
367D  0000        JMP 0
367E  0000        JMP 0
367F  0000        JMP 0
3680  0000        JMP 0
3681  0000        JMP 0
3682  0000        JMP 0
3683  0000        JMP 0
3684  0000        JMP 0
3685  0000        JMP 0
3686  0000        JMP 0
3687  0000        JMP 0
3688  0000        JMP 0
3689  0000        JMP 0
368A  0000        JMP 0
368B  0000        JMP 0
368C  0000        JMP 0
368D  0000        JMP 0
368E  0000        JMP 0
368F  0000        JMP 0
3690  0000        JMP 0
3691  0000        JMP 0
3692  0000        JMP 0
3693  0000        JMP 0
3694  0000        JMP 0
3695  0000        JMP 0
3696  0000        JMP 0
3697  0000        JMP 0
3698  0000        JMP 0
3699  0000        JMP 0
369A  0000        JMP 0
369B  0000        JMP 0
369C  0000        JMP 0
369D  0000        JMP 0
369E  0000        JMP 0
369F  0000        JMP 0
36A0  0000        JMP 0
36A1  0000        JMP 0
36A2  0000        JMP 0
36A3  0000        JMP 0
36A4  0000        JMP 0
36A5  0000        JMP 0
36A6  0000        JMP 0
36A7  0000        JMP 0
36A8  0000        JMP 0
36A9  0000        JMP 0
36AA  0000        JMP 0
36AB  0000        JMP 0
36AC  0000        JMP 0
36AD  0000        JMP 0
36AE  0000        JMP 0
36AF  0000        JMP 0
36B0  0000        JMP 0
36B1  0000        JMP 0
36B2  0000        JMP 0
36B3  0000        JMP 0
36B4  0000        JMP 0
36B5  0000        JMP 0
36B6  0000        JMP 0
36B7  0000        JMP 0
36B8  0000        JMP 0
36B9  0000        JMP 0
36BA  0000        JMP 0
36BB  0000        JMP 0
36BC  0000        JMP 0
36BD  0000        JMP 0
36BE  0000        JMP 0
36BF  0000        JMP 0
36C0  0000        JMP 0
36C1  0000        JMP 0
36C2  0000        JMP 0
36C3  0000        JMP 0
36C4  0000        JMP 0
36C5  0000        JMP 0
36C6  0000        JMP 0
36C7  0000        JMP 0
36C8  0000        JMP 0
36C9  0000        JMP 0
36CA  0000        JMP 0
36CB  0000        JMP 0
36CC  0000        JMP 0
36CD  0000        JMP 0
36CE  0000        JMP 0
36CF  0000        JMP 0
36D0  0000        JMP 0
36D1  0000        JMP 0
36D2  0000        JMP 0
36D3  0000        JMP 0
36D4  0000        JMP 0
36D5  0000        JMP 0
36D6  0000        JMP 0
36D7  0000        JMP 0
36D8  0000        JMP 0
36D9  0000        JMP 0
36DA  0000        JMP 0
36DB  0000        JMP 0
36DC  0000        JMP 0
36DD  0000        JMP 0
36DE  0000        JMP 0
36DF  0000        JMP 0
36E0  0000        JMP 0
36E1  0000        JMP 0
36E2  0000        JMP 0
36E3  0000        JMP 0
36E4  0000        JMP 0
36E5  0000        JMP 0
36E6  0000        JMP 0
36E7  0000        JMP 0
36E8  0000        JMP 0
36E9  0000        JMP 0
36EA  0000        JMP 0
36EB  0000        JMP 0
36EC  0000        JMP 0
36ED  0000        JMP 0
36EE  0000        JMP 0
36EF  0000        JMP 0
36F0  0000        JMP 0
36F1  0000        JMP 0
36F2  0000        JMP 0
36F3  0000        JMP 0
36F4  0000        JMP 0
36F5  0000        JMP 0
36F6  0000        JMP 0
36F7  0000        JMP 0
36F8  0000        JMP 0
36F9  0000        JMP 0
36FA  0000        JMP 0
36FB  0000        JMP 0
36FC  0000        JMP 0
36FD  0000        JMP 0
36FE  0000        JMP 0
36FF  0000        JMP 0
3700  0000        JMP 0
3701  0000        JMP 0
3702  0000        JMP 0
3703  0000        JMP 0
3704  0000        JMP 0
3705  0000        JMP 0
3706  0000        JMP 0
3707  0000        JMP 0
3708  0000        JMP 0
3709  0000        JMP 0
370A  0000        JMP 0
370B  0000        JMP 0
370C  0000        JMP 0
370D  0000        JMP 0
370E  0000        JMP 0
370F  0000        JMP 0
3710  0000        JMP 0
3711  0000        JMP 0
3712  0000        JMP 0
3713  0000        JMP 0
3714  0000        JMP 0
3715  0000        JMP 0
3716  0000        JMP 0
3717  0000        JMP 0
3718  0000        JMP 0
3719  0000        JMP 0
371A  0000        JMP 0
371B  0000        JMP 0
371C  0000        JMP 0
371D  0000        JMP 0
371E  0000        JMP 0
371F  0000        JMP 0
3720  0000        JMP 0
3721  0000        JMP 0
3722  0000        JMP 0
3723  0000        JMP 0
3724  0000        JMP 0
3725  0000        JMP 0
3726  0000        JMP 0
3727  0000        JMP 0
3728  0000        JMP 0
3729  0000        JMP 0
372A  0000        JMP 0
372B  0000        JMP 0
372C  0000        JMP 0
372D  0000        JMP 0
372E  0000        JMP 0
372F  0000        JMP 0
3730  0000        JMP 0
3731  0000        JMP 0
3732  0000        JMP 0
3733  0000        JMP 0
3734  0000        JMP 0
3735  0000        JMP 0
3736  0000        JMP 0
3737  0000        JMP 0
3738  0000        JMP 0
3739  0000        JMP 0
373A  0000        JMP 0
373B  0000        JMP 0
373C  0000        JMP 0
373D  0000        JMP 0
373E  0000        JMP 0
373F  0000        JMP 0
3740  0000        JMP 0
3741  0000        JMP 0
3742  0000        JMP 0
3743  0000        JMP 0
3744  0000        JMP 0
3745  0000        JMP 0
3746  0000        JMP 0
3747  0000        JMP 0
3748  0000        JMP 0
3749  0000        JMP 0
374A  0000        JMP 0
374B  0000        JMP 0
374C  0000        JMP 0
374D  0000        JMP 0
374E  0000        JMP 0
374F  0000        JMP 0
3750  0000        JMP 0
3751  0000        JMP 0
3752  0000        JMP 0
3753  0000        JMP 0
3754  0000        JMP 0
3755  0000        JMP 0
3756  0000        JMP 0
3757  0000        JMP 0
3758  0000        JMP 0
3759  0000        JMP 0
375A  0000        JMP 0
375B  0000        JMP 0
375C  0000        JMP 0
375D  0000        JMP 0
375E  0000        JMP 0
375F  0000        JMP 0
3760  0000        JMP 0
3761  0000        JMP 0
3762  0000        JMP 0
3763  0000        JMP 0
3764  0000        JMP 0
3765  0000        JMP 0
3766  0000        JMP 0
3767  0000        JMP 0
3768  0000        JMP 0
3769  0000        JMP 0
376A  0000        JMP 0
376B  0000        JMP 0
376C  0000        JMP 0
376D  0000        JMP 0
376E  0000        JMP 0
376F  0000        JMP 0
3770  0000        JMP 0
3771  0000        JMP 0
3772  0000        JMP 0
3773  0000        JMP 0
3774  0000        JMP 0
3775  0000        JMP 0
3776  0000        JMP 0
3777  0000        JMP 0
3778  0000        JMP 0
3779  0000        JMP 0
377A  0000        JMP 0
377B  0000        JMP 0
377C  0000        JMP 0
377D  0000        JMP 0
377E  0000        JMP 0
377F  0000        JMP 0
3780  0000        JMP 0
3781  0000        JMP 0
3782  0000        JMP 0
3783  0000        JMP 0
3784  0000        JMP 0
3785  0000        JMP 0
3786  0000        JMP 0
3787  0000        JMP 0
3788  0000        JMP 0
3789  0000        JMP 0
378A  0000        JMP 0
378B  0000        JMP 0
378C  0000        JMP 0
378D  0000        JMP 0
378E  0000        JMP 0
378F  0000        JMP 0
3790  0000        JMP 0
3791  0000        JMP 0
3792  0000        JMP 0
3793  0000        JMP 0
3794  0000        JMP 0
3795  0000        JMP 0
3796  0000        JMP 0
3797  0000        JMP 0
3798  0000        JMP 0
3799  0000        JMP 0
379A  0000        JMP 0
379B  0000        JMP 0
379C  0000        JMP 0
379D  0000        JMP 0
379E  0000        JMP 0
379F  0000        JMP 0
37A0  0000        JMP 0
37A1  0000        JMP 0
37A2  0000        JMP 0
37A3  0000        JMP 0
37A4  0000        JMP 0
37A5  0000        JMP 0
37A6  0000        JMP 0
37A7  0000        JMP 0
37A8  0000        JMP 0
37A9  0000        JMP 0
37AA  0000        JMP 0
37AB  0000        JMP 0
37AC  0000        JMP 0
37AD  0000        JMP 0
37AE  0000        JMP 0
37AF  0000        JMP 0
37B0  0000        JMP 0
37B1  0000        JMP 0
37B2  0000        JMP 0
37B3  0000        JMP 0
37B4  0000        JMP 0
37B5  0000        JMP 0
37B6  0000        JMP 0
37B7  0000        JMP 0
37B8  0000        JMP 0
37B9  0000        JMP 0
37BA  0000        JMP 0
37BB  0000        JMP 0
37BC  0000        JMP 0
37BD  0000        JMP 0
37BE  0000        JMP 0
37BF  0000        JMP 0
37C0  0000        JMP 0
37C1  0000        JMP 0
37C2  0000        JMP 0
37C3  0000        JMP 0
37C4  0000        JMP 0
37C5  0000        JMP 0
37C6  0000        JMP 0
37C7  0000        JMP 0
37C8  0000        JMP 0
37C9  0000        JMP 0
37CA  0000        JMP 0
37CB  0000        JMP 0
37CC  0000        JMP 0
37CD  0000        JMP 0
37CE  0000        JMP 0
37CF  0000        JMP 0
37D0  0000        JMP 0
37D1  0000        JMP 0
37D2  0000        JMP 0
37D3  0000        JMP 0
37D4  0000        JMP 0
37D5  0000        JMP 0
37D6  0000        JMP 0
37D7  0000        JMP 0
37D8  0000        JMP 0
37D9  0000        JMP 0
37DA  0000        JMP 0
37DB  0000        JMP 0
37DC  0000        JMP 0
37DD  0000        JMP 0
37DE  0000        JMP 0
37DF  0000        JMP 0
37E0  0000        JMP 0
37E1  0000        JMP 0
37E2  0000        JMP 0
37E3  0000        JMP 0
37E4  0000        JMP 0
37E5  0000        JMP 0
37E6  0000        JMP 0
37E7  0000        JMP 0
37E8  0000        JMP 0
37E9  0000        JMP 0
37EA  0000        JMP 0
37EB  0000        JMP 0
37EC  0000        JMP 0
37ED  0000        JMP 0
37EE  0000        JMP 0
37EF  0000        JMP 0
37F0  0000        JMP 0
37F1  0000        JMP 0
37F2  0000        JMP 0
37F3  0000        JMP 0
37F4  0000        JMP 0
37F5  0000        JMP 0
37F6  0000        JMP 0
37F7  0000        JMP 0
37F8  0000        JMP 0
37F9  0000        JMP 0
37FA  0000        JMP 0
37FB  0000        JMP 0
37FC  0000        JMP 0
37FD  0000        JMP 0
37FE  0000        JMP 0
37FF  0000        JMP 0
3800  E7C8 0037   SAVE 55             ; frame
3802  0C42        JSR @66
3803  0001        JMP 1
3804  430E        STA 0,14,3
3805  B438 01B1   ELDA 2,01B1   ; = 433
3807  2AFD        LDA 1,-3,2
3808  B500        SUB 1,2
3809  530F        STA 2,15,3
380A  B008        ADI 1,2
380B  5310        STA 2,16,3
380C  B438 01BF   ELDA 2,01BF   ; = 447
380E  32FD        LDA 2,-3,2
380F  5311        STA 2,17,3
3810  B438 01BF   ELDA 2,01BF   ; = 447
3812  32FB        LDA 2,-5,2
3813  5312        STA 2,18,3
3814  B438 01BF   ELDA 2,01BF   ; = 447
3816  32FE        LDA 2,-2,2
3817  2311        LDA 0,17,3
3818  8100        NEG 0,0
3819  8300        INC 0,0
381A  5313        STA 2,19,3
381B  9600        ADD 0,2
381C  4314        STA 0,20,3
381D  2311        LDA 0,17,3
381E  4B15        STA 1,21,3
381F  2B12        LDA 1,18,3
3820  CFC8        MULS
3821  A438 01BF   ELDA 0,01BF   ; = 447
3823  A500        SUB 1,0
3824  5316        STA 2,22,3
3825  B438 01AF   ELDA 2,01AF   ; = 431
3827  32FD        LDA 2,-3,2
3828  CA00        MOV 2,1
3829  4317        STA 0,23,3
382A  A200        MOV 1,0
382B  AE00        ADD 1,1
382C  8E00        ADD 0,1
382D  4318        STA 0,24,3
382E  A438 01AF   ELDA 0,01AF   ; = 431
3830  A500        SUB 1,0
3831  4319        STA 0,25,3
3832  E7F8 0006   ADDI 0006,0
3834  B438 01B7   ELDA 2,01B7   ; = 439
3836  32FD        LDA 2,-3,2
3837  531A        STA 2,26,3
3838  B438 01B7   ELDA 2,01B7   ; = 439
383A  32FB        LDA 2,-5,2
383B  531B        STA 2,27,3
383C  B438 01B7   ELDA 2,01B7   ; = 439
383E  32FE        LDA 2,-2,2
383F  431C        STA 0,28,3
3840  231A        LDA 0,26,3
3841  8100        NEG 0,0
3842  8300        INC 0,0
3843  531D        STA 2,29,3
3844  9600        ADD 0,2
3845  431E        STA 0,30,3
3846  8500        SUB 0,0
3847  4B1F        STA 1,31,3
3848  2B1B        LDA 1,27,3
3849  CFC8        MULS
384A  231A        LDA 0,26,3
384B  4B20        STA 1,32,3
384C  8E00        ADD 0,1
384D  A438 01B7   ELDA 0,01B7   ; = 439
384F  A500        SUB 1,0
3850  5321        STA 2,33,3
3851  D600        ADD 2,2
3852  5322        STA 2,34,3
3853  F7F8 0054   ADDI 0054,2
3855  5323        STA 2,35,3
3856  9600        ADD 0,2
3857  4324        STA 0,36,3
3858  2321        LDA 0,33,3
3859  E7F8 0030   ADDI 0030,0
385B  5325        STA 2,37,3
385C  3324        LDA 2,36,3
385D  9600        ADD 0,2
385E  4326        STA 0,38,3
385F  2321        LDA 0,33,3
3860  E7F8 0086   ADDI 0086,0
3862  5327        STA 2,39,3
3863  3324        LDA 2,36,3
3864  9600        ADD 0,2
3865  4328        STA 0,40,3
3866  2321        LDA 0,33,3
3867  E7F8 00A1   ADDI 00A1,0
3869  5329        STA 2,41,3
386A  3324        LDA 2,36,3
386B  9600        ADD 0,2
386C  2321        LDA 0,33,3
386D  E7F8 0028   ADDI 0028,0
386F  532A        STA 2,42,3
3870  3324        LDA 2,36,3
3871  9600        ADD 0,2
3872  432B        STA 0,43,3
3873  4B2C        STA 1,44,3
3874  532D        STA 2,45,3
3875  0C62        JSR @98
3876  EC38 4546   ELEF 1,4546   ; [4546] = 32
3878  6307        IO   6307
3879  0C59        JSR @89
387A  6304        IO   6304
387B  0C59        JSR @89
387C  0101        JMP 1,PC   ; -> 387D
387D  270E        LDA 0,@14,3
387E  F438 45A9   ELEF 2,45A9   ; [45A9] = 12430
3880  0C5A        JSR @90
3881  D00C        COM# 2,2,SZR
3882  0A00        JSR 0,2
3883  3020        LDA 2,32
3884  E438 4548   ELEF 0,4548   ; -> "CMD3" (len 4)
3886  EC38 4547   ELEF 1,4547   ; [4547] = 34
3888  8E48        PSH 0,1
3889  0C0C 5DBE   JSR @12            ; overlay call, arg 5DBE
388B  5020        STA 2,32
388C  8538 0495   EJMP 0495,PC   ; -> 3D22
388E  E438 0AF7   ELEF 0,0AF7   ; [0AF7] = 0
3890  3821        LDA 3,33
3891  2F10        LDA 1,@16,3
3892  8D0C        SUB# 0,1,SZR
3893  0136        JMP 54,PC   ; -> 38C9
3894  3020        LDA 2,32
3895  E438 4551   ELEF 0,4551   ; [4551] = 49
3897  8648        PSH 0,0
3898  E438 4550   ELEF 0,4550   ; [4550] = 6
389A  6B2E        IO   6B2E
389B  8E48        PSH 0,1
389C  0C0C 5FDF   JSR @12            ; overlay call, arg 5FDF
389E  5020        STA 2,32
389F  A438 01D5   ELDA 0,01D5   ; = 469
38A1  2B2E        LDA 1,46,3
38A2  8D0C        SUB# 0,1,SZR
38A3  011C        JMP 28,PC   ; -> 38BF
38A4  E438 4552   ELEF 0,4552   ; [4552] = 254
38A6  8648        PSH 0,0
38A7  0C0C 5D26   JSR @12            ; overlay call, arg 5D26
38A9  5020        STA 2,32
38AA  8550        SUBZL 0,0
38AB  430A        STA 0,10,3
38AC  230A        LDA 0,10,3
38AD  AC38 01FE   ELDA 1,01FE   ; = 510
38AF  A248        SGE 1,0
38B0  010B        JMP 11,PC   ; -> 38BB
38B1  3316        LDA 2,22,3
38B2  9600        ADD 0,2
38B3  2317        LDA 0,23,3
38B4  9600        ADD 0,2
38B5  8500        SUB 0,0
38B6  4200        STA 0,0,2
38B7  230A        LDA 0,10,3
38B8  8300        INC 0,0
38B9  430A        STA 0,10,3
38BA  01F2        JMP -14,PC   ; -> 38AC
38BB  8500        SUB 0,0
38BC  C438 01F7   ESTA 0,01F7   ; = 503
38BE  0109        JMP 9,PC   ; -> 38C7
38BF  3020        LDA 2,32
38C0  231C        LDA 0,28,3
38C1  EC38 4556   ELEF 1,4556   ; [4556] = 271
38C3  8E48        PSH 0,1
38C4  0C0C 5DBE   JSR @12            ; overlay call, arg 5DBE
38C6  5020        STA 2,32
38C7  8538 0094   EJMP 0094,PC   ; -> 395C
38C9  3020        LDA 2,32
38CA  E438 4553   ELEF 0,4553   ; [4553] = 1
38CC  EC38 4554   ELEF 1,4554   ; [4554] = 0
38CE  8E48        PSH 0,1
38CF  E438 454E   ELEF 0,454E   ; [454E] = 2
38D1  6B2E        IO   6B2E
38D2  8E48        PSH 0,1
38D3  0C0C 5674   JSR @12            ; overlay call, arg 5674
38D5  5020        STA 2,32
38D6  232E        LDA 0,46,3
38D7  430A        STA 0,10,3
38D8  862E        ADDO# 0,0,SEZ
38D9  0103        JMP 3,PC   ; -> 38DC
38DA  8538 0081   EJMP 0081,PC   ; -> 395C
38DC  630A        IO   630A
38DD  6B2E        IO   6B2E
38DE  8E48        PSH 0,1
38DF  0C0C 540B   JSR @12            ; overlay call, arg 540B
38E1  5020        STA 2,32
38E2  232E        LDA 0,46,3
38E3  430B        STA 0,11,3
38E4  820D        MOV# 0,0,SNR
38E5  0109        JMP 9,PC   ; -> 38EE
38E6  EC38 4550   ELEF 1,4550   ; [4550] = 6
38E8  AE48        PSH 1,1
38E9  0C0C 5D26   JSR @12            ; overlay call, arg 5D26
38EB  5020        STA 2,32
38EC  8538 006F   EJMP 006F,PC   ; -> 395C
38EE  230A        LDA 0,10,3
38EF  6813        IO   6813
38F0  8D0C        SUB# 0,1,SZR
38F1  D501        SUB 2,2,SKP
38F2  D550        SUBZL 2,2
38F3  532E        STA 2,46,3
38F4  3020        LDA 2,32
38F5  E438 4558   ELEF 0,4558   ; [4558] = 54
38F7  8648        PSH 0,0
38F8  E438 4553   ELEF 0,4553   ; [4553] = 1
38FA  6B2F        IO   6B2F
38FB  8E48        PSH 0,1
38FC  0C0C 5FDF   JSR @12            ; overlay call, arg 5FDF
38FE  5020        STA 2,32
38FF  A438 01D5   ELDA 0,01D5   ; = 469
3901  2B2F        LDA 1,47,3
3902  8D0C        SUB# 0,1,SZR
3903  D501        SUB 2,2,SKP
3904  D550        SUBZL 2,2
3905  232E        LDA 0,46,3
3906  9700        AND 0,2
3907  D20D        MOV# 2,2,SNR
3908  012B        JMP 43,PC   ; -> 3933
3909  3020        LDA 2,32
390A  E438 4559   ELEF 0,4559   ; [4559] = 20
390C  6B2F        IO   6B2F
390D  8E48        PSH 0,1
390E  0C0C 5FFA   JSR @12            ; overlay call, arg 5FFA
3910  5020        STA 2,32
3911  232F        LDA 0,47,3
3912  820C        MOV# 0,0,SZR
3913  0118        JMP 24,PC   ; -> 392B
3914  EC38 455A   ELEF 1,455A   ; [455A] = 14
3916  AE48        PSH 1,1
3917  0C0C 5D26   JSR @12            ; overlay call, arg 5D26
3919  5020        STA 2,32
391A  E438 4553   ELEF 0,4553   ; [4553] = 1
391C  EC38 4559   ELEF 1,4559   ; [4559] = 20
391E  8E48        PSH 0,1
391F  0C0C 6024   JSR @12            ; overlay call, arg 6024
3921  5020        STA 2,32
3922  E438 4553   ELEF 0,4553   ; [4553] = 1
3924  EC38 455B   ELEF 1,455B   ; [455B] = 21
3926  8E48        PSH 0,1
3927  0C0C 6024   JSR @12            ; overlay call, arg 6024
3929  5020        STA 2,32
392A  0108        JMP 8,PC   ; -> 3932
392B  3020        LDA 2,32
392C  E438 455C   ELEF 0,455C   ; [455C] = 17
392E  8648        PSH 0,0
392F  0C0C 5D26   JSR @12            ; overlay call, arg 5D26
3931  5020        STA 2,32
3932  012A        JMP 42,PC   ; -> 395C
3933  230A        LDA 0,10,3
3934  68AB        IO   68AB
3935  8D0C        SUB# 0,1,SZR
3936  011D        JMP 29,PC   ; -> 3953
3937  3020        LDA 2,32
3938  E438 455D   ELEF 0,455D   ; [455D] = 171
393A  6B2F        IO   6B2F
393B  8E48        PSH 0,1
393C  0C0C 5FFA   JSR @12            ; overlay call, arg 5FFA
393E  5020        STA 2,32
393F  8550        SUBZL 0,0
3940  2B2F        LDA 1,47,3
3941  8D0C        SUB# 0,1,SZR
3942  0109        JMP 9,PC   ; -> 394B
3943  E438 454E   ELEF 0,454E   ; [454E] = 2
3945  EC38 455D   ELEF 1,455D   ; [455D] = 171
3947  8E48        PSH 0,1
3948  0C0C 6024   JSR @12            ; overlay call, arg 6024
394A  5020        STA 2,32
394B  3020        LDA 2,32
394C  E438 455E   ELEF 0,455E   ; [455E] = 120
394E  8648        PSH 0,0
394F  0C0C 5D26   JSR @12            ; overlay call, arg 5D26
3951  5020        STA 2,32
3952  010A        JMP 10,PC   ; -> 395C
3953  3020        LDA 2,32
3954  E438 021D   ELEF 0,021D   ; = 541
3956  EC38 455F   ELEF 1,455F   ; [455F] = 15
3958  8E48        PSH 0,1
3959  0C0C 5DBE   JSR @12            ; overlay call, arg 5DBE
395B  5020        STA 2,32
395C  8538 03C5   EJMP 03C5,PC   ; -> 3D22
395E  3821        LDA 3,33
395F  2710        LDA 0,@16,3
3960  430A        STA 0,10,3
3961  EC38 0690   ELEF 1,0690   ; [0690] = 0
3963  8D0C        SUB# 0,1,SZR
3964  010A        JMP 10,PC   ; -> 396E
3965  3020        LDA 2,32
3966  E438 454E   ELEF 0,454E   ; [454E] = 2
3968  8648        PSH 0,0
3969  0C0C 0169   JSR @12            ; overlay call, arg 0169
396B  5020        STA 2,32
396C  8538 0279   EJMP 0279,PC   ; -> 3BE6
396E  6020        IO   6020
396F  AC38 01D5   ELDA 1,01D5   ; = 469
3971  A50D        SUB# 1,0,SNR
3972  0103        JMP 3,PC   ; -> 3975
3973  8538 0095   EJMP 0095,PC   ; -> 3A09
3975  F438 0A96   ELEF 2,0A96   ; [0A96] = 0
3977  230A        LDA 0,10,3
3978  C208        SGT 2,0
3979  D501        SUB 2,2,SKP
397A  D550        SUBZL 2,2
397B  EC38 0AA0   ELEF 1,0AA0   ; [0AA0] = 0
397D  532F        STA 2,47,3
397E  8A08        SGT 0,1
397F  D501        SUB 2,2,SKP
3980  D550        SUBZL 2,2
3981  232F        LDA 0,47,3
3982  9108        IOR 0,2
3983  D20D        MOV# 2,2,SNR
3984  010A        JMP 10,PC   ; -> 398E
3985  3020        LDA 2,32
3986  E438 4563   ELEF 0,4563   ; [4563] = 122
3988  8648        PSH 0,0
3989  0C0C 5D26   JSR @12            ; overlay call, arg 5D26
398B  5020        STA 2,32
398C  8538 007A   EJMP 007A,PC   ; -> 3A07
398E  3020        LDA 2,32
398F  E438 4564   ELEF 0,4564   ; [4564] = 121
3991  8648        PSH 0,0
3992  0C0C 5D26   JSR @12            ; overlay call, arg 5D26
3994  5020        STA 2,32
3995  230A        LDA 0,10,3
3996  EC38 0AA0   ELEF 1,0AA0   ; [0AA0] = 0
3998  8D0C        SUB# 0,1,SZR
3999  0106        JMP 6,PC   ; -> 399F
399A  8500        SUB 0,0
399B  C438 01E9   ESTA 0,01E9   ; = 489
399D  8538 0069   EJMP 0069,PC   ; -> 3A07
399F  3020        LDA 2,32
39A0  EC38 454E   ELEF 1,454E   ; [454E] = 2
39A2  AE48        PSH 1,1
39A3  231C        LDA 0,28,3
39A4  6B30        IO   6B30
39A5  0C5D        JSR @93
39A6  5020        STA 2,32
39A7  6304        IO   6304
39A8  0C5C        JSR @92
39A9  6307        IO   6307
39AA  EC38 4565   ELEF 1,4565   ; -> "101654" (len 6)
39AC  0C5C        JSR @92
39AD  A438 01E9   ELDA 0,01E9   ; = 489
39AF  8300        INC 0,0
39B0  C438 01E9   ESTA 0,01E9   ; = 489
39B2  6807        IO   6807
39B3  A208        SGT 1,0
39B4  010E        JMP 14,PC   ; -> 39C2
39B5  EC38 01E9   ELEF 1,01E9   ; = 489
39B7  AE48        PSH 1,1
39B8  6307        IO   6307
39B9  6B30        IO   6B30
39BA  0C5D        JSR @93
39BB  5020        STA 2,32
39BC  6304        IO   6304
39BD  0C55        JSR @85
39BE  0104        JMP 4,PC   ; -> 39C2
39BF  680A        IO   680A
39C0  CC38 01E9   ESTA 1,01E9   ; = 489
39C2  3020        LDA 2,32
39C3  E438 456E   ELEF 0,456E   ; [456E] = 84
39C5  6B2F        IO   6B2F
39C6  8E48        PSH 0,1
39C7  0C0C 5FFA   JSR @12            ; overlay call, arg 5FFA
39C9  5020        STA 2,32
39CA  232F        LDA 0,47,3
39CB  820C        MOV# 0,0,SZR
39CC  013B        JMP 59,PC   ; -> 3A07
39CD  AC38 01E9   ELDA 1,01E9   ; = 489
39CF  6006        IO   6006
39D0  A50C        SUB# 1,0,SZR
39D1  0136        JMP 54,PC   ; -> 3A07
39D2  A438 020A   ELDA 0,020A   ; = 522
39D4  C7F8 4000   ANDI 4000,0
39D6  820C        MOV# 0,0,SZR
39D7  010D        JMP 13,PC   ; -> 39E4
39D8  A438 020A   ELDA 0,020A   ; = 522
39DA  87F8 4000   IORI 4000,0
39DC  C438 020A   ESTA 0,020A   ; = 522
39DE  A438 01D7   ELDA 0,01D7   ; = 471
39E0  E7F8 000A   ADDI 000A,0
39E2  C438 01D7   ESTA 0,01D7   ; = 471
39E4  3020        LDA 2,32
39E5  E438 4570   ELEF 0,4570   ; [4570] = 123
39E7  8648        PSH 0,0
39E8  0C0C 5D26   JSR @12            ; overlay call, arg 5D26
39EA  5020        STA 2,32
39EB  E438 4553   ELEF 0,4553   ; [4553] = 1
39ED  EC38 456E   ELEF 1,456E   ; [456E] = 84
39EF  8E48        PSH 0,1
39F0  0C0C 6024   JSR @12            ; overlay call, arg 6024
39F2  5020        STA 2,32
39F3  2325        LDA 0,37,3
39F4  6B33        IO   6B33
39F5  0C44        JSR @68
39F6  5020        STA 2,32
39F7  AE48        PSH 1,1
39F8  E438 4571   ELEF 0,4571   ; [4571] = 0
39FA  6B35        IO   6B35
39FB  0C4A        JSR @74
39FC  5020        STA 2,32
39FD  A200        MOV 1,0
39FE  6B2F        IO   6B2F
39FF  0C4B        JSR @75
3A00  5020        STA 2,32
3A01  232F        LDA 0,47,3
3A02  6830        IO   6830
3A03  4B0D        STA 1,13,3
3A04  4725        STA 0,@37,3
3A05  A108        IOR 1,0
3A06  4725        STA 0,@37,3
3A07  8538 01DE   EJMP 01DE,PC   ; -> 3BE6
3A09  3020        LDA 2,32
3A0A  E438 4553   ELEF 0,4553   ; [4553] = 1
3A0C  EC38 01D5   ELEF 1,01D5   ; = 469
3A0E  8E48        PSH 0,1
3A0F  E438 454E   ELEF 0,454E   ; [454E] = 2
3A11  6B2F        IO   6B2F
3A12  8E48        PSH 0,1
3A13  0C0C 5674   JSR @12            ; overlay call, arg 5674
3A15  5020        STA 2,32
3A16  232F        LDA 0,47,3
3A17  430A        STA 0,10,3
3A18  862F        ADDO# 0,0,SBN
3A19  AD01        SUB 1,1,SKP
3A1A  AD50        SUBZL 1,1
3A1B  AA0C        MOV# 1,1,SZR
3A1C  0103        JMP 3,PC   ; -> 3A1F
3A1D  8538 01C8   EJMP 01C8,PC   ; -> 3BE6
3A1F  630A        IO   630A
3A20  6B2F        IO   6B2F
3A21  8E48        PSH 0,1
3A22  0C0C 540B   JSR @12            ; overlay call, arg 540B
3A24  5020        STA 2,32
3A25  A438 01D5   ELDA 0,01D5   ; = 469
3A27  2B2F        LDA 1,47,3
3A28  8D0D        SUB# 0,1,SNR
3A29  010B        JMP 11,PC   ; -> 3A34
3A2A  E438 021D   ELEF 0,021D   ; = 541
3A2C  EC38 454E   ELEF 1,454E   ; [454E] = 2
3A2E  8E48        PSH 0,1
3A2F  0C0C 5DBE   JSR @12            ; overlay call, arg 5DBE
3A31  5020        STA 2,32
3A32  8538 01B3   EJMP 01B3,PC   ; -> 3BE6
3A34  230A        LDA 0,10,3
3A35  685A        IO   685A
3A36  8D0C        SUB# 0,1,SZR
3A37  012E        JMP 46,PC   ; -> 3A65
3A38  3020        LDA 2,32
3A39  E438 4575   ELEF 0,4575   ; [4575] = 83
3A3B  6B2F        IO   6B2F
3A3C  8E48        PSH 0,1
3A3D  0C0C 5FFA   JSR @12            ; overlay call, arg 5FFA
3A3F  5020        STA 2,32
3A40  232F        LDA 0,47,3
3A41  820C        MOV# 0,0,SZR
3A42  011C        JMP 28,PC   ; -> 3A5E
3A43  EC38 4576   ELEF 1,4576   ; [4576] = 119
3A45  AE48        PSH 1,1
3A46  0C0C 5D26   JSR @12            ; overlay call, arg 5D26
3A48  5020        STA 2,32
3A49  E438 4553   ELEF 0,4553   ; [4553] = 1
3A4B  EC38 4575   ELEF 1,4575   ; [4575] = 83
3A4D  8E48        PSH 0,1
3A4E  0C0C 6024   JSR @12            ; overlay call, arg 6024
3A50  5020        STA 2,32
3A51  E438 4577   ELEF 0,4577   ; [4577] = 43
3A53  8648        PSH 0,0
3A54  E438 4553   ELEF 0,4553   ; [4553] = 1
3A56  6B2F        IO   6B2F
3A57  8E48        PSH 0,1
3A58  0C0C 5FDF   JSR @12            ; overlay call, arg 5FDF
3A5A  5020        STA 2,32
3A5B  232F        LDA 0,47,3
3A5C  4727        STA 0,@39,3
3A5D  0108        JMP 8,PC   ; -> 3A65
3A5E  3020        LDA 2,32
3A5F  E438 455E   ELEF 0,455E   ; [455E] = 120
3A61  8648        PSH 0,0
3A62  0C0C 5D26   JSR @12            ; overlay call, arg 5D26
3A64  5020        STA 2,32
3A65  230A        LDA 0,10,3
3A66  685B        IO   685B
3A67  8D0C        SUB# 0,1,SZR
3A68  012F        JMP 47,PC   ; -> 3A97
3A69  3020        LDA 2,32
3A6A  E438 4575   ELEF 0,4575   ; [4575] = 83
3A6C  6B2F        IO   6B2F
3A6D  8E48        PSH 0,1
3A6E  0C0C 5FFA   JSR @12            ; overlay call, arg 5FFA
3A70  5020        STA 2,32
3A71  8550        SUBZL 0,0
3A72  2B2F        LDA 1,47,3
3A73  8D0C        SUB# 0,1,SZR
3A74  011C        JMP 28,PC   ; -> 3A90
3A75  E438 4576   ELEF 0,4576   ; [4576] = 119
3A77  8648        PSH 0,0
3A78  0C0C 5D26   JSR @12            ; overlay call, arg 5D26
3A7A  5020        STA 2,32
3A7B  E438 4554   ELEF 0,4554   ; [4554] = 0
3A7D  EC38 4575   ELEF 1,4575   ; [4575] = 83
3A7F  8E48        PSH 0,1
3A80  0C0C 6024   JSR @12            ; overlay call, arg 6024
3A82  5020        STA 2,32
3A83  E438 4579   ELEF 0,4579   ; [4579] = 50
3A85  8648        PSH 0,0
3A86  E438 454E   ELEF 0,454E   ; [454E] = 2
3A88  6B2F        IO   6B2F
3A89  8E48        PSH 0,1
3A8A  0C0C 5FDF   JSR @12            ; overlay call, arg 5FDF
3A8C  5020        STA 2,32
3A8D  232F        LDA 0,47,3
3A8E  4727        STA 0,@39,3
3A8F  0108        JMP 8,PC   ; -> 3A97
3A90  3020        LDA 2,32
3A91  E438 455E   ELEF 0,455E   ; [455E] = 120
3A93  8648        PSH 0,0
3A94  0C0C 5D26   JSR @12            ; overlay call, arg 5D26
3A96  5020        STA 2,32
3A97  230A        LDA 0,10,3
3A98  685C        IO   685C
3A99  8D0C        SUB# 0,1,SZR
3A9A  0129        JMP 41,PC   ; -> 3AC3
3A9B  3020        LDA 2,32
3A9C  E438 457B   ELEF 0,457B   ; [457B] = 160
3A9E  6B2F        IO   6B2F
3A9F  8E48        PSH 0,1
3AA0  0C0C 5FFA   JSR @12            ; overlay call, arg 5FFA
3AA2  5020        STA 2,32
3AA3  8550        SUBZL 0,0
3AA4  2B2F        LDA 1,47,3
3AA5  8D0C        SUB# 0,1,SZR
3AA6  0116        JMP 22,PC   ; -> 3ABC
3AA7  E438 457C   ELEF 0,457C   ; [457C] = 188
3AA9  8648        PSH 0,0
3AAA  0C0C 5D26   JSR @12            ; overlay call, arg 5D26
3AAC  5020        STA 2,32
3AAD  E438 4554   ELEF 0,4554   ; [4554] = 0
3AAF  EC38 457B   ELEF 1,457B   ; [457B] = 160
3AB1  8E48        PSH 0,1
3AB2  0C0C 6024   JSR @12            ; overlay call, arg 6024
3AB4  5020        STA 2,32
3AB5  A438 457D   ELDA 0,457D   ; [457D] = 0
3AB7  AC00        ADC 1,1
3AB8  C438 01CA   ESTA 0,01CA   ; = 458
3ABA  4F29        STA 1,@41,3
3ABB  0108        JMP 8,PC   ; -> 3AC3
3ABC  3020        LDA 2,32
3ABD  E438 455E   ELEF 0,455E   ; [455E] = 120
3ABF  8648        PSH 0,0
3AC0  0C0C 5D26   JSR @12            ; overlay call, arg 5D26
3AC2  5020        STA 2,32
3AC3  230A        LDA 0,10,3
3AC4  685D        IO   685D
3AC5  8D0C        SUB# 0,1,SZR
3AC6  0132        JMP 50,PC   ; -> 3AF8
3AC7  3020        LDA 2,32
3AC8  E438 457B   ELEF 0,457B   ; [457B] = 160
3ACA  6B2F        IO   6B2F
3ACB  8E48        PSH 0,1
3ACC  0C0C 5FFA   JSR @12            ; overlay call, arg 5FFA
3ACE  5020        STA 2,32
3ACF  232F        LDA 0,47,3
3AD0  820C        MOV# 0,0,SZR
3AD1  0120        JMP 32,PC   ; -> 3AF1
3AD2  EC38 4581   ELEF 1,4581   ; [4581] = 187
3AD4  AE48        PSH 1,1
3AD5  0C0C 5D26   JSR @12            ; overlay call, arg 5D26
3AD7  5020        STA 2,32
3AD8  E438 4553   ELEF 0,4553   ; [4553] = 1
3ADA  EC38 457B   ELEF 1,457B   ; [457B] = 160
3ADC  8E48        PSH 0,1
3ADD  0C0C 6024   JSR @12            ; overlay call, arg 6024
3ADF  5020        STA 2,32
3AE0  A438 4582   ELDA 0,4582   ; [4582] = 1
3AE2  C438 01CA   ESTA 0,01CA   ; = 458
3AE4  EC38 4583   ELEF 1,4583   ; [4583] = 163
3AE6  AE48        PSH 1,1
3AE7  E438 454E   ELEF 0,454E   ; [454E] = 2
3AE9  6B2F        IO   6B2F
3AEA  8E48        PSH 0,1
3AEB  0C0C 5FDF   JSR @12            ; overlay call, arg 5FDF
3AED  5020        STA 2,32
3AEE  232F        LDA 0,47,3
3AEF  4729        STA 0,@41,3
3AF0  0108        JMP 8,PC   ; -> 3AF8
3AF1  3020        LDA 2,32
3AF2  E438 455E   ELEF 0,455E   ; [455E] = 120
3AF4  8648        PSH 0,0
3AF5  0C0C 5D26   JSR @12            ; overlay call, arg 5D26
3AF7  5020        STA 2,32
3AF8  230A        LDA 0,10,3
3AF9  685E        IO   685E
3AFA  8D0C        SUB# 0,1,SZR
3AFB  0108        JMP 8,PC   ; -> 3B03
3AFC  3020        LDA 2,32
3AFD  E438 4585   ELEF 0,4585   ; [4585] = 200
3AFF  8648        PSH 0,0
3B00  0C0C 5D26   JSR @12            ; overlay call, arg 5D26
3B02  5020        STA 2,32
3B03  230A        LDA 0,10,3
3B04  685F        IO   685F
3B05  8D0C        SUB# 0,1,SZR
3B06  0108        JMP 8,PC   ; -> 3B0E
3B07  3020        LDA 2,32
3B08  E438 4555   ELEF 0,4555   ; [4555] = 3
3B0A  8648        PSH 0,0
3B0B  0C0C 01A1   JSR @12            ; overlay call, arg 01A1
3B0D  5020        STA 2,32
3B0E  230A        LDA 0,10,3
3B0F  6860        IO   6860
3B10  8D0C        SUB# 0,1,SZR
3B11  011B        JMP 27,PC   ; -> 3B2C
3B12  372A        LDA 2,@42,3
3B13  D20C        MOV# 2,2,SZR
3B14  0111        JMP 17,PC   ; -> 3B25
3B15  3020        LDA 2,32
3B16  E438 4553   ELEF 0,4553   ; [4553] = 1
3B18  EC38 4589   ELEF 1,4589   ; [4589] = 112
3B1A  8E48        PSH 0,1
3B1B  0C0C 6024   JSR @12            ; overlay call, arg 6024
3B1D  5020        STA 2,32
3B1E  E438 458A   ELEF 0,458A   ; [458A] = 195
3B20  8648        PSH 0,0
3B21  0C0C 5D26   JSR @12            ; overlay call, arg 5D26
3B23  5020        STA 2,32
3B24  0108        JMP 8,PC   ; -> 3B2C
3B25  3020        LDA 2,32
3B26  E438 458B   ELEF 0,458B   ; [458B] = 196
3B28  8648        PSH 0,0
3B29  0C0C 5D26   JSR @12            ; overlay call, arg 5D26
3B2B  5020        STA 2,32
3B2C  230A        LDA 0,10,3
3B2D  6863        IO   6863
3B2E  8D0C        SUB# 0,1,SZR
3B2F  012B        JMP 43,PC   ; -> 3B5A
3B30  3020        LDA 2,32
3B31  E438 458D   ELEF 0,458D   ; [458D] = 164
3B33  6B2F        IO   6B2F
3B34  8E48        PSH 0,1
3B35  0C0C 5FFA   JSR @12            ; overlay call, arg 5FFA
3B37  5020        STA 2,32
3B38  6002        IO   6002
3B39  2B2F        LDA 1,47,3
3B3A  8D0D        SUB# 0,1,SNR
3B3B  D501        SUB 2,2,SKP
3B3C  D550        SUBZL 2,2
3B3D  A438 01D5   ELDA 0,01D5   ; = 469
3B3F  2F2D        LDA 1,@45,3
3B40  532E        STA 2,46,3
3B41  8D0C        SUB# 0,1,SZR
3B42  D501        SUB 2,2,SKP
3B43  D550        SUBZL 2,2
3B44  232E        LDA 0,46,3
3B45  9108        IOR 0,2
3B46  D20D        MOV# 2,2,SNR
3B47  0109        JMP 9,PC   ; -> 3B50
3B48  3020        LDA 2,32
3B49  E438 455E   ELEF 0,455E   ; [455E] = 120
3B4B  8648        PSH 0,0
3B4C  0C0C 5D26   JSR @12            ; overlay call, arg 5D26
3B4E  5020        STA 2,32
3B4F  010B        JMP 11,PC   ; -> 3B5A
3B50  3020        LDA 2,32
3B51  E438 458F   ELEF 0,458F   ; [458F] = 292
3B53  8648        PSH 0,0
3B54  0C0C 5D26   JSR @12            ; overlay call, arg 5D26
3B56  5020        STA 2,32
3B57  A438 01D5   ELDA 0,01D5   ; = 469
3B59  472D        STA 0,@45,3
3B5A  230A        LDA 0,10,3
3B5B  6864        IO   6864
3B5C  8D0C        SUB# 0,1,SZR
3B5D  013E        JMP 62,PC   ; -> 3B9B
3B5E  3020        LDA 2,32
3B5F  E438 458D   ELEF 0,458D   ; [458D] = 164
3B61  6B2F        IO   6B2F
3B62  8E48        PSH 0,1
3B63  0C0C 5FFA   JSR @12            ; overlay call, arg 5FFA
3B65  5020        STA 2,32
3B66  6002        IO   6002
3B67  2B2F        LDA 1,47,3
3B68  8D0D        SUB# 0,1,SNR
3B69  D501        SUB 2,2,SKP
3B6A  D550        SUBZL 2,2
3B6B  532E        STA 2,46,3
3B6C  3020        LDA 2,32
3B6D  E438 4591   ELEF 0,4591   ; [4591] = 57
3B6F  8648        PSH 0,0
3B70  E438 454E   ELEF 0,454E   ; [454E] = 2
3B72  6B37        IO   6B37
3B73  8E48        PSH 0,1
3B74  0C0C 5FDF   JSR @12            ; overlay call, arg 5FDF
3B76  5020        STA 2,32
3B77  272D        LDA 0,@45,3
3B78  2B37        LDA 1,55,3
3B79  8D0C        SUB# 0,1,SZR
3B7A  D501        SUB 2,2,SKP
3B7B  D550        SUBZL 2,2
3B7C  232E        LDA 0,46,3
3B7D  9108        IOR 0,2
3B7E  D20D        MOV# 2,2,SNR
3B7F  0109        JMP 9,PC   ; -> 3B88
3B80  3020        LDA 2,32
3B81  E438 455E   ELEF 0,455E   ; [455E] = 120
3B83  8648        PSH 0,0
3B84  0C0C 5D26   JSR @12            ; overlay call, arg 5D26
3B86  5020        STA 2,32
3B87  0114        JMP 20,PC   ; -> 3B9B
3B88  3020        LDA 2,32
3B89  E438 4592   ELEF 0,4592   ; [4592] = 293
3B8B  8648        PSH 0,0
3B8C  0C0C 5D26   JSR @12            ; overlay call, arg 5D26
3B8E  5020        STA 2,32
3B8F  E438 4591   ELEF 0,4591   ; [4591] = 57
3B91  8648        PSH 0,0
3B92  E438 454E   ELEF 0,454E   ; [454E] = 2
3B94  6B2F        IO   6B2F
3B95  8E48        PSH 0,1
3B96  0C0C 5FDF   JSR @12            ; overlay call, arg 5FDF
3B98  5020        STA 2,32
3B99  232F        LDA 0,47,3
3B9A  472D        STA 0,@45,3
3B9B  230A        LDA 0,10,3
3B9C  6861        IO   6861
3B9D  8D0C        SUB# 0,1,SZR
3B9E  0122        JMP 34,PC   ; -> 3BC0
3B9F  3020        LDA 2,32
3BA0  E438 4594   ELEF 0,4594   ; [4594] = 111
3BA2  6B2F        IO   6B2F
3BA3  8E48        PSH 0,1
3BA4  0C0C 5FFA   JSR @12            ; overlay call, arg 5FFA
3BA6  5020        STA 2,32
3BA7  232F        LDA 0,47,3
3BA8  820C        MOV# 0,0,SZR
3BA9  0110        JMP 16,PC   ; -> 3BB9
3BAA  EC38 4595   ELEF 1,4595   ; [4595] = 197
3BAC  AE48        PSH 1,1
3BAD  0C0C 5D26   JSR @12            ; overlay call, arg 5D26
3BAF  5020        STA 2,32
3BB0  E438 4555   ELEF 0,4555   ; [4555] = 3
3BB2  EC38 4553   ELEF 1,4553   ; [4553] = 1
3BB4  8E48        PSH 0,1
3BB5  0C0C 605B   JSR @12            ; overlay call, arg 605B
3BB7  5020        STA 2,32
3BB8  0108        JMP 8,PC   ; -> 3BC0
3BB9  3020        LDA 2,32
3BBA  E438 455E   ELEF 0,455E   ; [455E] = 120
3BBC  8648        PSH 0,0
3BBD  0C0C 5D26   JSR @12            ; overlay call, arg 5D26
3BBF  5020        STA 2,32
3BC0  230A        LDA 0,10,3
3BC1  6862        IO   6862
3BC2  8D0C        SUB# 0,1,SZR
3BC3  0123        JMP 35,PC   ; -> 3BE6
3BC4  3020        LDA 2,32
3BC5  E438 4594   ELEF 0,4594   ; [4594] = 111
3BC7  6B2F        IO   6B2F
3BC8  8E48        PSH 0,1
3BC9  0C0C 5FFA   JSR @12            ; overlay call, arg 5FFA
3BCB  5020        STA 2,32
3BCC  8550        SUBZL 0,0
3BCD  2B2F        LDA 1,47,3
3BCE  8D0C        SUB# 0,1,SZR
3BCF  0110        JMP 16,PC   ; -> 3BDF
3BD0  E438 4595   ELEF 0,4595   ; [4595] = 197
3BD2  8648        PSH 0,0
3BD3  0C0C 5D26   JSR @12            ; overlay call, arg 5D26
3BD5  5020        STA 2,32
3BD6  E438 4555   ELEF 0,4555   ; [4555] = 3
3BD8  EC38 4553   ELEF 1,4553   ; [4553] = 1
3BDA  8E48        PSH 0,1
3BDB  0C0C 605B   JSR @12            ; overlay call, arg 605B
3BDD  5020        STA 2,32
3BDE  0108        JMP 8,PC   ; -> 3BE6
3BDF  3020        LDA 2,32
3BE0  E438 455E   ELEF 0,455E   ; [455E] = 120
3BE2  8648        PSH 0,0
3BE3  0C0C 5D26   JSR @12            ; overlay call, arg 5D26
3BE5  5020        STA 2,32
3BE6  8538 013B   EJMP 013B,PC   ; -> 3D22
3BE8  3020        LDA 2,32
3BE9  E438 4553   ELEF 0,4553   ; [4553] = 1
3BEB  EC38 4554   ELEF 1,4554   ; [4554] = 0
3BED  8E48        PSH 0,1
3BEE  E438 454E   ELEF 0,454E   ; [454E] = 2
3BF0  3821        LDA 3,33
3BF1  6B2F        IO   6B2F
3BF2  8E48        PSH 0,1
3BF3  0C0C 5674   JSR @12            ; overlay call, arg 5674
3BF5  5020        STA 2,32
3BF6  232F        LDA 0,47,3
3BF7  430A        STA 0,10,3
3BF8  862F        ADDO# 0,0,SBN
3BF9  AD01        SUB 1,1,SKP
3BFA  AD50        SUBZL 1,1
3BFB  AA0C        MOV# 1,1,SZR
3BFC  0103        JMP 3,PC   ; -> 3BFF
3BFD  8538 00A6   EJMP 00A6,PC   ; -> 3CA4
3BFF  630A        IO   630A
3C00  6B2F        IO   6B2F
3C01  8E48        PSH 0,1
3C02  0C0C 540B   JSR @12            ; overlay call, arg 540B
3C04  5020        STA 2,32
3C05  232F        LDA 0,47,3
3C06  430B        STA 0,11,3
3C07  820D        MOV# 0,0,SNR
3C08  AD01        SUB 1,1,SKP
3C09  AD50        SUBZL 1,1
3C0A  AA0D        MOV# 1,1,SNR
3C0B  0109        JMP 9,PC   ; -> 3C14
3C0C  E438 4550   ELEF 0,4550   ; [4550] = 6
3C0E  8648        PSH 0,0
3C0F  0C0C 5D26   JSR @12            ; overlay call, arg 5D26
3C11  5020        STA 2,32
3C12  8538 0091   EJMP 0091,PC   ; -> 3CA4
3C14  230A        LDA 0,10,3
3C15  6816        IO   6816
3C16  8D0D        SUB# 0,1,SNR
3C17  010C        JMP 12,PC   ; -> 3C23
3C18  3020        LDA 2,32
3C19  E438 021D   ELEF 0,021D   ; = 541
3C1B  EC38 4598   ELEF 1,4598   ; [4598] = 53
3C1D  8E48        PSH 0,1
3C1E  0C0C 5DBE   JSR @12            ; overlay call, arg 5DBE
3C20  5020        STA 2,32
3C21  8538 0082   EJMP 0082,PC   ; -> 3CA4
3C23  A438 01DB   ELDA 0,01DB   ; = 475
3C25  8300        INC 0,0
3C26  330F        LDA 2,15,3
3C27  9600        ADD 0,2
3C28  EC38 0A8C   ELEF 1,0A8C   ; [0A8C] = 0
3C2A  532F        STA 2,47,3
3C2B  2200        LDA 0,0,2
3C2C  A208        SGT 1,0
3C2D  010A        JMP 10,PC   ; -> 3C37
3C2E  3020        LDA 2,32
3C2F  E438 4558   ELEF 0,4558   ; [4558] = 54
3C31  8648        PSH 0,0
3C32  0C0C 5D26   JSR @12            ; overlay call, arg 5D26
3C34  5020        STA 2,32
3C35  8538 006E   EJMP 006E,PC   ; -> 3CA4
3C37  A438 01DB   ELDA 0,01DB   ; = 475
3C39  8300        INC 0,0
3C3A  330F        LDA 2,15,3
3C3B  9600        ADD 0,2
3C3C  EC38 0A8C   ELEF 1,0A8C   ; [0A8C] = 0
3C3E  532F        STA 2,47,3
3C3F  2200        LDA 0,0,2
3C40  A50C        SUB# 1,0,SZR
3C41  0136        JMP 54,PC   ; -> 3C77
3C42  3020        LDA 2,32
3C43  E438 4597   ELEF 0,4597   ; [4597] = 22
3C45  6B2F        IO   6B2F
3C46  8E48        PSH 0,1
3C47  0C0C 5FFA   JSR @12            ; overlay call, arg 5FFA
3C49  5020        STA 2,32
3C4A  8550        SUBZL 0,0
3C4B  2B2F        LDA 1,47,3
3C4C  8D0C        SUB# 0,1,SZR
3C4D  0110        JMP 16,PC   ; -> 3C5D
3C4E  E438 459A   ELEF 0,459A   ; [459A] = 55
3C50  8648        PSH 0,0
3C51  0C0C 5D26   JSR @12            ; overlay call, arg 5D26
3C53  5020        STA 2,32
3C54  E438 454E   ELEF 0,454E   ; [454E] = 2
3C56  EC38 4597   ELEF 1,4597   ; [4597] = 22
3C58  8E48        PSH 0,1
3C59  0C0C 6024   JSR @12            ; overlay call, arg 6024
3C5B  5020        STA 2,32
3C5C  011B        JMP 27,PC   ; -> 3C77
3C5D  3020        LDA 2,32
3C5E  E438 4597   ELEF 0,4597   ; [4597] = 22
3C60  6B2F        IO   6B2F
3C61  8E48        PSH 0,1
3C62  0C0C 5FFA   JSR @12            ; overlay call, arg 5FFA
3C64  5020        STA 2,32
3C65  6003        IO   6003
3C66  2B2F        LDA 1,47,3
3C67  8D0C        SUB# 0,1,SZR
3C68  0108        JMP 8,PC   ; -> 3C70
3C69  E438 459B   ELEF 0,459B   ; [459B] = 288
3C6B  8648        PSH 0,0
3C6C  0C0C 5D26   JSR @12            ; overlay call, arg 5D26
3C6E  5020        STA 2,32
3C6F  0108        JMP 8,PC   ; -> 3C77
3C70  3020        LDA 2,32
3C71  E438 4591   ELEF 0,4591   ; [4591] = 57
3C73  8648        PSH 0,0
3C74  0C0C 5D26   JSR @12            ; overlay call, arg 5D26
3C76  5020        STA 2,32
3C77  A438 01DB   ELDA 0,01DB   ; = 475
3C79  8300        INC 0,0
3C7A  330F        LDA 2,15,3
3C7B  9600        ADD 0,2
3C7C  532F        STA 2,47,3
3C7D  2A00        LDA 1,0,2
3C7E  F438 0A8D   ELEF 2,0A8D   ; [0A8D] = 0
3C80  B50C        SUB# 1,2,SZR
3C81  0123        JMP 35,PC   ; -> 3CA4
3C82  3020        LDA 2,32
3C83  E438 4597   ELEF 0,4597   ; [4597] = 22
3C85  6B2F        IO   6B2F
3C86  8E48        PSH 0,1
3C87  0C0C 5FFA   JSR @12            ; overlay call, arg 5FFA
3C89  5020        STA 2,32
3C8A  6002        IO   6002
3C8B  2B2F        LDA 1,47,3
3C8C  8D0C        SUB# 0,1,SZR
3C8D  0110        JMP 16,PC   ; -> 3C9D
3C8E  E438 459D   ELEF 0,459D   ; [459D] = 56
3C90  8648        PSH 0,0
3C91  0C0C 5D26   JSR @12            ; overlay call, arg 5D26
3C93  5020        STA 2,32
3C94  E438 4553   ELEF 0,4553   ; [4553] = 1
3C96  EC38 4597   ELEF 1,4597   ; [4597] = 22
3C98  8E48        PSH 0,1
3C99  0C0C 6024   JSR @12            ; overlay call, arg 6024
3C9B  5020        STA 2,32
3C9C  0108        JMP 8,PC   ; -> 3CA4
3C9D  3020        LDA 2,32
3C9E  E438 459E   ELEF 0,459E   ; [459E] = 58
3CA0  8648        PSH 0,0
3CA1  0C0C 5D26   JSR @12            ; overlay call, arg 5D26
3CA3  5020        STA 2,32
3CA4  8538 007D   EJMP 007D,PC   ; -> 3D22
3CA6  E438 0AF4   ELEF 0,0AF4   ; [0AF4] = 0
3CA8  3821        LDA 3,33
3CA9  2F10        LDA 1,@16,3
3CAA  8D0C        SUB# 0,1,SZR
3CAB  010A        JMP 10,PC   ; -> 3CB5
3CAC  3020        LDA 2,32
3CAD  E438 45A0   ELEF 0,45A0   ; [45A0] = 148
3CAF  8648        PSH 0,0
3CB0  0C0C 5D26   JSR @12            ; overlay call, arg 5D26
3CB2  5020        STA 2,32
3CB3  8538 006D   EJMP 006D,PC   ; -> 3D21
3CB5  2710        LDA 0,@16,3
3CB6  820C        MOV# 0,0,SZR
3CB7  0116        JMP 22,PC   ; -> 3CCD
3CB8  3020        LDA 2,32
3CB9  EC38 45A1   ELEF 1,45A1   ; [45A1] = 4
3CBB  AE48        PSH 1,1
3CBC  E438 4554   ELEF 0,4554   ; [4554] = 0
3CBE  6B2F        IO   6B2F
3CBF  8E48        PSH 0,1
3CC0  0C0C 5F68   JSR @12            ; overlay call, arg 5F68
3CC2  5020        STA 2,32
3CC3  232F        LDA 0,47,3
3CC4  E7F8 0014   ADDI 0014,0
3CC6  4337        STA 0,55,3
3CC7  6B37        IO   6B37
3CC8  AE48        PSH 1,1
3CC9  0C0C 5D26   JSR @12            ; overlay call, arg 5D26
3CCB  5020        STA 2,32
3CCC  0155        JMP 85,PC   ; -> 3D21
3CCD  3020        LDA 2,32
3CCE  E438 4553   ELEF 0,4553   ; [4553] = 1
3CD0  EC38 01D5   ELEF 1,01D5   ; = 469
3CD2  8E48        PSH 0,1
3CD3  E438 454E   ELEF 0,454E   ; [454E] = 2
3CD5  6B2F        IO   6B2F
3CD6  8E48        PSH 0,1
3CD7  0C0C 5674   JSR @12            ; overlay call, arg 5674
3CD9  5020        STA 2,32
3CDA  232F        LDA 0,47,3
3CDB  430A        STA 0,10,3
3CDC  862F        ADDO# 0,0,SBN
3CDD  AD01        SUB 1,1,SKP
3CDE  AD50        SUBZL 1,1
3CDF  AA0D        MOV# 1,1,SNR
3CE0  0141        JMP 65,PC   ; -> 3D21
3CE1  630A        IO   630A
3CE2  6B2F        IO   6B2F
3CE3  8E48        PSH 0,1
3CE4  0C0C 540B   JSR @12            ; overlay call, arg 540B
3CE6  5020        STA 2,32
3CE7  232F        LDA 0,47,3
3CE8  430B        STA 0,11,3
3CE9  AC38 01D5   ELDA 1,01D5   ; = 469
3CEB  A50D        SUB# 1,0,SNR
3CEC  010A        JMP 10,PC   ; -> 3CF6
3CED  E438 021D   ELEF 0,021D   ; = 541
3CEF  EC38 454E   ELEF 1,454E   ; [454E] = 2
3CF1  8E48        PSH 0,1
3CF2  0C0C 5DBE   JSR @12            ; overlay call, arg 5DBE
3CF4  5020        STA 2,32
3CF5  012C        JMP 44,PC   ; -> 3D21
3CF6  230A        LDA 0,10,3
3CF7  6811        IO   6811
3CF8  8D0C        SUB# 0,1,SZR
3CF9  D501        SUB 2,2,SKP
3CFA  D550        SUBZL 2,2
3CFB  680D        IO   680D
3CFC  532F        STA 2,47,3
3CFD  8D0C        SUB# 0,1,SZR
3CFE  D501        SUB 2,2,SKP
3CFF  D550        SUBZL 2,2
3D00  232F        LDA 0,47,3
3D01  9108        IOR 0,2
3D02  D20D        MOV# 2,2,SNR
3D03  0109        JMP 9,PC   ; -> 3D0C
3D04  3020        LDA 2,32
3D05  E438 45A3   ELEF 0,45A3   ; [45A3] = 61
3D07  8648        PSH 0,0
3D08  0C0C 5D26   JSR @12            ; overlay call, arg 5D26
3D0A  5020        STA 2,32
3D0B  0116        JMP 22,PC   ; -> 3D21
3D0C  230A        LDA 0,10,3
3D0D  6859        IO   6859
3D0E  8D0C        SUB# 0,1,SZR
3D0F  0109        JMP 9,PC   ; -> 3D18
3D10  3020        LDA 2,32
3D11  E438 45A5   ELEF 0,45A5   ; [45A5] = 186
3D13  8648        PSH 0,0
3D14  0C0C 5D26   JSR @12            ; overlay call, arg 5D26
3D16  5020        STA 2,32
3D17  010A        JMP 10,PC   ; -> 3D21
3D18  3020        LDA 2,32
3D19  E438 021D   ELEF 0,021D   ; = 541
3D1B  EC38 45A6   ELEF 1,45A6   ; [45A6] = 62
3D1D  8E48        PSH 0,1
3D1E  0C0C 5DBE   JSR @12            ; overlay call, arg 5DBE
3D20  5020        STA 2,32
3D21  0101        JMP 1,PC   ; -> 3D22
3D22  0C63        JSR @99
3D23  AFC8        RTN
3D24  0000        JMP 0
3D25  0000        JMP 0
3D26  0000        JMP 0
3D27  0000        JMP 0
3D28  0000        JMP 0
3D29  0000        JMP 0
3D2A  0000        JMP 0
3D2B  0000        JMP 0
3D2C  0000        JMP 0
3D2D  0000        JMP 0
3D2E  0000        JMP 0
3D2F  0000        JMP 0
3D30  0000        JMP 0
3D31  0000        JMP 0
3D32  0000        JMP 0
3D33  0000        JMP 0
3D34  0000        JMP 0
3D35  0000        JMP 0
3D36  0000        JMP 0
3D37  0000        JMP 0
3D38  0000        JMP 0
3D39  0000        JMP 0
3D3A  0000        JMP 0
3D3B  0000        JMP 0
3D3C  0000        JMP 0
3D3D  0000        JMP 0
3D3E  0000        JMP 0
3D3F  0000        JMP 0
3D40  0000        JMP 0
3D41  0000        JMP 0
3D42  0000        JMP 0
3D43  0000        JMP 0
3D44  0000        JMP 0
3D45  0000        JMP 0
3D46  0000        JMP 0
3D47  0000        JMP 0
3D48  0000        JMP 0
3D49  0000        JMP 0
3D4A  0000        JMP 0
3D4B  0000        JMP 0
3D4C  0000        JMP 0
3D4D  0000        JMP 0
3D4E  0000        JMP 0
3D4F  0000        JMP 0
3D50  0000        JMP 0
3D51  0000        JMP 0
3D52  0000        JMP 0
3D53  0000        JMP 0
3D54  0000        JMP 0
3D55  0000        JMP 0
3D56  0000        JMP 0
3D57  0000        JMP 0
3D58  0000        JMP 0
3D59  0000        JMP 0
3D5A  0000        JMP 0
3D5B  0000        JMP 0
3D5C  0000        JMP 0
3D5D  0000        JMP 0
3D5E  0000        JMP 0
3D5F  0000        JMP 0
3D60  0000        JMP 0
3D61  0000        JMP 0
3D62  0000        JMP 0
3D63  0000        JMP 0
3D64  0000        JMP 0
3D65  0000        JMP 0
3D66  0000        JMP 0
3D67  0000        JMP 0
3D68  0000        JMP 0
3D69  0000        JMP 0
3D6A  0000        JMP 0
3D6B  0000        JMP 0
3D6C  0000        JMP 0
3D6D  0000        JMP 0
3D6E  0000        JMP 0
3D6F  0000        JMP 0
3D70  0000        JMP 0
3D71  0000        JMP 0
3D72  0000        JMP 0
3D73  0000        JMP 0
3D74  0000        JMP 0
3D75  0000        JMP 0
3D76  0000        JMP 0
3D77  0000        JMP 0
3D78  0000        JMP 0
3D79  0000        JMP 0
3D7A  0000        JMP 0
3D7B  0000        JMP 0
3D7C  0000        JMP 0
3D7D  0000        JMP 0
3D7E  0000        JMP 0
3D7F  0000        JMP 0
3D80  0000        JMP 0
3D81  0000        JMP 0
3D82  0000        JMP 0
3D83  0000        JMP 0
3D84  0000        JMP 0
3D85  0000        JMP 0
3D86  0000        JMP 0
3D87  0000        JMP 0
3D88  0000        JMP 0
3D89  0000        JMP 0
3D8A  0000        JMP 0
3D8B  0000        JMP 0
3D8C  0000        JMP 0
3D8D  0000        JMP 0
3D8E  0000        JMP 0
3D8F  0000        JMP 0
3D90  0000        JMP 0
3D91  0000        JMP 0
3D92  0000        JMP 0
3D93  0000        JMP 0
3D94  0000        JMP 0
3D95  0000        JMP 0
3D96  0000        JMP 0
3D97  0000        JMP 0
3D98  0000        JMP 0
3D99  0000        JMP 0
3D9A  0000        JMP 0
3D9B  0000        JMP 0
3D9C  0000        JMP 0
3D9D  0000        JMP 0
3D9E  0000        JMP 0
3D9F  0000        JMP 0
3DA0  0000        JMP 0
3DA1  0000        JMP 0
3DA2  0000        JMP 0
3DA3  0000        JMP 0
3DA4  0000        JMP 0
3DA5  0000        JMP 0
3DA6  0000        JMP 0
3DA7  0000        JMP 0
3DA8  0000        JMP 0
3DA9  0000        JMP 0
3DAA  0000        JMP 0
3DAB  0000        JMP 0
3DAC  0000        JMP 0
3DAD  0000        JMP 0
3DAE  0000        JMP 0
3DAF  0000        JMP 0
3DB0  0000        JMP 0
3DB1  0000        JMP 0
3DB2  0000        JMP 0
3DB3  0000        JMP 0
3DB4  0000        JMP 0
3DB5  0000        JMP 0
3DB6  0000        JMP 0
3DB7  0000        JMP 0
3DB8  0000        JMP 0
3DB9  0000        JMP 0
3DBA  0000        JMP 0
3DBB  0000        JMP 0
3DBC  0000        JMP 0
3DBD  0000        JMP 0
3DBE  0000        JMP 0
3DBF  0000        JMP 0
3DC0  0000        JMP 0
3DC1  0000        JMP 0
3DC2  0000        JMP 0
3DC3  0000        JMP 0
3DC4  0000        JMP 0
3DC5  0000        JMP 0
3DC6  0000        JMP 0
3DC7  0000        JMP 0
3DC8  0000        JMP 0
3DC9  0000        JMP 0
3DCA  0000        JMP 0
3DCB  0000        JMP 0
3DCC  0000        JMP 0
3DCD  0000        JMP 0
3DCE  0000        JMP 0
3DCF  0000        JMP 0
3DD0  0000        JMP 0
3DD1  0000        JMP 0
3DD2  0000        JMP 0
3DD3  0000        JMP 0
3DD4  0000        JMP 0
3DD5  0000        JMP 0
3DD6  0000        JMP 0
3DD7  0000        JMP 0
3DD8  0000        JMP 0
3DD9  0000        JMP 0
3DDA  0000        JMP 0
3DDB  0000        JMP 0
3DDC  0000        JMP 0
3DDD  0000        JMP 0
3DDE  0000        JMP 0
3DDF  0000        JMP 0
3DE0  0000        JMP 0
3DE1  0000        JMP 0
3DE2  0000        JMP 0
3DE3  0000        JMP 0
3DE4  0000        JMP 0
3DE5  0000        JMP 0
3DE6  0000        JMP 0
3DE7  0000        JMP 0
3DE8  0000        JMP 0
3DE9  0000        JMP 0
3DEA  0000        JMP 0
3DEB  0000        JMP 0
3DEC  0000        JMP 0
3DED  0000        JMP 0
3DEE  0000        JMP 0
3DEF  0000        JMP 0
3DF0  0000        JMP 0
3DF1  0000        JMP 0
3DF2  0000        JMP 0
3DF3  0000        JMP 0
3DF4  0000        JMP 0
3DF5  0000        JMP 0
3DF6  0000        JMP 0
3DF7  0000        JMP 0
3DF8  0000        JMP 0
3DF9  0000        JMP 0
3DFA  0000        JMP 0
3DFB  0000        JMP 0
3DFC  0000        JMP 0
3DFD  0000        JMP 0
3DFE  0000        JMP 0
3DFF  0000        JMP 0
3E00  0000        JMP 0
3E01  0000        JMP 0
3E02  0000        JMP 0
3E03  0000        JMP 0
3E04  0000        JMP 0
3E05  0000        JMP 0
3E06  0000        JMP 0
3E07  0000        JMP 0
3E08  0000        JMP 0
3E09  0000        JMP 0
3E0A  0000        JMP 0
3E0B  0000        JMP 0
3E0C  0000        JMP 0
3E0D  0000        JMP 0
3E0E  0000        JMP 0
3E0F  0000        JMP 0
3E10  0000        JMP 0
3E11  0000        JMP 0
3E12  0000        JMP 0
3E13  0000        JMP 0
3E14  0000        JMP 0
3E15  0000        JMP 0
3E16  0000        JMP 0
3E17  0000        JMP 0
3E18  0000        JMP 0
3E19  0000        JMP 0
3E1A  0000        JMP 0
3E1B  0000        JMP 0
3E1C  0000        JMP 0
3E1D  0000        JMP 0
3E1E  0000        JMP 0
3E1F  0000        JMP 0
3E20  0000        JMP 0
3E21  0000        JMP 0
3E22  0000        JMP 0
3E23  0000        JMP 0
3E24  0000        JMP 0
3E25  0000        JMP 0
3E26  0000        JMP 0
3E27  0000        JMP 0
3E28  0000        JMP 0
3E29  0000        JMP 0
3E2A  0000        JMP 0
3E2B  0000        JMP 0
3E2C  0000        JMP 0
3E2D  0000        JMP 0
3E2E  0000        JMP 0
3E2F  0000        JMP 0
3E30  0000        JMP 0
3E31  0000        JMP 0
3E32  0000        JMP 0
3E33  0000        JMP 0
3E34  0000        JMP 0
3E35  0000        JMP 0
3E36  0000        JMP 0
3E37  0000        JMP 0
3E38  0000        JMP 0
3E39  0000        JMP 0
3E3A  0000        JMP 0
3E3B  0000        JMP 0
3E3C  0000        JMP 0
3E3D  0000        JMP 0
3E3E  0000        JMP 0
3E3F  0000        JMP 0
3E40  0000        JMP 0
3E41  0000        JMP 0
3E42  0000        JMP 0
3E43  0000        JMP 0
3E44  0000        JMP 0
3E45  0000        JMP 0
3E46  0000        JMP 0
3E47  0000        JMP 0
3E48  0000        JMP 0
3E49  0000        JMP 0
3E4A  0000        JMP 0
3E4B  0000        JMP 0
3E4C  0000        JMP 0
3E4D  0000        JMP 0
3E4E  0000        JMP 0
3E4F  0000        JMP 0
3E50  0000        JMP 0
3E51  0000        JMP 0
3E52  0000        JMP 0
3E53  0000        JMP 0
3E54  0000        JMP 0
3E55  0000        JMP 0
3E56  0000        JMP 0
3E57  0000        JMP 0
3E58  0000        JMP 0
3E59  0000        JMP 0
3E5A  0000        JMP 0
3E5B  0000        JMP 0
3E5C  0000        JMP 0
3E5D  0000        JMP 0
3E5E  0000        JMP 0
3E5F  0000        JMP 0
3E60  0000        JMP 0
3E61  0000        JMP 0
3E62  0000        JMP 0
3E63  0000        JMP 0
3E64  0000        JMP 0
3E65  0000        JMP 0
3E66  0000        JMP 0
3E67  0000        JMP 0
3E68  0000        JMP 0
3E69  0000        JMP 0
3E6A  0000        JMP 0
3E6B  0000        JMP 0
3E6C  0000        JMP 0
3E6D  0000        JMP 0
3E6E  0000        JMP 0
3E6F  0000        JMP 0
3E70  0000        JMP 0
3E71  0000        JMP 0
3E72  0000        JMP 0
3E73  0000        JMP 0
3E74  0000        JMP 0
3E75  0000        JMP 0
3E76  0000        JMP 0
3E77  0000        JMP 0
3E78  0000        JMP 0
3E79  0000        JMP 0
3E7A  0000        JMP 0
3E7B  0000        JMP 0
3E7C  0000        JMP 0
3E7D  0000        JMP 0
3E7E  0000        JMP 0
3E7F  0000        JMP 0
3E80  0000        JMP 0
3E81  0000        JMP 0
3E82  0000        JMP 0
3E83  0000        JMP 0
3E84  0000        JMP 0
3E85  0000        JMP 0
3E86  0000        JMP 0
3E87  0000        JMP 0
3E88  0000        JMP 0
3E89  0000        JMP 0
3E8A  0000        JMP 0
3E8B  0000        JMP 0
3E8C  0000        JMP 0
3E8D  0000        JMP 0
3E8E  0000        JMP 0
3E8F  0000        JMP 0
3E90  0000        JMP 0
3E91  0000        JMP 0
3E92  0000        JMP 0
3E93  0000        JMP 0
3E94  0000        JMP 0
3E95  0000        JMP 0
3E96  0000        JMP 0
3E97  0000        JMP 0
3E98  0000        JMP 0
3E99  0000        JMP 0
3E9A  0000        JMP 0
3E9B  0000        JMP 0
3E9C  0000        JMP 0
3E9D  0000        JMP 0
3E9E  0000        JMP 0
3E9F  0000        JMP 0
3EA0  0000        JMP 0
3EA1  0000        JMP 0
3EA2  0000        JMP 0
3EA3  0000        JMP 0
3EA4  0000        JMP 0
3EA5  0000        JMP 0
3EA6  0000        JMP 0
3EA7  0000        JMP 0
3EA8  0000        JMP 0
3EA9  0000        JMP 0
3EAA  0000        JMP 0
3EAB  0000        JMP 0
3EAC  0000        JMP 0
3EAD  0000        JMP 0
3EAE  0000        JMP 0
3EAF  0000        JMP 0
3EB0  0000        JMP 0
3EB1  0000        JMP 0
3EB2  0000        JMP 0
3EB3  0000        JMP 0
3EB4  0000        JMP 0
3EB5  0000        JMP 0
3EB6  0000        JMP 0
3EB7  0000        JMP 0
3EB8  0000        JMP 0
3EB9  0000        JMP 0
3EBA  0000        JMP 0
3EBB  0000        JMP 0
3EBC  0000        JMP 0
3EBD  0000        JMP 0
3EBE  0000        JMP 0
3EBF  0000        JMP 0
3EC0  0000        JMP 0
3EC1  0000        JMP 0
3EC2  0000        JMP 0
3EC3  0000        JMP 0
3EC4  0000        JMP 0
3EC5  0000        JMP 0
3EC6  0000        JMP 0
3EC7  0000        JMP 0
3EC8  0000        JMP 0
3EC9  0000        JMP 0
3ECA  0000        JMP 0
3ECB  0000        JMP 0
3ECC  0000        JMP 0
3ECD  0000        JMP 0
3ECE  0000        JMP 0
3ECF  0000        JMP 0
3ED0  0000        JMP 0
3ED1  0000        JMP 0
3ED2  0000        JMP 0
3ED3  0000        JMP 0
3ED4  0000        JMP 0
3ED5  0000        JMP 0
3ED6  0000        JMP 0
3ED7  0000        JMP 0
3ED8  0000        JMP 0
3ED9  0000        JMP 0
3EDA  0000        JMP 0
3EDB  0000        JMP 0
3EDC  0000        JMP 0
3EDD  0000        JMP 0
3EDE  0000        JMP 0
3EDF  0000        JMP 0
3EE0  0000        JMP 0
3EE1  0000        JMP 0
3EE2  0000        JMP 0
3EE3  0000        JMP 0
3EE4  0000        JMP 0
3EE5  0000        JMP 0
3EE6  0000        JMP 0
3EE7  0000        JMP 0
3EE8  0000        JMP 0
3EE9  0000        JMP 0
3EEA  0000        JMP 0
3EEB  0000        JMP 0
3EEC  0000        JMP 0
3EED  0000        JMP 0
3EEE  0000        JMP 0
3EEF  0000        JMP 0
3EF0  0000        JMP 0
3EF1  0000        JMP 0
3EF2  0000        JMP 0
3EF3  0000        JMP 0
3EF4  0000        JMP 0
3EF5  0000        JMP 0
3EF6  0000        JMP 0
3EF7  0000        JMP 0
3EF8  0000        JMP 0
3EF9  0000        JMP 0
3EFA  0000        JMP 0
3EFB  0000        JMP 0
3EFC  0000        JMP 0
3EFD  0000        JMP 0
3EFE  0000        JMP 0
3EFF  0000        JMP 0
3F00  0000        JMP 0
3F01  0000        JMP 0
3F02  0000        JMP 0
3F03  0000        JMP 0
3F04  0000        JMP 0
3F05  0000        JMP 0
3F06  0000        JMP 0
3F07  0000        JMP 0
3F08  0000        JMP 0
3F09  0000        JMP 0
3F0A  0000        JMP 0
3F0B  0000        JMP 0
3F0C  0000        JMP 0
3F0D  0000        JMP 0
3F0E  0000        JMP 0
3F0F  0000        JMP 0
3F10  0000        JMP 0
3F11  0000        JMP 0
3F12  0000        JMP 0
3F13  0000        JMP 0
3F14  0000        JMP 0
3F15  0000        JMP 0
3F16  0000        JMP 0
3F17  0000        JMP 0
3F18  0000        JMP 0
3F19  0000        JMP 0
3F1A  0000        JMP 0
3F1B  0000        JMP 0
3F1C  0000        JMP 0
3F1D  0000        JMP 0
3F1E  0000        JMP 0
3F1F  0000        JMP 0
3F20  0000        JMP 0
3F21  0000        JMP 0
3F22  0000        JMP 0
3F23  0000        JMP 0
3F24  0000        JMP 0
3F25  0000        JMP 0
3F26  0000        JMP 0
3F27  0000        JMP 0
3F28  0000        JMP 0
3F29  0000        JMP 0
3F2A  0000        JMP 0
3F2B  0000        JMP 0
3F2C  0000        JMP 0
3F2D  0000        JMP 0
3F2E  0000        JMP 0
3F2F  0000        JMP 0
3F30  0000        JMP 0
3F31  0000        JMP 0
3F32  0000        JMP 0
3F33  0000        JMP 0
3F34  0000        JMP 0
3F35  0000        JMP 0
3F36  0000        JMP 0
3F37  0000        JMP 0
3F38  0000        JMP 0
3F39  0000        JMP 0
3F3A  0000        JMP 0
3F3B  0000        JMP 0
3F3C  0000        JMP 0
3F3D  0000        JMP 0
3F3E  0000        JMP 0
3F3F  0000        JMP 0
3F40  0000        JMP 0
3F41  0000        JMP 0
3F42  0000        JMP 0
3F43  0000        JMP 0
3F44  0000        JMP 0
3F45  0000        JMP 0
3F46  0000        JMP 0
3F47  0000        JMP 0
3F48  0000        JMP 0
3F49  0000        JMP 0
3F4A  0000        JMP 0
3F4B  0000        JMP 0
3F4C  0000        JMP 0
3F4D  0000        JMP 0
3F4E  0000        JMP 0
3F4F  0000        JMP 0
3F50  0000        JMP 0
3F51  0000        JMP 0
3F52  0000        JMP 0
3F53  0000        JMP 0
3F54  0000        JMP 0
3F55  0000        JMP 0
3F56  0000        JMP 0
3F57  0000        JMP 0
3F58  0000        JMP 0
3F59  0000        JMP 0
3F5A  0000        JMP 0
3F5B  0000        JMP 0
3F5C  0000        JMP 0
3F5D  0000        JMP 0
3F5E  0000        JMP 0
3F5F  0000        JMP 0
3F60  0000        JMP 0
3F61  0000        JMP 0
3F62  0000        JMP 0
3F63  0000        JMP 0
3F64  0000        JMP 0
3F65  0000        JMP 0
3F66  0000        JMP 0
3F67  0000        JMP 0
3F68  0000        JMP 0
3F69  0000        JMP 0
3F6A  0000        JMP 0
3F6B  0000        JMP 0
3F6C  0000        JMP 0
3F6D  0000        JMP 0
3F6E  0000        JMP 0
3F6F  0000        JMP 0
3F70  0000        JMP 0
3F71  0000        JMP 0
3F72  0000        JMP 0
3F73  0000        JMP 0
3F74  0000        JMP 0
3F75  0000        JMP 0
3F76  0000        JMP 0
3F77  0000        JMP 0
3F78  0000        JMP 0
3F79  0000        JMP 0
3F7A  0000        JMP 0
3F7B  0000        JMP 0
3F7C  0000        JMP 0
3F7D  0000        JMP 0
3F7E  0000        JMP 0
3F7F  0000        JMP 0
3F80  0000        JMP 0
3F81  0000        JMP 0
3F82  0000        JMP 0
3F83  0000        JMP 0
3F84  0000        JMP 0
3F85  0000        JMP 0
3F86  0000        JMP 0
3F87  0000        JMP 0
3F88  0000        JMP 0
3F89  0000        JMP 0
3F8A  0000        JMP 0
3F8B  0000        JMP 0
3F8C  0000        JMP 0
3F8D  0000        JMP 0
3F8E  0000        JMP 0
3F8F  0000        JMP 0
3F90  0000        JMP 0
3F91  0000        JMP 0
3F92  0000        JMP 0
3F93  0000        JMP 0
3F94  0000        JMP 0
3F95  0000        JMP 0
3F96  0000        JMP 0
3F97  0000        JMP 0
3F98  0000        JMP 0
3F99  0000        JMP 0
3F9A  0000        JMP 0
3F9B  0000        JMP 0
3F9C  0000        JMP 0
3F9D  0000        JMP 0
3F9E  0000        JMP 0
3F9F  0000        JMP 0
3FA0  0000        JMP 0
3FA1  0000        JMP 0
3FA2  0000        JMP 0
3FA3  0000        JMP 0
3FA4  0000        JMP 0
3FA5  0000        JMP 0
3FA6  0000        JMP 0
3FA7  0000        JMP 0
3FA8  0000        JMP 0
3FA9  0000        JMP 0
3FAA  0000        JMP 0
3FAB  0000        JMP 0
3FAC  0000        JMP 0
3FAD  0000        JMP 0
3FAE  0000        JMP 0
3FAF  0000        JMP 0
3FB0  0000        JMP 0
3FB1  0000        JMP 0
3FB2  0000        JMP 0
3FB3  0000        JMP 0
3FB4  0000        JMP 0
3FB5  0000        JMP 0
3FB6  0000        JMP 0
3FB7  0000        JMP 0
3FB8  0000        JMP 0
3FB9  0000        JMP 0
3FBA  0000        JMP 0
3FBB  0000        JMP 0
3FBC  0000        JMP 0
3FBD  0000        JMP 0
3FBE  0000        JMP 0
3FBF  0000        JMP 0
3FC0  0000        JMP 0
3FC1  0000        JMP 0
3FC2  0000        JMP 0
3FC3  0000        JMP 0
3FC4  0000        JMP 0
3FC5  0000        JMP 0
3FC6  0000        JMP 0
3FC7  0000        JMP 0
3FC8  0000        JMP 0
3FC9  0000        JMP 0
3FCA  0000        JMP 0
3FCB  0000        JMP 0
3FCC  0000        JMP 0
3FCD  0000        JMP 0
3FCE  0000        JMP 0
3FCF  0000        JMP 0
3FD0  0000        JMP 0
3FD1  0000        JMP 0
3FD2  0000        JMP 0
3FD3  0000        JMP 0
3FD4  0000        JMP 0
3FD5  0000        JMP 0
3FD6  0000        JMP 0
3FD7  0000        JMP 0
3FD8  0000        JMP 0
3FD9  0000        JMP 0
3FDA  0000        JMP 0
3FDB  0000        JMP 0
3FDC  0000        JMP 0
3FDD  0000        JMP 0
3FDE  0000        JMP 0
3FDF  0000        JMP 0
3FE0  0000        JMP 0
3FE1  0000        JMP 0
3FE2  0000        JMP 0
3FE3  0000        JMP 0
3FE4  0000        JMP 0
3FE5  0000        JMP 0
3FE6  0000        JMP 0
3FE7  0000        JMP 0
3FE8  0000        JMP 0
3FE9  0000        JMP 0
3FEA  0000        JMP 0
3FEB  0000        JMP 0
3FEC  0000        JMP 0
3FED  0000        JMP 0
3FEE  0000        JMP 0
3FEF  0000        JMP 0
3FF0  0000        JMP 0
3FF1  0000        JMP 0
3FF2  0000        JMP 0
3FF3  0000        JMP 0
3FF4  0000        JMP 0
3FF5  0000        JMP 0
3FF6  0000        JMP 0
3FF7  0000        JMP 0
3FF8  0000        JMP 0
3FF9  0000        JMP 0
3FFA  0000        JMP 0
3FFB  0000        JMP 0
3FFC  0000        JMP 0
3FFD  0000        JMP 0
3FFE  0000        JMP 0
3FFF  0000        JMP 0
4000  E7C8 002B   SAVE 43             ; frame
4002  0C42        JSR @66
4003  0001        JMP 1
4004  430D        STA 0,13,3
4005  B438 01B7   ELDA 2,01B7   ; = 439
4007  2AFD        LDA 1,-3,2
4008  32FB        LDA 2,-5,2
4009  530E        STA 2,14,3
400A  B438 01B7   ELDA 2,01B7   ; = 439
400C  32FE        LDA 2,-2,2
400D  4B0F        STA 1,15,3
400E  A900        NEG 1,1
400F  AB00        INC 1,1
4010  5310        STA 2,16,3
4011  B600        ADD 1,2
4012  8500        SUB 0,0
4013  4B11        STA 1,17,3
4014  2B0E        LDA 1,14,3
4015  CFC8        MULS
4016  230F        LDA 0,15,3
4017  4B12        STA 1,18,3
4018  8E00        ADD 0,1
4019  A438 01B7   ELDA 0,01B7   ; = 439
401B  A500        SUB 1,0
401C  5313        STA 2,19,3
401D  D600        ADD 2,2
401E  4314        STA 0,20,3
401F  4B15        STA 1,21,3
4020  5316        STA 2,22,3
4021  0101        JMP 1,PC   ; -> 4022
4022  270D        LDA 0,@13,3
4023  F438 45D1   ELEF 2,45D1   ; [45D1] = 12339
4025  0C5A        JSR @90
4026  D00C        COM# 2,2,SZR
4027  0A00        JSR 0,2
4028  3020        LDA 2,32
4029  E438 45AE   ELEF 0,45AE   ; -> "CMD4" (len 4)
402B  EC38 45AD   ELEF 1,45AD   ; [45AD] = 34
402D  8E48        PSH 0,1
402E  0C0C 5DBE   JSR @12            ; overlay call, arg 5DBE
4030  5020        STA 2,32
4031  8538 0281   EJMP 0281,PC   ; -> 42B3
4033  3020        LDA 2,32
4034  E438 45B5   ELEF 0,45B5   ; [45B5] = 0
4036  8A00        MOV 0,1
4037  8E48        PSH 0,1
4038  E438 45B4   ELEF 0,45B4   ; [45B4] = 2
403A  3821        LDA 3,33
403B  6B17        IO   6B17
403C  8E48        PSH 0,1
403D  0C0C 5674   JSR @12            ; overlay call, arg 5674
403F  5020        STA 2,32
4040  2317        LDA 0,23,3
4041  4306        STA 0,6,3
4042  AD50        SUBZL 1,1
4043  A208        SGT 1,0
4044  0110        JMP 16,PC   ; -> 4054
4045  E438 45B6   ELEF 0,45B6   ; [45B6] = 1
4047  EC38 01D5   ELEF 1,01D5   ; = 469
4049  8E48        PSH 0,1
404A  E438 45B4   ELEF 0,45B4   ; [45B4] = 2
404C  6B17        IO   6B17
404D  8E48        PSH 0,1
404E  0C0C 5674   JSR @12            ; overlay call, arg 5674
4050  5020        STA 2,32
4051  2317        LDA 0,23,3
4052  4306        STA 0,6,3
4053  0110        JMP 16,PC   ; -> 4063
4054  3020        LDA 2,32
4055  E438 45B6   ELEF 0,45B6   ; [45B6] = 1
4057  EC38 45B5   ELEF 1,45B5   ; [45B5] = 0
4059  8E48        PSH 0,1
405A  E438 45B4   ELEF 0,45B4   ; [45B4] = 2
405C  6B17        IO   6B17
405D  8E48        PSH 0,1
405E  0C0C 5674   JSR @12            ; overlay call, arg 5674
4060  5020        STA 2,32
4061  2317        LDA 0,23,3
4062  4306        STA 0,6,3
4063  2306        LDA 0,6,3
4064  862E        ADDO# 0,0,SEZ
4065  0103        JMP 3,PC   ; -> 4068
4066  8538 0102   EJMP 0102,PC   ; -> 4169
4068  3020        LDA 2,32
4069  6306        IO   6306
406A  6B17        IO   6B17
406B  8E48        PSH 0,1
406C  0C0C 540B   JSR @12            ; overlay call, arg 540B
406E  5020        STA 2,32
406F  2317        LDA 0,23,3
4070  4307        STA 0,7,3
4071  820D        MOV# 0,0,SNR
4072  AD01        SUB 1,1,SKP
4073  AD50        SUBZL 1,1
4074  4B17        STA 1,23,3
4075  AC38 01D5   ELDA 1,01D5   ; = 469
4077  A50D        SUB# 1,0,SNR
4078  D501        SUB 2,2,SKP
4079  D550        SUBZL 2,2
407A  2317        LDA 0,23,3
407B  9700        AND 0,2
407C  D20D        MOV# 2,2,SNR
407D  010C        JMP 12,PC   ; -> 4089
407E  3020        LDA 2,32
407F  E438 021D   ELEF 0,021D   ; = 541
4081  EC38 45B4   ELEF 1,45B4   ; [45B4] = 2
4083  8E48        PSH 0,1
4084  0C0C 5DBE   JSR @12            ; overlay call, arg 5DBE
4086  5020        STA 2,32
4087  8538 00E1   EJMP 00E1,PC   ; -> 4169
4089  2306        LDA 0,6,3
408A  2B16        LDA 1,22,3
408B  8E00        ADD 0,1
408C  3314        LDA 2,20,3
408D  B600        ADD 1,2
408E  5317        STA 2,23,3
408F  2200        LDA 0,0,2
4090  3306        LDA 2,6,3
4091  4308        STA 0,8,3
4092  60BF        IO   60BF
4093  C50C        SUB# 2,0,SZR
4094  0138        JMP 56,PC   ; -> 40CC
4095  2308        LDA 0,8,3
4096  C7F8 0020   ANDI 0020,0
4098  820D        MOV# 0,0,SNR
4099  010B        JMP 11,PC   ; -> 40A4
409A  3020        LDA 2,32
409B  E438 021D   ELEF 0,021D   ; = 541
409D  EC38 45B9   ELEF 1,45B9   ; [45B9] = 64
409F  8E48        PSH 0,1
40A0  0C0C 5DBE   JSR @12            ; overlay call, arg 5DBE
40A2  5020        STA 2,32
40A3  0127        JMP 39,PC   ; -> 40CA
40A4  A438 01F9   ELDA 0,01F9   ; = 505
40A6  6864        IO   6864
40A7  8A08        SGT 0,1
40A8  011B        JMP 27,PC   ; -> 40C3
40A9  3308        LDA 2,8,3
40AA  97F8 0020   IORI 0020,2
40AC  2306        LDA 0,6,3
40AD  2B16        LDA 1,22,3
40AE  8E00        ADD 0,1
40AF  5317        STA 2,23,3
40B0  3314        LDA 2,20,3
40B1  B600        ADD 1,2
40B2  2317        LDA 0,23,3
40B3  4200        STA 0,0,2
40B4  3020        LDA 2,32
40B5  E438 45B4   ELEF 0,45B4   ; [45B4] = 2
40B7  6B06        IO   6B06
40B8  8E48        PSH 0,1
40B9  0C0C 6024   JSR @12            ; overlay call, arg 6024
40BB  5020        STA 2,32
40BC  E438 45BB   ELEF 0,45BB   ; [45BB] = 321
40BE  8648        PSH 0,0
40BF  0C0C 5D26   JSR @12            ; overlay call, arg 5D26
40C1  5020        STA 2,32
40C2  0108        JMP 8,PC   ; -> 40CA
40C3  3020        LDA 2,32
40C4  E438 45BC   ELEF 0,45BC   ; [45BC] = 320
40C6  8648        PSH 0,0
40C7  0C0C 5D26   JSR @12            ; overlay call, arg 5D26
40C9  5020        STA 2,32
40CA  8538 009E   EJMP 009E,PC   ; -> 4169
40CC  2308        LDA 0,8,3
40CD  C7F8 0020   ANDI 0020,0
40CF  820D        MOV# 0,0,SNR
40D0  D501        SUB 2,2,SKP
40D1  D550        SUBZL 2,2
40D2  D20D        MOV# 2,2,SNR
40D3  010C        JMP 12,PC   ; -> 40DF
40D4  3020        LDA 2,32
40D5  E438 021D   ELEF 0,021D   ; = 541
40D7  EC38 45B9   ELEF 1,45B9   ; [45B9] = 64
40D9  8E48        PSH 0,1
40DA  0C0C 5DBE   JSR @12            ; overlay call, arg 5DBE
40DC  5020        STA 2,32
40DD  8538 008B   EJMP 008B,PC   ; -> 4169
40DF  2308        LDA 0,8,3
40E0  C7F8 1000   ANDI 1000,0
40E2  820D        MOV# 0,0,SNR
40E3  010C        JMP 12,PC   ; -> 40EF
40E4  3020        LDA 2,32
40E5  E438 021D   ELEF 0,021D   ; = 541
40E7  EC38 45BE   ELEF 1,45BE   ; [45BE] = 181
40E9  8E48        PSH 0,1
40EA  0C0C 5DBE   JSR @12            ; overlay call, arg 5DBE
40EC  5020        STA 2,32
40ED  8538 007B   EJMP 007B,PC   ; -> 4169
40EF  2308        LDA 0,8,3
40F0  C7F8 0010   ANDI 0010,0
40F2  820C        MOV# 0,0,SZR
40F3  010C        JMP 12,PC   ; -> 40FF
40F4  3020        LDA 2,32
40F5  E438 021D   ELEF 0,021D   ; = 541
40F7  EC38 45C0   ELEF 1,45C0   ; [45C0] = 65
40F9  8E48        PSH 0,1
40FA  0C0C 5DBE   JSR @12            ; overlay call, arg 5DBE
40FC  5020        STA 2,32
40FD  8538 006B   EJMP 006B,PC   ; -> 4169
40FF  2308        LDA 0,8,3
4100  87F8 0020   IORI 0020,0
4102  2B06        LDA 1,6,3
4103  3316        LDA 2,22,3
4104  B600        ADD 1,2
4105  4317        STA 0,23,3
4106  2314        LDA 0,20,3
4107  9600        ADD 0,2
4108  2317        LDA 0,23,3
4109  4200        STA 0,0,2
410A  3020        LDA 2,32
410B  E438 021D   ELEF 0,021D   ; = 541
410D  EC38 45C1   ELEF 1,45C1   ; [45C1] = 66
410F  8E48        PSH 0,1
4110  0C0C 5DBE   JSR @12            ; overlay call, arg 5DBE
4112  5020        STA 2,32
4113  2306        LDA 0,6,3
4114  6817        IO   6817
4115  8D0C        SUB# 0,1,SZR
4116  0109        JMP 9,PC   ; -> 411F
4117  E438 45B6   ELEF 0,45B6   ; [45B6] = 1
4119  EC38 45C2   ELEF 1,45C2   ; [45C2] = 23
411B  8E48        PSH 0,1
411C  0C0C 6024   JSR @12            ; overlay call, arg 6024
411E  5020        STA 2,32
411F  2306        LDA 0,6,3
4120  68B5        IO   68B5
4121  8A48        SGE 0,1
4122  D501        SUB 2,2,SKP
4123  D550        SUBZL 2,2
4124  68BE        IO   68BE
4125  5317        STA 2,23,3
4126  A248        SGE 1,0
4127  D501        SUB 2,2,SKP
4128  D550        SUBZL 2,2
4129  2317        LDA 0,23,3
412A  9700        AND 0,2
412B  D20D        MOV# 2,2,SNR
412C  0109        JMP 9,PC   ; -> 4135
412D  3020        LDA 2,32
412E  E438 45B6   ELEF 0,45B6   ; [45B6] = 1
4130  6B06        IO   6B06
4131  8E48        PSH 0,1
4132  0C0C 6024   JSR @12            ; overlay call, arg 6024
4134  5020        STA 2,32
4135  2306        LDA 0,6,3
4136  68B8        IO   68B8
4137  8D0C        SUB# 0,1,SZR
4138  0117        JMP 23,PC   ; -> 414F
4139  3020        LDA 2,32
413A  E438 45B6   ELEF 0,45B6   ; [45B6] = 1
413C  EC38 45C5   ELEF 1,45C5   ; [45C5] = 185
413E  8E48        PSH 0,1
413F  0C0C 6024   JSR @12            ; overlay call, arg 6024
4141  5020        STA 2,32
4142  2306        LDA 0,6,3
4143  8300        INC 0,0
4144  2B16        LDA 1,22,3
4145  8E00        ADD 0,1
4146  4317        STA 0,23,3
4147  2314        LDA 0,20,3
4148  4B18        STA 1,24,3
4149  8E00        ADD 0,1
414A  4B19        STA 1,25,3
414B  2719        LDA 0,@25,3
414C  87F8 0020   IORI 0020,0
414E  4719        STA 0,@25,3
414F  2306        LDA 0,6,3
4150  68B9        IO   68B9
4151  8D0C        SUB# 0,1,SZR
4152  0117        JMP 23,PC   ; -> 4169
4153  3020        LDA 2,32
4154  E438 45B6   ELEF 0,45B6   ; [45B6] = 1
4156  EC38 45C4   ELEF 1,45C4   ; [45C4] = 184
4158  8E48        PSH 0,1
4159  0C0C 6024   JSR @12            ; overlay call, arg 6024
415B  5020        STA 2,32
415C  2306        LDA 0,6,3
415D  8048        SBI 0,0
415E  2B16        LDA 1,22,3
415F  8E00        ADD 0,1
4160  431A        STA 0,26,3
4161  2314        LDA 0,20,3
4162  4B1B        STA 1,27,3
4163  8E00        ADD 0,1
4164  4B1C        STA 1,28,3
4165  271C        LDA 0,@28,3
4166  87F8 0020   IORI 0020,0
4168  471C        STA 0,@28,3
4169  8538 0149   EJMP 0149,PC   ; -> 42B3
416B  3020        LDA 2,32
416C  E438 45B5   ELEF 0,45B5   ; [45B5] = 0
416E  8A00        MOV 0,1
416F  8E48        PSH 0,1
4170  E438 45B4   ELEF 0,45B4   ; [45B4] = 2
4172  3821        LDA 3,33
4173  6B1D        IO   6B1D
4174  8E48        PSH 0,1
4175  0C0C 5674   JSR @12            ; overlay call, arg 5674
4177  5020        STA 2,32
4178  231D        LDA 0,29,3
4179  4306        STA 0,6,3
417A  AD50        SUBZL 1,1
417B  A208        SGT 1,0
417C  0110        JMP 16,PC   ; -> 418C
417D  E438 45B6   ELEF 0,45B6   ; [45B6] = 1
417F  EC38 01D5   ELEF 1,01D5   ; = 469
4181  8E48        PSH 0,1
4182  E438 45B4   ELEF 0,45B4   ; [45B4] = 2
4184  6B1D        IO   6B1D
4185  8E48        PSH 0,1
4186  0C0C 5674   JSR @12            ; overlay call, arg 5674
4188  5020        STA 2,32
4189  231D        LDA 0,29,3
418A  4306        STA 0,6,3
418B  0110        JMP 16,PC   ; -> 419B
418C  3020        LDA 2,32
418D  E438 45B6   ELEF 0,45B6   ; [45B6] = 1
418F  EC38 45B5   ELEF 1,45B5   ; [45B5] = 0
4191  8E48        PSH 0,1
4192  E438 45B4   ELEF 0,45B4   ; [45B4] = 2
4194  6B1D        IO   6B1D
4195  8E48        PSH 0,1
4196  0C0C 5674   JSR @12            ; overlay call, arg 5674
4198  5020        STA 2,32
4199  231D        LDA 0,29,3
419A  4306        STA 0,6,3
419B  2306        LDA 0,6,3
419C  862F        ADDO# 0,0,SBN
419D  D501        SUB 2,2,SKP
419E  D550        SUBZL 2,2
419F  D20C        MOV# 2,2,SZR
41A0  0103        JMP 3,PC   ; -> 41A3
41A1  8538 00D1   EJMP 00D1,PC   ; -> 4273
41A3  3020        LDA 2,32
41A4  6306        IO   6306
41A5  6B1D        IO   6B1D
41A6  8E48        PSH 0,1
41A7  0C0C 540B   JSR @12            ; overlay call, arg 540B
41A9  5020        STA 2,32
41AA  231D        LDA 0,29,3
41AB  4307        STA 0,7,3
41AC  820D        MOV# 0,0,SNR
41AD  AD01        SUB 1,1,SKP
41AE  AD50        SUBZL 1,1
41AF  4B1D        STA 1,29,3
41B0  AC38 01D5   ELDA 1,01D5   ; = 469
41B2  A50D        SUB# 1,0,SNR
41B3  D501        SUB 2,2,SKP
41B4  D550        SUBZL 2,2
41B5  231D        LDA 0,29,3
41B6  9700        AND 0,2
41B7  D20D        MOV# 2,2,SNR
41B8  010C        JMP 12,PC   ; -> 41C4
41B9  3020        LDA 2,32
41BA  E438 021D   ELEF 0,021D   ; = 541
41BC  EC38 45B4   ELEF 1,45B4   ; [45B4] = 2
41BE  8E48        PSH 0,1
41BF  0C0C 5DBE   JSR @12            ; overlay call, arg 5DBE
41C1  5020        STA 2,32
41C2  8538 00B0   EJMP 00B0,PC   ; -> 4273
41C4  2306        LDA 0,6,3
41C5  2B16        LDA 1,22,3
41C6  8E00        ADD 0,1
41C7  3314        LDA 2,20,3
41C8  B600        ADD 1,2
41C9  531D        STA 2,29,3
41CA  2200        LDA 0,0,2
41CB  C7F8 0020   ANDI 0020,0
41CD  820C        MOV# 0,0,SZR
41CE  010C        JMP 12,PC   ; -> 41DA
41CF  3020        LDA 2,32
41D0  E438 021D   ELEF 0,021D   ; = 541
41D2  EC38 45C6   ELEF 1,45C6   ; [45C6] = 127
41D4  8E48        PSH 0,1
41D5  0C0C 5DBE   JSR @12            ; overlay call, arg 5DBE
41D7  5020        STA 2,32
41D8  8538 009A   EJMP 009A,PC   ; -> 4273
41DA  3020        LDA 2,32
41DB  E438 021D   ELEF 0,021D   ; = 541
41DD  EC38 45C7   ELEF 1,45C7   ; [45C7] = 134
41DF  8E48        PSH 0,1
41E0  0C0C 5DBE   JSR @12            ; overlay call, arg 5DBE
41E2  5020        STA 2,32
41E3  2306        LDA 0,6,3
41E4  2B16        LDA 1,22,3
41E5  8E00        ADD 0,1
41E6  2314        LDA 0,20,3
41E7  4B1D        STA 1,29,3
41E8  8E00        ADD 0,1
41E9  A200        MOV 1,0
41EA  431E        STA 0,30,3
41EB  6B1F        IO   6B1F
41EC  0C44        JSR @68
41ED  5020        STA 2,32
41EE  AE48        PSH 1,1
41EF  E438 45C8   ELEF 0,45C8   ; [45C8] = 0
41F1  6B21        IO   6B21
41F2  0C4A        JSR @74
41F3  5020        STA 2,32
41F4  A200        MOV 1,0
41F5  6B23        IO   6B23
41F6  0C4B        JSR @75
41F7  5020        STA 2,32
41F8  2323        LDA 0,35,3
41F9  2B06        LDA 1,6,3
41FA  471E        STA 0,@30,3
41FB  6054        IO   6054
41FC  A50C        SUB# 1,0,SZR
41FD  0114        JMP 20,PC   ; -> 4211
41FE  E438 45B5   ELEF 0,45B5   ; [45B5] = 0
4200  EC38 45CA   ELEF 1,45CA   ; [45CA] = 84
4202  8E48        PSH 0,1
4203  0C0C 6024   JSR @12            ; overlay call, arg 6024
4205  5020        STA 2,32
4206  2306        LDA 0,6,3
4207  2B16        LDA 1,22,3
4208  8E00        ADD 0,1
4209  2314        LDA 0,20,3
420A  4B23        STA 1,35,3
420B  8E00        ADD 0,1
420C  4B24        STA 1,36,3
420D  2724        LDA 0,@36,3
420E  87F8 1000   IORI 1000,0
4210  4724        STA 0,@36,3
4211  2306        LDA 0,6,3
4212  68B5        IO   68B5
4213  8A48        SGE 0,1
4214  D501        SUB 2,2,SKP
4215  D550        SUBZL 2,2
4216  68BE        IO   68BE
4217  5325        STA 2,37,3
4218  A248        SGE 1,0
4219  D501        SUB 2,2,SKP
421A  D550        SUBZL 2,2
421B  2325        LDA 0,37,3
421C  9700        AND 0,2
421D  D20D        MOV# 2,2,SNR
421E  0109        JMP 9,PC   ; -> 4227
421F  3020        LDA 2,32
4220  E438 45B5   ELEF 0,45B5   ; [45B5] = 0
4222  6B06        IO   6B06
4223  8E48        PSH 0,1
4224  0C0C 6024   JSR @12            ; overlay call, arg 6024
4226  5020        STA 2,32
4227  2306        LDA 0,6,3
4228  68B8        IO   68B8
4229  8D0C        SUB# 0,1,SZR
422A  0123        JMP 35,PC   ; -> 424D
422B  3020        LDA 2,32
422C  E438 45B5   ELEF 0,45B5   ; [45B5] = 0
422E  EC38 45C5   ELEF 1,45C5   ; [45C5] = 185
4230  8E48        PSH 0,1
4231  0C0C 6024   JSR @12            ; overlay call, arg 6024
4233  5020        STA 2,32
4234  2306        LDA 0,6,3
4235  8300        INC 0,0
4236  2B16        LDA 1,22,3
4237  8E00        ADD 0,1
4238  4325        STA 0,37,3
4239  2314        LDA 0,20,3
423A  4B26        STA 1,38,3
423B  8E00        ADD 0,1
423C  A200        MOV 1,0
423D  4327        STA 0,39,3
423E  6B1F        IO   6B1F
423F  0C44        JSR @68
4240  5020        STA 2,32
4241  AE48        PSH 1,1
4242  E438 45C8   ELEF 0,45C8   ; [45C8] = 0
4244  6B21        IO   6B21
4245  0C4A        JSR @74
4246  5020        STA 2,32
4247  A200        MOV 1,0
4248  6B28        IO   6B28
4249  0C4B        JSR @75
424A  5020        STA 2,32
424B  2328        LDA 0,40,3
424C  4727        STA 0,@39,3
424D  2306        LDA 0,6,3
424E  68B9        IO   68B9
424F  8D0C        SUB# 0,1,SZR
4250  0123        JMP 35,PC   ; -> 4273
4251  3020        LDA 2,32
4252  E438 45B5   ELEF 0,45B5   ; [45B5] = 0
4254  EC38 45C4   ELEF 1,45C4   ; [45C4] = 184
4256  8E48        PSH 0,1
4257  0C0C 6024   JSR @12            ; overlay call, arg 6024
4259  5020        STA 2,32
425A  2306        LDA 0,6,3
425B  8048        SBI 0,0
425C  2B16        LDA 1,22,3
425D  8E00        ADD 0,1
425E  4328        STA 0,40,3
425F  2314        LDA 0,20,3
4260  4B29        STA 1,41,3
4261  8E00        ADD 0,1
4262  A200        MOV 1,0
4263  432A        STA 0,42,3
4264  6B1F        IO   6B1F
4265  0C44        JSR @68
4266  5020        STA 2,32
4267  AE48        PSH 1,1
4268  E438 45C8   ELEF 0,45C8   ; [45C8] = 0
426A  6B21        IO   6B21
426B  0C4A        JSR @74
426C  5020        STA 2,32
426D  A200        MOV 1,0
426E  6B2B        IO   6B2B
426F  0C4B        JSR @75
4270  5020        STA 2,32
4271  232B        LDA 0,43,3
4272  472A        STA 0,@42,3
4273  0140        JMP 64,PC   ; -> 42B3
4274  3020        LDA 2,32
4275  E438 45B6   ELEF 0,45B6   ; [45B6] = 1
4277  EC38 45B5   ELEF 1,45B5   ; [45B5] = 0
4279  8E48        PSH 0,1
427A  E438 45B4   ELEF 0,45B4   ; [45B4] = 2
427C  3821        LDA 3,33
427D  6B2B        IO   6B2B
427E  8E48        PSH 0,1
427F  0C0C 5674   JSR @12            ; overlay call, arg 5674
4281  5020        STA 2,32
4282  232B        LDA 0,43,3
4283  4306        STA 0,6,3
4284  862F        ADDO# 0,0,SBN
4285  AD01        SUB 1,1,SKP
4286  AD50        SUBZL 1,1
4287  AA0D        MOV# 1,1,SNR
4288  012A        JMP 42,PC   ; -> 42B2
4289  6306        IO   6306
428A  6B2B        IO   6B2B
428B  8E48        PSH 0,1
428C  0C0C 540B   JSR @12            ; overlay call, arg 540B
428E  5020        STA 2,32
428F  232B        LDA 0,43,3
4290  4307        STA 0,7,3
4291  820D        MOV# 0,0,SNR
4292  AD01        SUB 1,1,SKP
4293  AD50        SUBZL 1,1
4294  AA0D        MOV# 1,1,SNR
4295  0108        JMP 8,PC   ; -> 429D
4296  E438 45CB   ELEF 0,45CB   ; [45CB] = 6
4298  8648        PSH 0,0
4299  0C0C 5D26   JSR @12            ; overlay call, arg 5D26
429B  5020        STA 2,32
429C  0116        JMP 22,PC   ; -> 42B2
429D  2306        LDA 0,6,3
429E  6855        IO   6855
429F  8D0C        SUB# 0,1,SZR
42A0  0109        JMP 9,PC   ; -> 42A9
42A1  3020        LDA 2,32
42A2  E438 45CD   ELEF 0,45CD   ; [45CD] = 52
42A4  8648        PSH 0,0
42A5  0C0C 5D26   JSR @12            ; overlay call, arg 5D26
42A7  5020        STA 2,32
42A8  010A        JMP 10,PC   ; -> 42B2
42A9  3020        LDA 2,32
42AA  E438 021D   ELEF 0,021D   ; = 541
42AC  EC38 45CE   ELEF 1,45CE   ; [45CE] = 53
42AE  8E48        PSH 0,1
42AF  0C0C 5DBE   JSR @12            ; overlay call, arg 5DBE
42B1  5020        STA 2,32
42B2  0101        JMP 1,PC   ; -> 42B3
42B3  AFC8        RTN
42B4  0000        JMP 0
42B5  0000        JMP 0
42B6  0000        JMP 0
42B7  0000        JMP 0
42B8  0000        JMP 0
42B9  0000        JMP 0
42BA  0000        JMP 0
42BB  0000        JMP 0
42BC  0000        JMP 0
42BD  0000        JMP 0
42BE  0000        JMP 0
42BF  0000        JMP 0
42C0  0000        JMP 0
42C1  0000        JMP 0
42C2  0000        JMP 0
42C3  0000        JMP 0
42C4  0000        JMP 0
42C5  0000        JMP 0
42C6  0000        JMP 0
42C7  0000        JMP 0
42C8  0000        JMP 0
42C9  0000        JMP 0
42CA  0000        JMP 0
42CB  0000        JMP 0
42CC  0000        JMP 0
42CD  0000        JMP 0
42CE  0000        JMP 0
42CF  0000        JMP 0
42D0  0000        JMP 0
42D1  0000        JMP 0
42D2  0000        JMP 0
42D3  0000        JMP 0
42D4  0000        JMP 0
42D5  0000        JMP 0
42D6  0000        JMP 0
42D7  0000        JMP 0
42D8  0000        JMP 0
42D9  0000        JMP 0
42DA  0000        JMP 0
42DB  0000        JMP 0
42DC  0000        JMP 0
42DD  0000        JMP 0
42DE  0000        JMP 0
42DF  0000        JMP 0
42E0  0000        JMP 0
42E1  0000        JMP 0
42E2  0000        JMP 0
42E3  0000        JMP 0
42E4  0000        JMP 0
42E5  0000        JMP 0
42E6  0000        JMP 0
42E7  0000        JMP 0
42E8  0000        JMP 0
42E9  0000        JMP 0
42EA  0000        JMP 0
42EB  0000        JMP 0
42EC  0000        JMP 0
42ED  0000        JMP 0
42EE  0000        JMP 0
42EF  0000        JMP 0
42F0  0000        JMP 0
42F1  0000        JMP 0
42F2  0000        JMP 0
42F3  0000        JMP 0
42F4  0000        JMP 0
42F5  0000        JMP 0
42F6  0000        JMP 0
42F7  0000        JMP 0
42F8  0000        JMP 0
42F9  0000        JMP 0
42FA  0000        JMP 0
42FB  0000        JMP 0
42FC  0000        JMP 0
42FD  0000        JMP 0
42FE  0000        JMP 0
42FF  0000        JMP 0
4300  0000        JMP 0
4301  0000        JMP 0
4302  0000        JMP 0
4303  0000        JMP 0
4304  0000        JMP 0
4305  0000        JMP 0
4306  0000        JMP 0
4307  0000        JMP 0
4308  0000        JMP 0
4309  0000        JMP 0
430A  0000        JMP 0
430B  0000        JMP 0
430C  0000        JMP 0
430D  0000        JMP 0
430E  0000        JMP 0
430F  0000        JMP 0
4310  0000        JMP 0
4311  0000        JMP 0
4312  0000        JMP 0
4313  0000        JMP 0
4314  0000        JMP 0
4315  0000        JMP 0
4316  0000        JMP 0
4317  0000        JMP 0
4318  0000        JMP 0
4319  0000        JMP 0
431A  0000        JMP 0
431B  0000        JMP 0
431C  0000        JMP 0
431D  0000        JMP 0
431E  0000        JMP 0
431F  0000        JMP 0
4320  0000        JMP 0
4321  0000        JMP 0
4322  0000        JMP 0
4323  0000        JMP 0
4324  0000        JMP 0
4325  0000        JMP 0
4326  0000        JMP 0
4327  0000        JMP 0
4328  0000        JMP 0
4329  0000        JMP 0
432A  0000        JMP 0
432B  0000        JMP 0
432C  0000        JMP 0
432D  0000        JMP 0
432E  0000        JMP 0
432F  0000        JMP 0
4330  0000        JMP 0
4331  0000        JMP 0
4332  0000        JMP 0
4333  0000        JMP 0
4334  0000        JMP 0
4335  0000        JMP 0
4336  0000        JMP 0
4337  0000        JMP 0
4338  0000        JMP 0
4339  0000        JMP 0
433A  0000        JMP 0
433B  0000        JMP 0
433C  0000        JMP 0
433D  0000        JMP 0
433E  0000        JMP 0
433F  0000        JMP 0
4340  0000        JMP 0
4341  0000        JMP 0
4342  0000        JMP 0
4343  0000        JMP 0
4344  0000        JMP 0
4345  0000        JMP 0
4346  0000        JMP 0
4347  0000        JMP 0
4348  0000        JMP 0
4349  0000        JMP 0
434A  0000        JMP 0
434B  0000        JMP 0
434C  0000        JMP 0
434D  0000        JMP 0
434E  0000        JMP 0
434F  0000        JMP 0
4350  0000        JMP 0
4351  0000        JMP 0
4352  0000        JMP 0
4353  0000        JMP 0
4354  0000        JMP 0
4355  0000        JMP 0
4356  0000        JMP 0
4357  0000        JMP 0
4358  0000        JMP 0
4359  0000        JMP 0
435A  0000        JMP 0
435B  0000        JMP 0
435C  0000        JMP 0
435D  0000        JMP 0
435E  0000        JMP 0
435F  0000        JMP 0
4360  0000        JMP 0
4361  0000        JMP 0
4362  0000        JMP 0
4363  0000        JMP 0
4364  0000        JMP 0
4365  0000        JMP 0
4366  0000        JMP 0
4367  0000        JMP 0
4368  0000        JMP 0
4369  0000        JMP 0
436A  0000        JMP 0
436B  0000        JMP 0
436C  0000        JMP 0
436D  0000        JMP 0
436E  0000        JMP 0
436F  0000        JMP 0
4370  0000        JMP 0
4371  0000        JMP 0
4372  0000        JMP 0
4373  0000        JMP 0
4374  0000        JMP 0
4375  0000        JMP 0
4376  0000        JMP 0
4377  0000        JMP 0
4378  0000        JMP 0
4379  0000        JMP 0
437A  0000        JMP 0
437B  0000        JMP 0
437C  0000        JMP 0
437D  0000        JMP 0
437E  0000        JMP 0
437F  0000        JMP 0
4380  0000        JMP 0
4381  0000        JMP 0
4382  0000        JMP 0
4383  0000        JMP 0
4384  0000        JMP 0
4385  0000        JMP 0
4386  0000        JMP 0
4387  0000        JMP 0
4388  0000        JMP 0
4389  0000        JMP 0
438A  0000        JMP 0
438B  0000        JMP 0
438C  0000        JMP 0
438D  0000        JMP 0
438E  0000        JMP 0
438F  0000        JMP 0
4390  0000        JMP 0
4391  0000        JMP 0
4392  0000        JMP 0
4393  0000        JMP 0
4394  0000        JMP 0
4395  0000        JMP 0
4396  0000        JMP 0
4397  0000        JMP 0
4398  0000        JMP 0
4399  0000        JMP 0
439A  0000        JMP 0
439B  0000        JMP 0
439C  0000        JMP 0
439D  0000        JMP 0
439E  0000        JMP 0
439F  0000        JMP 0
43A0  0000        JMP 0
43A1  0000        JMP 0
43A2  0000        JMP 0
43A3  0000        JMP 0
43A4  0000        JMP 0
43A5  0000        JMP 0
43A6  0000        JMP 0
43A7  0000        JMP 0
43A8  0000        JMP 0
43A9  0000        JMP 0
43AA  0000        JMP 0
43AB  0000        JMP 0
43AC  0000        JMP 0
43AD  0000        JMP 0
43AE  0000        JMP 0
43AF  0000        JMP 0
43B0  0000        JMP 0
43B1  0000        JMP 0
43B2  0000        JMP 0
43B3  0000        JMP 0
43B4  0000        JMP 0
43B5  0000        JMP 0
43B6  0000        JMP 0
43B7  0000        JMP 0
43B8  0000        JMP 0
43B9  0000        JMP 0
43BA  0000        JMP 0
43BB  0000        JMP 0
43BC  0000        JMP 0
43BD  0000        JMP 0
43BE  0000        JMP 0
43BF  0000        JMP 0
43C0  0000        JMP 0
43C1  0000        JMP 0
43C2  0000        JMP 0
43C3  0000        JMP 0
43C4  0000        JMP 0
43C5  0000        JMP 0
43C6  0000        JMP 0
43C7  0000        JMP 0
43C8  0000        JMP 0
43C9  0000        JMP 0
43CA  0000        JMP 0
43CB  0000        JMP 0
43CC  0000        JMP 0
43CD  0000        JMP 0
43CE  0000        JMP 0
43CF  0000        JMP 0
43D0  0000        JMP 0
43D1  0000        JMP 0
43D2  0000        JMP 0
43D3  0000        JMP 0
43D4  0000        JMP 0
43D5  0000        JMP 0
43D6  0000        JMP 0
43D7  0000        JMP 0
43D8  0000        JMP 0
43D9  0000        JMP 0
43DA  0000        JMP 0
43DB  0000        JMP 0
43DC  0000        JMP 0
43DD  0000        JMP 0
43DE  0000        JMP 0
43DF  0000        JMP 0
43E0  0000        JMP 0
43E1  0000        JMP 0
43E2  0000        JMP 0
43E3  0000        JMP 0
43E4  0000        JMP 0
43E5  0000        JMP 0
43E6  0000        JMP 0
43E7  0000        JMP 0
43E8  0000        JMP 0
43E9  0000        JMP 0
43EA  0000        JMP 0
43EB  0000        JMP 0
43EC  0000        JMP 0
43ED  0000        JMP 0
43EE  0000        JMP 0
43EF  0000        JMP 0
43F0  0000        JMP 0
43F1  0000        JMP 0
43F2  0000        JMP 0
43F3  0000        JMP 0
43F4  0000        JMP 0
43F5  0000        JMP 0
43F6  0000        JMP 0
43F7  0000        JMP 0
43F8  0000        JMP 0
43F9  0000        JMP 0
43FA  0000        JMP 0
43FB  0000        JMP 0
43FC  0000        JMP 0
43FD  0000        JMP 0
43FE  0000        JMP 0
43FF  0000        JMP 0
4400  0000        JMP 0
4401  0000        JMP 0
4402  0000        JMP 0
4403  0000        JMP 0
4404  0000        JMP 0
4405  0000        JMP 0
4406  0000        JMP 0
4407  0000        JMP 0
4408  0000        JMP 0
4409  0000        JMP 0
440A  0000        JMP 0
440B  0000        JMP 0
440C  0000        JMP 0
440D  0000        JMP 0
440E  0000        JMP 0
440F  0000        JMP 0
4410  0000        JMP 0
4411  0000        JMP 0
4412  0000        JMP 0
4413  0000        JMP 0
4414  0000        JMP 0
4415  0000        JMP 0
4416  0000        JMP 0
4417  0000        JMP 0
4418  0000        JMP 0
4419  0000        JMP 0
441A  0000        JMP 0
441B  0000        JMP 0
441C  0000        JMP 0
441D  0000        JMP 0
441E  0000        JMP 0
441F  0000        JMP 0
4420  0000        JMP 0
4421  0000        JMP 0
4422  0000        JMP 0
4423  0000        JMP 0
4424  0000        JMP 0
4425  0000        JMP 0
4426  0000        JMP 0
4427  0000        JMP 0
4428  0000        JMP 0
4429  0000        JMP 0
442A  0000        JMP 0
442B  0000        JMP 0
442C  0000        JMP 0
442D  0000        JMP 0
442E  0000        JMP 0
442F  0000        JMP 0
4430  0000        JMP 0
4431  0000        JMP 0
4432  0000        JMP 0
4433  0000        JMP 0
4434  0000        JMP 0
4435  0000        JMP 0
4436  0000        JMP 0
4437  0000        JMP 0
4438  0000        JMP 0
4439  0000        JMP 0
443A  0000        JMP 0
443B  0000        JMP 0
443C  0000        JMP 0
443D  0000        JMP 0
443E  0000        JMP 0
443F  0000        JMP 0
4440  0000        JMP 0
4441  0000        JMP 0
4442  0000        JMP 0
4443  0000        JMP 0
4444  0000        JMP 0
4445  0000        JMP 0
4446  0000        JMP 0
4447  0000        JMP 0
4448  0000        JMP 0
4449  0000        JMP 0
444A  0000        JMP 0
444B  0000        JMP 0
444C  0000        JMP 0
444D  0000        JMP 0
444E  0000        JMP 0
444F  0000        JMP 0
4450  0000        JMP 0
4451  0000        JMP 0
4452  0000        JMP 0
4453  0000        JMP 0
4454  0000        JMP 0
4455  0000        JMP 0
4456  0000        JMP 0
4457  0000        JMP 0
4458  0000        JMP 0
4459  0000        JMP 0
445A  0000        JMP 0
445B  0000        JMP 0
445C  0000        JMP 0
445D  0000        JMP 0
445E  0000        JMP 0
445F  0000        JMP 0
4460  0000        JMP 0
4461  0000        JMP 0
4462  0000        JMP 0
4463  0000        JMP 0
4464  0000        JMP 0
4465  0000        JMP 0
4466  0000        JMP 0
4467  0000        JMP 0
4468  0000        JMP 0
4469  0000        JMP 0
446A  0000        JMP 0
446B  0000        JMP 0
446C  0000        JMP 0
446D  0000        JMP 0
446E  0000        JMP 0
446F  0000        JMP 0
4470  0000        JMP 0
4471  0000        JMP 0
4472  0000        JMP 0
4473  0000        JMP 0
4474  0000        JMP 0
4475  0000        JMP 0
4476  0000        JMP 0
4477  0000        JMP 0
4478  0000        JMP 0
4479  0000        JMP 0
447A  0000        JMP 0
447B  0000        JMP 0
447C  0000        JMP 0
447D  0000        JMP 0
447E  0000        JMP 0
447F  0000        JMP 0
4480  0000        JMP 0
4481  0000        JMP 0
4482  0000        JMP 0
4483  0000        JMP 0
4484  0000        JMP 0
4485  0000        JMP 0
4486  0000        JMP 0
4487  0000        JMP 0
4488  0000        JMP 0
4489  0000        JMP 0
448A  0000        JMP 0
448B  0000        JMP 0
448C  0000        JMP 0
448D  0000        JMP 0
448E  0000        JMP 0
448F  0000        JMP 0
4490  0000        JMP 0
4491  0000        JMP 0
4492  0000        JMP 0
4493  0000        JMP 0
4494  0000        JMP 0
4495  0000        JMP 0
4496  0000        JMP 0
4497  0000        JMP 0
4498  0000        JMP 0
4499  0000        JMP 0
449A  0000        JMP 0
449B  0000        JMP 0
449C  0000        JMP 0
449D  0000        JMP 0
449E  0000        JMP 0
449F  0000        JMP 0
44A0  0000        JMP 0
44A1  0000        JMP 0
44A2  0000        JMP 0
44A3  0000        JMP 0
44A4  0000        JMP 0
44A5  0000        JMP 0
44A6  0000        JMP 0
44A7  0000        JMP 0
44A8  0000        JMP 0
44A9  0000        JMP 0
44AA  0000        JMP 0
44AB  0000        JMP 0
44AC  0000        JMP 0
44AD  0000        JMP 0
44AE  0000        JMP 0
44AF  0000        JMP 0
44B0  0000        JMP 0
44B1  0000        JMP 0
44B2  0000        JMP 0
44B3  0000        JMP 0
44B4  0000        JMP 0
44B5  0000        JMP 0
44B6  0000        JMP 0
44B7  0000        JMP 0
44B8  0000        JMP 0
44B9  0000        JMP 0
44BA  0000        JMP 0
44BB  0000        JMP 0
44BC  0000        JMP 0
44BD  0000        JMP 0
44BE  0000        JMP 0
44BF  0000        JMP 0
44C0  0000        JMP 0
44C1  0000        JMP 0
44C2  0000        JMP 0
44C3  0000        JMP 0
44C4  0000        JMP 0
44C5  0000        JMP 0
44C6  0000        JMP 0
44C7  0000        JMP 0
44C8  0000        JMP 0
44C9  0000        JMP 0
44CA  0000        JMP 0
44CB  0000        JMP 0
44CC  0000        JMP 0
44CD  0000        JMP 0
44CE  0000        JMP 0
44CF  0000        JMP 0
44D0  0000        JMP 0
44D1  0000        JMP 0
44D2  0000        JMP 0
44D3  0000        JMP 0
44D4  0000        JMP 0
44D5  0000        JMP 0
44D6  0000        JMP 0
44D7  0000        JMP 0
44D8  0000        JMP 0
44D9  0000        JMP 0
44DA  0000        JMP 0
44DB  0000        JMP 0
44DC  0000        JMP 0
44DD  0000        JMP 0
44DE  0000        JMP 0
44DF  0000        JMP 0
44E0  0000        JMP 0
44E1  0000        JMP 0
44E2  0000        JMP 0
44E3  0000        JMP 0
44E4  0000        JMP 0
44E5  0000        JMP 0
44E6  0000        JMP 0
44E7  0000        JMP 0
44E8  0000        JMP 0
44E9  0000        JMP 0
44EA  0000        JMP 0
44EB  0000        JMP 0
44EC  0000        JMP 0
44ED  0000        JMP 0
44EE  0000        JMP 0
44EF  0000        JMP 0
44F0  0000        JMP 0
44F1  0000        JMP 0
44F2  0000        JMP 0
44F3  0000        JMP 0
44F4  0000        JMP 0
44F5  0000        JMP 0
44F6  0000        JMP 0
44F7  0000        JMP 0
44F8  0000        JMP 0
44F9  0000        JMP 0
44FA  0000        JMP 0
44FB  0000        JMP 0
44FC  0000        JMP 0
44FD  0000        JMP 0
44FE  0000        JMP 0
44FF  0000        JMP 0
4500  0000        JMP 0
4501  0000        JMP 0
4502  0000        JMP 0
4503  0000        JMP 0
4504  0000        JMP 0
4505  0000        JMP 0
4506  0000        JMP 0
4507  0000        JMP 0
4508  0000        JMP 0
4509  0000        JMP 0
450A  0000        JMP 0
450B  0000        JMP 0
450C  0000        JMP 0
450D  0000        JMP 0
450E  0000        JMP 0
450F  0000        JMP 0
4510  0000        JMP 0
4511  0000        JMP 0
4512  0000        JMP 0
4513  0000        JMP 0
4514  0000        JMP 0
4515  0000        JMP 0
4516  0000        JMP 0
4517  0000        JMP 0
4518  0000        JMP 0
4519  0000        JMP 0
451A  0000        JMP 0
451B  0000        JMP 0
451C  0000        JMP 0
451D  0000        JMP 0
451E  0000        JMP 0
451F  0000        JMP 0
4520  0000        JMP 0
4521  0000        JMP 0
4522  0000        JMP 0
4523  0000        JMP 0
4524  0000        JMP 0
4525  0000        JMP 0
4526  0000        JMP 0
4527  0000        JMP 0
4528  0000        JMP 0
4529  0000        JMP 0
452A  0000        JMP 0
452B  0000        JMP 0
452C  0000        JMP 0
452D  0000        JMP 0
452E  0000        JMP 0
452F  0000        JMP 0
4530  0000        JMP 0
4531  0000        JMP 0
4532  0000        JMP 0
4533  0000        JMP 0
4534  0000        JMP 0
4535  0000        JMP 0
4536  0000        JMP 0
4537  0000        JMP 0
4538  0000        JMP 0
4539  0000        JMP 0
453A  0000        JMP 0
453B  0000        JMP 0
453C  0000        JMP 0
453D  0000        JMP 0
453E  0000        JMP 0
453F  0000        JMP 0
4540  0000        JMP 0
4541  0000        JMP 0
4542  0000        JMP 0
4543  0000        JMP 0
4544  0000        JMP 0
4545  0000        JMP 0
4546  0000        JMP 0
4547  0000        JMP 0
4548  0000        JMP 0
4549  0000        JMP 0
454A  0000        JMP 0
454B  0000        JMP 0
454C  0000        JMP 0
454D  0000        JMP 0
454E  0000        JMP 0
454F  0000        JMP 0
4550  0000        JMP 0
4551  0000        JMP 0
4552  0000        JMP 0
4553  0000        JMP 0
4554  0000        JMP 0
4555  0000        JMP 0
4556  0000        JMP 0
4557  0000        JMP 0
4558  0000        JMP 0
4559  0000        JMP 0
455A  0000        JMP 0
455B  0000        JMP 0
455C  0000        JMP 0
455D  0000        JMP 0
455E  0000        JMP 0
455F  0000        JMP 0
4560  0000        JMP 0
4561  0000        JMP 0
4562  0000        JMP 0
4563  0000        JMP 0
4564  0000        JMP 0
4565  0000        JMP 0
4566  0000        JMP 0
4567  0000        JMP 0
4568  0000        JMP 0
4569  0000        JMP 0
456A  0000        JMP 0
456B  0000        JMP 0
456C  0000        JMP 0
456D  0000        JMP 0
456E  0000        JMP 0
456F  0000        JMP 0
4570  0000        JMP 0
4571  0000        JMP 0
4572  0000        JMP 0
4573  0000        JMP 0
4574  0000        JMP 0
4575  0000        JMP 0
4576  0000        JMP 0
4577  0000        JMP 0
4578  0000        JMP 0
4579  0000        JMP 0
457A  0000        JMP 0
457B  0000        JMP 0
457C  0000        JMP 0
457D  0000        JMP 0
457E  0000        JMP 0
457F  0000        JMP 0
4580  0000        JMP 0
4581  0000        JMP 0
4582  0000        JMP 0
4583  0000        JMP 0
4584  0000        JMP 0
4585  0000        JMP 0
4586  0000        JMP 0
4587  0000        JMP 0
4588  0000        JMP 0
4589  0000        JMP 0
458A  0000        JMP 0
458B  0000        JMP 0
458C  0000        JMP 0
458D  0000        JMP 0
458E  0000        JMP 0
458F  0000        JMP 0
4590  0000        JMP 0
4591  0000        JMP 0
4592  0000        JMP 0
4593  0000        JMP 0
4594  0000        JMP 0
4595  0000        JMP 0
4596  0000        JMP 0
4597  0000        JMP 0
4598  0000        JMP 0
4599  0000        JMP 0
459A  0000        JMP 0
459B  0000        JMP 0
459C  0000        JMP 0
459D  0000        JMP 0
459E  0000        JMP 0
459F  0000        JMP 0
45A0  0000        JMP 0
45A1  0000        JMP 0
45A2  0000        JMP 0
45A3  0000        JMP 0
45A4  0000        JMP 0
45A5  0000        JMP 0
45A6  0000        JMP 0
45A7  0000        JMP 0
45A8  0000        JMP 0
45A9  0000        JMP 0
45AA  0000        JMP 0
45AB  0000        JMP 0
45AC  0000        JMP 0
45AD  0000        JMP 0
45AE  0000        JMP 0
45AF  0000        JMP 0
45B0  0000        JMP 0
45B1  0000        JMP 0
45B2  0000        JMP 0
45B3  0000        JMP 0
45B4  0000        JMP 0
45B5  0000        JMP 0
45B6  0000        JMP 0
45B7  0000        JMP 0
45B8  0000        JMP 0
45B9  0000        JMP 0
45BA  0000        JMP 0
45BB  0000        JMP 0
45BC  0000        JMP 0
45BD  0000        JMP 0
45BE  0000        JMP 0
45BF  0000        JMP 0
45C0  0000        JMP 0
45C1  0000        JMP 0
45C2  0000        JMP 0
45C3  0000        JMP 0
45C4  0000        JMP 0
45C5  0000        JMP 0
45C6  0000        JMP 0
45C7  0000        JMP 0
45C8  0000        JMP 0
45C9  0000        JMP 0
45CA  0000        JMP 0
45CB  0000        JMP 0
45CC  0000        JMP 0
45CD  0000        JMP 0
45CE  0000        JMP 0
45CF  0000        JMP 0
45D0  0000        JMP 0
45D1  0000        JMP 0
45D2  0000        JMP 0
45D3  0000        JMP 0
45D4  0000        JMP 0
45D5  0000        JMP 0
45D6  0000        JMP 0
45D7  0000        JMP 0
45D8  0000        JMP 0
45D9  0000        JMP 0
45DA  0000        JMP 0
45DB  0000        JMP 0
45DC  0000        JMP 0
45DD  0000        JMP 0
45DE  0000        JMP 0
45DF  0000        JMP 0
45E0  0000        JMP 0
45E1  0000        JMP 0
45E2  0000        JMP 0
45E3  0000        JMP 0
45E4  0000        JMP 0
45E5  0000        JMP 0
45E6  0000        JMP 0
45E7  0000        JMP 0
45E8  0000        JMP 0
45E9  0000        JMP 0
45EA  0000        JMP 0
45EB  0000        JMP 0
45EC  0000        JMP 0
45ED  0000        JMP 0
45EE  0000        JMP 0
45EF  0000        JMP 0
45F0  0000        JMP 0
45F1  0000        JMP 0
45F2  0000        JMP 0
45F3  0000        JMP 0
45F4  0000        JMP 0
45F5  0000        JMP 0
45F6  0000        JMP 0
45F7  0000        JMP 0
45F8  0000        JMP 0
45F9  0000        JMP 0
45FA  0000        JMP 0
45FB  0000        JMP 0
45FC  0000        JMP 0
45FD  0000        JMP 0
45FE  0000        JMP 0
45FF  0000        JMP 0
4600  0000        JMP 0
4601  0000        JMP 0
4602  0000        JMP 0
4603  0000        JMP 0
4604  0000        JMP 0
4605  0000        JMP 0
4606  0000        JMP 0
4607  0000        JMP 0
4608  0000        JMP 0
4609  0000        JMP 0
460A  0000        JMP 0
460B  0000        JMP 0
460C  0000        JMP 0
460D  0000        JMP 0
460E  0000        JMP 0
460F  0000        JMP 0
4610  0000        JMP 0
4611  0000        JMP 0
4612  0000        JMP 0
4613  0000        JMP 0
4614  0000        JMP 0
4615  0000        JMP 0
4616  0000        JMP 0
4617  0000        JMP 0
4618  0000        JMP 0
4619  0000        JMP 0
461A  0000        JMP 0
461B  0000        JMP 0
461C  0000        JMP 0
461D  0000        JMP 0
461E  0000        JMP 0
461F  0000        JMP 0
4620  0000        JMP 0
4621  0000        JMP 0
4622  0000        JMP 0
4623  0000        JMP 0
4624  0000        JMP 0
4625  0000        JMP 0
4626  0000        JMP 0
4627  0000        JMP 0
4628  0000        JMP 0
4629  0000        JMP 0
462A  0000        JMP 0
462B  0000        JMP 0
462C  0000        JMP 0
462D  0000        JMP 0
462E  0000        JMP 0
462F  0000        JMP 0
4630  0000        JMP 0
4631  0000        JMP 0
4632  0000        JMP 0
4633  0000        JMP 0
4634  0000        JMP 0
4635  0000        JMP 0
4636  0000        JMP 0
4637  0000        JMP 0
4638  0000        JMP 0
4639  0000        JMP 0
463A  0000        JMP 0
463B  0000        JMP 0
463C  0000        JMP 0
463D  0000        JMP 0
463E  0000        JMP 0
463F  0000        JMP 0
4640  0000        JMP 0
4641  0000        JMP 0
4642  0000        JMP 0
4643  0000        JMP 0
4644  0000        JMP 0
4645  0000        JMP 0
4646  0000        JMP 0
4647  0000        JMP 0
4648  0000        JMP 0
4649  0000        JMP 0
464A  0000        JMP 0
464B  0000        JMP 0
464C  0000        JMP 0
464D  0000        JMP 0
464E  0000        JMP 0
464F  0000        JMP 0
4650  0000        JMP 0
4651  0000        JMP 0
4652  0000        JMP 0
4653  0000        JMP 0
4654  0000        JMP 0
4655  0000        JMP 0
4656  0000        JMP 0
4657  0000        JMP 0
4658  0000        JMP 0
4659  0000        JMP 0
465A  0000        JMP 0
465B  0000        JMP 0
465C  0000        JMP 0
465D  0000        JMP 0
465E  0000        JMP 0
465F  0000        JMP 0
4660  0000        JMP 0
4661  0000        JMP 0
4662  0000        JMP 0
4663  0000        JMP 0
4664  0000        JMP 0
4665  0000        JMP 0
4666  0000        JMP 0
4667  0000        JMP 0
4668  0000        JMP 0
4669  0000        JMP 0
466A  0000        JMP 0
466B  0000        JMP 0
466C  0000        JMP 0
466D  0000        JMP 0
466E  0000        JMP 0
466F  0000        JMP 0
4670  0000        JMP 0
4671  0000        JMP 0
4672  0000        JMP 0
4673  0000        JMP 0
4674  0000        JMP 0
4675  0000        JMP 0
4676  0000        JMP 0
4677  0000        JMP 0
4678  0000        JMP 0
4679  0000        JMP 0
467A  0000        JMP 0
467B  0000        JMP 0
467C  0000        JMP 0
467D  0000        JMP 0
467E  0000        JMP 0
467F  0000        JMP 0
4680  0000        JMP 0
4681  0000        JMP 0
4682  0000        JMP 0
4683  0000        JMP 0
4684  0000        JMP 0
4685  0000        JMP 0
4686  0000        JMP 0
4687  0000        JMP 0
4688  0000        JMP 0
4689  0000        JMP 0
468A  0000        JMP 0
468B  0000        JMP 0
468C  0000        JMP 0
468D  0000        JMP 0
468E  0000        JMP 0
468F  0000        JMP 0
4690  0000        JMP 0
4691  0000        JMP 0
4692  0000        JMP 0
4693  0000        JMP 0
4694  0000        JMP 0
4695  0000        JMP 0
4696  0000        JMP 0
4697  0000        JMP 0
4698  0000        JMP 0
4699  0000        JMP 0
469A  0000        JMP 0
469B  0000        JMP 0
469C  0000        JMP 0
469D  0000        JMP 0
469E  0000        JMP 0
469F  0000        JMP 0
46A0  0000        JMP 0
46A1  0000        JMP 0
46A2  0000        JMP 0
46A3  0000        JMP 0
46A4  0000        JMP 0
46A5  0000        JMP 0
46A6  0000        JMP 0
46A7  0000        JMP 0
46A8  0000        JMP 0
46A9  0000        JMP 0
46AA  0000        JMP 0
46AB  0000        JMP 0
46AC  0000        JMP 0
46AD  0000        JMP 0
46AE  0000        JMP 0
46AF  0000        JMP 0
46B0  0000        JMP 0
46B1  0000        JMP 0
46B2  0000        JMP 0
46B3  0000        JMP 0
46B4  0000        JMP 0
46B5  0000        JMP 0
46B6  0000        JMP 0
46B7  0000        JMP 0
46B8  0000        JMP 0
46B9  0000        JMP 0
46BA  0000        JMP 0
46BB  0000        JMP 0
46BC  0000        JMP 0
46BD  0000        JMP 0
46BE  0000        JMP 0
46BF  0000        JMP 0
46C0  0000        JMP 0
46C1  0000        JMP 0
46C2  0000        JMP 0
46C3  0000        JMP 0
46C4  0000        JMP 0
46C5  0000        JMP 0
46C6  0000        JMP 0
46C7  0000        JMP 0
46C8  0000        JMP 0
46C9  0000        JMP 0
46CA  0000        JMP 0
46CB  0000        JMP 0
46CC  0000        JMP 0
46CD  0000        JMP 0
46CE  0000        JMP 0
46CF  0000        JMP 0
46D0  0000        JMP 0
46D1  0000        JMP 0
46D2  0000        JMP 0
46D3  0000        JMP 0
46D4  0000        JMP 0
46D5  0000        JMP 0
46D6  0000        JMP 0
46D7  0000        JMP 0
46D8  0000        JMP 0
46D9  0000        JMP 0
46DA  0000        JMP 0
46DB  0000        JMP 0
46DC  0000        JMP 0
46DD  0000        JMP 0
46DE  0000        JMP 0
46DF  0000        JMP 0
46E0  0000        JMP 0
46E1  0000        JMP 0
46E2  0000        JMP 0
46E3  0000        JMP 0
46E4  0000        JMP 0
46E5  0000        JMP 0
46E6  0000        JMP 0
46E7  0000        JMP 0
46E8  0000        JMP 0
46E9  0000        JMP 0
46EA  0000        JMP 0
46EB  0000        JMP 0
46EC  0000        JMP 0
46ED  0000        JMP 0
46EE  0000        JMP 0
46EF  0000        JMP 0
46F0  0000        JMP 0
46F1  0000        JMP 0
46F2  0000        JMP 0
46F3  0000        JMP 0
46F4  0000        JMP 0
46F5  0000        JMP 0
46F6  0000        JMP 0
46F7  0000        JMP 0
46F8  0000        JMP 0
46F9  0000        JMP 0
46FA  0000        JMP 0
46FB  0000        JMP 0
46FC  0000        JMP 0
46FD  0000        JMP 0
46FE  0000        JMP 0
46FF  0000        JMP 0
4700  0000        JMP 0
4701  0000        JMP 0
4702  0000        JMP 0
4703  0000        JMP 0
4704  0000        JMP 0
4705  0000        JMP 0
4706  0000        JMP 0
4707  0000        JMP 0
4708  0000        JMP 0
4709  0000        JMP 0
470A  0000        JMP 0
470B  0000        JMP 0
470C  0000        JMP 0
470D  0000        JMP 0
470E  0000        JMP 0
470F  0000        JMP 0
4710  0000        JMP 0
4711  0000        JMP 0
4712  0000        JMP 0
4713  0000        JMP 0
4714  0000        JMP 0
4715  0000        JMP 0
4716  0000        JMP 0
4717  0000        JMP 0
4718  0000        JMP 0
4719  0000        JMP 0
471A  0000        JMP 0
471B  0000        JMP 0
471C  0000        JMP 0
471D  0000        JMP 0
471E  0000        JMP 0
471F  0000        JMP 0
4720  0000        JMP 0
4721  0000        JMP 0
4722  0000        JMP 0
4723  0000        JMP 0
4724  0000        JMP 0
4725  0000        JMP 0
4726  0000        JMP 0
4727  0000        JMP 0
4728  0000        JMP 0
4729  0000        JMP 0
472A  0000        JMP 0
472B  0000        JMP 0
472C  0000        JMP 0
472D  0000        JMP 0
472E  0000        JMP 0
472F  0000        JMP 0
4730  0000        JMP 0
4731  0000        JMP 0
4732  0000        JMP 0
4733  0000        JMP 0
4734  0000        JMP 0
4735  0000        JMP 0
4736  0000        JMP 0
4737  0000        JMP 0
4738  0000        JMP 0
4739  0000        JMP 0
473A  0000        JMP 0
473B  0000        JMP 0
473C  0000        JMP 0
473D  0000        JMP 0
473E  0000        JMP 0
473F  0000        JMP 0
4740  0000        JMP 0
4741  0000        JMP 0
4742  0000        JMP 0
4743  0000        JMP 0
4744  0000        JMP 0
4745  0000        JMP 0
4746  0000        JMP 0
4747  0000        JMP 0
4748  0000        JMP 0
4749  0000        JMP 0
474A  0000        JMP 0
474B  0000        JMP 0
474C  0000        JMP 0
474D  0000        JMP 0
474E  0000        JMP 0
474F  0000        JMP 0
4750  0000        JMP 0
4751  0000        JMP 0
4752  0000        JMP 0
4753  0000        JMP 0
4754  0000        JMP 0
4755  0000        JMP 0
4756  0000        JMP 0
4757  0000        JMP 0
4758  0000        JMP 0
4759  0000        JMP 0
475A  0000        JMP 0
475B  0000        JMP 0
475C  0000        JMP 0
475D  0000        JMP 0
475E  0000        JMP 0
475F  0000        JMP 0
4760  0000        JMP 0
4761  0000        JMP 0
4762  0000        JMP 0
4763  0000        JMP 0
4764  0000        JMP 0
4765  0000        JMP 0
4766  0000        JMP 0
4767  0000        JMP 0
4768  0000        JMP 0
4769  0000        JMP 0
476A  0000        JMP 0
476B  0000        JMP 0
476C  0000        JMP 0
476D  0000        JMP 0
476E  0000        JMP 0
476F  0000        JMP 0
4770  0000        JMP 0
4771  0000        JMP 0
4772  0000        JMP 0
4773  0000        JMP 0
4774  0000        JMP 0
4775  0000        JMP 0
4776  0000        JMP 0
4777  0000        JMP 0
4778  0000        JMP 0
4779  0000        JMP 0
477A  0000        JMP 0
477B  0000        JMP 0
477C  0000        JMP 0
477D  0000        JMP 0
477E  0000        JMP 0
477F  0000        JMP 0
4780  0000        JMP 0
4781  0000        JMP 0
4782  0000        JMP 0
4783  0000        JMP 0
4784  0000        JMP 0
4785  0000        JMP 0
4786  0000        JMP 0
4787  0000        JMP 0
4788  0000        JMP 0
4789  0000        JMP 0
478A  0000        JMP 0
478B  0000        JMP 0
478C  0000        JMP 0
478D  0000        JMP 0
478E  0000        JMP 0
478F  0000        JMP 0
4790  0000        JMP 0
4791  0000        JMP 0
4792  0000        JMP 0
4793  0000        JMP 0
4794  0000        JMP 0
4795  0000        JMP 0
4796  0000        JMP 0
4797  0000        JMP 0
4798  0000        JMP 0
4799  0000        JMP 0
479A  0000        JMP 0
479B  0000        JMP 0
479C  0000        JMP 0
479D  0000        JMP 0
479E  0000        JMP 0
479F  0000        JMP 0
47A0  0000        JMP 0
47A1  0000        JMP 0
47A2  0000        JMP 0
47A3  0000        JMP 0
47A4  0000        JMP 0
47A5  0000        JMP 0
47A6  0000        JMP 0
47A7  0000        JMP 0
47A8  0000        JMP 0
47A9  0000        JMP 0
47AA  0000        JMP 0
47AB  0000        JMP 0
47AC  0000        JMP 0
47AD  0000        JMP 0
47AE  0000        JMP 0
47AF  0000        JMP 0
47B0  0000        JMP 0
47B1  0000        JMP 0
47B2  0000        JMP 0
47B3  0000        JMP 0
47B4  0000        JMP 0
47B5  0000        JMP 0
47B6  0000        JMP 0
47B7  0000        JMP 0
47B8  0000        JMP 0
47B9  0000        JMP 0
47BA  0000        JMP 0
47BB  0000        JMP 0
47BC  0000        JMP 0
47BD  0000        JMP 0
47BE  0000        JMP 0
47BF  0000        JMP 0
47C0  0000        JMP 0
47C1  0000        JMP 0
47C2  0000        JMP 0
47C3  0000        JMP 0
47C4  0000        JMP 0
47C5  0000        JMP 0
47C6  0000        JMP 0
47C7  0000        JMP 0
47C8  0000        JMP 0
47C9  0000        JMP 0
47CA  0000        JMP 0
47CB  0000        JMP 0
47CC  0000        JMP 0
47CD  0000        JMP 0
47CE  0000        JMP 0
47CF  0000        JMP 0
47D0  0000        JMP 0
47D1  0000        JMP 0
47D2  0000        JMP 0
47D3  0000        JMP 0
47D4  0000        JMP 0
47D5  0000        JMP 0
47D6  0000        JMP 0
47D7  0000        JMP 0
47D8  0000        JMP 0
47D9  0000        JMP 0
47DA  0000        JMP 0
47DB  0000        JMP 0
47DC  0000        JMP 0
47DD  0000        JMP 0
47DE  0000        JMP 0
47DF  0000        JMP 0
47E0  0000        JMP 0
47E1  0000        JMP 0
47E2  0000        JMP 0
47E3  0000        JMP 0
47E4  0000        JMP 0
47E5  0000        JMP 0
47E6  0000        JMP 0
47E7  0000        JMP 0
47E8  0000        JMP 0
47E9  0000        JMP 0
47EA  0000        JMP 0
47EB  0000        JMP 0
47EC  0000        JMP 0
47ED  0000        JMP 0
47EE  0000        JMP 0
47EF  0000        JMP 0
47F0  0000        JMP 0
47F1  0000        JMP 0
47F2  0000        JMP 0
47F3  0000        JMP 0
47F4  0000        JMP 0
47F5  0000        JMP 0
47F6  0000        JMP 0
47F7  0000        JMP 0
47F8  0000        JMP 0
47F9  0000        JMP 0
47FA  0000        JMP 0
47FB  0000        JMP 0
47FC  0000        JMP 0
47FD  0000        JMP 0
47FE  0000        JMP 0
47FF  0000        JMP 0
4800  E7C8 0016   SAVE 22             ; frame
4802  0C42        JSR @66
4803  0001        JMP 1
4804  4308        STA 0,8,3
4805  B438 01B7   ELDA 2,01B7   ; = 439
4807  2AFD        LDA 1,-3,2
4808  32FB        LDA 2,-5,2
4809  5309        STA 2,9,3
480A  B438 01B7   ELDA 2,01B7   ; = 439
480C  32FE        LDA 2,-2,2
480D  4B0A        STA 1,10,3
480E  A900        NEG 1,1
480F  AB00        INC 1,1
4810  530B        STA 2,11,3
4811  B600        ADD 1,2
4812  8500        SUB 0,0
4813  4B0C        STA 1,12,3
4814  2B09        LDA 1,9,3
4815  CFC8        MULS
4816  230A        LDA 0,10,3
4817  4B0D        STA 1,13,3
4818  8E00        ADD 0,1
4819  A438 01B7   ELDA 0,01B7   ; = 439
481B  A500        SUB 1,0
481C  530E        STA 2,14,3
481D  D600        ADD 2,2
481E  530F        STA 2,15,3
481F  B438 01B1   ELDA 2,01B1   ; = 433
4821  32FD        LDA 2,-3,2
4822  4310        STA 0,16,3
4823  A438 01B1   ELDA 0,01B1   ; = 433
4825  C500        SUB 2,0
4826  A008        ADI 1,0
4827  4311        STA 0,17,3
4828  4B12        STA 1,18,3
4829  0101        JMP 1,PC   ; -> 482A
482A  2708        LDA 0,@8,3
482B  F438 462E   ELEF 2,462E   ; [462E] = 12347
482D  0C5A        JSR @90
482E  D00C        COM# 2,2,SZR
482F  0A00        JSR 0,2
4830  3020        LDA 2,32
4831  E438 45D5   ELEF 0,45D5   ; -> "CMD5" (len 4)
4833  EC38 45D4   ELEF 1,45D4   ; [45D4] = 34
4835  8E48        PSH 0,1
4836  0C0C 5DBE   JSR @12            ; overlay call, arg 5DBE
4838  5020        STA 2,32
4839  8538 0401   EJMP 0401,PC   ; -> 4C3B
483B  3020        LDA 2,32
483C  E438 45DC   ELEF 0,45DC   ; [45DC] = 0
483E  8A00        MOV 0,1
483F  8E48        PSH 0,1
4840  E438 45DB   ELEF 0,45DB   ; [45DB] = 2
4842  3821        LDA 3,33
4843  6B13        IO   6B13
4844  8E48        PSH 0,1
4845  0C0C 5674   JSR @12            ; overlay call, arg 5674
4847  5020        STA 2,32
4848  2313        LDA 0,19,3
4849  4304        STA 0,4,3
484A  AD50        SUBZL 1,1
484B  A208        SGT 1,0
484C  0110        JMP 16,PC   ; -> 485C
484D  E438 45DD   ELEF 0,45DD   ; [45DD] = 1
484F  EC38 01D5   ELEF 1,01D5   ; = 469
4851  8E48        PSH 0,1
4852  E438 45DB   ELEF 0,45DB   ; [45DB] = 2
4854  6B13        IO   6B13
4855  8E48        PSH 0,1
4856  0C0C 5674   JSR @12            ; overlay call, arg 5674
4858  5020        STA 2,32
4859  2313        LDA 0,19,3
485A  4304        STA 0,4,3
485B  0110        JMP 16,PC   ; -> 486B
485C  3020        LDA 2,32
485D  E438 45DD   ELEF 0,45DD   ; [45DD] = 1
485F  EC38 45DC   ELEF 1,45DC   ; [45DC] = 0
4861  8E48        PSH 0,1
4862  E438 45DB   ELEF 0,45DB   ; [45DB] = 2
4864  6B13        IO   6B13
4865  8E48        PSH 0,1
4866  0C0C 5674   JSR @12            ; overlay call, arg 5674
4868  5020        STA 2,32
4869  2313        LDA 0,19,3
486A  4304        STA 0,4,3
486B  2304        LDA 0,4,3
486C  862E        ADDO# 0,0,SEZ
486D  0103        JMP 3,PC   ; -> 4870
486E  8538 0125   EJMP 0125,PC   ; -> 4994
4870  3020        LDA 2,32
4871  6304        IO   6304
4872  6B13        IO   6B13
4873  8E48        PSH 0,1
4874  0C0C 540B   JSR @12            ; overlay call, arg 540B
4876  5020        STA 2,32
4877  2313        LDA 0,19,3
4878  4305        STA 0,5,3
4879  820D        MOV# 0,0,SNR
487A  AD01        SUB 1,1,SKP
487B  AD50        SUBZL 1,1
487C  4B13        STA 1,19,3
487D  AC38 01D5   ELDA 1,01D5   ; = 469
487F  A50D        SUB# 1,0,SNR
4880  D501        SUB 2,2,SKP
4881  D550        SUBZL 2,2
4882  2313        LDA 0,19,3
4883  9700        AND 0,2
4884  D20D        MOV# 2,2,SNR
4885  010C        JMP 12,PC   ; -> 4891
4886  3020        LDA 2,32
4887  E438 021D   ELEF 0,021D   ; = 541
4889  EC38 45DB   ELEF 1,45DB   ; [45DB] = 2
488B  8E48        PSH 0,1
488C  0C0C 5DBE   JSR @12            ; overlay call, arg 5DBE
488E  5020        STA 2,32
488F  8538 0104   EJMP 0104,PC   ; -> 4994
4891  2304        LDA 0,4,3
4892  6818        IO   6818
4893  8D0C        SUB# 0,1,SZR
4894  010A        JMP 10,PC   ; -> 489E
4895  3020        LDA 2,32
4896  E438 45DF   ELEF 0,45DF   ; [45DF] = 68
4898  8648        PSH 0,0
4899  0C0C 5D26   JSR @12            ; overlay call, arg 5D26
489B  5020        STA 2,32
489C  8538 00F7   EJMP 00F7,PC   ; -> 4994
489E  2304        LDA 0,4,3
489F  681F        IO   681F
48A0  8D0C        SUB# 0,1,SZR
48A1  010A        JMP 10,PC   ; -> 48AB
48A2  3020        LDA 2,32
48A3  E438 45E1   ELEF 0,45E1   ; [45E1] = 69
48A5  8648        PSH 0,0
48A6  0C0C 5D26   JSR @12            ; overlay call, arg 5D26
48A8  5020        STA 2,32
48A9  8538 00EA   EJMP 00EA,PC   ; -> 4994
48AB  2304        LDA 0,4,3
48AC  6821        IO   6821
48AD  8D0C        SUB# 0,1,SZR
48AE  0115        JMP 21,PC   ; -> 48C3
48AF  3020        LDA 2,32
48B0  E438 45E2   ELEF 0,45E2   ; [45E2] = 33
48B2  6B13        IO   6B13
48B3  8E48        PSH 0,1
48B4  0C0C 5FFA   JSR @12            ; overlay call, arg 5FFA
48B6  5020        STA 2,32
48B7  2313        LDA 0,19,3
48B8  E7F8 0048   ADDI 0048,0
48BA  8300        INC 0,0
48BB  4314        STA 0,20,3
48BC  6B14        IO   6B14
48BD  AE48        PSH 1,1
48BE  0C0C 5D26   JSR @12            ; overlay call, arg 5D26
48C0  5020        STA 2,32
48C1  8538 00D2   EJMP 00D2,PC   ; -> 4994
48C3  2304        LDA 0,4,3
48C4  6845        IO   6845
48C5  8D0C        SUB# 0,1,SZR
48C6  010A        JMP 10,PC   ; -> 48D0
48C7  3020        LDA 2,32
48C8  E438 45E4   ELEF 0,45E4   ; [45E4] = 93
48CA  8648        PSH 0,0
48CB  0C0C 5D26   JSR @12            ; overlay call, arg 5D26
48CD  5020        STA 2,32
48CE  8538 00C5   EJMP 00C5,PC   ; -> 4994
48D0  2304        LDA 0,4,3
48D1  6846        IO   6846
48D2  8D0C        SUB# 0,1,SZR
48D3  010A        JMP 10,PC   ; -> 48DD
48D4  3020        LDA 2,32
48D5  E438 45E6   ELEF 0,45E6   ; [45E6] = 129
48D7  8648        PSH 0,0
48D8  0C0C 5D26   JSR @12            ; overlay call, arg 5D26
48DA  5020        STA 2,32
48DB  8538 00B8   EJMP 00B8,PC   ; -> 4994
48DD  2304        LDA 0,4,3
48DE  6847        IO   6847
48DF  8D0C        SUB# 0,1,SZR
48E0  010A        JMP 10,PC   ; -> 48EA
48E1  3020        LDA 2,32
48E2  E438 45E8   ELEF 0,45E8   ; [45E8] = 130
48E4  8648        PSH 0,0
48E5  0C0C 5D26   JSR @12            ; overlay call, arg 5D26
48E7  5020        STA 2,32
48E8  8538 00AB   EJMP 00AB,PC   ; -> 4994
48EA  2304        LDA 0,4,3
48EB  6848        IO   6848
48EC  8D0C        SUB# 0,1,SZR
48ED  010A        JMP 10,PC   ; -> 48F7
48EE  3020        LDA 2,32
48EF  E438 45E9   ELEF 0,45E9   ; [45E9] = 131
48F1  8648        PSH 0,0
48F2  0C0C 5D26   JSR @12            ; overlay call, arg 5D26
48F4  5020        STA 2,32
48F5  8538 009E   EJMP 009E,PC   ; -> 4994
48F7  2304        LDA 0,4,3
48F8  68AD        IO   68AD
48F9  8D0C        SUB# 0,1,SZR
48FA  0122        JMP 34,PC   ; -> 491C
48FB  3020        LDA 2,32
48FC  6304        IO   6304
48FD  6B13        IO   6B13
48FE  8E48        PSH 0,1
48FF  0C0C 5FFA   JSR @12            ; overlay call, arg 5FFA
4901  5020        STA 2,32
4902  6002        IO   6002
4903  2B13        LDA 1,19,3
4904  8D0D        SUB# 0,1,SNR
4905  010E        JMP 14,PC   ; -> 4913
4906  E438 45EB   ELEF 0,45EB   ; [45EB] = 140
4908  8648        PSH 0,0
4909  0C0C 5D26   JSR @12            ; overlay call, arg 5D26
490B  5020        STA 2,32
490C  E438 45EC   ELEF 0,45EC   ; [45EC] = 141
490E  8648        PSH 0,0
490F  0C0C 5D26   JSR @12            ; overlay call, arg 5D26
4911  5020        STA 2,32
4912  0108        JMP 8,PC   ; -> 491A
4913  3020        LDA 2,32
4914  E438 45ED   ELEF 0,45ED   ; [45ED] = 246
4916  8648        PSH 0,0
4917  0C0C 5D26   JSR @12            ; overlay call, arg 5D26
4919  5020        STA 2,32
491A  8538 0079   EJMP 0079,PC   ; -> 4994
491C  2304        LDA 0,4,3
491D  6890        IO   6890
491E  8D0C        SUB# 0,1,SZR
491F  010A        JMP 10,PC   ; -> 4929
4920  3020        LDA 2,32
4921  E438 45EF   ELEF 0,45EF   ; [45EF] = 223
4923  8648        PSH 0,0
4924  0C0C 5D26   JSR @12            ; overlay call, arg 5D26
4926  5020        STA 2,32
4927  8538 006C   EJMP 006C,PC   ; -> 4994
4929  2304        LDA 0,4,3
492A  6849        IO   6849
492B  8D0C        SUB# 0,1,SZR
492C  010A        JMP 10,PC   ; -> 4936
492D  3020        LDA 2,32
492E  E438 45F1   ELEF 0,45F1   ; [45F1] = 224
4930  8648        PSH 0,0
4931  0C0C 5D26   JSR @12            ; overlay call, arg 5D26
4933  5020        STA 2,32
4934  8538 005F   EJMP 005F,PC   ; -> 4994
4936  2304        LDA 0,4,3
4937  68D2        IO   68D2
4938  8D0C        SUB# 0,1,SZR
4939  0109        JMP 9,PC   ; -> 4942
493A  3020        LDA 2,32
493B  E438 45F3   ELEF 0,45F3   ; [45F3] = 364
493D  8648        PSH 0,0
493E  0C0C 5D26   JSR @12            ; overlay call, arg 5D26
4940  5020        STA 2,32
4941  0153        JMP 83,PC   ; -> 4994
4942  2304        LDA 0,4,3
4943  68D3        IO   68D3
4944  8D0C        SUB# 0,1,SZR
4945  0109        JMP 9,PC   ; -> 494E
4946  3020        LDA 2,32
4947  E438 45F3   ELEF 0,45F3   ; [45F3] = 364
4949  8648        PSH 0,0
494A  0C0C 5D26   JSR @12            ; overlay call, arg 5D26
494C  5020        STA 2,32
494D  0147        JMP 71,PC   ; -> 4994
494E  2304        LDA 0,4,3
494F  68A9        IO   68A9
4950  8D0C        SUB# 0,1,SZR
4951  0109        JMP 9,PC   ; -> 495A
4952  3020        LDA 2,32
4953  E438 45F6   ELEF 0,45F6   ; [45F6] = 305
4955  8648        PSH 0,0
4956  0C0C 5D26   JSR @12            ; overlay call, arg 5D26
4958  5020        STA 2,32
4959  013B        JMP 59,PC   ; -> 4994
495A  2304        LDA 0,4,3
495B  68BF        IO   68BF
495C  8D0C        SUB# 0,1,SZR
495D  0106        JMP 6,PC   ; -> 4963
495E  3020        LDA 2,32
495F  EA00        MOV 3,1
4960  8D38 02F0   EJSR 02F0,PC   ; -> 4C51
4962  0132        JMP 50,PC   ; -> 4994
4963  2304        LDA 0,4,3
4964  68C0        IO   68C0
4965  8D0C        SUB# 0,1,SZR
4966  0109        JMP 9,PC   ; -> 496F
4967  3020        LDA 2,32
4968  E438 45F9   ELEF 0,45F9   ; [45F9] = 343
496A  8648        PSH 0,0
496B  0C0C 5D26   JSR @12            ; overlay call, arg 5D26
496D  5020        STA 2,32
496E  0126        JMP 38,PC   ; -> 4994
496F  2304        LDA 0,4,3
4970  686C        IO   686C
4971  8D0C        SUB# 0,1,SZR
4972  0106        JMP 6,PC   ; -> 4978
4973  3020        LDA 2,32
4974  EA00        MOV 3,1
4975  8D38 030D   EJSR 030D,PC   ; -> 4C83
4977  011D        JMP 29,PC   ; -> 4994
4978  2304        LDA 0,4,3
4979  68C4        IO   68C4
497A  8A48        SGE 0,1
497B  D501        SUB 2,2,SKP
497C  D550        SUBZL 2,2
497D  68CE        IO   68CE
497E  5313        STA 2,19,3
497F  A208        SGT 1,0
4980  D501        SUB 2,2,SKP
4981  D550        SUBZL 2,2
4982  2313        LDA 0,19,3
4983  9700        AND 0,2
4984  D20D        MOV# 2,2,SNR
4985  0106        JMP 6,PC   ; -> 498B
4986  3020        LDA 2,32
4987  EA00        MOV 3,1
4988  8D38 02B3   EJSR 02B3,PC   ; -> 4C3C
498A  010A        JMP 10,PC   ; -> 4994
498B  3020        LDA 2,32
498C  E438 021D   ELEF 0,021D   ; = 541
498E  EC38 45FD   ELEF 1,45FD   ; [45FD] = 67
4990  8E48        PSH 0,1
4991  0C0C 5DBE   JSR @12            ; overlay call, arg 5DBE
4993  5020        STA 2,32
4994  8538 02A6   EJMP 02A6,PC   ; -> 4C3B
4996  3020        LDA 2,32
4997  E438 45DD   ELEF 0,45DD   ; [45DD] = 1
4999  EC38 01D5   ELEF 1,01D5   ; = 469
499B  8E48        PSH 0,1
499C  E438 45DB   ELEF 0,45DB   ; [45DB] = 2
499E  3821        LDA 3,33
499F  6B13        IO   6B13
49A0  8E48        PSH 0,1
49A1  0C0C 5674   JSR @12            ; overlay call, arg 5674
49A3  5020        STA 2,32
49A4  2313        LDA 0,19,3
49A5  4304        STA 0,4,3
49A6  862F        ADDO# 0,0,SBN
49A7  AD01        SUB 1,1,SKP
49A8  AD50        SUBZL 1,1
49A9  AA0C        MOV# 1,1,SZR
49AA  0103        JMP 3,PC   ; -> 49AD
49AB  8538 00B0   EJMP 00B0,PC   ; -> 4A5C
49AD  6304        IO   6304
49AE  6B13        IO   6B13
49AF  8E48        PSH 0,1
49B0  0C0C 540B   JSR @12            ; overlay call, arg 540B
49B2  5020        STA 2,32
49B3  2313        LDA 0,19,3
49B4  4305        STA 0,5,3
49B5  AC38 01D5   ELDA 1,01D5   ; = 469
49B7  A50D        SUB# 1,0,SNR
49B8  010B        JMP 11,PC   ; -> 49C3
49B9  E438 021D   ELEF 0,021D   ; = 541
49BB  EC38 45DB   ELEF 1,45DB   ; [45DB] = 2
49BD  8E48        PSH 0,1
49BE  0C0C 5DBE   JSR @12            ; overlay call, arg 5DBE
49C0  5020        STA 2,32
49C1  8538 009A   EJMP 009A,PC   ; -> 4A5C
49C3  6003        IO   6003
49C4  2B04        LDA 1,4,3
49C5  8D0C        SUB# 0,1,SZR
49C6  012C        JMP 44,PC   ; -> 49F2
49C7  3020        LDA 2,32
49C8  E438 45FE   ELEF 0,45FE   ; [45FE] = 3
49CA  6B13        IO   6B13
49CB  8E48        PSH 0,1
49CC  0C0C 5FFA   JSR @12            ; overlay call, arg 5FFA
49CE  5020        STA 2,32
49CF  2313        LDA 0,19,3
49D0  820D        MOV# 0,0,SNR
49D1  0110        JMP 16,PC   ; -> 49E1
49D2  E438 45DC   ELEF 0,45DC   ; [45DC] = 0
49D4  EC38 45FE   ELEF 1,45FE   ; [45FE] = 3
49D6  8E48        PSH 0,1
49D7  0C0C 6024   JSR @12            ; overlay call, arg 6024
49D9  5020        STA 2,32
49DA  E438 45FF   ELEF 0,45FF   ; [45FF] = 112
49DC  8648        PSH 0,0
49DD  0C0C 5D26   JSR @12            ; overlay call, arg 5D26
49DF  5020        STA 2,32
49E0  0110        JMP 16,PC   ; -> 49F0
49E1  3020        LDA 2,32
49E2  E438 45DD   ELEF 0,45DD   ; [45DD] = 1
49E4  EC38 45FE   ELEF 1,45FE   ; [45FE] = 3
49E6  8E48        PSH 0,1
49E7  0C0C 6024   JSR @12            ; overlay call, arg 6024
49E9  5020        STA 2,32
49EA  E438 4600   ELEF 0,4600   ; [4600] = 113
49EC  8648        PSH 0,0
49ED  0C0C 5D26   JSR @12            ; overlay call, arg 5D26
49EF  5020        STA 2,32
49F0  8538 006B   EJMP 006B,PC   ; -> 4A5C
49F2  2304        LDA 0,4,3
49F3  6838        IO   6838
49F4  8D0C        SUB# 0,1,SZR
49F5  0130        JMP 48,PC   ; -> 4A25
49F6  3020        LDA 2,32
49F7  E438 4602   ELEF 0,4602   ; [4602] = 55
49F9  6B13        IO   6B13
49FA  8E48        PSH 0,1
49FB  0C0C 5FFA   JSR @12            ; overlay call, arg 5FFA
49FD  5020        STA 2,32
49FE  6003        IO   6003
49FF  2B13        LDA 1,19,3
4A00  8A08        SGT 0,1
4A01  0113        JMP 19,PC   ; -> 4A14
4A02  E438 4602   ELEF 0,4602   ; [4602] = 55
4A04  6B13        IO   6B13
4A05  8E48        PSH 0,1
4A06  0C0C 5FFA   JSR @12            ; overlay call, arg 5FFA
4A08  5020        STA 2,32
4A09  2313        LDA 0,19,3
4A0A  8300        INC 0,0
4A0B  4314        STA 0,20,3
4A0C  6314        IO   6314
4A0D  EC38 4602   ELEF 1,4602   ; [4602] = 55
4A0F  8E48        PSH 0,1
4A10  0C0C 6024   JSR @12            ; overlay call, arg 6024
4A12  5020        STA 2,32
4A13  010A        JMP 10,PC   ; -> 4A1D
4A14  3020        LDA 2,32
4A15  E438 45DC   ELEF 0,45DC   ; [45DC] = 0
4A17  EC38 4602   ELEF 1,4602   ; [4602] = 55
4A19  8E48        PSH 0,1
4A1A  0C0C 6024   JSR @12            ; overlay call, arg 6024
4A1C  5020        STA 2,32
4A1D  3020        LDA 2,32
4A1E  E438 45FA   ELEF 0,45FA   ; [45FA] = 108
4A20  8648        PSH 0,0
4A21  0C0C 5D26   JSR @12            ; overlay call, arg 5D26
4A23  5020        STA 2,32
4A24  0138        JMP 56,PC   ; -> 4A5C
4A25  2304        LDA 0,4,3
4A26  689A        IO   689A
4A27  8D0C        SUB# 0,1,SZR
4A28  012B        JMP 43,PC   ; -> 4A53
4A29  B438 020A   ELDA 2,020A   ; = 522
4A2B  D7F8 0400   ANDI 0400,2
4A2D  D20C        MOV# 2,2,SZR
4A2E  010D        JMP 13,PC   ; -> 4A3B
4A2F  A438 020A   ELDA 0,020A   ; = 522
4A31  E7F8 0400   ADDI 0400,0
4A33  C438 020A   ESTA 0,020A   ; = 522
4A35  A438 01D7   ELDA 0,01D7   ; = 471
4A37  E7F8 000A   ADDI 000A,0
4A39  C438 01D7   ESTA 0,01D7   ; = 471
4A3B  3020        LDA 2,32
4A3C  E438 45FE   ELEF 0,45FE   ; [45FE] = 3
4A3E  EC38 4606   ELEF 1,4606   ; [4606] = 183
4A40  8E48        PSH 0,1
4A41  0C0C 6024   JSR @12            ; overlay call, arg 6024
4A43  5020        STA 2,32
4A44  2304        LDA 0,4,3
4A45  2B0E        LDA 1,14,3
4A46  8E00        ADD 0,1
4A47  3310        LDA 2,16,3
4A48  B600        ADD 1,2
4A49  8400        ADC 0,0
4A4A  4200        STA 0,0,2
4A4B  3020        LDA 2,32
4A4C  E438 4608   ELEF 0,4608   ; [4608] = 276
4A4E  8648        PSH 0,0
4A4F  0C0C 5D26   JSR @12            ; overlay call, arg 5D26
4A51  5020        STA 2,32
4A52  010A        JMP 10,PC   ; -> 4A5C
4A53  3020        LDA 2,32
4A54  E438 021D   ELEF 0,021D   ; = 541
4A56  EC38 4609   ELEF 1,4609   ; [4609] = 53
4A58  8E48        PSH 0,1
4A59  0C0C 5DBE   JSR @12            ; overlay call, arg 5DBE
4A5B  5020        STA 2,32
4A5C  8538 01DE   EJMP 01DE,PC   ; -> 4C3B
4A5E  3020        LDA 2,32
4A5F  E438 45DC   ELEF 0,45DC   ; [45DC] = 0
4A61  8A00        MOV 0,1
4A62  8E48        PSH 0,1
4A63  E438 45DB   ELEF 0,45DB   ; [45DB] = 2
4A65  3821        LDA 3,33
4A66  6B13        IO   6B13
4A67  8E48        PSH 0,1
4A68  0C0C 5674   JSR @12            ; overlay call, arg 5674
4A6A  5020        STA 2,32
4A6B  2313        LDA 0,19,3
4A6C  4304        STA 0,4,3
4A6D  AC00        ADC 1,1
4A6E  A208        SGT 1,0
4A6F  0110        JMP 16,PC   ; -> 4A7F
4A70  E438 45DD   ELEF 0,45DD   ; [45DD] = 1
4A72  EC38 01D5   ELEF 1,01D5   ; = 469
4A74  8E48        PSH 0,1
4A75  E438 45DB   ELEF 0,45DB   ; [45DB] = 2
4A77  6B13        IO   6B13
4A78  8E48        PSH 0,1
4A79  0C0C 5674   JSR @12            ; overlay call, arg 5674
4A7B  5020        STA 2,32
4A7C  2313        LDA 0,19,3
4A7D  4304        STA 0,4,3
4A7E  0110        JMP 16,PC   ; -> 4A8E
4A7F  3020        LDA 2,32
4A80  E438 45DD   ELEF 0,45DD   ; [45DD] = 1
4A82  EC38 45DC   ELEF 1,45DC   ; [45DC] = 0
4A84  8E48        PSH 0,1
4A85  E438 45DB   ELEF 0,45DB   ; [45DB] = 2
4A87  6B13        IO   6B13
4A88  8E48        PSH 0,1
4A89  0C0C 5674   JSR @12            ; overlay call, arg 5674
4A8B  5020        STA 2,32
4A8C  2313        LDA 0,19,3
4A8D  4304        STA 0,4,3
4A8E  2304        LDA 0,4,3
4A8F  862F        ADDO# 0,0,SBN
4A90  D501        SUB 2,2,SKP
4A91  D550        SUBZL 2,2
4A92  D20C        MOV# 2,2,SZR
4A93  0103        JMP 3,PC   ; -> 4A96
4A94  8538 0110   EJMP 0110,PC   ; -> 4BA5
4A96  3020        LDA 2,32
4A97  6304        IO   6304
4A98  6B13        IO   6B13
4A99  8E48        PSH 0,1
4A9A  0C0C 540B   JSR @12            ; overlay call, arg 540B
4A9C  5020        STA 2,32
4A9D  2313        LDA 0,19,3
4A9E  4305        STA 0,5,3
4A9F  AC38 01D5   ELDA 1,01D5   ; = 469
4AA1  A50D        SUB# 1,0,SNR
4AA2  010B        JMP 11,PC   ; -> 4AAD
4AA3  E438 021D   ELEF 0,021D   ; = 541
4AA5  EC38 45DB   ELEF 1,45DB   ; [45DB] = 2
4AA7  8E48        PSH 0,1
4AA8  0C0C 5DBE   JSR @12            ; overlay call, arg 5DBE
4AAA  5020        STA 2,32
4AAB  8538 00F9   EJMP 00F9,PC   ; -> 4BA5
4AAD  2304        LDA 0,4,3
4AAE  684B        IO   684B
4AAF  8D0C        SUB# 0,1,SZR
4AB0  0147        JMP 71,PC   ; -> 4AF7
4AB1  3020        LDA 2,32
4AB2  E438 45F0   ELEF 0,45F0   ; [45F0] = 73
4AB4  6B13        IO   6B13
4AB5  8E48        PSH 0,1
4AB6  0C0C 5FFA   JSR @12            ; overlay call, arg 5FFA
4AB8  5020        STA 2,32
4AB9  2313        LDA 0,19,3
4ABA  4305        STA 0,5,3
4ABB  820C        MOV# 0,0,SZR
4ABC  AD01        SUB 1,1,SKP
4ABD  AD50        SUBZL 1,1
4ABE  4B13        STA 1,19,3
4ABF  AD50        SUBZL 1,1
4AC0  A50C        SUB# 1,0,SZR
4AC1  D501        SUB 2,2,SKP
4AC2  D550        SUBZL 2,2
4AC3  2313        LDA 0,19,3
4AC4  9108        IOR 0,2
4AC5  D20D        MOV# 2,2,SNR
4AC6  0128        JMP 40,PC   ; -> 4AEE
4AC7  2305        LDA 0,5,3
4AC8  820C        MOV# 0,0,SZR
4AC9  D501        SUB 2,2,SKP
4ACA  D550        SUBZL 2,2
4ACB  D20D        MOV# 2,2,SNR
4ACC  010B        JMP 11,PC   ; -> 4AD7
4ACD  3020        LDA 2,32
4ACE  E438 45FE   ELEF 0,45FE   ; [45FE] = 3
4AD0  EC38 45F0   ELEF 1,45F0   ; [45F0] = 73
4AD2  8E48        PSH 0,1
4AD3  0C0C 6024   JSR @12            ; overlay call, arg 6024
4AD5  5020        STA 2,32
4AD6  010A        JMP 10,PC   ; -> 4AE0
4AD7  3020        LDA 2,32
4AD8  E438 45DB   ELEF 0,45DB   ; [45DB] = 2
4ADA  EC38 45F0   ELEF 1,45F0   ; [45F0] = 73
4ADC  8E48        PSH 0,1
4ADD  0C0C 6024   JSR @12            ; overlay call, arg 6024
4ADF  5020        STA 2,32
4AE0  6006        IO   6006
4AE1  C438 0229   ESTA 0,0229   ; = 553
4AE3  3020        LDA 2,32
4AE4  EC38 460C   ELEF 1,460C   ; [460C] = 12
4AE6  AE48        PSH 1,1
4AE7  0C0C 019F   JSR @12            ; overlay call, arg 019F
4AE9  5020        STA 2,32
4AEA  8500        SUB 0,0
4AEB  C438 0229   ESTA 0,0229   ; = 553
4AED  0108        JMP 8,PC   ; -> 4AF5
4AEE  3020        LDA 2,32
4AEF  E438 460D   ELEF 0,460D   ; [460D] = 135
4AF1  8648        PSH 0,0
4AF2  0C0C 5D26   JSR @12            ; overlay call, arg 5D26
4AF4  5020        STA 2,32
4AF5  8538 00AF   EJMP 00AF,PC   ; -> 4BA5
4AF7  2304        LDA 0,4,3
4AF8  684D        IO   684D
4AF9  8D0C        SUB# 0,1,SZR
4AFA  0147        JMP 71,PC   ; -> 4B41
4AFB  3020        LDA 2,32
4AFC  E438 45F0   ELEF 0,45F0   ; [45F0] = 73
4AFE  6B13        IO   6B13
4AFF  8E48        PSH 0,1
4B00  0C0C 5FFA   JSR @12            ; overlay call, arg 5FFA
4B02  5020        STA 2,32
4B03  2313        LDA 0,19,3
4B04  4305        STA 0,5,3
4B05  820C        MOV# 0,0,SZR
4B06  AD01        SUB 1,1,SKP
4B07  AD50        SUBZL 1,1
4B08  4B13        STA 1,19,3
4B09  6803        IO   6803
4B0A  A50C        SUB# 1,0,SZR
4B0B  D501        SUB 2,2,SKP
4B0C  D550        SUBZL 2,2
4B0D  2313        LDA 0,19,3
4B0E  9108        IOR 0,2
4B0F  D20D        MOV# 2,2,SNR
4B10  0128        JMP 40,PC   ; -> 4B38
4B11  2305        LDA 0,5,3
4B12  820C        MOV# 0,0,SZR
4B13  D501        SUB 2,2,SKP
4B14  D550        SUBZL 2,2
4B15  D20D        MOV# 2,2,SNR
4B16  010B        JMP 11,PC   ; -> 4B21
4B17  3020        LDA 2,32
4B18  E438 45DD   ELEF 0,45DD   ; [45DD] = 1
4B1A  EC38 45F0   ELEF 1,45F0   ; [45F0] = 73
4B1C  8E48        PSH 0,1
4B1D  0C0C 6024   JSR @12            ; overlay call, arg 6024
4B1F  5020        STA 2,32
4B20  010A        JMP 10,PC   ; -> 4B2A
4B21  3020        LDA 2,32
4B22  E438 45DB   ELEF 0,45DB   ; [45DB] = 2
4B24  EC38 45F0   ELEF 1,45F0   ; [45F0] = 73
4B26  8E48        PSH 0,1
4B27  0C0C 6024   JSR @12            ; overlay call, arg 6024
4B29  5020        STA 2,32
4B2A  6006        IO   6006
4B2B  C438 0229   ESTA 0,0229   ; = 553
4B2D  3020        LDA 2,32
4B2E  EC38 460C   ELEF 1,460C   ; [460C] = 12
4B30  AE48        PSH 1,1
4B31  0C0C 019F   JSR @12            ; overlay call, arg 019F
4B33  5020        STA 2,32
4B34  8500        SUB 0,0
4B35  C438 0229   ESTA 0,0229   ; = 553
4B37  0108        JMP 8,PC   ; -> 4B3F
4B38  3020        LDA 2,32
4B39  E438 460D   ELEF 0,460D   ; [460D] = 135
4B3B  8648        PSH 0,0
4B3C  0C0C 5D26   JSR @12            ; overlay call, arg 5D26
4B3E  5020        STA 2,32
4B3F  8538 0065   EJMP 0065,PC   ; -> 4BA5
4B41  2304        LDA 0,4,3
4B42  684C        IO   684C
4B43  8D0C        SUB# 0,1,SZR
4B44  0128        JMP 40,PC   ; -> 4B6C
4B45  3020        LDA 2,32
4B46  E438 45F0   ELEF 0,45F0   ; [45F0] = 73
4B48  6B13        IO   6B13
4B49  8E48        PSH 0,1
4B4A  0C0C 5FFA   JSR @12            ; overlay call, arg 5FFA
4B4C  5020        STA 2,32
4B4D  2313        LDA 0,19,3
4B4E  4305        STA 0,5,3
4B4F  6804        IO   6804
4B50  A50D        SUB# 1,0,SNR
4B51  0113        JMP 19,PC   ; -> 4B64
4B52  E438 4610   ELEF 0,4610   ; [4610] = 4
4B54  EC38 45F0   ELEF 1,45F0   ; [45F0] = 73
4B56  8E48        PSH 0,1
4B57  0C0C 6024   JSR @12            ; overlay call, arg 6024
4B59  5020        STA 2,32
4B5A  8500        SUB 0,0
4B5B  C438 0229   ESTA 0,0229   ; = 553
4B5D  EC38 460C   ELEF 1,460C   ; [460C] = 12
4B5F  AE48        PSH 1,1
4B60  0C0C 019F   JSR @12            ; overlay call, arg 019F
4B62  5020        STA 2,32
4B63  0108        JMP 8,PC   ; -> 4B6B
4B64  3020        LDA 2,32
4B65  E438 460D   ELEF 0,460D   ; [460D] = 135
4B67  8648        PSH 0,0
4B68  0C0C 5D26   JSR @12            ; overlay call, arg 5D26
4B6A  5020        STA 2,32
4B6B  013A        JMP 58,PC   ; -> 4BA5
4B6C  2304        LDA 0,4,3
4B6D  68A7        IO   68A7
4B6E  8D0C        SUB# 0,1,SZR
4B6F  012D        JMP 45,PC   ; -> 4B9C
4B70  3020        LDA 2,32
4B71  6304        IO   6304
4B72  6B13        IO   6B13
4B73  8E48        PSH 0,1
4B74  0C0C 5FFA   JSR @12            ; overlay call, arg 5FFA
4B76  5020        STA 2,32
4B77  2313        LDA 0,19,3
4B78  820C        MOV# 0,0,SZR
4B79  011B        JMP 27,PC   ; -> 4B94
4B7A  2B04        LDA 1,4,3
4B7B  230F        LDA 0,15,3
4B7C  A600        ADD 1,0
4B7D  2B10        LDA 1,16,3
4B7E  8E00        ADD 0,1
4B7F  4313        STA 0,19,3
4B80  4B14        STA 1,20,3
4B81  2714        LDA 0,@20,3
4B82  87F8 0020   IORI 0020,0
4B84  4714        STA 0,@20,3
4B85  E438 45DD   ELEF 0,45DD   ; [45DD] = 1
4B87  EC38 4611   ELEF 1,4611   ; [4611] = 167
4B89  8E48        PSH 0,1
4B8A  0C0C 6024   JSR @12            ; overlay call, arg 6024
4B8C  5020        STA 2,32
4B8D  E438 4613   ELEF 0,4613   ; [4613] = 301
4B8F  8648        PSH 0,0
4B90  0C0C 5D26   JSR @12            ; overlay call, arg 5D26
4B92  5020        STA 2,32
4B93  0108        JMP 8,PC   ; -> 4B9B
4B94  3020        LDA 2,32
4B95  E438 4614   ELEF 0,4614   ; [4614] = 302
4B97  8648        PSH 0,0
4B98  0C0C 5D26   JSR @12            ; overlay call, arg 5D26
4B9A  5020        STA 2,32
4B9B  010A        JMP 10,PC   ; -> 4BA5
4B9C  3020        LDA 2,32
4B9D  E438 021D   ELEF 0,021D   ; = 541
4B9F  EC38 4609   ELEF 1,4609   ; [4609] = 53
4BA1  8E48        PSH 0,1
4BA2  0C0C 5DBE   JSR @12            ; overlay call, arg 5DBE
4BA4  5020        STA 2,32
4BA5  8538 0095   EJMP 0095,PC   ; -> 4C3B
4BA7  3821        LDA 3,33
4BA8  2711        LDA 0,@17,3
4BA9  4304        STA 0,4,3
4BAA  EC38 0AF3   ELEF 1,0AF3   ; [0AF3] = 0
4BAC  8D0C        SUB# 0,1,SZR
4BAD  0132        JMP 50,PC   ; -> 4BDF
4BAE  B438 01D5   ELDA 2,01D5   ; = 469
4BB0  6002        IO   6002
4BB1  C248        SGE 2,0
4BB2  D501        SUB 2,2,SKP
4BB3  D550        SUBZL 2,2
4BB4  6009        IO   6009
4BB5  AC38 01D5   ELDA 1,01D5   ; = 469
4BB7  5315        STA 2,21,3
4BB8  8A48        SGE 0,1
4BB9  D501        SUB 2,2,SKP
4BBA  D550        SUBZL 2,2
4BBB  2315        LDA 0,21,3
4BBC  9700        AND 0,2
4BBD  6053        IO   6053
4BBE  5315        STA 2,21,3
4BBF  A248        SGE 1,0
4BC0  D501        SUB 2,2,SKP
4BC1  D550        SUBZL 2,2
4BC2  6055        IO   6055
4BC3  5316        STA 2,22,3
4BC4  8A48        SGE 0,1
4BC5  D501        SUB 2,2,SKP
4BC6  D550        SUBZL 2,2
4BC7  2316        LDA 0,22,3
4BC8  9700        AND 0,2
4BC9  2315        LDA 0,21,3
4BCA  9108        IOR 0,2
4BCB  D20D        MOV# 2,2,SNR
4BCC  0109        JMP 9,PC   ; -> 4BD5
4BCD  3020        LDA 2,32
4BCE  E438 4619   ELEF 0,4619   ; [4619] = 138
4BD0  8648        PSH 0,0
4BD1  0C0C 5D26   JSR @12            ; overlay call, arg 5D26
4BD3  5020        STA 2,32
4BD4  010A        JMP 10,PC   ; -> 4BDE
4BD5  3020        LDA 2,32
4BD6  E438 461A   ELEF 0,461A   ; -> "fence" (len 5)
4BD8  EC38 45DB   ELEF 1,45DB   ; [45DB] = 2
4BDA  8E48        PSH 0,1
4BDB  0C0C 5DBE   JSR @12            ; overlay call, arg 5DBE
4BDD  5020        STA 2,32
4BDE  015C        JMP 92,PC   ; -> 4C3A
4BDF  2304        LDA 0,4,3
4BE0  820C        MOV# 0,0,SZR
4BE1  0104        JMP 4,PC   ; -> 4BE5
4BE2  E438 0AF9   ELEF 0,0AF9   ; [0AF9] = 0
4BE4  4304        STA 0,4,3
4BE5  2304        LDA 0,4,3
4BE6  EC38 0AF9   ELEF 1,0AF9   ; [0AF9] = 0
4BE8  8D0C        SUB# 0,1,SZR
4BE9  D501        SUB 2,2,SKP
4BEA  D550        SUBZL 2,2
4BEB  EC38 0AFA   ELEF 1,0AFA   ; [0AFA] = 0
4BED  5315        STA 2,21,3
4BEE  8D0C        SUB# 0,1,SZR
4BEF  D501        SUB 2,2,SKP
4BF0  D550        SUBZL 2,2
4BF1  2315        LDA 0,21,3
4BF2  9108        IOR 0,2
4BF3  D20D        MOV# 2,2,SNR
4BF4  013F        JMP 63,PC   ; -> 4C33
4BF5  2304        LDA 0,4,3
4BF6  E7F8 F510   ADDI F510,0
4BF8  4304        STA 0,4,3
4BF9  3020        LDA 2,32
4BFA  E438 45DC   ELEF 0,45DC   ; [45DC] = 0
4BFC  6B04        IO   6B04
4BFD  8E48        PSH 0,1
4BFE  E438 01D6   ELEF 0,01D6   ; = 470
4C00  6B15        IO   6B15
4C01  8E48        PSH 0,1
4C02  0C0C 5C4C   JSR @12            ; overlay call, arg 5C4C
4C04  5020        STA 2,32
4C05  2315        LDA 0,21,3
4C06  4305        STA 0,5,3
4C07  AC00        ADC 1,1
4C08  A50C        SUB# 1,0,SZR
4C09  D501        SUB 2,2,SKP
4C0A  D550        SUBZL 2,2
4C0B  AC38 01D6   ELDA 1,01D6   ; = 470
4C0D  5315        STA 2,21,3
4C0E  A50C        SUB# 1,0,SZR
4C0F  D501        SUB 2,2,SKP
4C10  D550        SUBZL 2,2
4C11  2315        LDA 0,21,3
4C12  9108        IOR 0,2
4C13  D20D        MOV# 2,2,SNR
4C14  0109        JMP 9,PC   ; -> 4C1D
4C15  3020        LDA 2,32
4C16  E438 4623   ELEF 0,4623   ; [4623] = 291
4C18  8648        PSH 0,0
4C19  0C0C 5D26   JSR @12            ; overlay call, arg 5D26
4C1B  5020        STA 2,32
4C1C  0116        JMP 22,PC   ; -> 4C32
4C1D  2305        LDA 0,5,3
4C1E  C438 01D6   ESTA 0,01D6   ; = 470
4C20  3020        LDA 2,32
4C21  EC38 01D6   ELEF 1,01D6   ; = 470
4C23  AE48        PSH 1,1
4C24  E438 01E1   ELEF 0,01E1   ; = 481
4C26  6B15        IO   6B15
4C27  8E48        PSH 0,1
4C28  0C0C 5FDF   JSR @12            ; overlay call, arg 5FDF
4C2A  5020        STA 2,32
4C2B  2315        LDA 0,21,3
4C2C  AC38 4624   ELDA 1,4624   ; [4624] = 1
4C2E  C438 01D5   ESTA 0,01D5   ; = 469
4C30  CC38 01C5   ESTA 1,01C5   ; = 453
4C32  0108        JMP 8,PC   ; -> 4C3A
4C33  3020        LDA 2,32
4C34  E438 4625   ELEF 0,4625   ; [4625] = 54
4C36  8648        PSH 0,0
4C37  0C0C 5D26   JSR @12            ; overlay call, arg 5D26
4C39  5020        STA 2,32
4C3A  0101        JMP 1,PC   ; -> 4C3B
4C3B  AFC8        RTN
4C3C  E7C8 0003   SAVE 3             ; frame
4C3E  3020        LDA 2,32
4C3F  0C0C 5FBB   JSR @12            ; overlay call, arg 5FBB
4C41  3BFD        LDA 3,-3,3
4C42  2304        LDA 0,4,3
4C43  E7F8 FF3C   ADDI FF3C,0
4C45  E7F8 0148   ADDI 0148,0
4C47  3821        LDA 3,33
4C48  4303        STA 0,3,3
4C49  6B03        IO   6B03
4C4A  AE48        PSH 1,1
4C4B  0C0C 5D26   JSR @12            ; overlay call, arg 5D26
4C4D  5020        STA 2,32
4C4E  0C0C 5FBB   JSR @12            ; overlay call, arg 5FBB
4C50  AFC8        RTN
4C51  E7C8 0003   SAVE 3             ; frame
4C53  3020        LDA 2,32
4C54  E438 45F7   ELEF 0,45F7   ; [45F7] = 191
4C56  6B03        IO   6B03
4C57  8E48        PSH 0,1
4C58  0C0C 5FFA   JSR @12            ; overlay call, arg 5FFA
4C5A  5020        STA 2,32
4C5B  6002        IO   6002
4C5C  2B03        LDA 1,3,3
4C5D  8A08        SGT 0,1
4C5E  0108        JMP 8,PC   ; -> 4C66
4C5F  E438 4627   ELEF 0,4627   ; [4627] = 322
4C61  8648        PSH 0,0
4C62  0C0C 5D26   JSR @12            ; overlay call, arg 5D26
4C64  5020        STA 2,32
4C65  011D        JMP 29,PC   ; -> 4C82
4C66  3020        LDA 2,32
4C67  E438 4628   ELEF 0,4628   ; [4628] = 323
4C69  8648        PSH 0,0
4C6A  0C0C 5D26   JSR @12            ; overlay call, arg 5D26
4C6C  5020        STA 2,32
4C6D  E438 4607   ELEF 0,4607   ; [4607] = 65535
4C6F  8648        PSH 0,0
4C70  3BFD        LDA 3,-3,3
4C71  6304        IO   6304
4C72  3821        LDA 3,33
4C73  6B03        IO   6B03
4C74  8E48        PSH 0,1
4C75  0C0C 6470   JSR @12            ; overlay call, arg 6470
4C77  5020        STA 2,32
4C78  2303        LDA 0,3,3
4C79  AC38 01EF   ELDA 1,01EF   ; = 495
4C7B  EFF8 03E8   ADDI 03E8,1
4C7D  3BFD        LDA 3,-3,3
4C7E  4303        STA 0,3,3
4C7F  CC38 01EF   ESTA 1,01EF   ; = 495
4C81  3821        LDA 3,33
4C82  AFC8        RTN
4C83  E7C8 0003   SAVE 3             ; frame
4C85  3020        LDA 2,32
4C86  E438 45FA   ELEF 0,45FA   ; [45FA] = 108
4C88  6B03        IO   6B03
4C89  8E48        PSH 0,1
4C8A  0C0C 5FFA   JSR @12            ; overlay call, arg 5FFA
4C8C  5020        STA 2,32
4C8D  6002        IO   6002
4C8E  2B03        LDA 1,3,3
4C8F  8A08        SGT 0,1
4C90  0108        JMP 8,PC   ; -> 4C98
4C91  E438 462A   ELEF 0,462A   ; [462A] = 325
4C93  8648        PSH 0,0
4C94  0C0C 5D26   JSR @12            ; overlay call, arg 5D26
4C96  5020        STA 2,32
4C97  0108        JMP 8,PC   ; -> 4C9F
4C98  3020        LDA 2,32
4C99  E438 462B   ELEF 0,462B   ; [462B] = 326
4C9B  8648        PSH 0,0
4C9C  0C0C 5D26   JSR @12            ; overlay call, arg 5D26
4C9E  5020        STA 2,32
4C9F  AFC8        RTN
4CA0  0000        JMP 0
4CA1  0000        JMP 0
4CA2  0000        JMP 0
4CA3  0000        JMP 0
4CA4  0000        JMP 0
4CA5  0000        JMP 0
4CA6  0000        JMP 0
4CA7  0000        JMP 0
4CA8  0000        JMP 0
4CA9  0000        JMP 0
4CAA  0000        JMP 0
4CAB  0000        JMP 0
4CAC  0000        JMP 0
4CAD  0000        JMP 0
4CAE  0000        JMP 0
4CAF  0000        JMP 0
4CB0  0000        JMP 0
4CB1  0000        JMP 0
4CB2  0000        JMP 0
4CB3  0000        JMP 0
4CB4  0000        JMP 0
4CB5  0000        JMP 0
4CB6  0000        JMP 0
4CB7  0000        JMP 0
4CB8  0000        JMP 0
4CB9  0000        JMP 0
4CBA  0000        JMP 0
4CBB  0000        JMP 0
4CBC  0000        JMP 0
4CBD  0000        JMP 0
4CBE  0000        JMP 0
4CBF  0000        JMP 0
4CC0  0000        JMP 0
4CC1  0000        JMP 0
4CC2  0000        JMP 0
4CC3  0000        JMP 0
4CC4  0000        JMP 0
4CC5  0000        JMP 0
4CC6  0000        JMP 0
4CC7  0000        JMP 0
4CC8  0000        JMP 0
4CC9  0000        JMP 0
4CCA  0000        JMP 0
4CCB  0000        JMP 0
4CCC  0000        JMP 0
4CCD  0000        JMP 0
4CCE  0000        JMP 0
4CCF  0000        JMP 0
4CD0  0000        JMP 0
4CD1  0000        JMP 0
4CD2  0000        JMP 0
4CD3  0000        JMP 0
4CD4  0000        JMP 0
4CD5  0000        JMP 0
4CD6  0000        JMP 0
4CD7  0000        JMP 0
4CD8  0000        JMP 0
4CD9  0000        JMP 0
4CDA  0000        JMP 0
4CDB  0000        JMP 0
4CDC  0000        JMP 0
4CDD  0000        JMP 0
4CDE  0000        JMP 0
4CDF  0000        JMP 0
4CE0  0000        JMP 0
4CE1  0000        JMP 0
4CE2  0000        JMP 0
4CE3  0000        JMP 0
4CE4  0000        JMP 0
4CE5  0000        JMP 0
4CE6  0000        JMP 0
4CE7  0000        JMP 0
4CE8  0000        JMP 0
4CE9  0000        JMP 0
4CEA  0000        JMP 0
4CEB  0000        JMP 0
4CEC  0000        JMP 0
4CED  0000        JMP 0
4CEE  0000        JMP 0
4CEF  0000        JMP 0
4CF0  0000        JMP 0
4CF1  0000        JMP 0
4CF2  0000        JMP 0
4CF3  0000        JMP 0
4CF4  0000        JMP 0
4CF5  0000        JMP 0
4CF6  0000        JMP 0
4CF7  0000        JMP 0
4CF8  0000        JMP 0
4CF9  0000        JMP 0
4CFA  0000        JMP 0
4CFB  0000        JMP 0
4CFC  0000        JMP 0
4CFD  0000        JMP 0
4CFE  0000        JMP 0
4CFF  0000        JMP 0
4D00  0000        JMP 0
4D01  0000        JMP 0
4D02  0000        JMP 0
4D03  0000        JMP 0
4D04  0000        JMP 0
4D05  0000        JMP 0
4D06  0000        JMP 0
4D07  0000        JMP 0
4D08  0000        JMP 0
4D09  0000        JMP 0
4D0A  0000        JMP 0
4D0B  0000        JMP 0
4D0C  0000        JMP 0
4D0D  0000        JMP 0
4D0E  0000        JMP 0
4D0F  0000        JMP 0
4D10  0000        JMP 0
4D11  0000        JMP 0
4D12  0000        JMP 0
4D13  0000        JMP 0
4D14  0000        JMP 0
4D15  0000        JMP 0
4D16  0000        JMP 0
4D17  0000        JMP 0
4D18  0000        JMP 0
4D19  0000        JMP 0
4D1A  0000        JMP 0
4D1B  0000        JMP 0
4D1C  0000        JMP 0
4D1D  0000        JMP 0
4D1E  0000        JMP 0
4D1F  0000        JMP 0
4D20  0000        JMP 0
4D21  0000        JMP 0
4D22  0000        JMP 0
4D23  0000        JMP 0
4D24  0000        JMP 0
4D25  0000        JMP 0
4D26  0000        JMP 0
4D27  0000        JMP 0
4D28  0000        JMP 0
4D29  0000        JMP 0
4D2A  0000        JMP 0
4D2B  0000        JMP 0
4D2C  0000        JMP 0
4D2D  0000        JMP 0
4D2E  0000        JMP 0
4D2F  0000        JMP 0
4D30  0000        JMP 0
4D31  0000        JMP 0
4D32  0000        JMP 0
4D33  0000        JMP 0
4D34  0000        JMP 0
4D35  0000        JMP 0
4D36  0000        JMP 0
4D37  0000        JMP 0
4D38  0000        JMP 0
4D39  0000        JMP 0
4D3A  0000        JMP 0
4D3B  0000        JMP 0
4D3C  0000        JMP 0
4D3D  0000        JMP 0
4D3E  0000        JMP 0
4D3F  0000        JMP 0
4D40  0000        JMP 0
4D41  0000        JMP 0
4D42  0000        JMP 0
4D43  0000        JMP 0
4D44  0000        JMP 0
4D45  0000        JMP 0
4D46  0000        JMP 0
4D47  0000        JMP 0
4D48  0000        JMP 0
4D49  0000        JMP 0
4D4A  0000        JMP 0
4D4B  0000        JMP 0
4D4C  0000        JMP 0
4D4D  0000        JMP 0
4D4E  0000        JMP 0
4D4F  0000        JMP 0
4D50  0000        JMP 0
4D51  0000        JMP 0
4D52  0000        JMP 0
4D53  0000        JMP 0
4D54  0000        JMP 0
4D55  0000        JMP 0
4D56  0000        JMP 0
4D57  0000        JMP 0
4D58  0000        JMP 0
4D59  0000        JMP 0
4D5A  0000        JMP 0
4D5B  0000        JMP 0
4D5C  0000        JMP 0
4D5D  0000        JMP 0
4D5E  0000        JMP 0
4D5F  0000        JMP 0
4D60  0000        JMP 0
4D61  0000        JMP 0
4D62  0000        JMP 0
4D63  0000        JMP 0
4D64  0000        JMP 0
4D65  0000        JMP 0
4D66  0000        JMP 0
4D67  0000        JMP 0
4D68  0000        JMP 0
4D69  0000        JMP 0
4D6A  0000        JMP 0
4D6B  0000        JMP 0
4D6C  0000        JMP 0
4D6D  0000        JMP 0
4D6E  0000        JMP 0
4D6F  0000        JMP 0
4D70  0000        JMP 0
4D71  0000        JMP 0
4D72  0000        JMP 0
4D73  0000        JMP 0
4D74  0000        JMP 0
4D75  0000        JMP 0
4D76  0000        JMP 0
4D77  0000        JMP 0
4D78  0000        JMP 0
4D79  0000        JMP 0
4D7A  0000        JMP 0
4D7B  0000        JMP 0
4D7C  0000        JMP 0
4D7D  0000        JMP 0
4D7E  0000        JMP 0
4D7F  0000        JMP 0
4D80  0000        JMP 0
4D81  0000        JMP 0
4D82  0000        JMP 0
4D83  0000        JMP 0
4D84  0000        JMP 0
4D85  0000        JMP 0
4D86  0000        JMP 0
4D87  0000        JMP 0
4D88  0000        JMP 0
4D89  0000        JMP 0
4D8A  0000        JMP 0
4D8B  0000        JMP 0
4D8C  0000        JMP 0
4D8D  0000        JMP 0
4D8E  0000        JMP 0
4D8F  0000        JMP 0
4D90  0000        JMP 0
4D91  0000        JMP 0
4D92  0000        JMP 0
4D93  0000        JMP 0
4D94  0000        JMP 0
4D95  0000        JMP 0
4D96  0000        JMP 0
4D97  0000        JMP 0
4D98  0000        JMP 0
4D99  0000        JMP 0
4D9A  0000        JMP 0
4D9B  0000        JMP 0
4D9C  0000        JMP 0
4D9D  0000        JMP 0
4D9E  0000        JMP 0
4D9F  0000        JMP 0
4DA0  0000        JMP 0
4DA1  0000        JMP 0
4DA2  0000        JMP 0
4DA3  0000        JMP 0
4DA4  0000        JMP 0
4DA5  0000        JMP 0
4DA6  0000        JMP 0
4DA7  0000        JMP 0
4DA8  0000        JMP 0
4DA9  0000        JMP 0
4DAA  0000        JMP 0
4DAB  0000        JMP 0
4DAC  0000        JMP 0
4DAD  0000        JMP 0
4DAE  0000        JMP 0
4DAF  0000        JMP 0
4DB0  0000        JMP 0
4DB1  0000        JMP 0
4DB2  0000        JMP 0
4DB3  0000        JMP 0
4DB4  0000        JMP 0
4DB5  0000        JMP 0
4DB6  0000        JMP 0
4DB7  0000        JMP 0
4DB8  0000        JMP 0
4DB9  0000        JMP 0
4DBA  0000        JMP 0
4DBB  0000        JMP 0
4DBC  0000        JMP 0
4DBD  0000        JMP 0
4DBE  0000        JMP 0
4DBF  0000        JMP 0
4DC0  0000        JMP 0
4DC1  0000        JMP 0
4DC2  0000        JMP 0
4DC3  0000        JMP 0
4DC4  0000        JMP 0
4DC5  0000        JMP 0
4DC6  0000        JMP 0
4DC7  0000        JMP 0
4DC8  0000        JMP 0
4DC9  0000        JMP 0
4DCA  0000        JMP 0
4DCB  0000        JMP 0
4DCC  0000        JMP 0
4DCD  0000        JMP 0
4DCE  0000        JMP 0
4DCF  0000        JMP 0
4DD0  0000        JMP 0
4DD1  0000        JMP 0
4DD2  0000        JMP 0
4DD3  0000        JMP 0
4DD4  0000        JMP 0
4DD5  0000        JMP 0
4DD6  0000        JMP 0
4DD7  0000        JMP 0
4DD8  0000        JMP 0
4DD9  0000        JMP 0
4DDA  0000        JMP 0
4DDB  0000        JMP 0
4DDC  0000        JMP 0
4DDD  0000        JMP 0
4DDE  0000        JMP 0
4DDF  0000        JMP 0
4DE0  0000        JMP 0
4DE1  0000        JMP 0
4DE2  0000        JMP 0
4DE3  0000        JMP 0
4DE4  0000        JMP 0
4DE5  0000        JMP 0
4DE6  0000        JMP 0
4DE7  0000        JMP 0
4DE8  0000        JMP 0
4DE9  0000        JMP 0
4DEA  0000        JMP 0
4DEB  0000        JMP 0
4DEC  0000        JMP 0
4DED  0000        JMP 0
4DEE  0000        JMP 0
4DEF  0000        JMP 0
4DF0  0000        JMP 0
4DF1  0000        JMP 0
4DF2  0000        JMP 0
4DF3  0000        JMP 0
4DF4  0000        JMP 0
4DF5  0000        JMP 0
4DF6  0000        JMP 0
4DF7  0000        JMP 0
4DF8  0000        JMP 0
4DF9  0000        JMP 0
4DFA  0000        JMP 0
4DFB  0000        JMP 0
4DFC  0000        JMP 0
4DFD  0000        JMP 0
4DFE  0000        JMP 0
4DFF  0000        JMP 0
4E00  0000        JMP 0
4E01  0000        JMP 0
4E02  0000        JMP 0
4E03  0000        JMP 0
4E04  0000        JMP 0
4E05  0000        JMP 0
4E06  0000        JMP 0
4E07  0000        JMP 0
4E08  0000        JMP 0
4E09  0000        JMP 0
4E0A  0000        JMP 0
4E0B  0000        JMP 0
4E0C  0000        JMP 0
4E0D  0000        JMP 0
4E0E  0000        JMP 0
4E0F  0000        JMP 0
4E10  0000        JMP 0
4E11  0000        JMP 0
4E12  0000        JMP 0
4E13  0000        JMP 0
4E14  0000        JMP 0
4E15  0000        JMP 0
4E16  0000        JMP 0
4E17  0000        JMP 0
4E18  0000        JMP 0
4E19  0000        JMP 0
4E1A  0000        JMP 0
4E1B  0000        JMP 0
4E1C  0000        JMP 0
4E1D  0000        JMP 0
4E1E  0000        JMP 0
4E1F  0000        JMP 0
4E20  0000        JMP 0
4E21  0000        JMP 0
4E22  0000        JMP 0
4E23  0000        JMP 0
4E24  0000        JMP 0
4E25  0000        JMP 0
4E26  0000        JMP 0
4E27  0000        JMP 0
4E28  0000        JMP 0
4E29  0000        JMP 0
4E2A  0000        JMP 0
4E2B  0000        JMP 0
4E2C  0000        JMP 0
4E2D  0000        JMP 0
4E2E  0000        JMP 0
4E2F  0000        JMP 0
4E30  0000        JMP 0
4E31  0000        JMP 0
4E32  0000        JMP 0
4E33  0000        JMP 0
4E34  0000        JMP 0
4E35  0000        JMP 0
4E36  0000        JMP 0
4E37  0000        JMP 0
4E38  0000        JMP 0
4E39  0000        JMP 0
4E3A  0000        JMP 0
4E3B  0000        JMP 0
4E3C  0000        JMP 0
4E3D  0000        JMP 0
4E3E  0000        JMP 0
4E3F  0000        JMP 0
4E40  0000        JMP 0
4E41  0000        JMP 0
4E42  0000        JMP 0
4E43  0000        JMP 0
4E44  0000        JMP 0
4E45  0000        JMP 0
4E46  0000        JMP 0
4E47  0000        JMP 0
4E48  0000        JMP 0
4E49  0000        JMP 0
4E4A  0000        JMP 0
4E4B  0000        JMP 0
4E4C  0000        JMP 0
4E4D  0000        JMP 0
4E4E  0000        JMP 0
4E4F  0000        JMP 0
4E50  0000        JMP 0
4E51  0000        JMP 0
4E52  0000        JMP 0
4E53  0000        JMP 0
4E54  0000        JMP 0
4E55  0000        JMP 0
4E56  0000        JMP 0
4E57  0000        JMP 0
4E58  0000        JMP 0
4E59  0000        JMP 0
4E5A  0000        JMP 0
4E5B  0000        JMP 0
4E5C  0000        JMP 0
4E5D  0000        JMP 0
4E5E  0000        JMP 0
4E5F  0000        JMP 0
4E60  0000        JMP 0
4E61  0000        JMP 0
4E62  0000        JMP 0
4E63  0000        JMP 0
4E64  0000        JMP 0
4E65  0000        JMP 0
4E66  0000        JMP 0
4E67  0000        JMP 0
4E68  0000        JMP 0
4E69  0000        JMP 0
4E6A  0000        JMP 0
4E6B  0000        JMP 0
4E6C  0000        JMP 0
4E6D  0000        JMP 0
4E6E  0000        JMP 0
4E6F  0000        JMP 0
4E70  0000        JMP 0
4E71  0000        JMP 0
4E72  0000        JMP 0
4E73  0000        JMP 0
4E74  0000        JMP 0
4E75  0000        JMP 0
4E76  0000        JMP 0
4E77  0000        JMP 0
4E78  0000        JMP 0
4E79  0000        JMP 0
4E7A  0000        JMP 0
4E7B  0000        JMP 0
4E7C  0000        JMP 0
4E7D  0000        JMP 0
4E7E  0000        JMP 0
4E7F  0000        JMP 0
4E80  0000        JMP 0
4E81  0000        JMP 0
4E82  0000        JMP 0
4E83  0000        JMP 0
4E84  0000        JMP 0
4E85  0000        JMP 0
4E86  0000        JMP 0
4E87  0000        JMP 0
4E88  0000        JMP 0
4E89  0000        JMP 0
4E8A  0000        JMP 0
4E8B  0000        JMP 0
4E8C  0000        JMP 0
4E8D  0000        JMP 0
4E8E  0000        JMP 0
4E8F  0000        JMP 0
4E90  0000        JMP 0
4E91  0000        JMP 0
4E92  0000        JMP 0
4E93  0000        JMP 0
4E94  0000        JMP 0
4E95  0000        JMP 0
4E96  0000        JMP 0
4E97  0000        JMP 0
4E98  0000        JMP 0
4E99  0000        JMP 0
4E9A  0000        JMP 0
4E9B  0000        JMP 0
4E9C  0000        JMP 0
4E9D  0000        JMP 0
4E9E  0000        JMP 0
4E9F  0000        JMP 0
4EA0  0000        JMP 0
4EA1  0000        JMP 0
4EA2  0000        JMP 0
4EA3  0000        JMP 0
4EA4  0000        JMP 0
4EA5  0000        JMP 0
4EA6  0000        JMP 0
4EA7  0000        JMP 0
4EA8  0000        JMP 0
4EA9  0000        JMP 0
4EAA  0000        JMP 0
4EAB  0000        JMP 0
4EAC  0000        JMP 0
4EAD  0000        JMP 0
4EAE  0000        JMP 0
4EAF  0000        JMP 0
4EB0  0000        JMP 0
4EB1  0000        JMP 0
4EB2  0000        JMP 0
4EB3  0000        JMP 0
4EB4  0000        JMP 0
4EB5  0000        JMP 0
4EB6  0000        JMP 0
4EB7  0000        JMP 0
4EB8  0000        JMP 0
4EB9  0000        JMP 0
4EBA  0000        JMP 0
4EBB  0000        JMP 0
4EBC  0000        JMP 0
4EBD  0000        JMP 0
4EBE  0000        JMP 0
4EBF  0000        JMP 0
4EC0  0000        JMP 0
4EC1  0000        JMP 0
4EC2  0000        JMP 0
4EC3  0000        JMP 0
4EC4  0000        JMP 0
4EC5  0000        JMP 0
4EC6  0000        JMP 0
4EC7  0000        JMP 0
4EC8  0000        JMP 0
4EC9  0000        JMP 0
4ECA  0000        JMP 0
4ECB  0000        JMP 0
4ECC  0000        JMP 0
4ECD  0000        JMP 0
4ECE  0000        JMP 0
4ECF  0000        JMP 0
4ED0  0000        JMP 0
4ED1  0000        JMP 0
4ED2  0000        JMP 0
4ED3  0000        JMP 0
4ED4  0000        JMP 0
4ED5  0000        JMP 0
4ED6  0000        JMP 0
4ED7  0000        JMP 0
4ED8  0000        JMP 0
4ED9  0000        JMP 0
4EDA  0000        JMP 0
4EDB  0000        JMP 0
4EDC  0000        JMP 0
4EDD  0000        JMP 0
4EDE  0000        JMP 0
4EDF  0000        JMP 0
4EE0  0000        JMP 0
4EE1  0000        JMP 0
4EE2  0000        JMP 0
4EE3  0000        JMP 0
4EE4  0000        JMP 0
4EE5  0000        JMP 0
4EE6  0000        JMP 0
4EE7  0000        JMP 0
4EE8  0000        JMP 0
4EE9  0000        JMP 0
4EEA  0000        JMP 0
4EEB  0000        JMP 0
4EEC  0000        JMP 0
4EED  0000        JMP 0
4EEE  0000        JMP 0
4EEF  0000        JMP 0
4EF0  0000        JMP 0
4EF1  0000        JMP 0
4EF2  0000        JMP 0
4EF3  0000        JMP 0
4EF4  0000        JMP 0
4EF5  0000        JMP 0
4EF6  0000        JMP 0
4EF7  0000        JMP 0
4EF8  0000        JMP 0
4EF9  0000        JMP 0
4EFA  0000        JMP 0
4EFB  0000        JMP 0
4EFC  0000        JMP 0
4EFD  0000        JMP 0
4EFE  0000        JMP 0
4EFF  0000        JMP 0
4F00  0000        JMP 0
4F01  0000        JMP 0
4F02  0000        JMP 0
4F03  0000        JMP 0
4F04  0000        JMP 0
4F05  0000        JMP 0
4F06  0000        JMP 0
4F07  0000        JMP 0
4F08  0000        JMP 0
4F09  0000        JMP 0
4F0A  0000        JMP 0
4F0B  0000        JMP 0
4F0C  0000        JMP 0
4F0D  0000        JMP 0
4F0E  0000        JMP 0
4F0F  0000        JMP 0
4F10  0000        JMP 0
4F11  0000        JMP 0
4F12  0000        JMP 0
4F13  0000        JMP 0
4F14  0000        JMP 0
4F15  0000        JMP 0
4F16  0000        JMP 0
4F17  0000        JMP 0
4F18  0000        JMP 0
4F19  0000        JMP 0
4F1A  0000        JMP 0
4F1B  0000        JMP 0
4F1C  0000        JMP 0
4F1D  0000        JMP 0
4F1E  0000        JMP 0
4F1F  0000        JMP 0
4F20  0000        JMP 0
4F21  0000        JMP 0
4F22  0000        JMP 0
4F23  0000        JMP 0
4F24  0000        JMP 0
4F25  0000        JMP 0
4F26  0000        JMP 0
4F27  0000        JMP 0
4F28  0000        JMP 0
4F29  0000        JMP 0
4F2A  0000        JMP 0
4F2B  0000        JMP 0
4F2C  0000        JMP 0
4F2D  0000        JMP 0
4F2E  0000        JMP 0
4F2F  0000        JMP 0
4F30  0000        JMP 0
4F31  0000        JMP 0
4F32  0000        JMP 0
4F33  0000        JMP 0
4F34  0000        JMP 0
4F35  0000        JMP 0
4F36  0000        JMP 0
4F37  0000        JMP 0
4F38  0000        JMP 0
4F39  0000        JMP 0
4F3A  0000        JMP 0
4F3B  0000        JMP 0
4F3C  0000        JMP 0
4F3D  0000        JMP 0
4F3E  0000        JMP 0
4F3F  0000        JMP 0
4F40  0000        JMP 0
4F41  0000        JMP 0
4F42  0000        JMP 0
4F43  0000        JMP 0
4F44  0000        JMP 0
4F45  0000        JMP 0
4F46  0000        JMP 0
4F47  0000        JMP 0
4F48  0000        JMP 0
4F49  0000        JMP 0
4F4A  0000        JMP 0
4F4B  0000        JMP 0
4F4C  0000        JMP 0
4F4D  0000        JMP 0
4F4E  0000        JMP 0
4F4F  0000        JMP 0
4F50  0000        JMP 0
4F51  0000        JMP 0
4F52  0000        JMP 0
4F53  0000        JMP 0
4F54  0000        JMP 0
4F55  0000        JMP 0
4F56  0000        JMP 0
4F57  0000        JMP 0
4F58  0000        JMP 0
4F59  0000        JMP 0
4F5A  0000        JMP 0
4F5B  0000        JMP 0
4F5C  0000        JMP 0
4F5D  0000        JMP 0
4F5E  0000        JMP 0
4F5F  0000        JMP 0
4F60  0000        JMP 0
4F61  0000        JMP 0
4F62  0000        JMP 0
4F63  0000        JMP 0
4F64  0000        JMP 0
4F65  0000        JMP 0
4F66  0000        JMP 0
4F67  0000        JMP 0
4F68  0000        JMP 0
4F69  0000        JMP 0
4F6A  0000        JMP 0
4F6B  0000        JMP 0
4F6C  0000        JMP 0
4F6D  0000        JMP 0
4F6E  0000        JMP 0
4F6F  0000        JMP 0
4F70  0000        JMP 0
4F71  0000        JMP 0
4F72  0000        JMP 0
4F73  0000        JMP 0
4F74  0000        JMP 0
4F75  0000        JMP 0
4F76  0000        JMP 0
4F77  0000        JMP 0
4F78  0000        JMP 0
4F79  0000        JMP 0
4F7A  0000        JMP 0
4F7B  0000        JMP 0
4F7C  0000        JMP 0
4F7D  0000        JMP 0
4F7E  0000        JMP 0
4F7F  0000        JMP 0
4F80  0000        JMP 0
4F81  0000        JMP 0
4F82  0000        JMP 0
4F83  0000        JMP 0
4F84  0000        JMP 0
4F85  0000        JMP 0
4F86  0000        JMP 0
4F87  0000        JMP 0
4F88  0000        JMP 0
4F89  0000        JMP 0
4F8A  0000        JMP 0
4F8B  0000        JMP 0
4F8C  0000        JMP 0
4F8D  0000        JMP 0
4F8E  0000        JMP 0
4F8F  0000        JMP 0
4F90  0000        JMP 0
4F91  0000        JMP 0
4F92  0000        JMP 0
4F93  0000        JMP 0
4F94  0000        JMP 0
4F95  0000        JMP 0
4F96  0000        JMP 0
4F97  0000        JMP 0
4F98  0000        JMP 0
4F99  0000        JMP 0
4F9A  0000        JMP 0
4F9B  0000        JMP 0
4F9C  0000        JMP 0
4F9D  0000        JMP 0
4F9E  0000        JMP 0
4F9F  0000        JMP 0
4FA0  0000        JMP 0
4FA1  0000        JMP 0
4FA2  0000        JMP 0
4FA3  0000        JMP 0
4FA4  0000        JMP 0
4FA5  0000        JMP 0
4FA6  0000        JMP 0
4FA7  0000        JMP 0
4FA8  0000        JMP 0
4FA9  0000        JMP 0
4FAA  0000        JMP 0
4FAB  0000        JMP 0
4FAC  0000        JMP 0
4FAD  0000        JMP 0
4FAE  0000        JMP 0
4FAF  0000        JMP 0
4FB0  0000        JMP 0
4FB1  0000        JMP 0
4FB2  0000        JMP 0
4FB3  0000        JMP 0
4FB4  0000        JMP 0
4FB5  0000        JMP 0
4FB6  0000        JMP 0
4FB7  0000        JMP 0
4FB8  0000        JMP 0
4FB9  0000        JMP 0
4FBA  0000        JMP 0
4FBB  0000        JMP 0
4FBC  0000        JMP 0
4FBD  0000        JMP 0
4FBE  0000        JMP 0
4FBF  0000        JMP 0
4FC0  0000        JMP 0
4FC1  0000        JMP 0
4FC2  0000        JMP 0
4FC3  0000        JMP 0
4FC4  0000        JMP 0
4FC5  0000        JMP 0
4FC6  0000        JMP 0
4FC7  0000        JMP 0
4FC8  0000        JMP 0
4FC9  0000        JMP 0
4FCA  0000        JMP 0
4FCB  0000        JMP 0
4FCC  0000        JMP 0
4FCD  0000        JMP 0
4FCE  0000        JMP 0
4FCF  0000        JMP 0
4FD0  0000        JMP 0
4FD1  0000        JMP 0
4FD2  0000        JMP 0
4FD3  0000        JMP 0
4FD4  0000        JMP 0
4FD5  0000        JMP 0
4FD6  0000        JMP 0
4FD7  0000        JMP 0
4FD8  0000        JMP 0
4FD9  0000        JMP 0
4FDA  0000        JMP 0
4FDB  0000        JMP 0
4FDC  0000        JMP 0
4FDD  0000        JMP 0
4FDE  0000        JMP 0
4FDF  0000        JMP 0
4FE0  0000        JMP 0
4FE1  0000        JMP 0
4FE2  0000        JMP 0
4FE3  0000        JMP 0
4FE4  0000        JMP 0
4FE5  0000        JMP 0
4FE6  0000        JMP 0
4FE7  0000        JMP 0
4FE8  0000        JMP 0
4FE9  0000        JMP 0
4FEA  0000        JMP 0
4FEB  0000        JMP 0
4FEC  0000        JMP 0
4FED  0000        JMP 0
4FEE  0000        JMP 0
4FEF  0000        JMP 0
4FF0  0000        JMP 0
4FF1  0000        JMP 0
4FF2  0000        JMP 0
4FF3  0000        JMP 0
4FF4  0000        JMP 0
4FF5  0000        JMP 0
4FF6  0000        JMP 0
4FF7  0000        JMP 0
4FF8  0000        JMP 0
4FF9  0000        JMP 0
4FFA  0000        JMP 0
4FFB  0000        JMP 0
4FFC  0000        JMP 0
4FFD  0000        JMP 0
4FFE  0000        JMP 0
4FFF  0000        JMP 0
5000  E7C8 0019   SAVE 25             ; frame
5002  0C42        JSR @66
5003  0001        JMP 1
5004  4305        STA 0,5,3
5005  B438 01B7   ELDA 2,01B7   ; = 439
5007  2AFD        LDA 1,-3,2
5008  32FB        LDA 2,-5,2
5009  5306        STA 2,6,3
500A  B438 01B7   ELDA 2,01B7   ; = 439
500C  32FE        LDA 2,-2,2
500D  4B07        STA 1,7,3
500E  A900        NEG 1,1
500F  AB00        INC 1,1
5010  5308        STA 2,8,3
5011  B600        ADD 1,2
5012  8500        SUB 0,0
5013  4B09        STA 1,9,3
5014  2B06        LDA 1,6,3
5015  CFC8        MULS
5016  2307        LDA 0,7,3
5017  4B0A        STA 1,10,3
5018  8E00        ADD 0,1
5019  A438 01B7   ELDA 0,01B7   ; = 439
501B  A500        SUB 1,0
501C  530B        STA 2,11,3
501D  D600        ADD 2,2
501E  430C        STA 0,12,3
501F  230B        LDA 0,11,3
5020  E7F8 0007   ADDI 0007,0
5022  4B0D        STA 1,13,3
5023  2B0C        LDA 1,12,3
5024  430E        STA 0,14,3
5025  A600        ADD 1,0
5026  430F        STA 0,15,3
5027  230B        LDA 0,11,3
5028  E7F8 0008   ADDI 0008,0
502A  4310        STA 0,16,3
502B  A600        ADD 1,0
502C  4311        STA 0,17,3
502D  5312        STA 2,18,3
502E  0101        JMP 1,PC   ; -> 502F
502F  2705        LDA 0,@5,3
5030  F438 4655   ELEF 2,4655   ; [4655] = 12352
5032  0C5A        JSR @90
5033  D00C        COM# 2,2,SZR
5034  0A00        JSR 0,2
5035  3020        LDA 2,32
5036  E438 4633   ELEF 0,4633   ; -> "CMD6" (len 4)
5038  EC38 4632   ELEF 1,4632   ; [4632] = 34
503A  8E48        PSH 0,1
503B  0C0C 5DBE   JSR @12            ; overlay call, arg 5DBE
503D  5020        STA 2,32
503E  8538 027E   EJMP 027E,PC   ; -> 52BD
5040  3020        LDA 2,32
5041  E438 463A   ELEF 0,463A   ; [463A] = 0
5043  8A00        MOV 0,1
5044  8E48        PSH 0,1
5045  E438 4639   ELEF 0,4639   ; [4639] = 2
5047  3821        LDA 3,33
5048  6B13        IO   6B13
5049  8E48        PSH 0,1
504A  0C0C 5674   JSR @12            ; overlay call, arg 5674
504C  5020        STA 2,32
504D  2313        LDA 0,19,3
504E  4303        STA 0,3,3
504F  AC00        ADC 1,1
5050  A208        SGT 1,0
5051  0110        JMP 16,PC   ; -> 5061
5052  E438 463C   ELEF 0,463C   ; [463C] = 1
5054  EC38 463A   ELEF 1,463A   ; [463A] = 0
5056  8E48        PSH 0,1
5057  E438 4639   ELEF 0,4639   ; [4639] = 2
5059  6B13        IO   6B13
505A  8E48        PSH 0,1
505B  0C0C 5674   JSR @12            ; overlay call, arg 5674
505D  5020        STA 2,32
505E  2313        LDA 0,19,3
505F  4303        STA 0,3,3
5060  0110        JMP 16,PC   ; -> 5070
5061  3020        LDA 2,32
5062  E438 463C   ELEF 0,463C   ; [463C] = 1
5064  EC38 01D5   ELEF 1,01D5   ; = 469
5066  8E48        PSH 0,1
5067  E438 4639   ELEF 0,4639   ; [4639] = 2
5069  6B13        IO   6B13
506A  8E48        PSH 0,1
506B  0C0C 5674   JSR @12            ; overlay call, arg 5674
506D  5020        STA 2,32
506E  2313        LDA 0,19,3
506F  4303        STA 0,3,3
5070  2303        LDA 0,3,3
5071  862F        ADDO# 0,0,SBN
5072  0155        JMP 85,PC   ; -> 50C7
5073  3020        LDA 2,32
5074  6303        IO   6303
5075  6B13        IO   6B13
5076  8E48        PSH 0,1
5077  0C0C 540B   JSR @12            ; overlay call, arg 540B
5079  5020        STA 2,32
507A  2313        LDA 0,19,3
507B  820D        MOV# 0,0,SNR
507C  AD01        SUB 1,1,SKP
507D  AD50        SUBZL 1,1
507E  4B14        STA 1,20,3
507F  6303        IO   6303
5080  6B15        IO   6B15
5081  8E48        PSH 0,1
5082  0C0C 540B   JSR @12            ; overlay call, arg 540B
5084  5020        STA 2,32
5085  A438 01D5   ELDA 0,01D5   ; = 469
5087  2B15        LDA 1,21,3
5088  8D0D        SUB# 0,1,SNR
5089  D501        SUB 2,2,SKP
508A  D550        SUBZL 2,2
508B  2314        LDA 0,20,3
508C  9700        AND 0,2
508D  D20D        MOV# 2,2,SNR
508E  010B        JMP 11,PC   ; -> 5099
508F  3020        LDA 2,32
5090  E438 021D   ELEF 0,021D   ; = 541
5092  EC38 4639   ELEF 1,4639   ; [4639] = 2
5094  8E48        PSH 0,1
5095  0C0C 5DBE   JSR @12            ; overlay call, arg 5DBE
5097  5020        STA 2,32
5098  012F        JMP 47,PC   ; -> 50C7
5099  6016        IO   6016
509A  2B03        LDA 1,3,3
509B  8D0D        SUB# 0,1,SNR
509C  010B        JMP 11,PC   ; -> 50A7
509D  3020        LDA 2,32
509E  E438 021D   ELEF 0,021D   ; = 541
50A0  EC38 463E   ELEF 1,463E   ; [463E] = 142
50A2  8E48        PSH 0,1
50A3  0C0C 5DBE   JSR @12            ; overlay call, arg 5DBE
50A5  5020        STA 2,32
50A6  0121        JMP 33,PC   ; -> 50C7
50A7  3020        LDA 2,32
50A8  6303        IO   6303
50A9  6B13        IO   6B13
50AA  8E48        PSH 0,1
50AB  0C0C 5FFA   JSR @12            ; overlay call, arg 5FFA
50AD  5020        STA 2,32
50AE  8550        SUBZL 0,0
50AF  2B13        LDA 1,19,3
50B0  8D0C        SUB# 0,1,SZR
50B1  0108        JMP 8,PC   ; -> 50B9
50B2  E438 463F   ELEF 0,463F   ; [463F] = 58
50B4  8648        PSH 0,0
50B5  0C0C 5D26   JSR @12            ; overlay call, arg 5D26
50B7  5020        STA 2,32
50B8  010F        JMP 15,PC   ; -> 50C7
50B9  3020        LDA 2,32
50BA  E438 463C   ELEF 0,463C   ; [463C] = 1
50BC  6B03        IO   6B03
50BD  8E48        PSH 0,1
50BE  0C0C 6024   JSR @12            ; overlay call, arg 6024
50C0  5020        STA 2,32
50C1  E438 4640   ELEF 0,4640   ; [4640] = 56
50C3  8648        PSH 0,0
50C4  0C0C 5D26   JSR @12            ; overlay call, arg 5D26
50C6  5020        STA 2,32
50C7  8538 01F5   EJMP 01F5,PC   ; -> 52BD
50C9  3020        LDA 2,32
50CA  E438 463A   ELEF 0,463A   ; [463A] = 0
50CC  8A00        MOV 0,1
50CD  8E48        PSH 0,1
50CE  E438 4639   ELEF 0,4639   ; [4639] = 2
50D0  3821        LDA 3,33
50D1  6B13        IO   6B13
50D2  8E48        PSH 0,1
50D3  0C0C 5674   JSR @12            ; overlay call, arg 5674
50D5  5020        STA 2,32
50D6  2313        LDA 0,19,3
50D7  4303        STA 0,3,3
50D8  AD50        SUBZL 1,1
50D9  A208        SGT 1,0
50DA  0110        JMP 16,PC   ; -> 50EA
50DB  E438 463C   ELEF 0,463C   ; [463C] = 1
50DD  EC38 01D5   ELEF 1,01D5   ; = 469
50DF  8E48        PSH 0,1
50E0  E438 4639   ELEF 0,4639   ; [4639] = 2
50E2  6B13        IO   6B13
50E3  8E48        PSH 0,1
50E4  0C0C 5674   JSR @12            ; overlay call, arg 5674
50E6  5020        STA 2,32
50E7  2313        LDA 0,19,3
50E8  4303        STA 0,3,3
50E9  010F        JMP 15,PC   ; -> 50F8
50EA  3020        LDA 2,32
50EB  E438 463A   ELEF 0,463A   ; [463A] = 0
50ED  8A00        MOV 0,1
50EE  8E48        PSH 0,1
50EF  E438 4639   ELEF 0,4639   ; [4639] = 2
50F1  6B13        IO   6B13
50F2  8E48        PSH 0,1
50F3  0C0C 5674   JSR @12            ; overlay call, arg 5674
50F5  5020        STA 2,32
50F6  2313        LDA 0,19,3
50F7  4303        STA 0,3,3
50F8  2303        LDA 0,3,3
50F9  862F        ADDO# 0,0,SBN
50FA  D501        SUB 2,2,SKP
50FB  D550        SUBZL 2,2
50FC  D20D        MOV# 2,2,SNR
50FD  0155        JMP 85,PC   ; -> 5152
50FE  3020        LDA 2,32
50FF  6303        IO   6303
5100  6B13        IO   6B13
5101  8E48        PSH 0,1
5102  0C0C 540B   JSR @12            ; overlay call, arg 540B
5104  5020        STA 2,32
5105  2313        LDA 0,19,3
5106  820D        MOV# 0,0,SNR
5107  AD01        SUB 1,1,SKP
5108  AD50        SUBZL 1,1
5109  4B15        STA 1,21,3
510A  6303        IO   6303
510B  6B14        IO   6B14
510C  8E48        PSH 0,1
510D  0C0C 540B   JSR @12            ; overlay call, arg 540B
510F  5020        STA 2,32
5110  A438 01D5   ELDA 0,01D5   ; = 469
5112  2B14        LDA 1,20,3
5113  8D0D        SUB# 0,1,SNR
5114  D501        SUB 2,2,SKP
5115  D550        SUBZL 2,2
5116  2315        LDA 0,21,3
5117  9700        AND 0,2
5118  D20D        MOV# 2,2,SNR
5119  010B        JMP 11,PC   ; -> 5124
511A  3020        LDA 2,32
511B  E438 021D   ELEF 0,021D   ; = 541
511D  EC38 4639   ELEF 1,4639   ; [4639] = 2
511F  8E48        PSH 0,1
5120  0C0C 5DBE   JSR @12            ; overlay call, arg 5DBE
5122  5020        STA 2,32
5123  012F        JMP 47,PC   ; -> 5152
5124  6016        IO   6016
5125  2B03        LDA 1,3,3
5126  8D0D        SUB# 0,1,SNR
5127  010B        JMP 11,PC   ; -> 5132
5128  3020        LDA 2,32
5129  E438 021D   ELEF 0,021D   ; = 541
512B  EC38 4641   ELEF 1,4641   ; [4641] = 143
512D  8E48        PSH 0,1
512E  0C0C 5DBE   JSR @12            ; overlay call, arg 5DBE
5130  5020        STA 2,32
5131  0121        JMP 33,PC   ; -> 5152
5132  3020        LDA 2,32
5133  6303        IO   6303
5134  6B13        IO   6B13
5135  8E48        PSH 0,1
5136  0C0C 5FFA   JSR @12            ; overlay call, arg 5FFA
5138  5020        STA 2,32
5139  6002        IO   6002
513A  2B13        LDA 1,19,3
513B  8D0C        SUB# 0,1,SZR
513C  0108        JMP 8,PC   ; -> 5144
513D  E438 4642   ELEF 0,4642   ; [4642] = 57
513F  8648        PSH 0,0
5140  0C0C 5D26   JSR @12            ; overlay call, arg 5D26
5142  5020        STA 2,32
5143  010F        JMP 15,PC   ; -> 5152
5144  3020        LDA 2,32
5145  E438 4639   ELEF 0,4639   ; [4639] = 2
5147  6B03        IO   6B03
5148  8E48        PSH 0,1
5149  0C0C 6024   JSR @12            ; overlay call, arg 6024
514B  5020        STA 2,32
514C  E438 4643   ELEF 0,4643   ; [4643] = 55
514E  8648        PSH 0,0
514F  0C0C 5D26   JSR @12            ; overlay call, arg 5D26
5151  5020        STA 2,32
5152  8538 016A   EJMP 016A,PC   ; -> 52BD
5154  3020        LDA 2,32
5155  E438 463C   ELEF 0,463C   ; [463C] = 1
5157  EC38 01D5   ELEF 1,01D5   ; = 469
5159  8E48        PSH 0,1
515A  E438 4639   ELEF 0,4639   ; [4639] = 2
515C  3821        LDA 3,33
515D  6B13        IO   6B13
515E  8E48        PSH 0,1
515F  0C0C 5674   JSR @12            ; overlay call, arg 5674
5161  5020        STA 2,32
5162  2313        LDA 0,19,3
5163  4303        STA 0,3,3
5164  862F        ADDO# 0,0,SBN
5165  AD01        SUB 1,1,SKP
5166  AD50        SUBZL 1,1
5167  AA0C        MOV# 1,1,SZR
5168  0103        JMP 3,PC   ; -> 516B
5169  8538 008E   EJMP 008E,PC   ; -> 51F8
516B  2B12        LDA 1,18,3
516C  8E00        ADD 0,1
516D  330C        LDA 2,12,3
516E  B600        ADD 1,2
516F  5313        STA 2,19,3
5170  2200        LDA 0,0,2
5171  4304        STA 0,4,3
5172  3020        LDA 2,32
5173  6303        IO   6303
5174  6B13        IO   6B13
5175  8E48        PSH 0,1
5176  0C0C 540B   JSR @12            ; overlay call, arg 540B
5178  5020        STA 2,32
5179  A438 01D5   ELDA 0,01D5   ; = 469
517B  2B13        LDA 1,19,3
517C  8D0D        SUB# 0,1,SNR
517D  010B        JMP 11,PC   ; -> 5188
517E  E438 021D   ELEF 0,021D   ; = 541
5180  EC38 4639   ELEF 1,4639   ; [4639] = 2
5182  8E48        PSH 0,1
5183  0C0C 5DBE   JSR @12            ; overlay call, arg 5DBE
5185  5020        STA 2,32
5186  8538 0071   EJMP 0071,PC   ; -> 51F8
5188  2304        LDA 0,4,3
5189  C7F8 0800   ANDI 0800,0
518B  820C        MOV# 0,0,SZR
518C  010C        JMP 12,PC   ; -> 5198
518D  3020        LDA 2,32
518E  E438 021D   ELEF 0,021D   ; = 541
5190  EC38 4645   ELEF 1,4645   ; [4645] = 144
5192  8E48        PSH 0,1
5193  0C0C 5DBE   JSR @12            ; overlay call, arg 5DBE
5195  5020        STA 2,32
5196  8538 0061   EJMP 0061,PC   ; -> 51F8
5198  2304        LDA 0,4,3
5199  C7F8 1000   ANDI 1000,0
519B  820D        MOV# 0,0,SNR
519C  010B        JMP 11,PC   ; -> 51A7
519D  3020        LDA 2,32
519E  E438 021D   ELEF 0,021D   ; = 541
51A0  EC38 4647   ELEF 1,4647   ; [4647] = 145
51A2  8E48        PSH 0,1
51A3  0C0C 5DBE   JSR @12            ; overlay call, arg 5DBE
51A5  5020        STA 2,32
51A6  0152        JMP 82,PC   ; -> 51F8
51A7  6017        IO   6017
51A8  2B03        LDA 1,3,3
51A9  8D0C        SUB# 0,1,SZR
51AA  0121        JMP 33,PC   ; -> 51CB
51AB  370F        LDA 2,@15,3
51AC  D20C        MOV# 2,2,SZR
51AD  0114        JMP 20,PC   ; -> 51C1
51AE  3020        LDA 2,32
51AF  E438 464A   ELEF 0,464A   ; [464A] = 299
51B1  8648        PSH 0,0
51B2  0C0C 5D26   JSR @12            ; overlay call, arg 5D26
51B4  5020        STA 2,32
51B5  2304        LDA 0,4,3
51B6  87F8 1000   IORI 1000,0
51B8  2B03        LDA 1,3,3
51B9  4313        STA 0,19,3
51BA  2312        LDA 0,18,3
51BB  A600        ADD 1,0
51BC  330C        LDA 2,12,3
51BD  9600        ADD 0,2
51BE  2313        LDA 0,19,3
51BF  4200        STA 0,0,2
51C0  010A        JMP 10,PC   ; -> 51CA
51C1  3020        LDA 2,32
51C2  E438 021D   ELEF 0,021D   ; = 541
51C4  EC38 464B   ELEF 1,464B   ; [464B] = 300
51C6  8E48        PSH 0,1
51C7  0C0C 5DBE   JSR @12            ; overlay call, arg 5DBE
51C9  5020        STA 2,32
51CA  012E        JMP 46,PC   ; -> 51F8
51CB  60B8        IO   60B8
51CC  2B03        LDA 1,3,3
51CD  8D0C        SUB# 0,1,SZR
51CE  0121        JMP 33,PC   ; -> 51EF
51CF  3711        LDA 2,@17,3
51D0  D20C        MOV# 2,2,SZR
51D1  0114        JMP 20,PC   ; -> 51E5
51D2  3020        LDA 2,32
51D3  E438 464E   ELEF 0,464E   ; [464E] = 121
51D5  8648        PSH 0,0
51D6  0C0C 5D26   JSR @12            ; overlay call, arg 5D26
51D8  5020        STA 2,32
51D9  2304        LDA 0,4,3
51DA  87F8 1000   IORI 1000,0
51DC  2B03        LDA 1,3,3
51DD  4313        STA 0,19,3
51DE  2312        LDA 0,18,3
51DF  A600        ADD 1,0
51E0  330C        LDA 2,12,3
51E1  9600        ADD 0,2
51E2  2313        LDA 0,19,3
51E3  4200        STA 0,0,2
51E4  010A        JMP 10,PC   ; -> 51EE
51E5  3020        LDA 2,32
51E6  E438 021D   ELEF 0,021D   ; = 541
51E8  EC38 464B   ELEF 1,464B   ; [464B] = 300
51EA  8E48        PSH 0,1
51EB  0C0C 5DBE   JSR @12            ; overlay call, arg 5DBE
51ED  5020        STA 2,32
51EE  010A        JMP 10,PC   ; -> 51F8
51EF  3020        LDA 2,32
51F0  E438 021D   ELEF 0,021D   ; = 541
51F2  EC38 464F   ELEF 1,464F   ; [464F] = 146
51F4  8E48        PSH 0,1
51F5  0C0C 5DBE   JSR @12            ; overlay call, arg 5DBE
51F7  5020        STA 2,32
51F8  8538 00C4   EJMP 00C4,PC   ; -> 52BD
51FA  3020        LDA 2,32
51FB  E438 463C   ELEF 0,463C   ; [463C] = 1
51FD  EC38 01D5   ELEF 1,01D5   ; = 469
51FF  8E48        PSH 0,1
5200  E438 4639   ELEF 0,4639   ; [4639] = 2
5202  3821        LDA 3,33
5203  6B13        IO   6B13
5204  8E48        PSH 0,1
5205  0C0C 5674   JSR @12            ; overlay call, arg 5674
5207  5020        STA 2,32
5208  2313        LDA 0,19,3
5209  4303        STA 0,3,3
520A  862F        ADDO# 0,0,SBN
520B  AD01        SUB 1,1,SKP
520C  AD50        SUBZL 1,1
520D  AA0C        MOV# 1,1,SZR
520E  0103        JMP 3,PC   ; -> 5211
520F  8538 00AC   EJMP 00AC,PC   ; -> 52BC
5211  2B12        LDA 1,18,3
5212  8E00        ADD 0,1
5213  330C        LDA 2,12,3
5214  B600        ADD 1,2
5215  5313        STA 2,19,3
5216  2200        LDA 0,0,2
5217  4304        STA 0,4,3
5218  3020        LDA 2,32
5219  6303        IO   6303
521A  6B13        IO   6B13
521B  8E48        PSH 0,1
521C  0C0C 540B   JSR @12            ; overlay call, arg 540B
521E  5020        STA 2,32
521F  A438 01D5   ELDA 0,01D5   ; = 469
5221  2B13        LDA 1,19,3
5222  8D0D        SUB# 0,1,SNR
5223  010B        JMP 11,PC   ; -> 522E
5224  E438 021D   ELEF 0,021D   ; = 541
5226  EC38 4639   ELEF 1,4639   ; [4639] = 2
5228  8E48        PSH 0,1
5229  0C0C 5DBE   JSR @12            ; overlay call, arg 5DBE
522B  5020        STA 2,32
522C  8538 008F   EJMP 008F,PC   ; -> 52BC
522E  2304        LDA 0,4,3
522F  C7F8 0800   ANDI 0800,0
5231  820C        MOV# 0,0,SZR
5232  D501        SUB 2,2,SKP
5233  D550        SUBZL 2,2
5234  D20D        MOV# 2,2,SNR
5235  010C        JMP 12,PC   ; -> 5241
5236  3020        LDA 2,32
5237  E438 021D   ELEF 0,021D   ; = 541
5239  EC38 464F   ELEF 1,464F   ; [464F] = 146
523B  8E48        PSH 0,1
523C  0C0C 5DBE   JSR @12            ; overlay call, arg 5DBE
523E  5020        STA 2,32
523F  8538 007C   EJMP 007C,PC   ; -> 52BC
5241  2304        LDA 0,4,3
5242  C7F8 1000   ANDI 1000,0
5244  820C        MOV# 0,0,SZR
5245  010C        JMP 12,PC   ; -> 5251
5246  3020        LDA 2,32
5247  E438 021D   ELEF 0,021D   ; = 541
5249  EC38 4650   ELEF 1,4650   ; [4650] = 147
524B  8E48        PSH 0,1
524C  0C0C 5DBE   JSR @12            ; overlay call, arg 5DBE
524E  5020        STA 2,32
524F  8538 006C   EJMP 006C,PC   ; -> 52BC
5251  6017        IO   6017
5252  2B03        LDA 1,3,3
5253  8D0C        SUB# 0,1,SZR
5254  012E        JMP 46,PC   ; -> 5282
5255  370F        LDA 2,@15,3
5256  D20C        MOV# 2,2,SZR
5257  D501        SUB 2,2,SKP
5258  D550        SUBZL 2,2
5259  D20D        MOV# 2,2,SNR
525A  011E        JMP 30,PC   ; -> 5278
525B  3020        LDA 2,32
525C  E438 464A   ELEF 0,464A   ; [464A] = 299
525E  8648        PSH 0,0
525F  0C0C 5D26   JSR @12            ; overlay call, arg 5D26
5261  5020        STA 2,32
5262  6304        IO   6304
5263  6B16        IO   6B16
5264  0C44        JSR @68
5265  5020        STA 2,32
5266  AE48        PSH 1,1
5267  E438 4651   ELEF 0,4651   ; [4651] = 0
5269  6B18        IO   6B18
526A  0C4A        JSR @74
526B  5020        STA 2,32
526C  A200        MOV 1,0
526D  6B13        IO   6B13
526E  0C4B        JSR @75
526F  5020        STA 2,32
5270  2303        LDA 0,3,3
5271  2B12        LDA 1,18,3
5272  8E00        ADD 0,1
5273  330C        LDA 2,12,3
5274  B600        ADD 1,2
5275  2313        LDA 0,19,3
5276  4200        STA 0,0,2
5277  010A        JMP 10,PC   ; -> 5281
5278  3020        LDA 2,32
5279  E438 021D   ELEF 0,021D   ; = 541
527B  EC38 464B   ELEF 1,464B   ; [464B] = 300
527D  8E48        PSH 0,1
527E  0C0C 5DBE   JSR @12            ; overlay call, arg 5DBE
5280  5020        STA 2,32
5281  013B        JMP 59,PC   ; -> 52BC
5282  60B8        IO   60B8
5283  2B03        LDA 1,3,3
5284  8D0C        SUB# 0,1,SZR
5285  012E        JMP 46,PC   ; -> 52B3
5286  3711        LDA 2,@17,3
5287  D20C        MOV# 2,2,SZR
5288  D501        SUB 2,2,SKP
5289  D550        SUBZL 2,2
528A  D20D        MOV# 2,2,SNR
528B  011E        JMP 30,PC   ; -> 52A9
528C  3020        LDA 2,32
528D  E438 464E   ELEF 0,464E   ; [464E] = 121
528F  8648        PSH 0,0
5290  0C0C 5D26   JSR @12            ; overlay call, arg 5D26
5292  5020        STA 2,32
5293  6304        IO   6304
5294  6B16        IO   6B16
5295  0C44        JSR @68
5296  5020        STA 2,32
5297  AE48        PSH 1,1
5298  E438 4651   ELEF 0,4651   ; [4651] = 0
529A  6B18        IO   6B18
529B  0C4A        JSR @74
529C  5020        STA 2,32
529D  A200        MOV 1,0
529E  6B13        IO   6B13
529F  0C4B        JSR @75
52A0  5020        STA 2,32
52A1  2303        LDA 0,3,3
52A2  2B12        LDA 1,18,3
52A3  8E00        ADD 0,1
52A4  330C        LDA 2,12,3
52A5  B600        ADD 1,2
52A6  2313        LDA 0,19,3
52A7  4200        STA 0,0,2
52A8  010A        JMP 10,PC   ; -> 52B2
52A9  3020        LDA 2,32
52AA  E438 021D   ELEF 0,021D   ; = 541
52AC  EC38 464B   ELEF 1,464B   ; [464B] = 300
52AE  8E48        PSH 0,1
52AF  0C0C 5DBE   JSR @12            ; overlay call, arg 5DBE
52B1  5020        STA 2,32
52B2  010A        JMP 10,PC   ; -> 52BC
52B3  3020        LDA 2,32
52B4  E438 021D   ELEF 0,021D   ; = 541
52B6  EC38 464F   ELEF 1,464F   ; [464F] = 146
52B8  8E48        PSH 0,1
52B9  0C0C 5DBE   JSR @12            ; overlay call, arg 5DBE
52BB  5020        STA 2,32
52BC  0101        JMP 1,PC   ; -> 52BD
52BD  AFC8        RTN
52BE  0000        JMP 0
52BF  0000        JMP 0
52C0  0000        JMP 0
52C1  0000        JMP 0
52C2  0000        JMP 0
52C3  0000        JMP 0
52C4  0000        JMP 0
52C5  0000        JMP 0
52C6  0000        JMP 0
52C7  0000        JMP 0
52C8  0000        JMP 0
52C9  0000        JMP 0
52CA  0000        JMP 0
52CB  0000        JMP 0
52CC  0000        JMP 0
52CD  0000        JMP 0
52CE  0000        JMP 0
52CF  0000        JMP 0
52D0  0000        JMP 0
52D1  0000        JMP 0
52D2  0000        JMP 0
52D3  0000        JMP 0
52D4  0000        JMP 0
52D5  0000        JMP 0
52D6  0000        JMP 0
52D7  0000        JMP 0
52D8  0000        JMP 0
52D9  0000        JMP 0
52DA  0000        JMP 0
52DB  0000        JMP 0
52DC  0000        JMP 0
52DD  0000        JMP 0
52DE  0000        JMP 0
52DF  0000        JMP 0
52E0  0000        JMP 0
52E1  0000        JMP 0
52E2  0000        JMP 0
52E3  0000        JMP 0
52E4  0000        JMP 0
52E5  0000        JMP 0
52E6  0000        JMP 0
52E7  0000        JMP 0
52E8  0000        JMP 0
52E9  0000        JMP 0
52EA  0000        JMP 0
52EB  0000        JMP 0
52EC  0000        JMP 0
52ED  0000        JMP 0
52EE  0000        JMP 0
52EF  0000        JMP 0
52F0  0000        JMP 0
52F1  0000        JMP 0
52F2  0000        JMP 0
52F3  0000        JMP 0
52F4  0000        JMP 0
52F5  0000        JMP 0
52F6  0000        JMP 0
52F7  0000        JMP 0
52F8  0000        JMP 0
52F9  0000        JMP 0
52FA  0000        JMP 0
52FB  0000        JMP 0
52FC  0000        JMP 0
52FD  0000        JMP 0
52FE  0000        JMP 0
52FF  0000        JMP 0
5300  0000        JMP 0
5301  0000        JMP 0
5302  0000        JMP 0
5303  0000        JMP 0
5304  0000        JMP 0
5305  0000        JMP 0
5306  0000        JMP 0
5307  0000        JMP 0
5308  0000        JMP 0
5309  0000        JMP 0
530A  0000        JMP 0
530B  0000        JMP 0
530C  0000        JMP 0
530D  0000        JMP 0
530E  0000        JMP 0
530F  0000        JMP 0
5310  0000        JMP 0
5311  0000        JMP 0
5312  0000        JMP 0
5313  0000        JMP 0
5314  0000        JMP 0
5315  0000        JMP 0
5316  0000        JMP 0
5317  0000        JMP 0
5318  0000        JMP 0
5319  0000        JMP 0
531A  0000        JMP 0
531B  0000        JMP 0
531C  0000        JMP 0
531D  0000        JMP 0
531E  0000        JMP 0
531F  0000        JMP 0
5320  0000        JMP 0
5321  0000        JMP 0
5322  0000        JMP 0
5323  0000        JMP 0
5324  0000        JMP 0
5325  0000        JMP 0
5326  0000        JMP 0
5327  0000        JMP 0
5328  0000        JMP 0
5329  0000        JMP 0
532A  0000        JMP 0
532B  0000        JMP 0
532C  0000        JMP 0
532D  0000        JMP 0
532E  0000        JMP 0
532F  0000        JMP 0
5330  0000        JMP 0
5331  0000        JMP 0
5332  0000        JMP 0
5333  0000        JMP 0
5334  0000        JMP 0
5335  0000        JMP 0
5336  0000        JMP 0
5337  0000        JMP 0
5338  0000        JMP 0
5339  0000        JMP 0
533A  0000        JMP 0
533B  0000        JMP 0
533C  0000        JMP 0
533D  0000        JMP 0
533E  0000        JMP 0
533F  0000        JMP 0
5340  0000        JMP 0
5341  0000        JMP 0
5342  0000        JMP 0
5343  0000        JMP 0
5344  0000        JMP 0
5345  0000        JMP 0
5346  0000        JMP 0
5347  0000        JMP 0
5348  0000        JMP 0
5349  0000        JMP 0
534A  0000        JMP 0
534B  0000        JMP 0
534C  0000        JMP 0
534D  0000        JMP 0
534E  0000        JMP 0
534F  0000        JMP 0
5350  0000        JMP 0
5351  0000        JMP 0
5352  0000        JMP 0
5353  0000        JMP 0
5354  0000        JMP 0
5355  0000        JMP 0
5356  0000        JMP 0
5357  0000        JMP 0
5358  0000        JMP 0
5359  0000        JMP 0
535A  0000        JMP 0
535B  0000        JMP 0
535C  0000        JMP 0
535D  0000        JMP 0
535E  0000        JMP 0
535F  0000        JMP 0
5360  0000        JMP 0
5361  0000        JMP 0
5362  0000        JMP 0
5363  0000        JMP 0
5364  0000        JMP 0
5365  0000        JMP 0
5366  0000        JMP 0
5367  0000        JMP 0
5368  0000        JMP 0
5369  0000        JMP 0
536A  0000        JMP 0
536B  0000        JMP 0
536C  0000        JMP 0
536D  0000        JMP 0
536E  0000        JMP 0
536F  0000        JMP 0
5370  0000        JMP 0
5371  0000        JMP 0
5372  0000        JMP 0
5373  0000        JMP 0
5374  0000        JMP 0
5375  0000        JMP 0
5376  0000        JMP 0
5377  0000        JMP 0
5378  0000        JMP 0
5379  0000        JMP 0
537A  0000        JMP 0
537B  0000        JMP 0
537C  0000        JMP 0
537D  0000        JMP 0
537E  0000        JMP 0
537F  0000        JMP 0
5380  0000        JMP 0
5381  0000        JMP 0
5382  0000        JMP 0
5383  0000        JMP 0
5384  0000        JMP 0
5385  0000        JMP 0
5386  0000        JMP 0
5387  0000        JMP 0
5388  0000        JMP 0
5389  0000        JMP 0
538A  0000        JMP 0
538B  0000        JMP 0
538C  0000        JMP 0
538D  0000        JMP 0
538E  0000        JMP 0
538F  0000        JMP 0
5390  0000        JMP 0
5391  0000        JMP 0
5392  0000        JMP 0
5393  0000        JMP 0
5394  0000        JMP 0
5395  0000        JMP 0
5396  0000        JMP 0
5397  0000        JMP 0
5398  0000        JMP 0
5399  0000        JMP 0
539A  0000        JMP 0
539B  0000        JMP 0
539C  0000        JMP 0
539D  0000        JMP 0
539E  0000        JMP 0
539F  0000        JMP 0
53A0  0000        JMP 0
53A1  0000        JMP 0
53A2  0000        JMP 0
53A3  0000        JMP 0
53A4  0000        JMP 0
53A5  0000        JMP 0
53A6  0000        JMP 0
53A7  0000        JMP 0
53A8  0000        JMP 0
53A9  0000        JMP 0
53AA  0000        JMP 0
53AB  0000        JMP 0
53AC  0000        JMP 0
53AD  0000        JMP 0
53AE  0000        JMP 0
53AF  0000        JMP 0
53B0  0000        JMP 0
53B1  0000        JMP 0
53B2  0000        JMP 0
53B3  0000        JMP 0
53B4  0000        JMP 0
53B5  0000        JMP 0
53B6  0000        JMP 0
53B7  0000        JMP 0
53B8  0000        JMP 0
53B9  0000        JMP 0
53BA  0000        JMP 0
53BB  0000        JMP 0
53BC  0000        JMP 0
53BD  0000        JMP 0
53BE  0000        JMP 0
53BF  0000        JMP 0
53C0  0000        JMP 0
53C1  0000        JMP 0
53C2  0000        JMP 0
53C3  0000        JMP 0
53C4  0000        JMP 0
53C5  0000        JMP 0
53C6  0000        JMP 0
53C7  0000        JMP 0
53C8  0000        JMP 0
53C9  0000        JMP 0
53CA  0000        JMP 0
53CB  0000        JMP 0
53CC  0000        JMP 0
53CD  0000        JMP 0
53CE  0000        JMP 0
53CF  0000        JMP 0
53D0  0000        JMP 0
53D1  0000        JMP 0
53D2  0000        JMP 0
53D3  0000        JMP 0
53D4  0000        JMP 0
53D5  0000        JMP 0
53D6  0000        JMP 0
53D7  0000        JMP 0
53D8  0000        JMP 0
53D9  0000        JMP 0
53DA  0000        JMP 0
53DB  0000        JMP 0
53DC  0000        JMP 0
53DD  0000        JMP 0
53DE  0000        JMP 0
53DF  0000        JMP 0
53E0  0000        JMP 0
53E1  0000        JMP 0
53E2  0000        JMP 0
53E3  0000        JMP 0
53E4  0000        JMP 0
53E5  0000        JMP 0
53E6  0000        JMP 0
53E7  0000        JMP 0
53E8  0000        JMP 0
53E9  0000        JMP 0
53EA  0000        JMP 0
53EB  0000        JMP 0
53EC  0000        JMP 0
53ED  0000        JMP 0
53EE  0000        JMP 0
53EF  0000        JMP 0
53F0  0000        JMP 0
53F1  0000        JMP 0
53F2  0000        JMP 0
53F3  0000        JMP 0
53F4  0000        JMP 0
53F5  0000        JMP 0
53F6  0000        JMP 0
53F7  0000        JMP 0
53F8  0000        JMP 0
53F9  0000        JMP 0
53FA  0000        JMP 0
53FB  0000        JMP 0
53FC  0000        JMP 0
53FD  0000        JMP 0
53FE  0000        JMP 0
53FF  0000        JMP 0
5400  0000        JMP 0
5401  0000        JMP 0
5402  0000        JMP 0
5403  0000        JMP 0
5404  0000        JMP 0
5405  0000        JMP 0
5406  0000        JMP 0
5407  0000        JMP 0
5408  0000        JMP 0
5409  0000        JMP 0
540A  0000        JMP 0
540B  0000        JMP 0
540C  0000        JMP 0
540D  0000        JMP 0
540E  0000        JMP 0
540F  0000        JMP 0
5410  0000        JMP 0
5411  0000        JMP 0
5412  0000        JMP 0
5413  0000        JMP 0
5414  0000        JMP 0
5415  0000        JMP 0
5416  0000        JMP 0
5417  0000        JMP 0
5418  0000        JMP 0
5419  0000        JMP 0
541A  0000        JMP 0
541B  0000        JMP 0
541C  0000        JMP 0
541D  0000        JMP 0
541E  0000        JMP 0
541F  0000        JMP 0
5420  0000        JMP 0
5421  0000        JMP 0
5422  0000        JMP 0
5423  0000        JMP 0
5424  0000        JMP 0
5425  0000        JMP 0
5426  0000        JMP 0
5427  0000        JMP 0
5428  0000        JMP 0
5429  0000        JMP 0
542A  0000        JMP 0
542B  0000        JMP 0
542C  0000        JMP 0
542D  0000        JMP 0
542E  0000        JMP 0
542F  0000        JMP 0
5430  0000        JMP 0
5431  0000        JMP 0
5432  0000        JMP 0
5433  0000        JMP 0
5434  0000        JMP 0
5435  0000        JMP 0
5436  0000        JMP 0
5437  0000        JMP 0
5438  0000        JMP 0
5439  0000        JMP 0
543A  0000        JMP 0
543B  0000        JMP 0
543C  0000        JMP 0
543D  0000        JMP 0
543E  0000        JMP 0
543F  0000        JMP 0
5440  0000        JMP 0
5441  0000        JMP 0
5442  0000        JMP 0
5443  0000        JMP 0
5444  0000        JMP 0
5445  0000        JMP 0
5446  0000        JMP 0
5447  0000        JMP 0
5448  0000        JMP 0
5449  0000        JMP 0
544A  0000        JMP 0
544B  0000        JMP 0
544C  0000        JMP 0
544D  0000        JMP 0
544E  0000        JMP 0
544F  0000        JMP 0
5450  0000        JMP 0
5451  0000        JMP 0
5452  0000        JMP 0
5453  0000        JMP 0
5454  0000        JMP 0
5455  0000        JMP 0
5456  0000        JMP 0
5457  0000        JMP 0
5458  0000        JMP 0
5459  0000        JMP 0
545A  0000        JMP 0
545B  0000        JMP 0
545C  0000        JMP 0
545D  0000        JMP 0
545E  0000        JMP 0
545F  0000        JMP 0
5460  0000        JMP 0
5461  0000        JMP 0
5462  0000        JMP 0
5463  0000        JMP 0
5464  0000        JMP 0
5465  0000        JMP 0
5466  0000        JMP 0
5467  0000        JMP 0
5468  0000        JMP 0
5469  0000        JMP 0
546A  0000        JMP 0
546B  0000        JMP 0
546C  0000        JMP 0
546D  0000        JMP 0
546E  0000        JMP 0
546F  0000        JMP 0
5470  0000        JMP 0
5471  0000        JMP 0
5472  0000        JMP 0
5473  0000        JMP 0
5474  0000        JMP 0
5475  0000        JMP 0
5476  0000        JMP 0
5477  0000        JMP 0
5478  0000        JMP 0
5479  0000        JMP 0
547A  0000        JMP 0
547B  0000        JMP 0
547C  0000        JMP 0
547D  0000        JMP 0
547E  0000        JMP 0
547F  0000        JMP 0
5480  0000        JMP 0
5481  0000        JMP 0
5482  0000        JMP 0
5483  0000        JMP 0
5484  0000        JMP 0
5485  0000        JMP 0
5486  0000        JMP 0
5487  0000        JMP 0
5488  0000        JMP 0
5489  0000        JMP 0
548A  0000        JMP 0
548B  0000        JMP 0
548C  0000        JMP 0
548D  0000        JMP 0
548E  0000        JMP 0
548F  0000        JMP 0
5490  0000        JMP 0
5491  0000        JMP 0
5492  0000        JMP 0
5493  0000        JMP 0
5494  0000        JMP 0
5495  0000        JMP 0
5496  0000        JMP 0
5497  0000        JMP 0
5498  0000        JMP 0
5499  0000        JMP 0
549A  0000        JMP 0
549B  0000        JMP 0
549C  0000        JMP 0
549D  0000        JMP 0
549E  0000        JMP 0
549F  0000        JMP 0
54A0  0000        JMP 0
54A1  0000        JMP 0
54A2  0000        JMP 0
54A3  0000        JMP 0
54A4  0000        JMP 0
54A5  0000        JMP 0
54A6  0000        JMP 0
54A7  0000        JMP 0
54A8  0000        JMP 0
54A9  0000        JMP 0
54AA  0000        JMP 0
54AB  0000        JMP 0
54AC  0000        JMP 0
54AD  0000        JMP 0
54AE  0000        JMP 0
54AF  0000        JMP 0
54B0  0000        JMP 0
54B1  0000        JMP 0
54B2  0000        JMP 0
54B3  0000        JMP 0
54B4  0000        JMP 0
54B5  0000        JMP 0
54B6  0000        JMP 0
54B7  0000        JMP 0
54B8  0000        JMP 0
54B9  0000        JMP 0
54BA  0000        JMP 0
54BB  0000        JMP 0
54BC  0000        JMP 0
54BD  0000        JMP 0
54BE  0000        JMP 0
54BF  0000        JMP 0
54C0  0000        JMP 0
54C1  0000        JMP 0
54C2  0000        JMP 0
54C3  0000        JMP 0
54C4  0000        JMP 0
54C5  0000        JMP 0
54C6  0000        JMP 0
54C7  0000        JMP 0
54C8  0000        JMP 0
54C9  0000        JMP 0
54CA  0000        JMP 0
54CB  0000        JMP 0
54CC  0000        JMP 0
54CD  0000        JMP 0
54CE  0000        JMP 0
54CF  0000        JMP 0
54D0  0000        JMP 0
54D1  0000        JMP 0
54D2  0000        JMP 0
54D3  0000        JMP 0
54D4  0000        JMP 0
54D5  0000        JMP 0
54D6  0000        JMP 0
54D7  0000        JMP 0
54D8  0000        JMP 0
54D9  0000        JMP 0
54DA  0000        JMP 0
54DB  0000        JMP 0
54DC  0000        JMP 0
54DD  0000        JMP 0
54DE  0000        JMP 0
54DF  0000        JMP 0
54E0  0000        JMP 0
54E1  0000        JMP 0
54E2  0000        JMP 0
54E3  0000        JMP 0
54E4  0000        JMP 0
54E5  0000        JMP 0
54E6  0000        JMP 0
54E7  0000        JMP 0
54E8  0000        JMP 0
54E9  0000        JMP 0
54EA  0000        JMP 0
54EB  0000        JMP 0
54EC  0000        JMP 0
54ED  0000        JMP 0
54EE  0000        JMP 0
54EF  0000        JMP 0
54F0  0000        JMP 0
54F1  0000        JMP 0
54F2  0000        JMP 0
54F3  0000        JMP 0
54F4  0000        JMP 0
54F5  0000        JMP 0
54F6  0000        JMP 0
54F7  0000        JMP 0
54F8  0000        JMP 0
54F9  0000        JMP 0
54FA  0000        JMP 0
54FB  0000        JMP 0
54FC  0000        JMP 0
54FD  0000        JMP 0
54FE  0000        JMP 0
54FF  0000        JMP 0
5500  0000        JMP 0
5501  0000        JMP 0
5502  0000        JMP 0
5503  0000        JMP 0
5504  0000        JMP 0
5505  0000        JMP 0
5506  0000        JMP 0
5507  0000        JMP 0
5508  0000        JMP 0
5509  0000        JMP 0
550A  0000        JMP 0
550B  0000        JMP 0
550C  0000        JMP 0
550D  0000        JMP 0
550E  0000        JMP 0
550F  0000        JMP 0
5510  0000        JMP 0
5511  0000        JMP 0
5512  0000        JMP 0
5513  0000        JMP 0
5514  0000        JMP 0
5515  0000        JMP 0
5516  0000        JMP 0
5517  0000        JMP 0
5518  0000        JMP 0
5519  0000        JMP 0
551A  0000        JMP 0
551B  0000        JMP 0
551C  0000        JMP 0
551D  0000        JMP 0
551E  0000        JMP 0
551F  0000        JMP 0
5520  0000        JMP 0
5521  0000        JMP 0
5522  0000        JMP 0
5523  0000        JMP 0
5524  0000        JMP 0
5525  0000        JMP 0
5526  0000        JMP 0
5527  0000        JMP 0
5528  0000        JMP 0
5529  0000        JMP 0
552A  0000        JMP 0
552B  0000        JMP 0
552C  0000        JMP 0
552D  0000        JMP 0
552E  0000        JMP 0
552F  0000        JMP 0
5530  0000        JMP 0
5531  0000        JMP 0
5532  0000        JMP 0
5533  0000        JMP 0
5534  0000        JMP 0
5535  0000        JMP 0
5536  0000        JMP 0
5537  0000        JMP 0
5538  0000        JMP 0
5539  0000        JMP 0
553A  0000        JMP 0
553B  0000        JMP 0
553C  0000        JMP 0
553D  0000        JMP 0
553E  0000        JMP 0
553F  0000        JMP 0
5540  0000        JMP 0
5541  0000        JMP 0
5542  0000        JMP 0
5543  0000        JMP 0
5544  0000        JMP 0
5545  0000        JMP 0
5546  0000        JMP 0
5547  0000        JMP 0
5548  0000        JMP 0
5549  0000        JMP 0
554A  0000        JMP 0
554B  0000        JMP 0
554C  0000        JMP 0
554D  0000        JMP 0
554E  0000        JMP 0
554F  0000        JMP 0
5550  0000        JMP 0
5551  0000        JMP 0
5552  0000        JMP 0
5553  0000        JMP 0
5554  0000        JMP 0
5555  0000        JMP 0
5556  0000        JMP 0
5557  0000        JMP 0
5558  0000        JMP 0
5559  0000        JMP 0
555A  0000        JMP 0
555B  0000        JMP 0
555C  0000        JMP 0
555D  0000        JMP 0
555E  0000        JMP 0
555F  0000        JMP 0
5560  0000        JMP 0
5561  0000        JMP 0
5562  0000        JMP 0
5563  0000        JMP 0
5564  0000        JMP 0
5565  0000        JMP 0
5566  0000        JMP 0
5567  0000        JMP 0
5568  0000        JMP 0
5569  0000        JMP 0
556A  0000        JMP 0
556B  0000        JMP 0
556C  0000        JMP 0
556D  0000        JMP 0
556E  0000        JMP 0
556F  0000        JMP 0
5570  0000        JMP 0
5571  0000        JMP 0
5572  0000        JMP 0
5573  0000        JMP 0
5574  0000        JMP 0
5575  0000        JMP 0
5576  0000        JMP 0
5577  0000        JMP 0
5578  0000        JMP 0
5579  0000        JMP 0
557A  0000        JMP 0
557B  0000        JMP 0
557C  0000        JMP 0
557D  0000        JMP 0
557E  0000        JMP 0
557F  0000        JMP 0
5580  0000        JMP 0
5581  0000        JMP 0
5582  0000        JMP 0
5583  0000        JMP 0
5584  0000        JMP 0
5585  0000        JMP 0
5586  0000        JMP 0
5587  0000        JMP 0
5588  0000        JMP 0
5589  0000        JMP 0
558A  0000        JMP 0
558B  0000        JMP 0
558C  0000        JMP 0
558D  0000        JMP 0
558E  0000        JMP 0
558F  0000        JMP 0
5590  0000        JMP 0
5591  0000        JMP 0
5592  0000        JMP 0
5593  0000        JMP 0
5594  0000        JMP 0
5595  0000        JMP 0
5596  0000        JMP 0
5597  0000        JMP 0
5598  0000        JMP 0
5599  0000        JMP 0
559A  0000        JMP 0
559B  0000        JMP 0
559C  0000        JMP 0
559D  0000        JMP 0
559E  0000        JMP 0
559F  0000        JMP 0
55A0  0000        JMP 0
55A1  0000        JMP 0
55A2  0000        JMP 0
55A3  0000        JMP 0
55A4  0000        JMP 0
55A5  0000        JMP 0
55A6  0000        JMP 0
55A7  0000        JMP 0
55A8  0000        JMP 0
55A9  0000        JMP 0
55AA  0000        JMP 0
55AB  0000        JMP 0
55AC  0000        JMP 0
55AD  0000        JMP 0
55AE  0000        JMP 0
55AF  0000        JMP 0
55B0  0000        JMP 0
55B1  0000        JMP 0
55B2  0000        JMP 0
55B3  0000        JMP 0
55B4  0000        JMP 0
55B5  0000        JMP 0
55B6  0000        JMP 0
55B7  0000        JMP 0
55B8  0000        JMP 0
55B9  0000        JMP 0
55BA  0000        JMP 0
55BB  0000        JMP 0
55BC  0000        JMP 0
55BD  0000        JMP 0
55BE  0000        JMP 0
55BF  0000        JMP 0
55C0  0000        JMP 0
55C1  0000        JMP 0
55C2  0000        JMP 0
55C3  0000        JMP 0
55C4  0000        JMP 0
55C5  0000        JMP 0
55C6  0000        JMP 0
55C7  0000        JMP 0
55C8  0000        JMP 0
55C9  0000        JMP 0
55CA  0000        JMP 0
55CB  0000        JMP 0
55CC  0000        JMP 0
55CD  0000        JMP 0
55CE  0000        JMP 0
55CF  0000        JMP 0
55D0  0000        JMP 0
55D1  0000        JMP 0
55D2  0000        JMP 0
55D3  0000        JMP 0
55D4  0000        JMP 0
55D5  0000        JMP 0
55D6  0000        JMP 0
55D7  0000        JMP 0
55D8  0000        JMP 0
55D9  0000        JMP 0
55DA  0000        JMP 0
55DB  0000        JMP 0
55DC  0000        JMP 0
55DD  0000        JMP 0
55DE  0000        JMP 0
55DF  0000        JMP 0
55E0  0000        JMP 0
55E1  0000        JMP 0
55E2  0000        JMP 0
55E3  0000        JMP 0
55E4  0000        JMP 0
55E5  0000        JMP 0
55E6  0000        JMP 0
55E7  0000        JMP 0
55E8  0000        JMP 0
55E9  0000        JMP 0
55EA  0000        JMP 0
55EB  0000        JMP 0
55EC  0000        JMP 0
55ED  0000        JMP 0
55EE  0000        JMP 0
55EF  0000        JMP 0
55F0  0000        JMP 0
55F1  0000        JMP 0
55F2  0000        JMP 0
55F3  0000        JMP 0
55F4  0000        JMP 0
55F5  0000        JMP 0
55F6  0000        JMP 0
55F7  0000        JMP 0
55F8  0000        JMP 0
55F9  0000        JMP 0
55FA  0000        JMP 0
55FB  0000        JMP 0
55FC  0000        JMP 0
55FD  0000        JMP 0
55FE  0000        JMP 0
55FF  0000        JMP 0
5600  0000        JMP 0
5601  0000        JMP 0
5602  0000        JMP 0
5603  0000        JMP 0
5604  0000        JMP 0
5605  0000        JMP 0
5606  0000        JMP 0
5607  0000        JMP 0
5608  0000        JMP 0
5609  0000        JMP 0
560A  0000        JMP 0
560B  0000        JMP 0
560C  0000        JMP 0
560D  0000        JMP 0
560E  0000        JMP 0
560F  0000        JMP 0
5610  0000        JMP 0
5611  0000        JMP 0
5612  0000        JMP 0
5613  0000        JMP 0
5614  0000        JMP 0
5615  0000        JMP 0
5616  0000        JMP 0
5617  0000        JMP 0
5618  0000        JMP 0
5619  0000        JMP 0
561A  0000        JMP 0
561B  0000        JMP 0
561C  0000        JMP 0
561D  0000        JMP 0
561E  0000        JMP 0
561F  0000        JMP 0
5620  0000        JMP 0
5621  0000        JMP 0
5622  0000        JMP 0
5623  0000        JMP 0
5624  0000        JMP 0
5625  0000        JMP 0
5626  0000        JMP 0
5627  0000        JMP 0
5628  0000        JMP 0
5629  0000        JMP 0
562A  0000        JMP 0
562B  0000        JMP 0
562C  0000        JMP 0
562D  0000        JMP 0
562E  0000        JMP 0
562F  0000        JMP 0
5630  0000        JMP 0
5631  0000        JMP 0
5632  0000        JMP 0
5633  0000        JMP 0
5634  0000        JMP 0
5635  0000        JMP 0
5636  0000        JMP 0
5637  0000        JMP 0
5638  0000        JMP 0
5639  0000        JMP 0
563A  0000        JMP 0
563B  0000        JMP 0
563C  0000        JMP 0
563D  0000        JMP 0
563E  0000        JMP 0
563F  0000        JMP 0
5640  0000        JMP 0
5641  0000        JMP 0
5642  0000        JMP 0
5643  0000        JMP 0
5644  0000        JMP 0
5645  0000        JMP 0
5646  0000        JMP 0
5647  0000        JMP 0
5648  0000        JMP 0
5649  0000        JMP 0
564A  0000        JMP 0
564B  0000        JMP 0
564C  0000        JMP 0
564D  0000        JMP 0
564E  0000        JMP 0
564F  0000        JMP 0
5650  0000        JMP 0
5651  0000        JMP 0
5652  0000        JMP 0
5653  0000        JMP 0
5654  0000        JMP 0
5655  0000        JMP 0
5656  0000        JMP 0
5657  0000        JMP 0
5658  0000        JMP 0
5659  0000        JMP 0
565A  0000        JMP 0
565B  0000        JMP 0
565C  0000        JMP 0
565D  0000        JMP 0
565E  0000        JMP 0
565F  0000        JMP 0
5660  0000        JMP 0
5661  0000        JMP 0
5662  0000        JMP 0
5663  0000        JMP 0
5664  0000        JMP 0
5665  0000        JMP 0
5666  0000        JMP 0
5667  0000        JMP 0
5668  0000        JMP 0
5669  0000        JMP 0
566A  0000        JMP 0
566B  0000        JMP 0
566C  0000        JMP 0
566D  0000        JMP 0
566E  0000        JMP 0
566F  0000        JMP 0
5670  0000        JMP 0
5671  0000        JMP 0
5672  0000        JMP 0
5673  0000        JMP 0
5674  0000        JMP 0
5675  0000        JMP 0
5676  0000        JMP 0
5677  0000        JMP 0
5678  0000        JMP 0
5679  0000        JMP 0
567A  0000        JMP 0
567B  0000        JMP 0
567C  0000        JMP 0
567D  0000        JMP 0
567E  0000        JMP 0
567F  0000        JMP 0
5680  0000        JMP 0
5681  0000        JMP 0
5682  0000        JMP 0
5683  0000        JMP 0
5684  0000        JMP 0
5685  0000        JMP 0
5686  0000        JMP 0
5687  0000        JMP 0
5688  0000        JMP 0
5689  0000        JMP 0
568A  0000        JMP 0
568B  0000        JMP 0
568C  0000        JMP 0
568D  0000        JMP 0
568E  0000        JMP 0
568F  0000        JMP 0
5690  0000        JMP 0
5691  0000        JMP 0
5692  0000        JMP 0
5693  0000        JMP 0
5694  0000        JMP 0
5695  0000        JMP 0
5696  0000        JMP 0
5697  0000        JMP 0
5698  0000        JMP 0
5699  0000        JMP 0
569A  0000        JMP 0
569B  0000        JMP 0
569C  0000        JMP 0
569D  0000        JMP 0
569E  0000        JMP 0
569F  0000        JMP 0
56A0  0000        JMP 0
56A1  0000        JMP 0
56A2  0000        JMP 0
56A3  0000        JMP 0
56A4  0000        JMP 0
56A5  0000        JMP 0
56A6  0000        JMP 0
56A7  0000        JMP 0
56A8  0000        JMP 0
56A9  0000        JMP 0
56AA  0000        JMP 0
56AB  0000        JMP 0
56AC  0000        JMP 0
56AD  0000        JMP 0
56AE  0000        JMP 0
56AF  0000        JMP 0
56B0  0000        JMP 0
56B1  0000        JMP 0
56B2  0000        JMP 0
56B3  0000        JMP 0
56B4  0000        JMP 0
56B5  0000        JMP 0
56B6  0000        JMP 0
56B7  0000        JMP 0
56B8  0000        JMP 0
56B9  0000        JMP 0
56BA  0000        JMP 0
56BB  0000        JMP 0
56BC  0000        JMP 0
56BD  0000        JMP 0
56BE  0000        JMP 0
56BF  0000        JMP 0
56C0  0000        JMP 0
56C1  0000        JMP 0
56C2  0000        JMP 0
56C3  0000        JMP 0
56C4  0000        JMP 0
56C5  0000        JMP 0
56C6  0000        JMP 0
56C7  0000        JMP 0
56C8  0000        JMP 0
56C9  0000        JMP 0
56CA  0000        JMP 0
56CB  0000        JMP 0
56CC  0000        JMP 0
56CD  0000        JMP 0
56CE  0000        JMP 0
56CF  0000        JMP 0
56D0  0000        JMP 0
56D1  0000        JMP 0
56D2  0000        JMP 0
56D3  0000        JMP 0
56D4  0000        JMP 0
56D5  0000        JMP 0
56D6  0000        JMP 0
56D7  0000        JMP 0
56D8  0000        JMP 0
56D9  0000        JMP 0
56DA  0000        JMP 0
56DB  0000        JMP 0
56DC  0000        JMP 0
56DD  0000        JMP 0
56DE  0000        JMP 0
56DF  0000        JMP 0
56E0  0000        JMP 0
56E1  0000        JMP 0
56E2  0000        JMP 0
56E3  0000        JMP 0
56E4  0000        JMP 0
56E5  0000        JMP 0
56E6  0000        JMP 0
56E7  0000        JMP 0
56E8  0000        JMP 0
56E9  0000        JMP 0
56EA  0000        JMP 0
56EB  0000        JMP 0
56EC  0000        JMP 0
56ED  0000        JMP 0
56EE  0000        JMP 0
56EF  0000        JMP 0
56F0  0000        JMP 0
56F1  0000        JMP 0
56F2  0000        JMP 0
56F3  0000        JMP 0
56F4  0000        JMP 0
56F5  0000        JMP 0
56F6  0000        JMP 0
56F7  0000        JMP 0
56F8  0000        JMP 0
56F9  0000        JMP 0
56FA  0000        JMP 0
56FB  0000        JMP 0
56FC  0000        JMP 0
56FD  0000        JMP 0
56FE  0000        JMP 0
56FF  0000        JMP 0
5700  0000        JMP 0
5701  0000        JMP 0
5702  0000        JMP 0
5703  0000        JMP 0
5704  0000        JMP 0
5705  0000        JMP 0
5706  0000        JMP 0
5707  0000        JMP 0
5708  0000        JMP 0
5709  0000        JMP 0
570A  0000        JMP 0
570B  0000        JMP 0
570C  0000        JMP 0
570D  0000        JMP 0
570E  0000        JMP 0
570F  0000        JMP 0
5710  0000        JMP 0
5711  0000        JMP 0
5712  0000        JMP 0
5713  0000        JMP 0
5714  0000        JMP 0
5715  0000        JMP 0
5716  0000        JMP 0
5717  0000        JMP 0
5718  0000        JMP 0
5719  0000        JMP 0
571A  0000        JMP 0
571B  0000        JMP 0
571C  0000        JMP 0
571D  0000        JMP 0
571E  0000        JMP 0
571F  0000        JMP 0
5720  0000        JMP 0
5721  0000        JMP 0
5722  0000        JMP 0
5723  0000        JMP 0
5724  0000        JMP 0
5725  0000        JMP 0
5726  0000        JMP 0
5727  0000        JMP 0
5728  0000        JMP 0
5729  0000        JMP 0
572A  0000        JMP 0
572B  0000        JMP 0
572C  0000        JMP 0
572D  0000        JMP 0
572E  0000        JMP 0
572F  0000        JMP 0
5730  0000        JMP 0
5731  0000        JMP 0
5732  0000        JMP 0
5733  0000        JMP 0
5734  0000        JMP 0
5735  0000        JMP 0
5736  0000        JMP 0
5737  0000        JMP 0
5738  0000        JMP 0
5739  0000        JMP 0
573A  0000        JMP 0
573B  0000        JMP 0
573C  0000        JMP 0
573D  0000        JMP 0
573E  0000        JMP 0
573F  0000        JMP 0
5740  0000        JMP 0
5741  0000        JMP 0
5742  0000        JMP 0
5743  0000        JMP 0
5744  0000        JMP 0
5745  0000        JMP 0
5746  0000        JMP 0
5747  0000        JMP 0
5748  0000        JMP 0
5749  0000        JMP 0
574A  0000        JMP 0
574B  0000        JMP 0
574C  0000        JMP 0
574D  0000        JMP 0
574E  0000        JMP 0
574F  0000        JMP 0
5750  0000        JMP 0
5751  0000        JMP 0
5752  0000        JMP 0
5753  0000        JMP 0
5754  0000        JMP 0
5755  0000        JMP 0
5756  0000        JMP 0
5757  0000        JMP 0
5758  0000        JMP 0
5759  0000        JMP 0
575A  0000        JMP 0
575B  0000        JMP 0
575C  0000        JMP 0
575D  0000        JMP 0
575E  0000        JMP 0
575F  0000        JMP 0
5760  0000        JMP 0
5761  0000        JMP 0
5762  0000        JMP 0
5763  0000        JMP 0
5764  0000        JMP 0
5765  0000        JMP 0
5766  0000        JMP 0
5767  0000        JMP 0
5768  0000        JMP 0
5769  0000        JMP 0
576A  0000        JMP 0
576B  0000        JMP 0
576C  0000        JMP 0
576D  0000        JMP 0
576E  0000        JMP 0
576F  0000        JMP 0
5770  0000        JMP 0
5771  0000        JMP 0
5772  0000        JMP 0
5773  0000        JMP 0
5774  0000        JMP 0
5775  0000        JMP 0
5776  0000        JMP 0
5777  0000        JMP 0
5778  0000        JMP 0
5779  0000        JMP 0
577A  0000        JMP 0
577B  0000        JMP 0
577C  0000        JMP 0
577D  0000        JMP 0
577E  0000        JMP 0
577F  0000        JMP 0
5780  0000        JMP 0
5781  0000        JMP 0
5782  0000        JMP 0
5783  0000        JMP 0
5784  0000        JMP 0
5785  0000        JMP 0
5786  0000        JMP 0
5787  0000        JMP 0
5788  0000        JMP 0
5789  0000        JMP 0
578A  0000        JMP 0
578B  0000        JMP 0
578C  0000        JMP 0
578D  0000        JMP 0
578E  0000        JMP 0
578F  0000        JMP 0
5790  0000        JMP 0
5791  0000        JMP 0
5792  0000        JMP 0
5793  0000        JMP 0
5794  0000        JMP 0
5795  0000        JMP 0
5796  0000        JMP 0
5797  0000        JMP 0
5798  0000        JMP 0
5799  0000        JMP 0
579A  0000        JMP 0
579B  0000        JMP 0
579C  0000        JMP 0
579D  0000        JMP 0
579E  0000        JMP 0
579F  0000        JMP 0
57A0  0000        JMP 0
57A1  0000        JMP 0
57A2  0000        JMP 0
57A3  0000        JMP 0
57A4  0000        JMP 0
57A5  0000        JMP 0
57A6  0000        JMP 0
57A7  0000        JMP 0
57A8  0000        JMP 0
57A9  0000        JMP 0
57AA  0000        JMP 0
57AB  0000        JMP 0
57AC  0000        JMP 0
57AD  0000        JMP 0
57AE  0000        JMP 0
57AF  0000        JMP 0
57B0  0000        JMP 0
57B1  0000        JMP 0
57B2  0000        JMP 0
57B3  0000        JMP 0
57B4  0000        JMP 0
57B5  0000        JMP 0
57B6  0000        JMP 0
57B7  0000        JMP 0
57B8  0000        JMP 0
57B9  0000        JMP 0
57BA  0000        JMP 0
57BB  0000        JMP 0
57BC  0000        JMP 0
57BD  0000        JMP 0
57BE  0000        JMP 0
57BF  0000        JMP 0
57C0  0000        JMP 0
57C1  0000        JMP 0
57C2  0000        JMP 0
57C3  0000        JMP 0
57C4  0000        JMP 0
57C5  0000        JMP 0
57C6  0000        JMP 0
57C7  0000        JMP 0
57C8  0000        JMP 0
57C9  0000        JMP 0
57CA  0000        JMP 0
57CB  0000        JMP 0
57CC  0000        JMP 0
57CD  0000        JMP 0
57CE  0000        JMP 0
57CF  0000        JMP 0
57D0  0000        JMP 0
57D1  0000        JMP 0
57D2  0000        JMP 0
57D3  0000        JMP 0
57D4  0000        JMP 0
57D5  0000        JMP 0
57D6  0000        JMP 0
57D7  0000        JMP 0
57D8  0000        JMP 0
57D9  0000        JMP 0
57DA  0000        JMP 0
57DB  0000        JMP 0
57DC  0000        JMP 0
57DD  0000        JMP 0
57DE  0000        JMP 0
57DF  0000        JMP 0
57E0  0000        JMP 0
57E1  0000        JMP 0
57E2  0000        JMP 0
57E3  0000        JMP 0
57E4  0000        JMP 0
57E5  0000        JMP 0
57E6  0000        JMP 0
57E7  0000        JMP 0
57E8  0000        JMP 0
57E9  0000        JMP 0
57EA  0000        JMP 0
57EB  0000        JMP 0
57EC  0000        JMP 0
57ED  0000        JMP 0
57EE  0000        JMP 0
57EF  0000        JMP 0
57F0  0000        JMP 0
57F1  0000        JMP 0
57F2  0000        JMP 0
57F3  0000        JMP 0
57F4  0000        JMP 0
57F5  0000        JMP 0
57F6  0000        JMP 0
57F7  0000        JMP 0
57F8  0000        JMP 0
57F9  0000        JMP 0
57FA  0000        JMP 0
57FB  0000        JMP 0
57FC  0000        JMP 0
57FD  0000        JMP 0
57FE  0000        JMP 0
57FF  0000        JMP 0
5800  E7C8 001C   SAVE 28             ; frame
5802  0C42        JSR @66
5803  0001        JMP 1
5804  430A        STA 0,10,3
5805  B438 01B1   ELDA 2,01B1   ; = 433
5807  2AFD        LDA 1,-3,2
5808  B500        SUB 1,2
5809  530B        STA 2,11,3
580A  B438 01B7   ELDA 2,01B7   ; = 439
580C  32FD        LDA 2,-3,2
580D  530C        STA 2,12,3
580E  B438 01B7   ELDA 2,01B7   ; = 439
5810  32FB        LDA 2,-5,2
5811  230C        LDA 0,12,3
5812  8100        NEG 0,0
5813  8300        INC 0,0
5814  530D        STA 2,13,3
5815  B438 01B7   ELDA 2,01B7   ; = 439
5817  32FE        LDA 2,-2,2
5818  530E        STA 2,14,3
5819  9600        ADD 0,2
581A  430F        STA 0,15,3
581B  8500        SUB 0,0
581C  4B10        STA 1,16,3
581D  2B0D        LDA 1,13,3
581E  CFC8        MULS
581F  230C        LDA 0,12,3
5820  4B11        STA 1,17,3
5821  8E00        ADD 0,1
5822  A438 01B7   ELDA 0,01B7   ; = 439
5824  A500        SUB 1,0
5825  4B12        STA 1,18,3
5826  CA00        MOV 2,1
5827  4313        STA 0,19,3
5828  A200        MOV 1,0
5829  AE00        ADD 1,1
582A  8E00        ADD 0,1
582B  4314        STA 0,20,3
582C  8600        ADD 0,0
582D  4315        STA 0,21,3
582E  4B16        STA 1,22,3
582F  0C62        JSR @98
5830  EC38 465A   ELEF 1,465A   ; [465A] = 50
5832  6303        IO   6303
5833  0C59        JSR @89
5834  0101        JMP 1,PC   ; -> 5835
5835  270A        LDA 0,@10,3
5836  F438 4686   ELEF 2,4686   ; [4686] = 12358
5838  0C5A        JSR @90
5839  D00C        COM# 2,2,SZR
583A  0A00        JSR 0,2
583B  3020        LDA 2,32
583C  E438 465C   ELEF 0,465C   ; -> "CMD7" (len 4)
583E  EC38 465B   ELEF 1,465B   ; [465B] = 34
5840  8E48        PSH 0,1
5841  0C0C 5DBE   JSR @12            ; overlay call, arg 5DBE
5843  5020        STA 2,32
5844  8538 025C   EJMP 025C,PC   ; -> 5AA1
5846  3020        LDA 2,32
5847  E438 4663   ELEF 0,4663   ; [4663] = 1
5849  EC38 01D5   ELEF 1,01D5   ; = 469
584B  8E48        PSH 0,1
584C  E438 4662   ELEF 0,4662   ; [4662] = 2
584E  3821        LDA 3,33
584F  6B17        IO   6B17
5850  8E48        PSH 0,1
5851  0C0C 5674   JSR @12            ; overlay call, arg 5674
5853  5020        STA 2,32
5854  2317        LDA 0,23,3
5855  4306        STA 0,6,3
5856  AD50        SUBZL 1,1
5857  A248        SGE 1,0
5858  0103        JMP 3,PC   ; -> 585B
5859  8538 0099   EJMP 0099,PC   ; -> 58F3
585B  6303        IO   6303
585C  EC38 021D   ELEF 1,021D   ; = 541
585E  0C5C        JSR @92
585F  A438 01DB   ELDA 0,01DB   ; = 475
5861  8300        INC 0,0
5862  C438 01DB   ESTA 0,01DB   ; = 475
5864  2B0B        LDA 1,11,3
5865  8E00        ADD 0,1
5866  E438 0AF5   ELEF 0,0AF5   ; [0AF5] = 0
5868  4B17        STA 1,23,3
5869  2F17        LDA 1,@23,3
586A  8D0C        SUB# 0,1,SZR
586B  D501        SUB 2,2,SKP
586C  D550        SUBZL 2,2
586D  E438 0AF6   ELEF 0,0AF6   ; [0AF6] = 0
586F  5317        STA 2,23,3
5870  8D0C        SUB# 0,1,SZR
5871  D501        SUB 2,2,SKP
5872  D550        SUBZL 2,2
5873  2317        LDA 0,23,3
5874  9108        IOR 0,2
5875  D20D        MOV# 2,2,SNR
5876  0106        JMP 6,PC   ; -> 587C
5877  A438 01DB   ELDA 0,01DB   ; = 475
5879  8300        INC 0,0
587A  C438 01DB   ESTA 0,01DB   ; = 475
587C  3020        LDA 2,32
587D  E438 4663   ELEF 0,4663   ; [4663] = 1
587F  EC38 01D5   ELEF 1,01D5   ; = 469
5881  8E48        PSH 0,1
5882  E438 01DB   ELEF 0,01DB   ; = 475
5884  6B17        IO   6B17
5885  8E48        PSH 0,1
5886  0C0C 5674   JSR @12            ; overlay call, arg 5674
5888  5020        STA 2,32
5889  2317        LDA 0,23,3
588A  4307        STA 0,7,3
588B  AD50        SUBZL 1,1
588C  8A08        SGT 0,1
588D  0166        JMP 102,PC   ; -> 58F3
588E  6020        IO   6020
588F  2B06        LDA 1,6,3
5890  8D0C        SUB# 0,1,SZR
5891  012F        JMP 47,PC   ; -> 58C0
5892  6022        IO   6022
5893  2B07        LDA 1,7,3
5894  8D0D        SUB# 0,1,SNR
5895  010A        JMP 10,PC   ; -> 589F
5896  E438 021D   ELEF 0,021D   ; = 541
5898  EC38 4666   ELEF 1,4666   ; [4666] = 150
589A  8E48        PSH 0,1
589B  0C0C 5DBE   JSR @12            ; overlay call, arg 5DBE
589D  5020        STA 2,32
589E  0121        JMP 33,PC   ; -> 58BF
589F  3020        LDA 2,32
58A0  6306        IO   6306
58A1  6B17        IO   6B17
58A2  8E48        PSH 0,1
58A3  0C0C 5FFA   JSR @12            ; overlay call, arg 5FFA
58A5  5020        STA 2,32
58A6  8550        SUBZL 0,0
58A7  2B17        LDA 1,23,3
58A8  8D0C        SUB# 0,1,SZR
58A9  0108        JMP 8,PC   ; -> 58B1
58AA  E438 4667   ELEF 0,4667   ; [4667] = 151
58AC  8648        PSH 0,0
58AD  0C0C 5D26   JSR @12            ; overlay call, arg 5D26
58AF  5020        STA 2,32
58B0  010F        JMP 15,PC   ; -> 58BF
58B1  3020        LDA 2,32
58B2  E438 4663   ELEF 0,4663   ; [4663] = 1
58B4  6B06        IO   6B06
58B5  8E48        PSH 0,1
58B6  0C0C 6024   JSR @12            ; overlay call, arg 6024
58B8  5020        STA 2,32
58B9  E438 4668   ELEF 0,4668   ; [4668] = 152
58BB  8648        PSH 0,0
58BC  0C0C 5D26   JSR @12            ; overlay call, arg 5D26
58BE  5020        STA 2,32
58BF  0134        JMP 52,PC   ; -> 58F3
58C0  609B        IO   609B
58C1  2B06        LDA 1,6,3
58C2  8D0C        SUB# 0,1,SZR
58C3  0128        JMP 40,PC   ; -> 58EB
58C4  709D        IO   709D
58C5  2307        LDA 0,7,3
58C6  C50D        SUB# 2,0,SNR
58C7  010B        JMP 11,PC   ; -> 58D2
58C8  3020        LDA 2,32
58C9  E438 021D   ELEF 0,021D   ; = 541
58CB  EC38 4666   ELEF 1,4666   ; [4666] = 150
58CD  8E48        PSH 0,1
58CE  0C0C 5DBE   JSR @12            ; overlay call, arg 5DBE
58D0  5020        STA 2,32
58D1  0108        JMP 8,PC   ; -> 58D9
58D2  3020        LDA 2,32
58D3  E438 466B   ELEF 0,466B   ; [466B] = 278
58D5  8648        PSH 0,0
58D6  0C0C 5D26   JSR @12            ; overlay call, arg 5D26
58D8  5020        STA 2,32
58D9  3020        LDA 2,32
58DA  E438 4663   ELEF 0,4663   ; [4663] = 1
58DC  EC38 4669   ELEF 1,4669   ; [4669] = 155
58DE  8E48        PSH 0,1
58DF  0C0C 6024   JSR @12            ; overlay call, arg 6024
58E1  5020        STA 2,32
58E2  E438 4662   ELEF 0,4662   ; [4662] = 2
58E4  EC38 466A   ELEF 1,466A   ; [466A] = 157
58E6  8E48        PSH 0,1
58E7  0C0C 6024   JSR @12            ; overlay call, arg 6024
58E9  5020        STA 2,32
58EA  0109        JMP 9,PC   ; -> 58F3
58EB  3020        LDA 2,32
58EC  6303        IO   6303
58ED  EC38 466C   ELEF 1,466C   ; [466C] = 149
58EF  8E48        PSH 0,1
58F0  0C0C 5DBE   JSR @12            ; overlay call, arg 5DBE
58F2  5020        STA 2,32
58F3  8538 01AD   EJMP 01AD,PC   ; -> 5AA1
58F5  3020        LDA 2,32
58F6  E438 4663   ELEF 0,4663   ; [4663] = 1
58F8  EC38 01D5   ELEF 1,01D5   ; = 469
58FA  8E48        PSH 0,1
58FB  E438 4662   ELEF 0,4662   ; [4662] = 2
58FD  3821        LDA 3,33
58FE  6B17        IO   6B17
58FF  8E48        PSH 0,1
5900  0C0C 5674   JSR @12            ; overlay call, arg 5674
5902  5020        STA 2,32
5903  2317        LDA 0,23,3
5904  4306        STA 0,6,3
5905  AD50        SUBZL 1,1
5906  8A08        SGT 0,1
5907  0153        JMP 83,PC   ; -> 595A
5908  6303        IO   6303
5909  EC38 021D   ELEF 1,021D   ; = 541
590B  0C5C        JSR @92
590C  A438 01DB   ELDA 0,01DB   ; = 475
590E  8300        INC 0,0
590F  4317        STA 0,23,3
5910  E438 4663   ELEF 0,4663   ; [4663] = 1
5912  EC38 01D5   ELEF 1,01D5   ; = 469
5914  8E48        PSH 0,1
5915  6317        IO   6317
5916  6B18        IO   6B18
5917  8E48        PSH 0,1
5918  0C0C 5674   JSR @12            ; overlay call, arg 5674
591A  5020        STA 2,32
591B  2318        LDA 0,24,3
591C  4307        STA 0,7,3
591D  AD50        SUBZL 1,1
591E  8A08        SGT 0,1
591F  013B        JMP 59,PC   ; -> 595A
5920  6020        IO   6020
5921  2B06        LDA 1,6,3
5922  8D0D        SUB# 0,1,SNR
5923  0109        JMP 9,PC   ; -> 592C
5924  6303        IO   6303
5925  EC38 466D   ELEF 1,466D   ; [466D] = 153
5927  8E48        PSH 0,1
5928  0C0C 5DBE   JSR @12            ; overlay call, arg 5DBE
592A  5020        STA 2,32
592B  012F        JMP 47,PC   ; -> 595A
592C  6022        IO   6022
592D  2B07        LDA 1,7,3
592E  8D0D        SUB# 0,1,SNR
592F  010B        JMP 11,PC   ; -> 593A
5930  3020        LDA 2,32
5931  E438 021D   ELEF 0,021D   ; = 541
5933  EC38 466E   ELEF 1,466E   ; [466E] = 154
5935  8E48        PSH 0,1
5936  0C0C 5DBE   JSR @12            ; overlay call, arg 5DBE
5938  5020        STA 2,32
5939  0121        JMP 33,PC   ; -> 595A
593A  3020        LDA 2,32
593B  6306        IO   6306
593C  6B17        IO   6B17
593D  8E48        PSH 0,1
593E  0C0C 5FFA   JSR @12            ; overlay call, arg 5FFA
5940  5020        STA 2,32
5941  8550        SUBZL 0,0
5942  2B17        LDA 1,23,3
5943  8D0D        SUB# 0,1,SNR
5944  0108        JMP 8,PC   ; -> 594C
5945  E438 4669   ELEF 0,4669   ; [4669] = 155
5947  8648        PSH 0,0
5948  0C0C 5D26   JSR @12            ; overlay call, arg 5D26
594A  5020        STA 2,32
594B  010F        JMP 15,PC   ; -> 595A
594C  3020        LDA 2,32
594D  E438 466F   ELEF 0,466F   ; [466F] = 0
594F  6B06        IO   6B06
5950  8E48        PSH 0,1
5951  0C0C 6024   JSR @12            ; overlay call, arg 6024
5953  5020        STA 2,32
5954  E438 4670   ELEF 0,4670   ; [4670] = 156
5956  8648        PSH 0,0
5957  0C0C 5D26   JSR @12            ; overlay call, arg 5D26
5959  5020        STA 2,32
595A  8538 0146   EJMP 0146,PC   ; -> 5AA1
595C  3020        LDA 2,32
595D  E438 4663   ELEF 0,4663   ; [4663] = 1
595F  EC38 466F   ELEF 1,466F   ; [466F] = 0
5961  8E48        PSH 0,1
5962  E438 4662   ELEF 0,4662   ; [4662] = 2
5964  3821        LDA 3,33
5965  6B17        IO   6B17
5966  8E48        PSH 0,1
5967  0C0C 5674   JSR @12            ; overlay call, arg 5674
5969  5020        STA 2,32
596A  2317        LDA 0,23,3
596B  4306        STA 0,6,3
596C  AD50        SUBZL 1,1
596D  A248        SGE 1,0
596E  0103        JMP 3,PC   ; -> 5971
596F  8538 009F   EJMP 009F,PC   ; -> 5A0F
5971  6306        IO   6306
5972  6B17        IO   6B17
5973  8E48        PSH 0,1
5974  0C0C 540B   JSR @12            ; overlay call, arg 540B
5976  5020        STA 2,32
5977  2317        LDA 0,23,3
5978  820D        MOV# 0,0,SNR
5979  0109        JMP 9,PC   ; -> 5982
597A  EC38 4671   ELEF 1,4671   ; [4671] = 6
597C  AE48        PSH 1,1
597D  0C0C 5D26   JSR @12            ; overlay call, arg 5D26
597F  5020        STA 2,32
5980  8538 008E   EJMP 008E,PC   ; -> 5A0F
5982  2306        LDA 0,6,3
5983  2B16        LDA 1,22,3
5984  8E00        ADD 0,1
5985  3313        LDA 2,19,3
5986  B600        ADD 1,2
5987  5317        STA 2,23,3
5988  2200        LDA 0,0,2
5989  C7F8 2000   ANDI 2000,0
598B  820C        MOV# 0,0,SZR
598C  0103        JMP 3,PC   ; -> 598F
598D  8538 0078   EJMP 0078,PC   ; -> 5A06
598F  3306        LDA 2,6,3
5990  2315        LDA 0,21,3
5991  9600        ADD 0,2
5992  2313        LDA 0,19,3
5993  9600        ADD 0,2
5994  5317        STA 2,23,3
5995  2200        LDA 0,0,2
5996  C7F8 0020   ANDI 0020,0
5998  820C        MOV# 0,0,SZR
5999  010C        JMP 12,PC   ; -> 59A5
599A  3020        LDA 2,32
599B  E438 021D   ELEF 0,021D   ; = 541
599D  EC38 4675   ELEF 1,4675   ; [4675] = 127
599F  8E48        PSH 0,1
59A0  0C0C 5DBE   JSR @12            ; overlay call, arg 5DBE
59A2  5020        STA 2,32
59A3  8538 0061   EJMP 0061,PC   ; -> 5A05
59A5  3020        LDA 2,32
59A6  6306        IO   6306
59A7  6B17        IO   6B17
59A8  8E48        PSH 0,1
59A9  0C0C 5FFA   JSR @12            ; overlay call, arg 5FFA
59AB  5020        STA 2,32
59AC  6002        IO   6002
59AD  2B17        LDA 1,23,3
59AE  8D0C        SUB# 0,1,SZR
59AF  0108        JMP 8,PC   ; -> 59B7
59B0  E438 4676   ELEF 0,4676   ; [4676] = 182
59B2  8648        PSH 0,0
59B3  0C0C 5D26   JSR @12            ; overlay call, arg 5D26
59B5  5020        STA 2,32
59B6  014F        JMP 79,PC   ; -> 5A05
59B7  3020        LDA 2,32
59B8  E438 4662   ELEF 0,4662   ; [4662] = 2
59BA  6B06        IO   6B06
59BB  8E48        PSH 0,1
59BC  0C0C 6024   JSR @12            ; overlay call, arg 6024
59BE  5020        STA 2,32
59BF  E438 4677   ELEF 0,4677   ; [4677] = 183
59C1  8648        PSH 0,0
59C2  0C0C 5D26   JSR @12            ; overlay call, arg 5D26
59C4  5020        STA 2,32
59C5  0C62        JSR @98
59C6  6319        IO   6319
59C7  EC38 4659   ELEF 1,4659   ; [4659] = 32
59C9  0C59        JSR @89
59CA  3020        LDA 2,32
59CB  E438 4678   ELEF 0,4678   ; [4678] = 4
59CD  8648        PSH 0,0
59CE  6306        IO   6306
59CF  6B19        IO   6B19
59D0  8E48        PSH 0,1
59D1  0C0C 5AAA   JSR @12            ; overlay call, arg 5AAA
59D3  5020        STA 2,32
59D4  6303        IO   6303
59D5  6B19        IO   6B19
59D6  0C5C        JSR @92
59D7  0C63        JSR @99
59D8  3020        LDA 2,32
59D9  E438 4679   ELEF 0,4679   ; -> "EAT" (len 3)
59DB  8648        PSH 0,0
59DC  6303        IO   6303
59DD  6B17        IO   6B17
59DE  8E48        PSH 0,1
59DF  0C0C 742D   JSR @12            ; overlay call, arg 742D
59E1  5020        STA 2,32
59E2  2317        LDA 0,23,3
59E3  4308        STA 0,8,3
59E4  E008        ADI 3,0
59E5  7303        IO   7303
59E6  2A02        LDA 1,2,2
59E7  3020        LDA 2,32
59E8  4317        STA 0,23,3
59E9  4B18        STA 1,24,3
59EA  6318        IO   6318
59EB  6B17        IO   6B17
59EC  8E48        PSH 0,1
59ED  6303        IO   6303
59EE  6B19        IO   6B19
59EF  0C5D        JSR @93
59F0  5020        STA 2,32
59F1  A200        MOV 1,0
59F2  6B1C        IO   6B1C
59F3  0C56        JSR @86
59F4  5020        STA 2,32
59F5  231C        LDA 0,28,3
59F6  4307        STA 0,7,3
59F7  824B        MOVL# 0,0,SNC
59F8  0107        JMP 7,PC   ; -> 59FF
59F9  AC38 01F8   ELDA 1,01F8   ; = 504
59FB  A600        ADD 1,0
59FC  C438 01F8   ESTA 0,01F8   ; = 504
59FE  0107        JMP 7,PC   ; -> 5A05
59FF  A438 01F9   ELDA 0,01F9   ; = 505
5A01  2B07        LDA 1,7,3
5A02  8E00        ADD 0,1
5A03  CC38 01F9   ESTA 1,01F9   ; = 505
5A05  010A        JMP 10,PC   ; -> 5A0F
5A06  3020        LDA 2,32
5A07  E438 021D   ELEF 0,021D   ; = 541
5A09  EC38 467E   ELEF 1,467E   ; [467E] = 185
5A0B  8E48        PSH 0,1
5A0C  0C0C 5DBE   JSR @12            ; overlay call, arg 5DBE
5A0E  5020        STA 2,32
5A0F  8538 0091   EJMP 0091,PC   ; -> 5AA1
5A11  3020        LDA 2,32
5A12  E438 4663   ELEF 0,4663   ; [4663] = 1
5A14  EC38 466F   ELEF 1,466F   ; [466F] = 0
5A16  8E48        PSH 0,1
5A17  E438 4662   ELEF 0,4662   ; [4662] = 2
5A19  3821        LDA 3,33
5A1A  6B18        IO   6B18
5A1B  8E48        PSH 0,1
5A1C  0C0C 5674   JSR @12            ; overlay call, arg 5674
5A1E  5020        STA 2,32
5A1F  2318        LDA 0,24,3
5A20  4306        STA 0,6,3
5A21  AD50        SUBZL 1,1
5A22  A248        SGE 1,0
5A23  0103        JMP 3,PC   ; -> 5A26
5A24  8538 007B   EJMP 007B,PC   ; -> 5AA0
5A26  6306        IO   6306
5A27  6B18        IO   6B18
5A28  8E48        PSH 0,1
5A29  0C0C 540B   JSR @12            ; overlay call, arg 540B
5A2B  5020        STA 2,32
5A2C  2318        LDA 0,24,3
5A2D  820D        MOV# 0,0,SNR
5A2E  0109        JMP 9,PC   ; -> 5A37
5A2F  EC38 4671   ELEF 1,4671   ; [4671] = 6
5A31  AE48        PSH 1,1
5A32  0C0C 5D26   JSR @12            ; overlay call, arg 5D26
5A34  5020        STA 2,32
5A35  8538 006A   EJMP 006A,PC   ; -> 5AA0
5A37  2306        LDA 0,6,3
5A38  2B16        LDA 1,22,3
5A39  8E00        ADD 0,1
5A3A  3313        LDA 2,19,3
5A3B  B600        ADD 1,2
5A3C  5318        STA 2,24,3
5A3D  2200        LDA 0,0,2
5A3E  C7F8 1000   ANDI 1000,0
5A40  820D        MOV# 0,0,SNR
5A41  014A        JMP 74,PC   ; -> 5A8B
5A42  3020        LDA 2,32
5A43  E438 4680   ELEF 0,4680   ; [4680] = 65535
5A45  8648        PSH 0,0
5A46  6306        IO   6306
5A47  6B18        IO   6B18
5A48  8E48        PSH 0,1
5A49  0C0C 6470   JSR @12            ; overlay call, arg 6470
5A4B  5020        STA 2,32
5A4C  2318        LDA 0,24,3
5A4D  4309        STA 0,9,3
5A4E  EC38 4677   ELEF 1,4677   ; [4677] = 183
5A50  AE48        PSH 1,1
5A51  0C0C 5D26   JSR @12            ; overlay call, arg 5D26
5A53  5020        STA 2,32
5A54  0C62        JSR @98
5A55  6319        IO   6319
5A56  EC38 4659   ELEF 1,4659   ; [4659] = 32
5A58  0C59        JSR @89
5A59  3020        LDA 2,32
5A5A  E438 4678   ELEF 0,4678   ; [4678] = 4
5A5C  8648        PSH 0,0
5A5D  6306        IO   6306
5A5E  6B19        IO   6B19
5A5F  8E48        PSH 0,1
5A60  0C0C 5AAA   JSR @12            ; overlay call, arg 5AAA
5A62  5020        STA 2,32
5A63  6303        IO   6303
5A64  6B19        IO   6B19
5A65  0C5C        JSR @92
5A66  0C63        JSR @99
5A67  3020        LDA 2,32
5A68  E438 4679   ELEF 0,4679   ; -> "EAT" (len 3)
5A6A  8648        PSH 0,0
5A6B  6303        IO   6303
5A6C  6B18        IO   6B18
5A6D  8E48        PSH 0,1
5A6E  0C0C 742D   JSR @12            ; overlay call, arg 742D
5A70  5020        STA 2,32
5A71  2318        LDA 0,24,3
5A72  4307        STA 0,7,3
5A73  E008        ADI 3,0
5A74  7303        IO   7303
5A75  2A02        LDA 1,2,2
5A76  3020        LDA 2,32
5A77  4318        STA 0,24,3
5A78  4B17        STA 1,23,3
5A79  6317        IO   6317
5A7A  6B18        IO   6B18
5A7B  8E48        PSH 0,1
5A7C  6303        IO   6303
5A7D  6B19        IO   6B19
5A7E  0C5D        JSR @93
5A7F  5020        STA 2,32
5A80  A200        MOV 1,0
5A81  6B1C        IO   6B1C
5A82  0C56        JSR @86
5A83  5020        STA 2,32
5A84  A438 01F9   ELDA 0,01F9   ; = 505
5A86  2B1C        LDA 1,28,3
5A87  8E00        ADD 0,1
5A88  CC38 01F9   ESTA 1,01F9   ; = 505
5A8A  0116        JMP 22,PC   ; -> 5AA0
5A8B  60AF        IO   60AF
5A8C  2B06        LDA 1,6,3
5A8D  8D0C        SUB# 0,1,SZR
5A8E  0109        JMP 9,PC   ; -> 5A97
5A8F  3020        LDA 2,32
5A90  E438 4682   ELEF 0,4682   ; [4682] = 313
5A92  8648        PSH 0,0
5A93  0C0C 5D26   JSR @12            ; overlay call, arg 5D26
5A95  5020        STA 2,32
5A96  010A        JMP 10,PC   ; -> 5AA0
5A97  3020        LDA 2,32
5A98  E438 021D   ELEF 0,021D   ; = 541
5A9A  EC38 4683   ELEF 1,4683   ; [4683] = 184
5A9C  8E48        PSH 0,1
5A9D  0C0C 5DBE   JSR @12            ; overlay call, arg 5DBE
5A9F  5020        STA 2,32
5AA0  0101        JMP 1,PC   ; -> 5AA1
5AA1  0C63        JSR @99
5AA2  AFC8        RTN
5AA3  0000        JMP 0
5AA4  0000        JMP 0
5AA5  0000        JMP 0
5AA6  0000        JMP 0
5AA7  0000        JMP 0
5AA8  0000        JMP 0
5AA9  0000        JMP 0
5AAA  0000        JMP 0
5AAB  0000        JMP 0
5AAC  0000        JMP 0
5AAD  0000        JMP 0
5AAE  0000        JMP 0
5AAF  0000        JMP 0
5AB0  0000        JMP 0
5AB1  0000        JMP 0
5AB2  0000        JMP 0
5AB3  0000        JMP 0
5AB4  0000        JMP 0
5AB5  0000        JMP 0
5AB6  0000        JMP 0
5AB7  0000        JMP 0
5AB8  0000        JMP 0
5AB9  0000        JMP 0
5ABA  0000        JMP 0
5ABB  0000        JMP 0
5ABC  0000        JMP 0
5ABD  0000        JMP 0
5ABE  0000        JMP 0
5ABF  0000        JMP 0
5AC0  0000        JMP 0
5AC1  0000        JMP 0
5AC2  0000        JMP 0
5AC3  0000        JMP 0
5AC4  0000        JMP 0
5AC5  0000        JMP 0
5AC6  0000        JMP 0
5AC7  0000        JMP 0
5AC8  0000        JMP 0
5AC9  0000        JMP 0
5ACA  0000        JMP 0
5ACB  0000        JMP 0
5ACC  0000        JMP 0
5ACD  0000        JMP 0
5ACE  0000        JMP 0
5ACF  0000        JMP 0
5AD0  0000        JMP 0
5AD1  0000        JMP 0
5AD2  0000        JMP 0
5AD3  0000        JMP 0
5AD4  0000        JMP 0
5AD5  0000        JMP 0
5AD6  0000        JMP 0
5AD7  0000        JMP 0
5AD8  0000        JMP 0
5AD9  0000        JMP 0
5ADA  0000        JMP 0
5ADB  0000        JMP 0
5ADC  0000        JMP 0
5ADD  0000        JMP 0
5ADE  0000        JMP 0
5ADF  0000        JMP 0
5AE0  0000        JMP 0
5AE1  0000        JMP 0
5AE2  0000        JMP 0
5AE3  0000        JMP 0
5AE4  0000        JMP 0
5AE5  0000        JMP 0
5AE6  0000        JMP 0
5AE7  0000        JMP 0
5AE8  0000        JMP 0
5AE9  0000        JMP 0
5AEA  0000        JMP 0
5AEB  0000        JMP 0
5AEC  0000        JMP 0
5AED  0000        JMP 0
5AEE  0000        JMP 0
5AEF  0000        JMP 0
5AF0  0000        JMP 0
5AF1  0000        JMP 0
5AF2  0000        JMP 0
5AF3  0000        JMP 0
5AF4  0000        JMP 0
5AF5  0000        JMP 0
5AF6  0000        JMP 0
5AF7  0000        JMP 0
5AF8  0000        JMP 0
5AF9  0000        JMP 0
5AFA  0000        JMP 0
5AFB  0000        JMP 0
5AFC  0000        JMP 0
5AFD  0000        JMP 0
5AFE  0000        JMP 0
5AFF  0000        JMP 0
5B00  0000        JMP 0
5B01  0000        JMP 0
5B02  0000        JMP 0
5B03  0000        JMP 0
5B04  0000        JMP 0
5B05  0000        JMP 0
5B06  0000        JMP 0
5B07  0000        JMP 0
5B08  0000        JMP 0
5B09  0000        JMP 0
5B0A  0000        JMP 0
5B0B  0000        JMP 0
5B0C  0000        JMP 0
5B0D  0000        JMP 0
5B0E  0000        JMP 0
5B0F  0000        JMP 0
5B10  0000        JMP 0
5B11  0000        JMP 0
5B12  0000        JMP 0
5B13  0000        JMP 0
5B14  0000        JMP 0
5B15  0000        JMP 0
5B16  0000        JMP 0
5B17  0000        JMP 0
5B18  0000        JMP 0
5B19  0000        JMP 0
5B1A  0000        JMP 0
5B1B  0000        JMP 0
5B1C  0000        JMP 0
5B1D  0000        JMP 0
5B1E  0000        JMP 0
5B1F  0000        JMP 0
5B20  0000        JMP 0
5B21  0000        JMP 0
5B22  0000        JMP 0
5B23  0000        JMP 0
5B24  0000        JMP 0
5B25  0000        JMP 0
5B26  0000        JMP 0
5B27  0000        JMP 0
5B28  0000        JMP 0
5B29  0000        JMP 0
5B2A  0000        JMP 0
5B2B  0000        JMP 0
5B2C  0000        JMP 0
5B2D  0000        JMP 0
5B2E  0000        JMP 0
5B2F  0000        JMP 0
5B30  0000        JMP 0
5B31  0000        JMP 0
5B32  0000        JMP 0
5B33  0000        JMP 0
5B34  0000        JMP 0
5B35  0000        JMP 0
5B36  0000        JMP 0
5B37  0000        JMP 0
5B38  0000        JMP 0
5B39  0000        JMP 0
5B3A  0000        JMP 0
5B3B  0000        JMP 0
5B3C  0000        JMP 0
5B3D  0000        JMP 0
5B3E  0000        JMP 0
5B3F  0000        JMP 0
5B40  0000        JMP 0
5B41  0000        JMP 0
5B42  0000        JMP 0
5B43  0000        JMP 0
5B44  0000        JMP 0
5B45  0000        JMP 0
5B46  0000        JMP 0
5B47  0000        JMP 0
5B48  0000        JMP 0
5B49  0000        JMP 0
5B4A  0000        JMP 0
5B4B  0000        JMP 0
5B4C  0000        JMP 0
5B4D  0000        JMP 0
5B4E  0000        JMP 0
5B4F  0000        JMP 0
5B50  0000        JMP 0
5B51  0000        JMP 0
5B52  0000        JMP 0
5B53  0000        JMP 0
5B54  0000        JMP 0
5B55  0000        JMP 0
5B56  0000        JMP 0
5B57  0000        JMP 0
5B58  0000        JMP 0
5B59  0000        JMP 0
5B5A  0000        JMP 0
5B5B  0000        JMP 0
5B5C  0000        JMP 0
5B5D  0000        JMP 0
5B5E  0000        JMP 0
5B5F  0000        JMP 0
5B60  0000        JMP 0
5B61  0000        JMP 0
5B62  0000        JMP 0
5B63  0000        JMP 0
5B64  0000        JMP 0
5B65  0000        JMP 0
5B66  0000        JMP 0
5B67  0000        JMP 0
5B68  0000        JMP 0
5B69  0000        JMP 0
5B6A  0000        JMP 0
5B6B  0000        JMP 0
5B6C  0000        JMP 0
5B6D  0000        JMP 0
5B6E  0000        JMP 0
5B6F  0000        JMP 0
5B70  0000        JMP 0
5B71  0000        JMP 0
5B72  0000        JMP 0
5B73  0000        JMP 0
5B74  0000        JMP 0
5B75  0000        JMP 0
5B76  0000        JMP 0
5B77  0000        JMP 0
5B78  0000        JMP 0
5B79  0000        JMP 0
5B7A  0000        JMP 0
5B7B  0000        JMP 0
5B7C  0000        JMP 0
5B7D  0000        JMP 0
5B7E  0000        JMP 0
5B7F  0000        JMP 0
5B80  0000        JMP 0
5B81  0000        JMP 0
5B82  0000        JMP 0
5B83  0000        JMP 0
5B84  0000        JMP 0
5B85  0000        JMP 0
5B86  0000        JMP 0
5B87  0000        JMP 0
5B88  0000        JMP 0
5B89  0000        JMP 0
5B8A  0000        JMP 0
5B8B  0000        JMP 0
5B8C  0000        JMP 0
5B8D  0000        JMP 0
5B8E  0000        JMP 0
5B8F  0000        JMP 0
5B90  0000        JMP 0
5B91  0000        JMP 0
5B92  0000        JMP 0
5B93  0000        JMP 0
5B94  0000        JMP 0
5B95  0000        JMP 0
5B96  0000        JMP 0
5B97  0000        JMP 0
5B98  0000        JMP 0
5B99  0000        JMP 0
5B9A  0000        JMP 0
5B9B  0000        JMP 0
5B9C  0000        JMP 0
5B9D  0000        JMP 0
5B9E  0000        JMP 0
5B9F  0000        JMP 0
5BA0  0000        JMP 0
5BA1  0000        JMP 0
5BA2  0000        JMP 0
5BA3  0000        JMP 0
5BA4  0000        JMP 0
5BA5  0000        JMP 0
5BA6  0000        JMP 0
5BA7  0000        JMP 0
5BA8  0000        JMP 0
5BA9  0000        JMP 0
5BAA  0000        JMP 0
5BAB  0000        JMP 0
5BAC  0000        JMP 0
5BAD  0000        JMP 0
5BAE  0000        JMP 0
5BAF  0000        JMP 0
5BB0  0000        JMP 0
5BB1  0000        JMP 0
5BB2  0000        JMP 0
5BB3  0000        JMP 0
5BB4  0000        JMP 0
5BB5  0000        JMP 0
5BB6  0000        JMP 0
5BB7  0000        JMP 0
5BB8  0000        JMP 0
5BB9  0000        JMP 0
5BBA  0000        JMP 0
5BBB  0000        JMP 0
5BBC  0000        JMP 0
5BBD  0000        JMP 0
5BBE  0000        JMP 0
5BBF  0000        JMP 0
5BC0  0000        JMP 0
5BC1  0000        JMP 0
5BC2  0000        JMP 0
5BC3  0000        JMP 0
5BC4  0000        JMP 0
5BC5  0000        JMP 0
5BC6  0000        JMP 0
5BC7  0000        JMP 0
5BC8  0000        JMP 0
5BC9  0000        JMP 0
5BCA  0000        JMP 0
5BCB  0000        JMP 0
5BCC  0000        JMP 0
5BCD  0000        JMP 0
5BCE  0000        JMP 0
5BCF  0000        JMP 0
5BD0  0000        JMP 0
5BD1  0000        JMP 0
5BD2  0000        JMP 0
5BD3  0000        JMP 0
5BD4  0000        JMP 0
5BD5  0000        JMP 0
5BD6  0000        JMP 0
5BD7  0000        JMP 0
5BD8  0000        JMP 0
5BD9  0000        JMP 0
5BDA  0000        JMP 0
5BDB  0000        JMP 0
5BDC  0000        JMP 0
5BDD  0000        JMP 0
5BDE  0000        JMP 0
5BDF  0000        JMP 0
5BE0  0000        JMP 0
5BE1  0000        JMP 0
5BE2  0000        JMP 0
5BE3  0000        JMP 0
5BE4  0000        JMP 0
5BE5  0000        JMP 0
5BE6  0000        JMP 0
5BE7  0000        JMP 0
5BE8  0000        JMP 0
5BE9  0000        JMP 0
5BEA  0000        JMP 0
5BEB  0000        JMP 0
5BEC  0000        JMP 0
5BED  0000        JMP 0
5BEE  0000        JMP 0
5BEF  0000        JMP 0
5BF0  0000        JMP 0
5BF1  0000        JMP 0
5BF2  0000        JMP 0
5BF3  0000        JMP 0
5BF4  0000        JMP 0
5BF5  0000        JMP 0
5BF6  0000        JMP 0
5BF7  0000        JMP 0
5BF8  0000        JMP 0
5BF9  0000        JMP 0
5BFA  0000        JMP 0
5BFB  0000        JMP 0
5BFC  0000        JMP 0
5BFD  0000        JMP 0
5BFE  0000        JMP 0
5BFF  0000        JMP 0
5C00  0000        JMP 0
5C01  0000        JMP 0
5C02  0000        JMP 0
5C03  0000        JMP 0
5C04  0000        JMP 0
5C05  0000        JMP 0
5C06  0000        JMP 0
5C07  0000        JMP 0
5C08  0000        JMP 0
5C09  0000        JMP 0
5C0A  0000        JMP 0
5C0B  0000        JMP 0
5C0C  0000        JMP 0
5C0D  0000        JMP 0
5C0E  0000        JMP 0
5C0F  0000        JMP 0
5C10  0000        JMP 0
5C11  0000        JMP 0
5C12  0000        JMP 0
5C13  0000        JMP 0
5C14  0000        JMP 0
5C15  0000        JMP 0
5C16  0000        JMP 0
5C17  0000        JMP 0
5C18  0000        JMP 0
5C19  0000        JMP 0
5C1A  0000        JMP 0
5C1B  0000        JMP 0
5C1C  0000        JMP 0
5C1D  0000        JMP 0
5C1E  0000        JMP 0
5C1F  0000        JMP 0
5C20  0000        JMP 0
5C21  0000        JMP 0
5C22  0000        JMP 0
5C23  0000        JMP 0
5C24  0000        JMP 0
5C25  0000        JMP 0
5C26  0000        JMP 0
5C27  0000        JMP 0
5C28  0000        JMP 0
5C29  0000        JMP 0
5C2A  0000        JMP 0
5C2B  0000        JMP 0
5C2C  0000        JMP 0
5C2D  0000        JMP 0
5C2E  0000        JMP 0
5C2F  0000        JMP 0
5C30  0000        JMP 0
5C31  0000        JMP 0
5C32  0000        JMP 0
5C33  0000        JMP 0
5C34  0000        JMP 0
5C35  0000        JMP 0
5C36  0000        JMP 0
5C37  0000        JMP 0
5C38  0000        JMP 0
5C39  0000        JMP 0
5C3A  0000        JMP 0
5C3B  0000        JMP 0
5C3C  0000        JMP 0
5C3D  0000        JMP 0
5C3E  0000        JMP 0
5C3F  0000        JMP 0
5C40  0000        JMP 0
5C41  0000        JMP 0
5C42  0000        JMP 0
5C43  0000        JMP 0
5C44  0000        JMP 0
5C45  0000        JMP 0
5C46  0000        JMP 0
5C47  0000        JMP 0
5C48  0000        JMP 0
5C49  0000        JMP 0
5C4A  0000        JMP 0
5C4B  0000        JMP 0
5C4C  0000        JMP 0
5C4D  0000        JMP 0
5C4E  0000        JMP 0
5C4F  0000        JMP 0
5C50  0000        JMP 0
5C51  0000        JMP 0
5C52  0000        JMP 0
5C53  0000        JMP 0
5C54  0000        JMP 0
5C55  0000        JMP 0
5C56  0000        JMP 0
5C57  0000        JMP 0
5C58  0000        JMP 0
5C59  0000        JMP 0
5C5A  0000        JMP 0
5C5B  0000        JMP 0
5C5C  0000        JMP 0
5C5D  0000        JMP 0
5C5E  0000        JMP 0
5C5F  0000        JMP 0
5C60  0000        JMP 0
5C61  0000        JMP 0
5C62  0000        JMP 0
5C63  0000        JMP 0
5C64  0000        JMP 0
5C65  0000        JMP 0
5C66  0000        JMP 0
5C67  0000        JMP 0
5C68  0000        JMP 0
5C69  0000        JMP 0
5C6A  0000        JMP 0
5C6B  0000        JMP 0
5C6C  0000        JMP 0
5C6D  0000        JMP 0
5C6E  0000        JMP 0
5C6F  0000        JMP 0
5C70  0000        JMP 0
5C71  0000        JMP 0
5C72  0000        JMP 0
5C73  0000        JMP 0
5C74  0000        JMP 0
5C75  0000        JMP 0
5C76  0000        JMP 0
5C77  0000        JMP 0
5C78  0000        JMP 0
5C79  0000        JMP 0
5C7A  0000        JMP 0
5C7B  0000        JMP 0
5C7C  0000        JMP 0
5C7D  0000        JMP 0
5C7E  0000        JMP 0
5C7F  0000        JMP 0
5C80  0000        JMP 0
5C81  0000        JMP 0
5C82  0000        JMP 0
5C83  0000        JMP 0
5C84  0000        JMP 0
5C85  0000        JMP 0
5C86  0000        JMP 0
5C87  0000        JMP 0
5C88  0000        JMP 0
5C89  0000        JMP 0
5C8A  0000        JMP 0
5C8B  0000        JMP 0
5C8C  0000        JMP 0
5C8D  0000        JMP 0
5C8E  0000        JMP 0
5C8F  0000        JMP 0
5C90  0000        JMP 0
5C91  0000        JMP 0
5C92  0000        JMP 0
5C93  0000        JMP 0
5C94  0000        JMP 0
5C95  0000        JMP 0
5C96  0000        JMP 0
5C97  0000        JMP 0
5C98  0000        JMP 0
5C99  0000        JMP 0
5C9A  0000        JMP 0
5C9B  0000        JMP 0
5C9C  0000        JMP 0
5C9D  0000        JMP 0
5C9E  0000        JMP 0
5C9F  0000        JMP 0
5CA0  0000        JMP 0
5CA1  0000        JMP 0
5CA2  0000        JMP 0
5CA3  0000        JMP 0
5CA4  0000        JMP 0
5CA5  0000        JMP 0
5CA6  0000        JMP 0
5CA7  0000        JMP 0
5CA8  0000        JMP 0
5CA9  0000        JMP 0
5CAA  0000        JMP 0
5CAB  0000        JMP 0
5CAC  0000        JMP 0
5CAD  0000        JMP 0
5CAE  0000        JMP 0
5CAF  0000        JMP 0
5CB0  0000        JMP 0
5CB1  0000        JMP 0
5CB2  0000        JMP 0
5CB3  0000        JMP 0
5CB4  0000        JMP 0
5CB5  0000        JMP 0
5CB6  0000        JMP 0
5CB7  0000        JMP 0
5CB8  0000        JMP 0
5CB9  0000        JMP 0
5CBA  0000        JMP 0
5CBB  0000        JMP 0
5CBC  0000        JMP 0
5CBD  0000        JMP 0
5CBE  0000        JMP 0
5CBF  0000        JMP 0
5CC0  0000        JMP 0
5CC1  0000        JMP 0
5CC2  0000        JMP 0
5CC3  0000        JMP 0
5CC4  0000        JMP 0
5CC5  0000        JMP 0
5CC6  0000        JMP 0
5CC7  0000        JMP 0
5CC8  0000        JMP 0
5CC9  0000        JMP 0
5CCA  0000        JMP 0
5CCB  0000        JMP 0
5CCC  0000        JMP 0
5CCD  0000        JMP 0
5CCE  0000        JMP 0
5CCF  0000        JMP 0
5CD0  0000        JMP 0
5CD1  0000        JMP 0
5CD2  0000        JMP 0
5CD3  0000        JMP 0
5CD4  0000        JMP 0
5CD5  0000        JMP 0
5CD6  0000        JMP 0
5CD7  0000        JMP 0
5CD8  0000        JMP 0
5CD9  0000        JMP 0
5CDA  0000        JMP 0
5CDB  0000        JMP 0
5CDC  0000        JMP 0
5CDD  0000        JMP 0
5CDE  0000        JMP 0
5CDF  0000        JMP 0
5CE0  0000        JMP 0
5CE1  0000        JMP 0
5CE2  0000        JMP 0
5CE3  0000        JMP 0
5CE4  0000        JMP 0
5CE5  0000        JMP 0
5CE6  0000        JMP 0
5CE7  0000        JMP 0
5CE8  0000        JMP 0
5CE9  0000        JMP 0
5CEA  0000        JMP 0
5CEB  0000        JMP 0
5CEC  0000        JMP 0
5CED  0000        JMP 0
5CEE  0000        JMP 0
5CEF  0000        JMP 0
5CF0  0000        JMP 0
5CF1  0000        JMP 0
5CF2  0000        JMP 0
5CF3  0000        JMP 0
5CF4  0000        JMP 0
5CF5  0000        JMP 0
5CF6  0000        JMP 0
5CF7  0000        JMP 0
5CF8  0000        JMP 0
5CF9  0000        JMP 0
5CFA  0000        JMP 0
5CFB  0000        JMP 0
5CFC  0000        JMP 0
5CFD  0000        JMP 0
5CFE  0000        JMP 0
5CFF  0000        JMP 0
5D00  0000        JMP 0
5D01  0000        JMP 0
5D02  0000        JMP 0
5D03  0000        JMP 0
5D04  0000        JMP 0
5D05  0000        JMP 0
5D06  0000        JMP 0
5D07  0000        JMP 0
5D08  0000        JMP 0
5D09  0000        JMP 0
5D0A  0000        JMP 0
5D0B  0000        JMP 0
5D0C  0000        JMP 0
5D0D  0000        JMP 0
5D0E  0000        JMP 0
5D0F  0000        JMP 0
5D10  0000        JMP 0
5D11  0000        JMP 0
5D12  0000        JMP 0
5D13  0000        JMP 0
5D14  0000        JMP 0
5D15  0000        JMP 0
5D16  0000        JMP 0
5D17  0000        JMP 0
5D18  0000        JMP 0
5D19  0000        JMP 0
5D1A  0000        JMP 0
5D1B  0000        JMP 0
5D1C  0000        JMP 0
5D1D  0000        JMP 0
5D1E  0000        JMP 0
5D1F  0000        JMP 0
5D20  0000        JMP 0
5D21  0000        JMP 0
5D22  0000        JMP 0
5D23  0000        JMP 0
5D24  0000        JMP 0
5D25  0000        JMP 0
5D26  0000        JMP 0
5D27  0000        JMP 0
5D28  0000        JMP 0
5D29  0000        JMP 0
5D2A  0000        JMP 0
5D2B  0000        JMP 0
5D2C  0000        JMP 0
5D2D  0000        JMP 0
5D2E  0000        JMP 0
5D2F  0000        JMP 0
5D30  0000        JMP 0
5D31  0000        JMP 0
5D32  0000        JMP 0
5D33  0000        JMP 0
5D34  0000        JMP 0
5D35  0000        JMP 0
5D36  0000        JMP 0
5D37  0000        JMP 0
5D38  0000        JMP 0
5D39  0000        JMP 0
5D3A  0000        JMP 0
5D3B  0000        JMP 0
5D3C  0000        JMP 0
5D3D  0000        JMP 0
5D3E  0000        JMP 0
5D3F  0000        JMP 0
5D40  0000        JMP 0
5D41  0000        JMP 0
5D42  0000        JMP 0
5D43  0000        JMP 0
5D44  0000        JMP 0
5D45  0000        JMP 0
5D46  0000        JMP 0
5D47  0000        JMP 0
5D48  0000        JMP 0
5D49  0000        JMP 0
5D4A  0000        JMP 0
5D4B  0000        JMP 0
5D4C  0000        JMP 0
5D4D  0000        JMP 0
5D4E  0000        JMP 0
5D4F  0000        JMP 0
5D50  0000        JMP 0
5D51  0000        JMP 0
5D52  0000        JMP 0
5D53  0000        JMP 0
5D54  0000        JMP 0
5D55  0000        JMP 0
5D56  0000        JMP 0
5D57  0000        JMP 0
5D58  0000        JMP 0
5D59  0000        JMP 0
5D5A  0000        JMP 0
5D5B  0000        JMP 0
5D5C  0000        JMP 0
5D5D  0000        JMP 0
5D5E  0000        JMP 0
5D5F  0000        JMP 0
5D60  0000        JMP 0
5D61  0000        JMP 0
5D62  0000        JMP 0
5D63  0000        JMP 0
5D64  0000        JMP 0
5D65  0000        JMP 0
5D66  0000        JMP 0
5D67  0000        JMP 0
5D68  0000        JMP 0
5D69  0000        JMP 0
5D6A  0000        JMP 0
5D6B  0000        JMP 0
5D6C  0000        JMP 0
5D6D  0000        JMP 0
5D6E  0000        JMP 0
5D6F  0000        JMP 0
5D70  0000        JMP 0
5D71  0000        JMP 0
5D72  0000        JMP 0
5D73  0000        JMP 0
5D74  0000        JMP 0
5D75  0000        JMP 0
5D76  0000        JMP 0
5D77  0000        JMP 0
5D78  0000        JMP 0
5D79  0000        JMP 0
5D7A  0000        JMP 0
5D7B  0000        JMP 0
5D7C  0000        JMP 0
5D7D  0000        JMP 0
5D7E  0000        JMP 0
5D7F  0000        JMP 0
5D80  0000        JMP 0
5D81  0000        JMP 0
5D82  0000        JMP 0
5D83  0000        JMP 0
5D84  0000        JMP 0
5D85  0000        JMP 0
5D86  0000        JMP 0
5D87  0000        JMP 0
5D88  0000        JMP 0
5D89  0000        JMP 0
5D8A  0000        JMP 0
5D8B  0000        JMP 0
5D8C  0000        JMP 0
5D8D  0000        JMP 0
5D8E  0000        JMP 0
5D8F  0000        JMP 0
5D90  0000        JMP 0
5D91  0000        JMP 0
5D92  0000        JMP 0
5D93  0000        JMP 0
5D94  0000        JMP 0
5D95  0000        JMP 0
5D96  0000        JMP 0
5D97  0000        JMP 0
5D98  0000        JMP 0
5D99  0000        JMP 0
5D9A  0000        JMP 0
5D9B  0000        JMP 0
5D9C  0000        JMP 0
5D9D  0000        JMP 0
5D9E  0000        JMP 0
5D9F  0000        JMP 0
5DA0  0000        JMP 0
5DA1  0000        JMP 0
5DA2  0000        JMP 0
5DA3  0000        JMP 0
5DA4  0000        JMP 0
5DA5  0000        JMP 0
5DA6  0000        JMP 0
5DA7  0000        JMP 0
5DA8  0000        JMP 0
5DA9  0000        JMP 0
5DAA  0000        JMP 0
5DAB  0000        JMP 0
5DAC  0000        JMP 0
5DAD  0000        JMP 0
5DAE  0000        JMP 0
5DAF  0000        JMP 0
5DB0  0000        JMP 0
5DB1  0000        JMP 0
5DB2  0000        JMP 0
5DB3  0000        JMP 0
5DB4  0000        JMP 0
5DB5  0000        JMP 0
5DB6  0000        JMP 0
5DB7  0000        JMP 0
5DB8  0000        JMP 0
5DB9  0000        JMP 0
5DBA  0000        JMP 0
5DBB  0000        JMP 0
5DBC  0000        JMP 0
5DBD  0000        JMP 0
5DBE  0000        JMP 0
5DBF  0000        JMP 0
5DC0  0000        JMP 0
5DC1  0000        JMP 0
5DC2  0000        JMP 0
5DC3  0000        JMP 0
5DC4  0000        JMP 0
5DC5  0000        JMP 0
5DC6  0000        JMP 0
5DC7  0000        JMP 0
5DC8  0000        JMP 0
5DC9  0000        JMP 0
5DCA  0000        JMP 0
5DCB  0000        JMP 0
5DCC  0000        JMP 0
5DCD  0000        JMP 0
5DCE  0000        JMP 0
5DCF  0000        JMP 0
5DD0  0000        JMP 0
5DD1  0000        JMP 0
5DD2  0000        JMP 0
5DD3  0000        JMP 0
5DD4  0000        JMP 0
5DD5  0000        JMP 0
5DD6  0000        JMP 0
5DD7  0000        JMP 0
5DD8  0000        JMP 0
5DD9  0000        JMP 0
5DDA  0000        JMP 0
5DDB  0000        JMP 0
5DDC  0000        JMP 0
5DDD  0000        JMP 0
5DDE  0000        JMP 0
5DDF  0000        JMP 0
5DE0  0000        JMP 0
5DE1  0000        JMP 0
5DE2  0000        JMP 0
5DE3  0000        JMP 0
5DE4  0000        JMP 0
5DE5  0000        JMP 0
5DE6  0000        JMP 0
5DE7  0000        JMP 0
5DE8  0000        JMP 0
5DE9  0000        JMP 0
5DEA  0000        JMP 0
5DEB  0000        JMP 0
5DEC  0000        JMP 0
5DED  0000        JMP 0
5DEE  0000        JMP 0
5DEF  0000        JMP 0
5DF0  0000        JMP 0
5DF1  0000        JMP 0
5DF2  0000        JMP 0
5DF3  0000        JMP 0
5DF4  0000        JMP 0
5DF5  0000        JMP 0
5DF6  0000        JMP 0
5DF7  0000        JMP 0
5DF8  0000        JMP 0
5DF9  0000        JMP 0
5DFA  0000        JMP 0
5DFB  0000        JMP 0
5DFC  0000        JMP 0
5DFD  0000        JMP 0
5DFE  0000        JMP 0
5DFF  0000        JMP 0
5E00  0000        JMP 0
5E01  0000        JMP 0
5E02  0000        JMP 0
5E03  0000        JMP 0
5E04  0000        JMP 0
5E05  0000        JMP 0
5E06  0000        JMP 0
5E07  0000        JMP 0
5E08  0000        JMP 0
5E09  0000        JMP 0
5E0A  0000        JMP 0
5E0B  0000        JMP 0
5E0C  0000        JMP 0
5E0D  0000        JMP 0
5E0E  0000        JMP 0
5E0F  0000        JMP 0
5E10  0000        JMP 0
5E11  0000        JMP 0
5E12  0000        JMP 0
5E13  0000        JMP 0
5E14  0000        JMP 0
5E15  0000        JMP 0
5E16  0000        JMP 0
5E17  0000        JMP 0
5E18  0000        JMP 0
5E19  0000        JMP 0
5E1A  0000        JMP 0
5E1B  0000        JMP 0
5E1C  0000        JMP 0
5E1D  0000        JMP 0
5E1E  0000        JMP 0
5E1F  0000        JMP 0
5E20  0000        JMP 0
5E21  0000        JMP 0
5E22  0000        JMP 0
5E23  0000        JMP 0
5E24  0000        JMP 0
5E25  0000        JMP 0
5E26  0000        JMP 0
5E27  0000        JMP 0
5E28  0000        JMP 0
5E29  0000        JMP 0
5E2A  0000        JMP 0
5E2B  0000        JMP 0
5E2C  0000        JMP 0
5E2D  0000        JMP 0
5E2E  0000        JMP 0
5E2F  0000        JMP 0
5E30  0000        JMP 0
5E31  0000        JMP 0
5E32  0000        JMP 0
5E33  0000        JMP 0
5E34  0000        JMP 0
5E35  0000        JMP 0
5E36  0000        JMP 0
5E37  0000        JMP 0
5E38  0000        JMP 0
5E39  0000        JMP 0
5E3A  0000        JMP 0
5E3B  0000        JMP 0
5E3C  0000        JMP 0
5E3D  0000        JMP 0
5E3E  0000        JMP 0
5E3F  0000        JMP 0
5E40  0000        JMP 0
5E41  0000        JMP 0
5E42  0000        JMP 0
5E43  0000        JMP 0
5E44  0000        JMP 0
5E45  0000        JMP 0
5E46  0000        JMP 0
5E47  0000        JMP 0
5E48  0000        JMP 0
5E49  0000        JMP 0
5E4A  0000        JMP 0
5E4B  0000        JMP 0
5E4C  0000        JMP 0
5E4D  0000        JMP 0
5E4E  0000        JMP 0
5E4F  0000        JMP 0
5E50  0000        JMP 0
5E51  0000        JMP 0
5E52  0000        JMP 0
5E53  0000        JMP 0
5E54  0000        JMP 0
5E55  0000        JMP 0
5E56  0000        JMP 0
5E57  0000        JMP 0
5E58  0000        JMP 0
5E59  0000        JMP 0
5E5A  0000        JMP 0
5E5B  0000        JMP 0
5E5C  0000        JMP 0
5E5D  0000        JMP 0
5E5E  0000        JMP 0
5E5F  0000        JMP 0
5E60  0000        JMP 0
5E61  0000        JMP 0
5E62  0000        JMP 0
5E63  0000        JMP 0
5E64  0000        JMP 0
5E65  0000        JMP 0
5E66  0000        JMP 0
5E67  0000        JMP 0
5E68  0000        JMP 0
5E69  0000        JMP 0
5E6A  0000        JMP 0
5E6B  0000        JMP 0
5E6C  0000        JMP 0
5E6D  0000        JMP 0
5E6E  0000        JMP 0
5E6F  0000        JMP 0
5E70  0000        JMP 0
5E71  0000        JMP 0
5E72  0000        JMP 0
5E73  0000        JMP 0
5E74  0000        JMP 0
5E75  0000        JMP 0
5E76  0000        JMP 0
5E77  0000        JMP 0
5E78  0000        JMP 0
5E79  0000        JMP 0
5E7A  0000        JMP 0
5E7B  0000        JMP 0
5E7C  0000        JMP 0
5E7D  0000        JMP 0
5E7E  0000        JMP 0
5E7F  0000        JMP 0
5E80  0000        JMP 0
5E81  0000        JMP 0
5E82  0000        JMP 0
5E83  0000        JMP 0
5E84  0000        JMP 0
5E85  0000        JMP 0
5E86  0000        JMP 0
5E87  0000        JMP 0
5E88  0000        JMP 0
5E89  0000        JMP 0
5E8A  0000        JMP 0
5E8B  0000        JMP 0
5E8C  0000        JMP 0
5E8D  0000        JMP 0
5E8E  0000        JMP 0
5E8F  0000        JMP 0
5E90  0000        JMP 0
5E91  0000        JMP 0
5E92  0000        JMP 0
5E93  0000        JMP 0
5E94  0000        JMP 0
5E95  0000        JMP 0
5E96  0000        JMP 0
5E97  0000        JMP 0
5E98  0000        JMP 0
5E99  0000        JMP 0
5E9A  0000        JMP 0
5E9B  0000        JMP 0
5E9C  0000        JMP 0
5E9D  0000        JMP 0
5E9E  0000        JMP 0
5E9F  0000        JMP 0
5EA0  0000        JMP 0
5EA1  0000        JMP 0
5EA2  0000        JMP 0
5EA3  0000        JMP 0
5EA4  0000        JMP 0
5EA5  0000        JMP 0
5EA6  0000        JMP 0
5EA7  0000        JMP 0
5EA8  0000        JMP 0
5EA9  0000        JMP 0
5EAA  0000        JMP 0
5EAB  0000        JMP 0
5EAC  0000        JMP 0
5EAD  0000        JMP 0
5EAE  0000        JMP 0
5EAF  0000        JMP 0
5EB0  0000        JMP 0
5EB1  0000        JMP 0
5EB2  0000        JMP 0
5EB3  0000        JMP 0
5EB4  0000        JMP 0
5EB5  0000        JMP 0
5EB6  0000        JMP 0
5EB7  0000        JMP 0
5EB8  0000        JMP 0
5EB9  0000        JMP 0
5EBA  0000        JMP 0
5EBB  0000        JMP 0
5EBC  0000        JMP 0
5EBD  0000        JMP 0
5EBE  0000        JMP 0
5EBF  0000        JMP 0
5EC0  0000        JMP 0
5EC1  0000        JMP 0
5EC2  0000        JMP 0
5EC3  0000        JMP 0
5EC4  0000        JMP 0
5EC5  0000        JMP 0
5EC6  0000        JMP 0
5EC7  0000        JMP 0
5EC8  0000        JMP 0
5EC9  0000        JMP 0
5ECA  0000        JMP 0
5ECB  0000        JMP 0
5ECC  0000        JMP 0
5ECD  0000        JMP 0
5ECE  0000        JMP 0
5ECF  0000        JMP 0
5ED0  0000        JMP 0
5ED1  0000        JMP 0
5ED2  0000        JMP 0
5ED3  0000        JMP 0
5ED4  0000        JMP 0
5ED5  0000        JMP 0
5ED6  0000        JMP 0
5ED7  0000        JMP 0
5ED8  0000        JMP 0
5ED9  0000        JMP 0
5EDA  0000        JMP 0
5EDB  0000        JMP 0
5EDC  0000        JMP 0
5EDD  0000        JMP 0
5EDE  0000        JMP 0
5EDF  0000        JMP 0
5EE0  0000        JMP 0
5EE1  0000        JMP 0
5EE2  0000        JMP 0
5EE3  0000        JMP 0
5EE4  0000        JMP 0
5EE5  0000        JMP 0
5EE6  0000        JMP 0
5EE7  0000        JMP 0
5EE8  0000        JMP 0
5EE9  0000        JMP 0
5EEA  0000        JMP 0
5EEB  0000        JMP 0
5EEC  0000        JMP 0
5EED  0000        JMP 0
5EEE  0000        JMP 0
5EEF  0000        JMP 0
5EF0  0000        JMP 0
5EF1  0000        JMP 0
5EF2  0000        JMP 0
5EF3  0000        JMP 0
5EF4  0000        JMP 0
5EF5  0000        JMP 0
5EF6  0000        JMP 0
5EF7  0000        JMP 0
5EF8  0000        JMP 0
5EF9  0000        JMP 0
5EFA  0000        JMP 0
5EFB  0000        JMP 0
5EFC  0000        JMP 0
5EFD  0000        JMP 0
5EFE  0000        JMP 0
5EFF  0000        JMP 0
5F00  0000        JMP 0
5F01  0000        JMP 0
5F02  0000        JMP 0
5F03  0000        JMP 0
5F04  0000        JMP 0
5F05  0000        JMP 0
5F06  0000        JMP 0
5F07  0000        JMP 0
5F08  0000        JMP 0
5F09  0000        JMP 0
5F0A  0000        JMP 0
5F0B  0000        JMP 0
5F0C  0000        JMP 0
5F0D  0000        JMP 0
5F0E  0000        JMP 0
5F0F  0000        JMP 0
5F10  0000        JMP 0
5F11  0000        JMP 0
5F12  0000        JMP 0
5F13  0000        JMP 0
5F14  0000        JMP 0
5F15  0000        JMP 0
5F16  0000        JMP 0
5F17  0000        JMP 0
5F18  0000        JMP 0
5F19  0000        JMP 0
5F1A  0000        JMP 0
5F1B  0000        JMP 0
5F1C  0000        JMP 0
5F1D  0000        JMP 0
5F1E  0000        JMP 0
5F1F  0000        JMP 0
5F20  0000        JMP 0
5F21  0000        JMP 0
5F22  0000        JMP 0
5F23  0000        JMP 0
5F24  0000        JMP 0
5F25  0000        JMP 0
5F26  0000        JMP 0
5F27  0000        JMP 0
5F28  0000        JMP 0
5F29  0000        JMP 0
5F2A  0000        JMP 0
5F2B  0000        JMP 0
5F2C  0000        JMP 0
5F2D  0000        JMP 0
5F2E  0000        JMP 0
5F2F  0000        JMP 0
5F30  0000        JMP 0
5F31  0000        JMP 0
5F32  0000        JMP 0
5F33  0000        JMP 0
5F34  0000        JMP 0
5F35  0000        JMP 0
5F36  0000        JMP 0
5F37  0000        JMP 0
5F38  0000        JMP 0
5F39  0000        JMP 0
5F3A  0000        JMP 0
5F3B  0000        JMP 0
5F3C  0000        JMP 0
5F3D  0000        JMP 0
5F3E  0000        JMP 0
5F3F  0000        JMP 0
5F40  0000        JMP 0
5F41  0000        JMP 0
5F42  0000        JMP 0
5F43  0000        JMP 0
5F44  0000        JMP 0
5F45  0000        JMP 0
5F46  0000        JMP 0
5F47  0000        JMP 0
5F48  0000        JMP 0
5F49  0000        JMP 0
5F4A  0000        JMP 0
5F4B  0000        JMP 0
5F4C  0000        JMP 0
5F4D  0000        JMP 0
5F4E  0000        JMP 0
5F4F  0000        JMP 0
5F50  0000        JMP 0
5F51  0000        JMP 0
5F52  0000        JMP 0
5F53  0000        JMP 0
5F54  0000        JMP 0
5F55  0000        JMP 0
5F56  0000        JMP 0
5F57  0000        JMP 0
5F58  0000        JMP 0
5F59  0000        JMP 0
5F5A  0000        JMP 0
5F5B  0000        JMP 0
5F5C  0000        JMP 0
5F5D  0000        JMP 0
5F5E  0000        JMP 0
5F5F  0000        JMP 0
5F60  0000        JMP 0
5F61  0000        JMP 0
5F62  0000        JMP 0
5F63  0000        JMP 0
5F64  0000        JMP 0
5F65  0000        JMP 0
5F66  0000        JMP 0
5F67  0000        JMP 0
5F68  0000        JMP 0
5F69  0000        JMP 0
5F6A  0000        JMP 0
5F6B  0000        JMP 0
5F6C  0000        JMP 0
5F6D  0000        JMP 0
5F6E  0000        JMP 0
5F6F  0000        JMP 0
5F70  0000        JMP 0
5F71  0000        JMP 0
5F72  0000        JMP 0
5F73  0000        JMP 0
5F74  0000        JMP 0
5F75  0000        JMP 0
5F76  0000        JMP 0
5F77  0000        JMP 0
5F78  0000        JMP 0
5F79  0000        JMP 0
5F7A  0000        JMP 0
5F7B  0000        JMP 0
5F7C  0000        JMP 0
5F7D  0000        JMP 0
5F7E  0000        JMP 0
5F7F  0000        JMP 0
5F80  0000        JMP 0
5F81  0000        JMP 0
5F82  0000        JMP 0
5F83  0000        JMP 0
5F84  0000        JMP 0
5F85  0000        JMP 0
5F86  0000        JMP 0
5F87  0000        JMP 0
5F88  0000        JMP 0
5F89  0000        JMP 0
5F8A  0000        JMP 0
5F8B  0000        JMP 0
5F8C  0000        JMP 0
5F8D  0000        JMP 0
5F8E  0000        JMP 0
5F8F  0000        JMP 0
5F90  0000        JMP 0
5F91  0000        JMP 0
5F92  0000        JMP 0
5F93  0000        JMP 0
5F94  0000        JMP 0
5F95  0000        JMP 0
5F96  0000        JMP 0
5F97  0000        JMP 0
5F98  0000        JMP 0
5F99  0000        JMP 0
5F9A  0000        JMP 0
5F9B  0000        JMP 0
5F9C  0000        JMP 0
5F9D  0000        JMP 0
5F9E  0000        JMP 0
5F9F  0000        JMP 0
5FA0  0000        JMP 0
5FA1  0000        JMP 0
5FA2  0000        JMP 0
5FA3  0000        JMP 0
5FA4  0000        JMP 0
5FA5  0000        JMP 0
5FA6  0000        JMP 0
5FA7  0000        JMP 0
5FA8  0000        JMP 0
5FA9  0000        JMP 0
5FAA  0000        JMP 0
5FAB  0000        JMP 0
5FAC  0000        JMP 0
5FAD  0000        JMP 0
5FAE  0000        JMP 0
5FAF  0000        JMP 0
5FB0  0000        JMP 0
5FB1  0000        JMP 0
5FB2  0000        JMP 0
5FB3  0000        JMP 0
5FB4  0000        JMP 0
5FB5  0000        JMP 0
5FB6  0000        JMP 0
5FB7  0000        JMP 0
5FB8  0000        JMP 0
5FB9  0000        JMP 0
5FBA  0000        JMP 0
5FBB  0000        JMP 0
5FBC  0000        JMP 0
5FBD  0000        JMP 0
5FBE  0000        JMP 0
5FBF  0000        JMP 0
5FC0  0000        JMP 0
5FC1  0000        JMP 0
5FC2  0000        JMP 0
5FC3  0000        JMP 0
5FC4  0000        JMP 0
5FC5  0000        JMP 0
5FC6  0000        JMP 0
5FC7  0000        JMP 0
5FC8  0000        JMP 0
5FC9  0000        JMP 0
5FCA  0000        JMP 0
5FCB  0000        JMP 0
5FCC  0000        JMP 0
5FCD  0000        JMP 0
5FCE  0000        JMP 0
5FCF  0000        JMP 0
5FD0  0000        JMP 0
5FD1  0000        JMP 0
5FD2  0000        JMP 0
5FD3  0000        JMP 0
5FD4  0000        JMP 0
5FD5  0000        JMP 0
5FD6  0000        JMP 0
5FD7  0000        JMP 0
5FD8  0000        JMP 0
5FD9  0000        JMP 0
5FDA  0000        JMP 0
5FDB  0000        JMP 0
5FDC  0000        JMP 0
5FDD  0000        JMP 0
5FDE  0000        JMP 0
5FDF  0000        JMP 0
5FE0  0000        JMP 0
5FE1  0000        JMP 0
5FE2  0000        JMP 0
5FE3  0000        JMP 0
5FE4  0000        JMP 0
5FE5  0000        JMP 0
5FE6  0000        JMP 0
5FE7  0000        JMP 0
5FE8  0000        JMP 0
5FE9  0000        JMP 0
5FEA  0000        JMP 0
5FEB  0000        JMP 0
5FEC  0000        JMP 0
5FED  0000        JMP 0
5FEE  0000        JMP 0
5FEF  0000        JMP 0
5FF0  0000        JMP 0
5FF1  0000        JMP 0
5FF2  0000        JMP 0
5FF3  0000        JMP 0
5FF4  0000        JMP 0
5FF5  0000        JMP 0
5FF6  0000        JMP 0
5FF7  0000        JMP 0
5FF8  0000        JMP 0
5FF9  0000        JMP 0
5FFA  0000        JMP 0
5FFB  0000        JMP 0
5FFC  0000        JMP 0
5FFD  0000        JMP 0
5FFE  0000        JMP 0
5FFF  0000        JMP 0
6000  E7C8 000B   SAVE 11             ; frame
6002  0C42        JSR @66
6003  0001        JMP 1
6004  4309        STA 0,9,3
6005  B438 01B1   ELDA 2,01B1   ; = 433
6007  2AFD        LDA 1,-3,2
6008  B500        SUB 1,2
6009  530A        STA 2,10,3
600A  0101        JMP 1,PC   ; -> 600B
600B  2709        LDA 0,@9,3
600C  F438 46C4   ELEF 2,46C4   ; [46C4] = 12316
600E  0C5A        JSR @90
600F  D00C        COM# 2,2,SZR
6010  0A00        JSR 0,2
6011  3020        LDA 2,32
6012  E438 468B   ELEF 0,468B   ; -> "CMD8" (len 4)
6014  EC38 468A   ELEF 1,468A   ; [468A] = 34
6016  8E48        PSH 0,1
6017  0C0C 5DBE   JSR @12            ; overlay call, arg 5DBE
6019  5020        STA 2,32
601A  8538 00F7   EJMP 00F7,PC   ; -> 6112
601C  3020        LDA 2,32
601D  E438 4693   ELEF 0,4693   ; [4693] = 1
601F  EC38 4692   ELEF 1,4692   ; [4692] = 0
6021  8E48        PSH 0,1
6022  E438 4691   ELEF 0,4691   ; [4691] = 2
6024  3821        LDA 3,33
6025  6B0B        IO   6B0B
6026  8E48        PSH 0,1
6027  0C0C 5674   JSR @12            ; overlay call, arg 5674
6029  5020        STA 2,32
602A  230B        LDA 0,11,3
602B  4304        STA 0,4,3
602C  862E        ADDO# 0,0,SEZ
602D  0103        JMP 3,PC   ; -> 6030
602E  8538 00E2   EJMP 00E2,PC   ; -> 6111
6030  6304        IO   6304
6031  6B0B        IO   6B0B
6032  8E48        PSH 0,1
6033  0C0C 540B   JSR @12            ; overlay call, arg 540B
6035  5020        STA 2,32
6036  230B        LDA 0,11,3
6037  820D        MOV# 0,0,SNR
6038  0109        JMP 9,PC   ; -> 6041
6039  EC38 4694   ELEF 1,4694   ; [4694] = 6
603B  AE48        PSH 1,1
603C  0C0C 5D26   JSR @12            ; overlay call, arg 5D26
603E  5020        STA 2,32
603F  8538 00D1   EJMP 00D1,PC   ; -> 6111
6041  A438 01DB   ELDA 0,01DB   ; = 475
6043  8300        INC 0,0
6044  330A        LDA 2,10,3
6045  9600        ADD 0,2
6046  EC38 0A8F   ELEF 1,0A8F   ; [0A8F] = 0
6048  530B        STA 2,11,3
6049  2200        LDA 0,0,2
604A  A50D        SUB# 1,0,SNR
604B  010A        JMP 10,PC   ; -> 6055
604C  3020        LDA 2,32
604D  E438 4696   ELEF 0,4696   ; [4696] = 54
604F  8648        PSH 0,0
6050  0C0C 5D26   JSR @12            ; overlay call, arg 5D26
6052  5020        STA 2,32
6053  8538 00BD   EJMP 00BD,PC   ; -> 6111
6055  A438 01DB   ELDA 0,01DB   ; = 475
6057  A008        ADI 1,0
6058  4305        STA 0,5,3
6059  3020        LDA 2,32
605A  E438 4692   ELEF 0,4692   ; [4692] = 0
605C  8A00        MOV 0,1
605D  8E48        PSH 0,1
605E  6305        IO   6305
605F  6B0B        IO   6B0B
6060  8E48        PSH 0,1
6061  0C0C 5674   JSR @12            ; overlay call, arg 5674
6063  5020        STA 2,32
6064  230B        LDA 0,11,3
6065  4306        STA 0,6,3
6066  AC00        ADC 1,1
6067  A208        SGT 1,0
6068  010F        JMP 15,PC   ; -> 6077
6069  E438 4693   ELEF 0,4693   ; [4693] = 1
606B  EC38 4692   ELEF 1,4692   ; [4692] = 0
606D  8E48        PSH 0,1
606E  6305        IO   6305
606F  6B0B        IO   6B0B
6070  8E48        PSH 0,1
6071  0C0C 5674   JSR @12            ; overlay call, arg 5674
6073  5020        STA 2,32
6074  230B        LDA 0,11,3
6075  4306        STA 0,6,3
6076  010F        JMP 15,PC   ; -> 6085
6077  3020        LDA 2,32
6078  E438 4693   ELEF 0,4693   ; [4693] = 1
607A  EC38 01D5   ELEF 1,01D5   ; = 469
607C  8E48        PSH 0,1
607D  6305        IO   6305
607E  6B0B        IO   6B0B
607F  8E48        PSH 0,1
6080  0C0C 5674   JSR @12            ; overlay call, arg 5674
6082  5020        STA 2,32
6083  230B        LDA 0,11,3
6084  4306        STA 0,6,3
6085  2306        LDA 0,6,3
6086  862E        ADDO# 0,0,SEZ
6087  0103        JMP 3,PC   ; -> 608A
6088  8538 0088   EJMP 0088,PC   ; -> 6111
608A  3020        LDA 2,32
608B  6306        IO   6306
608C  6B0B        IO   6B0B
608D  8E48        PSH 0,1
608E  0C0C 540B   JSR @12            ; overlay call, arg 540B
6090  5020        STA 2,32
6091  230B        LDA 0,11,3
6092  4305        STA 0,5,3
6093  820D        MOV# 0,0,SNR
6094  AD01        SUB 1,1,SKP
6095  AD50        SUBZL 1,1
6096  4B0B        STA 1,11,3
6097  AC38 01D5   ELDA 1,01D5   ; = 469
6099  A50D        SUB# 1,0,SNR
609A  D501        SUB 2,2,SKP
609B  D550        SUBZL 2,2
609C  230B        LDA 0,11,3
609D  9700        AND 0,2
609E  D20D        MOV# 2,2,SNR
609F  010C        JMP 12,PC   ; -> 60AB
60A0  3020        LDA 2,32
60A1  E438 021D   ELEF 0,021D   ; = 541
60A3  EC38 4691   ELEF 1,4691   ; [4691] = 2
60A5  8E48        PSH 0,1
60A6  0C0C 5DBE   JSR @12            ; overlay call, arg 5DBE
60A8  5020        STA 2,32
60A9  8538 0067   EJMP 0067,PC   ; -> 6111
60AB  2304        LDA 0,4,3
60AC  2B06        LDA 1,6,3
60AD  8D0C        SUB# 0,1,SZR
60AE  010A        JMP 10,PC   ; -> 60B8
60AF  3020        LDA 2,32
60B0  E438 4698   ELEF 0,4698   ; [4698] = 133
60B2  8648        PSH 0,0
60B3  0C0C 5D26   JSR @12            ; overlay call, arg 5D26
60B5  5020        STA 2,32
60B6  8538 005A   EJMP 005A,PC   ; -> 6111
60B8  2306        LDA 0,6,3
60B9  684E        IO   684E
60BA  8A48        SGE 0,1
60BB  D501        SUB 2,2,SKP
60BC  D550        SUBZL 2,2
60BD  6850        IO   6850
60BE  530B        STA 2,11,3
60BF  A248        SGE 1,0
60C0  D501        SUB 2,2,SKP
60C1  D550        SUBZL 2,2
60C2  230B        LDA 0,11,3
60C3  9700        AND 0,2
60C4  D20D        MOV# 2,2,SNR
60C5  0106        JMP 6,PC   ; -> 60CB
60C6  3020        LDA 2,32
60C7  EA00        MOV 3,1
60C8  8D38 004A   EJSR 004A,PC   ; -> 6113
60CA  0147        JMP 71,PC   ; -> 6111
60CB  2306        LDA 0,6,3
60CC  68C1        IO   68C1
60CD  8D0C        SUB# 0,1,SZR
60CE  0106        JMP 6,PC   ; -> 60D4
60CF  3020        LDA 2,32
60D0  EA00        MOV 3,1
60D1  8D38 0125   EJSR 0125,PC   ; -> 61F7
60D3  013E        JMP 62,PC   ; -> 6111
60D4  2306        LDA 0,6,3
60D5  6851        IO   6851
60D6  8D0C        SUB# 0,1,SZR
60D7  0106        JMP 6,PC   ; -> 60DD
60D8  3020        LDA 2,32
60D9  EA00        MOV 3,1
60DA  8D38 00D3   EJSR 00D3,PC   ; -> 61AE
60DC  0135        JMP 53,PC   ; -> 6111
60DD  2306        LDA 0,6,3
60DE  688F        IO   688F
60DF  8D0C        SUB# 0,1,SZR
60E0  0106        JMP 6,PC   ; -> 60E6
60E1  3020        LDA 2,32
60E2  EA00        MOV 3,1
60E3  8D38 019E   EJSR 019E,PC   ; -> 6282
60E5  012C        JMP 44,PC   ; -> 6111
60E6  2306        LDA 0,6,3
60E7  68B7        IO   68B7
60E8  8D0C        SUB# 0,1,SZR
60E9  0106        JMP 6,PC   ; -> 60EF
60EA  3020        LDA 2,32
60EB  EA00        MOV 3,1
60EC  8D38 031C   EJSR 031C,PC   ; -> 6409
60EE  0123        JMP 35,PC   ; -> 6111
60EF  2306        LDA 0,6,3
60F0  689F        IO   689F
60F1  8D0C        SUB# 0,1,SZR
60F2  0106        JMP 6,PC   ; -> 60F8
60F3  3020        LDA 2,32
60F4  EA00        MOV 3,1
60F5  8D38 022A   EJSR 022A,PC   ; -> 6320
60F7  011A        JMP 26,PC   ; -> 6111
60F8  2306        LDA 0,6,3
60F9  6897        IO   6897
60FA  8D0C        SUB# 0,1,SZR
60FB  0106        JMP 6,PC   ; -> 6101
60FC  3020        LDA 2,32
60FD  EA00        MOV 3,1
60FE  8D38 01EC   EJSR 01EC,PC   ; -> 62EB
6100  0111        JMP 17,PC   ; -> 6111
6101  2306        LDA 0,6,3
6102  68A2        IO   68A2
6103  8D0C        SUB# 0,1,SZR
6104  0106        JMP 6,PC   ; -> 610A
6105  3020        LDA 2,32
6106  EA00        MOV 3,1
6107  8D38 03E0   EJSR 03E0,PC   ; -> 64E8
6109  0108        JMP 8,PC   ; -> 6111
610A  3020        LDA 2,32
610B  6306        IO   6306
610C  6B04        IO   6B04
610D  8E48        PSH 0,1
610E  0C0C 0167   JSR @12            ; overlay call, arg 0167
6110  5020        STA 2,32
6111  0101        JMP 1,PC   ; -> 6112
6112  AFC8        RTN
6113  E7C8 0004   SAVE 4             ; frame
6115  33FD        LDA 2,-3,3
6116  2206        LDA 0,6,2
6117  684E        IO   684E
6118  8A48        SGE 0,1
6119  D501        SUB 2,2,SKP
611A  D550        SUBZL 2,2
611B  6850        IO   6850
611C  5303        STA 2,3,3
611D  A248        SGE 1,0
611E  D501        SUB 2,2,SKP
611F  D550        SUBZL 2,2
6120  2303        LDA 0,3,3
6121  9700        AND 0,2
6122  D20C        MOV# 2,2,SZR
6123  0103        JMP 3,PC   ; -> 6126
6124  8538 0088   EJMP 0088,PC   ; -> 61AD
6126  3BFD        LDA 3,-3,3
6127  2304        LDA 0,4,3
6128  6832        IO   6832
6129  8A48        SGE 0,1
612A  D501        SUB 2,2,SKP
612B  D550        SUBZL 2,2
612C  6834        IO   6834
612D  3821        LDA 3,33
612E  5304        STA 2,4,3
612F  A248        SGE 1,0
6130  D501        SUB 2,2,SKP
6131  D550        SUBZL 2,2
6132  2304        LDA 0,4,3
6133  9700        AND 0,2
6134  D20C        MOV# 2,2,SZR
6135  0103        JMP 3,PC   ; -> 6138
6136  8538 006F   EJMP 006F,PC   ; -> 61A6
6138  3BFD        LDA 3,-3,3
6139  2304        LDA 0,4,3
613A  E7F8 FFCE   ADDI FFCE,0
613C  4307        STA 0,7,3
613D  2306        LDA 0,6,3
613E  E7F8 FFB2   ADDI FFB2,0
6140  4308        STA 0,8,3
6141  2B07        LDA 1,7,3
6142  3821        LDA 3,33
6143  A50C        SUB# 1,0,SZR
6144  013A        JMP 58,PC   ; -> 617E
6145  3020        LDA 2,32
6146  E438 46A4   ELEF 0,46A4   ; [46A4] = 158
6148  8648        PSH 0,0
6149  0C0C 5D26   JSR @12            ; overlay call, arg 5D26
614B  5020        STA 2,32
614C  E438 4697   ELEF 0,4697   ; [4697] = 65535
614E  8648        PSH 0,0
614F  3BFD        LDA 3,-3,3
6150  6304        IO   6304
6151  3821        LDA 3,33
6152  6B04        IO   6B04
6153  8E48        PSH 0,1
6154  0C0C 6470   JSR @12            ; overlay call, arg 6470
6156  5020        STA 2,32
6157  2304        LDA 0,4,3
6158  3BFD        LDA 3,-3,3
6159  2B07        LDA 1,7,3
615A  AB00        INC 1,1
615B  4303        STA 0,3,3
615C  A438 01F4   ELDA 0,01F4   ; = 500
615E  7005        IO   7005
615F  CFC8        MULS
6160  CC38 01F4   ESTA 1,01F4   ; = 500
6162  601E        IO   601E
6163  3821        LDA 3,33
6164  A50C        SUB# 1,0,SZR
6165  0119        JMP 25,PC   ; -> 617E
6166  3020        LDA 2,32
6167  E438 46A7   ELEF 0,46A7   ; [46A7] = 112
6169  EC38 4693   ELEF 1,4693   ; [4693] = 1
616B  8E48        PSH 0,1
616C  0C0C 5EC2   JSR @12            ; overlay call, arg 5EC2
616E  5020        STA 2,32
616F  E438 46A8   ELEF 0,46A8   ; [46A8] = 160
6171  8648        PSH 0,0
6172  0C0C 5D26   JSR @12            ; overlay call, arg 5D26
6174  5020        STA 2,32
6175  0C0C 5FBB   JSR @12            ; overlay call, arg 5FBB
6177  6070        IO   6070
6178  AC38 46A9   ELDA 1,46A9   ; [46A9] = 1
617A  C438 01D6   ESTA 0,01D6   ; = 470
617C  CC38 01C5   ESTA 1,01C5   ; = 453
617E  33FD        LDA 2,-3,3
617F  2207        LDA 0,7,2
6180  2A08        LDA 1,8,2
6181  8A08        SGT 0,1
6182  0108        JMP 8,PC   ; -> 618A
6183  3020        LDA 2,32
6184  E438 46AA   ELEF 0,46AA   ; [46AA] = 128
6186  8648        PSH 0,0
6187  0C0C 5D26   JSR @12            ; overlay call, arg 5D26
6189  5020        STA 2,32
618A  33FD        LDA 2,-3,3
618B  2208        LDA 0,8,2
618C  2A07        LDA 1,7,2
618D  8A08        SGT 0,1
618E  0117        JMP 23,PC   ; -> 61A5
618F  3020        LDA 2,32
6190  E438 469F   ELEF 0,469F   ; [469F] = 159
6192  8648        PSH 0,0
6193  0C0C 5D26   JSR @12            ; overlay call, arg 5D26
6195  5020        STA 2,32
6196  E438 01D5   ELEF 0,01D5   ; = 469
6198  8648        PSH 0,0
6199  3BFD        LDA 3,-3,3
619A  6304        IO   6304
619B  3821        LDA 3,33
619C  6B04        IO   6B04
619D  8E48        PSH 0,1
619E  0C0C 6470   JSR @12            ; overlay call, arg 6470
61A0  5020        STA 2,32
61A1  2304        LDA 0,4,3
61A2  3BFD        LDA 3,-3,3
61A3  4303        STA 0,3,3
61A4  3821        LDA 3,33
61A5  0108        JMP 8,PC   ; -> 61AD
61A6  3020        LDA 2,32
61A7  E438 46AA   ELEF 0,46AA   ; [46AA] = 128
61A9  8648        PSH 0,0
61AA  0C0C 5D26   JSR @12            ; overlay call, arg 5D26
61AC  5020        STA 2,32
61AD  AFC8        RTN
61AE  E7C8 0009   SAVE 9             ; frame
61B0  33FD        LDA 2,-3,3
61B1  2204        LDA 0,4,2
61B2  6836        IO   6836
61B3  8D0D        SUB# 0,1,SNR
61B4  D501        SUB 2,2,SKP
61B5  D550        SUBZL 2,2
61B6  5303        STA 2,3,3
61B7  B438 01B7   ELDA 2,01B7   ; = 439
61B9  32FD        LDA 2,-3,2
61BA  5304        STA 2,4,3
61BB  B438 01B7   ELDA 2,01B7   ; = 439
61BD  32FB        LDA 2,-5,2
61BE  5305        STA 2,5,3
61BF  B438 01B7   ELDA 2,01B7   ; = 439
61C1  32FE        LDA 2,-2,2
61C2  2304        LDA 0,4,3
61C3  8100        NEG 0,0
61C4  8300        INC 0,0
61C5  5306        STA 2,6,3
61C6  9600        ADD 0,2
61C7  4307        STA 0,7,3
61C8  2304        LDA 0,4,3
61C9  2B05        LDA 1,5,3
61CA  CFC8        MULS
61CB  A438 01B7   ELDA 0,01B7   ; = 439
61CD  A500        SUB 1,0
61CE  F7F8 0035   ADDI 0035,2
61D0  9600        ADD 0,2
61D1  2303        LDA 0,3,3
61D2  5308        STA 2,8,3
61D3  820D        MOV# 0,0,SNR
61D4  0109        JMP 9,PC   ; -> 61DD
61D5  3020        LDA 2,32
61D6  E438 46AA   ELEF 0,46AA   ; [46AA] = 128
61D8  8648        PSH 0,0
61D9  0C0C 5D26   JSR @12            ; overlay call, arg 5D26
61DB  5020        STA 2,32
61DC  011A        JMP 26,PC   ; -> 61F6
61DD  3020        LDA 2,32
61DE  E438 4697   ELEF 0,4697   ; [4697] = 65535
61E0  8648        PSH 0,0
61E1  3BFD        LDA 3,-3,3
61E2  6304        IO   6304
61E3  3821        LDA 3,33
61E4  6B09        IO   6B09
61E5  8E48        PSH 0,1
61E6  0C0C 6470   JSR @12            ; overlay call, arg 6470
61E8  5020        STA 2,32
61E9  2309        LDA 0,9,3
61EA  AC38 01D5   ELDA 1,01D5   ; = 469
61EC  3BFD        LDA 3,-3,3
61ED  4303        STA 0,3,3
61EE  3821        LDA 3,33
61EF  4F08        STA 1,@8,3
61F0  E438 46AC   ELEF 0,46AC   ; [46AC] = 194
61F2  8648        PSH 0,0
61F3  0C0C 5D26   JSR @12            ; overlay call, arg 5D26
61F5  5020        STA 2,32
61F6  AFC8        RTN
61F7  E7C8 0010   SAVE 16             ; frame
61F9  33FD        LDA 2,-3,3
61FA  2204        LDA 0,4,2
61FB  686C        IO   686C
61FC  8D0D        SUB# 0,1,SNR
61FD  D501        SUB 2,2,SKP
61FE  D550        SUBZL 2,2
61FF  5303        STA 2,3,3
6200  B438 01B7   ELDA 2,01B7   ; = 439
6202  32FD        LDA 2,-3,2
6203  5304        STA 2,4,3
6204  B438 01B7   ELDA 2,01B7   ; = 439
6206  32FB        LDA 2,-5,2
6207  5305        STA 2,5,3
6208  B438 01B7   ELDA 2,01B7   ; = 439
620A  32FE        LDA 2,-2,2
620B  2304        LDA 0,4,3
620C  8100        NEG 0,0
620D  8300        INC 0,0
620E  5306        STA 2,6,3
620F  9600        ADD 0,2
6210  4307        STA 0,7,3
6211  8500        SUB 0,0
6212  2B05        LDA 1,5,3
6213  CFC8        MULS
6214  2304        LDA 0,4,3
6215  4B08        STA 1,8,3
6216  8E00        ADD 0,1
6217  A438 01B7   ELDA 0,01B7   ; = 439
6219  A500        SUB 1,0
621A  5309        STA 2,9,3
621B  D600        ADD 2,2
621C  430A        STA 0,10,3
621D  2303        LDA 0,3,3
621E  4B0B        STA 1,11,3
621F  530C        STA 2,12,3
6220  820D        MOV# 0,0,SNR
6221  012A        JMP 42,PC   ; -> 624B
6222  3020        LDA 2,32
6223  3BFD        LDA 3,-3,3
6224  6304        IO   6304
6225  3821        LDA 3,33
6226  6B0D        IO   6B0D
6227  8E48        PSH 0,1
6228  0C0C 5F8B   JSR @12            ; overlay call, arg 5F8B
622A  5020        STA 2,32
622B  230D        LDA 0,13,3
622C  820D        MOV# 0,0,SNR
622D  0108        JMP 8,PC   ; -> 6235
622E  EC38 46AA   ELEF 1,46AA   ; [46AA] = 128
6230  AE48        PSH 1,1
6231  0C0C 5D26   JSR @12            ; overlay call, arg 5D26
6233  5020        STA 2,32
6234  0116        JMP 22,PC   ; -> 624A
6235  3020        LDA 2,32
6236  E438 4697   ELEF 0,4697   ; [4697] = 65535
6238  8648        PSH 0,0
6239  3BFD        LDA 3,-3,3
623A  6304        IO   6304
623B  3821        LDA 3,33
623C  6B0D        IO   6B0D
623D  8E48        PSH 0,1
623E  0C0C 6470   JSR @12            ; overlay call, arg 6470
6240  5020        STA 2,32
6241  230D        LDA 0,13,3
6242  3BFD        LDA 3,-3,3
6243  4303        STA 0,3,3
6244  EC38 46AE   ELEF 1,46AE   ; [46AE] = 132
6246  AE48        PSH 1,1
6247  0C0C 5D26   JSR @12            ; overlay call, arg 5D26
6249  5020        STA 2,32
624A  0137        JMP 55,PC   ; -> 6281
624B  3020        LDA 2,32
624C  E438 46AF   ELEF 0,46AF   ; [46AF] = 84
624E  8648        PSH 0,0
624F  3BFD        LDA 3,-3,3
6250  6304        IO   6304
6251  3821        LDA 3,33
6252  6B0D        IO   6B0D
6253  8E48        PSH 0,1
6254  0C0C 6470   JSR @12            ; overlay call, arg 6470
6256  5020        STA 2,32
6257  230D        LDA 0,13,3
6258  3BFD        LDA 3,-3,3
6259  2B04        LDA 1,4,3
625A  4303        STA 0,3,3
625B  3821        LDA 3,33
625C  2309        LDA 0,9,3
625D  A600        ADD 1,0
625E  2B0A        LDA 1,10,3
625F  430D        STA 0,13,3
6260  A600        ADD 1,0
6261  430E        STA 0,14,3
6262  270E        LDA 0,@14,3
6263  87F8 8000   IORI 8000,0
6265  470E        STA 0,@14,3
6266  3BFD        LDA 3,-3,3
6267  2304        LDA 0,4,3
6268  3821        LDA 3,33
6269  2B0C        LDA 1,12,3
626A  8E00        ADD 0,1
626B  230A        LDA 0,10,3
626C  4B0F        STA 1,15,3
626D  8E00        ADD 0,1
626E  4B10        STA 1,16,3
626F  2710        LDA 0,@16,3
6270  87F8 0020   IORI 0020,0
6272  4710        STA 0,@16,3
6273  E438 4691   ELEF 0,4691   ; [4691] = 2
6275  3BFD        LDA 3,-3,3
6276  6B04        IO   6B04
6277  8E48        PSH 0,1
6278  0C0C 6024   JSR @12            ; overlay call, arg 6024
627A  5020        STA 2,32
627B  E438 46AE   ELEF 0,46AE   ; [46AE] = 132
627D  8648        PSH 0,0
627E  0C0C 5D26   JSR @12            ; overlay call, arg 5D26
6280  5020        STA 2,32
6281  AFC8        RTN
6282  E7C8 000E   SAVE 14             ; frame
6284  33FD        LDA 2,-3,3
6285  2206        LDA 0,6,2
6286  688F        IO   688F
6287  8D0C        SUB# 0,1,SZR
6288  D501        SUB 2,2,SKP
6289  D550        SUBZL 2,2
628A  5303        STA 2,3,3
628B  B438 01B7   ELDA 2,01B7   ; = 439
628D  32FD        LDA 2,-3,2
628E  5304        STA 2,4,3
628F  B438 01B7   ELDA 2,01B7   ; = 439
6291  32FB        LDA 2,-5,2
6292  5305        STA 2,5,3
6293  B438 01B7   ELDA 2,01B7   ; = 439
6295  32FE        LDA 2,-2,2
6296  2304        LDA 0,4,3
6297  8100        NEG 0,0
6298  8300        INC 0,0
6299  5306        STA 2,6,3
629A  9600        ADD 0,2
629B  4307        STA 0,7,3
629C  8500        SUB 0,0
629D  2B05        LDA 1,5,3
629E  CFC8        MULS
629F  2304        LDA 0,4,3
62A0  4B08        STA 1,8,3
62A1  8E00        ADD 0,1
62A2  A438 01B7   ELDA 0,01B7   ; = 439
62A4  A500        SUB 1,0
62A5  5309        STA 2,9,3
62A6  D600        ADD 2,2
62A7  430A        STA 0,10,3
62A8  2303        LDA 0,3,3
62A9  4B0B        STA 1,11,3
62AA  530C        STA 2,12,3
62AB  820D        MOV# 0,0,SNR
62AC  013E        JMP 62,PC   ; -> 62EA
62AD  3BFD        LDA 3,-3,3
62AE  2304        LDA 0,4,3
62AF  6868        IO   6868
62B0  3821        LDA 3,33
62B1  8D0D        SUB# 0,1,SNR
62B2  0109        JMP 9,PC   ; -> 62BB
62B3  3020        LDA 2,32
62B4  E438 46AA   ELEF 0,46AA   ; [46AA] = 128
62B6  8648        PSH 0,0
62B7  0C0C 5D26   JSR @12            ; overlay call, arg 5D26
62B9  5020        STA 2,32
62BA  0130        JMP 48,PC   ; -> 62EA
62BB  3020        LDA 2,32
62BC  E438 4691   ELEF 0,4691   ; [4691] = 2
62BE  3BFD        LDA 3,-3,3
62BF  6B04        IO   6B04
62C0  8E48        PSH 0,1
62C1  0C0C 6024   JSR @12            ; overlay call, arg 6024
62C3  5020        STA 2,32
62C4  3BFD        LDA 3,-3,3
62C5  2304        LDA 0,4,3
62C6  3821        LDA 3,33
62C7  2B0C        LDA 1,12,3
62C8  8E00        ADD 0,1
62C9  230A        LDA 0,10,3
62CA  4B0D        STA 1,13,3
62CB  8E00        ADD 0,1
62CC  4B0E        STA 1,14,3
62CD  270E        LDA 0,@14,3
62CE  87F8 0400   IORI 0400,0
62D0  470E        STA 0,@14,3
62D1  3BFD        LDA 3,-3,3
62D2  2304        LDA 0,4,3
62D3  3821        LDA 3,33
62D4  2B09        LDA 1,9,3
62D5  8E00        ADD 0,1
62D6  330A        LDA 2,10,3
62D7  B600        ADD 1,2
62D8  A438 01D5   ELDA 0,01D5   ; = 469
62DA  4200        STA 0,0,2
62DB  3020        LDA 2,32
62DC  E438 4693   ELEF 0,4693   ; [4693] = 1
62DE  3BFD        LDA 3,-3,3
62DF  6B06        IO   6B06
62E0  8E48        PSH 0,1
62E1  0C0C 6024   JSR @12            ; overlay call, arg 6024
62E3  5020        STA 2,32
62E4  E438 46B4   ELEF 0,46B4   ; [46B4] = 209
62E6  8648        PSH 0,0
62E7  0C0C 5D26   JSR @12            ; overlay call, arg 5D26
62E9  5020        STA 2,32
62EA  AFC8        RTN
62EB  E7C8 0003   SAVE 3             ; frame
62ED  33FD        LDA 2,-3,3
62EE  2206        LDA 0,6,2
62EF  6897        IO   6897
62F0  8D0C        SUB# 0,1,SZR
62F1  D501        SUB 2,2,SKP
62F2  D550        SUBZL 2,2
62F3  D20D        MOV# 2,2,SNR
62F4  012B        JMP 43,PC   ; -> 631F
62F5  3BFD        LDA 3,-3,3
62F6  2304        LDA 0,4,3
62F7  6898        IO   6898
62F8  3821        LDA 3,33
62F9  8D0D        SUB# 0,1,SNR
62FA  0109        JMP 9,PC   ; -> 6303
62FB  3020        LDA 2,32
62FC  E438 46AA   ELEF 0,46AA   ; [46AA] = 128
62FE  8648        PSH 0,0
62FF  0C0C 5D26   JSR @12            ; overlay call, arg 5D26
6301  5020        STA 2,32
6302  011D        JMP 29,PC   ; -> 631F
6303  3020        LDA 2,32
6304  E438 4697   ELEF 0,4697   ; [4697] = 65535
6306  8648        PSH 0,0
6307  3BFD        LDA 3,-3,3
6308  6304        IO   6304
6309  3821        LDA 3,33
630A  6B03        IO   6B03
630B  8E48        PSH 0,1
630C  0C0C 6470   JSR @12            ; overlay call, arg 6470
630E  5020        STA 2,32
630F  2303        LDA 0,3,3
6310  3BFD        LDA 3,-3,3
6311  4303        STA 0,3,3
6312  E438 4691   ELEF 0,4691   ; [4691] = 2
6314  6B06        IO   6B06
6315  8E48        PSH 0,1
6316  0C0C 6024   JSR @12            ; overlay call, arg 6024
6318  5020        STA 2,32
6319  E438 46B6   ELEF 0,46B6   ; [46B6] = 275
631B  8648        PSH 0,0
631C  0C0C 5D26   JSR @12            ; overlay call, arg 5D26
631E  5020        STA 2,32
631F  AFC8        RTN
6320  E7C8 000E   SAVE 14             ; frame
6322  33FD        LDA 2,-3,3
6323  2206        LDA 0,6,2
6324  689F        IO   689F
6325  8D0C        SUB# 0,1,SZR
6326  D501        SUB 2,2,SKP
6327  D550        SUBZL 2,2
6328  5303        STA 2,3,3
6329  B438 01B7   ELDA 2,01B7   ; = 439
632B  32FD        LDA 2,-3,2
632C  5304        STA 2,4,3
632D  B438 01B7   ELDA 2,01B7   ; = 439
632F  32FB        LDA 2,-5,2
6330  5305        STA 2,5,3
6331  B438 01B7   ELDA 2,01B7   ; = 439
6333  32FE        LDA 2,-2,2
6334  2304        LDA 0,4,3
6335  8100        NEG 0,0
6336  8300        INC 0,0
6337  5306        STA 2,6,3
6338  9600        ADD 0,2
6339  4307        STA 0,7,3
633A  8500        SUB 0,0
633B  2B05        LDA 1,5,3
633C  CFC8        MULS
633D  2304        LDA 0,4,3
633E  4B08        STA 1,8,3
633F  8E00        ADD 0,1
6340  A438 01B7   ELDA 0,01B7   ; = 439
6342  A500        SUB 1,0
6343  4309        STA 0,9,3
6344  2303        LDA 0,3,3
6345  4B0A        STA 1,10,3
6346  530B        STA 2,11,3
6347  820C        MOV# 0,0,SZR
6348  0103        JMP 3,PC   ; -> 634B
6349  8538 00BE   EJMP 00BE,PC   ; -> 6408
634B  3BFD        LDA 3,-3,3
634C  2304        LDA 0,4,3
634D  689E        IO   689E
634E  3821        LDA 3,33
634F  A50D        SUB# 1,0,SNR
6350  0103        JMP 3,PC   ; -> 6353
6351  8538 00B6   EJMP 00B6,PC   ; -> 6408
6353  A438 020A   ELDA 0,020A   ; = 522
6355  C7F8 0200   ANDI 0200,0
6357  820C        MOV# 0,0,SZR
6358  010D        JMP 13,PC   ; -> 6365
6359  A438 020A   ELDA 0,020A   ; = 522
635B  E7F8 0200   ADDI 0200,0
635D  C438 020A   ESTA 0,020A   ; = 522
635F  A438 01D7   ELDA 0,01D7   ; = 471
6361  E7F8 000A   ADDI 000A,0
6363  C438 01D7   ESTA 0,01D7   ; = 471
6365  3020        LDA 2,32
6366  E438 469F   ELEF 0,469F   ; [469F] = 159
6368  6B0C        IO   6B0C
6369  8E48        PSH 0,1
636A  0C0C 5FFA   JSR @12            ; overlay call, arg 5FFA
636C  5020        STA 2,32
636D  230C        LDA 0,12,3
636E  820C        MOV# 0,0,SZR
636F  AD01        SUB 1,1,SKP
6370  AD50        SUBZL 1,1
6371  4B0D        STA 1,13,3
6372  E438 46B9   ELEF 0,46B9   ; [46B9] = 31
6374  8648        PSH 0,0
6375  E438 46A5   ELEF 0,46A5   ; [46A5] = 5
6377  6B0E        IO   6B0E
6378  8E48        PSH 0,1
6379  0C0C 5FDF   JSR @12            ; overlay call, arg 5FDF
637B  5020        STA 2,32
637C  A438 01D5   ELDA 0,01D5   ; = 469
637E  2B0E        LDA 1,14,3
637F  8D0C        SUB# 0,1,SZR
6380  D501        SUB 2,2,SKP
6381  D550        SUBZL 2,2
6382  230D        LDA 0,13,3
6383  9700        AND 0,2
6384  D20D        MOV# 2,2,SNR
6385  012D        JMP 45,PC   ; -> 63B2
6386  3020        LDA 2,32
6387  E438 46A2   ELEF 0,46A2   ; [46A2] = 50
6389  EC38 4691   ELEF 1,4691   ; [4691] = 2
638B  8E48        PSH 0,1
638C  0C0C 5EC2   JSR @12            ; overlay call, arg 5EC2
638E  5020        STA 2,32
638F  E438 46BA   ELEF 0,46BA   ; [46BA] = 47
6391  8648        PSH 0,0
6392  E438 4693   ELEF 0,4693   ; [4693] = 1
6394  6B0C        IO   6B0C
6395  8E48        PSH 0,1
6396  0C0C 5FDF   JSR @12            ; overlay call, arg 5FDF
6398  5020        STA 2,32
6399  3BFD        LDA 3,-3,3
639A  2306        LDA 0,6,3
639B  3821        LDA 3,33
639C  2B0B        LDA 1,11,3
639D  8E00        ADD 0,1
639E  3309        LDA 2,9,3
639F  B600        ADD 1,2
63A0  230C        LDA 0,12,3
63A1  4200        STA 0,0,2
63A2  3020        LDA 2,32
63A3  E438 46BB   ELEF 0,46BB   ; [46BB] = 289
63A5  8648        PSH 0,0
63A6  0C0C 5D26   JSR @12            ; overlay call, arg 5D26
63A8  5020        STA 2,32
63A9  E438 4693   ELEF 0,4693   ; [4693] = 1
63AB  3BFD        LDA 3,-3,3
63AC  6B06        IO   6B06
63AD  8E48        PSH 0,1
63AE  0C0C 6024   JSR @12            ; overlay call, arg 6024
63B0  5020        STA 2,32
63B1  0157        JMP 87,PC   ; -> 6408
63B2  3020        LDA 2,32
63B3  E438 469F   ELEF 0,469F   ; [469F] = 159
63B5  6B0C        IO   6B0C
63B6  8E48        PSH 0,1
63B7  0C0C 5FFA   JSR @12            ; overlay call, arg 5FFA
63B9  5020        STA 2,32
63BA  8550        SUBZL 0,0
63BB  2B0C        LDA 1,12,3
63BC  8D0C        SUB# 0,1,SZR
63BD  D501        SUB 2,2,SKP
63BE  D550        SUBZL 2,2
63BF  530E        STA 2,14,3
63C0  3020        LDA 2,32
63C1  E438 46BA   ELEF 0,46BA   ; [46BA] = 47
63C3  8648        PSH 0,0
63C4  E438 4693   ELEF 0,4693   ; [4693] = 1
63C6  6B0D        IO   6B0D
63C7  8E48        PSH 0,1
63C8  0C0C 5FDF   JSR @12            ; overlay call, arg 5FDF
63CA  5020        STA 2,32
63CB  A438 01D5   ELDA 0,01D5   ; = 469
63CD  2B0D        LDA 1,13,3
63CE  8D0C        SUB# 0,1,SZR
63CF  D501        SUB 2,2,SKP
63D0  D550        SUBZL 2,2
63D1  230E        LDA 0,14,3
63D2  9700        AND 0,2
63D3  D20D        MOV# 2,2,SNR
63D4  012D        JMP 45,PC   ; -> 6401
63D5  3020        LDA 2,32
63D6  E438 46B9   ELEF 0,46B9   ; [46B9] = 31
63D8  EC38 46A5   ELEF 1,46A5   ; [46A5] = 5
63DA  8E48        PSH 0,1
63DB  0C0C 5EC2   JSR @12            ; overlay call, arg 5EC2
63DD  5020        STA 2,32
63DE  E438 46B9   ELEF 0,46B9   ; [46B9] = 31
63E0  8648        PSH 0,0
63E1  E438 46A5   ELEF 0,46A5   ; [46A5] = 5
63E3  6B0C        IO   6B0C
63E4  8E48        PSH 0,1
63E5  0C0C 5FDF   JSR @12            ; overlay call, arg 5FDF
63E7  5020        STA 2,32
63E8  3BFD        LDA 3,-3,3
63E9  2306        LDA 0,6,3
63EA  3821        LDA 3,33
63EB  2B0B        LDA 1,11,3
63EC  8E00        ADD 0,1
63ED  3309        LDA 2,9,3
63EE  B600        ADD 1,2
63EF  230C        LDA 0,12,3
63F0  4200        STA 0,0,2
63F1  3020        LDA 2,32
63F2  E438 46BB   ELEF 0,46BB   ; [46BB] = 289
63F4  8648        PSH 0,0
63F5  0C0C 5D26   JSR @12            ; overlay call, arg 5D26
63F7  5020        STA 2,32
63F8  E438 4692   ELEF 0,4692   ; [4692] = 0
63FA  3BFD        LDA 3,-3,3
63FB  6B06        IO   6B06
63FC  8E48        PSH 0,1
63FD  0C0C 6024   JSR @12            ; overlay call, arg 6024
63FF  5020        STA 2,32
6400  0108        JMP 8,PC   ; -> 6408
6401  3020        LDA 2,32
6402  E438 46AA   ELEF 0,46AA   ; [46AA] = 128
6404  8648        PSH 0,0
6405  0C0C 5D26   JSR @12            ; overlay call, arg 5D26
6407  5020        STA 2,32
6408  AFC8        RTN
6409  E7C8 000F   SAVE 15             ; frame
640B  33FD        LDA 2,-3,3
640C  2206        LDA 0,6,2
640D  68B7        IO   68B7
640E  8D0C        SUB# 0,1,SZR
640F  D501        SUB 2,2,SKP
6410  D550        SUBZL 2,2
6411  5303        STA 2,3,3
6412  B438 01B7   ELDA 2,01B7   ; = 439
6414  32FD        LDA 2,-3,2
6415  5304        STA 2,4,3
6416  B438 01B7   ELDA 2,01B7   ; = 439
6418  32FB        LDA 2,-5,2
6419  5305        STA 2,5,3
641A  B438 01B7   ELDA 2,01B7   ; = 439
641C  32FE        LDA 2,-2,2
641D  2304        LDA 0,4,3
641E  8100        NEG 0,0
641F  8300        INC 0,0
6420  5306        STA 2,6,3
6421  9600        ADD 0,2
6422  4307        STA 0,7,3
6423  8500        SUB 0,0
6424  2B05        LDA 1,5,3
6425  CFC8        MULS
6426  2304        LDA 0,4,3
6427  4B08        STA 1,8,3
6428  8E00        ADD 0,1
6429  A438 01B7   ELDA 0,01B7   ; = 439
642B  A500        SUB 1,0
642C  5309        STA 2,9,3
642D  F7F8 009A   ADDI 009A,2
642F  530A        STA 2,10,3
6430  9600        ADD 0,2
6431  430B        STA 0,11,3
6432  2303        LDA 0,3,3
6433  4B0C        STA 1,12,3
6434  530D        STA 2,13,3
6435  820C        MOV# 0,0,SZR
6436  0103        JMP 3,PC   ; -> 6439
6437  8538 00AF   EJMP 00AF,PC   ; -> 64E7
6439  3BFD        LDA 3,-3,3
643A  2304        LDA 0,4,3
643B  6898        IO   6898
643C  8D0D        SUB# 0,1,SNR
643D  D501        SUB 2,2,SKP
643E  D550        SUBZL 2,2
643F  6897        IO   6897
6440  3821        LDA 3,33
6441  530E        STA 2,14,3
6442  8D0D        SUB# 0,1,SNR
6443  D501        SUB 2,2,SKP
6444  D550        SUBZL 2,2
6445  230E        LDA 0,14,3
6446  9700        AND 0,2
6447  D20D        MOV# 2,2,SNR
6448  010A        JMP 10,PC   ; -> 6452
6449  3020        LDA 2,32
644A  E438 46AA   ELEF 0,46AA   ; [46AA] = 128
644C  8648        PSH 0,0
644D  0C0C 5D26   JSR @12            ; overlay call, arg 5D26
644F  5020        STA 2,32
6450  8538 0096   EJMP 0096,PC   ; -> 64E7
6452  33FD        LDA 2,-3,3
6453  2204        LDA 0,4,2
6454  6897        IO   6897
6455  8D0C        SUB# 0,1,SZR
6456  0145        JMP 69,PC   ; -> 649B
6457  3020        LDA 2,32
6458  E438 46A0   ELEF 0,46A0   ; [46A0] = 151
645A  6B0E        IO   6B0E
645B  8E48        PSH 0,1
645C  0C0C 5FFA   JSR @12            ; overlay call, arg 5FFA
645E  5020        STA 2,32
645F  6002        IO   6002
6460  2B0E        LDA 1,14,3
6461  8D0C        SUB# 0,1,SZR
6462  010A        JMP 10,PC   ; -> 646C
6463  E438 4691   ELEF 0,4691   ; [4691] = 2
6465  3BFD        LDA 3,-3,3
6466  6B06        IO   6B06
6467  8E48        PSH 0,1
6468  0C0C 6024   JSR @12            ; overlay call, arg 6024
646A  5020        STA 2,32
646B  010A        JMP 10,PC   ; -> 6475
646C  3020        LDA 2,32
646D  E438 4693   ELEF 0,4693   ; [4693] = 1
646F  3BFD        LDA 3,-3,3
6470  6B06        IO   6B06
6471  8E48        PSH 0,1
6472  0C0C 6024   JSR @12            ; overlay call, arg 6024
6474  5020        STA 2,32
6475  3020        LDA 2,32
6476  3BFD        LDA 3,-3,3
6477  6306        IO   6306
6478  3821        LDA 3,33
6479  6B0E        IO   6B0E
647A  8E48        PSH 0,1
647B  0C0C 5FFA   JSR @12            ; overlay call, arg 5FFA
647D  5020        STA 2,32
647E  6002        IO   6002
647F  2B0E        LDA 1,14,3
6480  8D0C        SUB# 0,1,SZR
6481  0104        JMP 4,PC   ; -> 6485
6482  A438 01D5   ELDA 0,01D5   ; = 469
6484  470D        STA 0,@13,3
6485  3020        LDA 2,32
6486  E438 4697   ELEF 0,4697   ; [4697] = 65535
6488  8648        PSH 0,0
6489  3BFD        LDA 3,-3,3
648A  6304        IO   6304
648B  3821        LDA 3,33
648C  6B0E        IO   6B0E
648D  8E48        PSH 0,1
648E  0C0C 6470   JSR @12            ; overlay call, arg 6470
6490  5020        STA 2,32
6491  230E        LDA 0,14,3
6492  3BFD        LDA 3,-3,3
6493  4303        STA 0,3,3
6494  EC38 46BD   ELEF 1,46BD   ; [46BD] = 274
6496  AE48        PSH 1,1
6497  0C0C 5D26   JSR @12            ; overlay call, arg 5D26
6499  5020        STA 2,32
649A  014D        JMP 77,PC   ; -> 64E7
649B  33FD        LDA 2,-3,3
649C  2204        LDA 0,4,2
649D  6898        IO   6898
649E  8D0C        SUB# 0,1,SZR
649F  D501        SUB 2,2,SKP
64A0  D550        SUBZL 2,2
64A1  530E        STA 2,14,3
64A2  3020        LDA 2,32
64A3  E438 469E   ELEF 0,469E   ; [469E] = 183
64A5  6B0F        IO   6B0F
64A6  8E48        PSH 0,1
64A7  0C0C 5FFA   JSR @12            ; overlay call, arg 5FFA
64A9  5020        STA 2,32
64AA  8550        SUBZL 0,0
64AB  2B0F        LDA 1,15,3
64AC  8D0C        SUB# 0,1,SZR
64AD  D501        SUB 2,2,SKP
64AE  D550        SUBZL 2,2
64AF  230E        LDA 0,14,3
64B0  9700        AND 0,2
64B1  D20D        MOV# 2,2,SNR
64B2  012E        JMP 46,PC   ; -> 64E0
64B3  3020        LDA 2,32
64B4  E438 4697   ELEF 0,4697   ; [4697] = 65535
64B6  8648        PSH 0,0
64B7  3BFD        LDA 3,-3,3
64B8  6304        IO   6304
64B9  3821        LDA 3,33
64BA  6B0F        IO   6B0F
64BB  8E48        PSH 0,1
64BC  0C0C 6470   JSR @12            ; overlay call, arg 6470
64BE  5020        STA 2,32
64BF  230F        LDA 0,15,3
64C0  3BFD        LDA 3,-3,3
64C1  4303        STA 0,3,3
64C2  E438 4691   ELEF 0,4691   ; [4691] = 2
64C4  6B06        IO   6B06
64C5  8E48        PSH 0,1
64C6  0C0C 6024   JSR @12            ; overlay call, arg 6024
64C8  5020        STA 2,32
64C9  3BFD        LDA 3,-3,3
64CA  6306        IO   6306
64CB  3821        LDA 3,33
64CC  6B0F        IO   6B0F
64CD  8E48        PSH 0,1
64CE  0C0C 5FFA   JSR @12            ; overlay call, arg 5FFA
64D0  5020        STA 2,32
64D1  6002        IO   6002
64D2  2B0F        LDA 1,15,3
64D3  8D0C        SUB# 0,1,SZR
64D4  0104        JMP 4,PC   ; -> 64D8
64D5  A438 01D5   ELDA 0,01D5   ; = 469
64D7  470D        STA 0,@13,3
64D8  3020        LDA 2,32
64D9  E438 46B6   ELEF 0,46B6   ; [46B6] = 275
64DB  8648        PSH 0,0
64DC  0C0C 5D26   JSR @12            ; overlay call, arg 5D26
64DE  5020        STA 2,32
64DF  0108        JMP 8,PC   ; -> 64E7
64E0  3020        LDA 2,32
64E1  E438 46AA   ELEF 0,46AA   ; [46AA] = 128
64E3  8648        PSH 0,0
64E4  0C0C 5D26   JSR @12            ; overlay call, arg 5D26
64E6  5020        STA 2,32
64E7  AFC8        RTN
64E8  E7C8 0009   SAVE 9             ; frame
64EA  33FD        LDA 2,-3,3
64EB  2204        LDA 0,4,2
64EC  68A4        IO   68A4
64ED  8D0C        SUB# 0,1,SZR
64EE  D501        SUB 2,2,SKP
64EF  D550        SUBZL 2,2
64F0  5303        STA 2,3,3
64F1  B438 01B7   ELDA 2,01B7   ; = 439
64F3  32FD        LDA 2,-3,2
64F4  5304        STA 2,4,3
64F5  B438 01B7   ELDA 2,01B7   ; = 439
64F7  32FB        LDA 2,-5,2
64F8  5305        STA 2,5,3
64F9  B438 01B7   ELDA 2,01B7   ; = 439
64FB  32FE        LDA 2,-2,2
64FC  2304        LDA 0,4,3
64FD  8100        NEG 0,0
64FE  8300        INC 0,0
64FF  5306        STA 2,6,3
6500  9600        ADD 0,2
6501  4307        STA 0,7,3
6502  2304        LDA 0,4,3
6503  2B05        LDA 1,5,3
6504  CFC8        MULS
6505  A438 01B7   ELDA 0,01B7   ; = 439
6507  A500        SUB 1,0
6508  F7F8 00A5   ADDI 00A5,2
650A  9600        ADD 0,2
650B  2303        LDA 0,3,3
650C  5308        STA 2,8,3
650D  820D        MOV# 0,0,SNR
650E  012F        JMP 47,PC   ; -> 653D
650F  2200        LDA 0,0,2
6510  820D        MOV# 0,0,SNR
6511  010F        JMP 15,PC   ; -> 6520
6512  3020        LDA 2,32
6513  E438 46C0   ELEF 0,46C0   ; [46C0] = 294
6515  8648        PSH 0,0
6516  0C0C 5D26   JSR @12            ; overlay call, arg 5D26
6518  5020        STA 2,32
6519  E438 4692   ELEF 0,4692   ; [4692] = 0
651B  8648        PSH 0,0
651C  0C0C 0199   JSR @12            ; overlay call, arg 0199
651E  5020        STA 2,32
651F  011D        JMP 29,PC   ; -> 653C
6520  3020        LDA 2,32
6521  E438 01D5   ELEF 0,01D5   ; = 469
6523  8648        PSH 0,0
6524  E438 46BE   ELEF 0,46BE   ; [46BE] = 164
6526  6B09        IO   6B09
6527  8E48        PSH 0,1
6528  0C0C 6470   JSR @12            ; overlay call, arg 6470
652A  5020        STA 2,32
652B  2309        LDA 0,9,3
652C  3BFD        LDA 3,-3,3
652D  4303        STA 0,3,3
652E  E438 4691   ELEF 0,4691   ; [4691] = 2
6530  EC38 46BE   ELEF 1,46BE   ; [46BE] = 164
6532  8E48        PSH 0,1
6533  0C0C 6024   JSR @12            ; overlay call, arg 6024
6535  5020        STA 2,32
6536  E438 46C1   ELEF 0,46C1   ; [46C1] = 295
6538  8648        PSH 0,0
6539  0C0C 5D26   JSR @12            ; overlay call, arg 5D26
653B  5020        STA 2,32
653C  0108        JMP 8,PC   ; -> 6544
653D  3020        LDA 2,32
653E  E438 46AA   ELEF 0,46AA   ; [46AA] = 128
6540  8648        PSH 0,0
6541  0C0C 5D26   JSR @12            ; overlay call, arg 5D26
6543  5020        STA 2,32
6544  AFC8        RTN
6545  0000        JMP 0
6546  0000        JMP 0
6547  0000        JMP 0
6548  0000        JMP 0
6549  0000        JMP 0
654A  0000        JMP 0
654B  0000        JMP 0
654C  0000        JMP 0
654D  0000        JMP 0
654E  0000        JMP 0
654F  0000        JMP 0
6550  0000        JMP 0
6551  0000        JMP 0
6552  0000        JMP 0
6553  0000        JMP 0
6554  0000        JMP 0
6555  0000        JMP 0
6556  0000        JMP 0
6557  0000        JMP 0
6558  0000        JMP 0
6559  0000        JMP 0
655A  0000        JMP 0
655B  0000        JMP 0
655C  0000        JMP 0
655D  0000        JMP 0
655E  0000        JMP 0
655F  0000        JMP 0
6560  0000        JMP 0
6561  0000        JMP 0
6562  0000        JMP 0
6563  0000        JMP 0
6564  0000        JMP 0
6565  0000        JMP 0
6566  0000        JMP 0
6567  0000        JMP 0
6568  0000        JMP 0
6569  0000        JMP 0
656A  0000        JMP 0
656B  0000        JMP 0
656C  0000        JMP 0
656D  0000        JMP 0
656E  0000        JMP 0
656F  0000        JMP 0
6570  0000        JMP 0
6571  0000        JMP 0
6572  0000        JMP 0
6573  0000        JMP 0
6574  0000        JMP 0
6575  0000        JMP 0
6576  0000        JMP 0
6577  0000        JMP 0
6578  0000        JMP 0
6579  0000        JMP 0
657A  0000        JMP 0
657B  0000        JMP 0
657C  0000        JMP 0
657D  0000        JMP 0
657E  0000        JMP 0
657F  0000        JMP 0
6580  0000        JMP 0
6581  0000        JMP 0
6582  0000        JMP 0
6583  0000        JMP 0
6584  0000        JMP 0
6585  0000        JMP 0
6586  0000        JMP 0
6587  0000        JMP 0
6588  0000        JMP 0
6589  0000        JMP 0
658A  0000        JMP 0
658B  0000        JMP 0
658C  0000        JMP 0
658D  0000        JMP 0
658E  0000        JMP 0
658F  0000        JMP 0
6590  0000        JMP 0
6591  0000        JMP 0
6592  0000        JMP 0
6593  0000        JMP 0
6594  0000        JMP 0
6595  0000        JMP 0
6596  0000        JMP 0
6597  0000        JMP 0
6598  0000        JMP 0
6599  0000        JMP 0
659A  0000        JMP 0
659B  0000        JMP 0
659C  0000        JMP 0
659D  0000        JMP 0
659E  0000        JMP 0
659F  0000        JMP 0
65A0  0000        JMP 0
65A1  0000        JMP 0
65A2  0000        JMP 0
65A3  0000        JMP 0
65A4  0000        JMP 0
65A5  0000        JMP 0
65A6  0000        JMP 0
65A7  0000        JMP 0
65A8  0000        JMP 0
65A9  0000        JMP 0
65AA  0000        JMP 0
65AB  0000        JMP 0
65AC  0000        JMP 0
65AD  0000        JMP 0
65AE  0000        JMP 0
65AF  0000        JMP 0
65B0  0000        JMP 0
65B1  0000        JMP 0
65B2  0000        JMP 0
65B3  0000        JMP 0
65B4  0000        JMP 0
65B5  0000        JMP 0
65B6  0000        JMP 0
65B7  0000        JMP 0
65B8  0000        JMP 0
65B9  0000        JMP 0
65BA  0000        JMP 0
65BB  0000        JMP 0
65BC  0000        JMP 0
65BD  0000        JMP 0
65BE  0000        JMP 0
65BF  0000        JMP 0
65C0  0000        JMP 0
65C1  0000        JMP 0
65C2  0000        JMP 0
65C3  0000        JMP 0
65C4  0000        JMP 0
65C5  0000        JMP 0
65C6  0000        JMP 0
65C7  0000        JMP 0
65C8  0000        JMP 0
65C9  0000        JMP 0
65CA  0000        JMP 0
65CB  0000        JMP 0
65CC  0000        JMP 0
65CD  0000        JMP 0
65CE  0000        JMP 0
65CF  0000        JMP 0
65D0  0000        JMP 0
65D1  0000        JMP 0
65D2  0000        JMP 0
65D3  0000        JMP 0
65D4  0000        JMP 0
65D5  0000        JMP 0
65D6  0000        JMP 0
65D7  0000        JMP 0
65D8  0000        JMP 0
65D9  0000        JMP 0
65DA  0000        JMP 0
65DB  0000        JMP 0
65DC  0000        JMP 0
65DD  0000        JMP 0
65DE  0000        JMP 0
65DF  0000        JMP 0
65E0  0000        JMP 0
65E1  0000        JMP 0
65E2  0000        JMP 0
65E3  0000        JMP 0
65E4  0000        JMP 0
65E5  0000        JMP 0
65E6  0000        JMP 0
65E7  0000        JMP 0
65E8  0000        JMP 0
65E9  0000        JMP 0
65EA  0000        JMP 0
65EB  0000        JMP 0
65EC  0000        JMP 0
65ED  0000        JMP 0
65EE  0000        JMP 0
65EF  0000        JMP 0
65F0  0000        JMP 0
65F1  0000        JMP 0
65F2  0000        JMP 0
65F3  0000        JMP 0
65F4  0000        JMP 0
65F5  0000        JMP 0
65F6  0000        JMP 0
65F7  0000        JMP 0
65F8  0000        JMP 0
65F9  0000        JMP 0
65FA  0000        JMP 0
65FB  0000        JMP 0
65FC  0000        JMP 0
65FD  0000        JMP 0
65FE  0000        JMP 0
65FF  0000        JMP 0
6600  0000        JMP 0
6601  0000        JMP 0
6602  0000        JMP 0
6603  0000        JMP 0
6604  0000        JMP 0
6605  0000        JMP 0
6606  0000        JMP 0
6607  0000        JMP 0
6608  0000        JMP 0
6609  0000        JMP 0
660A  0000        JMP 0
660B  0000        JMP 0
660C  0000        JMP 0
660D  0000        JMP 0
660E  0000        JMP 0
660F  0000        JMP 0
6610  0000        JMP 0
6611  0000        JMP 0
6612  0000        JMP 0
6613  0000        JMP 0
6614  0000        JMP 0
6615  0000        JMP 0
6616  0000        JMP 0
6617  0000        JMP 0
6618  0000        JMP 0
6619  0000        JMP 0
661A  0000        JMP 0
661B  0000        JMP 0
661C  0000        JMP 0
661D  0000        JMP 0
661E  0000        JMP 0
661F  0000        JMP 0
6620  0000        JMP 0
6621  0000        JMP 0
6622  0000        JMP 0
6623  0000        JMP 0
6624  0000        JMP 0
6625  0000        JMP 0
6626  0000        JMP 0
6627  0000        JMP 0
6628  0000        JMP 0
6629  0000        JMP 0
662A  0000        JMP 0
662B  0000        JMP 0
662C  0000        JMP 0
662D  0000        JMP 0
662E  0000        JMP 0
662F  0000        JMP 0
6630  0000        JMP 0
6631  0000        JMP 0
6632  0000        JMP 0
6633  0000        JMP 0
6634  0000        JMP 0
6635  0000        JMP 0
6636  0000        JMP 0
6637  0000        JMP 0
6638  0000        JMP 0
6639  0000        JMP 0
663A  0000        JMP 0
663B  0000        JMP 0
663C  0000        JMP 0
663D  0000        JMP 0
663E  0000        JMP 0
663F  0000        JMP 0
6640  0000        JMP 0
6641  0000        JMP 0
6642  0000        JMP 0
6643  0000        JMP 0
6644  0000        JMP 0
6645  0000        JMP 0
6646  0000        JMP 0
6647  0000        JMP 0
6648  0000        JMP 0
6649  0000        JMP 0
664A  0000        JMP 0
664B  0000        JMP 0
664C  0000        JMP 0
664D  0000        JMP 0
664E  0000        JMP 0
664F  0000        JMP 0
6650  0000        JMP 0
6651  0000        JMP 0
6652  0000        JMP 0
6653  0000        JMP 0
6654  0000        JMP 0
6655  0000        JMP 0
6656  0000        JMP 0
6657  0000        JMP 0
6658  0000        JMP 0
6659  0000        JMP 0
665A  0000        JMP 0
665B  0000        JMP 0
665C  0000        JMP 0
665D  0000        JMP 0
665E  0000        JMP 0
665F  0000        JMP 0
6660  0000        JMP 0
6661  0000        JMP 0
6662  0000        JMP 0
6663  0000        JMP 0
6664  0000        JMP 0
6665  0000        JMP 0
6666  0000        JMP 0
6667  0000        JMP 0
6668  0000        JMP 0
6669  0000        JMP 0
666A  0000        JMP 0
666B  0000        JMP 0
666C  0000        JMP 0
666D  0000        JMP 0
666E  0000        JMP 0
666F  0000        JMP 0
6670  0000        JMP 0
6671  0000        JMP 0
6672  0000        JMP 0
6673  0000        JMP 0
6674  0000        JMP 0
6675  0000        JMP 0
6676  0000        JMP 0
6677  0000        JMP 0
6678  0000        JMP 0
6679  0000        JMP 0
667A  0000        JMP 0
667B  0000        JMP 0
667C  0000        JMP 0
667D  0000        JMP 0
667E  0000        JMP 0
667F  0000        JMP 0
6680  0000        JMP 0
6681  0000        JMP 0
6682  0000        JMP 0
6683  0000        JMP 0
6684  0000        JMP 0
6685  0000        JMP 0
6686  0000        JMP 0
6687  0000        JMP 0
6688  0000        JMP 0
6689  0000        JMP 0
668A  0000        JMP 0
668B  0000        JMP 0
668C  0000        JMP 0
668D  0000        JMP 0
668E  0000        JMP 0
668F  0000        JMP 0
6690  0000        JMP 0
6691  0000        JMP 0
6692  0000        JMP 0
6693  0000        JMP 0
6694  0000        JMP 0
6695  0000        JMP 0
6696  0000        JMP 0
6697  0000        JMP 0
6698  0000        JMP 0
6699  0000        JMP 0
669A  0000        JMP 0
669B  0000        JMP 0
669C  0000        JMP 0
669D  0000        JMP 0
669E  0000        JMP 0
669F  0000        JMP 0
66A0  0000        JMP 0
66A1  0000        JMP 0
66A2  0000        JMP 0
66A3  0000        JMP 0
66A4  0000        JMP 0
66A5  0000        JMP 0
66A6  0000        JMP 0
66A7  0000        JMP 0
66A8  0000        JMP 0
66A9  0000        JMP 0
66AA  0000        JMP 0
66AB  0000        JMP 0
66AC  0000        JMP 0
66AD  0000        JMP 0
66AE  0000        JMP 0
66AF  0000        JMP 0
66B0  0000        JMP 0
66B1  0000        JMP 0
66B2  0000        JMP 0
66B3  0000        JMP 0
66B4  0000        JMP 0
66B5  0000        JMP 0
66B6  0000        JMP 0
66B7  0000        JMP 0
66B8  0000        JMP 0
66B9  0000        JMP 0
66BA  0000        JMP 0
66BB  0000        JMP 0
66BC  0000        JMP 0
66BD  0000        JMP 0
66BE  0000        JMP 0
66BF  0000        JMP 0
66C0  0000        JMP 0
66C1  0000        JMP 0
66C2  0000        JMP 0
66C3  0000        JMP 0
66C4  0000        JMP 0
66C5  0000        JMP 0
66C6  0000        JMP 0
66C7  0000        JMP 0
66C8  0000        JMP 0
66C9  0000        JMP 0
66CA  0000        JMP 0
66CB  0000        JMP 0
66CC  0000        JMP 0
66CD  0000        JMP 0
66CE  0000        JMP 0
66CF  0000        JMP 0
66D0  0000        JMP 0
66D1  0000        JMP 0
66D2  0000        JMP 0
66D3  0000        JMP 0
66D4  0000        JMP 0
66D5  0000        JMP 0
66D6  0000        JMP 0
66D7  0000        JMP 0
66D8  0000        JMP 0
66D9  0000        JMP 0
66DA  0000        JMP 0
66DB  0000        JMP 0
66DC  0000        JMP 0
66DD  0000        JMP 0
66DE  0000        JMP 0
66DF  0000        JMP 0
66E0  0000        JMP 0
66E1  0000        JMP 0
66E2  0000        JMP 0
66E3  0000        JMP 0
66E4  0000        JMP 0
66E5  0000        JMP 0
66E6  0000        JMP 0
66E7  0000        JMP 0
66E8  0000        JMP 0
66E9  0000        JMP 0
66EA  0000        JMP 0
66EB  0000        JMP 0
66EC  0000        JMP 0
66ED  0000        JMP 0
66EE  0000        JMP 0
66EF  0000        JMP 0
66F0  0000        JMP 0
66F1  0000        JMP 0
66F2  0000        JMP 0
66F3  0000        JMP 0
66F4  0000        JMP 0
66F5  0000        JMP 0
66F6  0000        JMP 0
66F7  0000        JMP 0
66F8  0000        JMP 0
66F9  0000        JMP 0
66FA  0000        JMP 0
66FB  0000        JMP 0
66FC  0000        JMP 0
66FD  0000        JMP 0
66FE  0000        JMP 0
66FF  0000        JMP 0
6700  0000        JMP 0
6701  0000        JMP 0
6702  0000        JMP 0
6703  0000        JMP 0
6704  0000        JMP 0
6705  0000        JMP 0
6706  0000        JMP 0
6707  0000        JMP 0
6708  0000        JMP 0
6709  0000        JMP 0
670A  0000        JMP 0
670B  0000        JMP 0
670C  0000        JMP 0
670D  0000        JMP 0
670E  0000        JMP 0
670F  0000        JMP 0
6710  0000        JMP 0
6711  0000        JMP 0
6712  0000        JMP 0
6713  0000        JMP 0
6714  0000        JMP 0
6715  0000        JMP 0
6716  0000        JMP 0
6717  0000        JMP 0
6718  0000        JMP 0
6719  0000        JMP 0
671A  0000        JMP 0
671B  0000        JMP 0
671C  0000        JMP 0
671D  0000        JMP 0
671E  0000        JMP 0
671F  0000        JMP 0
6720  0000        JMP 0
6721  0000        JMP 0
6722  0000        JMP 0
6723  0000        JMP 0
6724  0000        JMP 0
6725  0000        JMP 0
6726  0000        JMP 0
6727  0000        JMP 0
6728  0000        JMP 0
6729  0000        JMP 0
672A  0000        JMP 0
672B  0000        JMP 0
672C  0000        JMP 0
672D  0000        JMP 0
672E  0000        JMP 0
672F  0000        JMP 0
6730  0000        JMP 0
6731  0000        JMP 0
6732  0000        JMP 0
6733  0000        JMP 0
6734  0000        JMP 0
6735  0000        JMP 0
6736  0000        JMP 0
6737  0000        JMP 0
6738  0000        JMP 0
6739  0000        JMP 0
673A  0000        JMP 0
673B  0000        JMP 0
673C  0000        JMP 0
673D  0000        JMP 0
673E  0000        JMP 0
673F  0000        JMP 0
6740  0000        JMP 0
6741  0000        JMP 0
6742  0000        JMP 0
6743  0000        JMP 0
6744  0000        JMP 0
6745  0000        JMP 0
6746  0000        JMP 0
6747  0000        JMP 0
6748  0000        JMP 0
6749  0000        JMP 0
674A  0000        JMP 0
674B  0000        JMP 0
674C  0000        JMP 0
674D  0000        JMP 0
674E  0000        JMP 0
674F  0000        JMP 0
6750  0000        JMP 0
6751  0000        JMP 0
6752  0000        JMP 0
6753  0000        JMP 0
6754  0000        JMP 0
6755  0000        JMP 0
6756  0000        JMP 0
6757  0000        JMP 0
6758  0000        JMP 0
6759  0000        JMP 0
675A  0000        JMP 0
675B  0000        JMP 0
675C  0000        JMP 0
675D  0000        JMP 0
675E  0000        JMP 0
675F  0000        JMP 0
6760  0000        JMP 0
6761  0000        JMP 0
6762  0000        JMP 0
6763  0000        JMP 0
6764  0000        JMP 0
6765  0000        JMP 0
6766  0000        JMP 0
6767  0000        JMP 0
6768  0000        JMP 0
6769  0000        JMP 0
676A  0000        JMP 0
676B  0000        JMP 0
676C  0000        JMP 0
676D  0000        JMP 0
676E  0000        JMP 0
676F  0000        JMP 0
6770  0000        JMP 0
6771  0000        JMP 0
6772  0000        JMP 0
6773  0000        JMP 0
6774  0000        JMP 0
6775  0000        JMP 0
6776  0000        JMP 0
6777  0000        JMP 0
6778  0000        JMP 0
6779  0000        JMP 0
677A  0000        JMP 0
677B  0000        JMP 0
677C  0000        JMP 0
677D  0000        JMP 0
677E  0000        JMP 0
677F  0000        JMP 0
6780  0000        JMP 0
6781  0000        JMP 0
6782  0000        JMP 0
6783  0000        JMP 0
6784  0000        JMP 0
6785  0000        JMP 0
6786  0000        JMP 0
6787  0000        JMP 0
6788  0000        JMP 0
6789  0000        JMP 0
678A  0000        JMP 0
678B  0000        JMP 0
678C  0000        JMP 0
678D  0000        JMP 0
678E  0000        JMP 0
678F  0000        JMP 0
6790  0000        JMP 0
6791  0000        JMP 0
6792  0000        JMP 0
6793  0000        JMP 0
6794  0000        JMP 0
6795  0000        JMP 0
6796  0000        JMP 0
6797  0000        JMP 0
6798  0000        JMP 0
6799  0000        JMP 0
679A  0000        JMP 0
679B  0000        JMP 0
679C  0000        JMP 0
679D  0000        JMP 0
679E  0000        JMP 0
679F  0000        JMP 0
67A0  0000        JMP 0
67A1  0000        JMP 0
67A2  0000        JMP 0
67A3  0000        JMP 0
67A4  0000        JMP 0
67A5  0000        JMP 0
67A6  0000        JMP 0
67A7  0000        JMP 0
67A8  0000        JMP 0
67A9  0000        JMP 0
67AA  0000        JMP 0
67AB  0000        JMP 0
67AC  0000        JMP 0
67AD  0000        JMP 0
67AE  0000        JMP 0
67AF  0000        JMP 0
67B0  0000        JMP 0
67B1  0000        JMP 0
67B2  0000        JMP 0
67B3  0000        JMP 0
67B4  0000        JMP 0
67B5  0000        JMP 0
67B6  0000        JMP 0
67B7  0000        JMP 0
67B8  0000        JMP 0
67B9  0000        JMP 0
67BA  0000        JMP 0
67BB  0000        JMP 0
67BC  0000        JMP 0
67BD  0000        JMP 0
67BE  0000        JMP 0
67BF  0000        JMP 0
67C0  0000        JMP 0
67C1  0000        JMP 0
67C2  0000        JMP 0
67C3  0000        JMP 0
67C4  0000        JMP 0
67C5  0000        JMP 0
67C6  0000        JMP 0
67C7  0000        JMP 0
67C8  0000        JMP 0
67C9  0000        JMP 0
67CA  0000        JMP 0
67CB  0000        JMP 0
67CC  0000        JMP 0
67CD  0000        JMP 0
67CE  0000        JMP 0
67CF  0000        JMP 0
67D0  0000        JMP 0
67D1  0000        JMP 0
67D2  0000        JMP 0
67D3  0000        JMP 0
67D4  0000        JMP 0
67D5  0000        JMP 0
67D6  0000        JMP 0
67D7  0000        JMP 0
67D8  0000        JMP 0
67D9  0000        JMP 0
67DA  0000        JMP 0
67DB  0000        JMP 0
67DC  0000        JMP 0
67DD  0000        JMP 0
67DE  0000        JMP 0
67DF  0000        JMP 0
67E0  0000        JMP 0
67E1  0000        JMP 0
67E2  0000        JMP 0
67E3  0000        JMP 0
67E4  0000        JMP 0
67E5  0000        JMP 0
67E6  0000        JMP 0
67E7  0000        JMP 0
67E8  0000        JMP 0
67E9  0000        JMP 0
67EA  0000        JMP 0
67EB  0000        JMP 0
67EC  0000        JMP 0
67ED  0000        JMP 0
67EE  0000        JMP 0
67EF  0000        JMP 0
67F0  0000        JMP 0
67F1  0000        JMP 0
67F2  0000        JMP 0
67F3  0000        JMP 0
67F4  0000        JMP 0
67F5  0000        JMP 0
67F6  0000        JMP 0
67F7  0000        JMP 0
67F8  0000        JMP 0
67F9  0000        JMP 0
67FA  0000        JMP 0
67FB  0000        JMP 0
67FC  0000        JMP 0
67FD  0000        JMP 0
67FE  0000        JMP 0
67FF  0000        JMP 0
6800  E7C8 002D   SAVE 45             ; frame
6802  0C42        JSR @66
6803  0001        JMP 1
6804  4317        STA 0,23,3
6805  B438 01B1   ELDA 2,01B1   ; = 433
6807  2AFD        LDA 1,-3,2
6808  B500        SUB 1,2
6809  5318        STA 2,24,3
680A  B438 01B7   ELDA 2,01B7   ; = 439
680C  32FD        LDA 2,-3,2
680D  5319        STA 2,25,3
680E  B438 01B7   ELDA 2,01B7   ; = 439
6810  32FB        LDA 2,-5,2
6811  531A        STA 2,26,3
6812  B438 01B7   ELDA 2,01B7   ; = 439
6814  32FE        LDA 2,-2,2
6815  2319        LDA 0,25,3
6816  8100        NEG 0,0
6817  8300        INC 0,0
6818  531B        STA 2,27,3
6819  9600        ADD 0,2
681A  431C        STA 0,28,3
681B  8500        SUB 0,0
681C  4B1D        STA 1,29,3
681D  2B1A        LDA 1,26,3
681E  CFC8        MULS
681F  2319        LDA 0,25,3
6820  4B1E        STA 1,30,3
6821  8E00        ADD 0,1
6822  A438 01B7   ELDA 0,01B7   ; = 439
6824  A500        SUB 1,0
6825  431F        STA 0,31,3
6826  2318        LDA 0,24,3
6827  A008        ADI 1,0
6828  5320        STA 2,32,3
6829  F7F8 0094   ADDI 0094,2
682B  4321        STA 0,33,3
682C  231F        LDA 0,31,3
682D  5322        STA 2,34,3
682E  9600        ADD 0,2
682F  2320        LDA 0,32,3
6830  E7F8 0092   ADDI 0092,0
6832  5323        STA 2,35,3
6833  331F        LDA 2,31,3
6834  9600        ADD 0,2
6835  2320        LDA 0,32,3
6836  E7F8 0093   ADDI 0093,0
6838  5324        STA 2,36,3
6839  331F        LDA 2,31,3
683A  9600        ADD 0,2
683B  4B25        STA 1,37,3
683C  5326        STA 2,38,3
683D  0C62        JSR @98
683E  EC38 46C6   ELEF 1,46C6   ; [46C6] = 10
6840  6306        IO   6306
6841  0C59        JSR @89
6842  EC38 46C7   ELEF 1,46C7   ; [46C7] = 50
6844  6311        IO   6311
6845  0C59        JSR @89
6846  EC38 46C8   ELEF 1,46C8   ; [46C8] = 32
6848  6314        IO   6314
6849  0C59        JSR @89
684A  0101        JMP 1,PC   ; -> 684B
684B  2717        LDA 0,@23,3
684C  F438 473C   ELEF 2,473C   ; [473C] = 12369
684E  0C5A        JSR @90
684F  D00C        COM# 2,2,SZR
6850  0A00        JSR 0,2
6851  8500        SUB 0,0
6852  AD50        SUBZL 1,1
6853  3821        LDA 3,33
6854  430B        STA 0,11,3
6855  4B0C        STA 1,12,3
6856  230C        LDA 0,12,3
6857  AC38 01DE   ELDA 1,01DE   ; = 478
6859  A248        SGE 1,0
685A  011A        JMP 26,PC   ; -> 6874
685B  3318        LDA 2,24,3
685C  9600        ADD 0,2
685D  E438 0AF5   ELEF 0,0AF5   ; [0AF5] = 0
685F  5327        STA 2,39,3
6860  2A00        LDA 1,0,2
6861  8D0C        SUB# 0,1,SZR
6862  D501        SUB 2,2,SKP
6863  D550        SUBZL 2,2
6864  E438 0AF6   ELEF 0,0AF6   ; [0AF6] = 0
6866  5327        STA 2,39,3
6867  8D0C        SUB# 0,1,SZR
6868  D501        SUB 2,2,SKP
6869  D550        SUBZL 2,2
686A  2327        LDA 0,39,3
686B  9108        IOR 0,2
686C  D20D        MOV# 2,2,SNR
686D  0103        JMP 3,PC   ; -> 6870
686E  230C        LDA 0,12,3
686F  430B        STA 0,11,3
6870  230C        LDA 0,12,3
6871  8300        INC 0,0
6872  430C        STA 0,12,3
6873  01E3        JMP -29,PC   ; -> 6856
6874  230B        LDA 0,11,3
6875  820C        MOV# 0,0,SZR
6876  010A        JMP 10,PC   ; -> 6880
6877  3020        LDA 2,32
6878  EC38 46CD   ELEF 1,46CD   ; [46CD] = 225
687A  AE48        PSH 1,1
687B  0C0C 5D26   JSR @12            ; overlay call, arg 5D26
687D  5020        STA 2,32
687E  8538 0085   EJMP 0085,PC   ; -> 6904
6880  3020        LDA 2,32
6881  E438 46CA   ELEF 0,46CA   ; [46CA] = 1
6883  EC38 01D5   ELEF 1,01D5   ; = 469
6885  8E48        PSH 0,1
6886  E438 46CE   ELEF 0,46CE   ; [46CE] = 2
6888  6B27        IO   6B27
6889  8E48        PSH 0,1
688A  0C0C 5674   JSR @12            ; overlay call, arg 5674
688C  5020        STA 2,32
688D  2327        LDA 0,39,3
688E  430C        STA 0,12,3
688F  862E        ADDO# 0,0,SEZ
6890  0103        JMP 3,PC   ; -> 6893
6891  8538 0072   EJMP 0072,PC   ; -> 6904
6893  2B20        LDA 1,32,3
6894  8E00        ADD 0,1
6895  331F        LDA 2,31,3
6896  B600        ADD 1,2
6897  A438 01D5   ELDA 0,01D5   ; = 469
6899  5327        STA 2,39,3
689A  2A00        LDA 1,0,2
689B  8D0D        SUB# 0,1,SNR
689C  010B        JMP 11,PC   ; -> 68A7
689D  3020        LDA 2,32
689E  E438 021D   ELEF 0,021D   ; = 541
68A0  EC38 46CE   ELEF 1,46CE   ; [46CE] = 2
68A2  8E48        PSH 0,1
68A3  0C0C 5DBE   JSR @12            ; overlay call, arg 5DBE
68A5  5020        STA 2,32
68A6  015E        JMP 94,PC   ; -> 6904
68A7  6071        IO   6071
68A8  2B0C        LDA 1,12,3
68A9  8A08        SGT 0,1
68AA  D501        SUB 2,2,SKP
68AB  D550        SUBZL 2,2
68AC  AC38 01FE   ELDA 1,01FE   ; = 510
68AE  EFF8 0071   ADDI 0071,1
68B0  230C        LDA 0,12,3
68B1  5327        STA 2,39,3
68B2  8A08        SGT 0,1
68B3  D501        SUB 2,2,SKP
68B4  D550        SUBZL 2,2
68B5  2327        LDA 0,39,3
68B6  9108        IOR 0,2
68B7  D20D        MOV# 2,2,SNR
68B8  010B        JMP 11,PC   ; -> 68C3
68B9  3020        LDA 2,32
68BA  E438 021D   ELEF 0,021D   ; = 541
68BC  EC38 46D0   ELEF 1,46D0   ; [46D0] = 231
68BE  8E48        PSH 0,1
68BF  0C0C 5DBE   JSR @12            ; overlay call, arg 5DBE
68C1  5020        STA 2,32
68C2  0142        JMP 66,PC   ; -> 6904
68C3  6311        IO   6311
68C4  EC38 021D   ELEF 1,021D   ; = 541
68C6  0C5C        JSR @92
68C7  B438 01DB   ELDA 2,01DB   ; = 475
68C9  D300        INC 2,2
68CA  230B        LDA 0,11,3
68CB  950D        SUB# 0,2,SNR
68CC  0109        JMP 9,PC   ; -> 68D5
68CD  3020        LDA 2,32
68CE  E438 46D1   ELEF 0,46D1   ; [46D1] = 125
68D0  8648        PSH 0,0
68D1  0C0C 5D26   JSR @12            ; overlay call, arg 5D26
68D3  5020        STA 2,32
68D4  0130        JMP 48,PC   ; -> 6904
68D5  A438 01DB   ELDA 0,01DB   ; = 475
68D7  A008        ADI 1,0
68D8  4327        STA 0,39,3
68D9  3020        LDA 2,32
68DA  E438 46CA   ELEF 0,46CA   ; [46CA] = 1
68DC  EC38 46C9   ELEF 1,46C9   ; [46C9] = 0
68DE  8E48        PSH 0,1
68DF  6327        IO   6327
68E0  6B28        IO   6B28
68E1  8E48        PSH 0,1
68E2  0C0C 5674   JSR @12            ; overlay call, arg 5674
68E4  5020        STA 2,32
68E5  2328        LDA 0,40,3
68E6  430D        STA 0,13,3
68E7  862F        ADDO# 0,0,SBN
68E8  011C        JMP 28,PC   ; -> 6904
68E9  2B20        LDA 1,32,3
68EA  8E00        ADD 0,1
68EB  331F        LDA 2,31,3
68EC  B600        ADD 1,2
68ED  5327        STA 2,39,3
68EE  2200        LDA 0,0,2
68EF  820D        MOV# 0,0,SNR
68F0  0109        JMP 9,PC   ; -> 68F9
68F1  3020        LDA 2,32
68F2  E438 46D2   ELEF 0,46D2   ; [46D2] = 6
68F4  8648        PSH 0,0
68F5  0C0C 5D26   JSR @12            ; overlay call, arg 5D26
68F7  5020        STA 2,32
68F8  010C        JMP 12,PC   ; -> 6904
68F9  3020        LDA 2,32
68FA  E438 021D   ELEF 0,021D   ; = 541
68FC  6B11        IO   6B11
68FD  8E48        PSH 0,1
68FE  630D        IO   630D
68FF  6B0C        IO   6B0C
6900  8E48        PSH 0,1
6901  0C0C 01A9   JSR @12            ; overlay call, arg 01A9
6903  5020        STA 2,32
6904  8538 0265   EJMP 0265,PC   ; -> 6B6A
6906  3020        LDA 2,32
6907  E438 46CA   ELEF 0,46CA   ; [46CA] = 1
6909  EC38 01D5   ELEF 1,01D5   ; = 469
690B  8E48        PSH 0,1
690C  E438 46CE   ELEF 0,46CE   ; [46CE] = 2
690E  3821        LDA 3,33
690F  6B27        IO   6B27
6910  8E48        PSH 0,1
6911  0C0C 5674   JSR @12            ; overlay call, arg 5674
6913  5020        STA 2,32
6914  2327        LDA 0,39,3
6915  430B        STA 0,11,3
6916  AD50        SUBZL 1,1
6917  A208        SGT 1,0
6918  010F        JMP 15,PC   ; -> 6927
6919  E438 46CA   ELEF 0,46CA   ; [46CA] = 1
691B  EC38 46C9   ELEF 1,46C9   ; [46C9] = 0
691D  8E48        PSH 0,1
691E  E438 46CE   ELEF 0,46CE   ; [46CE] = 2
6920  6B27        IO   6B27
6921  8E48        PSH 0,1
6922  0C0C 5674   JSR @12            ; overlay call, arg 5674
6924  5020        STA 2,32
6925  2327        LDA 0,39,3
6926  430B        STA 0,11,3
6927  3020        LDA 2,32
6928  630B        IO   630B
6929  6B27        IO   6B27
692A  8E48        PSH 0,1
692B  0C0C 540B   JSR @12            ; overlay call, arg 540B
692D  5020        STA 2,32
692E  A438 01D5   ELDA 0,01D5   ; = 469
6930  2B27        LDA 1,39,3
6931  8D0D        SUB# 0,1,SNR
6932  D501        SUB 2,2,SKP
6933  D550        SUBZL 2,2
6934  5328        STA 2,40,3
6935  3020        LDA 2,32
6936  630B        IO   630B
6937  6B29        IO   6B29
6938  8E48        PSH 0,1
6939  0C0C 540B   JSR @12            ; overlay call, arg 540B
693B  5020        STA 2,32
693C  2329        LDA 0,41,3
693D  820D        MOV# 0,0,SNR
693E  AD01        SUB 1,1,SKP
693F  AD50        SUBZL 1,1
6940  2328        LDA 0,40,3
6941  8F00        AND 0,1
6942  AA0D        MOV# 1,1,SNR
6943  010A        JMP 10,PC   ; -> 694D
6944  E438 021D   ELEF 0,021D   ; = 541
6946  EC38 46CE   ELEF 1,46CE   ; [46CE] = 2
6948  8E48        PSH 0,1
6949  0C0C 5DBE   JSR @12            ; overlay call, arg 5DBE
694B  5020        STA 2,32
694C  0144        JMP 68,PC   ; -> 6990
694D  230B        LDA 0,11,3
694E  6890        IO   6890
694F  8D0D        SUB# 0,1,SNR
6950  D501        SUB 2,2,SKP
6951  D550        SUBZL 2,2
6952  6849        IO   6849
6953  5327        STA 2,39,3
6954  8D0D        SUB# 0,1,SNR
6955  D501        SUB 2,2,SKP
6956  D550        SUBZL 2,2
6957  2327        LDA 0,39,3
6958  9700        AND 0,2
6959  D20D        MOV# 2,2,SNR
695A  010B        JMP 11,PC   ; -> 6965
695B  3020        LDA 2,32
695C  E438 021D   ELEF 0,021D   ; = 541
695E  EC38 46D5   ELEF 1,46D5   ; [46D5] = 219
6960  8E48        PSH 0,1
6961  0C0C 5DBE   JSR @12            ; overlay call, arg 5DBE
6963  5020        STA 2,32
6964  012C        JMP 44,PC   ; -> 6990
6965  3020        LDA 2,32
6966  E438 46D6   ELEF 0,46D6   ; [46D6] = 103
6968  6B27        IO   6B27
6969  8E48        PSH 0,1
696A  0C0C 540B   JSR @12            ; overlay call, arg 540B
696C  5020        STA 2,32
696D  2327        LDA 0,39,3
696E  820D        MOV# 0,0,SNR
696F  010A        JMP 10,PC   ; -> 6979
6970  E438 021D   ELEF 0,021D   ; = 541
6972  EC38 46D7   ELEF 1,46D7   ; [46D7] = 220
6974  8E48        PSH 0,1
6975  0C0C 5DBE   JSR @12            ; overlay call, arg 5DBE
6977  5020        STA 2,32
6978  0118        JMP 24,PC   ; -> 6990
6979  230B        LDA 0,11,3
697A  6890        IO   6890
697B  8D0C        SUB# 0,1,SZR
697C  0109        JMP 9,PC   ; -> 6985
697D  3020        LDA 2,32
697E  E438 46D8   ELEF 0,46D8   ; [46D8] = 221
6980  8648        PSH 0,0
6981  0C0C 5D26   JSR @12            ; overlay call, arg 5D26
6983  5020        STA 2,32
6984  010C        JMP 12,PC   ; -> 6990
6985  230B        LDA 0,11,3
6986  6849        IO   6849
6987  8D0C        SUB# 0,1,SZR
6988  0108        JMP 8,PC   ; -> 6990
6989  3020        LDA 2,32
698A  E438 46D9   ELEF 0,46D9   ; [46D9] = 222
698C  8648        PSH 0,0
698D  0C0C 5D26   JSR @12            ; overlay call, arg 5D26
698F  5020        STA 2,32
6990  8538 01D9   EJMP 01D9,PC   ; -> 6B6A
6992  3821        LDA 3,33
6993  2721        LDA 0,@33,3
6994  820C        MOV# 0,0,SZR
6995  010A        JMP 10,PC   ; -> 699F
6996  3020        LDA 2,32
6997  EC38 46DA   ELEF 1,46DA   ; [46DA] = 237
6999  AE48        PSH 1,1
699A  0C0C 5D26   JSR @12            ; overlay call, arg 5D26
699C  5020        STA 2,32
699D  8538 00AE   EJMP 00AE,PC   ; -> 6A4C
699F  E438 0AF5   ELEF 0,0AF5   ; [0AF5] = 0
69A1  2F21        LDA 1,@33,3
69A2  8D0D        SUB# 0,1,SNR
69A3  D501        SUB 2,2,SKP
69A4  D550        SUBZL 2,2
69A5  E438 0AF6   ELEF 0,0AF6   ; [0AF6] = 0
69A7  5327        STA 2,39,3
69A8  8D0D        SUB# 0,1,SNR
69A9  D501        SUB 2,2,SKP
69AA  D550        SUBZL 2,2
69AB  2327        LDA 0,39,3
69AC  9700        AND 0,2
69AD  D20D        MOV# 2,2,SNR
69AE  010A        JMP 10,PC   ; -> 69B8
69AF  3020        LDA 2,32
69B0  E438 46D1   ELEF 0,46D1   ; [46D1] = 125
69B2  8648        PSH 0,0
69B3  0C0C 5D26   JSR @12            ; overlay call, arg 5D26
69B5  5020        STA 2,32
69B6  8538 0095   EJMP 0095,PC   ; -> 6A4C
69B8  3020        LDA 2,32
69B9  E438 46CA   ELEF 0,46CA   ; [46CA] = 1
69BB  EC38 46C9   ELEF 1,46C9   ; [46C9] = 0
69BD  8E48        PSH 0,1
69BE  E438 46DB   ELEF 0,46DB   ; [46DB] = 3
69C0  6B27        IO   6B27
69C1  8E48        PSH 0,1
69C2  0C0C 5674   JSR @12            ; overlay call, arg 5674
69C4  5020        STA 2,32
69C5  2327        LDA 0,39,3
69C6  430B        STA 0,11,3
69C7  2B20        LDA 1,32,3
69C8  8E00        ADD 0,1
69C9  331F        LDA 2,31,3
69CA  B600        ADD 1,2
69CB  5327        STA 2,39,3
69CC  2200        LDA 0,0,2
69CD  820D        MOV# 0,0,SNR
69CE  010A        JMP 10,PC   ; -> 69D8
69CF  3020        LDA 2,32
69D0  E438 46D2   ELEF 0,46D2   ; [46D2] = 6
69D2  8648        PSH 0,0
69D3  0C0C 5D26   JSR @12            ; overlay call, arg 5D26
69D5  5020        STA 2,32
69D6  8538 0075   EJMP 0075,PC   ; -> 6A4C
69D8  230B        LDA 0,11,3
69D9  6891        IO   6891
69DA  8D0D        SUB# 0,1,SNR
69DB  010C        JMP 12,PC   ; -> 69E7
69DC  3020        LDA 2,32
69DD  E438 021D   ELEF 0,021D   ; = 541
69DF  EC38 46DD   ELEF 1,46DD   ; [46DD] = 238
69E1  8E48        PSH 0,1
69E2  0C0C 5DBE   JSR @12            ; overlay call, arg 5DBE
69E4  5020        STA 2,32
69E5  8538 0066   EJMP 0066,PC   ; -> 6A4C
69E7  3020        LDA 2,32
69E8  E438 46DE   ELEF 0,46DE   ; [46DE] = 62
69EA  8648        PSH 0,0
69EB  E438 46CE   ELEF 0,46CE   ; [46CE] = 2
69ED  6B27        IO   6B27
69EE  8E48        PSH 0,1
69EF  0C0C 5FDF   JSR @12            ; overlay call, arg 5FDF
69F1  5020        STA 2,32
69F2  A438 01D5   ELDA 0,01D5   ; = 469
69F4  2B27        LDA 1,39,3
69F5  8D0D        SUB# 0,1,SNR
69F6  0108        JMP 8,PC   ; -> 69FE
69F7  E438 46DF   ELEF 0,46DF   ; [46DF] = 239
69F9  8648        PSH 0,0
69FA  0C0C 5D26   JSR @12            ; overlay call, arg 5D26
69FC  5020        STA 2,32
69FD  014F        JMP 79,PC   ; -> 6A4C
69FE  3020        LDA 2,32
69FF  E438 46E0   ELEF 0,46E0   ; [46E0] = 148
6A01  6B27        IO   6B27
6A02  8E48        PSH 0,1
6A03  0C0C 5FFA   JSR @12            ; overlay call, arg 5FFA
6A05  5020        STA 2,32
6A06  6003        IO   6003
6A07  2B27        LDA 1,39,3
6A08  8D0D        SUB# 0,1,SNR
6A09  013C        JMP 60,PC   ; -> 6A45
6A0A  A438 01D5   ELDA 0,01D5   ; = 469
6A0C  2F23        LDA 1,@35,3
6A0D  8D0D        SUB# 0,1,SNR
6A0E  0103        JMP 3,PC   ; -> 6A11
6A0F  4723        STA 0,@35,3
6A10  0113        JMP 19,PC   ; -> 6A23
6A11  3020        LDA 2,32
6A12  E438 46E0   ELEF 0,46E0   ; [46E0] = 148
6A14  6B27        IO   6B27
6A15  8E48        PSH 0,1
6A16  0C0C 5FFA   JSR @12            ; overlay call, arg 5FFA
6A18  5020        STA 2,32
6A19  2327        LDA 0,39,3
6A1A  8300        INC 0,0
6A1B  4329        STA 0,41,3
6A1C  6329        IO   6329
6A1D  EC38 46E0   ELEF 1,46E0   ; [46E0] = 148
6A1F  8E48        PSH 0,1
6A20  0C0C 6024   JSR @12            ; overlay call, arg 6024
6A22  5020        STA 2,32
6A23  3020        LDA 2,32
6A24  E438 46E0   ELEF 0,46E0   ; [46E0] = 148
6A26  6B27        IO   6B27
6A27  8E48        PSH 0,1
6A28  0C0C 5FFA   JSR @12            ; overlay call, arg 5FFA
6A2A  5020        STA 2,32
6A2B  2327        LDA 0,39,3
6A2C  430C        STA 0,12,3
6A2D  E7F8 00F0   ADDI 00F0,0
6A2F  4327        STA 0,39,3
6A30  6B27        IO   6B27
6A31  AE48        PSH 1,1
6A32  0C0C 5D26   JSR @12            ; overlay call, arg 5D26
6A34  5020        STA 2,32
6A35  6002        IO   6002
6A36  2B0C        LDA 1,12,3
6A37  8D0C        SUB# 0,1,SZR
6A38  0105        JMP 5,PC   ; -> 6A3D
6A39  A438 01D5   ELDA 0,01D5   ; = 469
6A3B  4724        STA 0,@36,3
6A3C  0108        JMP 8,PC   ; -> 6A44
6A3D  6003        IO   6003
6A3E  2B0C        LDA 1,12,3
6A3F  8D0C        SUB# 0,1,SZR
6A40  0104        JMP 4,PC   ; -> 6A44
6A41  B438 01D5   ELDA 2,01D5   ; = 469
6A43  5726        STA 2,@38,3
6A44  0108        JMP 8,PC   ; -> 6A4C
6A45  3020        LDA 2,32
6A46  E438 46E4   ELEF 0,46E4   ; [46E4] = 244
6A48  8648        PSH 0,0
6A49  0C0C 5D26   JSR @12            ; overlay call, arg 5D26
6A4B  5020        STA 2,32
6A4C  8538 011D   EJMP 011D,PC   ; -> 6B6A
6A4E  3020        LDA 2,32
6A4F  E438 46C9   ELEF 0,46C9   ; [46C9] = 0
6A51  EC38 01D5   ELEF 1,01D5   ; = 469
6A53  8E48        PSH 0,1
6A54  E438 46CE   ELEF 0,46CE   ; [46CE] = 2
6A56  3821        LDA 3,33
6A57  6B27        IO   6B27
6A58  8E48        PSH 0,1
6A59  0C0C 5674   JSR @12            ; overlay call, arg 5674
6A5B  5020        STA 2,32
6A5C  2327        LDA 0,39,3
6A5D  430B        STA 0,11,3
6A5E  AD50        SUBZL 1,1
6A5F  A208        SGT 1,0
6A60  010F        JMP 15,PC   ; -> 6A6F
6A61  E438 46CA   ELEF 0,46CA   ; [46CA] = 1
6A63  EC38 46C9   ELEF 1,46C9   ; [46C9] = 0
6A65  8E48        PSH 0,1
6A66  E438 46CE   ELEF 0,46CE   ; [46CE] = 2
6A68  6B27        IO   6B27
6A69  8E48        PSH 0,1
6A6A  0C0C 5674   JSR @12            ; overlay call, arg 5674
6A6C  5020        STA 2,32
6A6D  2327        LDA 0,39,3
6A6E  430B        STA 0,11,3
6A6F  230B        LDA 0,11,3
6A70  862E        ADDO# 0,0,SEZ
6A71  0103        JMP 3,PC   ; -> 6A74
6A72  8538 00F6   EJMP 00F6,PC   ; -> 6B69
6A74  3020        LDA 2,32
6A75  630B        IO   630B
6A76  6B27        IO   6B27
6A77  8E48        PSH 0,1
6A78  0C0C 540B   JSR @12            ; overlay call, arg 540B
6A7A  5020        STA 2,32
6A7B  A438 01D5   ELDA 0,01D5   ; = 469
6A7D  2B27        LDA 1,39,3
6A7E  8D0D        SUB# 0,1,SNR
6A7F  D501        SUB 2,2,SKP
6A80  D550        SUBZL 2,2
6A81  5329        STA 2,41,3
6A82  3020        LDA 2,32
6A83  630B        IO   630B
6A84  6B28        IO   6B28
6A85  8E48        PSH 0,1
6A86  0C0C 540B   JSR @12            ; overlay call, arg 540B
6A88  5020        STA 2,32
6A89  2328        LDA 0,40,3
6A8A  820D        MOV# 0,0,SNR
6A8B  AD01        SUB 1,1,SKP
6A8C  AD50        SUBZL 1,1
6A8D  2329        LDA 0,41,3
6A8E  8F00        AND 0,1
6A8F  AA0D        MOV# 1,1,SNR
6A90  010B        JMP 11,PC   ; -> 6A9B
6A91  E438 021D   ELEF 0,021D   ; = 541
6A93  EC38 46CE   ELEF 1,46CE   ; [46CE] = 2
6A95  8E48        PSH 0,1
6A96  0C0C 5DBE   JSR @12            ; overlay call, arg 5DBE
6A98  5020        STA 2,32
6A99  8538 00CF   EJMP 00CF,PC   ; -> 6B69
6A9B  230B        LDA 0,11,3
6A9C  6895        IO   6895
6A9D  8D0C        SUB# 0,1,SZR
6A9E  D501        SUB 2,2,SKP
6A9F  D550        SUBZL 2,2
6AA0  6003        IO   6003
6AA1  AC38 01E1   ELDA 1,01E1   ; = 481
6AA3  5327        STA 2,39,3
6AA4  8D0C        SUB# 0,1,SZR
6AA5  D501        SUB 2,2,SKP
6AA6  D550        SUBZL 2,2
6AA7  2327        LDA 0,39,3
6AA8  9700        AND 0,2
6AA9  A438 01D6   ELDA 0,01D6   ; = 470
6AAB  681F        IO   681F
6AAC  5327        STA 2,39,3
6AAD  8A08        SGT 0,1
6AAE  D501        SUB 2,2,SKP
6AAF  D550        SUBZL 2,2
6AB0  2327        LDA 0,39,3
6AB1  9700        AND 0,2
6AB2  605A        IO   605A
6AB3  AC38 01D6   ELDA 1,01D6   ; = 470
6AB5  5327        STA 2,39,3
6AB6  8A08        SGT 0,1
6AB7  D501        SUB 2,2,SKP
6AB8  D550        SUBZL 2,2
6AB9  2327        LDA 0,39,3
6ABA  9700        AND 0,2
6ABB  D20C        MOV# 2,2,SZR
6ABC  0103        JMP 3,PC   ; -> 6ABF
6ABD  8538 00A2   EJMP 00A2,PC   ; -> 6B60
6ABF  8400        ADC 0,0
6AC0  4304        STA 0,4,3
6AC1  A438 46E9   ELDA 0,46E9   ; [46E9] = 0
6AC3  4309        STA 0,9,3
6AC4  8500        SUB 0,0
6AC5  4303        STA 0,3,3
6AC6  A438 020A   ELDA 0,020A   ; = 522
6AC8  C7F8 0040   ANDI 0040,0
6ACA  820C        MOV# 0,0,SZR
6ACB  010D        JMP 13,PC   ; -> 6AD8
6ACC  A438 020A   ELDA 0,020A   ; = 522
6ACE  E7F8 0040   ADDI 0040,0
6AD0  C438 020A   ESTA 0,020A   ; = 522
6AD2  A438 01D7   ELDA 0,01D7   ; = 471
6AD4  E7F8 000A   ADDI 000A,0
6AD6  C438 01D7   ESTA 0,01D7   ; = 471
6AD8  3020        LDA 2,32
6AD9  E438 46EB   ELEF 0,46EB   ; [46EB] = 253
6ADB  8648        PSH 0,0
6ADC  0C0C 5D26   JSR @12            ; overlay call, arg 5D26
6ADE  5020        STA 2,32
6ADF  2309        LDA 0,9,3
6AE0  AC38 46EC   ELDA 1,46EC   ; [46EC] = 1
6AE2  A50D        SUB# 1,0,SNR
6AE3  0103        JMP 3,PC   ; -> 6AE6
6AE4  0903        JSR 3,PC   ; -> 6AE7
6AE5  01FA        JMP -6,PC   ; -> 6ADF
6AE6  0119        JMP 25,PC   ; -> 6AFF
6AE7  EA00        MOV 3,1
6AE8  3821        LDA 3,33
6AE9  4B27        STA 1,39,3
6AEA  2303        LDA 0,3,3
6AEB  8600        ADD 0,0
6AEC  B438 0223   ELDA 2,0223   ; = 547
6AEE  9600        ADD 0,2
6AEF  5328        STA 2,40,3
6AF0  2200        LDA 0,0,2
6AF1  C7F8 00FF   ANDI 00FF,0
6AF3  B438 01D6   ELDA 2,01D6   ; = 470
6AF5  C50C        SUB# 2,0,SZR
6AF6  0105        JMP 5,PC   ; -> 6AFB
6AF7  A438 46EC   ELDA 0,46EC   ; [46EC] = 1
6AF9  4309        STA 0,9,3
6AFA  0104        JMP 4,PC   ; -> 6AFE
6AFB  2303        LDA 0,3,3
6AFC  8300        INC 0,0
6AFD  4303        STA 0,3,3
6AFE  0727        JMP @39,3
6AFF  2303        LDA 0,3,3
6B00  AC38 01CF   ELDA 1,01CF   ; = 463
6B02  A208        SGT 1,0
6B03  0103        JMP 3,PC   ; -> 6B06
6B04  0903        JSR 3,PC   ; -> 6B07
6B05  01FA        JMP -6,PC   ; -> 6AFF
6B06  0159        JMP 89,PC   ; -> 6B5F
6B07  EA00        MOV 3,1
6B08  3821        LDA 3,33
6B09  4B28        STA 1,40,3
6B0A  2303        LDA 0,3,3
6B0B  8600        ADD 0,0
6B0C  B438 0223   ELDA 2,0223   ; = 547
6B0E  9600        ADD 0,2
6B0F  5329        STA 2,41,3
6B10  2200        LDA 0,0,2
6B11  C7F8 00FF   ANDI 00FF,0
6B13  B438 01D6   ELDA 2,01D6   ; = 470
6B15  C50C        SUB# 2,0,SZR
6B16  0138        JMP 56,PC   ; -> 6B4E
6B17  2303        LDA 0,3,3
6B18  8600        ADD 0,0
6B19  4329        STA 0,41,3
6B1A  A438 0223   ELDA 0,0223   ; = 547
6B1C  8300        INC 0,0
6B1D  2B29        LDA 1,41,3
6B1E  A600        ADD 1,0
6B1F  4329        STA 0,41,3
6B20  2729        LDA 0,@41,3
6B21  C7F8 00FF   ANDI 00FF,0
6B23  0C62        JSR @98
6B24  430B        STA 0,11,3
6B25  632A        IO   632A
6B26  EC38 46C6   ELEF 1,46C6   ; [46C6] = 10
6B28  0C59        JSR @89
6B29  3020        LDA 2,32
6B2A  630B        IO   630B
6B2B  6B2A        IO   6B2A
6B2C  8E48        PSH 0,1
6B2D  EA00        MOV 3,1
6B2E  8D38 003D   EJSR 003D,PC   ; -> 6B6C
6B30  5020        STA 2,32
6B31  6306        IO   6306
6B32  6B2A        IO   6B2A
6B33  0C5C        JSR @92
6B34  0C63        JSR @99
6B35  3020        LDA 2,32
6B36  E438 46EE   ELEF 0,46EE   ; [46EE] = 4
6B38  8648        PSH 0,0
6B39  E438 46C9   ELEF 0,46C9   ; [46C9] = 0
6B3B  6B29        IO   6B29
6B3C  8E48        PSH 0,1
6B3D  0C0C 5F68   JSR @12            ; overlay call, arg 5F68
6B3F  5020        STA 2,32
6B40  2329        LDA 0,41,3
6B41  E7F8 00F7   ADDI 00F7,0
6B43  432D        STA 0,45,3
6B44  6306        IO   6306
6B45  6B2D        IO   6B2D
6B46  8E48        PSH 0,1
6B47  0C0C 5DBE   JSR @12            ; overlay call, arg 5DBE
6B49  5020        STA 2,32
6B4A  2303        LDA 0,3,3
6B4B  8300        INC 0,0
6B4C  4303        STA 0,3,3
6B4D  0111        JMP 17,PC   ; -> 6B5E
6B4E  2303        LDA 0,3,3
6B4F  8600        ADD 0,0
6B50  AC38 0223   ELDA 1,0223   ; = 547
6B52  A600        ADD 1,0
6B53  4329        STA 0,41,3
6B54  3729        LDA 2,@41,3
6B55  D7F8 00FF   ANDI 00FF,2
6B57  A438 01D6   ELDA 0,01D6   ; = 470
6B59  950D        SUB# 0,2,SNR
6B5A  0104        JMP 4,PC   ; -> 6B5E
6B5B  A438 01CF   ELDA 0,01CF   ; = 463
6B5D  4303        STA 0,3,3
6B5E  0728        JMP @40,3
6B5F  010A        JMP 10,PC   ; -> 6B69
6B60  3020        LDA 2,32
6B61  E438 021D   ELEF 0,021D   ; = 541
6B63  EC38 46F0   ELEF 1,46F0   ; [46F0] = 252
6B65  8E48        PSH 0,1
6B66  0C0C 5DBE   JSR @12            ; overlay call, arg 5DBE
6B68  5020        STA 2,32
6B69  0101        JMP 1,PC   ; -> 6B6A
6B6A  0C63        JSR @99
6B6B  AFC8        RTN
6B6C  E7C8 0002   SAVE 2             ; frame
6B6E  8550        SUBZL 0,0
6B6F  2FFA        LDA 1,@-6,3
6B70  8D0C        SUB# 0,1,SZR
6B71  D501        SUB 2,2,SKP
6B72  D550        SUBZL 2,2
6B73  23FB        LDA 0,-5,3
6B74  EC38 46F1   ELEF 1,46F1   ; -> "          " (len 10)
6B76  0C5C        JSR @92
6B77  D20D        MOV# 2,2,SNR
6B78  0104        JMP 4,PC   ; -> 6B7C
6B79  EC38 46FA   ELEF 1,46FA   ; -> "north" (len 5)
6B7B  0C5C        JSR @92
6B7C  6002        IO   6002
6B7D  2FFA        LDA 1,@-6,3
6B7E  8D0C        SUB# 0,1,SZR
6B7F  0105        JMP 5,PC   ; -> 6B84
6B80  23FB        LDA 0,-5,3
6B81  EC38 4700   ELEF 1,4700   ; -> "northeast" (len 9)
6B83  0C5C        JSR @92
6B84  6003        IO   6003
6B85  2FFA        LDA 1,@-6,3
6B86  8D0C        SUB# 0,1,SZR
6B87  0105        JMP 5,PC   ; -> 6B8C
6B88  23FB        LDA 0,-5,3
6B89  EC38 4708   ELEF 1,4708   ; -> "east" (len 4)
6B8B  0C5C        JSR @92
6B8C  6004        IO   6004
6B8D  2FFA        LDA 1,@-6,3
6B8E  8D0C        SUB# 0,1,SZR
6B8F  0105        JMP 5,PC   ; -> 6B94
6B90  23FB        LDA 0,-5,3
6B91  EC38 470E   ELEF 1,470E   ; -> "southeast" (len 9)
6B93  0C5C        JSR @92
6B94  6005        IO   6005
6B95  2FFA        LDA 1,@-6,3
6B96  8D0C        SUB# 0,1,SZR
6B97  0105        JMP 5,PC   ; -> 6B9C
6B98  23FB        LDA 0,-5,3
6B99  EC38 4717   ELEF 1,4717   ; -> "south" (len 5)
6B9B  0C5C        JSR @92
6B9C  6006        IO   6006
6B9D  2FFA        LDA 1,@-6,3
6B9E  8D0C        SUB# 0,1,SZR
6B9F  0105        JMP 5,PC   ; -> 6BA4
6BA0  23FB        LDA 0,-5,3
6BA1  EC38 471D   ELEF 1,471D   ; -> "southwest" (len 9)
6BA3  0C5C        JSR @92
6BA4  6007        IO   6007
6BA5  2FFA        LDA 1,@-6,3
6BA6  8D0C        SUB# 0,1,SZR
6BA7  0105        JMP 5,PC   ; -> 6BAC
6BA8  23FB        LDA 0,-5,3
6BA9  EC38 4726   ELEF 1,4726   ; -> "west" (len 4)
6BAB  0C5C        JSR @92
6BAC  6008        IO   6008
6BAD  2FFA        LDA 1,@-6,3
6BAE  8D0C        SUB# 0,1,SZR
6BAF  0105        JMP 5,PC   ; -> 6BB4
6BB0  23FB        LDA 0,-5,3
6BB1  EC38 472D   ELEF 1,472D   ; -> "northwest" (len 9)
6BB3  0C5C        JSR @92
6BB4  27FA        LDA 0,@-6,3
6BB5  6808        IO   6808
6BB6  8A08        SGT 0,1
6BB7  0105        JMP 5,PC   ; -> 6BBC
6BB8  23FB        LDA 0,-5,3
6BB9  EC38 4735   ELEF 1,4735   ; -> "out" (len 3)
6BBB  0C5C        JSR @92
6BBC  AFC8        RTN
6BBD  0000        JMP 0
6BBE  0000        JMP 0
6BBF  0000        JMP 0
6BC0  0000        JMP 0
6BC1  0000        JMP 0
6BC2  0000        JMP 0
6BC3  0000        JMP 0
6BC4  0000        JMP 0
6BC5  0000        JMP 0
6BC6  0000        JMP 0
6BC7  0000        JMP 0
6BC8  0000        JMP 0
6BC9  0000        JMP 0
6BCA  0000        JMP 0
6BCB  0000        JMP 0
6BCC  0000        JMP 0
6BCD  0000        JMP 0
6BCE  0000        JMP 0
6BCF  0000        JMP 0
6BD0  0000        JMP 0
6BD1  0000        JMP 0
6BD2  0000        JMP 0
6BD3  0000        JMP 0
6BD4  0000        JMP 0
6BD5  0000        JMP 0
6BD6  0000        JMP 0
6BD7  0000        JMP 0
6BD8  0000        JMP 0
6BD9  0000        JMP 0
6BDA  0000        JMP 0
6BDB  0000        JMP 0
6BDC  0000        JMP 0
6BDD  0000        JMP 0
6BDE  0000        JMP 0
6BDF  0000        JMP 0
6BE0  0000        JMP 0
6BE1  0000        JMP 0
6BE2  0000        JMP 0
6BE3  0000        JMP 0
6BE4  0000        JMP 0
6BE5  0000        JMP 0
6BE6  0000        JMP 0
6BE7  0000        JMP 0
6BE8  0000        JMP 0
6BE9  0000        JMP 0
6BEA  0000        JMP 0
6BEB  0000        JMP 0
6BEC  0000        JMP 0
6BED  0000        JMP 0
6BEE  0000        JMP 0
6BEF  0000        JMP 0
6BF0  0000        JMP 0
6BF1  0000        JMP 0
6BF2  0000        JMP 0
6BF3  0000        JMP 0
6BF4  0000        JMP 0
6BF5  0000        JMP 0
6BF6  0000        JMP 0
6BF7  0000        JMP 0
6BF8  0000        JMP 0
6BF9  0000        JMP 0
6BFA  0000        JMP 0
6BFB  0000        JMP 0
6BFC  0000        JMP 0
6BFD  0000        JMP 0
6BFE  0000        JMP 0
6BFF  0000        JMP 0
6C00  0000        JMP 0
6C01  0000        JMP 0
6C02  0000        JMP 0
6C03  0000        JMP 0
6C04  0000        JMP 0
6C05  0000        JMP 0
6C06  0000        JMP 0
6C07  0000        JMP 0
6C08  0000        JMP 0
6C09  0000        JMP 0
6C0A  0000        JMP 0
6C0B  0000        JMP 0
6C0C  0000        JMP 0
6C0D  0000        JMP 0
6C0E  0000        JMP 0
6C0F  0000        JMP 0
6C10  0000        JMP 0
6C11  0000        JMP 0
6C12  0000        JMP 0
6C13  0000        JMP 0
6C14  0000        JMP 0
6C15  0000        JMP 0
6C16  0000        JMP 0
6C17  0000        JMP 0
6C18  0000        JMP 0
6C19  0000        JMP 0
6C1A  0000        JMP 0
6C1B  0000        JMP 0
6C1C  0000        JMP 0
6C1D  0000        JMP 0
6C1E  0000        JMP 0
6C1F  0000        JMP 0
6C20  0000        JMP 0
6C21  0000        JMP 0
6C22  0000        JMP 0
6C23  0000        JMP 0
6C24  0000        JMP 0
6C25  0000        JMP 0
6C26  0000        JMP 0
6C27  0000        JMP 0
6C28  0000        JMP 0
6C29  0000        JMP 0
6C2A  0000        JMP 0
6C2B  0000        JMP 0
6C2C  0000        JMP 0
6C2D  0000        JMP 0
6C2E  0000        JMP 0
6C2F  0000        JMP 0
6C30  0000        JMP 0
6C31  0000        JMP 0
6C32  0000        JMP 0
6C33  0000        JMP 0
6C34  0000        JMP 0
6C35  0000        JMP 0
6C36  0000        JMP 0
6C37  0000        JMP 0
6C38  0000        JMP 0
6C39  0000        JMP 0
6C3A  0000        JMP 0
6C3B  0000        JMP 0
6C3C  0000        JMP 0
6C3D  0000        JMP 0
6C3E  0000        JMP 0
6C3F  0000        JMP 0
6C40  0000        JMP 0
6C41  0000        JMP 0
6C42  0000        JMP 0
6C43  0000        JMP 0
6C44  0000        JMP 0
6C45  0000        JMP 0
6C46  0000        JMP 0
6C47  0000        JMP 0
6C48  0000        JMP 0
6C49  0000        JMP 0
6C4A  0000        JMP 0
6C4B  0000        JMP 0
6C4C  0000        JMP 0
6C4D  0000        JMP 0
6C4E  0000        JMP 0
6C4F  0000        JMP 0
6C50  0000        JMP 0
6C51  0000        JMP 0
6C52  0000        JMP 0
6C53  0000        JMP 0
6C54  0000        JMP 0
6C55  0000        JMP 0
6C56  0000        JMP 0
6C57  0000        JMP 0
6C58  0000        JMP 0
6C59  0000        JMP 0
6C5A  0000        JMP 0
6C5B  0000        JMP 0
6C5C  0000        JMP 0
6C5D  0000        JMP 0
6C5E  0000        JMP 0
6C5F  0000        JMP 0
6C60  0000        JMP 0
6C61  0000        JMP 0
6C62  0000        JMP 0
6C63  0000        JMP 0
6C64  0000        JMP 0
6C65  0000        JMP 0
6C66  0000        JMP 0
6C67  0000        JMP 0
6C68  0000        JMP 0
6C69  0000        JMP 0
6C6A  0000        JMP 0
6C6B  0000        JMP 0
6C6C  0000        JMP 0
6C6D  0000        JMP 0
6C6E  0000        JMP 0
6C6F  0000        JMP 0
6C70  0000        JMP 0
6C71  0000        JMP 0
6C72  0000        JMP 0
6C73  0000        JMP 0
6C74  0000        JMP 0
6C75  0000        JMP 0
6C76  0000        JMP 0
6C77  0000        JMP 0
6C78  0000        JMP 0
6C79  0000        JMP 0
6C7A  0000        JMP 0
6C7B  0000        JMP 0
6C7C  0000        JMP 0
6C7D  0000        JMP 0
6C7E  0000        JMP 0
6C7F  0000        JMP 0
6C80  0000        JMP 0
6C81  0000        JMP 0
6C82  0000        JMP 0
6C83  0000        JMP 0
6C84  0000        JMP 0
6C85  0000        JMP 0
6C86  0000        JMP 0
6C87  0000        JMP 0
6C88  0000        JMP 0
6C89  0000        JMP 0
6C8A  0000        JMP 0
6C8B  0000        JMP 0
6C8C  0000        JMP 0
6C8D  0000        JMP 0
6C8E  0000        JMP 0
6C8F  0000        JMP 0
6C90  0000        JMP 0
6C91  0000        JMP 0
6C92  0000        JMP 0
6C93  0000        JMP 0
6C94  0000        JMP 0
6C95  0000        JMP 0
6C96  0000        JMP 0
6C97  0000        JMP 0
6C98  0000        JMP 0
6C99  0000        JMP 0
6C9A  0000        JMP 0
6C9B  0000        JMP 0
6C9C  0000        JMP 0
6C9D  0000        JMP 0
6C9E  0000        JMP 0
6C9F  0000        JMP 0
6CA0  0000        JMP 0
6CA1  0000        JMP 0
6CA2  0000        JMP 0
6CA3  0000        JMP 0
6CA4  0000        JMP 0
6CA5  0000        JMP 0
6CA6  0000        JMP 0
6CA7  0000        JMP 0
6CA8  0000        JMP 0
6CA9  0000        JMP 0
6CAA  0000        JMP 0
6CAB  0000        JMP 0
6CAC  0000        JMP 0
6CAD  0000        JMP 0
6CAE  0000        JMP 0
6CAF  0000        JMP 0
6CB0  0000        JMP 0
6CB1  0000        JMP 0
6CB2  0000        JMP 0
6CB3  0000        JMP 0
6CB4  0000        JMP 0
6CB5  0000        JMP 0
6CB6  0000        JMP 0
6CB7  0000        JMP 0
6CB8  0000        JMP 0
6CB9  0000        JMP 0
6CBA  0000        JMP 0
6CBB  0000        JMP 0
6CBC  0000        JMP 0
6CBD  0000        JMP 0
6CBE  0000        JMP 0
6CBF  0000        JMP 0
6CC0  0000        JMP 0
6CC1  0000        JMP 0
6CC2  0000        JMP 0
6CC3  0000        JMP 0
6CC4  0000        JMP 0
6CC5  0000        JMP 0
6CC6  0000        JMP 0
6CC7  0000        JMP 0
6CC8  0000        JMP 0
6CC9  0000        JMP 0
6CCA  0000        JMP 0
6CCB  0000        JMP 0
6CCC  0000        JMP 0
6CCD  0000        JMP 0
6CCE  0000        JMP 0
6CCF  0000        JMP 0
6CD0  0000        JMP 0
6CD1  0000        JMP 0
6CD2  0000        JMP 0
6CD3  0000        JMP 0
6CD4  0000        JMP 0
6CD5  0000        JMP 0
6CD6  0000        JMP 0
6CD7  0000        JMP 0
6CD8  0000        JMP 0
6CD9  0000        JMP 0
6CDA  0000        JMP 0
6CDB  0000        JMP 0
6CDC  0000        JMP 0
6CDD  0000        JMP 0
6CDE  0000        JMP 0
6CDF  0000        JMP 0
6CE0  0000        JMP 0
6CE1  0000        JMP 0
6CE2  0000        JMP 0
6CE3  0000        JMP 0
6CE4  0000        JMP 0
6CE5  0000        JMP 0
6CE6  0000        JMP 0
6CE7  0000        JMP 0
6CE8  0000        JMP 0
6CE9  0000        JMP 0
6CEA  0000        JMP 0
6CEB  0000        JMP 0
6CEC  0000        JMP 0
6CED  0000        JMP 0
6CEE  0000        JMP 0
6CEF  0000        JMP 0
6CF0  0000        JMP 0
6CF1  0000        JMP 0
6CF2  0000        JMP 0
6CF3  0000        JMP 0
6CF4  0000        JMP 0
6CF5  0000        JMP 0
6CF6  0000        JMP 0
6CF7  0000        JMP 0
6CF8  0000        JMP 0
6CF9  0000        JMP 0
6CFA  0000        JMP 0
6CFB  0000        JMP 0
6CFC  0000        JMP 0
6CFD  0000        JMP 0
6CFE  0000        JMP 0
6CFF  0000        JMP 0
6D00  0000        JMP 0
6D01  0000        JMP 0
6D02  0000        JMP 0
6D03  0000        JMP 0
6D04  0000        JMP 0
6D05  0000        JMP 0
6D06  0000        JMP 0
6D07  0000        JMP 0
6D08  0000        JMP 0
6D09  0000        JMP 0
6D0A  0000        JMP 0
6D0B  0000        JMP 0
6D0C  0000        JMP 0
6D0D  0000        JMP 0
6D0E  0000        JMP 0
6D0F  0000        JMP 0
6D10  0000        JMP 0
6D11  0000        JMP 0
6D12  0000        JMP 0
6D13  0000        JMP 0
6D14  0000        JMP 0
6D15  0000        JMP 0
6D16  0000        JMP 0
6D17  0000        JMP 0
6D18  0000        JMP 0
6D19  0000        JMP 0
6D1A  0000        JMP 0
6D1B  0000        JMP 0
6D1C  0000        JMP 0
6D1D  0000        JMP 0
6D1E  0000        JMP 0
6D1F  0000        JMP 0
6D20  0000        JMP 0
6D21  0000        JMP 0
6D22  0000        JMP 0
6D23  0000        JMP 0
6D24  0000        JMP 0
6D25  0000        JMP 0
6D26  0000        JMP 0
6D27  0000        JMP 0
6D28  0000        JMP 0
6D29  0000        JMP 0
6D2A  0000        JMP 0
6D2B  0000        JMP 0
6D2C  0000        JMP 0
6D2D  0000        JMP 0
6D2E  0000        JMP 0
6D2F  0000        JMP 0
6D30  0000        JMP 0
6D31  0000        JMP 0
6D32  0000        JMP 0
6D33  0000        JMP 0
6D34  0000        JMP 0
6D35  0000        JMP 0
6D36  0000        JMP 0
6D37  0000        JMP 0
6D38  0000        JMP 0
6D39  0000        JMP 0
6D3A  0000        JMP 0
6D3B  0000        JMP 0
6D3C  0000        JMP 0
6D3D  0000        JMP 0
6D3E  0000        JMP 0
6D3F  0000        JMP 0
6D40  0000        JMP 0
6D41  0000        JMP 0
6D42  0000        JMP 0
6D43  0000        JMP 0
6D44  0000        JMP 0
6D45  0000        JMP 0
6D46  0000        JMP 0
6D47  0000        JMP 0
6D48  0000        JMP 0
6D49  0000        JMP 0
6D4A  0000        JMP 0
6D4B  0000        JMP 0
6D4C  0000        JMP 0
6D4D  0000        JMP 0
6D4E  0000        JMP 0
6D4F  0000        JMP 0
6D50  0000        JMP 0
6D51  0000        JMP 0
6D52  0000        JMP 0
6D53  0000        JMP 0
6D54  0000        JMP 0
6D55  0000        JMP 0
6D56  0000        JMP 0
6D57  0000        JMP 0
6D58  0000        JMP 0
6D59  0000        JMP 0
6D5A  0000        JMP 0
6D5B  0000        JMP 0
6D5C  0000        JMP 0
6D5D  0000        JMP 0
6D5E  0000        JMP 0
6D5F  0000        JMP 0
6D60  0000        JMP 0
6D61  0000        JMP 0
6D62  0000        JMP 0
6D63  0000        JMP 0
6D64  0000        JMP 0
6D65  0000        JMP 0
6D66  0000        JMP 0
6D67  0000        JMP 0
6D68  0000        JMP 0
6D69  0000        JMP 0
6D6A  0000        JMP 0
6D6B  0000        JMP 0
6D6C  0000        JMP 0
6D6D  0000        JMP 0
6D6E  0000        JMP 0
6D6F  0000        JMP 0
6D70  0000        JMP 0
6D71  0000        JMP 0
6D72  0000        JMP 0
6D73  0000        JMP 0
6D74  0000        JMP 0
6D75  0000        JMP 0
6D76  0000        JMP 0
6D77  0000        JMP 0
6D78  0000        JMP 0
6D79  0000        JMP 0
6D7A  0000        JMP 0
6D7B  0000        JMP 0
6D7C  0000        JMP 0
6D7D  0000        JMP 0
6D7E  0000        JMP 0
6D7F  0000        JMP 0
6D80  0000        JMP 0
6D81  0000        JMP 0
6D82  0000        JMP 0
6D83  0000        JMP 0
6D84  0000        JMP 0
6D85  0000        JMP 0
6D86  0000        JMP 0
6D87  0000        JMP 0
6D88  0000        JMP 0
6D89  0000        JMP 0
6D8A  0000        JMP 0
6D8B  0000        JMP 0
6D8C  0000        JMP 0
6D8D  0000        JMP 0
6D8E  0000        JMP 0
6D8F  0000        JMP 0
6D90  0000        JMP 0
6D91  0000        JMP 0
6D92  0000        JMP 0
6D93  0000        JMP 0
6D94  0000        JMP 0
6D95  0000        JMP 0
6D96  0000        JMP 0
6D97  0000        JMP 0
6D98  0000        JMP 0
6D99  0000        JMP 0
6D9A  0000        JMP 0
6D9B  0000        JMP 0
6D9C  0000        JMP 0
6D9D  0000        JMP 0
6D9E  0000        JMP 0
6D9F  0000        JMP 0
6DA0  0000        JMP 0
6DA1  0000        JMP 0
6DA2  0000        JMP 0
6DA3  0000        JMP 0
6DA4  0000        JMP 0
6DA5  0000        JMP 0
6DA6  0000        JMP 0
6DA7  0000        JMP 0
6DA8  0000        JMP 0
6DA9  0000        JMP 0
6DAA  0000        JMP 0
6DAB  0000        JMP 0
6DAC  0000        JMP 0
6DAD  0000        JMP 0
6DAE  0000        JMP 0
6DAF  0000        JMP 0
6DB0  0000        JMP 0
6DB1  0000        JMP 0
6DB2  0000        JMP 0
6DB3  0000        JMP 0
6DB4  0000        JMP 0
6DB5  0000        JMP 0
6DB6  0000        JMP 0
6DB7  0000        JMP 0
6DB8  0000        JMP 0
6DB9  0000        JMP 0
6DBA  0000        JMP 0
6DBB  0000        JMP 0
6DBC  0000        JMP 0
6DBD  0000        JMP 0
6DBE  0000        JMP 0
6DBF  0000        JMP 0
6DC0  0000        JMP 0
6DC1  0000        JMP 0
6DC2  0000        JMP 0
6DC3  0000        JMP 0
6DC4  0000        JMP 0
6DC5  0000        JMP 0
6DC6  0000        JMP 0
6DC7  0000        JMP 0
6DC8  0000        JMP 0
6DC9  0000        JMP 0
6DCA  0000        JMP 0
6DCB  0000        JMP 0
6DCC  0000        JMP 0
6DCD  0000        JMP 0
6DCE  0000        JMP 0
6DCF  0000        JMP 0
6DD0  0000        JMP 0
6DD1  0000        JMP 0
6DD2  0000        JMP 0
6DD3  0000        JMP 0
6DD4  0000        JMP 0
6DD5  0000        JMP 0
6DD6  0000        JMP 0
6DD7  0000        JMP 0
6DD8  0000        JMP 0
6DD9  0000        JMP 0
6DDA  0000        JMP 0
6DDB  0000        JMP 0
6DDC  0000        JMP 0
6DDD  0000        JMP 0
6DDE  0000        JMP 0
6DDF  0000        JMP 0
6DE0  0000        JMP 0
6DE1  0000        JMP 0
6DE2  0000        JMP 0
6DE3  0000        JMP 0
6DE4  0000        JMP 0
6DE5  0000        JMP 0
6DE6  0000        JMP 0
6DE7  0000        JMP 0
6DE8  0000        JMP 0
6DE9  0000        JMP 0
6DEA  0000        JMP 0
6DEB  0000        JMP 0
6DEC  0000        JMP 0
6DED  0000        JMP 0
6DEE  0000        JMP 0
6DEF  0000        JMP 0
6DF0  0000        JMP 0
6DF1  0000        JMP 0
6DF2  0000        JMP 0
6DF3  0000        JMP 0
6DF4  0000        JMP 0
6DF5  0000        JMP 0
6DF6  0000        JMP 0
6DF7  0000        JMP 0
6DF8  0000        JMP 0
6DF9  0000        JMP 0
6DFA  0000        JMP 0
6DFB  0000        JMP 0
6DFC  0000        JMP 0
6DFD  0000        JMP 0
6DFE  0000        JMP 0
6DFF  0000        JMP 0
6E00  0000        JMP 0
6E01  0000        JMP 0
6E02  0000        JMP 0
6E03  0000        JMP 0
6E04  0000        JMP 0
6E05  0000        JMP 0
6E06  0000        JMP 0
6E07  0000        JMP 0
6E08  0000        JMP 0
6E09  0000        JMP 0
6E0A  0000        JMP 0
6E0B  0000        JMP 0
6E0C  0000        JMP 0
6E0D  0000        JMP 0
6E0E  0000        JMP 0
6E0F  0000        JMP 0
6E10  0000        JMP 0
6E11  0000        JMP 0
6E12  0000        JMP 0
6E13  0000        JMP 0
6E14  0000        JMP 0
6E15  0000        JMP 0
6E16  0000        JMP 0
6E17  0000        JMP 0
6E18  0000        JMP 0
6E19  0000        JMP 0
6E1A  0000        JMP 0
6E1B  0000        JMP 0
6E1C  0000        JMP 0
6E1D  0000        JMP 0
6E1E  0000        JMP 0
6E1F  0000        JMP 0
6E20  0000        JMP 0
6E21  0000        JMP 0
6E22  0000        JMP 0
6E23  0000        JMP 0
6E24  0000        JMP 0
6E25  0000        JMP 0
6E26  0000        JMP 0
6E27  0000        JMP 0
6E28  0000        JMP 0
6E29  0000        JMP 0
6E2A  0000        JMP 0
6E2B  0000        JMP 0
6E2C  0000        JMP 0
6E2D  0000        JMP 0
6E2E  0000        JMP 0
6E2F  0000        JMP 0
6E30  0000        JMP 0
6E31  0000        JMP 0
6E32  0000        JMP 0
6E33  0000        JMP 0
6E34  0000        JMP 0
6E35  0000        JMP 0
6E36  0000        JMP 0
6E37  0000        JMP 0
6E38  0000        JMP 0
6E39  0000        JMP 0
6E3A  0000        JMP 0
6E3B  0000        JMP 0
6E3C  0000        JMP 0
6E3D  0000        JMP 0
6E3E  0000        JMP 0
6E3F  0000        JMP 0
6E40  0000        JMP 0
6E41  0000        JMP 0
6E42  0000        JMP 0
6E43  0000        JMP 0
6E44  0000        JMP 0
6E45  0000        JMP 0
6E46  0000        JMP 0
6E47  0000        JMP 0
6E48  0000        JMP 0
6E49  0000        JMP 0
6E4A  0000        JMP 0
6E4B  0000        JMP 0
6E4C  0000        JMP 0
6E4D  0000        JMP 0
6E4E  0000        JMP 0
6E4F  0000        JMP 0
6E50  0000        JMP 0
6E51  0000        JMP 0
6E52  0000        JMP 0
6E53  0000        JMP 0
6E54  0000        JMP 0
6E55  0000        JMP 0
6E56  0000        JMP 0
6E57  0000        JMP 0
6E58  0000        JMP 0
6E59  0000        JMP 0
6E5A  0000        JMP 0
6E5B  0000        JMP 0
6E5C  0000        JMP 0
6E5D  0000        JMP 0
6E5E  0000        JMP 0
6E5F  0000        JMP 0
6E60  0000        JMP 0
6E61  0000        JMP 0
6E62  0000        JMP 0
6E63  0000        JMP 0
6E64  0000        JMP 0
6E65  0000        JMP 0
6E66  0000        JMP 0
6E67  0000        JMP 0
6E68  0000        JMP 0
6E69  0000        JMP 0
6E6A  0000        JMP 0
6E6B  0000        JMP 0
6E6C  0000        JMP 0
6E6D  0000        JMP 0
6E6E  0000        JMP 0
6E6F  0000        JMP 0
6E70  0000        JMP 0
6E71  0000        JMP 0
6E72  0000        JMP 0
6E73  0000        JMP 0
6E74  0000        JMP 0
6E75  0000        JMP 0
6E76  0000        JMP 0
6E77  0000        JMP 0
6E78  0000        JMP 0
6E79  0000        JMP 0
6E7A  0000        JMP 0
6E7B  0000        JMP 0
6E7C  0000        JMP 0
6E7D  0000        JMP 0
6E7E  0000        JMP 0
6E7F  0000        JMP 0
6E80  0000        JMP 0
6E81  0000        JMP 0
6E82  0000        JMP 0
6E83  0000        JMP 0
6E84  0000        JMP 0
6E85  0000        JMP 0
6E86  0000        JMP 0
6E87  0000        JMP 0
6E88  0000        JMP 0
6E89  0000        JMP 0
6E8A  0000        JMP 0
6E8B  0000        JMP 0
6E8C  0000        JMP 0
6E8D  0000        JMP 0
6E8E  0000        JMP 0
6E8F  0000        JMP 0
6E90  0000        JMP 0
6E91  0000        JMP 0
6E92  0000        JMP 0
6E93  0000        JMP 0
6E94  0000        JMP 0
6E95  0000        JMP 0
6E96  0000        JMP 0
6E97  0000        JMP 0
6E98  0000        JMP 0
6E99  0000        JMP 0
6E9A  0000        JMP 0
6E9B  0000        JMP 0
6E9C  0000        JMP 0
6E9D  0000        JMP 0
6E9E  0000        JMP 0
6E9F  0000        JMP 0
6EA0  0000        JMP 0
6EA1  0000        JMP 0
6EA2  0000        JMP 0
6EA3  0000        JMP 0
6EA4  0000        JMP 0
6EA5  0000        JMP 0
6EA6  0000        JMP 0
6EA7  0000        JMP 0
6EA8  0000        JMP 0
6EA9  0000        JMP 0
6EAA  0000        JMP 0
6EAB  0000        JMP 0
6EAC  0000        JMP 0
6EAD  0000        JMP 0
6EAE  0000        JMP 0
6EAF  0000        JMP 0
6EB0  0000        JMP 0
6EB1  0000        JMP 0
6EB2  0000        JMP 0
6EB3  0000        JMP 0
6EB4  0000        JMP 0
6EB5  0000        JMP 0
6EB6  0000        JMP 0
6EB7  0000        JMP 0
6EB8  0000        JMP 0
6EB9  0000        JMP 0
6EBA  0000        JMP 0
6EBB  0000        JMP 0
6EBC  0000        JMP 0
6EBD  0000        JMP 0
6EBE  0000        JMP 0
6EBF  0000        JMP 0
6EC0  0000        JMP 0
6EC1  0000        JMP 0
6EC2  0000        JMP 0
6EC3  0000        JMP 0
6EC4  0000        JMP 0
6EC5  0000        JMP 0
6EC6  0000        JMP 0
6EC7  0000        JMP 0
6EC8  0000        JMP 0
6EC9  0000        JMP 0
6ECA  0000        JMP 0
6ECB  0000        JMP 0
6ECC  0000        JMP 0
6ECD  0000        JMP 0
6ECE  0000        JMP 0
6ECF  0000        JMP 0
6ED0  0000        JMP 0
6ED1  0000        JMP 0
6ED2  0000        JMP 0
6ED3  0000        JMP 0
6ED4  0000        JMP 0
6ED5  0000        JMP 0
6ED6  0000        JMP 0
6ED7  0000        JMP 0
6ED8  0000        JMP 0
6ED9  0000        JMP 0
6EDA  0000        JMP 0
6EDB  0000        JMP 0
6EDC  0000        JMP 0
6EDD  0000        JMP 0
6EDE  0000        JMP 0
6EDF  0000        JMP 0
6EE0  0000        JMP 0
6EE1  0000        JMP 0
6EE2  0000        JMP 0
6EE3  0000        JMP 0
6EE4  0000        JMP 0
6EE5  0000        JMP 0
6EE6  0000        JMP 0
6EE7  0000        JMP 0
6EE8  0000        JMP 0
6EE9  0000        JMP 0
6EEA  0000        JMP 0
6EEB  0000        JMP 0
6EEC  0000        JMP 0
6EED  0000        JMP 0
6EEE  0000        JMP 0
6EEF  0000        JMP 0
6EF0  0000        JMP 0
6EF1  0000        JMP 0
6EF2  0000        JMP 0
6EF3  0000        JMP 0
6EF4  0000        JMP 0
6EF5  0000        JMP 0
6EF6  0000        JMP 0
6EF7  0000        JMP 0
6EF8  0000        JMP 0
6EF9  0000        JMP 0
6EFA  0000        JMP 0
6EFB  0000        JMP 0
6EFC  0000        JMP 0
6EFD  0000        JMP 0
6EFE  0000        JMP 0
6EFF  0000        JMP 0
6F00  0000        JMP 0
6F01  0000        JMP 0
6F02  0000        JMP 0
6F03  0000        JMP 0
6F04  0000        JMP 0
6F05  0000        JMP 0
6F06  0000        JMP 0
6F07  0000        JMP 0
6F08  0000        JMP 0
6F09  0000        JMP 0
6F0A  0000        JMP 0
6F0B  0000        JMP 0
6F0C  0000        JMP 0
6F0D  0000        JMP 0
6F0E  0000        JMP 0
6F0F  0000        JMP 0
6F10  0000        JMP 0
6F11  0000        JMP 0
6F12  0000        JMP 0
6F13  0000        JMP 0
6F14  0000        JMP 0
6F15  0000        JMP 0
6F16  0000        JMP 0
6F17  0000        JMP 0
6F18  0000        JMP 0
6F19  0000        JMP 0
6F1A  0000        JMP 0
6F1B  0000        JMP 0
6F1C  0000        JMP 0
6F1D  0000        JMP 0
6F1E  0000        JMP 0
6F1F  0000        JMP 0
6F20  0000        JMP 0
6F21  0000        JMP 0
6F22  0000        JMP 0
6F23  0000        JMP 0
6F24  0000        JMP 0
6F25  0000        JMP 0
6F26  0000        JMP 0
6F27  0000        JMP 0
6F28  0000        JMP 0
6F29  0000        JMP 0
6F2A  0000        JMP 0
6F2B  0000        JMP 0
6F2C  0000        JMP 0
6F2D  0000        JMP 0
6F2E  0000        JMP 0
6F2F  0000        JMP 0
6F30  0000        JMP 0
6F31  0000        JMP 0
6F32  0000        JMP 0
6F33  0000        JMP 0
6F34  0000        JMP 0
6F35  0000        JMP 0
6F36  0000        JMP 0
6F37  0000        JMP 0
6F38  0000        JMP 0
6F39  0000        JMP 0
6F3A  0000        JMP 0
6F3B  0000        JMP 0
6F3C  0000        JMP 0
6F3D  0000        JMP 0
6F3E  0000        JMP 0
6F3F  0000        JMP 0
6F40  0000        JMP 0
6F41  0000        JMP 0
6F42  0000        JMP 0
6F43  0000        JMP 0
6F44  0000        JMP 0
6F45  0000        JMP 0
6F46  0000        JMP 0
6F47  0000        JMP 0
6F48  0000        JMP 0
6F49  0000        JMP 0
6F4A  0000        JMP 0
6F4B  0000        JMP 0
6F4C  0000        JMP 0
6F4D  0000        JMP 0
6F4E  0000        JMP 0
6F4F  0000        JMP 0
6F50  0000        JMP 0
6F51  0000        JMP 0
6F52  0000        JMP 0
6F53  0000        JMP 0
6F54  0000        JMP 0
6F55  0000        JMP 0
6F56  0000        JMP 0
6F57  0000        JMP 0
6F58  0000        JMP 0
6F59  0000        JMP 0
6F5A  0000        JMP 0
6F5B  0000        JMP 0
6F5C  0000        JMP 0
6F5D  0000        JMP 0
6F5E  0000        JMP 0
6F5F  0000        JMP 0
6F60  0000        JMP 0
6F61  0000        JMP 0
6F62  0000        JMP 0
6F63  0000        JMP 0
6F64  0000        JMP 0
6F65  0000        JMP 0
6F66  0000        JMP 0
6F67  0000        JMP 0
6F68  0000        JMP 0
6F69  0000        JMP 0
6F6A  0000        JMP 0
6F6B  0000        JMP 0
6F6C  0000        JMP 0
6F6D  0000        JMP 0
6F6E  0000        JMP 0
6F6F  0000        JMP 0
6F70  0000        JMP 0
6F71  0000        JMP 0
6F72  0000        JMP 0
6F73  0000        JMP 0
6F74  0000        JMP 0
6F75  0000        JMP 0
6F76  0000        JMP 0
6F77  0000        JMP 0
6F78  0000        JMP 0
6F79  0000        JMP 0
6F7A  0000        JMP 0
6F7B  0000        JMP 0
6F7C  0000        JMP 0
6F7D  0000        JMP 0
6F7E  0000        JMP 0
6F7F  0000        JMP 0
6F80  0000        JMP 0
6F81  0000        JMP 0
6F82  0000        JMP 0
6F83  0000        JMP 0
6F84  0000        JMP 0
6F85  0000        JMP 0
6F86  0000        JMP 0
6F87  0000        JMP 0
6F88  0000        JMP 0
6F89  0000        JMP 0
6F8A  0000        JMP 0
6F8B  0000        JMP 0
6F8C  0000        JMP 0
6F8D  0000        JMP 0
6F8E  0000        JMP 0
6F8F  0000        JMP 0
6F90  0000        JMP 0
6F91  0000        JMP 0
6F92  0000        JMP 0
6F93  0000        JMP 0
6F94  0000        JMP 0
6F95  0000        JMP 0
6F96  0000        JMP 0
6F97  0000        JMP 0
6F98  0000        JMP 0
6F99  0000        JMP 0
6F9A  0000        JMP 0
6F9B  0000        JMP 0
6F9C  0000        JMP 0
6F9D  0000        JMP 0
6F9E  0000        JMP 0
6F9F  0000        JMP 0
6FA0  0000        JMP 0
6FA1  0000        JMP 0
6FA2  0000        JMP 0
6FA3  0000        JMP 0
6FA4  0000        JMP 0
6FA5  0000        JMP 0
6FA6  0000        JMP 0
6FA7  0000        JMP 0
6FA8  0000        JMP 0
6FA9  0000        JMP 0
6FAA  0000        JMP 0
6FAB  0000        JMP 0
6FAC  0000        JMP 0
6FAD  0000        JMP 0
6FAE  0000        JMP 0
6FAF  0000        JMP 0
6FB0  0000        JMP 0
6FB1  0000        JMP 0
6FB2  0000        JMP 0
6FB3  0000        JMP 0
6FB4  0000        JMP 0
6FB5  0000        JMP 0
6FB6  0000        JMP 0
6FB7  0000        JMP 0
6FB8  0000        JMP 0
6FB9  0000        JMP 0
6FBA  0000        JMP 0
6FBB  0000        JMP 0
6FBC  0000        JMP 0
6FBD  0000        JMP 0
6FBE  0000        JMP 0
6FBF  0000        JMP 0
6FC0  0000        JMP 0
6FC1  0000        JMP 0
6FC2  0000        JMP 0
6FC3  0000        JMP 0
6FC4  0000        JMP 0
6FC5  0000        JMP 0
6FC6  0000        JMP 0
6FC7  0000        JMP 0
6FC8  0000        JMP 0
6FC9  0000        JMP 0
6FCA  0000        JMP 0
6FCB  0000        JMP 0
6FCC  0000        JMP 0
6FCD  0000        JMP 0
6FCE  0000        JMP 0
6FCF  0000        JMP 0
6FD0  0000        JMP 0
6FD1  0000        JMP 0
6FD2  0000        JMP 0
6FD3  0000        JMP 0
6FD4  0000        JMP 0
6FD5  0000        JMP 0
6FD6  0000        JMP 0
6FD7  0000        JMP 0
6FD8  0000        JMP 0
6FD9  0000        JMP 0
6FDA  0000        JMP 0
6FDB  0000        JMP 0
6FDC  0000        JMP 0
6FDD  0000        JMP 0
6FDE  0000        JMP 0
6FDF  0000        JMP 0
6FE0  0000        JMP 0
6FE1  0000        JMP 0
6FE2  0000        JMP 0
6FE3  0000        JMP 0
6FE4  0000        JMP 0
6FE5  0000        JMP 0
6FE6  0000        JMP 0
6FE7  0000        JMP 0
6FE8  0000        JMP 0
6FE9  0000        JMP 0
6FEA  0000        JMP 0
6FEB  0000        JMP 0
6FEC  0000        JMP 0
6FED  0000        JMP 0
6FEE  0000        JMP 0
6FEF  0000        JMP 0
6FF0  0000        JMP 0
6FF1  0000        JMP 0
6FF2  0000        JMP 0
6FF3  0000        JMP 0
6FF4  0000        JMP 0
6FF5  0000        JMP 0
6FF6  0000        JMP 0
6FF7  0000        JMP 0
6FF8  0000        JMP 0
6FF9  0000        JMP 0
6FFA  0000        JMP 0
6FFB  0000        JMP 0
6FFC  0000        JMP 0
6FFD  0000        JMP 0
6FFE  0000        JMP 0
6FFF  0000        JMP 0
7000  E7C8 001C   SAVE 28             ; frame
7002  0C42        JSR @66
7003  0001        JMP 1
7004  4308        STA 0,8,3
7005  B438 01B7   ELDA 2,01B7   ; = 439
7007  2AFD        LDA 1,-3,2
7008  32FB        LDA 2,-5,2
7009  5309        STA 2,9,3
700A  B438 01B7   ELDA 2,01B7   ; = 439
700C  32FE        LDA 2,-2,2
700D  4B0A        STA 1,10,3
700E  A900        NEG 1,1
700F  AB00        INC 1,1
7010  530B        STA 2,11,3
7011  B600        ADD 1,2
7012  8500        SUB 0,0
7013  4B0C        STA 1,12,3
7014  2B09        LDA 1,9,3
7015  CFC8        MULS
7016  230A        LDA 0,10,3
7017  4B0D        STA 1,13,3
7018  8E00        ADD 0,1
7019  A438 01B7   ELDA 0,01B7   ; = 439
701B  A500        SUB 1,0
701C  530E        STA 2,14,3
701D  F7F8 009B   ADDI 009B,2
701F  530F        STA 2,15,3
7020  9600        ADD 0,2
7021  4310        STA 0,16,3
7022  230E        LDA 0,14,3
7023  E7F8 009C   ADDI 009C,0
7025  5311        STA 2,17,3
7026  3310        LDA 2,16,3
7027  9600        ADD 0,2
7028  5312        STA 2,18,3
7029  B438 01B1   ELDA 2,01B1   ; = 433
702B  32FD        LDA 2,-3,2
702C  4313        STA 0,19,3
702D  A438 01B1   ELDA 0,01B1   ; = 433
702F  C500        SUB 2,0
7030  4314        STA 0,20,3
7031  A008        ADI 1,0
7032  5315        STA 2,21,3
7033  B438 01AF   ELDA 2,01AF   ; = 431
7035  32FD        LDA 2,-3,2
7036  4B16        STA 1,22,3
7037  CA00        MOV 2,1
7038  4317        STA 0,23,3
7039  A200        MOV 1,0
703A  AE00        ADD 1,1
703B  8E00        ADD 0,1
703C  4318        STA 0,24,3
703D  A438 01AF   ELDA 0,01AF   ; = 431
703F  A500        SUB 1,0
7040  4319        STA 0,25,3
7041  C008        ADI 2,0
7042  431A        STA 0,26,3
7043  4B1B        STA 1,27,3
7044  0101        JMP 1,PC   ; -> 7045
7045  2708        LDA 0,@8,3
7046  F438 4770   ELEF 2,4770   ; [4770] = 12374
7048  0C5A        JSR @90
7049  D00C        COM# 2,2,SZR
704A  0A00        JSR 0,2
704B  3020        LDA 2,32
704C  E438 4741   ELEF 0,4741   ; -> "CMD10" (len 5)
704E  EC38 4740   ELEF 1,4740   ; [4740] = 34
7050  8E48        PSH 0,1
7051  0C0C 5DBE   JSR @12            ; overlay call, arg 5DBE
7053  5020        STA 2,32
7054  8538 029D   EJMP 029D,PC   ; -> 72F2
7056  3020        LDA 2,32
7057  E438 4749   ELEF 0,4749   ; [4749] = 1
7059  EC38 4748   ELEF 1,4748   ; [4748] = 0
705B  8E48        PSH 0,1
705C  E438 4747   ELEF 0,4747   ; [4747] = 2
705E  3821        LDA 3,33
705F  6B1C        IO   6B1C
7060  8E48        PSH 0,1
7061  0C0C 5674   JSR @12            ; overlay call, arg 5674
7063  5020        STA 2,32
7064  231C        LDA 0,28,3
7065  4304        STA 0,4,3
7066  AD50        SUBZL 1,1
7067  8A08        SGT 0,1
7068  0148        JMP 72,PC   ; -> 70B0
7069  2B0E        LDA 1,14,3
706A  8E00        ADD 0,1
706B  3310        LDA 2,16,3
706C  B600        ADD 1,2
706D  531C        STA 2,28,3
706E  2200        LDA 0,0,2
706F  820D        MOV# 0,0,SNR
7070  0109        JMP 9,PC   ; -> 7079
7071  3020        LDA 2,32
7072  E438 474A   ELEF 0,474A   ; [474A] = 6
7074  8648        PSH 0,0
7075  0C0C 5D26   JSR @12            ; overlay call, arg 5D26
7077  5020        STA 2,32
7078  0138        JMP 56,PC   ; -> 70B0
7079  2304        LDA 0,4,3
707A  689D        IO   689D
707B  8D0D        SUB# 0,1,SNR
707C  010B        JMP 11,PC   ; -> 7087
707D  3020        LDA 2,32
707E  E438 021D   ELEF 0,021D   ; = 541
7080  EC38 474C   ELEF 1,474C   ; [474C] = 53
7082  8E48        PSH 0,1
7083  0C0C 5DBE   JSR @12            ; overlay call, arg 5DBE
7085  5020        STA 2,32
7086  012A        JMP 42,PC   ; -> 70B0
7087  3020        LDA 2,32
7088  E438 474B   ELEF 0,474B   ; [474B] = 157
708A  6B1C        IO   6B1C
708B  8E48        PSH 0,1
708C  0C0C 5FFA   JSR @12            ; overlay call, arg 5FFA
708E  5020        STA 2,32
708F  6002        IO   6002
7090  2B1C        LDA 1,28,3
7091  8D0D        SUB# 0,1,SNR
7092  010A        JMP 10,PC   ; -> 709C
7093  E438 021D   ELEF 0,021D   ; = 541
7095  EC38 474C   ELEF 1,474C   ; [474C] = 53
7097  8E48        PSH 0,1
7098  0C0C 5DBE   JSR @12            ; overlay call, arg 5DBE
709A  5020        STA 2,32
709B  0115        JMP 21,PC   ; -> 70B0
709C  3020        LDA 2,32
709D  E438 474D   ELEF 0,474D   ; [474D] = 279
709F  8648        PSH 0,0
70A0  0C0C 5D26   JSR @12            ; overlay call, arg 5D26
70A2  5020        STA 2,32
70A3  E438 4749   ELEF 0,4749   ; [4749] = 1
70A5  EC38 474B   ELEF 1,474B   ; [474B] = 157
70A7  8E48        PSH 0,1
70A8  0C0C 6024   JSR @12            ; overlay call, arg 6024
70AA  5020        STA 2,32
70AB  8400        ADC 0,0
70AC  4711        STA 0,@17,3
70AD  A438 01D5   ELDA 0,01D5   ; = 469
70AF  4712        STA 0,@18,3
70B0  8538 0241   EJMP 0241,PC   ; -> 72F2
70B2  3821        LDA 3,33
70B3  2717        LDA 0,@23,3
70B4  820C        MOV# 0,0,SZR
70B5  0104        JMP 4,PC   ; -> 70B9
70B6  689C        IO   689C
70B7  4B04        STA 1,4,3
70B8  0110        JMP 16,PC   ; -> 70C8
70B9  3020        LDA 2,32
70BA  E438 4749   ELEF 0,4749   ; [4749] = 1
70BC  EC38 4748   ELEF 1,4748   ; [4748] = 0
70BE  8E48        PSH 0,1
70BF  E438 4747   ELEF 0,4747   ; [4747] = 2
70C1  6B1C        IO   6B1C
70C2  8E48        PSH 0,1
70C3  0C0C 5674   JSR @12            ; overlay call, arg 5674
70C5  5020        STA 2,32
70C6  231C        LDA 0,28,3
70C7  4304        STA 0,4,3
70C8  2304        LDA 0,4,3
70C9  862E        ADDO# 0,0,SEZ
70CA  0103        JMP 3,PC   ; -> 70CD
70CB  8538 008A   EJMP 008A,PC   ; -> 7156
70CD  2B0E        LDA 1,14,3
70CE  8E00        ADD 0,1
70CF  3310        LDA 2,16,3
70D0  B600        ADD 1,2
70D1  531C        STA 2,28,3
70D2  2200        LDA 0,0,2
70D3  820D        MOV# 0,0,SNR
70D4  D501        SUB 2,2,SKP
70D5  D550        SUBZL 2,2
70D6  D20D        MOV# 2,2,SNR
70D7  0114        JMP 20,PC   ; -> 70EB
70D8  2717        LDA 0,@23,3
70D9  820D        MOV# 0,0,SNR
70DA  0109        JMP 9,PC   ; -> 70E3
70DB  3020        LDA 2,32
70DC  E438 474A   ELEF 0,474A   ; [474A] = 6
70DE  8648        PSH 0,0
70DF  0C0C 5D26   JSR @12            ; overlay call, arg 5D26
70E1  5020        STA 2,32
70E2  0108        JMP 8,PC   ; -> 70EA
70E3  3020        LDA 2,32
70E4  E438 4751   ELEF 0,4751   ; [4751] = 281
70E6  8648        PSH 0,0
70E7  0C0C 5D26   JSR @12            ; overlay call, arg 5D26
70E9  5020        STA 2,32
70EA  016C        JMP 108,PC   ; -> 7156
70EB  2304        LDA 0,4,3
70EC  689C        IO   689C
70ED  8D0D        SUB# 0,1,SNR
70EE  010B        JMP 11,PC   ; -> 70F9
70EF  3020        LDA 2,32
70F0  E438 021D   ELEF 0,021D   ; = 541
70F2  EC38 4752   ELEF 1,4752   ; [4752] = 284
70F4  8E48        PSH 0,1
70F5  0C0C 5DBE   JSR @12            ; overlay call, arg 5DBE
70F7  5020        STA 2,32
70F8  015E        JMP 94,PC   ; -> 7156
70F9  8550        SUBZL 0,0
70FA  AC38 01D8   ELDA 1,01D8   ; = 472
70FC  8D0D        SUB# 0,1,SNR
70FD  0124        JMP 36,PC   ; -> 7121
70FE  3020        LDA 2,32
70FF  E438 4753   ELEF 0,4753   ; [4753] = 285
7101  8648        PSH 0,0
7102  0C0C 5D26   JSR @12            ; overlay call, arg 5D26
7104  5020        STA 2,32
7105  E438 4748   ELEF 0,4748   ; [4748] = 0
7107  EC38 4750   ELEF 1,4750   ; [4750] = 156
7109  8E48        PSH 0,1
710A  0C0C 6024   JSR @12            ; overlay call, arg 6024
710C  5020        STA 2,32
710D  E438 4748   ELEF 0,4748   ; [4748] = 0
710F  EC38 474E   ELEF 1,474E   ; [474E] = 155
7111  8E48        PSH 0,1
7112  0C0C 6024   JSR @12            ; overlay call, arg 6024
7114  5020        STA 2,32
7115  A438 01D5   ELDA 0,01D5   ; = 469
7117  4711        STA 0,@17,3
7118  8400        ADC 0,0
7119  4712        STA 0,@18,3
711A  EC38 4749   ELEF 1,4749   ; [4749] = 1
711C  AE48        PSH 1,1
711D  0C0C 0199   JSR @12            ; overlay call, arg 0199
711F  5020        STA 2,32
7120  0136        JMP 54,PC   ; -> 7156
7121  3020        LDA 2,32
7122  E438 4754   ELEF 0,4754   ; [4754] = 66
7124  8648        PSH 0,0
7125  E438 4747   ELEF 0,4747   ; [4747] = 2
7127  6B1C        IO   6B1C
7128  8E48        PSH 0,1
7129  0C0C 5FDF   JSR @12            ; overlay call, arg 5FDF
712B  5020        STA 2,32
712C  A438 01D5   ELDA 0,01D5   ; = 469
712E  2B1C        LDA 1,28,3
712F  8D0C        SUB# 0,1,SZR
7130  0105        JMP 5,PC   ; -> 7135
7131  6043        IO   6043
7132  C438 01D6   ESTA 0,01D6   ; = 470
7134  0104        JMP 4,PC   ; -> 7138
7135  6042        IO   6042
7136  C438 01D6   ESTA 0,01D6   ; = 470
7138  3020        LDA 2,32
7139  E438 01D6   ELEF 0,01D6   ; = 470
713B  8648        PSH 0,0
713C  E438 4747   ELEF 0,4747   ; [4747] = 2
713E  6B1C        IO   6B1C
713F  8E48        PSH 0,1
7140  0C0C 5FDF   JSR @12            ; overlay call, arg 5FDF
7142  5020        STA 2,32
7143  231C        LDA 0,28,3
7144  C438 01D5   ESTA 0,01D5   ; = 469
7146  EC38 4756   ELEF 1,4756   ; [4756] = 282
7148  AE48        PSH 1,1
7149  0C0C 5D26   JSR @12            ; overlay call, arg 5D26
714B  5020        STA 2,32
714C  0C0C 5FBB   JSR @12            ; overlay call, arg 5FBB
714E  E438 4748   ELEF 0,4748   ; [4748] = 0
7150  EC38 01D5   ELEF 1,01D5   ; = 469
7152  8E48        PSH 0,1
7153  0C0C 58F3   JSR @12            ; overlay call, arg 58F3
7155  5020        STA 2,32
7156  8538 019B   EJMP 019B,PC   ; -> 72F2
7158  3020        LDA 2,32
7159  E438 4749   ELEF 0,4749   ; [4749] = 1
715B  EC38 4748   ELEF 1,4748   ; [4748] = 0
715D  8E48        PSH 0,1
715E  E438 4747   ELEF 0,4747   ; [4747] = 2
7160  3821        LDA 3,33
7161  6B1C        IO   6B1C
7162  8E48        PSH 0,1
7163  0C0C 5674   JSR @12            ; overlay call, arg 5674
7165  5020        STA 2,32
7166  231C        LDA 0,28,3
7167  4304        STA 0,4,3
7168  AC38 01D5   ELDA 1,01D5   ; = 469
716A  862F        ADDO# 0,0,SBN
716B  D501        SUB 2,2,SKP
716C  D550        SUBZL 2,2
716D  4B05        STA 1,5,3
716E  D20C        MOV# 2,2,SZR
716F  0103        JMP 3,PC   ; -> 7172
7170  8538 007B   EJMP 007B,PC   ; -> 71EC
7172  3020        LDA 2,32
7173  6304        IO   6304
7174  6B1C        IO   6B1C
7175  8E48        PSH 0,1
7176  0C0C 540B   JSR @12            ; overlay call, arg 540B
7178  5020        STA 2,32
7179  231C        LDA 0,28,3
717A  820D        MOV# 0,0,SNR
717B  0109        JMP 9,PC   ; -> 7184
717C  EC38 474A   ELEF 1,474A   ; [474A] = 6
717E  AE48        PSH 1,1
717F  0C0C 5D26   JSR @12            ; overlay call, arg 5D26
7181  5020        STA 2,32
7182  8538 0069   EJMP 0069,PC   ; -> 71EC
7184  2304        LDA 0,4,3
7185  689D        IO   689D
7186  8D0C        SUB# 0,1,SZR
7187  0151        JMP 81,PC   ; -> 71D8
7188  3020        LDA 2,32
7189  E438 4754   ELEF 0,4754   ; [4754] = 66
718B  8648        PSH 0,0
718C  E438 4747   ELEF 0,4747   ; [4747] = 2
718E  6B1C        IO   6B1C
718F  8E48        PSH 0,1
7190  0C0C 5FDF   JSR @12            ; overlay call, arg 5FDF
7192  5020        STA 2,32
7193  A438 01D5   ELDA 0,01D5   ; = 469
7195  2B1C        LDA 1,28,3
7196  8D0C        SUB# 0,1,SZR
7197  0114        JMP 20,PC   ; -> 71AB
7198  E438 4755   ELEF 0,4755   ; [4755] = 67
719A  8648        PSH 0,0
719B  E438 4747   ELEF 0,4747   ; [4747] = 2
719D  6B1C        IO   6B1C
719E  8E48        PSH 0,1
719F  0C0C 5FDF   JSR @12            ; overlay call, arg 5FDF
71A1  5020        STA 2,32
71A2  231C        LDA 0,28,3
71A3  4305        STA 0,5,3
71A4  EC38 4757   ELEF 1,4757   ; [4757] = 280
71A6  AE48        PSH 1,1
71A7  0C0C 5D26   JSR @12            ; overlay call, arg 5D26
71A9  5020        STA 2,32
71AA  012D        JMP 45,PC   ; -> 71D7
71AB  3020        LDA 2,32
71AC  E438 4755   ELEF 0,4755   ; [4755] = 67
71AE  8648        PSH 0,0
71AF  E438 4747   ELEF 0,4747   ; [4747] = 2
71B1  6B1C        IO   6B1C
71B2  8E48        PSH 0,1
71B3  0C0C 5FDF   JSR @12            ; overlay call, arg 5FDF
71B5  5020        STA 2,32
71B6  A438 01D5   ELDA 0,01D5   ; = 469
71B8  2B1C        LDA 1,28,3
71B9  8D0C        SUB# 0,1,SZR
71BA  0114        JMP 20,PC   ; -> 71CE
71BB  E438 4754   ELEF 0,4754   ; [4754] = 66
71BD  8648        PSH 0,0
71BE  E438 4747   ELEF 0,4747   ; [4747] = 2
71C0  6B1C        IO   6B1C
71C1  8E48        PSH 0,1
71C2  0C0C 5FDF   JSR @12            ; overlay call, arg 5FDF
71C4  5020        STA 2,32
71C5  231C        LDA 0,28,3
71C6  4305        STA 0,5,3
71C7  EC38 4757   ELEF 1,4757   ; [4757] = 280
71C9  AE48        PSH 1,1
71CA  0C0C 5D26   JSR @12            ; overlay call, arg 5D26
71CC  5020        STA 2,32
71CD  010A        JMP 10,PC   ; -> 71D7
71CE  3020        LDA 2,32
71CF  E438 021D   ELEF 0,021D   ; = 541
71D1  EC38 4758   ELEF 1,4758   ; [4758] = 283
71D3  8E48        PSH 0,1
71D4  0C0C 5DBE   JSR @12            ; overlay call, arg 5DBE
71D6  5020        STA 2,32
71D7  010A        JMP 10,PC   ; -> 71E1
71D8  3020        LDA 2,32
71D9  E438 021D   ELEF 0,021D   ; = 541
71DB  EC38 4758   ELEF 1,4758   ; [4758] = 283
71DD  8E48        PSH 0,1
71DE  0C0C 5DBE   JSR @12            ; overlay call, arg 5DBE
71E0  5020        STA 2,32
71E1  3020        LDA 2,32
71E2  6305        IO   6305
71E3  8648        PSH 0,0
71E4  6304        IO   6304
71E5  6B1C        IO   6B1C
71E6  8E48        PSH 0,1
71E7  0C0C 6470   JSR @12            ; overlay call, arg 6470
71E9  5020        STA 2,32
71EA  231C        LDA 0,28,3
71EB  4303        STA 0,3,3
71EC  8538 0105   EJMP 0105,PC   ; -> 72F2
71EE  A438 4759   ELDA 0,4759   ; [4759] = 1
71F0  C438 01C5   ESTA 0,01C5   ; = 453
71F2  3821        LDA 3,33
71F3  231A        LDA 0,26,3
71F4  EC38 475B   ELEF 1,475B   ; -> "xyzzy" (len 5)
71F6  0C54        JSR @84
71F7  0168        JMP 104,PC   ; -> 725F
71F8  3020        LDA 2,32
71F9  E438 4761   ELEF 0,4761   ; [4761] = 52
71FB  8648        PSH 0,0
71FC  E438 474A   ELEF 0,474A   ; [474A] = 6
71FE  6B1C        IO   6B1C
71FF  8E48        PSH 0,1
7200  0C0C 5FDF   JSR @12            ; overlay call, arg 5FDF
7202  5020        STA 2,32
7203  A438 01D5   ELDA 0,01D5   ; = 469
7205  2B1C        LDA 1,28,3
7206  8D0C        SUB# 0,1,SZR
7207  010A        JMP 10,PC   ; -> 7211
7208  E438 4762   ELEF 0,4762   ; [4762] = 55
720A  EC38 474A   ELEF 1,474A   ; [474A] = 6
720C  8E48        PSH 0,1
720D  0C0C 5EC2   JSR @12            ; overlay call, arg 5EC2
720F  5020        STA 2,32
7210  014D        JMP 77,PC   ; -> 725D
7211  3020        LDA 2,32
7212  E438 4762   ELEF 0,4762   ; [4762] = 55
7214  8648        PSH 0,0
7215  E438 474A   ELEF 0,474A   ; [474A] = 6
7217  6B1C        IO   6B1C
7218  8E48        PSH 0,1
7219  0C0C 5FDF   JSR @12            ; overlay call, arg 5FDF
721B  5020        STA 2,32
721C  A438 01D5   ELDA 0,01D5   ; = 469
721E  2B1C        LDA 1,28,3
721F  8D0C        SUB# 0,1,SZR
7220  0110        JMP 16,PC   ; -> 7230
7221  E438 0209   ELEF 0,0209   ; = 521
7223  EC38 0208   ELEF 1,0208   ; = 520
7225  8E48        PSH 0,1
7226  0C0C 5EC2   JSR @12            ; overlay call, arg 5EC2
7228  5020        STA 2,32
7229  A438 020A   ELDA 0,020A   ; = 522
722B  A7F8 0800   XORI 0800,0
722D  C438 020A   ESTA 0,020A   ; = 522
722F  012E        JMP 46,PC   ; -> 725D
7230  A438 4764   ELDA 0,4764   ; [4764] = 0
7232  AC38 020A   ELDA 1,020A   ; = 522
7234  CFF8 0800   ANDI 0800,1
7236  C438 01C5   ESTA 0,01C5   ; = 453
7238  AA0D        MOV# 1,1,SNR
7239  0109        JMP 9,PC   ; -> 7242
723A  3020        LDA 2,32
723B  E438 4765   ELEF 0,4765   ; [4765] = 120
723D  8648        PSH 0,0
723E  0C0C 5D26   JSR @12            ; overlay call, arg 5D26
7240  5020        STA 2,32
7241  011C        JMP 28,PC   ; -> 725D
7242  A438 01E1   ELDA 0,01E1   ; = 481
7244  AC38 01D6   ELDA 1,01D6   ; = 470
7246  B438 4759   ELDA 2,4759   ; [4759] = 1
7248  C438 0208   ESTA 0,0208   ; = 520
724A  A438 020A   ELDA 0,020A   ; = 522
724C  87F8 0800   IORI 0800,0
724E  C438 020A   ESTA 0,020A   ; = 522
7250  CC38 0209   ESTA 1,0209   ; = 521
7252  D438 01C5   ESTA 2,01C5   ; = 453
7254  3020        LDA 2,32
7255  E438 4761   ELEF 0,4761   ; [4761] = 52
7257  EC38 474A   ELEF 1,474A   ; [474A] = 6
7259  8E48        PSH 0,1
725A  0C0C 5EC2   JSR @12            ; overlay call, arg 5EC2
725C  5020        STA 2,32
725D  8538 0093   EJMP 0093,PC   ; -> 72F1
725F  231A        LDA 0,26,3
7260  EC38 4766   ELEF 1,4766   ; -> "plover" (len 6)
7262  0C54        JSR @84
7263  013F        JMP 63,PC   ; -> 72A2
7264  3020        LDA 2,32
7265  E438 474C   ELEF 0,474C   ; [474C] = 53
7267  8648        PSH 0,0
7268  E438 474A   ELEF 0,474A   ; [474A] = 6
726A  6B1C        IO   6B1C
726B  8E48        PSH 0,1
726C  0C0C 5FDF   JSR @12            ; overlay call, arg 5FDF
726E  5020        STA 2,32
726F  A438 01D5   ELDA 0,01D5   ; = 469
7271  2B1C        LDA 1,28,3
7272  8D0C        SUB# 0,1,SZR
7273  010A        JMP 10,PC   ; -> 727D
7274  E438 476D   ELEF 0,476D   ; [476D] = 54
7276  EC38 474A   ELEF 1,474A   ; [474A] = 6
7278  8E48        PSH 0,1
7279  0C0C 5EC2   JSR @12            ; overlay call, arg 5EC2
727B  5020        STA 2,32
727C  0125        JMP 37,PC   ; -> 72A1
727D  3020        LDA 2,32
727E  E438 476D   ELEF 0,476D   ; [476D] = 54
7280  8648        PSH 0,0
7281  E438 474A   ELEF 0,474A   ; [474A] = 6
7283  6B1C        IO   6B1C
7284  8E48        PSH 0,1
7285  0C0C 5FDF   JSR @12            ; overlay call, arg 5FDF
7287  5020        STA 2,32
7288  A438 01D5   ELDA 0,01D5   ; = 469
728A  2B1C        LDA 1,28,3
728B  8D0C        SUB# 0,1,SZR
728C  010A        JMP 10,PC   ; -> 7296
728D  E438 474C   ELEF 0,474C   ; [474C] = 53
728F  EC38 474A   ELEF 1,474A   ; [474A] = 6
7291  8E48        PSH 0,1
7292  0C0C 5EC2   JSR @12            ; overlay call, arg 5EC2
7294  5020        STA 2,32
7295  010C        JMP 12,PC   ; -> 72A1
7296  3020        LDA 2,32
7297  E438 4765   ELEF 0,4765   ; [4765] = 120
7299  8648        PSH 0,0
729A  0C0C 5D26   JSR @12            ; overlay call, arg 5D26
729C  5020        STA 2,32
729D  A438 4764   ELDA 0,4764   ; [4764] = 0
729F  C438 01C5   ESTA 0,01C5   ; = 453
72A1  0150        JMP 80,PC   ; -> 72F1
72A2  3020        LDA 2,32
72A3  E438 474C   ELEF 0,474C   ; [474C] = 53
72A5  8648        PSH 0,0
72A6  E438 474A   ELEF 0,474A   ; [474A] = 6
72A8  6B1C        IO   6B1C
72A9  8E48        PSH 0,1
72AA  0C0C 5FDF   JSR @12            ; overlay call, arg 5FDF
72AC  5020        STA 2,32
72AD  A438 01D5   ELDA 0,01D5   ; = 469
72AF  2B1C        LDA 1,28,3
72B0  8D0C        SUB# 0,1,SZR
72B1  0110        JMP 16,PC   ; -> 72C1
72B2  E438 0209   ELEF 0,0209   ; = 521
72B4  EC38 0208   ELEF 1,0208   ; = 520
72B6  8E48        PSH 0,1
72B7  0C0C 5EC2   JSR @12            ; overlay call, arg 5EC2
72B9  5020        STA 2,32
72BA  A438 020A   ELDA 0,020A   ; = 522
72BC  A7F8 0800   XORI 0800,0
72BE  C438 020A   ESTA 0,020A   ; = 522
72C0  0131        JMP 49,PC   ; -> 72F1
72C1  A438 4764   ELDA 0,4764   ; [4764] = 0
72C3  AC38 020A   ELDA 1,020A   ; = 522
72C5  CFF8 0800   ANDI 0800,1
72C7  AA0D        MOV# 1,1,SNR
72C8  D501        SUB 2,2,SKP
72C9  D550        SUBZL 2,2
72CA  C438 01C5   ESTA 0,01C5   ; = 453
72CC  D20D        MOV# 2,2,SNR
72CD  0109        JMP 9,PC   ; -> 72D6
72CE  3020        LDA 2,32
72CF  E438 4765   ELEF 0,4765   ; [4765] = 120
72D1  8648        PSH 0,0
72D2  0C0C 5D26   JSR @12            ; overlay call, arg 5D26
72D4  5020        STA 2,32
72D5  011C        JMP 28,PC   ; -> 72F1
72D6  A438 01E1   ELDA 0,01E1   ; = 481
72D8  AC38 01D6   ELDA 1,01D6   ; = 470
72DA  B438 4759   ELDA 2,4759   ; [4759] = 1
72DC  C438 0208   ESTA 0,0208   ; = 520
72DE  A438 020A   ELDA 0,020A   ; = 522
72E0  87F8 0800   IORI 0800,0
72E2  C438 020A   ESTA 0,020A   ; = 522
72E4  CC38 0209   ESTA 1,0209   ; = 521
72E6  D438 01C5   ESTA 2,01C5   ; = 453
72E8  3020        LDA 2,32
72E9  E438 474C   ELEF 0,474C   ; [474C] = 53
72EB  EC38 474A   ELEF 1,474A   ; [474A] = 6
72ED  8E48        PSH 0,1
72EE  0C0C 5EC2   JSR @12            ; overlay call, arg 5EC2
72F0  5020        STA 2,32
72F1  0101        JMP 1,PC   ; -> 72F2
72F2  AFC8        RTN
72F3  0000        JMP 0
72F4  0000        JMP 0
72F5  0000        JMP 0
72F6  0000        JMP 0
72F7  0000        JMP 0
72F8  0000        JMP 0
72F9  0000        JMP 0
72FA  0000        JMP 0
72FB  0000        JMP 0
72FC  0000        JMP 0
72FD  0000        JMP 0
72FE  0000        JMP 0
72FF  0000        JMP 0
7300  0000        JMP 0
7301  0000        JMP 0
7302  0000        JMP 0
7303  0000        JMP 0
7304  0000        JMP 0
7305  0000        JMP 0
7306  0000        JMP 0
7307  0000        JMP 0
7308  0000        JMP 0
7309  0000        JMP 0
730A  0000        JMP 0
730B  0000        JMP 0
730C  0000        JMP 0
730D  0000        JMP 0
730E  0000        JMP 0
730F  0000        JMP 0
7310  0000        JMP 0
7311  0000        JMP 0
7312  0000        JMP 0
7313  0000        JMP 0
7314  0000        JMP 0
7315  0000        JMP 0
7316  0000        JMP 0
7317  0000        JMP 0
7318  0000        JMP 0
7319  0000        JMP 0
731A  0000        JMP 0
731B  0000        JMP 0
731C  0000        JMP 0
731D  0000        JMP 0
731E  0000        JMP 0
731F  0000        JMP 0
7320  0000        JMP 0
7321  0000        JMP 0
7322  0000        JMP 0
7323  0000        JMP 0
7324  0000        JMP 0
7325  0000        JMP 0
7326  0000        JMP 0
7327  0000        JMP 0
7328  0000        JMP 0
7329  0000        JMP 0
732A  0000        JMP 0
732B  0000        JMP 0
732C  0000        JMP 0
732D  0000        JMP 0
732E  0000        JMP 0
732F  0000        JMP 0
7330  0000        JMP 0
7331  0000        JMP 0
7332  0000        JMP 0
7333  0000        JMP 0
7334  0000        JMP 0
7335  0000        JMP 0
7336  0000        JMP 0
7337  0000        JMP 0
7338  0000        JMP 0
7339  0000        JMP 0
733A  0000        JMP 0
733B  0000        JMP 0
733C  0000        JMP 0
733D  0000        JMP 0
733E  0000        JMP 0
733F  0000        JMP 0
7340  0000        JMP 0
7341  0000        JMP 0
7342  0000        JMP 0
7343  0000        JMP 0
7344  0000        JMP 0
7345  0000        JMP 0
7346  0000        JMP 0
7347  0000        JMP 0
7348  0000        JMP 0
7349  0000        JMP 0
734A  0000        JMP 0
734B  0000        JMP 0
734C  0000        JMP 0
734D  0000        JMP 0
734E  0000        JMP 0
734F  0000        JMP 0
7350  0000        JMP 0
7351  0000        JMP 0
7352  0000        JMP 0
7353  0000        JMP 0
7354  0000        JMP 0
7355  0000        JMP 0
7356  0000        JMP 0
7357  0000        JMP 0
7358  0000        JMP 0
7359  0000        JMP 0
735A  0000        JMP 0
735B  0000        JMP 0
735C  0000        JMP 0
735D  0000        JMP 0
735E  0000        JMP 0
735F  0000        JMP 0
7360  0000        JMP 0
7361  0000        JMP 0
7362  0000        JMP 0
7363  0000        JMP 0
7364  0000        JMP 0
7365  0000        JMP 0
7366  0000        JMP 0
7367  0000        JMP 0
7368  0000        JMP 0
7369  0000        JMP 0
736A  0000        JMP 0
736B  0000        JMP 0
736C  0000        JMP 0
736D  0000        JMP 0
736E  0000        JMP 0
736F  0000        JMP 0
7370  0000        JMP 0
7371  0000        JMP 0
7372  0000        JMP 0
7373  0000        JMP 0
7374  0000        JMP 0
7375  0000        JMP 0
7376  0000        JMP 0
7377  0000        JMP 0
7378  0000        JMP 0
7379  0000        JMP 0
737A  0000        JMP 0
737B  0000        JMP 0
737C  0000        JMP 0
737D  0000        JMP 0
737E  0000        JMP 0
737F  0000        JMP 0
7380  0000        JMP 0
7381  0000        JMP 0
7382  0000        JMP 0
7383  0000        JMP 0
7384  0000        JMP 0
7385  0000        JMP 0
7386  0000        JMP 0
7387  0000        JMP 0
7388  0000        JMP 0
7389  0000        JMP 0
738A  0000        JMP 0
738B  0000        JMP 0
738C  0000        JMP 0
738D  0000        JMP 0
738E  0000        JMP 0
738F  0000        JMP 0
7390  0000        JMP 0
7391  0000        JMP 0
7392  0000        JMP 0
7393  0000        JMP 0
7394  0000        JMP 0
7395  0000        JMP 0
7396  0000        JMP 0
7397  0000        JMP 0
7398  0000        JMP 0
7399  0000        JMP 0
739A  0000        JMP 0
739B  0000        JMP 0
739C  0000        JMP 0
739D  0000        JMP 0
739E  0000        JMP 0
739F  0000        JMP 0
73A0  0000        JMP 0
73A1  0000        JMP 0
73A2  0000        JMP 0
73A3  0000        JMP 0
73A4  0000        JMP 0
73A5  0000        JMP 0
73A6  0000        JMP 0
73A7  0000        JMP 0
73A8  0000        JMP 0
73A9  0000        JMP 0
73AA  0000        JMP 0
73AB  0000        JMP 0
73AC  0000        JMP 0
73AD  0000        JMP 0
73AE  0000        JMP 0
73AF  0000        JMP 0
73B0  0000        JMP 0
73B1  0000        JMP 0
73B2  0000        JMP 0
73B3  0000        JMP 0
73B4  0000        JMP 0
73B5  0000        JMP 0
73B6  0000        JMP 0
73B7  0000        JMP 0
73B8  0000        JMP 0
73B9  0000        JMP 0
73BA  0000        JMP 0
73BB  0000        JMP 0
73BC  0000        JMP 0
73BD  0000        JMP 0
73BE  0000        JMP 0
73BF  0000        JMP 0
73C0  0000        JMP 0
73C1  0000        JMP 0
73C2  0000        JMP 0
73C3  0000        JMP 0
73C4  0000        JMP 0
73C5  0000        JMP 0
73C6  0000        JMP 0
73C7  0000        JMP 0
73C8  0000        JMP 0
73C9  0000        JMP 0
73CA  0000        JMP 0
73CB  0000        JMP 0
73CC  0000        JMP 0
73CD  0000        JMP 0
73CE  0000        JMP 0
73CF  0000        JMP 0
73D0  0000        JMP 0
73D1  0000        JMP 0
73D2  0000        JMP 0
73D3  0000        JMP 0
73D4  0000        JMP 0
73D5  0000        JMP 0
73D6  0000        JMP 0
73D7  0000        JMP 0
73D8  0000        JMP 0
73D9  0000        JMP 0
73DA  0000        JMP 0
73DB  0000        JMP 0
73DC  0000        JMP 0
73DD  0000        JMP 0
73DE  0000        JMP 0
73DF  0000        JMP 0
73E0  0000        JMP 0
73E1  0000        JMP 0
73E2  0000        JMP 0
73E3  0000        JMP 0
73E4  0000        JMP 0
73E5  0000        JMP 0
73E6  0000        JMP 0
73E7  0000        JMP 0
73E8  0000        JMP 0
73E9  0000        JMP 0
73EA  0000        JMP 0
73EB  0000        JMP 0
73EC  0000        JMP 0
73ED  0000        JMP 0
73EE  0000        JMP 0
73EF  0000        JMP 0
73F0  0000        JMP 0
73F1  0000        JMP 0
73F2  0000        JMP 0
73F3  0000        JMP 0
73F4  0000        JMP 0
73F5  0000        JMP 0
73F6  0000        JMP 0
73F7  0000        JMP 0
73F8  0000        JMP 0
73F9  0000        JMP 0
73FA  0000        JMP 0
73FB  0000        JMP 0
73FC  0000        JMP 0
73FD  0000        JMP 0
73FE  0000        JMP 0
73FF  0000        JMP 0
7400  0000        JMP 0
7401  0000        JMP 0
7402  0000        JMP 0
7403  0000        JMP 0
7404  0000        JMP 0
7405  0000        JMP 0
7406  0000        JMP 0
7407  0000        JMP 0
7408  0000        JMP 0
7409  0000        JMP 0
740A  0000        JMP 0
740B  0000        JMP 0
740C  0000        JMP 0
740D  0000        JMP 0
740E  0000        JMP 0
740F  0000        JMP 0
7410  0000        JMP 0
7411  0000        JMP 0
7412  0000        JMP 0
7413  0000        JMP 0
7414  0000        JMP 0
7415  0000        JMP 0
7416  0000        JMP 0
7417  0000        JMP 0
7418  0000        JMP 0
7419  0000        JMP 0
741A  0000        JMP 0
741B  0000        JMP 0
741C  0000        JMP 0
741D  0000        JMP 0
741E  0000        JMP 0
741F  0000        JMP 0
7420  0000        JMP 0
7421  0000        JMP 0
7422  0000        JMP 0
7423  0000        JMP 0
7424  0000        JMP 0
7425  0000        JMP 0
7426  0000        JMP 0
7427  0000        JMP 0
7428  0000        JMP 0
7429  0000        JMP 0
742A  0000        JMP 0
742B  0000        JMP 0
742C  0000        JMP 0
742D  0000        JMP 0
742E  0000        JMP 0
742F  0000        JMP 0
7430  0000        JMP 0
7431  0000        JMP 0
7432  0000        JMP 0
7433  0000        JMP 0
7434  0000        JMP 0
7435  0000        JMP 0
7436  0000        JMP 0
7437  0000        JMP 0
7438  0000        JMP 0
7439  0000        JMP 0
743A  0000        JMP 0
743B  0000        JMP 0
743C  0000        JMP 0
743D  0000        JMP 0
743E  0000        JMP 0
743F  0000        JMP 0
7440  0000        JMP 0
7441  0000        JMP 0
7442  0000        JMP 0
7443  0000        JMP 0
7444  0000        JMP 0
7445  0000        JMP 0
7446  0000        JMP 0
7447  0000        JMP 0
7448  0000        JMP 0
7449  0000        JMP 0
744A  0000        JMP 0
744B  0000        JMP 0
744C  0000        JMP 0
744D  0000        JMP 0
744E  0000        JMP 0
744F  0000        JMP 0
7450  0000        JMP 0
7451  0000        JMP 0
7452  0000        JMP 0
7453  0000        JMP 0
7454  0000        JMP 0
7455  0000        JMP 0
7456  0000        JMP 0
7457  0000        JMP 0
7458  0000        JMP 0
7459  0000        JMP 0
745A  0000        JMP 0
745B  0000        JMP 0
745C  0000        JMP 0
745D  0000        JMP 0
745E  0000        JMP 0
745F  0000        JMP 0
7460  0000        JMP 0
7461  0000        JMP 0
7462  0000        JMP 0
7463  0000        JMP 0
7464  0000        JMP 0
7465  0000        JMP 0
7466  0000        JMP 0
7467  0000        JMP 0
7468  0000        JMP 0
7469  0000        JMP 0
746A  0000        JMP 0
746B  0000        JMP 0
746C  0000        JMP 0
746D  0000        JMP 0
746E  0000        JMP 0
746F  0000        JMP 0
7470  0000        JMP 0
7471  0000        JMP 0
7472  0000        JMP 0
7473  0000        JMP 0
7474  0000        JMP 0
7475  0000        JMP 0
7476  0000        JMP 0
7477  0000        JMP 0
7478  0000        JMP 0
7479  0000        JMP 0
747A  0000        JMP 0
747B  0000        JMP 0
747C  0000        JMP 0
747D  0000        JMP 0
747E  0000        JMP 0
747F  0000        JMP 0
7480  0000        JMP 0
7481  0000        JMP 0
7482  0000        JMP 0
7483  0000        JMP 0
7484  0000        JMP 0
7485  0000        JMP 0
7486  0000        JMP 0
7487  0000        JMP 0
7488  0000        JMP 0
7489  0000        JMP 0
748A  0000        JMP 0
748B  0000        JMP 0
748C  0000        JMP 0
748D  0000        JMP 0
748E  0000        JMP 0
748F  0000        JMP 0
7490  0000        JMP 0
7491  0000        JMP 0
7492  0000        JMP 0
7493  0000        JMP 0
7494  0000        JMP 0
7495  0000        JMP 0
7496  0000        JMP 0
7497  0000        JMP 0
7498  0000        JMP 0
7499  0000        JMP 0
749A  0000        JMP 0
749B  0000        JMP 0
749C  0000        JMP 0
749D  0000        JMP 0
749E  0000        JMP 0
749F  0000        JMP 0
74A0  0000        JMP 0
74A1  0000        JMP 0
74A2  0000        JMP 0
74A3  0000        JMP 0
74A4  0000        JMP 0
74A5  0000        JMP 0
74A6  0000        JMP 0
74A7  0000        JMP 0
74A8  0000        JMP 0
74A9  0000        JMP 0
74AA  0000        JMP 0
74AB  0000        JMP 0
74AC  0000        JMP 0
74AD  0000        JMP 0
74AE  0000        JMP 0
74AF  0000        JMP 0
74B0  0000        JMP 0
74B1  0000        JMP 0
74B2  0000        JMP 0
74B3  0000        JMP 0
74B4  0000        JMP 0
74B5  0000        JMP 0
74B6  0000        JMP 0
74B7  0000        JMP 0
74B8  0000        JMP 0
74B9  0000        JMP 0
74BA  0000        JMP 0
74BB  0000        JMP 0
74BC  0000        JMP 0
74BD  0000        JMP 0
74BE  0000        JMP 0
74BF  0000        JMP 0
74C0  0000        JMP 0
74C1  0000        JMP 0
74C2  0000        JMP 0
74C3  0000        JMP 0
74C4  0000        JMP 0
74C5  0000        JMP 0
74C6  0000        JMP 0
74C7  0000        JMP 0
74C8  0000        JMP 0
74C9  0000        JMP 0
74CA  0000        JMP 0
74CB  0000        JMP 0
74CC  0000        JMP 0
74CD  0000        JMP 0
74CE  0000        JMP 0
74CF  0000        JMP 0
74D0  0000        JMP 0
74D1  0000        JMP 0
74D2  0000        JMP 0
74D3  0000        JMP 0
74D4  0000        JMP 0
74D5  0000        JMP 0
74D6  0000        JMP 0
74D7  0000        JMP 0
74D8  0000        JMP 0
74D9  0000        JMP 0
74DA  0000        JMP 0
74DB  0000        JMP 0
74DC  0000        JMP 0
74DD  0000        JMP 0
74DE  0000        JMP 0
74DF  0000        JMP 0
74E0  0000        JMP 0
74E1  0000        JMP 0
74E2  0000        JMP 0
74E3  0000        JMP 0
74E4  0000        JMP 0
74E5  0000        JMP 0
74E6  0000        JMP 0
74E7  0000        JMP 0
74E8  0000        JMP 0
74E9  0000        JMP 0
74EA  0000        JMP 0
74EB  0000        JMP 0
74EC  0000        JMP 0
74ED  0000        JMP 0
74EE  0000        JMP 0
74EF  0000        JMP 0
74F0  0000        JMP 0
74F1  0000        JMP 0
74F2  0000        JMP 0
74F3  0000        JMP 0
74F4  0000        JMP 0
74F5  0000        JMP 0
74F6  0000        JMP 0
74F7  0000        JMP 0
74F8  0000        JMP 0
74F9  0000        JMP 0
74FA  0000        JMP 0
74FB  0000        JMP 0
74FC  0000        JMP 0
74FD  0000        JMP 0
74FE  0000        JMP 0
74FF  0000        JMP 0
7500  0000        JMP 0
7501  0000        JMP 0
7502  0000        JMP 0
7503  0000        JMP 0
7504  0000        JMP 0
7505  0000        JMP 0
7506  0000        JMP 0
7507  0000        JMP 0
7508  0000        JMP 0
7509  0000        JMP 0
750A  0000        JMP 0
750B  0000        JMP 0
750C  0000        JMP 0
750D  0000        JMP 0
750E  0000        JMP 0
750F  0000        JMP 0
7510  0000        JMP 0
7511  0000        JMP 0
7512  0000        JMP 0
7513  0000        JMP 0
7514  0000        JMP 0
7515  0000        JMP 0
7516  0000        JMP 0
7517  0000        JMP 0
7518  0000        JMP 0
7519  0000        JMP 0
751A  0000        JMP 0
751B  0000        JMP 0
751C  0000        JMP 0
751D  0000        JMP 0
751E  0000        JMP 0
751F  0000        JMP 0
7520  0000        JMP 0
7521  0000        JMP 0
7522  0000        JMP 0
7523  0000        JMP 0
7524  0000        JMP 0
7525  0000        JMP 0
7526  0000        JMP 0
7527  0000        JMP 0
7528  0000        JMP 0
7529  0000        JMP 0
752A  0000        JMP 0
752B  0000        JMP 0
752C  0000        JMP 0
752D  0000        JMP 0
752E  0000        JMP 0
752F  0000        JMP 0
7530  0000        JMP 0
7531  0000        JMP 0
7532  0000        JMP 0
7533  0000        JMP 0
7534  0000        JMP 0
7535  0000        JMP 0
7536  0000        JMP 0
7537  0000        JMP 0
7538  0000        JMP 0
7539  0000        JMP 0
753A  0000        JMP 0
753B  0000        JMP 0
753C  0000        JMP 0
753D  0000        JMP 0
753E  0000        JMP 0
753F  0000        JMP 0
7540  0000        JMP 0
7541  0000        JMP 0
7542  0000        JMP 0
7543  0000        JMP 0
7544  0000        JMP 0
7545  0000        JMP 0
7546  0000        JMP 0
7547  0000        JMP 0
7548  0000        JMP 0
7549  0000        JMP 0
754A  0000        JMP 0
754B  0000        JMP 0
754C  0000        JMP 0
754D  0000        JMP 0
754E  0000        JMP 0
754F  0000        JMP 0
7550  0000        JMP 0
7551  0000        JMP 0
7552  0000        JMP 0
7553  0000        JMP 0
7554  0000        JMP 0
7555  0000        JMP 0
7556  0000        JMP 0
7557  0000        JMP 0
7558  0000        JMP 0
7559  0000        JMP 0
755A  0000        JMP 0
755B  0000        JMP 0
755C  0000        JMP 0
755D  0000        JMP 0
755E  0000        JMP 0
755F  0000        JMP 0
7560  0000        JMP 0
7561  0000        JMP 0
7562  0000        JMP 0
7563  0000        JMP 0
7564  0000        JMP 0
7565  0000        JMP 0
7566  0000        JMP 0
7567  0000        JMP 0
7568  0000        JMP 0
7569  0000        JMP 0
756A  0000        JMP 0
756B  0000        JMP 0
756C  0000        JMP 0
756D  0000        JMP 0
756E  0000        JMP 0
756F  0000        JMP 0
7570  0000        JMP 0
7571  0000        JMP 0
7572  0000        JMP 0
7573  0000        JMP 0
7574  0000        JMP 0
7575  0000        JMP 0
7576  0000        JMP 0
7577  0000        JMP 0
7578  0000        JMP 0
7579  0000        JMP 0
757A  0000        JMP 0
757B  0000        JMP 0
757C  0000        JMP 0
757D  0000        JMP 0
757E  0000        JMP 0
757F  0000        JMP 0
7580  0000        JMP 0
7581  0000        JMP 0
7582  0000        JMP 0
7583  0000        JMP 0
7584  0000        JMP 0
7585  0000        JMP 0
7586  0000        JMP 0
7587  0000        JMP 0
7588  0000        JMP 0
7589  0000        JMP 0
758A  0000        JMP 0
758B  0000        JMP 0
758C  0000        JMP 0
758D  0000        JMP 0
758E  0000        JMP 0
758F  0000        JMP 0
7590  0000        JMP 0
7591  0000        JMP 0
7592  0000        JMP 0
7593  0000        JMP 0
7594  0000        JMP 0
7595  0000        JMP 0
7596  0000        JMP 0
7597  0000        JMP 0
7598  0000        JMP 0
7599  0000        JMP 0
759A  0000        JMP 0
759B  0000        JMP 0
759C  0000        JMP 0
759D  0000        JMP 0
759E  0000        JMP 0
759F  0000        JMP 0
75A0  0000        JMP 0
75A1  0000        JMP 0
75A2  0000        JMP 0
75A3  0000        JMP 0
75A4  0000        JMP 0
75A5  0000        JMP 0
75A6  0000        JMP 0
75A7  0000        JMP 0
75A8  0000        JMP 0
75A9  0000        JMP 0
75AA  0000        JMP 0
75AB  0000        JMP 0
75AC  0000        JMP 0
75AD  0000        JMP 0
75AE  0000        JMP 0
75AF  0000        JMP 0
75B0  0000        JMP 0
75B1  0000        JMP 0
75B2  0000        JMP 0
75B3  0000        JMP 0
75B4  0000        JMP 0
75B5  0000        JMP 0
75B6  0000        JMP 0
75B7  0000        JMP 0
75B8  0000        JMP 0
75B9  0000        JMP 0
75BA  0000        JMP 0
75BB  0000        JMP 0
75BC  0000        JMP 0
75BD  0000        JMP 0
75BE  0000        JMP 0
75BF  0000        JMP 0
75C0  0000        JMP 0
75C1  0000        JMP 0
75C2  0000        JMP 0
75C3  0000        JMP 0
75C4  0000        JMP 0
75C5  0000        JMP 0
75C6  0000        JMP 0
75C7  0000        JMP 0
75C8  0000        JMP 0
75C9  0000        JMP 0
75CA  0000        JMP 0
75CB  0000        JMP 0
75CC  0000        JMP 0
75CD  0000        JMP 0
75CE  0000        JMP 0
75CF  0000        JMP 0
75D0  0000        JMP 0
75D1  0000        JMP 0
75D2  0000        JMP 0
75D3  0000        JMP 0
75D4  0000        JMP 0
75D5  0000        JMP 0
75D6  0000        JMP 0
75D7  0000        JMP 0
75D8  0000        JMP 0
75D9  0000        JMP 0
75DA  0000        JMP 0
75DB  0000        JMP 0
75DC  0000        JMP 0
75DD  0000        JMP 0
75DE  0000        JMP 0
75DF  0000        JMP 0
75E0  0000        JMP 0
75E1  0000        JMP 0
75E2  0000        JMP 0
75E3  0000        JMP 0
75E4  0000        JMP 0
75E5  0000        JMP 0
75E6  0000        JMP 0
75E7  0000        JMP 0
75E8  0000        JMP 0
75E9  0000        JMP 0
75EA  0000        JMP 0
75EB  0000        JMP 0
75EC  0000        JMP 0
75ED  0000        JMP 0
75EE  0000        JMP 0
75EF  0000        JMP 0
75F0  0000        JMP 0
75F1  0000        JMP 0
75F2  0000        JMP 0
75F3  0000        JMP 0
75F4  0000        JMP 0
75F5  0000        JMP 0
75F6  0000        JMP 0
75F7  0000        JMP 0
75F8  0000        JMP 0
75F9  0000        JMP 0
75FA  0000        JMP 0
75FB  0000        JMP 0
75FC  0000        JMP 0
75FD  0000        JMP 0
75FE  0000        JMP 0
75FF  0000        JMP 0
7600  0000        JMP 0
7601  0000        JMP 0
7602  0000        JMP 0
7603  0000        JMP 0
7604  0000        JMP 0
7605  0000        JMP 0
7606  0000        JMP 0
7607  0000        JMP 0
7608  0000        JMP 0
7609  0000        JMP 0
760A  0000        JMP 0
760B  0000        JMP 0
760C  0000        JMP 0
760D  0000        JMP 0
760E  0000        JMP 0
760F  0000        JMP 0
7610  0000        JMP 0
7611  0000        JMP 0
7612  0000        JMP 0
7613  0000        JMP 0
7614  0000        JMP 0
7615  0000        JMP 0
7616  0000        JMP 0
7617  0000        JMP 0
7618  0000        JMP 0
7619  0000        JMP 0
761A  0000        JMP 0
761B  0000        JMP 0
761C  0000        JMP 0
761D  0000        JMP 0
761E  0000        JMP 0
761F  0000        JMP 0
7620  0000        JMP 0
7621  0000        JMP 0
7622  0000        JMP 0
7623  0000        JMP 0
7624  0000        JMP 0
7625  0000        JMP 0
7626  0000        JMP 0
7627  0000        JMP 0
7628  0000        JMP 0
7629  0000        JMP 0
762A  0000        JMP 0
762B  0000        JMP 0
762C  0000        JMP 0
762D  0000        JMP 0
762E  0000        JMP 0
762F  0000        JMP 0
7630  0000        JMP 0
7631  0000        JMP 0
7632  0000        JMP 0
7633  0000        JMP 0
7634  0000        JMP 0
7635  0000        JMP 0
7636  0000        JMP 0
7637  0000        JMP 0
7638  0000        JMP 0
7639  0000        JMP 0
763A  0000        JMP 0
763B  0000        JMP 0
763C  0000        JMP 0
763D  0000        JMP 0
763E  0000        JMP 0
763F  0000        JMP 0
7640  0000        JMP 0
7641  0000        JMP 0
7642  0000        JMP 0
7643  0000        JMP 0
7644  0000        JMP 0
7645  0000        JMP 0
7646  0000        JMP 0
7647  0000        JMP 0
7648  0000        JMP 0
7649  0000        JMP 0
764A  0000        JMP 0
764B  0000        JMP 0
764C  0000        JMP 0
764D  0000        JMP 0
764E  0000        JMP 0
764F  0000        JMP 0
7650  0000        JMP 0
7651  0000        JMP 0
7652  0000        JMP 0
7653  0000        JMP 0
7654  0000        JMP 0
7655  0000        JMP 0
7656  0000        JMP 0
7657  0000        JMP 0
7658  0000        JMP 0
7659  0000        JMP 0
765A  0000        JMP 0
765B  0000        JMP 0
765C  0000        JMP 0
765D  0000        JMP 0
765E  0000        JMP 0
765F  0000        JMP 0
7660  0000        JMP 0
7661  0000        JMP 0
7662  0000        JMP 0
7663  0000        JMP 0
7664  0000        JMP 0
7665  0000        JMP 0
7666  0000        JMP 0
7667  0000        JMP 0
7668  0000        JMP 0
7669  0000        JMP 0
766A  0000        JMP 0
766B  0000        JMP 0
766C  0000        JMP 0
766D  0000        JMP 0
766E  0000        JMP 0
766F  0000        JMP 0
7670  0000        JMP 0
7671  0000        JMP 0
7672  0000        JMP 0
7673  0000        JMP 0
7674  0000        JMP 0
7675  0000        JMP 0
7676  0000        JMP 0
7677  0000        JMP 0
7678  0000        JMP 0
7679  0000        JMP 0
767A  0000        JMP 0
767B  0000        JMP 0
767C  0000        JMP 0
767D  0000        JMP 0
767E  0000        JMP 0
767F  0000        JMP 0
7680  0000        JMP 0
7681  0000        JMP 0
7682  0000        JMP 0
7683  0000        JMP 0
7684  0000        JMP 0
7685  0000        JMP 0
7686  0000        JMP 0
7687  0000        JMP 0
7688  0000        JMP 0
7689  0000        JMP 0
768A  0000        JMP 0
768B  0000        JMP 0
768C  0000        JMP 0
768D  0000        JMP 0
768E  0000        JMP 0
768F  0000        JMP 0
7690  0000        JMP 0
7691  0000        JMP 0
7692  0000        JMP 0
7693  0000        JMP 0
7694  0000        JMP 0
7695  0000        JMP 0
7696  0000        JMP 0
7697  0000        JMP 0
7698  0000        JMP 0
7699  0000        JMP 0
769A  0000        JMP 0
769B  0000        JMP 0
769C  0000        JMP 0
769D  0000        JMP 0
769E  0000        JMP 0
769F  0000        JMP 0
76A0  0000        JMP 0
76A1  0000        JMP 0
76A2  0000        JMP 0
76A3  0000        JMP 0
76A4  0000        JMP 0
76A5  0000        JMP 0
76A6  0000        JMP 0
76A7  0000        JMP 0
76A8  0000        JMP 0
76A9  0000        JMP 0
76AA  0000        JMP 0
76AB  0000        JMP 0
76AC  0000        JMP 0
76AD  0000        JMP 0
76AE  0000        JMP 0
76AF  0000        JMP 0
76B0  0000        JMP 0
76B1  0000        JMP 0
76B2  0000        JMP 0
76B3  0000        JMP 0
76B4  0000        JMP 0
76B5  0000        JMP 0
76B6  0000        JMP 0
76B7  0000        JMP 0
76B8  0000        JMP 0
76B9  0000        JMP 0
76BA  0000        JMP 0
76BB  0000        JMP 0
76BC  0000        JMP 0
76BD  0000        JMP 0
76BE  0000        JMP 0
76BF  0000        JMP 0
76C0  0000        JMP 0
76C1  0000        JMP 0
76C2  0000        JMP 0
76C3  0000        JMP 0
76C4  0000        JMP 0
76C5  0000        JMP 0
76C6  0000        JMP 0
76C7  0000        JMP 0
76C8  0000        JMP 0
76C9  0000        JMP 0
76CA  0000        JMP 0
76CB  0000        JMP 0
76CC  0000        JMP 0
76CD  0000        JMP 0
76CE  0000        JMP 0
76CF  0000        JMP 0
76D0  0000        JMP 0
76D1  0000        JMP 0
76D2  0000        JMP 0
76D3  0000        JMP 0
76D4  0000        JMP 0
76D5  0000        JMP 0
76D6  0000        JMP 0
76D7  0000        JMP 0
76D8  0000        JMP 0
76D9  0000        JMP 0
76DA  0000        JMP 0
76DB  0000        JMP 0
76DC  0000        JMP 0
76DD  0000        JMP 0
76DE  0000        JMP 0
76DF  0000        JMP 0
76E0  0000        JMP 0
76E1  0000        JMP 0
76E2  0000        JMP 0
76E3  0000        JMP 0
76E4  0000        JMP 0
76E5  0000        JMP 0
76E6  0000        JMP 0
76E7  0000        JMP 0
76E8  0000        JMP 0
76E9  0000        JMP 0
76EA  0000        JMP 0
76EB  0000        JMP 0
76EC  0000        JMP 0
76ED  0000        JMP 0
76EE  0000        JMP 0
76EF  0000        JMP 0
76F0  0000        JMP 0
76F1  0000        JMP 0
76F2  0000        JMP 0
76F3  0000        JMP 0
76F4  0000        JMP 0
76F5  0000        JMP 0
76F6  0000        JMP 0
76F7  0000        JMP 0
76F8  0000        JMP 0
76F9  0000        JMP 0
76FA  0000        JMP 0
76FB  0000        JMP 0
76FC  0000        JMP 0
76FD  0000        JMP 0
76FE  0000        JMP 0
76FF  0000        JMP 0
7700  0000        JMP 0
7701  0000        JMP 0
7702  0000        JMP 0
7703  0000        JMP 0
7704  0000        JMP 0
7705  0000        JMP 0
7706  0000        JMP 0
7707  0000        JMP 0
7708  0000        JMP 0
7709  0000        JMP 0
770A  0000        JMP 0
770B  0000        JMP 0
770C  0000        JMP 0
770D  0000        JMP 0
770E  0000        JMP 0
770F  0000        JMP 0
7710  0000        JMP 0
7711  0000        JMP 0
7712  0000        JMP 0
7713  0000        JMP 0
7714  0000        JMP 0
7715  0000        JMP 0
7716  0000        JMP 0
7717  0000        JMP 0
7718  0000        JMP 0
7719  0000        JMP 0
771A  0000        JMP 0
771B  0000        JMP 0
771C  0000        JMP 0
771D  0000        JMP 0
771E  0000        JMP 0
771F  0000        JMP 0
7720  0000        JMP 0
7721  0000        JMP 0
7722  0000        JMP 0
7723  0000        JMP 0
7724  0000        JMP 0
7725  0000        JMP 0
7726  0000        JMP 0
7727  0000        JMP 0
7728  0000        JMP 0
7729  0000        JMP 0
772A  0000        JMP 0
772B  0000        JMP 0
772C  0000        JMP 0
772D  0000        JMP 0
772E  0000        JMP 0
772F  0000        JMP 0
7730  0000        JMP 0
7731  0000        JMP 0
7732  0000        JMP 0
7733  0000        JMP 0
7734  0000        JMP 0
7735  0000        JMP 0
7736  0000        JMP 0
7737  0000        JMP 0
7738  0000        JMP 0
7739  0000        JMP 0
773A  0000        JMP 0
773B  0000        JMP 0
773C  0000        JMP 0
773D  0000        JMP 0
773E  0000        JMP 0
773F  0000        JMP 0
7740  0000        JMP 0
7741  0000        JMP 0
7742  0000        JMP 0
7743  0000        JMP 0
7744  0000        JMP 0
7745  0000        JMP 0
7746  0000        JMP 0
7747  0000        JMP 0
7748  0000        JMP 0
7749  0000        JMP 0
774A  0000        JMP 0
774B  0000        JMP 0
774C  0000        JMP 0
774D  0000        JMP 0
774E  0000        JMP 0
774F  0000        JMP 0
7750  0000        JMP 0
7751  0000        JMP 0
7752  0000        JMP 0
7753  0000        JMP 0
7754  0000        JMP 0
7755  0000        JMP 0
7756  0000        JMP 0
7757  0000        JMP 0
7758  0000        JMP 0
7759  0000        JMP 0
775A  0000        JMP 0
775B  0000        JMP 0
775C  0000        JMP 0
775D  0000        JMP 0
775E  0000        JMP 0
775F  0000        JMP 0
7760  0000        JMP 0
7761  0000        JMP 0
7762  0000        JMP 0
7763  0000        JMP 0
7764  0000        JMP 0
7765  0000        JMP 0
7766  0000        JMP 0
7767  0000        JMP 0
7768  0000        JMP 0
7769  0000        JMP 0
776A  0000        JMP 0
776B  0000        JMP 0
776C  0000        JMP 0
776D  0000        JMP 0
776E  0000        JMP 0
776F  0000        JMP 0
7770  0000        JMP 0
7771  0000        JMP 0
7772  0000        JMP 0
7773  0000        JMP 0
7774  0000        JMP 0
7775  0000        JMP 0
7776  0000        JMP 0
7777  0000        JMP 0
7778  0000        JMP 0
7779  0000        JMP 0
777A  0000        JMP 0
777B  0000        JMP 0
777C  0000        JMP 0
777D  0000        JMP 0
777E  0000        JMP 0
777F  0000        JMP 0
7780  0000        JMP 0
7781  0000        JMP 0
7782  0000        JMP 0
7783  0000        JMP 0
7784  0000        JMP 0
7785  0000        JMP 0
7786  0000        JMP 0
7787  0000        JMP 0
7788  0000        JMP 0
7789  0000        JMP 0
778A  0000        JMP 0
778B  0000        JMP 0
778C  0000        JMP 0
778D  0000        JMP 0
778E  0000        JMP 0
778F  0000        JMP 0
7790  0000        JMP 0
7791  0000        JMP 0
7792  0000        JMP 0
7793  0000        JMP 0
7794  0000        JMP 0
7795  0000        JMP 0
7796  0000        JMP 0
7797  0000        JMP 0
7798  0000        JMP 0
7799  0000        JMP 0
779A  0000        JMP 0
779B  0000        JMP 0
779C  0000        JMP 0
779D  0000        JMP 0
779E  0000        JMP 0
779F  0000        JMP 0
77A0  0000        JMP 0
77A1  0000        JMP 0
77A2  0000        JMP 0
77A3  0000        JMP 0
77A4  0000        JMP 0
77A5  0000        JMP 0
77A6  0000        JMP 0
77A7  0000        JMP 0
77A8  0000        JMP 0
77A9  0000        JMP 0
77AA  0000        JMP 0
77AB  0000        JMP 0
77AC  0000        JMP 0
77AD  0000        JMP 0
77AE  0000        JMP 0
77AF  0000        JMP 0
77B0  0000        JMP 0
77B1  0000        JMP 0
77B2  0000        JMP 0
77B3  0000        JMP 0
77B4  0000        JMP 0
77B5  0000        JMP 0
77B6  0000        JMP 0
77B7  0000        JMP 0
77B8  0000        JMP 0
77B9  0000        JMP 0
77BA  0000        JMP 0
77BB  0000        JMP 0
77BC  0000        JMP 0
77BD  0000        JMP 0
77BE  0000        JMP 0
77BF  0000        JMP 0
77C0  0000        JMP 0
77C1  0000        JMP 0
77C2  0000        JMP 0
77C3  0000        JMP 0
77C4  0000        JMP 0
77C5  0000        JMP 0
77C6  0000        JMP 0
77C7  0000        JMP 0
77C8  0000        JMP 0
77C9  0000        JMP 0
77CA  0000        JMP 0
77CB  0000        JMP 0
77CC  0000        JMP 0
77CD  0000        JMP 0
77CE  0000        JMP 0
77CF  0000        JMP 0
77D0  0000        JMP 0
77D1  0000        JMP 0
77D2  0000        JMP 0
77D3  0000        JMP 0
77D4  0000        JMP 0
77D5  0000        JMP 0
77D6  0000        JMP 0
77D7  0000        JMP 0
77D8  0000        JMP 0
77D9  0000        JMP 0
77DA  0000        JMP 0
77DB  0000        JMP 0
77DC  0000        JMP 0
77DD  0000        JMP 0
77DE  0000        JMP 0
77DF  0000        JMP 0
77E0  0000        JMP 0
77E1  0000        JMP 0
77E2  0000        JMP 0
77E3  0000        JMP 0
77E4  0000        JMP 0
77E5  0000        JMP 0
77E6  0000        JMP 0
77E7  0000        JMP 0
77E8  0000        JMP 0
77E9  0000        JMP 0
77EA  0000        JMP 0
77EB  0000        JMP 0
77EC  0000        JMP 0
77ED  0000        JMP 0
77EE  0000        JMP 0
77EF  0000        JMP 0
77F0  0000        JMP 0
77F1  0000        JMP 0
77F2  0000        JMP 0
77F3  0000        JMP 0
77F4  0000        JMP 0
77F5  0000        JMP 0
77F6  0000        JMP 0
77F7  0000        JMP 0
77F8  0000        JMP 0
77F9  0000        JMP 0
77FA  0000        JMP 0
77FB  0000        JMP 0
77FC  0000        JMP 0
77FD  0000        JMP 0
77FE  0000        JMP 0
77FF  0000        JMP 0
7800  E7C8 001F   SAVE 31             ; frame
7802  0C42        JSR @66
7803  0001        JMP 1
7804  430C        STA 0,12,3
7805  B438 01B1   ELDA 2,01B1   ; = 433
7807  2AFD        LDA 1,-3,2
7808  B500        SUB 1,2
7809  530D        STA 2,13,3
780A  B008        ADI 1,2
780B  530E        STA 2,14,3
780C  B438 01B7   ELDA 2,01B7   ; = 439
780E  32FD        LDA 2,-3,2
780F  530F        STA 2,15,3
7810  B438 01B7   ELDA 2,01B7   ; = 439
7812  32FB        LDA 2,-5,2
7813  5310        STA 2,16,3
7814  B438 01B7   ELDA 2,01B7   ; = 439
7816  32FE        LDA 2,-2,2
7817  230F        LDA 0,15,3
7818  8100        NEG 0,0
7819  8300        INC 0,0
781A  5311        STA 2,17,3
781B  9600        ADD 0,2
781C  4312        STA 0,18,3
781D  8500        SUB 0,0
781E  4B13        STA 1,19,3
781F  2B10        LDA 1,16,3
7820  CFC8        MULS
7821  230F        LDA 0,15,3
7822  4B14        STA 1,20,3
7823  8E00        ADD 0,1
7824  A438 01B7   ELDA 0,01B7   ; = 439
7826  A500        SUB 1,0
7827  5315        STA 2,21,3
7828  F7F8 00AA   ADDI 00AA,2
782A  9600        ADD 0,2
782B  4316        STA 0,22,3
782C  2315        LDA 0,21,3
782D  E7F8 00A9   ADDI 00A9,0
782F  5317        STA 2,23,3
7830  3316        LDA 2,22,3
7831  9600        ADD 0,2
7832  2315        LDA 0,21,3
7833  E7F8 00B5   ADDI 00B5,0
7835  5318        STA 2,24,3
7836  3316        LDA 2,22,3
7837  9600        ADD 0,2
7838  4319        STA 0,25,3
7839  2315        LDA 0,21,3
783A  8600        ADD 0,0
783B  531A        STA 2,26,3
783C  330D        LDA 2,13,3
783D  D300        INC 2,2
783E  431B        STA 0,27,3
783F  4B1C        STA 1,28,3
7840  531D        STA 2,29,3
7841  0C62        JSR @98
7842  EC38 4774   ELEF 1,4774   ; [4774] = 32
7844  6309        IO   6309
7845  0C59        JSR @89
7846  0101        JMP 1,PC   ; -> 7847
7847  270C        LDA 0,@12,3
7848  F438 47AF   ELEF 2,47AF   ; [47AF] = 12376
784A  0C5A        JSR @90
784B  D00C        COM# 2,2,SZR
784C  0A00        JSR 0,2
784D  3020        LDA 2,32
784E  E438 4776   ELEF 0,4776   ; -> "CMD11" (len 5)
7850  EC38 4775   ELEF 1,4775   ; [4775] = 34
7852  8E48        PSH 0,1
7853  0C0C 5DBE   JSR @12            ; overlay call, arg 5DBE
7855  5020        STA 2,32
7856  8538 01E8   EJMP 01E8,PC   ; -> 7A3F
7858  3821        LDA 3,33
7859  270E        LDA 0,@14,3
785A  820C        MOV# 0,0,SZR
785B  D501        SUB 2,2,SKP
785C  D550        SUBZL 2,2
785D  EC38 0A92   ELEF 1,0A92   ; [0A92] = 0
785F  531E        STA 2,30,3
7860  A50C        SUB# 1,0,SZR
7861  D501        SUB 2,2,SKP
7862  D550        SUBZL 2,2
7863  231E        LDA 0,30,3
7864  9108        IOR 0,2
7865  D20D        MOV# 2,2,SNR
7866  0129        JMP 41,PC   ; -> 788F
7867  3020        LDA 2,32
7868  E438 477E   ELEF 0,477E   ; [477E] = 171
786A  6B1E        IO   6B1E
786B  8E48        PSH 0,1
786C  0C0C 5FFA   JSR @12            ; overlay call, arg 5FFA
786E  5020        STA 2,32
786F  6002        IO   6002
7870  2B1E        LDA 1,30,3
7871  8D0C        SUB# 0,1,SZR
7872  0115        JMP 21,PC   ; -> 7887
7873  E438 477F   ELEF 0,477F   ; [477F] = 309
7875  8648        PSH 0,0
7876  0C0C 5D26   JSR @12            ; overlay call, arg 5D26
7878  5020        STA 2,32
7879  A438 01D5   ELDA 0,01D5   ; = 469
787B  4717        STA 0,@23,3
787C  2717        LDA 0,@23,3
787D  4718        STA 0,@24,3
787E  E438 4782   ELEF 0,4782   ; [4782] = 3
7880  EC38 477E   ELEF 1,477E   ; [477E] = 171
7882  8E48        PSH 0,1
7883  0C0C 6024   JSR @12            ; overlay call, arg 6024
7885  5020        STA 2,32
7886  0108        JMP 8,PC   ; -> 788E
7887  3020        LDA 2,32
7888  E438 4783   ELEF 0,4783   ; [4783] = 120
788A  8648        PSH 0,0
788B  0C0C 5D26   JSR @12            ; overlay call, arg 5D26
788D  5020        STA 2,32
788E  0108        JMP 8,PC   ; -> 7896
788F  3020        LDA 2,32
7890  E438 4784   ELEF 0,4784   ; [4784] = 54
7892  8648        PSH 0,0
7893  0C0C 5D26   JSR @12            ; overlay call, arg 5D26
7895  5020        STA 2,32
7896  8538 01A8   EJMP 01A8,PC   ; -> 7A3F
7898  3020        LDA 2,32
7899  E438 4785   ELEF 0,4785   ; [4785] = 1
789B  EC38 01D5   ELEF 1,01D5   ; = 469
789D  8E48        PSH 0,1
789E  E438 477C   ELEF 0,477C   ; [477C] = 2
78A0  3821        LDA 3,33
78A1  6B1E        IO   6B1E
78A2  8E48        PSH 0,1
78A3  0C0C 5674   JSR @12            ; overlay call, arg 5674
78A5  5020        STA 2,32
78A6  231E        LDA 0,30,3
78A7  4305        STA 0,5,3
78A8  862E        ADDO# 0,0,SEZ
78A9  0103        JMP 3,PC   ; -> 78AC
78AA  8538 0063   EJMP 0063,PC   ; -> 790E
78AC  6305        IO   6305
78AD  6B1E        IO   6B1E
78AE  8E48        PSH 0,1
78AF  0C0C 540B   JSR @12            ; overlay call, arg 540B
78B1  5020        STA 2,32
78B2  A438 01D5   ELDA 0,01D5   ; = 469
78B4  2B1E        LDA 1,30,3
78B5  8D0D        SUB# 0,1,SNR
78B6  010A        JMP 10,PC   ; -> 78C0
78B7  E438 021D   ELEF 0,021D   ; = 541
78B9  EC38 477C   ELEF 1,477C   ; [477C] = 2
78BB  8E48        PSH 0,1
78BC  0C0C 5DBE   JSR @12            ; overlay call, arg 5DBE
78BE  5020        STA 2,32
78BF  014F        JMP 79,PC   ; -> 790E
78C0  2305        LDA 0,5,3
78C1  68B4        IO   68B4
78C2  8D0C        SUB# 0,1,SZR
78C3  012D        JMP 45,PC   ; -> 78F0
78C4  3020        LDA 2,32
78C5  6305        IO   6305
78C6  6B1E        IO   6B1E
78C7  8E48        PSH 0,1
78C8  0C0C 5FFA   JSR @12            ; overlay call, arg 5FFA
78CA  5020        STA 2,32
78CB  231E        LDA 0,30,3
78CC  820C        MOV# 0,0,SZR
78CD  0112        JMP 18,PC   ; -> 78DF
78CE  E438 4785   ELEF 0,4785   ; [4785] = 1
78D0  6B05        IO   6B05
78D1  8E48        PSH 0,1
78D2  0C0C 6024   JSR @12            ; overlay call, arg 6024
78D4  5020        STA 2,32
78D5  E438 4787   ELEF 0,4787   ; [4787] = 314
78D7  8648        PSH 0,0
78D8  0C0C 5D26   JSR @12            ; overlay call, arg 5D26
78DA  5020        STA 2,32
78DB  A438 01D5   ELDA 0,01D5   ; = 469
78DD  471A        STA 0,@26,3
78DE  0111        JMP 17,PC   ; -> 78EF
78DF  3020        LDA 2,32
78E0  E438 4789   ELEF 0,4789   ; [4789] = 0
78E2  6B05        IO   6B05
78E3  8E48        PSH 0,1
78E4  0C0C 6024   JSR @12            ; overlay call, arg 6024
78E6  5020        STA 2,32
78E7  E438 478A   ELEF 0,478A   ; [478A] = 315
78E9  8648        PSH 0,0
78EA  0C0C 5D26   JSR @12            ; overlay call, arg 5D26
78EC  5020        STA 2,32
78ED  8400        ADC 0,0
78EE  471A        STA 0,@26,3
78EF  011F        JMP 31,PC   ; -> 790E
78F0  2305        LDA 0,5,3
78F1  2B1B        LDA 1,27,3
78F2  8E00        ADD 0,1
78F3  3316        LDA 2,22,3
78F4  B600        ADD 1,2
78F5  531E        STA 2,30,3
78F6  2200        LDA 0,0,2
78F7  C7F8 000F   ANDI 000F,0
78F9  820C        MOV# 0,0,SZR
78FA  010B        JMP 11,PC   ; -> 7905
78FB  3020        LDA 2,32
78FC  E438 021D   ELEF 0,021D   ; = 541
78FE  EC38 478D   ELEF 1,478D   ; [478D] = 316
7900  8E48        PSH 0,1
7901  0C0C 5DBE   JSR @12            ; overlay call, arg 5DBE
7903  5020        STA 2,32
7904  010A        JMP 10,PC   ; -> 790E
7905  3020        LDA 2,32
7906  E438 021D   ELEF 0,021D   ; = 541
7908  EC38 478E   ELEF 1,478E   ; [478E] = 53
790A  8E48        PSH 0,1
790B  0C0C 5DBE   JSR @12            ; overlay call, arg 5DBE
790D  5020        STA 2,32
790E  8538 0130   EJMP 0130,PC   ; -> 7A3F
7910  8500        SUB 0,0
7911  3821        LDA 3,33
7912  4307        STA 0,7,3
7913  6802        IO   6802
7914  4306        STA 0,6,3
7915  4B05        STA 1,5,3
7916  2305        LDA 0,5,3
7917  AC38 01DE   ELDA 1,01DE   ; = 478
7919  A248        SGE 1,0
791A  011B        JMP 27,PC   ; -> 7935
791B  330D        LDA 2,13,3
791C  9600        ADD 0,2
791D  E438 0A8F   ELEF 0,0A8F   ; [0A8F] = 0
791F  531E        STA 2,30,3
7920  2A00        LDA 1,0,2
7921  8D0C        SUB# 0,1,SZR
7922  0104        JMP 4,PC   ; -> 7926
7923  3305        LDA 2,5,3
7924  5306        STA 2,6,3
7925  010C        JMP 12,PC   ; -> 7931
7926  3305        LDA 2,5,3
7927  230D        LDA 0,13,3
7928  9600        ADD 0,2
7929  EC38 0AF5   ELEF 1,0AF5   ; [0AF5] = 0
792B  531E        STA 2,30,3
792C  2200        LDA 0,0,2
792D  A50C        SUB# 1,0,SZR
792E  0103        JMP 3,PC   ; -> 7931
792F  3305        LDA 2,5,3
7930  5307        STA 2,7,3
7931  2305        LDA 0,5,3
7932  8300        INC 0,0
7933  4305        STA 0,5,3
7934  01E2        JMP -30,PC   ; -> 7916
7935  3020        LDA 2,32
7936  E438 4785   ELEF 0,4785   ; [4785] = 1
7938  EC38 01D5   ELEF 1,01D5   ; = 469
793A  8E48        PSH 0,1
793B  E438 477C   ELEF 0,477C   ; [477C] = 2
793D  6B1E        IO   6B1E
793E  8E48        PSH 0,1
793F  0C0C 5674   JSR @12            ; overlay call, arg 5674
7941  5020        STA 2,32
7942  231E        LDA 0,30,3
7943  4305        STA 0,5,3
7944  862F        ADDO# 0,0,SBN
7945  AD01        SUB 1,1,SKP
7946  AD50        SUBZL 1,1
7947  AA0C        MOV# 1,1,SZR
7948  0103        JMP 3,PC   ; -> 794B
7949  8538 00DD   EJMP 00DD,PC   ; -> 7A27
794B  6305        IO   6305
794C  6B1E        IO   6B1E
794D  8E48        PSH 0,1
794E  0C0C 540B   JSR @12            ; overlay call, arg 540B
7950  5020        STA 2,32
7951  A438 01D5   ELDA 0,01D5   ; = 469
7953  2B1E        LDA 1,30,3
7954  8D0D        SUB# 0,1,SNR
7955  010B        JMP 11,PC   ; -> 7960
7956  E438 021D   ELEF 0,021D   ; = 541
7958  EC38 477C   ELEF 1,477C   ; [477C] = 2
795A  8E48        PSH 0,1
795B  0C0C 5DBE   JSR @12            ; overlay call, arg 5DBE
795D  5020        STA 2,32
795E  8538 00C8   EJMP 00C8,PC   ; -> 7A27
7960  6309        IO   6309
7961  EC38 021D   ELEF 1,021D   ; = 541
7963  0C5C        JSR @92
7964  3307        LDA 2,7,3
7965  D20C        MOV# 2,2,SZR
7966  D501        SUB 2,2,SKP
7967  D550        SUBZL 2,2
7968  A438 01DE   ELDA 0,01DE   ; = 478
796A  2B07        LDA 1,7,3
796B  531E        STA 2,30,3
796C  8D0C        SUB# 0,1,SZR
796D  D501        SUB 2,2,SKP
796E  D550        SUBZL 2,2
796F  231E        LDA 0,30,3
7970  9108        IOR 0,2
7971  D20D        MOV# 2,2,SNR
7972  010C        JMP 12,PC   ; -> 797E
7973  3020        LDA 2,32
7974  E438 021D   ELEF 0,021D   ; = 541
7976  EC38 4791   ELEF 1,4791   ; [4791] = 352
7978  8E48        PSH 0,1
7979  0C0C 5DBE   JSR @12            ; overlay call, arg 5DBE
797B  5020        STA 2,32
797C  8538 00AA   EJMP 00AA,PC   ; -> 7A27
797E  2307        LDA 0,7,3
797F  8300        INC 0,0
7980  431E        STA 0,30,3
7981  3020        LDA 2,32
7982  E438 4785   ELEF 0,4785   ; [4785] = 1
7984  EC38 4789   ELEF 1,4789   ; [4789] = 0
7986  8E48        PSH 0,1
7987  631E        IO   631E
7988  6B1F        IO   6B1F
7989  8E48        PSH 0,1
798A  0C0C 5674   JSR @12            ; overlay call, arg 5674
798C  5020        STA 2,32
798D  231F        LDA 0,31,3
798E  4308        STA 0,8,3
798F  862E        ADDO# 0,0,SEZ
7990  0103        JMP 3,PC   ; -> 7993
7991  8538 0095   EJMP 0095,PC   ; -> 7A27
7993  6308        IO   6308
7994  6B1E        IO   6B1E
7995  8E48        PSH 0,1
7996  0C0C 540B   JSR @12            ; overlay call, arg 540B
7998  5020        STA 2,32
7999  231E        LDA 0,30,3
799A  820D        MOV# 0,0,SNR
799B  0109        JMP 9,PC   ; -> 79A4
799C  EC38 4792   ELEF 1,4792   ; [4792] = 6
799E  AE48        PSH 1,1
799F  0C0C 5D26   JSR @12            ; overlay call, arg 5D26
79A1  5020        STA 2,32
79A2  8538 0084   EJMP 0084,PC   ; -> 7A27
79A4  2306        LDA 0,6,3
79A5  820C        MOV# 0,0,SZR
79A6  D501        SUB 2,2,SKP
79A7  D550        SUBZL 2,2
79A8  AC38 01DE   ELDA 1,01DE   ; = 478
79AA  531E        STA 2,30,3
79AB  A50C        SUB# 1,0,SZR
79AC  D501        SUB 2,2,SKP
79AD  D550        SUBZL 2,2
79AE  231E        LDA 0,30,3
79AF  9108        IOR 0,2
79B0  D20D        MOV# 2,2,SNR
79B1  010B        JMP 11,PC   ; -> 79BC
79B2  3020        LDA 2,32
79B3  6309        IO   6309
79B4  EC38 4793   ELEF 1,4793   ; [4793] = 349
79B6  8E48        PSH 0,1
79B7  0C0C 5DBE   JSR @12            ; overlay call, arg 5DBE
79B9  5020        STA 2,32
79BA  8538 006C   EJMP 006C,PC   ; -> 7A27
79BC  2305        LDA 0,5,3
79BD  68CE        IO   68CE
79BE  8D0D        SUB# 0,1,SNR
79BF  010A        JMP 10,PC   ; -> 79C9
79C0  3020        LDA 2,32
79C1  6309        IO   6309
79C2  EC38 4795   ELEF 1,4795   ; [4795] = 350
79C4  8E48        PSH 0,1
79C5  0C0C 5DBE   JSR @12            ; overlay call, arg 5DBE
79C7  5020        STA 2,32
79C8  015F        JMP 95,PC   ; -> 7A27
79C9  2308        LDA 0,8,3
79CA  68CF        IO   68CF
79CB  8D0D        SUB# 0,1,SNR
79CC  010A        JMP 10,PC   ; -> 79D6
79CD  3020        LDA 2,32
79CE  6309        IO   6309
79CF  EC38 4795   ELEF 1,4795   ; [4795] = 350
79D1  8E48        PSH 0,1
79D2  0C0C 5DBE   JSR @12            ; overlay call, arg 5DBE
79D4  5020        STA 2,32
79D5  0152        JMP 82,PC   ; -> 7A27
79D6  2306        LDA 0,6,3
79D7  8300        INC 0,0
79D8  330D        LDA 2,13,3
79D9  9600        ADD 0,2
79DA  EC38 0651   ELEF 1,0651   ; [0651] = 0
79DC  531E        STA 2,30,3
79DD  2200        LDA 0,0,2
79DE  A50D        SUB# 1,0,SNR
79DF  0109        JMP 9,PC   ; -> 79E8
79E0  3020        LDA 2,32
79E1  E438 4798   ELEF 0,4798   ; [4798] = 351
79E3  8648        PSH 0,0
79E4  0C0C 5D26   JSR @12            ; overlay call, arg 5D26
79E6  5020        STA 2,32
79E7  0140        JMP 64,PC   ; -> 7A27
79E8  3020        LDA 2,32
79E9  E438 477C   ELEF 0,477C   ; [477C] = 2
79EB  EC38 4794   ELEF 1,4794   ; [4794] = 206
79ED  8E48        PSH 0,1
79EE  0C0C 6024   JSR @12            ; overlay call, arg 6024
79F0  5020        STA 2,32
79F1  E438 022A   ELEF 0,022A   ; = 554
79F3  EC38 4799   ELEF 1,4799   ; [4799] = 347
79F5  8E48        PSH 0,1
79F6  0C0C 5DBE   JSR @12            ; overlay call, arg 5DBE
79F8  5020        STA 2,32
79F9  A438 479A   ELDA 0,479A   ; [479A] = 0
79FB  4304        STA 0,4,3
79FC  E438 022A   ELEF 0,022A   ; = 554
79FE  EC38 479B   ELEF 1,479B   ; -> "Nobody" (len 6)
7A00  0C54        JSR @84
7A01  0105        JMP 5,PC   ; -> 7A06
7A02  A438 47A2   ELDA 0,47A2   ; [47A2] = 1
7A04  4304        STA 0,4,3
7A05  010A        JMP 10,PC   ; -> 7A0F
7A06  E438 022A   ELEF 0,022A   ; = 554
7A08  EC38 47A3   ELEF 1,47A3   ; -> "No one" (len 6)
7A0A  0C54        JSR @84
7A0B  0104        JMP 4,PC   ; -> 7A0F
7A0C  B438 47A2   ELDA 2,47A2   ; [47A2] = 1
7A0E  5304        STA 2,4,3
7A0F  2304        LDA 0,4,3
7A10  820C        MOV# 0,0,SZR
7A11  010F        JMP 15,PC   ; -> 7A20
7A12  3020        LDA 2,32
7A13  EC38 47AA   ELEF 1,47AA   ; [47AA] = 346
7A15  AE48        PSH 1,1
7A16  0C0C 5D26   JSR @12            ; overlay call, arg 5D26
7A18  5020        STA 2,32
7A19  E438 4785   ELEF 0,4785   ; [4785] = 1
7A1B  8648        PSH 0,0
7A1C  0C0C 0199   JSR @12            ; overlay call, arg 0199
7A1E  5020        STA 2,32
7A1F  0108        JMP 8,PC   ; -> 7A27
7A20  3020        LDA 2,32
7A21  E438 47AB   ELEF 0,47AB   ; [47AB] = 348
7A23  8648        PSH 0,0
7A24  0C0C 5D26   JSR @12            ; overlay call, arg 5D26
7A26  5020        STA 2,32
7A27  0118        JMP 24,PC   ; -> 7A3F
7A28  60F3        IO   60F3
7A29  AC38 01DE   ELDA 1,01DE   ; = 478
7A2B  AB00        INC 1,1
7A2C  CC38 01DE   ESTA 1,01DE   ; = 478
7A2E  3821        LDA 3,33
7A2F  471D        STA 0,@29,3
7A30  330D        LDA 2,13,3
7A31  B600        ADD 1,2
7A32  E438 0A8F   ELEF 0,0A8F   ; [0A8F] = 0
7A34  AB00        INC 1,1
7A35  CC38 01DE   ESTA 1,01DE   ; = 478
7A37  4200        STA 0,0,2
7A38  330D        LDA 2,13,3
7A39  B600        ADD 1,2
7A3A  E438 0651   ELEF 0,0651   ; [0651] = 0
7A3C  4200        STA 0,0,2
7A3D  8538 7ED2   EJMP 7ED2,PC   ; -> 7910
7A3F  0C63        JSR @99
7A40  AFC8        RTN
7A41  0000        JMP 0
7A42  0000        JMP 0
7A43  0000        JMP 0
7A44  0000        JMP 0
7A45  0000        JMP 0
7A46  0000        JMP 0
7A47  0000        JMP 0
7A48  0000        JMP 0
7A49  0000        JMP 0
7A4A  0000        JMP 0
7A4B  0000        JMP 0
7A4C  0000        JMP 0
7A4D  0000        JMP 0
7A4E  0000        JMP 0
7A4F  0000        JMP 0
7A50  0000        JMP 0
7A51  0000        JMP 0
7A52  0000        JMP 0
7A53  0000        JMP 0
7A54  0000        JMP 0
7A55  0000        JMP 0
7A56  0000        JMP 0
7A57  0000        JMP 0
7A58  0000        JMP 0
7A59  0000        JMP 0
7A5A  0000        JMP 0
7A5B  0000        JMP 0
7A5C  0000        JMP 0
7A5D  0000        JMP 0
7A5E  0000        JMP 0
7A5F  0000        JMP 0
7A60  0000        JMP 0
7A61  0000        JMP 0
7A62  0000        JMP 0
7A63  0000        JMP 0
7A64  0000        JMP 0
7A65  0000        JMP 0
7A66  0000        JMP 0
7A67  0000        JMP 0
7A68  0000        JMP 0
7A69  0000        JMP 0
7A6A  0000        JMP 0
7A6B  0000        JMP 0
7A6C  0000        JMP 0
7A6D  0000        JMP 0
7A6E  0000        JMP 0
7A6F  0000        JMP 0
7A70  0000        JMP 0
7A71  0000        JMP 0
7A72  0000        JMP 0
7A73  0000        JMP 0
7A74  0000        JMP 0
7A75  0000        JMP 0
7A76  0000        JMP 0
7A77  0000        JMP 0
7A78  0000        JMP 0
7A79  0000        JMP 0
7A7A  0000        JMP 0
7A7B  0000        JMP 0
7A7C  0000        JMP 0
7A7D  0000        JMP 0
7A7E  0000        JMP 0
7A7F  0000        JMP 0
7A80  0000        JMP 0
7A81  0000        JMP 0
7A82  0000        JMP 0
7A83  0000        JMP 0
7A84  0000        JMP 0
7A85  0000        JMP 0
7A86  0000        JMP 0
7A87  0000        JMP 0
7A88  0000        JMP 0
7A89  0000        JMP 0
7A8A  0000        JMP 0
7A8B  0000        JMP 0
7A8C  0000        JMP 0
7A8D  0000        JMP 0
7A8E  0000        JMP 0
7A8F  0000        JMP 0
7A90  0000        JMP 0
7A91  0000        JMP 0
7A92  0000        JMP 0
7A93  0000        JMP 0
7A94  0000        JMP 0
7A95  0000        JMP 0
7A96  0000        JMP 0
7A97  0000        JMP 0
7A98  0000        JMP 0
7A99  0000        JMP 0
7A9A  0000        JMP 0
7A9B  0000        JMP 0
7A9C  0000        JMP 0
7A9D  0000        JMP 0
7A9E  0000        JMP 0
7A9F  0000        JMP 0
7AA0  0000        JMP 0
7AA1  0000        JMP 0
7AA2  0000        JMP 0
7AA3  0000        JMP 0
7AA4  0000        JMP 0
7AA5  0000        JMP 0
7AA6  0000        JMP 0
7AA7  0000        JMP 0
7AA8  0000        JMP 0
7AA9  0000        JMP 0
7AAA  0000        JMP 0
7AAB  0000        JMP 0
7AAC  0000        JMP 0
7AAD  0000        JMP 0
7AAE  0000        JMP 0
7AAF  0000        JMP 0
7AB0  0000        JMP 0
7AB1  0000        JMP 0
7AB2  0000        JMP 0
7AB3  0000        JMP 0
7AB4  0000        JMP 0
7AB5  0000        JMP 0
7AB6  0000        JMP 0
7AB7  0000        JMP 0
7AB8  0000        JMP 0
7AB9  0000        JMP 0
7ABA  0000        JMP 0
7ABB  0000        JMP 0
7ABC  0000        JMP 0
7ABD  0000        JMP 0
7ABE  0000        JMP 0
7ABF  0000        JMP 0
7AC0  0000        JMP 0
7AC1  0000        JMP 0
7AC2  0000        JMP 0
7AC3  0000        JMP 0
7AC4  0000        JMP 0
7AC5  0000        JMP 0
7AC6  0000        JMP 0
7AC7  0000        JMP 0
7AC8  0000        JMP 0
7AC9  0000        JMP 0
7ACA  0000        JMP 0
7ACB  0000        JMP 0
7ACC  0000        JMP 0
7ACD  0000        JMP 0
7ACE  0000        JMP 0
7ACF  0000        JMP 0
7AD0  0000        JMP 0
7AD1  0000        JMP 0
7AD2  0000        JMP 0
7AD3  0000        JMP 0
7AD4  0000        JMP 0
7AD5  0000        JMP 0
7AD6  0000        JMP 0
7AD7  0000        JMP 0
7AD8  0000        JMP 0
7AD9  0000        JMP 0
7ADA  0000        JMP 0
7ADB  0000        JMP 0
7ADC  0000        JMP 0
7ADD  0000        JMP 0
7ADE  0000        JMP 0
7ADF  0000        JMP 0
7AE0  0000        JMP 0
7AE1  0000        JMP 0
7AE2  0000        JMP 0
7AE3  0000        JMP 0
7AE4  0000        JMP 0
7AE5  0000        JMP 0
7AE6  0000        JMP 0
7AE7  0000        JMP 0
7AE8  0000        JMP 0
7AE9  0000        JMP 0
7AEA  0000        JMP 0
7AEB  0000        JMP 0
7AEC  0000        JMP 0
7AED  0000        JMP 0
7AEE  0000        JMP 0
7AEF  0000        JMP 0
7AF0  0000        JMP 0
7AF1  0000        JMP 0
7AF2  0000        JMP 0
7AF3  0000        JMP 0
7AF4  0000        JMP 0
7AF5  0000        JMP 0
7AF6  0000        JMP 0
7AF7  0000        JMP 0
7AF8  0000        JMP 0
7AF9  0000        JMP 0
7AFA  0000        JMP 0
7AFB  0000        JMP 0
7AFC  0000        JMP 0
7AFD  0000        JMP 0
7AFE  0000        JMP 0
7AFF  0000        JMP 0
7B00  0000        JMP 0
7B01  0000        JMP 0
7B02  0000        JMP 0
7B03  0000        JMP 0
7B04  0000        JMP 0
7B05  0000        JMP 0
7B06  0000        JMP 0
7B07  0000        JMP 0
7B08  0000        JMP 0
7B09  0000        JMP 0
7B0A  0000        JMP 0
7B0B  0000        JMP 0
7B0C  0000        JMP 0
7B0D  0000        JMP 0
7B0E  0000        JMP 0
7B0F  0000        JMP 0
7B10  0000        JMP 0
7B11  0000        JMP 0
7B12  0000        JMP 0
7B13  0000        JMP 0
7B14  0000        JMP 0
7B15  0000        JMP 0
7B16  0000        JMP 0
7B17  0000        JMP 0
7B18  0000        JMP 0
7B19  0000        JMP 0
7B1A  0000        JMP 0
7B1B  0000        JMP 0
7B1C  0000        JMP 0
7B1D  0000        JMP 0
7B1E  0000        JMP 0
7B1F  0000        JMP 0
7B20  0000        JMP 0
7B21  0000        JMP 0
7B22  0000        JMP 0
7B23  0000        JMP 0
7B24  0000        JMP 0
7B25  0000        JMP 0
7B26  0000        JMP 0
7B27  0000        JMP 0
7B28  0000        JMP 0
7B29  0000        JMP 0
7B2A  0000        JMP 0
7B2B  0000        JMP 0
7B2C  0000        JMP 0
7B2D  0000        JMP 0
7B2E  0000        JMP 0
7B2F  0000        JMP 0
7B30  0000        JMP 0
7B31  0000        JMP 0
7B32  0000        JMP 0
7B33  0000        JMP 0
7B34  0000        JMP 0
7B35  0000        JMP 0
7B36  0000        JMP 0
7B37  0000        JMP 0
7B38  0000        JMP 0
7B39  0000        JMP 0
7B3A  0000        JMP 0
7B3B  0000        JMP 0
7B3C  0000        JMP 0
7B3D  0000        JMP 0
7B3E  0000        JMP 0
7B3F  0000        JMP 0
7B40  0000        JMP 0
7B41  0000        JMP 0
7B42  0000        JMP 0
7B43  0000        JMP 0
7B44  0000        JMP 0
7B45  0000        JMP 0
7B46  0000        JMP 0
7B47  0000        JMP 0
7B48  0000        JMP 0
7B49  0000        JMP 0
7B4A  0000        JMP 0
7B4B  0000        JMP 0
7B4C  0000        JMP 0
7B4D  0000        JMP 0
7B4E  0000        JMP 0
7B4F  0000        JMP 0
7B50  0000        JMP 0
7B51  0000        JMP 0
7B52  0000        JMP 0
7B53  0000        JMP 0
7B54  0000        JMP 0
7B55  0000        JMP 0
7B56  0000        JMP 0
7B57  0000        JMP 0
7B58  0000        JMP 0
7B59  0000        JMP 0
7B5A  0000        JMP 0
7B5B  0000        JMP 0
7B5C  0000        JMP 0
7B5D  0000        JMP 0
7B5E  0000        JMP 0
7B5F  0000        JMP 0
7B60  0000        JMP 0
7B61  0000        JMP 0
7B62  0000        JMP 0
7B63  0000        JMP 0
7B64  0000        JMP 0
7B65  0000        JMP 0
7B66  0000        JMP 0
7B67  0000        JMP 0
7B68  0000        JMP 0
7B69  0000        JMP 0
7B6A  0000        JMP 0
7B6B  0000        JMP 0
7B6C  0000        JMP 0
7B6D  0000        JMP 0
7B6E  0000        JMP 0
7B6F  0000        JMP 0
7B70  0000        JMP 0
7B71  0000        JMP 0
7B72  0000        JMP 0
7B73  0000        JMP 0
7B74  0000        JMP 0
7B75  0000        JMP 0
7B76  0000        JMP 0
7B77  0000        JMP 0
7B78  0000        JMP 0
7B79  0000        JMP 0
7B7A  0000        JMP 0
7B7B  0000        JMP 0
7B7C  0000        JMP 0
7B7D  0000        JMP 0
7B7E  0000        JMP 0
7B7F  0000        JMP 0
7B80  0000        JMP 0
7B81  0000        JMP 0
7B82  0000        JMP 0
7B83  0000        JMP 0
7B84  0000        JMP 0
7B85  0000        JMP 0
7B86  0000        JMP 0
7B87  0000        JMP 0
7B88  0000        JMP 0
7B89  0000        JMP 0
7B8A  0000        JMP 0
7B8B  0000        JMP 0
7B8C  0000        JMP 0
7B8D  0000        JMP 0
7B8E  0000        JMP 0
7B8F  0000        JMP 0
7B90  0000        JMP 0
7B91  0000        JMP 0
7B92  0000        JMP 0
7B93  0000        JMP 0
7B94  0000        JMP 0
7B95  0000        JMP 0
7B96  0000        JMP 0
7B97  0000        JMP 0
7B98  0000        JMP 0
7B99  0000        JMP 0
7B9A  0000        JMP 0
7B9B  0000        JMP 0
7B9C  0000        JMP 0
7B9D  0000        JMP 0
7B9E  0000        JMP 0
7B9F  0000        JMP 0
7BA0  0000        JMP 0
7BA1  0000        JMP 0
7BA2  0000        JMP 0
7BA3  0000        JMP 0
7BA4  0000        JMP 0
7BA5  0000        JMP 0
7BA6  0000        JMP 0
7BA7  0000        JMP 0
7BA8  0000        JMP 0
7BA9  0000        JMP 0
7BAA  0000        JMP 0
7BAB  0000        JMP 0
7BAC  0000        JMP 0
7BAD  0000        JMP 0
7BAE  0000        JMP 0
7BAF  0000        JMP 0
7BB0  0000        JMP 0
7BB1  0000        JMP 0
7BB2  0000        JMP 0
7BB3  0000        JMP 0
7BB4  0000        JMP 0
7BB5  0000        JMP 0
7BB6  0000        JMP 0
7BB7  0000        JMP 0
7BB8  0000        JMP 0
7BB9  0000        JMP 0
7BBA  0000        JMP 0
7BBB  0000        JMP 0
7BBC  0000        JMP 0
7BBD  0000        JMP 0
7BBE  0000        JMP 0
7BBF  0000        JMP 0
7BC0  0000        JMP 0
7BC1  0000        JMP 0
7BC2  0000        JMP 0
7BC3  0000        JMP 0
7BC4  0000        JMP 0
7BC5  0000        JMP 0
7BC6  0000        JMP 0
7BC7  0000        JMP 0
7BC8  0000        JMP 0
7BC9  0000        JMP 0
7BCA  0000        JMP 0
7BCB  0000        JMP 0
7BCC  0000        JMP 0
7BCD  0000        JMP 0
7BCE  0000        JMP 0
7BCF  0000        JMP 0
7BD0  0000        JMP 0
7BD1  0000        JMP 0
7BD2  0000        JMP 0
7BD3  0000        JMP 0
7BD4  0000        JMP 0
7BD5  0000        JMP 0
7BD6  0000        JMP 0
7BD7  0000        JMP 0
7BD8  0000        JMP 0
7BD9  0000        JMP 0
7BDA  0000        JMP 0
7BDB  0000        JMP 0
7BDC  0000        JMP 0
7BDD  0000        JMP 0
7BDE  0000        JMP 0
7BDF  0000        JMP 0
7BE0  0000        JMP 0
7BE1  0000        JMP 0
7BE2  0000        JMP 0
7BE3  0000        JMP 0
7BE4  0000        JMP 0
7BE5  0000        JMP 0
7BE6  0000        JMP 0
7BE7  0000        JMP 0
7BE8  0000        JMP 0
7BE9  0000        JMP 0
7BEA  0000        JMP 0
7BEB  0000        JMP 0
7BEC  0000        JMP 0
7BED  0000        JMP 0
7BEE  0000        JMP 0
7BEF  0000        JMP 0
7BF0  0000        JMP 0
7BF1  0000        JMP 0
7BF2  0000        JMP 0
7BF3  0000        JMP 0
7BF4  0000        JMP 0
7BF5  0000        JMP 0
7BF6  0000        JMP 0
7BF7  0000        JMP 0
7BF8  0000        JMP 0
7BF9  0000        JMP 0
7BFA  0000        JMP 0
7BFB  0000        JMP 0
7BFC  0000        JMP 0
7BFD  0000        JMP 0
7BFE  0000        JMP 0
7BFF  0000        JMP 0
7C00  0000        JMP 0
7C01  0000        JMP 0
7C02  0000        JMP 0
7C03  0000        JMP 0
7C04  0000        JMP 0
7C05  0000        JMP 0
7C06  0000        JMP 0
7C07  0000        JMP 0
7C08  0000        JMP 0
7C09  0000        JMP 0
7C0A  0000        JMP 0
7C0B  0000        JMP 0
7C0C  0000        JMP 0
7C0D  0000        JMP 0
7C0E  0000        JMP 0
7C0F  0000        JMP 0
7C10  0000        JMP 0
7C11  0000        JMP 0
7C12  0000        JMP 0
7C13  0000        JMP 0
7C14  0000        JMP 0
7C15  0000        JMP 0
7C16  0000        JMP 0
7C17  0000        JMP 0
7C18  0000        JMP 0
7C19  0000        JMP 0
7C1A  0000        JMP 0
7C1B  0000        JMP 0
7C1C  0000        JMP 0
7C1D  0000        JMP 0
7C1E  0000        JMP 0
7C1F  0000        JMP 0
7C20  0000        JMP 0
7C21  0000        JMP 0
7C22  0000        JMP 0
7C23  0000        JMP 0
7C24  0000        JMP 0
7C25  0000        JMP 0
7C26  0000        JMP 0
7C27  0000        JMP 0
7C28  0000        JMP 0
7C29  0000        JMP 0
7C2A  0000        JMP 0
7C2B  0000        JMP 0
7C2C  0000        JMP 0
7C2D  0000        JMP 0
7C2E  0000        JMP 0
7C2F  0000        JMP 0
7C30  0000        JMP 0
7C31  0000        JMP 0
7C32  0000        JMP 0
7C33  0000        JMP 0
7C34  0000        JMP 0
7C35  0000        JMP 0
7C36  0000        JMP 0
7C37  0000        JMP 0
7C38  0000        JMP 0
7C39  0000        JMP 0
7C3A  0000        JMP 0
7C3B  0000        JMP 0
7C3C  0000        JMP 0
7C3D  0000        JMP 0
7C3E  0000        JMP 0
7C3F  0000        JMP 0
7C40  0000        JMP 0
7C41  0000        JMP 0
7C42  0000        JMP 0
7C43  0000        JMP 0
7C44  0000        JMP 0
7C45  0000        JMP 0
7C46  0000        JMP 0
7C47  0000        JMP 0
7C48  0000        JMP 0
7C49  0000        JMP 0
7C4A  0000        JMP 0
7C4B  0000        JMP 0
7C4C  0000        JMP 0
7C4D  0000        JMP 0
7C4E  0000        JMP 0
7C4F  0000        JMP 0
7C50  0000        JMP 0
7C51  0000        JMP 0
7C52  0000        JMP 0
7C53  0000        JMP 0
7C54  0000        JMP 0
7C55  0000        JMP 0
7C56  0000        JMP 0
7C57  0000        JMP 0
7C58  0000        JMP 0
7C59  0000        JMP 0
7C5A  0000        JMP 0
7C5B  0000        JMP 0
7C5C  0000        JMP 0
7C5D  0000        JMP 0
7C5E  0000        JMP 0
7C5F  0000        JMP 0
7C60  0000        JMP 0
7C61  0000        JMP 0
7C62  0000        JMP 0
7C63  0000        JMP 0
7C64  0000        JMP 0
7C65  0000        JMP 0
7C66  0000        JMP 0
7C67  0000        JMP 0
7C68  0000        JMP 0
7C69  0000        JMP 0
7C6A  0000        JMP 0
7C6B  0000        JMP 0
7C6C  0000        JMP 0
7C6D  0000        JMP 0
7C6E  0000        JMP 0
7C6F  0000        JMP 0
7C70  0000        JMP 0
7C71  0000        JMP 0
7C72  0000        JMP 0
7C73  0000        JMP 0
7C74  0000        JMP 0
7C75  0000        JMP 0
7C76  0000        JMP 0
7C77  0000        JMP 0
7C78  0000        JMP 0
7C79  0000        JMP 0
7C7A  0000        JMP 0
7C7B  0000        JMP 0
7C7C  0000        JMP 0
7C7D  0000        JMP 0
7C7E  0000        JMP 0
7C7F  0000        JMP 0
7C80  0000        JMP 0
7C81  0000        JMP 0
7C82  0000        JMP 0
7C83  0000        JMP 0
7C84  0000        JMP 0
7C85  0000        JMP 0
7C86  0000        JMP 0
7C87  0000        JMP 0
7C88  0000        JMP 0
7C89  0000        JMP 0
7C8A  0000        JMP 0
7C8B  0000        JMP 0
7C8C  0000        JMP 0
7C8D  0000        JMP 0
7C8E  0000        JMP 0
7C8F  0000        JMP 0
7C90  0000        JMP 0
7C91  0000        JMP 0
7C92  0000        JMP 0
7C93  0000        JMP 0
7C94  0000        JMP 0
7C95  0000        JMP 0
7C96  0000        JMP 0
7C97  0000        JMP 0
7C98  0000        JMP 0
7C99  0000        JMP 0
7C9A  0000        JMP 0
7C9B  0000        JMP 0
7C9C  0000        JMP 0
7C9D  0000        JMP 0
7C9E  0000        JMP 0
7C9F  0000        JMP 0
7CA0  0000        JMP 0
7CA1  0000        JMP 0
7CA2  0000        JMP 0
7CA3  0000        JMP 0
7CA4  0000        JMP 0
7CA5  0000        JMP 0
7CA6  0000        JMP 0
7CA7  0000        JMP 0
7CA8  0000        JMP 0
7CA9  0000        JMP 0
7CAA  0000        JMP 0
7CAB  0000        JMP 0
7CAC  0000        JMP 0
7CAD  0000        JMP 0
7CAE  0000        JMP 0
7CAF  0000        JMP 0
7CB0  0000        JMP 0
7CB1  0000        JMP 0
7CB2  0000        JMP 0
7CB3  0000        JMP 0
7CB4  0000        JMP 0
7CB5  0000        JMP 0
7CB6  0000        JMP 0
7CB7  0000        JMP 0
7CB8  0000        JMP 0
7CB9  0000        JMP 0
7CBA  0000        JMP 0
7CBB  0000        JMP 0
7CBC  0000        JMP 0
7CBD  0000        JMP 0
7CBE  0000        JMP 0
7CBF  0000        JMP 0
7CC0  0000        JMP 0
7CC1  0000        JMP 0
7CC2  0000        JMP 0
7CC3  0000        JMP 0
7CC4  0000        JMP 0
7CC5  0000        JMP 0
7CC6  0000        JMP 0
7CC7  0000        JMP 0
7CC8  0000        JMP 0
7CC9  0000        JMP 0
7CCA  0000        JMP 0
7CCB  0000        JMP 0
7CCC  0000        JMP 0
7CCD  0000        JMP 0
7CCE  0000        JMP 0
7CCF  0000        JMP 0
7CD0  0000        JMP 0
7CD1  0000        JMP 0
7CD2  0000        JMP 0
7CD3  0000        JMP 0
7CD4  0000        JMP 0
7CD5  0000        JMP 0
7CD6  0000        JMP 0
7CD7  0000        JMP 0
7CD8  0000        JMP 0
7CD9  0000        JMP 0
7CDA  0000        JMP 0
7CDB  0000        JMP 0
7CDC  0000        JMP 0
7CDD  0000        JMP 0
7CDE  0000        JMP 0
7CDF  0000        JMP 0
7CE0  0000        JMP 0
7CE1  0000        JMP 0
7CE2  0000        JMP 0
7CE3  0000        JMP 0
7CE4  0000        JMP 0
7CE5  0000        JMP 0
7CE6  0000        JMP 0
7CE7  0000        JMP 0
7CE8  0000        JMP 0
7CE9  0000        JMP 0
7CEA  0000        JMP 0
7CEB  0000        JMP 0
7CEC  0000        JMP 0
7CED  0000        JMP 0
7CEE  0000        JMP 0
7CEF  0000        JMP 0
7CF0  0000        JMP 0
7CF1  0000        JMP 0
7CF2  0000        JMP 0
7CF3  0000        JMP 0
7CF4  0000        JMP 0
7CF5  0000        JMP 0
7CF6  0000        JMP 0
7CF7  0000        JMP 0
7CF8  0000        JMP 0
7CF9  0000        JMP 0
7CFA  0000        JMP 0
7CFB  0000        JMP 0
7CFC  0000        JMP 0
7CFD  0000        JMP 0
7CFE  0000        JMP 0
7CFF  0000        JMP 0
7D00  0000        JMP 0
7D01  0000        JMP 0
7D02  0000        JMP 0
7D03  0000        JMP 0
7D04  0000        JMP 0
7D05  0000        JMP 0
7D06  0000        JMP 0
7D07  0000        JMP 0
7D08  0000        JMP 0
7D09  0000        JMP 0
7D0A  0000        JMP 0
7D0B  0000        JMP 0
7D0C  0000        JMP 0
7D0D  0000        JMP 0
7D0E  0000        JMP 0
7D0F  0000        JMP 0
7D10  0000        JMP 0
7D11  0000        JMP 0
7D12  0000        JMP 0
7D13  0000        JMP 0
7D14  0000        JMP 0
7D15  0000        JMP 0
7D16  0000        JMP 0
7D17  0000        JMP 0
7D18  0000        JMP 0
7D19  0000        JMP 0
7D1A  0000        JMP 0
7D1B  0000        JMP 0
7D1C  0000        JMP 0
7D1D  0000        JMP 0
7D1E  0000        JMP 0
7D1F  0000        JMP 0
7D20  0000        JMP 0
7D21  0000        JMP 0
7D22  0000        JMP 0
7D23  0000        JMP 0
7D24  0000        JMP 0
7D25  0000        JMP 0
7D26  0000        JMP 0
7D27  0000        JMP 0
7D28  0000        JMP 0
7D29  0000        JMP 0
7D2A  0000        JMP 0
7D2B  0000        JMP 0
7D2C  0000        JMP 0
7D2D  0000        JMP 0
7D2E  0000        JMP 0
7D2F  0000        JMP 0
7D30  0000        JMP 0
7D31  0000        JMP 0
7D32  0000        JMP 0
7D33  0000        JMP 0
7D34  0000        JMP 0
7D35  0000        JMP 0
7D36  0000        JMP 0
7D37  0000        JMP 0
7D38  0000        JMP 0
7D39  0000        JMP 0
7D3A  0000        JMP 0
7D3B  0000        JMP 0
7D3C  0000        JMP 0
7D3D  0000        JMP 0
7D3E  0000        JMP 0
7D3F  0000        JMP 0
7D40  0000        JMP 0
7D41  0000        JMP 0
7D42  0000        JMP 0
7D43  0000        JMP 0
7D44  0000        JMP 0
7D45  0000        JMP 0
7D46  0000        JMP 0
7D47  0000        JMP 0
7D48  0000        JMP 0
7D49  0000        JMP 0
7D4A  0000        JMP 0
7D4B  0000        JMP 0
7D4C  0000        JMP 0
7D4D  0000        JMP 0
7D4E  0000        JMP 0
7D4F  0000        JMP 0
7D50  0000        JMP 0
7D51  0000        JMP 0
7D52  0000        JMP 0
7D53  0000        JMP 0
7D54  0000        JMP 0
7D55  0000        JMP 0
7D56  0000        JMP 0
7D57  0000        JMP 0
7D58  0000        JMP 0
7D59  0000        JMP 0
7D5A  0000        JMP 0
7D5B  0000        JMP 0
7D5C  0000        JMP 0
7D5D  0000        JMP 0
7D5E  0000        JMP 0
7D5F  0000        JMP 0
7D60  0000        JMP 0
7D61  0000        JMP 0
7D62  0000        JMP 0
7D63  0000        JMP 0
7D64  0000        JMP 0
7D65  0000        JMP 0
7D66  0000        JMP 0
7D67  0000        JMP 0
7D68  0000        JMP 0
7D69  0000        JMP 0
7D6A  0000        JMP 0
7D6B  0000        JMP 0
7D6C  0000        JMP 0
7D6D  0000        JMP 0
7D6E  0000        JMP 0
7D6F  0000        JMP 0
7D70  0000        JMP 0
7D71  0000        JMP 0
7D72  0000        JMP 0
7D73  0000        JMP 0
7D74  0000        JMP 0
7D75  0000        JMP 0
7D76  0000        JMP 0
7D77  0000        JMP 0
7D78  0000        JMP 0
7D79  0000        JMP 0
7D7A  0000        JMP 0
7D7B  0000        JMP 0
7D7C  0000        JMP 0
7D7D  0000        JMP 0
7D7E  0000        JMP 0
7D7F  0000        JMP 0
7D80  0000        JMP 0
7D81  0000        JMP 0
7D82  0000        JMP 0
7D83  0000        JMP 0
7D84  0000        JMP 0
7D85  0000        JMP 0
7D86  0000        JMP 0
7D87  0000        JMP 0
7D88  0000        JMP 0
7D89  0000        JMP 0
7D8A  0000        JMP 0
7D8B  0000        JMP 0
7D8C  0000        JMP 0
7D8D  0000        JMP 0
7D8E  0000        JMP 0
7D8F  0000        JMP 0
7D90  0000        JMP 0
7D91  0000        JMP 0
7D92  0000        JMP 0
7D93  0000        JMP 0
7D94  0000        JMP 0
7D95  0000        JMP 0
7D96  0000        JMP 0
7D97  0000        JMP 0
7D98  0000        JMP 0
7D99  0000        JMP 0
7D9A  0000        JMP 0
7D9B  0000        JMP 0
7D9C  0000        JMP 0
7D9D  0000        JMP 0
7D9E  0000        JMP 0
7D9F  0000        JMP 0
7DA0  0000        JMP 0
7DA1  0000        JMP 0
7DA2  0000        JMP 0
7DA3  0000        JMP 0
7DA4  0000        JMP 0
7DA5  0000        JMP 0
7DA6  0000        JMP 0
7DA7  0000        JMP 0
7DA8  0000        JMP 0
7DA9  0000        JMP 0
7DAA  0000        JMP 0
7DAB  0000        JMP 0
7DAC  0000        JMP 0
7DAD  0000        JMP 0
7DAE  0000        JMP 0
7DAF  0000        JMP 0
7DB0  0000        JMP 0
7DB1  0000        JMP 0
7DB2  0000        JMP 0
7DB3  0000        JMP 0
7DB4  0000        JMP 0
7DB5  0000        JMP 0
7DB6  0000        JMP 0
7DB7  0000        JMP 0
7DB8  0000        JMP 0
7DB9  0000        JMP 0
7DBA  0000        JMP 0
7DBB  0000        JMP 0
7DBC  0000        JMP 0
7DBD  0000        JMP 0
7DBE  0000        JMP 0
7DBF  0000        JMP 0
7DC0  0000        JMP 0
7DC1  0000        JMP 0
7DC2  0000        JMP 0
7DC3  0000        JMP 0
7DC4  0000        JMP 0
7DC5  0000        JMP 0
7DC6  0000        JMP 0
7DC7  0000        JMP 0
7DC8  0000        JMP 0
7DC9  0000        JMP 0
7DCA  0000        JMP 0
7DCB  0000        JMP 0
7DCC  0000        JMP 0
7DCD  0000        JMP 0
7DCE  0000        JMP 0
7DCF  0000        JMP 0
7DD0  0000        JMP 0
7DD1  0000        JMP 0
7DD2  0000        JMP 0
7DD3  0000        JMP 0
7DD4  0000        JMP 0
7DD5  0000        JMP 0
7DD6  0000        JMP 0
7DD7  0000        JMP 0
7DD8  0000        JMP 0
7DD9  0000        JMP 0
7DDA  0000        JMP 0
7DDB  0000        JMP 0
7DDC  0000        JMP 0
7DDD  0000        JMP 0
7DDE  0000        JMP 0
7DDF  0000        JMP 0
7DE0  0000        JMP 0
7DE1  0000        JMP 0
7DE2  0000        JMP 0
7DE3  0000        JMP 0
7DE4  0000        JMP 0
7DE5  0000        JMP 0
7DE6  0000        JMP 0
7DE7  0000        JMP 0
7DE8  0000        JMP 0
7DE9  0000        JMP 0
7DEA  0000        JMP 0
7DEB  0000        JMP 0
7DEC  0000        JMP 0
7DED  0000        JMP 0
7DEE  0000        JMP 0
7DEF  0000        JMP 0
7DF0  0000        JMP 0
7DF1  0000        JMP 0
7DF2  0000        JMP 0
7DF3  0000        JMP 0
7DF4  0000        JMP 0
7DF5  0000        JMP 0
7DF6  0000        JMP 0
7DF7  0000        JMP 0
7DF8  0000        JMP 0
7DF9  0000        JMP 0
7DFA  0000        JMP 0
7DFB  0000        JMP 0
7DFC  0000        JMP 0
7DFD  0000        JMP 0
7DFE  0000        JMP 0
7DFF  0000        JMP 0
7E00  0000        JMP 0
7E01  0000        JMP 0
7E02  0000        JMP 0
7E03  0000        JMP 0
7E04  0000        JMP 0
7E05  0000        JMP 0
7E06  0000        JMP 0
7E07  0000        JMP 0
7E08  0000        JMP 0
7E09  0000        JMP 0
7E0A  0000        JMP 0
7E0B  0000        JMP 0
7E0C  0000        JMP 0
7E0D  0000        JMP 0
7E0E  0000        JMP 0
7E0F  0000        JMP 0
7E10  0000        JMP 0
7E11  0000        JMP 0
7E12  0000        JMP 0
7E13  0000        JMP 0
7E14  0000        JMP 0
7E15  0000        JMP 0
7E16  0000        JMP 0
7E17  0000        JMP 0
7E18  0000        JMP 0
7E19  0000        JMP 0
7E1A  0000        JMP 0
7E1B  0000        JMP 0
7E1C  0000        JMP 0
7E1D  0000        JMP 0
7E1E  0000        JMP 0
7E1F  0000        JMP 0
7E20  0000        JMP 0
7E21  0000        JMP 0
7E22  0000        JMP 0
7E23  0000        JMP 0
7E24  0000        JMP 0
7E25  0000        JMP 0
7E26  0000        JMP 0
7E27  0000        JMP 0
7E28  0000        JMP 0
7E29  0000        JMP 0
7E2A  0000        JMP 0
7E2B  0000        JMP 0
7E2C  0000        JMP 0
7E2D  0000        JMP 0
7E2E  0000        JMP 0
7E2F  0000        JMP 0
7E30  0000        JMP 0
7E31  0000        JMP 0
7E32  0000        JMP 0
7E33  0000        JMP 0
7E34  0000        JMP 0
7E35  0000        JMP 0
7E36  0000        JMP 0
7E37  0000        JMP 0
7E38  0000        JMP 0
7E39  0000        JMP 0
7E3A  0000        JMP 0
7E3B  0000        JMP 0
7E3C  0000        JMP 0
7E3D  0000        JMP 0
7E3E  0000        JMP 0
7E3F  0000        JMP 0
7E40  0000        JMP 0
7E41  0000        JMP 0
7E42  0000        JMP 0
7E43  0000        JMP 0
7E44  0000        JMP 0
7E45  0000        JMP 0
7E46  0000        JMP 0
7E47  0000        JMP 0
7E48  0000        JMP 0
7E49  0000        JMP 0
7E4A  0000        JMP 0
7E4B  0000        JMP 0
7E4C  0000        JMP 0
7E4D  0000        JMP 0
7E4E  0000        JMP 0
7E4F  0000        JMP 0
7E50  0000        JMP 0
7E51  0000        JMP 0
7E52  0000        JMP 0
7E53  0000        JMP 0
7E54  0000        JMP 0
7E55  0000        JMP 0
7E56  0000        JMP 0
7E57  0000        JMP 0
7E58  0000        JMP 0
7E59  0000        JMP 0
7E5A  0000        JMP 0
7E5B  0000        JMP 0
7E5C  0000        JMP 0
7E5D  0000        JMP 0
7E5E  0000        JMP 0
7E5F  0000        JMP 0
7E60  0000        JMP 0
7E61  0000        JMP 0
7E62  0000        JMP 0
7E63  0000        JMP 0
7E64  0000        JMP 0
7E65  0000        JMP 0
7E66  0000        JMP 0
7E67  0000        JMP 0
7E68  0000        JMP 0
7E69  0000        JMP 0
7E6A  0000        JMP 0
7E6B  0000        JMP 0
7E6C  0000        JMP 0
7E6D  0000        JMP 0
7E6E  0000        JMP 0
7E6F  0000        JMP 0
7E70  0000        JMP 0
7E71  0000        JMP 0
7E72  0000        JMP 0
7E73  0000        JMP 0
7E74  0000        JMP 0
7E75  0000        JMP 0
7E76  0000        JMP 0
7E77  0000        JMP 0
7E78  0000        JMP 0
7E79  0000        JMP 0
7E7A  0000        JMP 0
7E7B  0000        JMP 0
7E7C  0000        JMP 0
7E7D  0000        JMP 0
7E7E  0000        JMP 0
7E7F  0000        JMP 0
7E80  0000        JMP 0
7E81  0000        JMP 0
7E82  0000        JMP 0
7E83  0000        JMP 0
7E84  0000        JMP 0
7E85  0000        JMP 0
7E86  0000        JMP 0
7E87  0000        JMP 0
7E88  0000        JMP 0
7E89  0000        JMP 0
7E8A  0000        JMP 0
7E8B  0000        JMP 0
7E8C  0000        JMP 0
7E8D  0000        JMP 0
7E8E  0000        JMP 0
7E8F  0000        JMP 0
7E90  0000        JMP 0
7E91  0000        JMP 0
7E92  0000        JMP 0
7E93  0000        JMP 0
7E94  0000        JMP 0
7E95  0000        JMP 0
7E96  0000        JMP 0
7E97  0000        JMP 0
7E98  0000        JMP 0
7E99  0000        JMP 0
7E9A  0000        JMP 0
7E9B  0000        JMP 0
7E9C  0000        JMP 0
7E9D  0000        JMP 0
7E9E  0000        JMP 0
7E9F  0000        JMP 0
7EA0  0000        JMP 0
7EA1  0000        JMP 0
7EA2  0000        JMP 0
7EA3  0000        JMP 0
7EA4  0000        JMP 0
7EA5  0000        JMP 0
7EA6  0000        JMP 0
7EA7  0000        JMP 0
7EA8  0000        JMP 0
7EA9  0000        JMP 0
7EAA  0000        JMP 0
7EAB  0000        JMP 0
7EAC  0000        JMP 0
7EAD  0000        JMP 0
7EAE  0000        JMP 0
7EAF  0000        JMP 0
7EB0  0000        JMP 0
7EB1  0000        JMP 0
7EB2  0000        JMP 0
7EB3  0000        JMP 0
7EB4  0000        JMP 0
7EB5  0000        JMP 0
7EB6  0000        JMP 0
7EB7  0000        JMP 0
7EB8  0000        JMP 0
7EB9  0000        JMP 0
7EBA  0000        JMP 0
7EBB  0000        JMP 0
7EBC  0000        JMP 0
7EBD  0000        JMP 0
7EBE  0000        JMP 0
7EBF  0000        JMP 0
7EC0  0000        JMP 0
7EC1  0000        JMP 0
7EC2  0000        JMP 0
7EC3  0000        JMP 0
7EC4  0000        JMP 0
7EC5  0000        JMP 0
7EC6  0000        JMP 0
7EC7  0000        JMP 0
7EC8  0000        JMP 0
7EC9  0000        JMP 0
7ECA  0000        JMP 0
7ECB  0000        JMP 0
7ECC  0000        JMP 0
7ECD  0000        JMP 0
7ECE  0000        JMP 0
7ECF  0000        JMP 0
7ED0  0000        JMP 0
7ED1  0000        JMP 0
7ED2  0000        JMP 0
7ED3  0000        JMP 0
7ED4  0000        JMP 0
7ED5  0000        JMP 0
7ED6  0000        JMP 0
7ED7  0000        JMP 0
7ED8  0000        JMP 0
7ED9  0000        JMP 0
7EDA  0000        JMP 0
7EDB  0000        JMP 0
7EDC  0000        JMP 0
7EDD  0000        JMP 0
7EDE  0000        JMP 0
7EDF  0000        JMP 0
7EE0  0000        JMP 0
7EE1  0000        JMP 0
7EE2  0000        JMP 0
7EE3  0000        JMP 0
7EE4  0000        JMP 0
7EE5  0000        JMP 0
7EE6  0000        JMP 0
7EE7  0000        JMP 0
7EE8  0000        JMP 0
7EE9  0000        JMP 0
7EEA  0000        JMP 0
7EEB  0000        JMP 0
7EEC  0000        JMP 0
7EED  0000        JMP 0
7EEE  0000        JMP 0
7EEF  0000        JMP 0
7EF0  0000        JMP 0
7EF1  0000        JMP 0
7EF2  0000        JMP 0
7EF3  0000        JMP 0
7EF4  0000        JMP 0
7EF5  0000        JMP 0
7EF6  0000        JMP 0
7EF7  0000        JMP 0
7EF8  0000        JMP 0
7EF9  0000        JMP 0
7EFA  0000        JMP 0
7EFB  0000        JMP 0
7EFC  0000        JMP 0
7EFD  0000        JMP 0
7EFE  0000        JMP 0
7EFF  0000        JMP 0
7F00  0000        JMP 0
7F01  0000        JMP 0
7F02  0000        JMP 0
7F03  0000        JMP 0
7F04  0000        JMP 0
7F05  0000        JMP 0
7F06  0000        JMP 0
7F07  0000        JMP 0
7F08  0000        JMP 0
7F09  0000        JMP 0
7F0A  0000        JMP 0
7F0B  0000        JMP 0
7F0C  0000        JMP 0
7F0D  0000        JMP 0
7F0E  0000        JMP 0
7F0F  0000        JMP 0
7F10  0000        JMP 0
7F11  0000        JMP 0
7F12  0000        JMP 0
7F13  0000        JMP 0
7F14  0000        JMP 0
7F15  0000        JMP 0
7F16  0000        JMP 0
7F17  0000        JMP 0
7F18  0000        JMP 0
7F19  0000        JMP 0
7F1A  0000        JMP 0
7F1B  0000        JMP 0
7F1C  0000        JMP 0
7F1D  0000        JMP 0
7F1E  0000        JMP 0
7F1F  0000        JMP 0
7F20  0000        JMP 0
7F21  0000        JMP 0
7F22  0000        JMP 0
7F23  0000        JMP 0
7F24  0000        JMP 0
7F25  0000        JMP 0
7F26  0000        JMP 0
7F27  0000        JMP 0
7F28  0000        JMP 0
7F29  0000        JMP 0
7F2A  0000        JMP 0
7F2B  0000        JMP 0
7F2C  0000        JMP 0
7F2D  0000        JMP 0
7F2E  0000        JMP 0
7F2F  0000        JMP 0
7F30  0000        JMP 0
7F31  0000        JMP 0
7F32  0000        JMP 0
7F33  0000        JMP 0
7F34  0000        JMP 0
7F35  0000        JMP 0
7F36  0000        JMP 0
7F37  0000        JMP 0
7F38  0000        JMP 0
7F39  0000        JMP 0
7F3A  0000        JMP 0
7F3B  0000        JMP 0
7F3C  0000        JMP 0
7F3D  0000        JMP 0
7F3E  0000        JMP 0
7F3F  0000        JMP 0
7F40  0000        JMP 0
7F41  0000        JMP 0
7F42  0000        JMP 0
7F43  0000        JMP 0
7F44  0000        JMP 0
7F45  0000        JMP 0
7F46  0000        JMP 0
7F47  0000        JMP 0
7F48  0000        JMP 0
7F49  0000        JMP 0
7F4A  0000        JMP 0
7F4B  0000        JMP 0
7F4C  0000        JMP 0
7F4D  0000        JMP 0
7F4E  0000        JMP 0
7F4F  0000        JMP 0
7F50  0000        JMP 0
7F51  0000        JMP 0
7F52  0000        JMP 0
7F53  0000        JMP 0
7F54  0000        JMP 0
7F55  0000        JMP 0
7F56  0000        JMP 0
7F57  0000        JMP 0
7F58  0000        JMP 0
7F59  0000        JMP 0
7F5A  0000        JMP 0
7F5B  0000        JMP 0
7F5C  0000        JMP 0
7F5D  0000        JMP 0
7F5E  0000        JMP 0
7F5F  0000        JMP 0
7F60  0000        JMP 0
7F61  0000        JMP 0
7F62  0000        JMP 0
7F63  0000        JMP 0
7F64  0000        JMP 0
7F65  0000        JMP 0
7F66  0000        JMP 0
7F67  0000        JMP 0
7F68  0000        JMP 0
7F69  0000        JMP 0
7F6A  0000        JMP 0
7F6B  0000        JMP 0
7F6C  0000        JMP 0
7F6D  0000        JMP 0
7F6E  0000        JMP 0
7F6F  0000        JMP 0
7F70  0000        JMP 0
7F71  0000        JMP 0
7F72  0000        JMP 0
7F73  0000        JMP 0
7F74  0000        JMP 0
7F75  0000        JMP 0
7F76  0000        JMP 0
7F77  0000        JMP 0
7F78  0000        JMP 0
7F79  0000        JMP 0
7F7A  0000        JMP 0
7F7B  0000        JMP 0
7F7C  0000        JMP 0
7F7D  0000        JMP 0
7F7E  0000        JMP 0
7F7F  0000        JMP 0
7F80  0000        JMP 0
7F81  0000        JMP 0
7F82  0000        JMP 0
7F83  0000        JMP 0
7F84  0000        JMP 0
7F85  0000        JMP 0
7F86  0000        JMP 0
7F87  0000        JMP 0
7F88  0000        JMP 0
7F89  0000        JMP 0
7F8A  0000        JMP 0
7F8B  0000        JMP 0
7F8C  0000        JMP 0
7F8D  0000        JMP 0
7F8E  0000        JMP 0
7F8F  0000        JMP 0
7F90  0000        JMP 0
7F91  0000        JMP 0
7F92  0000        JMP 0
7F93  0000        JMP 0
7F94  0000        JMP 0
7F95  0000        JMP 0
7F96  0000        JMP 0
7F97  0000        JMP 0
7F98  0000        JMP 0
7F99  0000        JMP 0
7F9A  0000        JMP 0
7F9B  0000        JMP 0
7F9C  0000        JMP 0
7F9D  0000        JMP 0
7F9E  0000        JMP 0
7F9F  0000        JMP 0
7FA0  0000        JMP 0
7FA1  0000        JMP 0
7FA2  0000        JMP 0
7FA3  0000        JMP 0
7FA4  0000        JMP 0
7FA5  0000        JMP 0
7FA6  0000        JMP 0
7FA7  0000        JMP 0
7FA8  0000        JMP 0
7FA9  0000        JMP 0
7FAA  0000        JMP 0
7FAB  0000        JMP 0
7FAC  0000        JMP 0
7FAD  0000        JMP 0
7FAE  0000        JMP 0
7FAF  0000        JMP 0
7FB0  0000        JMP 0
7FB1  0000        JMP 0
7FB2  0000        JMP 0
7FB3  0000        JMP 0
7FB4  0000        JMP 0
7FB5  0000        JMP 0
7FB6  0000        JMP 0
7FB7  0000        JMP 0
7FB8  0000        JMP 0
7FB9  0000        JMP 0
7FBA  0000        JMP 0
7FBB  0000        JMP 0
7FBC  0000        JMP 0
7FBD  0000        JMP 0
7FBE  0000        JMP 0
7FBF  0000        JMP 0
7FC0  0000        JMP 0
7FC1  0000        JMP 0
7FC2  0000        JMP 0
7FC3  0000        JMP 0
7FC4  0000        JMP 0
7FC5  0000        JMP 0
7FC6  0000        JMP 0
7FC7  0000        JMP 0
7FC8  0000        JMP 0
7FC9  0000        JMP 0
7FCA  0000        JMP 0
7FCB  0000        JMP 0
7FCC  0000        JMP 0
7FCD  0000        JMP 0
7FCE  0000        JMP 0
7FCF  0000        JMP 0
7FD0  0000        JMP 0
7FD1  0000        JMP 0
7FD2  0000        JMP 0
7FD3  0000        JMP 0
7FD4  0000        JMP 0
7FD5  0000        JMP 0
7FD6  0000        JMP 0
7FD7  0000        JMP 0
7FD8  0000        JMP 0
7FD9  0000        JMP 0
7FDA  0000        JMP 0
7FDB  0000        JMP 0
7FDC  0000        JMP 0
7FDD  0000        JMP 0
7FDE  0000        JMP 0
7FDF  0000        JMP 0
7FE0  0000        JMP 0
7FE1  0000        JMP 0
7FE2  0000        JMP 0
7FE3  0000        JMP 0
7FE4  0000        JMP 0
7FE5  0000        JMP 0
7FE6  0000        JMP 0
7FE7  0000        JMP 0
7FE8  0000        JMP 0
7FE9  0000        JMP 0
7FEA  0000        JMP 0
7FEB  0000        JMP 0
7FEC  0000        JMP 0
7FED  0000        JMP 0
7FEE  0000        JMP 0
7FEF  0000        JMP 0
7FF0  0000        JMP 0
7FF1  0000        JMP 0
7FF2  0000        JMP 0
7FF3  0000        JMP 0
7FF4  0000        JMP 0
7FF5  0000        JMP 0
7FF6  0000        JMP 0
7FF7  0000        JMP 0
7FF8  0000        JMP 0
7FF9  0000        JMP 0
7FFA  0000        JMP 0
7FFB  0000        JMP 0
7FFC  0000        JMP 0
7FFD  0000        JMP 0
7FFE  0000        JMP 0
7FFF  0000        JMP 0
