2500  0000        JMP 0
2501  0000        JMP 0
2502  0000        JMP 0
2503  0000        JMP 0
2504  0000        JMP 0
2505  0000        JMP 0
2506  0000        JMP 0
2507  0000        JMP 0
2508  0000        JMP 0
2509  0000        JMP 0
250A  0000        JMP 0
250B  0000        JMP 0
250C  0000        JMP 0
250D  0000        JMP 0
250E  0000        JMP 0
250F  0000        JMP 0
2510  0000        JMP 0
2511  0000        JMP 0
2512  0000        JMP 0
2513  0000        JMP 0
2514  0000        JMP 0
2515  0000        JMP 0
2516  0000        JMP 0
2517  0000        JMP 0
2518  0000        JMP 0
2519  0000        JMP 0
251A  0000        JMP 0
251B  0000        JMP 0
251C  0000        JMP 0
251D  0000        JMP 0
251E  0000        JMP 0
251F  0000        JMP 0
2520  0000        JMP 0
2521  0000        JMP 0
2522  0000        JMP 0
2523  0000        JMP 0
2524  0000        JMP 0
2525  0000        JMP 0
2526  0002        JMP 2
2527  0129        JMP 41,PC   ; -> 2550
2528  0131        JMP 49,PC   ; -> 2559
2529  0001        JMP 1
252A  0012        JMP 18
252B  0000        JMP 0
252C  0000        JMP 0
252D  8008        ADI 0,0
252E  0129        JMP 41,PC   ; -> 2557
252F  3000        LDA 2,0
2530  7FC0        IO   7FC0
2531  0101        JMP 1,PC   ; -> 2532
2532  000B        JMP 11
2533  0000        JMP 0
2534  0090        JMP 144
2535  8004        COM 0,0,SZR
2536  0131        JMP 49,PC   ; -> 2567
2537  3800        LDA 3,0
2538  7FC0        IO   7FC0
2539  000D        JMP 13
253A  0000        JMP 0
253B  0209        JMP 9,2
253C  0000        JMP 0
253D  0002        JMP 2
253E  03AC        JMP -84,3
253F  0209        JMP 9,2
2540  002B        JMP 43
2541  0000        JMP 0
2542  00CB        JMP 203
2543  0209        JMP 9,2
2544  007B        JMP 123
2545  0001        JMP 1
2546  006C        JMP 108
2547  0002        JMP 2
2548  03AC        JMP -84,3
2549  0209        JMP 9,2
254A  00E3        JMP 227
254B  0000        JMP 0
254C  02C7        JMP -57,2
254D  0209        JMP 9,2
254E  0265        JMP 101,2
254F  0001        JMP 1
2550  0000        JMP 0
2551  0001        JMP 1
2552  00AC        JMP 172
2553  0011        JMP 17
2554  020F        JMP 15,2
2555  0000        JMP 0
2556  0000        JMP 0
2557  0209        JMP 9,2
2558  0055        JMP 85
2559  0001        JMP 1
255A  006C        JMP 108
255B  0004        JMP 4
255C  0000        JMP 0
255D  000E        JMP 14
255E  0000        JMP 0
255F  0005        JMP 5
2560  0000        JMP 0
2561  0003        JMP 3
2562  0000        JMP 0
2563  0209        JMP 9,2
2564  0055        JMP 85
2565  020A        JMP 10,2
2566  00C6        JMP 198
2567  0208        JMP 8,2
2568  0000        JMP 0
2569  000F        JMP 15
256A  0000        JMP 0
256B  0000        JMP 0
256C  0040        JMP 64
256D  0002        JMP 2
256E  0000        JMP 0
256F  0010        JMP 16
2570  0000        JMP 0
2571  0006        JMP 6
2572  0000        JMP 0
2573  0002        JMP 2
2574  0449        JMP @73
2575  0000        JMP 0
2576  0000        JMP 0
2577  0205        JMP 5,2
2578  0000        JMP 0
2579  0200        JMP 0,2
257A  0000        JMP 0
257B  0007        JMP 7
257C  0000        JMP 0
257D  0203        JMP 3,2
257E  0000        JMP 0
257F  0201        JMP 1,2
2580  0000        JMP 0
2581  0208        JMP 8,2
2582  0125        JMP 37,PC   ; -> 25A7
2583  0011        JMP 17
2584  0000        JMP 0
2585  0002        JMP 2
2586  0000        JMP 0
2587  0008        JMP 8
2588  0000        JMP 0
2589  0202        JMP 2,2
258A  0000        JMP 0
258B  0200        JMP 0,2
258C  02B2        JMP -78,2
258D  0209        JMP 9,2
258E  0000        JMP 0
258F  0009        JMP 9
2590  0000        JMP 0
2591  0204        JMP 4,2
2592  0000        JMP 0
2593  0209        JMP 9,2
2594  007B        JMP 123
2595  000A        JMP 10
2596  0000        JMP 0
2597  0205        JMP 5,2
2598  0000        JMP 0
2599  0207        JMP 7,2
259A  0000        JMP 0
259B  000B        JMP 11
259C  0000        JMP 0
259D  0002        JMP 2
259E  00E3        JMP 227
259F  0206        JMP 6,2
25A0  0000        JMP 0
25A1  0011        JMP 17
25A2  0035        JMP 53
25A3  000C        JMP 12
25A4  0000        JMP 0
25A5  0207        JMP 7,2
25A6  0149        JMP 73,PC   ; -> 25EF
25A7  020A        JMP 10,2
25A8  0000        JMP 0
25A9  0209        JMP 9,2
25AA  012D        JMP 45,PC   ; -> 25D7
25AB  0200        JMP 0,2
25AC  0273        JMP 115,2
25AD  0209        JMP 9,2
25AE  002B        JMP 43
25AF  0000        JMP 0
25B0  0000        JMP 0
25B1  0000        JMP 0
25B2  0000        JMP 0
25B3  0000        JMP 0
25B4  0000        JMP 0
25B5  0000        JMP 0
25B6  0000        JMP 0
25B7  0000        JMP 0
25B8  0000        JMP 0
25B9  0000        JMP 0
25BA  0000        JMP 0
25BB  0000        JMP 0
25BC  0000        JMP 0
25BD  0000        JMP 0
25BE  0000        JMP 0
25BF  0000        JMP 0
25C0  0000        JMP 0
25C1  0000        JMP 0
25C2  0000        JMP 0
25C3  0000        JMP 0
25C4  0000        JMP 0
25C5  0000        JMP 0
25C6  0000        JMP 0
25C7  0000        JMP 0
25C8  0000        JMP 0
25C9  0000        JMP 0
25CA  0000        JMP 0
25CB  0000        JMP 0
25CC  0000        JMP 0
25CD  0000        JMP 0
25CE  0000        JMP 0
25CF  0000        JMP 0
25D0  0000        JMP 0
25D1  0000        JMP 0
25D2  0000        JMP 0
25D3  0000        JMP 0
25D4  0000        JMP 0
25D5  0000        JMP 0
25D6  0000        JMP 0
25D7  0000        JMP 0
25D8  0000        JMP 0
25D9  0000        JMP 0
25DA  0000        JMP 0
25DB  0000        JMP 0
25DC  0000        JMP 0
25DD  0000        JMP 0
25DE  0000        JMP 0
25DF  0000        JMP 0
25E0  0000        JMP 0
25E1  0000        JMP 0
25E2  0000        JMP 0
25E3  0000        JMP 0
25E4  0000        JMP 0
25E5  0000        JMP 0
25E6  0000        JMP 0
25E7  0000        JMP 0
25E8  0000        JMP 0
25E9  0000        JMP 0
25EA  0000        JMP 0
25EB  0000        JMP 0
25EC  0000        JMP 0
25ED  0000        JMP 0
25EE  0000        JMP 0
25EF  0000        JMP 0
25F0  0000        JMP 0
25F1  0000        JMP 0
25F2  0000        JMP 0
25F3  0000        JMP 0
25F4  0000        JMP 0
25F5  0000        JMP 0
25F6  0000        JMP 0
25F7  0000        JMP 0
25F8  0000        JMP 0
25F9  0000        JMP 0
25FA  0000        JMP 0
25FB  0000        JMP 0
25FC  0000        JMP 0
25FD  0000        JMP 0
25FE  0000        JMP 0
25FF  0000        JMP 0
2600  0000        JMP 0
2601  0000        JMP 0
2602  0000        JMP 0
2603  0000        JMP 0
2604  0000        JMP 0
2605  0000        JMP 0
2606  0000        JMP 0
2607  0000        JMP 0
2608  0000        JMP 0
2609  0000        JMP 0
260A  0000        JMP 0
260B  0000        JMP 0
260C  0000        JMP 0
260D  0000        JMP 0
260E  0000        JMP 0
260F  0000        JMP 0
2610  0000        JMP 0
2611  0000        JMP 0
2612  0000        JMP 0
2613  0000        JMP 0
2614  0000        JMP 0
2615  0000        JMP 0
2616  0000        JMP 0
2617  0000        JMP 0
2618  0000        JMP 0
2619  0000        JMP 0
261A  0000        JMP 0
261B  0000        JMP 0
261C  0000        JMP 0
261D  0000        JMP 0
261E  0000        JMP 0
261F  0000        JMP 0
2620  0000        JMP 0
2621  0000        JMP 0
2622  0000        JMP 0
2623  0000        JMP 0
2624  0000        JMP 0
2625  0000        JMP 0
2626  0000        JMP 0
2627  0000        JMP 0
2628  0000        JMP 0
2629  0000        JMP 0
262A  0000        JMP 0
262B  0000        JMP 0
262C  0000        JMP 0
262D  0000        JMP 0
262E  0000        JMP 0
262F  0000        JMP 0
2630  402B        STA 0,43
2631  0000        JMP 0
2632  045D        JMP @93
2633  0000        JMP 0
2634  0001        JMP 1
2635  0000        JMP 0
2636  0000        JMP 0
2637  0000        JMP 0
2638  F912        NEGZ 3,3,SZC
2639  FFFF        ANDCS# 3,3,SBN
263A  FFFF        ANDCS# 3,3,SBN
263B  434F        STA 0,79,3
263C  5059        STA 2,89
263D  5249        STA 2,73,2
263E  4748        STA 0,@72,3
263F  5420        STA 2,@32
2640  2843        LDA 1,67
2641  2920        LDA 1,32,PC   ; -> 2661
2642  4441        STA 0,@65
2643  5441        STA 2,@65
2644  2047        LDA 0,71
2645  454E        STA 0,@78,PC   ; -> 2693
2646  4552        STA 0,@82,PC   ; -> 2698
2647  414C        STA 0,76,PC   ; -> 2693
2648  2043        LDA 0,67
2649  4F52        STA 1,@82,3
264A  504F        STA 2,79
264B  5241        STA 2,65,2
264C  5449        STA 2,@73
264D  4F4E        STA 1,@78,3
264E  2C20        LDA 1,@32
264F  3139        LDA 2,57,PC   ; -> 2688
2650  3830        LDA 3,48
2651  0000        JMP 0
2652  414C        STA 0,76,PC   ; -> 269E
2653  4C20        STA 1,@32
2654  5249        STA 2,73,2
2655  4748        STA 0,@72,3
2656  5453        STA 2,@83
2657  2052        LDA 0,82
2658  4553        STA 0,@83,PC   ; -> 26AB
2659  4552        STA 0,@82,PC   ; -> 26AB
265A  5645        STA 2,@69,2
265B  4400        STA 0,@0
265C  8C38 4C71   EJSR 4C71   ; [4C71] = 59336
265E  8C38 6E84   EJSR 6E84   ; [6E84] = 10284
2660  0000        JMP 0
2661  0000        JMP 0
2662  0000        JMP 0
2663  0C29        JSR @41
2664  4543        STA 0,@67,PC   ; -> 26A7
2665  4C49        STA 1,@73
2666  5053        STA 2,83
2667  4520        STA 0,@32,PC   ; -> 2687
2668  4F52        STA 1,@82,3
2669  204E        LDA 0,78
266A  4F56        STA 1,@86,3
266B  4120        STA 0,32,PC   ; -> 268B
266C  4841        STA 1,65
266D  5244        STA 2,68,2
266E  5741        STA 2,@65,3
266F  5245        STA 2,69,2
2670  204D        LDA 0,77
2671  554C        STA 2,@76,PC   ; -> 26BD
2672  2F44        LDA 1,@68,3
2673  4956        STA 1,86,PC   ; -> 26C9
2674  204E        LDA 0,78
2675  4F54        STA 1,@84,3
2676  2050        LDA 0,80
2677  5245        STA 2,69,2
2678  5345        STA 2,69,3
2679  4E54        STA 1,@84,2
267A  0A0D        JSR 13,2
267B  0000        JMP 0
267C  0C29        JSR @41
267D  4841        STA 1,65
267E  5244        STA 2,68,2
267F  5741        STA 2,@65,3
2680  5245        STA 2,69,2
2681  2046        LDA 0,70
2682  4C4F        STA 1,@79
2683  4154        STA 0,84,PC   ; -> 26D7
2684  494E        STA 1,78,PC   ; -> 26D2
2685  4720        STA 0,@32,3
2686  504F        STA 2,79
2687  494E        STA 1,78,PC   ; -> 26D5
2688  5420        STA 2,@32
2689  4E4F        STA 1,@79,2
268A  5420        STA 2,@32
268B  5052        STA 2,82
268C  4553        STA 0,@83,PC   ; -> 26DF
268D  454E        STA 0,@78,PC   ; -> 26DB
268E  540A        STA 2,@10
268F  0D00        JSR @0,PC   ; -> 268F
2690  0C29        JSR @41
2691  494E        STA 1,78,PC   ; -> 26DF
2692  5355        STA 2,85,3
2693  4646        STA 0,@70,2
2694  4943        STA 1,67,PC   ; -> 26D7
2695  4945        STA 1,69,PC   ; -> 26DA
2696  4E54        STA 1,@84,2
2697  204D        LDA 0,77
2698  454D        STA 0,@77,PC   ; -> 26E5
2699  4F52        STA 1,@82,3
269A  5920        STA 3,32,PC   ; -> 26BA
269B  464F        STA 0,@79,2
269C  5220        STA 2,32,2
269D  5052        STA 2,82
269E  4F47        STA 1,@71,3
269F  5241        STA 2,65,2
26A0  4D0A        STA 1,@10,PC   ; -> 26AA
26A1  0D00        JSR @0,PC   ; -> 26A1
26A2  0C29        JSR @41
26A3  4D4F        STA 1,@79,PC   ; -> 26F2
26A4  5245        STA 2,69,2
26A5  2054        LDA 0,84
26A6  4841        STA 1,65
26A7  4E20        STA 1,@32,2
26A8  3235        LDA 2,53,2
26A9  362E        LDA 2,@46,2
26AA  2043        LDA 0,67
26AB  4841        STA 1,65
26AC  4E4E        STA 1,@78,2
26AD  454C        STA 0,@76,PC   ; -> 26F9
26AE  5320        STA 2,32,3
26AF  5245        STA 2,69,2
26B0  5155        STA 2,85,PC   ; -> 2705
26B1  4553        STA 0,@83,PC   ; -> 2704
26B2  5445        STA 2,@69
26B3  440A        STA 0,@10
26B4  0D00        JSR @0,PC   ; -> 26B4
26B5  0C29        JSR @41
26B6  4543        STA 0,@67,PC   ; -> 26F9
26B7  4C49        STA 1,@73
26B8  5053        STA 2,83
26B9  4520        STA 0,@32,PC   ; -> 26D9
26BA  4F52        STA 1,@82,3
26BB  204E        LDA 0,78
26BC  4F56        STA 1,@86,3
26BD  4120        STA 0,32,PC   ; -> 26DD
26BE  5443        STA 2,@67
26BF  4220        STA 0,32,2
26C0  544F        STA 2,@79
26C1  4F20        STA 1,@32,3
26C2  534D        STA 2,77,3
26C3  414C        STA 0,76,PC   ; -> 270F
26C4  4C0A        STA 1,@10
26C5  0D00        JSR @0,PC   ; -> 26C5
26C6  0C29        JSR @41
26C7  4E4F        STA 1,@79,2
26C8  204D        LDA 0,77
26C9  4F44        STA 1,@68,3
26CA  554C        STA 2,@76,PC   ; -> 2716
26CB  4553        STA 0,@83,PC   ; -> 271E
26CC  2041        LDA 0,65
26CD  424F        STA 0,79,2
26CE  5645        STA 2,@69,2
26CF  204C        LDA 0,76
26D0  4942        STA 1,66,PC   ; -> 2712
26D1  5241        STA 2,65,2
26D2  5249        STA 2,73,2
26D3  4553        STA 0,@83,PC   ; -> 2726
26D4  2055        LDA 0,85
26D5  4E4C        STA 1,@76,2
26D6  4553        STA 0,@83,PC   ; -> 2729
26D7  5320        STA 2,32,3
26D8  2E4C        LDA 1,@76,2
26D9  4C4F        STA 1,@79
26DA  433D        STA 0,61,3
26DB  300A        LDA 2,10
26DC  0D00        JSR @0,PC   ; -> 26DC
26DD  0C29        JSR @41
26DE  4447        STA 0,@71
26DF  4C53        STA 1,@83
26E0  5452        STA 2,@82
26E1  4F42        STA 1,@66,3
26E2  4520        STA 0,@32,PC   ; -> 2702
26E3  5241        STA 2,65,2
26E4  4E47        STA 1,@71,2
26E5  4520        STA 0,@32,PC   ; -> 2705
26E6  5441        STA 2,@65
26E7  424C        STA 0,76,2
26E8  4520        STA 0,@32,PC   ; -> 2708
26E9  4E4F        STA 1,@79,2
26EA  5420        STA 2,@32
26EB  494E        STA 1,78,PC   ; -> 2739
26EC  4352        STA 0,82,3
26ED  4541        STA 0,@65,PC   ; -> 272E
26EE  5349        STA 2,73,3
26EF  4E47        STA 1,@71,2
26F0  2054        LDA 0,84
26F1  4F20        STA 1,@32,3
26F2  2D31        LDA 1,@49,PC   ; -> 2723
26F3  0A0D        JSR 13,2
26F4  0000        JMP 0
26F5  03BB        JMP -69,3
26F6  5126        STA 2,38,PC   ; -> 271C
26F7  29FE        LDA 1,-2,PC   ; -> 26F5
26F8  4829        STA 1,41
26F9  2922        LDA 1,34,PC   ; -> 271B
26FA  211C        LDA 0,28,PC   ; -> 2716
26FB  A51A        SUBZ# 1,0,SZC
26FC  8A00        MOV 0,1
26FD  211A        LDA 0,26,PC   ; -> 2717
26FE  A51B        SUBZ# 1,0,SNC
26FF  01A3        JMP -93,PC   ; -> 26A2
2700  4919        STA 1,25,PC   ; -> 2719
2701  AE50        ADDZL 1,1
2702  4918        STA 1,24,PC   ; -> 271A
2703  D550        SUBZL 2,2
2704  AD00        SUB 1,1
2705  C200        MOV 2,0
2706  C7C8        MUL
2707  820C        MOV# 0,0,SZR
2708  0510        JMP @16,PC   ; -> 2718
2709  0C0F        JSR @15
270A  0003        JMP 3
270B  0101        JMP 1,PC   ; -> 270C
270C  512C        STA 2,44,PC   ; -> 2738
270D  3D11        LDA 3,@17,PC   ; -> 271E
270E  BD1B        SUBZ# 1,3,SNC
270F  0181        JMP -127,PC   ; -> 2690
2710  A600        ADD 1,0
2711  9D1B        SUBZ# 0,3,SNC
2712  E200        MOV 3,0
2713  A500        SUB 1,0
2714  8A00        MOV 0,1
2715  0112        JMP 18,PC   ; -> 2727
2716  0010        JMP 16
2717  00FF        JMP 255
2718  0263        JMP 99,2
2719  0000        JMP 0
271A  0000        JMP 0
271B  0010        JMP 16
271C  0000        JMP 0
271D  0000        JMP 0
271E  0400        JMP @0
271F  03FA        JMP -6,3
2720  03FB        JMP -5,3
2721  03F9        JMP -7,3
2722  03F8        JMP -8,3
2723  007D        JMP 125
2724  03FC        JMP -4,3
2725  0402        JMP @2
2726  03FE        JMP -2,3
2727  25F9        LDA 0,@-7,PC   ; -> 2720
2728  8100        NEG 0,0
2729  A600        ADD 1,0
272A  B2C0        MOVS 1,2
272B  D650        ADDZL 2,2
272C  29EE        LDA 1,-18,PC   ; -> 271A
272D  3908        LDA 3,8,PC   ; -> 2735
272E  EE00        ADD 3,1
272F  B51B        SUBZ# 1,2,SNC
2730  0506        JMP @6,PC   ; -> 2736
2731  0C0F        JSR @15
2732  000C        JMP 12
2733  0503        JMP @3,PC   ; -> 2736
2734  0106        JMP 6,PC   ; -> 273A
2735  003C        JMP 60
2736  0290        JMP -112,2
2737  0000        JMP 0
2738  0000        JMP 0
2739  03CF        JMP -49,3
273A  2138        LDA 0,56,PC   ; -> 2772
273B  45EA        STA 0,@-22,PC   ; -> 2725
273C  BA00        MOV 1,3
273D  29DD        LDA 1,-35,PC   ; -> 271A
273E  3135        LDA 2,53,PC   ; -> 2773
273F  CE00        ADD 2,1
2740  BC00        ADC 1,3
2741  F300        INC 3,2
2742  502C        STA 2,44
2743  59F4        STA 3,-12,PC   ; -> 2737
2744  FC00        ADC 3,3
2745  5A00        STA 3,0,2
2746  DB00        INC 2,3
2747  B7C8        BLM
2748  382C        LDA 3,44
2749  4B0F        STA 1,15,3
274A  4B15        STA 1,21,3
274B  4B16        STA 1,22,3
274C  4B09        STA 1,9,3
274D  29D0        LDA 1,-48,PC   ; -> 271D
274E  4B0A        STA 1,10,3
274F  ED38 7EDF   ELEF 1,7EDF,PC   ; -> 262F
2751  A900        NEG 1,1
2752  4B14        STA 1,20,3
2753  29C6        LDA 1,-58,PC   ; -> 2719
2754  4B07        STA 1,7,3
2755  311F        LDA 2,31,PC   ; -> 2774
2756  F600        ADD 3,2
2757  5079        STA 2,121
2758  B600        ADD 1,2
2759  5077        STA 2,119
275A  B600        ADD 1,2
275B  5078        STA 2,120
275C  B600        ADD 1,2
275D  507A        STA 2,122
275E  0C0F        JSR @15
275F  003C        JMP 60
2760  0101        JMP 1,PC   ; -> 2761
2761  0914        JSR 20,PC   ; -> 2775
2762  0003        JMP 3
2763  0064        JMP 100
2764  000A        JMP 10
2765  0001        JMP 1
2766  0014        JMP 20
2767  003C        JMP 60
2768  000A        JMP 10
2769  0064        JMP 100
276A  03E8        JMP -24,3
276B  0032        JMP 50
276C  0E10        JSR @16,2
276D  0258        JMP 88,2
276E  1770        ISZ @112,3
276F  EA60        MOVOL 3,1
2770  0BB8        JSR -72,3
2771  0403        JMP @3
2772  01FD        JMP -3,PC   ; -> 276F
2773  0017        JMP 23
2774  0018        JMP 24
2775  9E00        ADD 0,3
2776  302C        LDA 2,44
2777  2300        LDA 0,0,3
2778  4204        STA 0,4,2
2779  2305        LDA 0,5,3
277A  4205        STA 0,5,2
277B  230A        LDA 0,10,3
277C  4206        STA 0,6,2
277D  8400        ADC 0,0
277E  4213        STA 0,19,2
277F  2132        LDA 0,50,PC   ; -> 27B1
2780  8205        MOV 0,0,SNR
2781  0104        JMP 4,PC   ; -> 2785
2782  0C0F        JSR @15
2783  00B5        JMP 181
2784  0101        JMP 1,PC   ; -> 2785
2785  3020        LDA 2,32
2786  292F        LDA 1,47,PC   ; -> 27B5
2787  212C        LDA 0,44,PC   ; -> 27B3
2788  8D1A        SUBZ# 0,1,SZC
2789  0106        JMP 6,PC   ; -> 278F
278A  E538 7904   ELEF 0,7904,PC   ; -> 208F
278C  0C0F        JSR @15
278D  0162        JMP 98,PC   ; -> 27EF
278E  0528        JMP @40,PC   ; -> 27B6
278F  21A8        LDA 0,-88,PC   ; -> 2737
2790  0103        JMP 3,PC   ; -> 2793
2791  0526        JMP @38,PC   ; -> 27B7
2792  05A4        JMP @-92,PC   ; -> 2736
2793  2D1D        LDA 1,@29,PC   ; -> 27B0
2794  0DA5        JSR @-91,PC   ; -> 2739
2795  0523        JMP @35,PC   ; -> 27B8
2796  05A0        JMP @-96,PC   ; -> 2736
2797  0522        JMP @34,PC   ; -> 27B9
2798  3828        LDA 3,40
2799  2020        LDA 0,32
279A  35D7        LDA 2,@-41,PC   ; -> 2771
279B  CA05        MOV 2,1,SNR
279C  0107        JMP 7,PC   ; -> 27A3
279D  2912        LDA 1,18,PC   ; -> 27AF
279E  9504        SUB 0,2,SZR
279F  051A        JMP @26,PC   ; -> 27B9
27A0  4820        STA 1,32
27A1  5301        STA 2,1,3
27A2  0103        JMP 3,PC   ; -> 27A5
27A3  4020        STA 0,32
27A4  4B01        STA 1,1,3
27A5  290D        LDA 1,13,PC   ; -> 27B2
27A6  4825        STA 1,37
27A7  0101        JMP 1,PC   ; -> 27A8
27A8  2D08        LDA 1,@8,PC   ; -> 27B0
27A9  AE48        PSH 1,1
27AA  3020        LDA 2,32
27AB  D648        PSH 2,2
27AC  5502        STA 2,@2,PC   ; -> 27AE
27AD  050D        JMP @13,PC   ; -> 27BA
27AE  0260        JMP 96,2
27AF  0261        JMP 97,2
27B0  031C        JMP 28,3
27B1  001F        JMP 31
27B2  0000        JMP 0
27B3  5820        STA 3,32
27B4  0338        JMP 56,3
27B5  0180        JMP -128,PC   ; -> 2735
27B6  027C        JMP 124,2
27B7  02DD        JMP -35,2
27B8  02B5        JMP -75,2
27B9  02C6        JMP -58,2
27BA  025C        JMP 92,2
27BB  EA50        MOVZL 3,1
27BC  3111        LDA 2,17,PC   ; -> 27CD
27BD  3D0F        LDA 3,@15,PC   ; -> 27CC
27BE  FA04        MOV 3,3,SZR
27BF  310F        LDA 2,15,PC   ; -> 27CE
27C0  8500        SUB 0,0
27C1  BA00        MOV 1,3
27C2  E5C8        LDB 3,0
27C3  FB00        INC 3,3
27C4  D300        INC 2,2
27C5  8204        MOV 0,0,SZR
27C6  01FC        JMP -4,PC   ; -> 27C2
27C7  9048        SBI 0,2
27C8  0C0F        JSR @15
27C9  00C8        JMP 200
27CA  0100        JMP 0,PC   ; -> 27CA
27CB  0100        JMP 0,PC   ; -> 27CB
27CC  03F7        JMP -9,3
27CD  E000        COM 3,0
27CE  C000        COM 2,0
27CF  D808        ADI 2,3
27D0  5920        STA 3,32,PC   ; -> 27F0
27D1  3923        LDA 3,35,PC   ; -> 27F4
27D2  E500        SUB 3,0
27D3  4028        STA 0,40
27D4  AD00        SUB 1,1
27D5  4821        STA 1,33
27D6  291C        LDA 1,28,PC   ; -> 27F2
27D7  4823        STA 1,35
27D8  AC00        ADC 1,1
27D9  9A00        MOV 0,3
27DA  4B00        STA 1,0,3
27DB  4B03        STA 1,3,3
27DC  4B02        STA 1,2,3
27DD  4B04        STA 1,4,3
27DE  AD00        SUB 1,1
27DF  4B01        STA 1,1,3
27E0  482A        STA 1,42
27E1  2914        LDA 1,20,PC   ; -> 27F5
27E2  BD00        SUB 1,3
27E3  5822        STA 3,34
27E4  E538 78AA   ELEF 0,78AA,PC   ; -> 208F
27E6  2910        LDA 1,16,PC   ; -> 27F6
27E7  310C        LDA 2,12,PC   ; -> 27F3
27E8  CD1A        SUBZ# 2,1,SZC
27E9  0507        JMP @7,PC   ; -> 27F0
27EA  0C0F        JSR @15
27EB  0162        JMP 98,PC   ; -> 284D
27EC  0101        JMP 1,PC   ; -> 27ED
27ED  D6E8        ?ECL D6E8          <<< unknown extended
27EE  0101        JMP 1,PC   ; -> 27EF
27EF  0501        JMP @1,PC   ; -> 27F0
27F0  0000        JMP 0
27F1  0000        JMP 0
27F2  7C14        IO   7C14
27F3  5820        STA 3,32
27F4  0006        JMP 6
27F5  0018        JMP 24
27F6  0180        JMP -128,PC   ; -> 2776
27F7  0000        JMP 0
27F8  000A        JMP 10
27F9  0000        JMP 0
27FA  0001        JMP 1
27FB  0000        JMP 0
27FC  0000        JMP 0
27FD  0000        JMP 0
27FE  0000        JMP 0
27FF  0000        JMP 0
2800  0020        JMP 32
2801  0100        JMP 0,PC   ; -> 2801
2802  0000        JMP 0
2803  0404        JMP @4
2804  0000        JMP 0
2805  0000        JMP 0
2806  0000        JMP 0
2807  0000        JMP 0
2808  0000        JMP 0
2809  0000        JMP 0
280A  0000        JMP 0
280B  0000        JMP 0
280C  0000        JMP 0
280D  0000        JMP 0
280E  0000        JMP 0
280F  0000        JMP 0
2810  0000        JMP 0
2811  0000        JMP 0
2812  0000        JMP 0
2813  0000        JMP 0
2814  0000        JMP 0
2815  0000        JMP 0
2816  0000        JMP 0
2817  0000        JMP 0
2818  0000        JMP 0
2819  0000        JMP 0
281A  0000        JMP 0
281B  0000        JMP 0
281C  0000        JMP 0
281D  0000        JMP 0
281E  0000        JMP 0
281F  0000        JMP 0
2820  0000        JMP 0
2821  0000        JMP 0
2822  0000        JMP 0
2823  0000        JMP 0
2824  0000        JMP 0
2825  0000        JMP 0
2826  0000        JMP 0
2827  0000        JMP 0
2828  0000        JMP 0
2829  0000        JMP 0
282A  0000        JMP 0
282B  0000        JMP 0
282C  0000        JMP 0
282D  0000        JMP 0
282E  0000        JMP 0
282F  0000        JMP 0
2830  0000        JMP 0
2831  0000        JMP 0
2832  0000        JMP 0
2833  0000        JMP 0
2834  0000        JMP 0
2835  0000        JMP 0
2836  0000        JMP 0
2837  0000        JMP 0
2838  0000        JMP 0
2839  0000        JMP 0
283A  0000        JMP 0
283B  0000        JMP 0
283C  0000        JMP 0
283D  0000        JMP 0
283E  0000        JMP 0
283F  0000        JMP 0
2840  0000        JMP 0
2841  0000        JMP 0
2842  0000        JMP 0
2843  0000        JMP 0
2844  0000        JMP 0
2845  0000        JMP 0
2846  0000        JMP 0
2847  0000        JMP 0
2848  0000        JMP 0
2849  0000        JMP 0
284A  0000        JMP 0
284B  0000        JMP 0
284C  0000        JMP 0
284D  0000        JMP 0
284E  0000        JMP 0
284F  0000        JMP 0
2850  0000        JMP 0
2851  0000        JMP 0
2852  0000        JMP 0
2853  0000        JMP 0
2854  0000        JMP 0
2855  0000        JMP 0
2856  0000        JMP 0
2857  0000        JMP 0
2858  0000        JMP 0
2859  0000        JMP 0
285A  0000        JMP 0
285B  0000        JMP 0
285C  0000        JMP 0
285D  0000        JMP 0
285E  0000        JMP 0
285F  0000        JMP 0
2860  0000        JMP 0
2861  0000        JMP 0
2862  0000        JMP 0
2863  0000        JMP 0
2864  0000        JMP 0
2865  0000        JMP 0
2866  0000        JMP 0
2867  0000        JMP 0
2868  0000        JMP 0
2869  0000        JMP 0
286A  0000        JMP 0
286B  0000        JMP 0
286C  0000        JMP 0
286D  0000        JMP 0
286E  0000        JMP 0
286F  0000        JMP 0
2870  0000        JMP 0
2871  0000        JMP 0
2872  0000        JMP 0
2873  0000        JMP 0
2874  0000        JMP 0
2875  0000        JMP 0
2876  0000        JMP 0
2877  0000        JMP 0
2878  0000        JMP 0
2879  0000        JMP 0
287A  0000        JMP 0
287B  0000        JMP 0
287C  0000        JMP 0
287D  0000        JMP 0
287E  0000        JMP 0
287F  0000        JMP 0
2880  0000        JMP 0
2881  0000        JMP 0
2882  0000        JMP 0
2883  0000        JMP 0
2884  0000        JMP 0
2885  0000        JMP 0
2886  0000        JMP 0
2887  0000        JMP 0
2888  0000        JMP 0
2889  0000        JMP 0
288A  0000        JMP 0
288B  0000        JMP 0
288C  0000        JMP 0
288D  0000        JMP 0
288E  0000        JMP 0
288F  0000        JMP 0
2890  0000        JMP 0
2891  0000        JMP 0
2892  0000        JMP 0
2893  0000        JMP 0
2894  0000        JMP 0
2895  0000        JMP 0
2896  0000        JMP 0
2897  0000        JMP 0
2898  0000        JMP 0
2899  0000        JMP 0
289A  0000        JMP 0
289B  0000        JMP 0
289C  0000        JMP 0
289D  0000        JMP 0
289E  0000        JMP 0
289F  0000        JMP 0
28A0  0000        JMP 0
28A1  0000        JMP 0
28A2  0000        JMP 0
28A3  0000        JMP 0
28A4  0000        JMP 0
28A5  0000        JMP 0
28A6  0000        JMP 0
28A7  0000        JMP 0
28A8  0000        JMP 0
28A9  0000        JMP 0
28AA  0000        JMP 0
28AB  0000        JMP 0
28AC  0000        JMP 0
28AD  0000        JMP 0
28AE  0000        JMP 0
28AF  0000        JMP 0
28B0  0000        JMP 0
28B1  0000        JMP 0
28B2  0000        JMP 0
28B3  0000        JMP 0
28B4  0000        JMP 0
28B5  0000        JMP 0
28B6  0000        JMP 0
28B7  0000        JMP 0
28B8  0000        JMP 0
28B9  0000        JMP 0
28BA  0000        JMP 0
28BB  0000        JMP 0
28BC  0000        JMP 0
28BD  0000        JMP 0
28BE  0000        JMP 0
28BF  0000        JMP 0
28C0  0000        JMP 0
28C1  0000        JMP 0
28C2  0000        JMP 0
28C3  0000        JMP 0
28C4  0000        JMP 0
28C5  0000        JMP 0
28C6  0000        JMP 0
28C7  0000        JMP 0
28C8  0000        JMP 0
28C9  0000        JMP 0
28CA  0000        JMP 0
28CB  0000        JMP 0
28CC  0000        JMP 0
28CD  0000        JMP 0
28CE  0000        JMP 0
28CF  0000        JMP 0
28D0  0000        JMP 0
28D1  0000        JMP 0
28D2  0000        JMP 0
28D3  0000        JMP 0
28D4  0000        JMP 0
28D5  0000        JMP 0
28D6  0000        JMP 0
28D7  0000        JMP 0
28D8  0000        JMP 0
28D9  0000        JMP 0
28DA  0000        JMP 0
28DB  0000        JMP 0
28DC  0000        JMP 0
28DD  0000        JMP 0
28DE  0000        JMP 0
28DF  0000        JMP 0
28E0  0000        JMP 0
28E1  0000        JMP 0
28E2  0000        JMP 0
28E3  0000        JMP 0
28E4  0000        JMP 0
28E5  0000        JMP 0
28E6  0000        JMP 0
28E7  0000        JMP 0
28E8  0000        JMP 0
28E9  0000        JMP 0
28EA  0000        JMP 0
28EB  0000        JMP 0
28EC  0000        JMP 0
28ED  0000        JMP 0
28EE  0000        JMP 0
28EF  0000        JMP 0
28F0  0000        JMP 0
28F1  0000        JMP 0
28F2  0000        JMP 0
28F3  0000        JMP 0
28F4  0000        JMP 0
28F5  0000        JMP 0
28F6  0000        JMP 0
28F7  0000        JMP 0
28F8  0000        JMP 0
28F9  0000        JMP 0
28FA  0000        JMP 0
28FB  0000        JMP 0
28FC  0000        JMP 0
28FD  0000        JMP 0
28FE  0000        JMP 0
28FF  0000        JMP 0
2900  0000        JMP 0
2901  0000        JMP 0
2902  0000        JMP 0
2903  0000        JMP 0
2904  0000        JMP 0
2905  0000        JMP 0
2906  0000        JMP 0
2907  0000        JMP 0
2908  0000        JMP 0
2909  0000        JMP 0
290A  0000        JMP 0
290B  0000        JMP 0
290C  0000        JMP 0
290D  0000        JMP 0
290E  0000        JMP 0
290F  0000        JMP 0
2910  0000        JMP 0
2911  0000        JMP 0
2912  0000        JMP 0
2913  0000        JMP 0
2914  0000        JMP 0
2915  0000        JMP 0
2916  0000        JMP 0
2917  0000        JMP 0
2918  0000        JMP 0
2919  0000        JMP 0
291A  0000        JMP 0
291B  0000        JMP 0
291C  0000        JMP 0
291D  0000        JMP 0
291E  0000        JMP 0
291F  0000        JMP 0
2920  0000        JMP 0
2921  0000        JMP 0
2922  0000        JMP 0
2923  0000        JMP 0
2924  0000        JMP 0
2925  0000        JMP 0
2926  0000        JMP 0
2927  0000        JMP 0
2928  0000        JMP 0
2929  0000        JMP 0
292A  0000        JMP 0
292B  0000        JMP 0
292C  0000        JMP 0
292D  0000        JMP 0
292E  0000        JMP 0
292F  0000        JMP 0
2930  0000        JMP 0
2931  0000        JMP 0
2932  0000        JMP 0
2933  0000        JMP 0
2934  0000        JMP 0
2935  0000        JMP 0
2936  0000        JMP 0
2937  0000        JMP 0
2938  0000        JMP 0
2939  0000        JMP 0
293A  0000        JMP 0
293B  0000        JMP 0
293C  0000        JMP 0
293D  0000        JMP 0
293E  0000        JMP 0
293F  0000        JMP 0
2940  0000        JMP 0
2941  0000        JMP 0
2942  0000        JMP 0
2943  0000        JMP 0
2944  0000        JMP 0
2945  0000        JMP 0
2946  0000        JMP 0
2947  0000        JMP 0
2948  0000        JMP 0
2949  0000        JMP 0
294A  0000        JMP 0
294B  0000        JMP 0
294C  0000        JMP 0
294D  0000        JMP 0
294E  0000        JMP 0
294F  0000        JMP 0
2950  0000        JMP 0
2951  0000        JMP 0
2952  0000        JMP 0
2953  0000        JMP 0
2954  0000        JMP 0
2955  0000        JMP 0
2956  0000        JMP 0
2957  0000        JMP 0
2958  0000        JMP 0
2959  0000        JMP 0
295A  0000        JMP 0
295B  0000        JMP 0
295C  0000        JMP 0
295D  0000        JMP 0
295E  0000        JMP 0
295F  0000        JMP 0
2960  0000        JMP 0
2961  0000        JMP 0
2962  0000        JMP 0
2963  0000        JMP 0
2964  0000        JMP 0
2965  0000        JMP 0
2966  0000        JMP 0
2967  0000        JMP 0
2968  0000        JMP 0
2969  0000        JMP 0
296A  0000        JMP 0
296B  0000        JMP 0
296C  0000        JMP 0
296D  0000        JMP 0
296E  0000        JMP 0
296F  0000        JMP 0
2970  0000        JMP 0
2971  0000        JMP 0
2972  0000        JMP 0
2973  0000        JMP 0
2974  0000        JMP 0
2975  0000        JMP 0
2976  0000        JMP 0
2977  0000        JMP 0
2978  0000        JMP 0
2979  0000        JMP 0
297A  0000        JMP 0
297B  0000        JMP 0
297C  0000        JMP 0
297D  0000        JMP 0
297E  0000        JMP 0
297F  0000        JMP 0
2980  0000        JMP 0
2981  0000        JMP 0
2982  0000        JMP 0
2983  0000        JMP 0
2984  0000        JMP 0
2985  0000        JMP 0
2986  0000        JMP 0
2987  0000        JMP 0
2988  0000        JMP 0
2989  0000        JMP 0
298A  0000        JMP 0
298B  0000        JMP 0
298C  0000        JMP 0
298D  0000        JMP 0
298E  0000        JMP 0
298F  0000        JMP 0
2990  0000        JMP 0
2991  0000        JMP 0
2992  0000        JMP 0
2993  0000        JMP 0
2994  0000        JMP 0
2995  0000        JMP 0
2996  0000        JMP 0
2997  0000        JMP 0
2998  0000        JMP 0
2999  0000        JMP 0
299A  0000        JMP 0
299B  0000        JMP 0
299C  0000        JMP 0
299D  0000        JMP 0
299E  0000        JMP 0
299F  0000        JMP 0
29A0  0000        JMP 0
29A1  0000        JMP 0
29A2  0000        JMP 0
29A3  0000        JMP 0
29A4  0000        JMP 0
29A5  0000        JMP 0
29A6  0000        JMP 0
29A7  0000        JMP 0
29A8  0000        JMP 0
29A9  0000        JMP 0
29AA  0000        JMP 0
29AB  0000        JMP 0
29AC  0000        JMP 0
29AD  0000        JMP 0
29AE  0000        JMP 0
29AF  0000        JMP 0
29B0  0000        JMP 0
29B1  0000        JMP 0
29B2  0000        JMP 0
29B3  0000        JMP 0
29B4  0000        JMP 0
29B5  0000        JMP 0
29B6  0000        JMP 0
29B7  0000        JMP 0
29B8  0000        JMP 0
29B9  0000        JMP 0
29BA  0000        JMP 0
29BB  0000        JMP 0
29BC  0000        JMP 0
29BD  0000        JMP 0
29BE  0000        JMP 0
29BF  0000        JMP 0
29C0  0000        JMP 0
29C1  0000        JMP 0
29C2  0000        JMP 0
29C3  0000        JMP 0
29C4  0000        JMP 0
29C5  0000        JMP 0
29C6  0000        JMP 0
29C7  0000        JMP 0
29C8  0000        JMP 0
29C9  0000        JMP 0
29CA  0000        JMP 0
29CB  0000        JMP 0
29CC  0000        JMP 0
29CD  0000        JMP 0
29CE  0000        JMP 0
29CF  0000        JMP 0
29D0  0000        JMP 0
29D1  0000        JMP 0
29D2  0000        JMP 0
29D3  0000        JMP 0
29D4  0000        JMP 0
29D5  0000        JMP 0
29D6  0000        JMP 0
29D7  0000        JMP 0
29D8  0000        JMP 0
29D9  0000        JMP 0
29DA  0000        JMP 0
29DB  0000        JMP 0
29DC  0000        JMP 0
29DD  0000        JMP 0
29DE  0000        JMP 0
29DF  0000        JMP 0
29E0  0000        JMP 0
29E1  0000        JMP 0
29E2  0000        JMP 0
29E3  0000        JMP 0
29E4  0000        JMP 0
29E5  0000        JMP 0
29E6  0000        JMP 0
29E7  0000        JMP 0
29E8  0000        JMP 0
29E9  0000        JMP 0
29EA  0000        JMP 0
29EB  0000        JMP 0
29EC  0000        JMP 0
29ED  0000        JMP 0
29EE  0000        JMP 0
29EF  0000        JMP 0
29F0  0000        JMP 0
29F1  0000        JMP 0
29F2  0000        JMP 0
29F3  0000        JMP 0
29F4  0000        JMP 0
29F5  0000        JMP 0
29F6  0000        JMP 0
29F7  0000        JMP 0
29F8  0000        JMP 0
29F9  0000        JMP 0
29FA  0000        JMP 0
29FB  0000        JMP 0
29FC  0000        JMP 0
29FD  0000        JMP 0
29FE  0000        JMP 0
29FF  0000        JMP 0
2A00  0000        JMP 0
2A01  0000        JMP 0
2A02  0000        JMP 0
2A03  0000        JMP 0
2A04  0000        JMP 0
2A05  0000        JMP 0
2A06  0000        JMP 0
2A07  0000        JMP 0
2A08  0000        JMP 0
2A09  0000        JMP 0
2A0A  0000        JMP 0
2A0B  0000        JMP 0
2A0C  0000        JMP 0
2A0D  0000        JMP 0
2A0E  0000        JMP 0
2A0F  0000        JMP 0
2A10  0000        JMP 0
2A11  0000        JMP 0
2A12  0000        JMP 0
2A13  0000        JMP 0
2A14  0000        JMP 0
2A15  0000        JMP 0
2A16  0000        JMP 0
2A17  0000        JMP 0
2A18  0000        JMP 0
2A19  0000        JMP 0
2A1A  0000        JMP 0
2A1B  0000        JMP 0
2A1C  0000        JMP 0
2A1D  0000        JMP 0
2A1E  0000        JMP 0
2A1F  0000        JMP 0
2A20  0000        JMP 0
2A21  0000        JMP 0
2A22  0000        JMP 0
2A23  0000        JMP 0
2A24  0000        JMP 0
2A25  0000        JMP 0
2A26  0000        JMP 0
2A27  0000        JMP 0
2A28  0000        JMP 0
2A29  0000        JMP 0
2A2A  0000        JMP 0
2A2B  0000        JMP 0
2A2C  0000        JMP 0
2A2D  0000        JMP 0
2A2E  0000        JMP 0
2A2F  0000        JMP 0
2A30  0000        JMP 0
2A31  0000        JMP 0
2A32  0000        JMP 0
2A33  0000        JMP 0
2A34  0000        JMP 0
2A35  0000        JMP 0
2A36  0000        JMP 0
2A37  0000        JMP 0
2A38  0000        JMP 0
2A39  0000        JMP 0
2A3A  0000        JMP 0
2A3B  0000        JMP 0
2A3C  0000        JMP 0
2A3D  0000        JMP 0
2A3E  0000        JMP 0
2A3F  0000        JMP 0
2A40  0000        JMP 0
2A41  0000        JMP 0
2A42  0000        JMP 0
2A43  0000        JMP 0
2A44  0000        JMP 0
2A45  0000        JMP 0
2A46  0000        JMP 0
2A47  0000        JMP 0
2A48  0000        JMP 0
2A49  0000        JMP 0
2A4A  0000        JMP 0
2A4B  0000        JMP 0
2A4C  0000        JMP 0
2A4D  0000        JMP 0
2A4E  0000        JMP 0
2A4F  0000        JMP 0
2A50  0000        JMP 0
2A51  0000        JMP 0
2A52  0000        JMP 0
2A53  0000        JMP 0
2A54  0000        JMP 0
2A55  0000        JMP 0
2A56  0000        JMP 0
2A57  0000        JMP 0
2A58  0000        JMP 0
2A59  0000        JMP 0
2A5A  0000        JMP 0
2A5B  0000        JMP 0
2A5C  0000        JMP 0
2A5D  0000        JMP 0
2A5E  0000        JMP 0
2A5F  0000        JMP 0
2A60  0000        JMP 0
2A61  0000        JMP 0
2A62  0000        JMP 0
2A63  0000        JMP 0
2A64  0000        JMP 0
2A65  0000        JMP 0
2A66  0000        JMP 0
2A67  0000        JMP 0
2A68  0000        JMP 0
2A69  0000        JMP 0
2A6A  0000        JMP 0
2A6B  0000        JMP 0
2A6C  0000        JMP 0
2A6D  0000        JMP 0
2A6E  0000        JMP 0
2A6F  0000        JMP 0
2A70  0000        JMP 0
2A71  0000        JMP 0
2A72  0000        JMP 0
2A73  0000        JMP 0
2A74  0000        JMP 0
2A75  0000        JMP 0
2A76  0000        JMP 0
2A77  0000        JMP 0
2A78  0000        JMP 0
2A79  0000        JMP 0
2A7A  0000        JMP 0
2A7B  0000        JMP 0
2A7C  0000        JMP 0
2A7D  0000        JMP 0
2A7E  0000        JMP 0
2A7F  0000        JMP 0
2A80  0000        JMP 0
2A81  0000        JMP 0
2A82  0000        JMP 0
2A83  0000        JMP 0
2A84  0000        JMP 0
2A85  0000        JMP 0
2A86  0000        JMP 0
2A87  0000        JMP 0
2A88  0000        JMP 0
2A89  0000        JMP 0
2A8A  0000        JMP 0
2A8B  0000        JMP 0
2A8C  0000        JMP 0
2A8D  0000        JMP 0
2A8E  0000        JMP 0
2A8F  0000        JMP 0
2A90  0000        JMP 0
2A91  0000        JMP 0
2A92  0000        JMP 0
2A93  0000        JMP 0
2A94  0000        JMP 0
2A95  0000        JMP 0
2A96  0000        JMP 0
2A97  0000        JMP 0
2A98  0000        JMP 0
2A99  0000        JMP 0
2A9A  0000        JMP 0
2A9B  0000        JMP 0
2A9C  0000        JMP 0
2A9D  0000        JMP 0
2A9E  0000        JMP 0
2A9F  0000        JMP 0
2AA0  0000        JMP 0
2AA1  0000        JMP 0
2AA2  0000        JMP 0
2AA3  0000        JMP 0
2AA4  0000        JMP 0
2AA5  0000        JMP 0
2AA6  0000        JMP 0
2AA7  0000        JMP 0
2AA8  0000        JMP 0
2AA9  0000        JMP 0
2AAA  0000        JMP 0
2AAB  0000        JMP 0
2AAC  0000        JMP 0
2AAD  0000        JMP 0
2AAE  0000        JMP 0
2AAF  0000        JMP 0
2AB0  0000        JMP 0
2AB1  0000        JMP 0
2AB2  0000        JMP 0
2AB3  0000        JMP 0
2AB4  0000        JMP 0
2AB5  0000        JMP 0
2AB6  0000        JMP 0
2AB7  0000        JMP 0
2AB8  0000        JMP 0
2AB9  0000        JMP 0
2ABA  0000        JMP 0
2ABB  0000        JMP 0
2ABC  0000        JMP 0
2ABD  0000        JMP 0
2ABE  0000        JMP 0
2ABF  0000        JMP 0
2AC0  0000        JMP 0
2AC1  0000        JMP 0
2AC2  0000        JMP 0
2AC3  0000        JMP 0
2AC4  0000        JMP 0
2AC5  0000        JMP 0
2AC6  0000        JMP 0
2AC7  0000        JMP 0
2AC8  0000        JMP 0
2AC9  0000        JMP 0
2ACA  0000        JMP 0
2ACB  0000        JMP 0
2ACC  0000        JMP 0
2ACD  0000        JMP 0
2ACE  0000        JMP 0
2ACF  0000        JMP 0
2AD0  0000        JMP 0
2AD1  0000        JMP 0
2AD2  0000        JMP 0
2AD3  0000        JMP 0
2AD4  0000        JMP 0
2AD5  0000        JMP 0
2AD6  0000        JMP 0
2AD7  0000        JMP 0
2AD8  0000        JMP 0
2AD9  0000        JMP 0
2ADA  0000        JMP 0
2ADB  0000        JMP 0
2ADC  0000        JMP 0
2ADD  0000        JMP 0
2ADE  0000        JMP 0
2ADF  0000        JMP 0
2AE0  0000        JMP 0
2AE1  0000        JMP 0
2AE2  0000        JMP 0
2AE3  0000        JMP 0
2AE4  0000        JMP 0
2AE5  0000        JMP 0
2AE6  0000        JMP 0
2AE7  0000        JMP 0
2AE8  0000        JMP 0
2AE9  0000        JMP 0
2AEA  0000        JMP 0
2AEB  0000        JMP 0
2AEC  0000        JMP 0
2AED  0000        JMP 0
2AEE  0000        JMP 0
2AEF  0000        JMP 0
2AF0  0000        JMP 0
2AF1  0000        JMP 0
2AF2  0000        JMP 0
2AF3  0000        JMP 0
2AF4  0000        JMP 0
2AF5  0000        JMP 0
2AF6  0000        JMP 0
2AF7  0000        JMP 0
2AF8  0000        JMP 0
2AF9  0000        JMP 0
2AFA  0000        JMP 0
2AFB  0000        JMP 0
2AFC  0000        JMP 0
2AFD  0000        JMP 0
2AFE  0000        JMP 0
2AFF  0000        JMP 0
2B00  0000        JMP 0
2B01  0000        JMP 0
2B02  0000        JMP 0
2B03  0000        JMP 0
2B04  0000        JMP 0
2B05  0000        JMP 0
2B06  0000        JMP 0
2B07  0000        JMP 0
2B08  0000        JMP 0
2B09  0000        JMP 0
2B0A  0000        JMP 0
2B0B  0000        JMP 0
2B0C  0000        JMP 0
2B0D  0000        JMP 0
2B0E  0000        JMP 0
2B0F  0000        JMP 0
2B10  0000        JMP 0
2B11  0000        JMP 0
2B12  0000        JMP 0
2B13  0000        JMP 0
2B14  0000        JMP 0
2B15  0000        JMP 0
2B16  0000        JMP 0
2B17  0000        JMP 0
2B18  0000        JMP 0
2B19  0000        JMP 0
2B1A  0000        JMP 0
2B1B  0000        JMP 0
2B1C  0000        JMP 0
2B1D  0000        JMP 0
2B1E  0000        JMP 0
2B1F  0000        JMP 0
2B20  0000        JMP 0
2B21  0000        JMP 0
2B22  0000        JMP 0
2B23  0000        JMP 0
2B24  0000        JMP 0
2B25  0000        JMP 0
2B26  0000        JMP 0
2B27  0000        JMP 0
2B28  0000        JMP 0
2B29  0000        JMP 0
2B2A  0000        JMP 0
2B2B  0000        JMP 0
2B2C  0000        JMP 0
2B2D  0000        JMP 0
2B2E  0000        JMP 0
2B2F  0000        JMP 0
2B30  0000        JMP 0
2B31  0000        JMP 0
2B32  0000        JMP 0
2B33  0000        JMP 0
2B34  0000        JMP 0
2B35  0000        JMP 0
2B36  0000        JMP 0
2B37  0000        JMP 0
2B38  0000        JMP 0
2B39  0000        JMP 0
2B3A  0000        JMP 0
2B3B  0000        JMP 0
2B3C  0000        JMP 0
2B3D  0000        JMP 0
2B3E  0000        JMP 0
2B3F  0000        JMP 0
2B40  0000        JMP 0
2B41  0000        JMP 0
2B42  0000        JMP 0
2B43  0000        JMP 0
2B44  0000        JMP 0
2B45  0000        JMP 0
2B46  0000        JMP 0
2B47  0000        JMP 0
2B48  0000        JMP 0
2B49  0000        JMP 0
2B4A  0000        JMP 0
2B4B  0000        JMP 0
2B4C  0000        JMP 0
2B4D  0000        JMP 0
2B4E  0000        JMP 0
2B4F  0000        JMP 0
2B50  0000        JMP 0
2B51  0000        JMP 0
2B52  0000        JMP 0
2B53  0000        JMP 0
2B54  0000        JMP 0
2B55  0000        JMP 0
2B56  0000        JMP 0
2B57  0000        JMP 0
2B58  0000        JMP 0
2B59  0000        JMP 0
2B5A  0000        JMP 0
2B5B  0000        JMP 0
2B5C  0000        JMP 0
2B5D  0000        JMP 0
2B5E  0000        JMP 0
2B5F  0000        JMP 0
2B60  0000        JMP 0
2B61  0000        JMP 0
2B62  0000        JMP 0
2B63  0000        JMP 0
2B64  0000        JMP 0
2B65  0000        JMP 0
2B66  0000        JMP 0
2B67  0000        JMP 0
2B68  0000        JMP 0
2B69  0000        JMP 0
2B6A  0000        JMP 0
2B6B  0000        JMP 0
2B6C  0000        JMP 0
2B6D  0000        JMP 0
2B6E  0000        JMP 0
2B6F  0000        JMP 0
2B70  0000        JMP 0
2B71  0000        JMP 0
2B72  0000        JMP 0
2B73  0000        JMP 0
2B74  0000        JMP 0
2B75  0000        JMP 0
2B76  0000        JMP 0
2B77  0000        JMP 0
2B78  0000        JMP 0
2B79  0000        JMP 0
2B7A  0000        JMP 0
2B7B  0000        JMP 0
2B7C  0000        JMP 0
2B7D  0000        JMP 0
2B7E  0000        JMP 0
2B7F  0000        JMP 0
2B80  0000        JMP 0
2B81  0000        JMP 0
2B82  0000        JMP 0
2B83  0000        JMP 0
2B84  0000        JMP 0
2B85  0000        JMP 0
2B86  0000        JMP 0
2B87  0000        JMP 0
2B88  0000        JMP 0
2B89  0000        JMP 0
2B8A  0000        JMP 0
2B8B  0000        JMP 0
2B8C  0000        JMP 0
2B8D  0000        JMP 0
2B8E  0000        JMP 0
2B8F  0000        JMP 0
2B90  0000        JMP 0
2B91  0000        JMP 0
2B92  0000        JMP 0
2B93  0000        JMP 0
2B94  0000        JMP 0
2B95  0000        JMP 0
2B96  0000        JMP 0
2B97  0000        JMP 0
2B98  0000        JMP 0
2B99  0000        JMP 0
2B9A  0000        JMP 0
2B9B  0000        JMP 0
2B9C  0000        JMP 0
2B9D  0000        JMP 0
2B9E  0000        JMP 0
2B9F  0000        JMP 0
2BA0  0000        JMP 0
2BA1  0000        JMP 0
2BA2  0000        JMP 0
2BA3  0000        JMP 0
2BA4  0000        JMP 0
2BA5  0000        JMP 0
2BA6  0000        JMP 0
2BA7  0000        JMP 0
2BA8  0000        JMP 0
2BA9  0000        JMP 0
2BAA  0000        JMP 0
2BAB  0000        JMP 0
2BAC  0000        JMP 0
2BAD  0000        JMP 0
2BAE  0000        JMP 0
2BAF  0000        JMP 0
2BB0  0000        JMP 0
2BB1  0000        JMP 0
2BB2  0000        JMP 0
2BB3  0000        JMP 0
2BB4  0000        JMP 0
2BB5  0000        JMP 0
2BB6  0000        JMP 0
2BB7  0000        JMP 0
2BB8  0000        JMP 0
2BB9  0000        JMP 0
2BBA  0000        JMP 0
2BBB  0000        JMP 0
2BBC  0000        JMP 0
2BBD  0000        JMP 0
2BBE  0000        JMP 0
2BBF  0000        JMP 0
2BC0  0000        JMP 0
2BC1  0000        JMP 0
2BC2  0000        JMP 0
2BC3  0000        JMP 0
2BC4  0000        JMP 0
2BC5  0000        JMP 0
2BC6  0000        JMP 0
2BC7  0000        JMP 0
2BC8  0000        JMP 0
2BC9  0000        JMP 0
2BCA  0000        JMP 0
2BCB  0000        JMP 0
2BCC  0000        JMP 0
2BCD  0000        JMP 0
2BCE  0000        JMP 0
2BCF  0000        JMP 0
2BD0  0000        JMP 0
2BD1  0000        JMP 0
2BD2  0000        JMP 0
2BD3  0000        JMP 0
2BD4  0000        JMP 0
2BD5  0000        JMP 0
2BD6  0000        JMP 0
2BD7  0000        JMP 0
2BD8  0000        JMP 0
2BD9  0000        JMP 0
2BDA  0000        JMP 0
2BDB  0000        JMP 0
2BDC  0000        JMP 0
2BDD  0000        JMP 0
2BDE  0000        JMP 0
2BDF  0000        JMP 0
2BE0  0000        JMP 0
2BE1  0000        JMP 0
2BE2  0000        JMP 0
2BE3  0000        JMP 0
2BE4  0000        JMP 0
2BE5  0000        JMP 0
2BE6  0000        JMP 0
2BE7  0000        JMP 0
2BE8  0000        JMP 0
2BE9  0000        JMP 0
2BEA  0000        JMP 0
2BEB  0000        JMP 0
2BEC  0000        JMP 0
2BED  0000        JMP 0
2BEE  0000        JMP 0
2BEF  0000        JMP 0
2BF0  0000        JMP 0
2BF1  0000        JMP 0
2BF2  0000        JMP 0
2BF3  0000        JMP 0
2BF4  0000        JMP 0
2BF5  0000        JMP 0
2BF6  0000        JMP 0
2BF7  0000        JMP 0
2BF8  0000        JMP 0
2BF9  0000        JMP 0
2BFA  0000        JMP 0
2BFB  0000        JMP 0
2BFC  0000        JMP 0
2BFD  0000        JMP 0
2BFE  0000        JMP 0
2BFF  0000        JMP 0
2C00  0000        JMP 0
2C01  0000        JMP 0
2C02  0000        JMP 0
2C03  0000        JMP 0
2C04  0000        JMP 0
2C05  0000        JMP 0
2C06  0000        JMP 0
2C07  0000        JMP 0
2C08  0000        JMP 0
2C09  0000        JMP 0
2C0A  0000        JMP 0
2C0B  0000        JMP 0
2C0C  0000        JMP 0
2C0D  0000        JMP 0
2C0E  0000        JMP 0
2C0F  0000        JMP 0
2C10  0000        JMP 0
2C11  0000        JMP 0
2C12  0000        JMP 0
2C13  0000        JMP 0
2C14  0000        JMP 0
2C15  0000        JMP 0
2C16  0000        JMP 0
2C17  0000        JMP 0
2C18  0000        JMP 0
2C19  0000        JMP 0
2C1A  0000        JMP 0
2C1B  0000        JMP 0
2C1C  0000        JMP 0
2C1D  0000        JMP 0
2C1E  0000        JMP 0
2C1F  0000        JMP 0
2C20  0000        JMP 0
2C21  0000        JMP 0
2C22  0000        JMP 0
2C23  0000        JMP 0
2C24  0000        JMP 0
2C25  0000        JMP 0
2C26  0000        JMP 0
2C27  0000        JMP 0
2C28  0000        JMP 0
2C29  0000        JMP 0
2C2A  0000        JMP 0
2C2B  0000        JMP 0
2C2C  0000        JMP 0
2C2D  0000        JMP 0
2C2E  0000        JMP 0
2C2F  0000        JMP 0
2C30  0000        JMP 0
2C31  0000        JMP 0
2C32  0000        JMP 0
2C33  0000        JMP 0
2C34  0000        JMP 0
2C35  0000        JMP 0
2C36  0000        JMP 0
2C37  0000        JMP 0
2C38  0000        JMP 0
2C39  0000        JMP 0
2C3A  0000        JMP 0
2C3B  0000        JMP 0
2C3C  0000        JMP 0
2C3D  0000        JMP 0
2C3E  0000        JMP 0
2C3F  0000        JMP 0
2C40  0000        JMP 0
2C41  0000        JMP 0
2C42  0000        JMP 0
2C43  0000        JMP 0
2C44  0000        JMP 0
2C45  0000        JMP 0
2C46  0000        JMP 0
2C47  0000        JMP 0
2C48  0000        JMP 0
2C49  0000        JMP 0
2C4A  0000        JMP 0
2C4B  0000        JMP 0
2C4C  0000        JMP 0
2C4D  0000        JMP 0
2C4E  0000        JMP 0
2C4F  0000        JMP 0
2C50  0000        JMP 0
2C51  0000        JMP 0
2C52  0000        JMP 0
2C53  0000        JMP 0
2C54  0000        JMP 0
2C55  0000        JMP 0
2C56  0000        JMP 0
2C57  0000        JMP 0
2C58  0000        JMP 0
2C59  0000        JMP 0
2C5A  0000        JMP 0
2C5B  0000        JMP 0
2C5C  0000        JMP 0
2C5D  0000        JMP 0
2C5E  0000        JMP 0
2C5F  0000        JMP 0
2C60  0000        JMP 0
2C61  0000        JMP 0
2C62  0000        JMP 0
2C63  0000        JMP 0
2C64  0000        JMP 0
2C65  0000        JMP 0
2C66  0000        JMP 0
2C67  0000        JMP 0
2C68  0000        JMP 0
2C69  0000        JMP 0
2C6A  0000        JMP 0
2C6B  0000        JMP 0
2C6C  0000        JMP 0
2C6D  0000        JMP 0
2C6E  0000        JMP 0
2C6F  0000        JMP 0
2C70  0000        JMP 0
2C71  0000        JMP 0
2C72  0000        JMP 0
2C73  0000        JMP 0
2C74  0000        JMP 0
2C75  0000        JMP 0
2C76  0000        JMP 0
2C77  0000        JMP 0
2C78  0000        JMP 0
2C79  0000        JMP 0
2C7A  0000        JMP 0
2C7B  0000        JMP 0
2C7C  0000        JMP 0
2C7D  0000        JMP 0
2C7E  0000        JMP 0
2C7F  0000        JMP 0
2C80  0000        JMP 0
2C81  0000        JMP 0
2C82  0000        JMP 0
2C83  0000        JMP 0
2C84  0000        JMP 0
2C85  0000        JMP 0
2C86  0000        JMP 0
2C87  0000        JMP 0
2C88  0000        JMP 0
2C89  0000        JMP 0
2C8A  0000        JMP 0
2C8B  0000        JMP 0
2C8C  0000        JMP 0
2C8D  0000        JMP 0
2C8E  0000        JMP 0
2C8F  0000        JMP 0
2C90  0000        JMP 0
2C91  0000        JMP 0
2C92  0000        JMP 0
2C93  0000        JMP 0
2C94  0000        JMP 0
2C95  0000        JMP 0
2C96  0000        JMP 0
2C97  0000        JMP 0
2C98  0000        JMP 0
2C99  0000        JMP 0
2C9A  0000        JMP 0
2C9B  0000        JMP 0
2C9C  0000        JMP 0
2C9D  0000        JMP 0
2C9E  0000        JMP 0
2C9F  0000        JMP 0
2CA0  0000        JMP 0
2CA1  0000        JMP 0
2CA2  0000        JMP 0
2CA3  0000        JMP 0
2CA4  0000        JMP 0
2CA5  0000        JMP 0
2CA6  0000        JMP 0
2CA7  0000        JMP 0
2CA8  0000        JMP 0
2CA9  0000        JMP 0
2CAA  0000        JMP 0
2CAB  0000        JMP 0
2CAC  0000        JMP 0
2CAD  0000        JMP 0
2CAE  0000        JMP 0
2CAF  0000        JMP 0
2CB0  0000        JMP 0
2CB1  0000        JMP 0
2CB2  0000        JMP 0
2CB3  0000        JMP 0
2CB4  0000        JMP 0
2CB5  0000        JMP 0
2CB6  0000        JMP 0
2CB7  0000        JMP 0
2CB8  0000        JMP 0
2CB9  0000        JMP 0
2CBA  0000        JMP 0
2CBB  0000        JMP 0
2CBC  0000        JMP 0
2CBD  0000        JMP 0
2CBE  0000        JMP 0
2CBF  0000        JMP 0
2CC0  0000        JMP 0
2CC1  0000        JMP 0
2CC2  0000        JMP 0
2CC3  0000        JMP 0
2CC4  0000        JMP 0
2CC5  0000        JMP 0
2CC6  0000        JMP 0
2CC7  0000        JMP 0
2CC8  0000        JMP 0
2CC9  0000        JMP 0
2CCA  0000        JMP 0
2CCB  0000        JMP 0
2CCC  0000        JMP 0
2CCD  0000        JMP 0
2CCE  0000        JMP 0
2CCF  0000        JMP 0
2CD0  0000        JMP 0
2CD1  0000        JMP 0
2CD2  0000        JMP 0
2CD3  0000        JMP 0
2CD4  0000        JMP 0
2CD5  0000        JMP 0
2CD6  0000        JMP 0
2CD7  0000        JMP 0
2CD8  0000        JMP 0
2CD9  0000        JMP 0
2CDA  0000        JMP 0
2CDB  0000        JMP 0
2CDC  0000        JMP 0
2CDD  0000        JMP 0
2CDE  0000        JMP 0
2CDF  0000        JMP 0
2CE0  0000        JMP 0
2CE1  0000        JMP 0
2CE2  0000        JMP 0
2CE3  0000        JMP 0
2CE4  0000        JMP 0
2CE5  0000        JMP 0
2CE6  0000        JMP 0
2CE7  0000        JMP 0
2CE8  0000        JMP 0
2CE9  0000        JMP 0
2CEA  0000        JMP 0
2CEB  0000        JMP 0
2CEC  0000        JMP 0
2CED  0000        JMP 0
2CEE  0000        JMP 0
2CEF  0000        JMP 0
2CF0  0000        JMP 0
2CF1  0000        JMP 0
2CF2  0000        JMP 0
2CF3  0000        JMP 0
2CF4  0000        JMP 0
2CF5  0000        JMP 0
2CF6  0000        JMP 0
2CF7  0000        JMP 0
2CF8  0000        JMP 0
2CF9  0000        JMP 0
2CFA  0000        JMP 0
2CFB  0000        JMP 0
2CFC  0000        JMP 0
2CFD  0000        JMP 0
2CFE  0000        JMP 0
2CFF  0000        JMP 0
2D00  0000        JMP 0
2D01  0000        JMP 0
2D02  0000        JMP 0
2D03  0000        JMP 0
2D04  0000        JMP 0
2D05  0000        JMP 0
2D06  0000        JMP 0
2D07  0000        JMP 0
2D08  0000        JMP 0
2D09  0000        JMP 0
2D0A  0000        JMP 0
2D0B  0000        JMP 0
2D0C  0000        JMP 0
2D0D  0000        JMP 0
2D0E  0000        JMP 0
2D0F  0000        JMP 0
2D10  0000        JMP 0
2D11  0000        JMP 0
2D12  0000        JMP 0
2D13  0000        JMP 0
2D14  0000        JMP 0
2D15  0000        JMP 0
2D16  0000        JMP 0
2D17  0000        JMP 0
2D18  0000        JMP 0
2D19  0000        JMP 0
2D1A  0000        JMP 0
2D1B  0000        JMP 0
2D1C  0000        JMP 0
2D1D  0000        JMP 0
2D1E  0000        JMP 0
2D1F  0000        JMP 0
2D20  0000        JMP 0
2D21  0000        JMP 0
2D22  0000        JMP 0
2D23  0000        JMP 0
2D24  0000        JMP 0
2D25  0000        JMP 0
2D26  0000        JMP 0
2D27  0000        JMP 0
2D28  0000        JMP 0
2D29  0000        JMP 0
2D2A  0000        JMP 0
2D2B  0000        JMP 0
2D2C  0000        JMP 0
2D2D  0000        JMP 0
2D2E  0000        JMP 0
2D2F  0000        JMP 0
2D30  0000        JMP 0
2D31  0000        JMP 0
2D32  0000        JMP 0
2D33  0000        JMP 0
2D34  0000        JMP 0
2D35  0000        JMP 0
2D36  0000        JMP 0
2D37  0000        JMP 0
2D38  0000        JMP 0
2D39  0000        JMP 0
2D3A  0000        JMP 0
2D3B  0000        JMP 0
2D3C  0000        JMP 0
2D3D  0000        JMP 0
2D3E  0000        JMP 0
2D3F  0000        JMP 0
2D40  0000        JMP 0
2D41  0000        JMP 0
2D42  0000        JMP 0
2D43  0000        JMP 0
2D44  0000        JMP 0
2D45  0000        JMP 0
2D46  0000        JMP 0
2D47  0000        JMP 0
2D48  0000        JMP 0
2D49  0000        JMP 0
2D4A  0000        JMP 0
2D4B  0000        JMP 0
2D4C  0000        JMP 0
2D4D  0000        JMP 0
2D4E  0000        JMP 0
2D4F  0000        JMP 0
2D50  0000        JMP 0
2D51  0000        JMP 0
2D52  0000        JMP 0
2D53  0000        JMP 0
2D54  0000        JMP 0
2D55  0000        JMP 0
2D56  0000        JMP 0
2D57  0000        JMP 0
2D58  0000        JMP 0
2D59  0000        JMP 0
2D5A  0000        JMP 0
2D5B  0000        JMP 0
2D5C  0000        JMP 0
2D5D  0000        JMP 0
2D5E  0000        JMP 0
2D5F  0000        JMP 0
2D60  0000        JMP 0
2D61  0000        JMP 0
2D62  0000        JMP 0
2D63  0000        JMP 0
2D64  0000        JMP 0
2D65  0000        JMP 0
2D66  0000        JMP 0
2D67  0000        JMP 0
2D68  0000        JMP 0
2D69  0000        JMP 0
2D6A  0000        JMP 0
2D6B  0000        JMP 0
2D6C  0000        JMP 0
2D6D  0000        JMP 0
2D6E  0000        JMP 0
2D6F  0000        JMP 0
2D70  0000        JMP 0
2D71  0000        JMP 0
2D72  0000        JMP 0
2D73  0000        JMP 0
2D74  0000        JMP 0
2D75  0000        JMP 0
2D76  0000        JMP 0
2D77  0000        JMP 0
2D78  0000        JMP 0
2D79  0000        JMP 0
2D7A  0000        JMP 0
2D7B  0000        JMP 0
2D7C  0000        JMP 0
2D7D  0000        JMP 0
2D7E  0000        JMP 0
2D7F  0000        JMP 0
2D80  0000        JMP 0
2D81  0000        JMP 0
2D82  0000        JMP 0
2D83  0000        JMP 0
2D84  0000        JMP 0
2D85  0000        JMP 0
2D86  0000        JMP 0
2D87  0000        JMP 0
2D88  0000        JMP 0
2D89  0000        JMP 0
2D8A  0000        JMP 0
2D8B  0000        JMP 0
2D8C  0000        JMP 0
2D8D  0000        JMP 0
2D8E  0000        JMP 0
2D8F  0000        JMP 0
2D90  0000        JMP 0
2D91  0000        JMP 0
2D92  0000        JMP 0
2D93  0000        JMP 0
2D94  0000        JMP 0
2D95  0000        JMP 0
2D96  0000        JMP 0
2D97  0000        JMP 0
2D98  0000        JMP 0
2D99  0000        JMP 0
2D9A  0000        JMP 0
2D9B  0000        JMP 0
2D9C  0000        JMP 0
2D9D  0000        JMP 0
2D9E  0000        JMP 0
2D9F  0000        JMP 0
2DA0  0000        JMP 0
2DA1  0000        JMP 0
2DA2  0000        JMP 0
2DA3  0000        JMP 0
2DA4  0000        JMP 0
2DA5  0000        JMP 0
2DA6  0000        JMP 0
2DA7  0000        JMP 0
2DA8  0000        JMP 0
2DA9  0000        JMP 0
2DAA  0000        JMP 0
2DAB  0000        JMP 0
2DAC  0000        JMP 0
2DAD  0000        JMP 0
2DAE  0000        JMP 0
2DAF  0000        JMP 0
2DB0  0000        JMP 0
2DB1  0000        JMP 0
2DB2  0000        JMP 0
2DB3  0000        JMP 0
2DB4  0000        JMP 0
2DB5  0000        JMP 0
2DB6  0000        JMP 0
2DB7  0000        JMP 0
2DB8  0000        JMP 0
2DB9  0000        JMP 0
2DBA  0000        JMP 0
2DBB  0000        JMP 0
2DBC  0000        JMP 0
2DBD  0000        JMP 0
2DBE  0000        JMP 0
2DBF  0000        JMP 0
2DC0  0000        JMP 0
2DC1  0000        JMP 0
2DC2  0000        JMP 0
2DC3  0000        JMP 0
2DC4  0000        JMP 0
2DC5  0000        JMP 0
2DC6  0000        JMP 0
2DC7  0000        JMP 0
2DC8  0000        JMP 0
2DC9  0000        JMP 0
2DCA  0000        JMP 0
2DCB  0000        JMP 0
2DCC  0000        JMP 0
2DCD  0000        JMP 0
2DCE  0000        JMP 0
2DCF  0000        JMP 0
2DD0  0000        JMP 0
2DD1  0000        JMP 0
2DD2  0000        JMP 0
2DD3  0000        JMP 0
2DD4  0000        JMP 0
2DD5  0000        JMP 0
2DD6  0000        JMP 0
2DD7  0000        JMP 0
2DD8  0000        JMP 0
2DD9  0000        JMP 0
2DDA  0000        JMP 0
2DDB  0000        JMP 0
2DDC  0000        JMP 0
2DDD  0000        JMP 0
2DDE  0000        JMP 0
2DDF  0000        JMP 0
2DE0  0000        JMP 0
2DE1  0000        JMP 0
2DE2  0000        JMP 0
2DE3  0000        JMP 0
2DE4  0000        JMP 0
2DE5  0000        JMP 0
2DE6  0000        JMP 0
2DE7  0000        JMP 0
2DE8  0000        JMP 0
2DE9  0000        JMP 0
2DEA  0000        JMP 0
2DEB  0000        JMP 0
2DEC  0000        JMP 0
2DED  0000        JMP 0
2DEE  0000        JMP 0
2DEF  0000        JMP 0
2DF0  0000        JMP 0
2DF1  0000        JMP 0
2DF2  0000        JMP 0
2DF3  0000        JMP 0
2DF4  0000        JMP 0
2DF5  0000        JMP 0
2DF6  0000        JMP 0
2DF7  0000        JMP 0
2DF8  0000        JMP 0
2DF9  0000        JMP 0
2DFA  0000        JMP 0
2DFB  0000        JMP 0
2DFC  0000        JMP 0
2DFD  0000        JMP 0
2DFE  0000        JMP 0
2DFF  0000        JMP 0
2E00  0000        JMP 0
2E01  0000        JMP 0
2E02  0000        JMP 0
2E03  0000        JMP 0
2E04  0000        JMP 0
2E05  0000        JMP 0
2E06  0000        JMP 0
2E07  0000        JMP 0
2E08  0000        JMP 0
2E09  0000        JMP 0
2E0A  0000        JMP 0
2E0B  0000        JMP 0
2E0C  0000        JMP 0
2E0D  0000        JMP 0
2E0E  0000        JMP 0
2E0F  0000        JMP 0
2E10  0000        JMP 0
2E11  0000        JMP 0
2E12  0000        JMP 0
2E13  0000        JMP 0
2E14  0000        JMP 0
2E15  0000        JMP 0
2E16  0000        JMP 0
2E17  0000        JMP 0
2E18  0000        JMP 0
2E19  0000        JMP 0
2E1A  0000        JMP 0
2E1B  0000        JMP 0
2E1C  0000        JMP 0
2E1D  0000        JMP 0
2E1E  0000        JMP 0
2E1F  0000        JMP 0
2E20  0000        JMP 0
2E21  0000        JMP 0
2E22  0000        JMP 0
2E23  0000        JMP 0
2E24  0000        JMP 0
2E25  0000        JMP 0
2E26  0000        JMP 0
2E27  0000        JMP 0
2E28  0000        JMP 0
2E29  0000        JMP 0
2E2A  0000        JMP 0
2E2B  0000        JMP 0
2E2C  0000        JMP 0
2E2D  0000        JMP 0
2E2E  0000        JMP 0
2E2F  0000        JMP 0
2E30  0000        JMP 0
2E31  0000        JMP 0
2E32  0000        JMP 0
2E33  0000        JMP 0
2E34  0000        JMP 0
2E35  0000        JMP 0
2E36  0000        JMP 0
2E37  0000        JMP 0
2E38  0000        JMP 0
2E39  0000        JMP 0
2E3A  0000        JMP 0
2E3B  0000        JMP 0
2E3C  0000        JMP 0
2E3D  0000        JMP 0
2E3E  0000        JMP 0
2E3F  0000        JMP 0
2E40  0000        JMP 0
2E41  0000        JMP 0
2E42  0000        JMP 0
2E43  0000        JMP 0
2E44  0000        JMP 0
2E45  0000        JMP 0
2E46  0000        JMP 0
2E47  0000        JMP 0
2E48  0000        JMP 0
2E49  0000        JMP 0
2E4A  0000        JMP 0
2E4B  0000        JMP 0
2E4C  0000        JMP 0
2E4D  0000        JMP 0
2E4E  0000        JMP 0
2E4F  0000        JMP 0
2E50  0000        JMP 0
2E51  0000        JMP 0
2E52  0000        JMP 0
2E53  0000        JMP 0
2E54  0000        JMP 0
2E55  0000        JMP 0
2E56  0000        JMP 0
2E57  0000        JMP 0
2E58  0000        JMP 0
2E59  0000        JMP 0
2E5A  0000        JMP 0
2E5B  0000        JMP 0
2E5C  0000        JMP 0
2E5D  0000        JMP 0
2E5E  0000        JMP 0
2E5F  0000        JMP 0
2E60  0000        JMP 0
2E61  0000        JMP 0
2E62  0000        JMP 0
2E63  0000        JMP 0
2E64  0000        JMP 0
2E65  0000        JMP 0
2E66  0000        JMP 0
2E67  0000        JMP 0
2E68  0000        JMP 0
2E69  0000        JMP 0
2E6A  0000        JMP 0
2E6B  0000        JMP 0
2E6C  0000        JMP 0
2E6D  0000        JMP 0
2E6E  0000        JMP 0
2E6F  0000        JMP 0
2E70  0000        JMP 0
2E71  0000        JMP 0
2E72  0000        JMP 0
2E73  0000        JMP 0
2E74  0000        JMP 0
2E75  0000        JMP 0
2E76  0000        JMP 0
2E77  0000        JMP 0
2E78  0000        JMP 0
2E79  0000        JMP 0
2E7A  0000        JMP 0
2E7B  0000        JMP 0
2E7C  0000        JMP 0
2E7D  0000        JMP 0
2E7E  0000        JMP 0
2E7F  0000        JMP 0
2E80  0000        JMP 0
2E81  0000        JMP 0
2E82  0000        JMP 0
2E83  0000        JMP 0
2E84  0000        JMP 0
2E85  0000        JMP 0
2E86  0000        JMP 0
2E87  0000        JMP 0
2E88  0000        JMP 0
2E89  0000        JMP 0
2E8A  0000        JMP 0
2E8B  0000        JMP 0
2E8C  0000        JMP 0
2E8D  0000        JMP 0
2E8E  0000        JMP 0
2E8F  0000        JMP 0
2E90  0000        JMP 0
2E91  0000        JMP 0
2E92  0000        JMP 0
2E93  0000        JMP 0
2E94  0000        JMP 0
2E95  0000        JMP 0
2E96  0000        JMP 0
2E97  0000        JMP 0
2E98  0000        JMP 0
2E99  0000        JMP 0
2E9A  0000        JMP 0
2E9B  0000        JMP 0
2E9C  0000        JMP 0
2E9D  0000        JMP 0
2E9E  0000        JMP 0
2E9F  0000        JMP 0
2EA0  0000        JMP 0
2EA1  0000        JMP 0
2EA2  0000        JMP 0
2EA3  0000        JMP 0
2EA4  0000        JMP 0
2EA5  0000        JMP 0
2EA6  0000        JMP 0
2EA7  0000        JMP 0
2EA8  0000        JMP 0
2EA9  0000        JMP 0
2EAA  0000        JMP 0
2EAB  0000        JMP 0
2EAC  0000        JMP 0
2EAD  0000        JMP 0
2EAE  0000        JMP 0
2EAF  0000        JMP 0
2EB0  0000        JMP 0
2EB1  0000        JMP 0
2EB2  0000        JMP 0
2EB3  0000        JMP 0
2EB4  0000        JMP 0
2EB5  0000        JMP 0
2EB6  0000        JMP 0
2EB7  0000        JMP 0
2EB8  0000        JMP 0
2EB9  0000        JMP 0
2EBA  0000        JMP 0
2EBB  0000        JMP 0
2EBC  0000        JMP 0
2EBD  0000        JMP 0
2EBE  0000        JMP 0
2EBF  0000        JMP 0
2EC0  0000        JMP 0
2EC1  0000        JMP 0
2EC2  0000        JMP 0
2EC3  0000        JMP 0
2EC4  0000        JMP 0
2EC5  0000        JMP 0
2EC6  0000        JMP 0
2EC7  0000        JMP 0
2EC8  0000        JMP 0
2EC9  0000        JMP 0
2ECA  0000        JMP 0
2ECB  0000        JMP 0
2ECC  0000        JMP 0
2ECD  0000        JMP 0
2ECE  0000        JMP 0
2ECF  0000        JMP 0
2ED0  0000        JMP 0
2ED1  0000        JMP 0
2ED2  0000        JMP 0
2ED3  0000        JMP 0
2ED4  0000        JMP 0
2ED5  0000        JMP 0
2ED6  0000        JMP 0
2ED7  0000        JMP 0
2ED8  0000        JMP 0
2ED9  0000        JMP 0
2EDA  0000        JMP 0
2EDB  0000        JMP 0
2EDC  0000        JMP 0
2EDD  0000        JMP 0
2EDE  0000        JMP 0
2EDF  0000        JMP 0
2EE0  0000        JMP 0
2EE1  0000        JMP 0
2EE2  0000        JMP 0
2EE3  0000        JMP 0
2EE4  0000        JMP 0
2EE5  0000        JMP 0
2EE6  0000        JMP 0
2EE7  0000        JMP 0
2EE8  0000        JMP 0
2EE9  0000        JMP 0
2EEA  0000        JMP 0
2EEB  0000        JMP 0
2EEC  0000        JMP 0
2EED  0000        JMP 0
2EEE  0000        JMP 0
2EEF  0000        JMP 0
2EF0  0000        JMP 0
2EF1  0000        JMP 0
2EF2  0000        JMP 0
2EF3  0000        JMP 0
2EF4  0000        JMP 0
2EF5  0000        JMP 0
2EF6  0000        JMP 0
2EF7  0000        JMP 0
2EF8  0000        JMP 0
2EF9  0000        JMP 0
2EFA  0000        JMP 0
2EFB  0000        JMP 0
2EFC  0000        JMP 0
2EFD  0000        JMP 0
2EFE  0000        JMP 0
2EFF  0000        JMP 0
2F00  0000        JMP 0
2F01  0000        JMP 0
2F02  0000        JMP 0
2F03  0000        JMP 0
2F04  0000        JMP 0
2F05  0000        JMP 0
2F06  0000        JMP 0
2F07  0000        JMP 0
2F08  0000        JMP 0
2F09  0000        JMP 0
2F0A  0000        JMP 0
2F0B  0000        JMP 0
2F0C  0000        JMP 0
2F0D  0000        JMP 0
2F0E  0000        JMP 0
2F0F  0000        JMP 0
2F10  0000        JMP 0
2F11  0000        JMP 0
2F12  0000        JMP 0
2F13  0000        JMP 0
2F14  0000        JMP 0
2F15  0000        JMP 0
2F16  0000        JMP 0
2F17  0000        JMP 0
2F18  0000        JMP 0
2F19  0000        JMP 0
2F1A  0000        JMP 0
2F1B  0000        JMP 0
2F1C  0000        JMP 0
2F1D  0000        JMP 0
2F1E  0000        JMP 0
2F1F  0000        JMP 0
2F20  0000        JMP 0
2F21  0000        JMP 0
2F22  0000        JMP 0
2F23  0000        JMP 0
2F24  0000        JMP 0
2F25  0000        JMP 0
2F26  0000        JMP 0
2F27  0000        JMP 0
2F28  0000        JMP 0
2F29  0000        JMP 0
2F2A  0000        JMP 0
2F2B  0000        JMP 0
2F2C  0000        JMP 0
2F2D  0000        JMP 0
2F2E  0000        JMP 0
2F2F  0000        JMP 0
2F30  0000        JMP 0
2F31  0000        JMP 0
2F32  0000        JMP 0
2F33  0000        JMP 0
2F34  0000        JMP 0
2F35  0000        JMP 0
2F36  0000        JMP 0
2F37  0000        JMP 0
2F38  0000        JMP 0
2F39  0000        JMP 0
2F3A  0000        JMP 0
2F3B  0000        JMP 0
2F3C  0000        JMP 0
2F3D  0000        JMP 0
2F3E  0000        JMP 0
2F3F  0000        JMP 0
2F40  0000        JMP 0
2F41  0000        JMP 0
2F42  0000        JMP 0
2F43  0000        JMP 0
2F44  0000        JMP 0
2F45  0000        JMP 0
2F46  0000        JMP 0
2F47  0000        JMP 0
2F48  0000        JMP 0
2F49  0000        JMP 0
2F4A  0000        JMP 0
2F4B  0000        JMP 0
2F4C  0000        JMP 0
2F4D  0000        JMP 0
2F4E  0000        JMP 0
2F4F  0000        JMP 0
2F50  0000        JMP 0
2F51  0000        JMP 0
2F52  0000        JMP 0
2F53  0000        JMP 0
2F54  0000        JMP 0
2F55  0000        JMP 0
2F56  0000        JMP 0
2F57  0000        JMP 0
2F58  0000        JMP 0
2F59  0000        JMP 0
2F5A  0000        JMP 0
2F5B  0000        JMP 0
2F5C  0000        JMP 0
2F5D  0000        JMP 0
2F5E  0000        JMP 0
2F5F  0000        JMP 0
2F60  0000        JMP 0
2F61  0000        JMP 0
2F62  0000        JMP 0
2F63  0000        JMP 0
2F64  0000        JMP 0
2F65  0000        JMP 0
2F66  0000        JMP 0
2F67  0000        JMP 0
2F68  0000        JMP 0
2F69  0000        JMP 0
2F6A  0000        JMP 0
2F6B  0000        JMP 0
2F6C  0000        JMP 0
2F6D  0000        JMP 0
2F6E  0000        JMP 0
2F6F  0000        JMP 0
2F70  0000        JMP 0
2F71  0000        JMP 0
2F72  0000        JMP 0
2F73  0000        JMP 0
2F74  0000        JMP 0
2F75  0000        JMP 0
2F76  0000        JMP 0
2F77  0000        JMP 0
2F78  0000        JMP 0
2F79  0000        JMP 0
2F7A  0000        JMP 0
2F7B  0000        JMP 0
2F7C  0000        JMP 0
2F7D  0000        JMP 0
2F7E  0000        JMP 0
2F7F  0000        JMP 0
2F80  0000        JMP 0
2F81  0000        JMP 0
2F82  0000        JMP 0
2F83  0000        JMP 0
2F84  0000        JMP 0
2F85  0000        JMP 0
2F86  0000        JMP 0
2F87  0000        JMP 0
2F88  0000        JMP 0
2F89  0000        JMP 0
2F8A  0000        JMP 0
2F8B  0000        JMP 0
2F8C  0000        JMP 0
2F8D  0000        JMP 0
2F8E  0000        JMP 0
2F8F  0000        JMP 0
2F90  0000        JMP 0
2F91  0000        JMP 0
2F92  0000        JMP 0
2F93  0000        JMP 0
2F94  0000        JMP 0
2F95  0000        JMP 0
2F96  0000        JMP 0
2F97  0000        JMP 0
2F98  0000        JMP 0
2F99  0000        JMP 0
2F9A  0000        JMP 0
2F9B  0000        JMP 0
2F9C  0000        JMP 0
2F9D  0000        JMP 0
2F9E  0000        JMP 0
2F9F  0000        JMP 0
2FA0  0000        JMP 0
2FA1  0000        JMP 0
2FA2  0000        JMP 0
2FA3  0000        JMP 0
2FA4  0000        JMP 0
2FA5  0000        JMP 0
2FA6  0000        JMP 0
2FA7  0000        JMP 0
2FA8  0000        JMP 0
2FA9  0000        JMP 0
2FAA  0000        JMP 0
2FAB  0000        JMP 0
2FAC  0000        JMP 0
2FAD  0000        JMP 0
2FAE  0000        JMP 0
2FAF  0000        JMP 0
2FB0  0000        JMP 0
2FB1  0000        JMP 0
2FB2  0000        JMP 0
2FB3  0000        JMP 0
2FB4  0000        JMP 0
2FB5  0000        JMP 0
2FB6  0000        JMP 0
2FB7  0000        JMP 0
2FB8  0000        JMP 0
2FB9  0000        JMP 0
2FBA  0000        JMP 0
2FBB  0000        JMP 0
2FBC  0000        JMP 0
2FBD  0000        JMP 0
2FBE  0000        JMP 0
2FBF  0000        JMP 0
2FC0  0000        JMP 0
2FC1  0000        JMP 0
2FC2  0000        JMP 0
2FC3  0000        JMP 0
2FC4  0000        JMP 0
2FC5  0000        JMP 0
2FC6  0000        JMP 0
2FC7  0000        JMP 0
2FC8  0000        JMP 0
2FC9  0000        JMP 0
2FCA  0000        JMP 0
2FCB  0000        JMP 0
2FCC  0000        JMP 0
2FCD  0000        JMP 0
2FCE  0000        JMP 0
2FCF  0000        JMP 0
2FD0  0000        JMP 0
2FD1  0000        JMP 0
2FD2  0000        JMP 0
2FD3  0000        JMP 0
2FD4  0000        JMP 0
2FD5  0000        JMP 0
2FD6  0000        JMP 0
2FD7  0000        JMP 0
2FD8  0000        JMP 0
2FD9  0000        JMP 0
2FDA  0000        JMP 0
2FDB  0000        JMP 0
2FDC  0000        JMP 0
2FDD  0000        JMP 0
2FDE  0000        JMP 0
2FDF  0000        JMP 0
2FE0  0000        JMP 0
2FE1  0000        JMP 0
2FE2  0000        JMP 0
2FE3  0000        JMP 0
2FE4  0000        JMP 0
2FE5  0000        JMP 0
2FE6  0000        JMP 0
2FE7  0000        JMP 0
2FE8  0000        JMP 0
2FE9  0000        JMP 0
2FEA  0000        JMP 0
2FEB  0000        JMP 0
2FEC  0000        JMP 0
2FED  0000        JMP 0
2FEE  0000        JMP 0
2FEF  0000        JMP 0
2FF0  0000        JMP 0
2FF1  0000        JMP 0
2FF2  0000        JMP 0
2FF3  0000        JMP 0
2FF4  0000        JMP 0
2FF5  0000        JMP 0
2FF6  0000        JMP 0
2FF7  0000        JMP 0
2FF8  0000        JMP 0
2FF9  0000        JMP 0
2FFA  0000        JMP 0
2FFB  0000        JMP 0
2FFC  0000        JMP 0
2FFD  0000        JMP 0
2FFE  0000        JMP 0
2FFF  0000        JMP 0
3000  0000        JMP 0
3001  0000        JMP 0
3002  0000        JMP 0
3003  0000        JMP 0
3004  0000        JMP 0
3005  0000        JMP 0
3006  0000        JMP 0
3007  0000        JMP 0
3008  0000        JMP 0
3009  0000        JMP 0
300A  0000        JMP 0
300B  0000        JMP 0
300C  0000        JMP 0
300D  0000        JMP 0
300E  0000        JMP 0
300F  0000        JMP 0
3010  0000        JMP 0
3011  0000        JMP 0
3012  0000        JMP 0
3013  0000        JMP 0
3014  0000        JMP 0
3015  0000        JMP 0
3016  0000        JMP 0
3017  0000        JMP 0
3018  0000        JMP 0
3019  0000        JMP 0
301A  0000        JMP 0
301B  0000        JMP 0
301C  0000        JMP 0
301D  0000        JMP 0
301E  0000        JMP 0
301F  0000        JMP 0
3020  0000        JMP 0
3021  0000        JMP 0
3022  0000        JMP 0
3023  0000        JMP 0
3024  0000        JMP 0
3025  0000        JMP 0
3026  0000        JMP 0
3027  0000        JMP 0
3028  0000        JMP 0
3029  0000        JMP 0
302A  0000        JMP 0
302B  0000        JMP 0
302C  0000        JMP 0
302D  0000        JMP 0
302E  0000        JMP 0
302F  0000        JMP 0
3030  0000        JMP 0
3031  0000        JMP 0
3032  0000        JMP 0
3033  0000        JMP 0
3034  0000        JMP 0
3035  0000        JMP 0
3036  0000        JMP 0
3037  0000        JMP 0
3038  0000        JMP 0
3039  0000        JMP 0
303A  0000        JMP 0
303B  0000        JMP 0
303C  0000        JMP 0
303D  0000        JMP 0
303E  0000        JMP 0
303F  0000        JMP 0
3040  0000        JMP 0
3041  0000        JMP 0
3042  0000        JMP 0
3043  0000        JMP 0
3044  0000        JMP 0
3045  0000        JMP 0
3046  0000        JMP 0
3047  0000        JMP 0
3048  0000        JMP 0
3049  0000        JMP 0
304A  0000        JMP 0
304B  0000        JMP 0
304C  0000        JMP 0
304D  0000        JMP 0
304E  0000        JMP 0
304F  0000        JMP 0
3050  0000        JMP 0
3051  0000        JMP 0
3052  0000        JMP 0
3053  0000        JMP 0
3054  0000        JMP 0
3055  0000        JMP 0
3056  0000        JMP 0
3057  0000        JMP 0
3058  0000        JMP 0
3059  0000        JMP 0
305A  0000        JMP 0
305B  0000        JMP 0
305C  0000        JMP 0
305D  0000        JMP 0
305E  0000        JMP 0
305F  0000        JMP 0
3060  0000        JMP 0
3061  0000        JMP 0
3062  0000        JMP 0
3063  0000        JMP 0
3064  0000        JMP 0
3065  0000        JMP 0
3066  0000        JMP 0
3067  0000        JMP 0
3068  0000        JMP 0
3069  0000        JMP 0
306A  0000        JMP 0
306B  0000        JMP 0
306C  0000        JMP 0
306D  0000        JMP 0
306E  0000        JMP 0
306F  0000        JMP 0
3070  0000        JMP 0
3071  0000        JMP 0
3072  0000        JMP 0
3073  0000        JMP 0
3074  0000        JMP 0
3075  0000        JMP 0
3076  0000        JMP 0
3077  0000        JMP 0
3078  0000        JMP 0
3079  0000        JMP 0
307A  0000        JMP 0
307B  0000        JMP 0
307C  0000        JMP 0
307D  0000        JMP 0
307E  0000        JMP 0
307F  0000        JMP 0
3080  0000        JMP 0
3081  0000        JMP 0
3082  0000        JMP 0
3083  0000        JMP 0
3084  0000        JMP 0
3085  0000        JMP 0
3086  0000        JMP 0
3087  0000        JMP 0
3088  0000        JMP 0
3089  0000        JMP 0
308A  0000        JMP 0
308B  0000        JMP 0
308C  0000        JMP 0
308D  0000        JMP 0
308E  0000        JMP 0
308F  0000        JMP 0
3090  0000        JMP 0
3091  0000        JMP 0
3092  0000        JMP 0
3093  0000        JMP 0
3094  0000        JMP 0
3095  0000        JMP 0
3096  0000        JMP 0
3097  0000        JMP 0
3098  0000        JMP 0
3099  0000        JMP 0
309A  0000        JMP 0
309B  0000        JMP 0
309C  0000        JMP 0
309D  0000        JMP 0
309E  0000        JMP 0
309F  0000        JMP 0
30A0  0000        JMP 0
30A1  0000        JMP 0
30A2  0000        JMP 0
30A3  0000        JMP 0
30A4  0000        JMP 0
30A5  0000        JMP 0
30A6  0000        JMP 0
30A7  0000        JMP 0
30A8  0000        JMP 0
30A9  0000        JMP 0
30AA  0000        JMP 0
30AB  0000        JMP 0
30AC  0000        JMP 0
30AD  0000        JMP 0
30AE  0000        JMP 0
30AF  0000        JMP 0
30B0  0000        JMP 0
30B1  0000        JMP 0
30B2  0000        JMP 0
30B3  0000        JMP 0
30B4  0000        JMP 0
30B5  0000        JMP 0
30B6  0000        JMP 0
30B7  0000        JMP 0
30B8  0000        JMP 0
30B9  0000        JMP 0
30BA  0000        JMP 0
30BB  0000        JMP 0
30BC  0000        JMP 0
30BD  0000        JMP 0
30BE  0000        JMP 0
30BF  0000        JMP 0
30C0  0000        JMP 0
30C1  0000        JMP 0
30C2  0000        JMP 0
30C3  0000        JMP 0
30C4  0000        JMP 0
30C5  0000        JMP 0
30C6  0000        JMP 0
30C7  0000        JMP 0
30C8  0000        JMP 0
30C9  0000        JMP 0
30CA  0000        JMP 0
30CB  0000        JMP 0
30CC  0000        JMP 0
30CD  0000        JMP 0
30CE  0000        JMP 0
30CF  0000        JMP 0
30D0  0000        JMP 0
30D1  0000        JMP 0
30D2  0000        JMP 0
30D3  0000        JMP 0
30D4  0000        JMP 0
30D5  0000        JMP 0
30D6  0000        JMP 0
30D7  0000        JMP 0
30D8  0000        JMP 0
30D9  0000        JMP 0
30DA  0000        JMP 0
30DB  0000        JMP 0
30DC  0000        JMP 0
30DD  0000        JMP 0
30DE  0000        JMP 0
30DF  0000        JMP 0
30E0  0000        JMP 0
30E1  0000        JMP 0
30E2  0000        JMP 0
30E3  0000        JMP 0
30E4  0000        JMP 0
30E5  0000        JMP 0
30E6  0000        JMP 0
30E7  0000        JMP 0
30E8  0000        JMP 0
30E9  0000        JMP 0
30EA  0000        JMP 0
30EB  0000        JMP 0
30EC  0000        JMP 0
30ED  0000        JMP 0
30EE  0000        JMP 0
30EF  0000        JMP 0
30F0  0000        JMP 0
30F1  0000        JMP 0
30F2  0000        JMP 0
30F3  0000        JMP 0
30F4  0000        JMP 0
30F5  0000        JMP 0
30F6  0000        JMP 0
30F7  0000        JMP 0
30F8  0000        JMP 0
30F9  0000        JMP 0
30FA  0000        JMP 0
30FB  0000        JMP 0
30FC  0000        JMP 0
30FD  0000        JMP 0
30FE  0000        JMP 0
30FF  0000        JMP 0
3100  0000        JMP 0
3101  0000        JMP 0
3102  0000        JMP 0
3103  0000        JMP 0
3104  0000        JMP 0
3105  0000        JMP 0
3106  0000        JMP 0
3107  0000        JMP 0
3108  0000        JMP 0
3109  0000        JMP 0
310A  0000        JMP 0
310B  0000        JMP 0
310C  0000        JMP 0
310D  0000        JMP 0
310E  0000        JMP 0
310F  0000        JMP 0
3110  0000        JMP 0
3111  0000        JMP 0
3112  0000        JMP 0
3113  0000        JMP 0
3114  0000        JMP 0
3115  0000        JMP 0
3116  0000        JMP 0
3117  0000        JMP 0
3118  0000        JMP 0
3119  0000        JMP 0
311A  0000        JMP 0
311B  0000        JMP 0
311C  0000        JMP 0
311D  0000        JMP 0
311E  0000        JMP 0
311F  0000        JMP 0
3120  0000        JMP 0
3121  0000        JMP 0
3122  0000        JMP 0
3123  0000        JMP 0
3124  0000        JMP 0
3125  0000        JMP 0
3126  0000        JMP 0
3127  0000        JMP 0
3128  0000        JMP 0
3129  0000        JMP 0
312A  0000        JMP 0
312B  0000        JMP 0
312C  0000        JMP 0
312D  0000        JMP 0
312E  0000        JMP 0
312F  0000        JMP 0
3130  0000        JMP 0
3131  0000        JMP 0
3132  0000        JMP 0
3133  0000        JMP 0
3134  0000        JMP 0
3135  0000        JMP 0
3136  0000        JMP 0
3137  0000        JMP 0
3138  0000        JMP 0
3139  0000        JMP 0
313A  0000        JMP 0
313B  0000        JMP 0
313C  0000        JMP 0
313D  0000        JMP 0
313E  0000        JMP 0
313F  0000        JMP 0
3140  0000        JMP 0
3141  0000        JMP 0
3142  0000        JMP 0
3143  0000        JMP 0
3144  0000        JMP 0
3145  0000        JMP 0
3146  0000        JMP 0
3147  0000        JMP 0
3148  0000        JMP 0
3149  0000        JMP 0
314A  0000        JMP 0
314B  0000        JMP 0
314C  0000        JMP 0
314D  0000        JMP 0
314E  0000        JMP 0
314F  0000        JMP 0
3150  0000        JMP 0
3151  0000        JMP 0
3152  0000        JMP 0
3153  0000        JMP 0
3154  0000        JMP 0
3155  0000        JMP 0
3156  0000        JMP 0
3157  0000        JMP 0
3158  0000        JMP 0
3159  0000        JMP 0
315A  0000        JMP 0
315B  0000        JMP 0
315C  0000        JMP 0
315D  0000        JMP 0
315E  0000        JMP 0
315F  0000        JMP 0
3160  0000        JMP 0
3161  0000        JMP 0
3162  0000        JMP 0
3163  0000        JMP 0
3164  0000        JMP 0
3165  0000        JMP 0
3166  0000        JMP 0
3167  0000        JMP 0
3168  0000        JMP 0
3169  0000        JMP 0
316A  0000        JMP 0
316B  0000        JMP 0
316C  0000        JMP 0
316D  0000        JMP 0
316E  0000        JMP 0
316F  0000        JMP 0
3170  0000        JMP 0
3171  0000        JMP 0
3172  0000        JMP 0
3173  0000        JMP 0
3174  0000        JMP 0
3175  0000        JMP 0
3176  0000        JMP 0
3177  0000        JMP 0
3178  0000        JMP 0
3179  0000        JMP 0
317A  0000        JMP 0
317B  0000        JMP 0
317C  0000        JMP 0
317D  0000        JMP 0
317E  0000        JMP 0
317F  0000        JMP 0
3180  0000        JMP 0
3181  0000        JMP 0
3182  0000        JMP 0
3183  0000        JMP 0
3184  0000        JMP 0
3185  0000        JMP 0
3186  0000        JMP 0
3187  0000        JMP 0
3188  0000        JMP 0
3189  0000        JMP 0
318A  0000        JMP 0
318B  0000        JMP 0
318C  0000        JMP 0
318D  0000        JMP 0
318E  0000        JMP 0
318F  0000        JMP 0
3190  0000        JMP 0
3191  0000        JMP 0
3192  0000        JMP 0
3193  0000        JMP 0
3194  0000        JMP 0
3195  0000        JMP 0
3196  0000        JMP 0
3197  0000        JMP 0
3198  0000        JMP 0
3199  0000        JMP 0
319A  0000        JMP 0
319B  0000        JMP 0
319C  0000        JMP 0
319D  0000        JMP 0
319E  0000        JMP 0
319F  0000        JMP 0
31A0  0000        JMP 0
31A1  0000        JMP 0
31A2  0000        JMP 0
31A3  0000        JMP 0
31A4  0000        JMP 0
31A5  0000        JMP 0
31A6  0000        JMP 0
31A7  0000        JMP 0
31A8  0000        JMP 0
31A9  0000        JMP 0
31AA  0000        JMP 0
31AB  0000        JMP 0
31AC  0000        JMP 0
31AD  0000        JMP 0
31AE  0000        JMP 0
31AF  0000        JMP 0
31B0  0000        JMP 0
31B1  0000        JMP 0
31B2  0000        JMP 0
31B3  0000        JMP 0
31B4  0000        JMP 0
31B5  0000        JMP 0
31B6  0000        JMP 0
31B7  0000        JMP 0
31B8  0000        JMP 0
31B9  0000        JMP 0
31BA  0000        JMP 0
31BB  0000        JMP 0
31BC  0000        JMP 0
31BD  0000        JMP 0
31BE  0000        JMP 0
31BF  0000        JMP 0
31C0  0000        JMP 0
31C1  0000        JMP 0
31C2  0000        JMP 0
31C3  0000        JMP 0
31C4  0000        JMP 0
31C5  0000        JMP 0
31C6  0000        JMP 0
31C7  0000        JMP 0
31C8  0000        JMP 0
31C9  0000        JMP 0
31CA  0000        JMP 0
31CB  0000        JMP 0
31CC  0000        JMP 0
31CD  0000        JMP 0
31CE  0000        JMP 0
31CF  0000        JMP 0
31D0  0000        JMP 0
31D1  0000        JMP 0
31D2  0000        JMP 0
31D3  0000        JMP 0
31D4  0000        JMP 0
31D5  0000        JMP 0
31D6  0000        JMP 0
31D7  0000        JMP 0
31D8  0000        JMP 0
31D9  0000        JMP 0
31DA  0000        JMP 0
31DB  0000        JMP 0
31DC  0000        JMP 0
31DD  0000        JMP 0
31DE  0000        JMP 0
31DF  0000        JMP 0
31E0  0000        JMP 0
31E1  0000        JMP 0
31E2  0000        JMP 0
31E3  0000        JMP 0
31E4  0000        JMP 0
31E5  0000        JMP 0
31E6  0000        JMP 0
31E7  0000        JMP 0
31E8  0000        JMP 0
31E9  0000        JMP 0
31EA  0000        JMP 0
31EB  0000        JMP 0
31EC  0000        JMP 0
31ED  0000        JMP 0
31EE  0000        JMP 0
31EF  0000        JMP 0
31F0  0000        JMP 0
31F1  0000        JMP 0
31F2  0000        JMP 0
31F3  0000        JMP 0
31F4  0000        JMP 0
31F5  0000        JMP 0
31F6  0000        JMP 0
31F7  0000        JMP 0
31F8  0000        JMP 0
31F9  0000        JMP 0
31FA  0000        JMP 0
31FB  0000        JMP 0
31FC  0000        JMP 0
31FD  0000        JMP 0
31FE  0000        JMP 0
31FF  0000        JMP 0
3200  0000        JMP 0
3201  0000        JMP 0
3202  0000        JMP 0
3203  0000        JMP 0
3204  0000        JMP 0
3205  0000        JMP 0
3206  0000        JMP 0
3207  0000        JMP 0
3208  0000        JMP 0
3209  0000        JMP 0
320A  0000        JMP 0
320B  0000        JMP 0
320C  0000        JMP 0
320D  0000        JMP 0
320E  0000        JMP 0
320F  0000        JMP 0
3210  0000        JMP 0
3211  0000        JMP 0
3212  0000        JMP 0
3213  0000        JMP 0
3214  0000        JMP 0
3215  0000        JMP 0
3216  0000        JMP 0
3217  0000        JMP 0
3218  0000        JMP 0
3219  0000        JMP 0
321A  0000        JMP 0
321B  0000        JMP 0
321C  0000        JMP 0
321D  0000        JMP 0
321E  0000        JMP 0
321F  0000        JMP 0
3220  0000        JMP 0
3221  0000        JMP 0
3222  0000        JMP 0
3223  0000        JMP 0
3224  0000        JMP 0
3225  0000        JMP 0
3226  0000        JMP 0
3227  0000        JMP 0
3228  0000        JMP 0
3229  0000        JMP 0
322A  0000        JMP 0
322B  0000        JMP 0
322C  0000        JMP 0
322D  0000        JMP 0
322E  0000        JMP 0
322F  0000        JMP 0
3230  0000        JMP 0
3231  0000        JMP 0
3232  0000        JMP 0
3233  0000        JMP 0
3234  0000        JMP 0
3235  0000        JMP 0
3236  0000        JMP 0
3237  0000        JMP 0
3238  0000        JMP 0
3239  0000        JMP 0
323A  0000        JMP 0
323B  0000        JMP 0
323C  0000        JMP 0
323D  0000        JMP 0
323E  0000        JMP 0
323F  0000        JMP 0
3240  0000        JMP 0
3241  0000        JMP 0
3242  0000        JMP 0
3243  0000        JMP 0
3244  0000        JMP 0
3245  0000        JMP 0
3246  0000        JMP 0
3247  0000        JMP 0
3248  0000        JMP 0
3249  0000        JMP 0
324A  0000        JMP 0
324B  0000        JMP 0
324C  0000        JMP 0
324D  0000        JMP 0
324E  0000        JMP 0
324F  0000        JMP 0
3250  0000        JMP 0
3251  0000        JMP 0
3252  0000        JMP 0
3253  0000        JMP 0
3254  0000        JMP 0
3255  0000        JMP 0
3256  0000        JMP 0
3257  0000        JMP 0
3258  0000        JMP 0
3259  0000        JMP 0
325A  0000        JMP 0
325B  0000        JMP 0
325C  0000        JMP 0
325D  0000        JMP 0
325E  0000        JMP 0
325F  0000        JMP 0
3260  0000        JMP 0
3261  0000        JMP 0
3262  0000        JMP 0
3263  0000        JMP 0
3264  0000        JMP 0
3265  0000        JMP 0
3266  0000        JMP 0
3267  0000        JMP 0
3268  0000        JMP 0
3269  0000        JMP 0
326A  0000        JMP 0
326B  0000        JMP 0
326C  0000        JMP 0
326D  0000        JMP 0
326E  0000        JMP 0
326F  0000        JMP 0
3270  0000        JMP 0
3271  0000        JMP 0
3272  0000        JMP 0
3273  0000        JMP 0
3274  0000        JMP 0
3275  0000        JMP 0
3276  0000        JMP 0
3277  0000        JMP 0
3278  0000        JMP 0
3279  0000        JMP 0
327A  0000        JMP 0
327B  0000        JMP 0
327C  0000        JMP 0
327D  0000        JMP 0
327E  0000        JMP 0
327F  0000        JMP 0
3280  0000        JMP 0
3281  0000        JMP 0
3282  0000        JMP 0
3283  0000        JMP 0
3284  0000        JMP 0
3285  0000        JMP 0
3286  0000        JMP 0
3287  0000        JMP 0
3288  0000        JMP 0
3289  0000        JMP 0
328A  0000        JMP 0
328B  0000        JMP 0
328C  0000        JMP 0
328D  0000        JMP 0
328E  0000        JMP 0
328F  0000        JMP 0
3290  0000        JMP 0
3291  0000        JMP 0
3292  0000        JMP 0
3293  0000        JMP 0
3294  0000        JMP 0
3295  0000        JMP 0
3296  0000        JMP 0
3297  0000        JMP 0
3298  0000        JMP 0
3299  0000        JMP 0
329A  0000        JMP 0
329B  0000        JMP 0
329C  0000        JMP 0
329D  0000        JMP 0
329E  0000        JMP 0
329F  0000        JMP 0
32A0  0000        JMP 0
32A1  0000        JMP 0
32A2  0000        JMP 0
32A3  0000        JMP 0
32A4  0000        JMP 0
32A5  0000        JMP 0
32A6  0000        JMP 0
32A7  0000        JMP 0
32A8  0000        JMP 0
32A9  0000        JMP 0
32AA  0000        JMP 0
32AB  0000        JMP 0
32AC  0000        JMP 0
32AD  0000        JMP 0
32AE  0000        JMP 0
32AF  0000        JMP 0
32B0  0000        JMP 0
32B1  0000        JMP 0
32B2  0000        JMP 0
32B3  0000        JMP 0
32B4  0000        JMP 0
32B5  0000        JMP 0
32B6  0000        JMP 0
32B7  0000        JMP 0
32B8  0000        JMP 0
32B9  0000        JMP 0
32BA  0000        JMP 0
32BB  0000        JMP 0
32BC  0000        JMP 0
32BD  0000        JMP 0
32BE  0000        JMP 0
32BF  0000        JMP 0
32C0  0000        JMP 0
32C1  0000        JMP 0
32C2  0000        JMP 0
32C3  0000        JMP 0
32C4  0000        JMP 0
32C5  0000        JMP 0
32C6  0000        JMP 0
32C7  0000        JMP 0
32C8  0000        JMP 0
32C9  0000        JMP 0
32CA  0000        JMP 0
32CB  0000        JMP 0
32CC  0000        JMP 0
32CD  0000        JMP 0
32CE  0000        JMP 0
32CF  0000        JMP 0
32D0  0000        JMP 0
32D1  0000        JMP 0
32D2  0000        JMP 0
32D3  0000        JMP 0
32D4  0000        JMP 0
32D5  0000        JMP 0
32D6  0000        JMP 0
32D7  0000        JMP 0
32D8  0000        JMP 0
32D9  0000        JMP 0
32DA  0000        JMP 0
32DB  0000        JMP 0
32DC  0000        JMP 0
32DD  0000        JMP 0
32DE  0000        JMP 0
32DF  0000        JMP 0
32E0  0000        JMP 0
32E1  0000        JMP 0
32E2  0000        JMP 0
32E3  0000        JMP 0
32E4  0000        JMP 0
32E5  0000        JMP 0
32E6  0000        JMP 0
32E7  0000        JMP 0
32E8  0000        JMP 0
32E9  0000        JMP 0
32EA  0000        JMP 0
32EB  0000        JMP 0
32EC  0000        JMP 0
32ED  0000        JMP 0
32EE  0000        JMP 0
32EF  0000        JMP 0
32F0  0000        JMP 0
32F1  0000        JMP 0
32F2  0000        JMP 0
32F3  0000        JMP 0
32F4  0000        JMP 0
32F5  0000        JMP 0
32F6  0000        JMP 0
32F7  0000        JMP 0
32F8  0000        JMP 0
32F9  0000        JMP 0
32FA  0000        JMP 0
32FB  0000        JMP 0
32FC  0000        JMP 0
32FD  0000        JMP 0
32FE  0000        JMP 0
32FF  0000        JMP 0
3300  0000        JMP 0
3301  0000        JMP 0
3302  0000        JMP 0
3303  0000        JMP 0
3304  0000        JMP 0
3305  0000        JMP 0
3306  0000        JMP 0
3307  0000        JMP 0
3308  0000        JMP 0
3309  0000        JMP 0
330A  0000        JMP 0
330B  0000        JMP 0
330C  0000        JMP 0
330D  0000        JMP 0
330E  0000        JMP 0
330F  0000        JMP 0
3310  0000        JMP 0
3311  0000        JMP 0
3312  0000        JMP 0
3313  0000        JMP 0
3314  0000        JMP 0
3315  0000        JMP 0
3316  0000        JMP 0
3317  0000        JMP 0
3318  0000        JMP 0
3319  0000        JMP 0
331A  0000        JMP 0
331B  0000        JMP 0
331C  0000        JMP 0
331D  0000        JMP 0
331E  0000        JMP 0
331F  0000        JMP 0
3320  0000        JMP 0
3321  0000        JMP 0
3322  0000        JMP 0
3323  0000        JMP 0
3324  0000        JMP 0
3325  0000        JMP 0
3326  0000        JMP 0
3327  0000        JMP 0
3328  0000        JMP 0
3329  0000        JMP 0
332A  0000        JMP 0
332B  0000        JMP 0
332C  0000        JMP 0
332D  0000        JMP 0
332E  0000        JMP 0
332F  0000        JMP 0
3330  0000        JMP 0
3331  0000        JMP 0
3332  0000        JMP 0
3333  0000        JMP 0
3334  0000        JMP 0
3335  0000        JMP 0
3336  0000        JMP 0
3337  0000        JMP 0
3338  0000        JMP 0
3339  0000        JMP 0
333A  0000        JMP 0
333B  0000        JMP 0
333C  0000        JMP 0
333D  0000        JMP 0
333E  0000        JMP 0
333F  0000        JMP 0
3340  0000        JMP 0
3341  0000        JMP 0
3342  0000        JMP 0
3343  0000        JMP 0
3344  0000        JMP 0
3345  0000        JMP 0
3346  0000        JMP 0
3347  0000        JMP 0
3348  0000        JMP 0
3349  0000        JMP 0
334A  0000        JMP 0
334B  0000        JMP 0
334C  0000        JMP 0
334D  0000        JMP 0
334E  0000        JMP 0
334F  0000        JMP 0
3350  0000        JMP 0
3351  0000        JMP 0
3352  0000        JMP 0
3353  0000        JMP 0
3354  0000        JMP 0
3355  0000        JMP 0
3356  0000        JMP 0
3357  0000        JMP 0
3358  0000        JMP 0
3359  0000        JMP 0
335A  0000        JMP 0
335B  0000        JMP 0
335C  0000        JMP 0
335D  0000        JMP 0
335E  0000        JMP 0
335F  0000        JMP 0
3360  0000        JMP 0
3361  0000        JMP 0
3362  0000        JMP 0
3363  0000        JMP 0
3364  0000        JMP 0
3365  0000        JMP 0
3366  0000        JMP 0
3367  0000        JMP 0
3368  0000        JMP 0
3369  0000        JMP 0
336A  0000        JMP 0
336B  0000        JMP 0
336C  0000        JMP 0
336D  0000        JMP 0
336E  0000        JMP 0
336F  0000        JMP 0
3370  0000        JMP 0
3371  0000        JMP 0
3372  0000        JMP 0
3373  0000        JMP 0
3374  0000        JMP 0
3375  0000        JMP 0
3376  0000        JMP 0
3377  0000        JMP 0
3378  0000        JMP 0
3379  0000        JMP 0
337A  0000        JMP 0
337B  0000        JMP 0
337C  0000        JMP 0
337D  0000        JMP 0
337E  0000        JMP 0
337F  0000        JMP 0
3380  0000        JMP 0
3381  0000        JMP 0
3382  0000        JMP 0
3383  0000        JMP 0
3384  0000        JMP 0
3385  0000        JMP 0
3386  0000        JMP 0
3387  0000        JMP 0
3388  0000        JMP 0
3389  0000        JMP 0
338A  0000        JMP 0
338B  0000        JMP 0
338C  0000        JMP 0
338D  0000        JMP 0
338E  0000        JMP 0
338F  0000        JMP 0
3390  0000        JMP 0
3391  0000        JMP 0
3392  0000        JMP 0
3393  0000        JMP 0
3394  0000        JMP 0
3395  0000        JMP 0
3396  0000        JMP 0
3397  0000        JMP 0
3398  0000        JMP 0
3399  0000        JMP 0
339A  0000        JMP 0
339B  0000        JMP 0
339C  0000        JMP 0
339D  0000        JMP 0
339E  0000        JMP 0
339F  0000        JMP 0
33A0  0000        JMP 0
33A1  0000        JMP 0
33A2  0000        JMP 0
33A3  0000        JMP 0
33A4  0000        JMP 0
33A5  0000        JMP 0
33A6  0000        JMP 0
33A7  0000        JMP 0
33A8  0000        JMP 0
33A9  0000        JMP 0
33AA  0000        JMP 0
33AB  0000        JMP 0
33AC  0000        JMP 0
33AD  0000        JMP 0
33AE  0000        JMP 0
33AF  0000        JMP 0
33B0  0000        JMP 0
33B1  0000        JMP 0
33B2  0000        JMP 0
33B3  0000        JMP 0
33B4  0000        JMP 0
33B5  0000        JMP 0
33B6  0000        JMP 0
33B7  0000        JMP 0
33B8  0000        JMP 0
33B9  0000        JMP 0
33BA  0000        JMP 0
33BB  0000        JMP 0
33BC  0000        JMP 0
33BD  0000        JMP 0
33BE  0000        JMP 0
33BF  0000        JMP 0
33C0  0000        JMP 0
33C1  0000        JMP 0
33C2  0000        JMP 0
33C3  0000        JMP 0
33C4  0000        JMP 0
33C5  0000        JMP 0
33C6  0000        JMP 0
33C7  0000        JMP 0
33C8  0000        JMP 0
33C9  0000        JMP 0
33CA  0000        JMP 0
33CB  0000        JMP 0
33CC  0000        JMP 0
33CD  0000        JMP 0
33CE  0000        JMP 0
33CF  0000        JMP 0
33D0  0000        JMP 0
33D1  0000        JMP 0
33D2  0000        JMP 0
33D3  0000        JMP 0
33D4  0000        JMP 0
33D5  0000        JMP 0
33D6  0000        JMP 0
33D7  0000        JMP 0
33D8  0000        JMP 0
33D9  0000        JMP 0
33DA  0000        JMP 0
33DB  0000        JMP 0
33DC  0000        JMP 0
33DD  0000        JMP 0
33DE  0000        JMP 0
33DF  0000        JMP 0
33E0  0000        JMP 0
33E1  0000        JMP 0
33E2  0000        JMP 0
33E3  0000        JMP 0
33E4  0000        JMP 0
33E5  0000        JMP 0
33E6  0000        JMP 0
33E7  0000        JMP 0
33E8  0000        JMP 0
33E9  0000        JMP 0
33EA  0000        JMP 0
33EB  0000        JMP 0
33EC  0000        JMP 0
33ED  0000        JMP 0
33EE  0000        JMP 0
33EF  0000        JMP 0
33F0  0000        JMP 0
33F1  0000        JMP 0
33F2  0000        JMP 0
33F3  0000        JMP 0
33F4  0000        JMP 0
33F5  0000        JMP 0
33F6  0000        JMP 0
33F7  0000        JMP 0
33F8  0000        JMP 0
33F9  0000        JMP 0
33FA  0000        JMP 0
33FB  0000        JMP 0
33FC  0000        JMP 0
33FD  0000        JMP 0
33FE  0000        JMP 0
33FF  0000        JMP 0
3400  0000        JMP 0
3401  0000        JMP 0
3402  0000        JMP 0
3403  0000        JMP 0
3404  0000        JMP 0
3405  0000        JMP 0
3406  0000        JMP 0
3407  0000        JMP 0
3408  0000        JMP 0
3409  0000        JMP 0
340A  0000        JMP 0
340B  0000        JMP 0
340C  0000        JMP 0
340D  0000        JMP 0
340E  0000        JMP 0
340F  0000        JMP 0
3410  0000        JMP 0
3411  0000        JMP 0
3412  0000        JMP 0
3413  0000        JMP 0
3414  0000        JMP 0
3415  0000        JMP 0
3416  0000        JMP 0
3417  0000        JMP 0
3418  0000        JMP 0
3419  0000        JMP 0
341A  0000        JMP 0
341B  0000        JMP 0
341C  0000        JMP 0
341D  0000        JMP 0
341E  0000        JMP 0
341F  0000        JMP 0
3420  0000        JMP 0
3421  0000        JMP 0
3422  0000        JMP 0
3423  0000        JMP 0
3424  0000        JMP 0
3425  0000        JMP 0
3426  0000        JMP 0
3427  0000        JMP 0
3428  0000        JMP 0
3429  0000        JMP 0
342A  0000        JMP 0
342B  0000        JMP 0
342C  0000        JMP 0
342D  0000        JMP 0
342E  0000        JMP 0
342F  0000        JMP 0
3430  0000        JMP 0
3431  0000        JMP 0
3432  0000        JMP 0
3433  0000        JMP 0
3434  0000        JMP 0
3435  0000        JMP 0
3436  0000        JMP 0
3437  0000        JMP 0
3438  0000        JMP 0
3439  0000        JMP 0
343A  0000        JMP 0
343B  0000        JMP 0
343C  0000        JMP 0
343D  0000        JMP 0
343E  0000        JMP 0
343F  0000        JMP 0
3440  0000        JMP 0
3441  0000        JMP 0
3442  0000        JMP 0
3443  0000        JMP 0
3444  0000        JMP 0
3445  0000        JMP 0
3446  0000        JMP 0
3447  0000        JMP 0
3448  0000        JMP 0
3449  0000        JMP 0
344A  0000        JMP 0
344B  0000        JMP 0
344C  0000        JMP 0
344D  0000        JMP 0
344E  0000        JMP 0
344F  0000        JMP 0
3450  0000        JMP 0
3451  0000        JMP 0
3452  0000        JMP 0
3453  0000        JMP 0
3454  0000        JMP 0
3455  0000        JMP 0
3456  0000        JMP 0
3457  0000        JMP 0
3458  0000        JMP 0
3459  0000        JMP 0
345A  0000        JMP 0
345B  0000        JMP 0
345C  0000        JMP 0
345D  0000        JMP 0
345E  0000        JMP 0
345F  0000        JMP 0
3460  0000        JMP 0
3461  0000        JMP 0
3462  0000        JMP 0
3463  0000        JMP 0
3464  0000        JMP 0
3465  0000        JMP 0
3466  0000        JMP 0
3467  0000        JMP 0
3468  0000        JMP 0
3469  0000        JMP 0
346A  0000        JMP 0
346B  0000        JMP 0
346C  0000        JMP 0
346D  0000        JMP 0
346E  0000        JMP 0
346F  0000        JMP 0
3470  0000        JMP 0
3471  0000        JMP 0
3472  0000        JMP 0
3473  0000        JMP 0
3474  0000        JMP 0
3475  0000        JMP 0
3476  0000        JMP 0
3477  0000        JMP 0
3478  0000        JMP 0
3479  0000        JMP 0
347A  0000        JMP 0
347B  0000        JMP 0
347C  0000        JMP 0
347D  0000        JMP 0
347E  0000        JMP 0
347F  0000        JMP 0
3480  0000        JMP 0
3481  0000        JMP 0
3482  0000        JMP 0
3483  0000        JMP 0
3484  0000        JMP 0
3485  0000        JMP 0
3486  0000        JMP 0
3487  0000        JMP 0
3488  0000        JMP 0
3489  0000        JMP 0
348A  0000        JMP 0
348B  0000        JMP 0
348C  0000        JMP 0
348D  0000        JMP 0
348E  0000        JMP 0
348F  0000        JMP 0
3490  0000        JMP 0
3491  0000        JMP 0
3492  0000        JMP 0
3493  0000        JMP 0
3494  0000        JMP 0
3495  0000        JMP 0
3496  0000        JMP 0
3497  0000        JMP 0
3498  0000        JMP 0
3499  0000        JMP 0
349A  0000        JMP 0
349B  0000        JMP 0
349C  0000        JMP 0
349D  0000        JMP 0
349E  0000        JMP 0
349F  0000        JMP 0
34A0  0000        JMP 0
34A1  0000        JMP 0
34A2  0000        JMP 0
34A3  0000        JMP 0
34A4  0000        JMP 0
34A5  0000        JMP 0
34A6  0000        JMP 0
34A7  0000        JMP 0
34A8  0000        JMP 0
34A9  0000        JMP 0
34AA  0000        JMP 0
34AB  0000        JMP 0
34AC  0000        JMP 0
34AD  0000        JMP 0
34AE  0000        JMP 0
34AF  0000        JMP 0
34B0  0000        JMP 0
34B1  0000        JMP 0
34B2  0000        JMP 0
34B3  0000        JMP 0
34B4  0000        JMP 0
34B5  0000        JMP 0
34B6  0000        JMP 0
34B7  0000        JMP 0
34B8  0000        JMP 0
34B9  0000        JMP 0
34BA  0000        JMP 0
34BB  0000        JMP 0
34BC  0000        JMP 0
34BD  0000        JMP 0
34BE  0000        JMP 0
34BF  0000        JMP 0
34C0  0000        JMP 0
34C1  0000        JMP 0
34C2  0000        JMP 0
34C3  0000        JMP 0
34C4  0000        JMP 0
34C5  0000        JMP 0
34C6  0000        JMP 0
34C7  0000        JMP 0
34C8  0000        JMP 0
34C9  0000        JMP 0
34CA  0000        JMP 0
34CB  0000        JMP 0
34CC  0000        JMP 0
34CD  0000        JMP 0
34CE  0000        JMP 0
34CF  0000        JMP 0
34D0  0000        JMP 0
34D1  0000        JMP 0
34D2  0000        JMP 0
34D3  0000        JMP 0
34D4  0000        JMP 0
34D5  0000        JMP 0
34D6  0000        JMP 0
34D7  0000        JMP 0
34D8  0000        JMP 0
34D9  0000        JMP 0
34DA  0000        JMP 0
34DB  0000        JMP 0
34DC  0000        JMP 0
34DD  0000        JMP 0
34DE  0000        JMP 0
34DF  0000        JMP 0
34E0  0000        JMP 0
34E1  0000        JMP 0
34E2  0000        JMP 0
34E3  0000        JMP 0
34E4  0000        JMP 0
34E5  0000        JMP 0
34E6  0000        JMP 0
34E7  0000        JMP 0
34E8  0000        JMP 0
34E9  0000        JMP 0
34EA  0000        JMP 0
34EB  0000        JMP 0
34EC  0000        JMP 0
34ED  0000        JMP 0
34EE  0000        JMP 0
34EF  0000        JMP 0
34F0  0000        JMP 0
34F1  0000        JMP 0
34F2  0000        JMP 0
34F3  0000        JMP 0
34F4  0000        JMP 0
34F5  0000        JMP 0
34F6  0000        JMP 0
34F7  0000        JMP 0
34F8  0000        JMP 0
34F9  0000        JMP 0
34FA  0000        JMP 0
34FB  0000        JMP 0
34FC  0000        JMP 0
34FD  0000        JMP 0
34FE  0000        JMP 0
34FF  0000        JMP 0
3500  0000        JMP 0
3501  0000        JMP 0
3502  0000        JMP 0
3503  0000        JMP 0
3504  0000        JMP 0
3505  0000        JMP 0
3506  0000        JMP 0
3507  0000        JMP 0
3508  0000        JMP 0
3509  0000        JMP 0
350A  0000        JMP 0
350B  0000        JMP 0
350C  0000        JMP 0
350D  0000        JMP 0
350E  0000        JMP 0
350F  0000        JMP 0
3510  0000        JMP 0
3511  0000        JMP 0
3512  0000        JMP 0
3513  0000        JMP 0
3514  0000        JMP 0
3515  0000        JMP 0
3516  0000        JMP 0
3517  0000        JMP 0
3518  0000        JMP 0
3519  0000        JMP 0
351A  0000        JMP 0
351B  0000        JMP 0
351C  0000        JMP 0
351D  0000        JMP 0
351E  0000        JMP 0
351F  0000        JMP 0
3520  0000        JMP 0
3521  0000        JMP 0
3522  0000        JMP 0
3523  0000        JMP 0
3524  0000        JMP 0
3525  0000        JMP 0
3526  0000        JMP 0
3527  0000        JMP 0
3528  0000        JMP 0
3529  0000        JMP 0
352A  0000        JMP 0
352B  0000        JMP 0
352C  0000        JMP 0
352D  0000        JMP 0
352E  0000        JMP 0
352F  0000        JMP 0
3530  0000        JMP 0
3531  0000        JMP 0
3532  0000        JMP 0
3533  0000        JMP 0
3534  0000        JMP 0
3535  0000        JMP 0
3536  0000        JMP 0
3537  0000        JMP 0
3538  0000        JMP 0
3539  0000        JMP 0
353A  0000        JMP 0
353B  0000        JMP 0
353C  0000        JMP 0
353D  0000        JMP 0
353E  0000        JMP 0
353F  0000        JMP 0
3540  0000        JMP 0
3541  0000        JMP 0
3542  0000        JMP 0
3543  0000        JMP 0
3544  0000        JMP 0
3545  0000        JMP 0
3546  0000        JMP 0
3547  0000        JMP 0
3548  0000        JMP 0
3549  0000        JMP 0
354A  0000        JMP 0
354B  0000        JMP 0
354C  0000        JMP 0
354D  0000        JMP 0
354E  0000        JMP 0
354F  0000        JMP 0
3550  0000        JMP 0
3551  0000        JMP 0
3552  0000        JMP 0
3553  0000        JMP 0
3554  0000        JMP 0
3555  0000        JMP 0
3556  0000        JMP 0
3557  0000        JMP 0
3558  0000        JMP 0
3559  0000        JMP 0
355A  0000        JMP 0
355B  0000        JMP 0
355C  0000        JMP 0
355D  0000        JMP 0
355E  0000        JMP 0
355F  0000        JMP 0
3560  0000        JMP 0
3561  0000        JMP 0
3562  0000        JMP 0
3563  0000        JMP 0
3564  0000        JMP 0
3565  0000        JMP 0
3566  0000        JMP 0
3567  0000        JMP 0
3568  0000        JMP 0
3569  0000        JMP 0
356A  0000        JMP 0
356B  0000        JMP 0
356C  0000        JMP 0
356D  0000        JMP 0
356E  0000        JMP 0
356F  0000        JMP 0
3570  0000        JMP 0
3571  0000        JMP 0
3572  0000        JMP 0
3573  0000        JMP 0
3574  0000        JMP 0
3575  0000        JMP 0
3576  0000        JMP 0
3577  0000        JMP 0
3578  0000        JMP 0
3579  0000        JMP 0
357A  0000        JMP 0
357B  0000        JMP 0
357C  0000        JMP 0
357D  0000        JMP 0
357E  0000        JMP 0
357F  0000        JMP 0
3580  0000        JMP 0
3581  0000        JMP 0
3582  0000        JMP 0
3583  0000        JMP 0
3584  0000        JMP 0
3585  0000        JMP 0
3586  0000        JMP 0
3587  0000        JMP 0
3588  0000        JMP 0
3589  0000        JMP 0
358A  0000        JMP 0
358B  0000        JMP 0
358C  0000        JMP 0
358D  0000        JMP 0
358E  0000        JMP 0
358F  0000        JMP 0
3590  0000        JMP 0
3591  0000        JMP 0
3592  0000        JMP 0
3593  0000        JMP 0
3594  0000        JMP 0
3595  0000        JMP 0
3596  0000        JMP 0
3597  0000        JMP 0
3598  0000        JMP 0
3599  0000        JMP 0
359A  0000        JMP 0
359B  0000        JMP 0
359C  0000        JMP 0
359D  0000        JMP 0
359E  0000        JMP 0
359F  0000        JMP 0
35A0  0000        JMP 0
35A1  0000        JMP 0
35A2  0000        JMP 0
35A3  0000        JMP 0
35A4  0000        JMP 0
35A5  0000        JMP 0
35A6  0000        JMP 0
35A7  0000        JMP 0
35A8  0000        JMP 0
35A9  0000        JMP 0
35AA  0000        JMP 0
35AB  0000        JMP 0
35AC  0000        JMP 0
35AD  0000        JMP 0
35AE  0000        JMP 0
35AF  0000        JMP 0
35B0  0000        JMP 0
35B1  0000        JMP 0
35B2  0000        JMP 0
35B3  0000        JMP 0
35B4  0000        JMP 0
35B5  0000        JMP 0
35B6  0000        JMP 0
35B7  0000        JMP 0
35B8  0000        JMP 0
35B9  0000        JMP 0
35BA  0000        JMP 0
35BB  0000        JMP 0
35BC  0000        JMP 0
35BD  0000        JMP 0
35BE  0000        JMP 0
35BF  0000        JMP 0
35C0  0000        JMP 0
35C1  0000        JMP 0
35C2  0000        JMP 0
35C3  0000        JMP 0
35C4  0000        JMP 0
35C5  0000        JMP 0
35C6  0000        JMP 0
35C7  0000        JMP 0
35C8  0000        JMP 0
35C9  0000        JMP 0
35CA  0000        JMP 0
35CB  0000        JMP 0
35CC  0000        JMP 0
35CD  0000        JMP 0
35CE  0000        JMP 0
35CF  0000        JMP 0
35D0  0000        JMP 0
35D1  0000        JMP 0
35D2  0000        JMP 0
35D3  0000        JMP 0
35D4  0000        JMP 0
35D5  0000        JMP 0
35D6  0000        JMP 0
35D7  0000        JMP 0
35D8  0000        JMP 0
35D9  0000        JMP 0
35DA  0000        JMP 0
35DB  0000        JMP 0
35DC  0000        JMP 0
35DD  0000        JMP 0
35DE  0000        JMP 0
35DF  0000        JMP 0
35E0  0000        JMP 0
35E1  0000        JMP 0
35E2  0000        JMP 0
35E3  0000        JMP 0
35E4  0000        JMP 0
35E5  0000        JMP 0
35E6  0000        JMP 0
35E7  0000        JMP 0
35E8  0000        JMP 0
35E9  0000        JMP 0
35EA  0000        JMP 0
35EB  0000        JMP 0
35EC  0000        JMP 0
35ED  0000        JMP 0
35EE  0000        JMP 0
35EF  0000        JMP 0
35F0  0000        JMP 0
35F1  0000        JMP 0
35F2  0000        JMP 0
35F3  0000        JMP 0
35F4  0000        JMP 0
35F5  0000        JMP 0
35F6  0000        JMP 0
35F7  0000        JMP 0
35F8  0000        JMP 0
35F9  0000        JMP 0
35FA  0000        JMP 0
35FB  0000        JMP 0
35FC  0000        JMP 0
35FD  0000        JMP 0
35FE  0000        JMP 0
35FF  0000        JMP 0
3600  0000        JMP 0
3601  0000        JMP 0
3602  0000        JMP 0
3603  0000        JMP 0
3604  0000        JMP 0
3605  0000        JMP 0
3606  0000        JMP 0
3607  0000        JMP 0
3608  0000        JMP 0
3609  0000        JMP 0
360A  0000        JMP 0
360B  0000        JMP 0
360C  0000        JMP 0
360D  0000        JMP 0
360E  0000        JMP 0
360F  0000        JMP 0
3610  0000        JMP 0
3611  0000        JMP 0
3612  0000        JMP 0
3613  0000        JMP 0
3614  0000        JMP 0
3615  0000        JMP 0
3616  0000        JMP 0
3617  0000        JMP 0
3618  0000        JMP 0
3619  0000        JMP 0
361A  0000        JMP 0
361B  0000        JMP 0
361C  0000        JMP 0
361D  0000        JMP 0
361E  0000        JMP 0
361F  0000        JMP 0
3620  0000        JMP 0
3621  0000        JMP 0
3622  0000        JMP 0
3623  0000        JMP 0
3624  0000        JMP 0
3625  0000        JMP 0
3626  0000        JMP 0
3627  0000        JMP 0
3628  0000        JMP 0
3629  0000        JMP 0
362A  0000        JMP 0
362B  0000        JMP 0
362C  0000        JMP 0
362D  0000        JMP 0
362E  0000        JMP 0
362F  0000        JMP 0
3630  0000        JMP 0
3631  0000        JMP 0
3632  0000        JMP 0
3633  0000        JMP 0
3634  0000        JMP 0
3635  0000        JMP 0
3636  0000        JMP 0
3637  0000        JMP 0
3638  0000        JMP 0
3639  0000        JMP 0
363A  0000        JMP 0
363B  0000        JMP 0
363C  0000        JMP 0
363D  0000        JMP 0
363E  0000        JMP 0
363F  0000        JMP 0
3640  0000        JMP 0
3641  0000        JMP 0
3642  0000        JMP 0
3643  0000        JMP 0
3644  0000        JMP 0
3645  0000        JMP 0
3646  0000        JMP 0
3647  0000        JMP 0
3648  0000        JMP 0
3649  0000        JMP 0
364A  0000        JMP 0
364B  0000        JMP 0
364C  0000        JMP 0
364D  0000        JMP 0
364E  0000        JMP 0
364F  0000        JMP 0
3650  0000        JMP 0
3651  0000        JMP 0
3652  0000        JMP 0
3653  0000        JMP 0
3654  0000        JMP 0
3655  0000        JMP 0
3656  0000        JMP 0
3657  0000        JMP 0
3658  0000        JMP 0
3659  0000        JMP 0
365A  0000        JMP 0
365B  0000        JMP 0
365C  0000        JMP 0
365D  0000        JMP 0
365E  0000        JMP 0
365F  0000        JMP 0
3660  0000        JMP 0
3661  0000        JMP 0
3662  0000        JMP 0
3663  0000        JMP 0
3664  0000        JMP 0
3665  0000        JMP 0
3666  0000        JMP 0
3667  0000        JMP 0
3668  0000        JMP 0
3669  0000        JMP 0
366A  0000        JMP 0
366B  0000        JMP 0
366C  0000        JMP 0
366D  0000        JMP 0
366E  0000        JMP 0
366F  0000        JMP 0
3670  0000        JMP 0
3671  0000        JMP 0
3672  0000        JMP 0
3673  0000        JMP 0
3674  0000        JMP 0
3675  0000        JMP 0
3676  0000        JMP 0
3677  0000        JMP 0
3678  0000        JMP 0
3679  0000        JMP 0
367A  0000        JMP 0
367B  0000        JMP 0
367C  0000        JMP 0
367D  0000        JMP 0
367E  0000        JMP 0
367F  0000        JMP 0
3680  0000        JMP 0
3681  0000        JMP 0
3682  0000        JMP 0
3683  0000        JMP 0
3684  0000        JMP 0
3685  0000        JMP 0
3686  0000        JMP 0
3687  0000        JMP 0
3688  0000        JMP 0
3689  0000        JMP 0
368A  0000        JMP 0
368B  0000        JMP 0
368C  0000        JMP 0
368D  0000        JMP 0
368E  0000        JMP 0
368F  0000        JMP 0
3690  0000        JMP 0
3691  0000        JMP 0
3692  0000        JMP 0
3693  0000        JMP 0
3694  0000        JMP 0
3695  0000        JMP 0
3696  0000        JMP 0
3697  0000        JMP 0
3698  0000        JMP 0
3699  0000        JMP 0
369A  0000        JMP 0
369B  0000        JMP 0
369C  0000        JMP 0
369D  0000        JMP 0
369E  0000        JMP 0
369F  0000        JMP 0
36A0  0000        JMP 0
36A1  0000        JMP 0
36A2  0000        JMP 0
36A3  0000        JMP 0
36A4  0000        JMP 0
36A5  0000        JMP 0
36A6  0000        JMP 0
36A7  0000        JMP 0
36A8  0000        JMP 0
36A9  0000        JMP 0
36AA  0000        JMP 0
36AB  0000        JMP 0
36AC  0000        JMP 0
36AD  0000        JMP 0
36AE  0000        JMP 0
36AF  0000        JMP 0
36B0  0000        JMP 0
36B1  0000        JMP 0
36B2  0000        JMP 0
36B3  0000        JMP 0
36B4  0000        JMP 0
36B5  0000        JMP 0
36B6  0000        JMP 0
36B7  0000        JMP 0
36B8  0000        JMP 0
36B9  0000        JMP 0
36BA  0000        JMP 0
36BB  0000        JMP 0
36BC  0000        JMP 0
36BD  0000        JMP 0
36BE  0000        JMP 0
36BF  0000        JMP 0
36C0  0000        JMP 0
36C1  0000        JMP 0
36C2  0000        JMP 0
36C3  0000        JMP 0
36C4  0000        JMP 0
36C5  0000        JMP 0
36C6  0000        JMP 0
36C7  0000        JMP 0
36C8  0000        JMP 0
36C9  0000        JMP 0
36CA  0000        JMP 0
36CB  0000        JMP 0
36CC  0000        JMP 0
36CD  0000        JMP 0
36CE  0000        JMP 0
36CF  0000        JMP 0
36D0  0000        JMP 0
36D1  0000        JMP 0
36D2  0000        JMP 0
36D3  0000        JMP 0
36D4  0000        JMP 0
36D5  0000        JMP 0
36D6  0000        JMP 0
36D7  0000        JMP 0
36D8  0000        JMP 0
36D9  0000        JMP 0
36DA  0000        JMP 0
36DB  0000        JMP 0
36DC  0000        JMP 0
36DD  0000        JMP 0
36DE  0000        JMP 0
36DF  0000        JMP 0
36E0  0000        JMP 0
36E1  0000        JMP 0
36E2  0000        JMP 0
36E3  0000        JMP 0
36E4  0000        JMP 0
36E5  0000        JMP 0
36E6  0000        JMP 0
36E7  0000        JMP 0
36E8  0000        JMP 0
36E9  0000        JMP 0
36EA  0000        JMP 0
36EB  0000        JMP 0
36EC  0000        JMP 0
36ED  0000        JMP 0
36EE  0000        JMP 0
36EF  0000        JMP 0
36F0  0000        JMP 0
36F1  0000        JMP 0
36F2  0000        JMP 0
36F3  0000        JMP 0
36F4  0000        JMP 0
36F5  0000        JMP 0
36F6  0000        JMP 0
36F7  0000        JMP 0
36F8  0000        JMP 0
36F9  0000        JMP 0
36FA  0000        JMP 0
36FB  0000        JMP 0
36FC  0000        JMP 0
36FD  0000        JMP 0
36FE  0000        JMP 0
36FF  0000        JMP 0
3700  0000        JMP 0
3701  0000        JMP 0
3702  0000        JMP 0
3703  0000        JMP 0
3704  0000        JMP 0
3705  0000        JMP 0
3706  0000        JMP 0
3707  0000        JMP 0
3708  0000        JMP 0
3709  0000        JMP 0
370A  0000        JMP 0
370B  0000        JMP 0
370C  0000        JMP 0
370D  0000        JMP 0
370E  0000        JMP 0
370F  0000        JMP 0
3710  0000        JMP 0
3711  0000        JMP 0
3712  0000        JMP 0
3713  0000        JMP 0
3714  0000        JMP 0
3715  0000        JMP 0
3716  0000        JMP 0
3717  0000        JMP 0
3718  0000        JMP 0
3719  0000        JMP 0
371A  0000        JMP 0
371B  0000        JMP 0
371C  0000        JMP 0
371D  0000        JMP 0
371E  0000        JMP 0
371F  0000        JMP 0
3720  0000        JMP 0
3721  0000        JMP 0
3722  0000        JMP 0
3723  0000        JMP 0
3724  0000        JMP 0
3725  0000        JMP 0
3726  0000        JMP 0
3727  0000        JMP 0
3728  0000        JMP 0
3729  0000        JMP 0
372A  0000        JMP 0
372B  0000        JMP 0
372C  0000        JMP 0
372D  0000        JMP 0
372E  0000        JMP 0
372F  0000        JMP 0
3730  0000        JMP 0
3731  0000        JMP 0
3732  0000        JMP 0
3733  0000        JMP 0
3734  0000        JMP 0
3735  0000        JMP 0
3736  0000        JMP 0
3737  0000        JMP 0
3738  0000        JMP 0
3739  0000        JMP 0
373A  0000        JMP 0
373B  0000        JMP 0
373C  0000        JMP 0
373D  0000        JMP 0
373E  0000        JMP 0
373F  0000        JMP 0
3740  0000        JMP 0
3741  0000        JMP 0
3742  0000        JMP 0
3743  0000        JMP 0
3744  0000        JMP 0
3745  0000        JMP 0
3746  0000        JMP 0
3747  0000        JMP 0
3748  0000        JMP 0
3749  0000        JMP 0
374A  0000        JMP 0
374B  0000        JMP 0
374C  0000        JMP 0
374D  0000        JMP 0
374E  0000        JMP 0
374F  0000        JMP 0
3750  0000        JMP 0
3751  0000        JMP 0
3752  0000        JMP 0
3753  0000        JMP 0
3754  0000        JMP 0
3755  0000        JMP 0
3756  0000        JMP 0
3757  0000        JMP 0
3758  0000        JMP 0
3759  0000        JMP 0
375A  0000        JMP 0
375B  0000        JMP 0
375C  0000        JMP 0
375D  0000        JMP 0
375E  0000        JMP 0
375F  0000        JMP 0
3760  0000        JMP 0
3761  0000        JMP 0
3762  0000        JMP 0
3763  0000        JMP 0
3764  0000        JMP 0
3765  0000        JMP 0
3766  0000        JMP 0
3767  0000        JMP 0
3768  0000        JMP 0
3769  0000        JMP 0
376A  0000        JMP 0
376B  0000        JMP 0
376C  0000        JMP 0
376D  0000        JMP 0
376E  0000        JMP 0
376F  0000        JMP 0
3770  0000        JMP 0
3771  0000        JMP 0
3772  0000        JMP 0
3773  0000        JMP 0
3774  0000        JMP 0
3775  0000        JMP 0
3776  0000        JMP 0
3777  0000        JMP 0
3778  0000        JMP 0
3779  0000        JMP 0
377A  0000        JMP 0
377B  0000        JMP 0
377C  0000        JMP 0
377D  0000        JMP 0
377E  0000        JMP 0
377F  0000        JMP 0
3780  0000        JMP 0
3781  0000        JMP 0
3782  0000        JMP 0
3783  0000        JMP 0
3784  0000        JMP 0
3785  0000        JMP 0
3786  0000        JMP 0
3787  0000        JMP 0
3788  0000        JMP 0
3789  0000        JMP 0
378A  0000        JMP 0
378B  0000        JMP 0
378C  0000        JMP 0
378D  0000        JMP 0
378E  0000        JMP 0
378F  0000        JMP 0
3790  0000        JMP 0
3791  0000        JMP 0
3792  0000        JMP 0
3793  0000        JMP 0
3794  0000        JMP 0
3795  0000        JMP 0
3796  0000        JMP 0
3797  0000        JMP 0
3798  0000        JMP 0
3799  0000        JMP 0
379A  0000        JMP 0
379B  0000        JMP 0
379C  0000        JMP 0
379D  0000        JMP 0
379E  0000        JMP 0
379F  0000        JMP 0
37A0  0000        JMP 0
37A1  0000        JMP 0
37A2  0000        JMP 0
37A3  0000        JMP 0
37A4  0000        JMP 0
37A5  0000        JMP 0
37A6  0000        JMP 0
37A7  0000        JMP 0
37A8  0000        JMP 0
37A9  0000        JMP 0
37AA  0000        JMP 0
37AB  0000        JMP 0
37AC  0000        JMP 0
37AD  0000        JMP 0
37AE  0000        JMP 0
37AF  0000        JMP 0
37B0  0000        JMP 0
37B1  0000        JMP 0
37B2  0000        JMP 0
37B3  0000        JMP 0
37B4  0000        JMP 0
37B5  0000        JMP 0
37B6  0000        JMP 0
37B7  0000        JMP 0
37B8  0000        JMP 0
37B9  0000        JMP 0
37BA  0000        JMP 0
37BB  0000        JMP 0
37BC  0000        JMP 0
37BD  0000        JMP 0
37BE  0000        JMP 0
37BF  0000        JMP 0
37C0  0000        JMP 0
37C1  0000        JMP 0
37C2  0000        JMP 0
37C3  0000        JMP 0
37C4  0000        JMP 0
37C5  0000        JMP 0
37C6  0000        JMP 0
37C7  0000        JMP 0
37C8  0000        JMP 0
37C9  0000        JMP 0
37CA  0000        JMP 0
37CB  0000        JMP 0
37CC  0000        JMP 0
37CD  0000        JMP 0
37CE  0000        JMP 0
37CF  0000        JMP 0
37D0  0000        JMP 0
37D1  0000        JMP 0
37D2  0000        JMP 0
37D3  0000        JMP 0
37D4  0000        JMP 0
37D5  0000        JMP 0
37D6  0000        JMP 0
37D7  0000        JMP 0
37D8  0000        JMP 0
37D9  0000        JMP 0
37DA  0000        JMP 0
37DB  0000        JMP 0
37DC  0000        JMP 0
37DD  0000        JMP 0
37DE  0000        JMP 0
37DF  0000        JMP 0
37E0  0000        JMP 0
37E1  0000        JMP 0
37E2  0000        JMP 0
37E3  0000        JMP 0
37E4  0000        JMP 0
37E5  0000        JMP 0
37E6  0000        JMP 0
37E7  0000        JMP 0
37E8  0000        JMP 0
37E9  0000        JMP 0
37EA  0000        JMP 0
37EB  0000        JMP 0
37EC  0000        JMP 0
37ED  0000        JMP 0
37EE  0000        JMP 0
37EF  0000        JMP 0
37F0  0000        JMP 0
37F1  0000        JMP 0
37F2  0000        JMP 0
37F3  0000        JMP 0
37F4  0000        JMP 0
37F5  0000        JMP 0
37F6  0000        JMP 0
37F7  0000        JMP 0
37F8  0000        JMP 0
37F9  0000        JMP 0
37FA  0000        JMP 0
37FB  0000        JMP 0
37FC  0000        JMP 0
37FD  0000        JMP 0
37FE  0000        JMP 0
37FF  0000        JMP 0
3800  0000        JMP 0
3801  0000        JMP 0
3802  0000        JMP 0
3803  0000        JMP 0
3804  0000        JMP 0
3805  0000        JMP 0
3806  0000        JMP 0
3807  0000        JMP 0
3808  0000        JMP 0
3809  0000        JMP 0
380A  0000        JMP 0
380B  0000        JMP 0
380C  0000        JMP 0
380D  0000        JMP 0
380E  0000        JMP 0
380F  0000        JMP 0
3810  0000        JMP 0
3811  0000        JMP 0
3812  0000        JMP 0
3813  0000        JMP 0
3814  0000        JMP 0
3815  0000        JMP 0
3816  0000        JMP 0
3817  0000        JMP 0
3818  0000        JMP 0
3819  0000        JMP 0
381A  0000        JMP 0
381B  0000        JMP 0
381C  0000        JMP 0
381D  0000        JMP 0
381E  0000        JMP 0
381F  0000        JMP 0
3820  0000        JMP 0
3821  0000        JMP 0
3822  0000        JMP 0
3823  0000        JMP 0
3824  0000        JMP 0
3825  0000        JMP 0
3826  0000        JMP 0
3827  0000        JMP 0
3828  0000        JMP 0
3829  0000        JMP 0
382A  0000        JMP 0
382B  0000        JMP 0
382C  0000        JMP 0
382D  0000        JMP 0
382E  0000        JMP 0
382F  0000        JMP 0
3830  0000        JMP 0
3831  0000        JMP 0
3832  0000        JMP 0
3833  0000        JMP 0
3834  0000        JMP 0
3835  0000        JMP 0
3836  0000        JMP 0
3837  0000        JMP 0
3838  0000        JMP 0
3839  0000        JMP 0
383A  0000        JMP 0
383B  0000        JMP 0
383C  0000        JMP 0
383D  0000        JMP 0
383E  0000        JMP 0
383F  0000        JMP 0
3840  0000        JMP 0
3841  0000        JMP 0
3842  0000        JMP 0
3843  0000        JMP 0
3844  0000        JMP 0
3845  0000        JMP 0
3846  0000        JMP 0
3847  0000        JMP 0
3848  0000        JMP 0
3849  0000        JMP 0
384A  0000        JMP 0
384B  0000        JMP 0
384C  0000        JMP 0
384D  0000        JMP 0
384E  0000        JMP 0
384F  0000        JMP 0
3850  0000        JMP 0
3851  0000        JMP 0
3852  0000        JMP 0
3853  0000        JMP 0
3854  0000        JMP 0
3855  0000        JMP 0
3856  0000        JMP 0
3857  0000        JMP 0
3858  0000        JMP 0
3859  0000        JMP 0
385A  0000        JMP 0
385B  0000        JMP 0
385C  0000        JMP 0
385D  0000        JMP 0
385E  0000        JMP 0
385F  0000        JMP 0
3860  0000        JMP 0
3861  0000        JMP 0
3862  0000        JMP 0
3863  0000        JMP 0
3864  0000        JMP 0
3865  0000        JMP 0
3866  0000        JMP 0
3867  0000        JMP 0
3868  0000        JMP 0
3869  0000        JMP 0
386A  0000        JMP 0
386B  0000        JMP 0
386C  0000        JMP 0
386D  0000        JMP 0
386E  0000        JMP 0
386F  0000        JMP 0
3870  0000        JMP 0
3871  0000        JMP 0
3872  0000        JMP 0
3873  0000        JMP 0
3874  0000        JMP 0
3875  0000        JMP 0
3876  0000        JMP 0
3877  0000        JMP 0
3878  0000        JMP 0
3879  0000        JMP 0
387A  0000        JMP 0
387B  0000        JMP 0
387C  0000        JMP 0
387D  0000        JMP 0
387E  0000        JMP 0
387F  0000        JMP 0
3880  0000        JMP 0
3881  0000        JMP 0
3882  0000        JMP 0
3883  0000        JMP 0
3884  0000        JMP 0
3885  0000        JMP 0
3886  0000        JMP 0
3887  0000        JMP 0
3888  0000        JMP 0
3889  0000        JMP 0
388A  0000        JMP 0
388B  0000        JMP 0
388C  0000        JMP 0
388D  0000        JMP 0
388E  0000        JMP 0
388F  0000        JMP 0
3890  0000        JMP 0
3891  0000        JMP 0
3892  0000        JMP 0
3893  0000        JMP 0
3894  0000        JMP 0
3895  0000        JMP 0
3896  0000        JMP 0
3897  0000        JMP 0
3898  0000        JMP 0
3899  0000        JMP 0
389A  0000        JMP 0
389B  0000        JMP 0
389C  0000        JMP 0
389D  0000        JMP 0
389E  0000        JMP 0
389F  0000        JMP 0
38A0  0000        JMP 0
38A1  0000        JMP 0
38A2  0000        JMP 0
38A3  0000        JMP 0
38A4  0000        JMP 0
38A5  0000        JMP 0
38A6  0000        JMP 0
38A7  0000        JMP 0
38A8  0000        JMP 0
38A9  0000        JMP 0
38AA  0000        JMP 0
38AB  0000        JMP 0
38AC  0000        JMP 0
38AD  0000        JMP 0
38AE  0000        JMP 0
38AF  0000        JMP 0
38B0  0000        JMP 0
38B1  0000        JMP 0
38B2  0000        JMP 0
38B3  0000        JMP 0
38B4  0000        JMP 0
38B5  0000        JMP 0
38B6  0000        JMP 0
38B7  0000        JMP 0
38B8  0000        JMP 0
38B9  0000        JMP 0
38BA  0000        JMP 0
38BB  0000        JMP 0
38BC  0000        JMP 0
38BD  0000        JMP 0
38BE  0000        JMP 0
38BF  0000        JMP 0
38C0  0000        JMP 0
38C1  0000        JMP 0
38C2  0000        JMP 0
38C3  0000        JMP 0
38C4  0000        JMP 0
38C5  0000        JMP 0
38C6  0000        JMP 0
38C7  0000        JMP 0
38C8  0000        JMP 0
38C9  0000        JMP 0
38CA  0000        JMP 0
38CB  0000        JMP 0
38CC  0000        JMP 0
38CD  0000        JMP 0
38CE  0000        JMP 0
38CF  0000        JMP 0
38D0  0000        JMP 0
38D1  0000        JMP 0
38D2  0000        JMP 0
38D3  0000        JMP 0
38D4  0000        JMP 0
38D5  0000        JMP 0
38D6  0000        JMP 0
38D7  0000        JMP 0
38D8  0000        JMP 0
38D9  0000        JMP 0
38DA  0000        JMP 0
38DB  0000        JMP 0
38DC  0000        JMP 0
38DD  0000        JMP 0
38DE  0000        JMP 0
38DF  0000        JMP 0
38E0  0000        JMP 0
38E1  0000        JMP 0
38E2  0000        JMP 0
38E3  0000        JMP 0
38E4  0000        JMP 0
38E5  0000        JMP 0
38E6  0000        JMP 0
38E7  0000        JMP 0
38E8  0000        JMP 0
38E9  0000        JMP 0
38EA  0000        JMP 0
38EB  0000        JMP 0
38EC  0000        JMP 0
38ED  0000        JMP 0
38EE  0000        JMP 0
38EF  0000        JMP 0
38F0  0000        JMP 0
38F1  0000        JMP 0
38F2  0000        JMP 0
38F3  0000        JMP 0
38F4  0000        JMP 0
38F5  0000        JMP 0
38F6  0000        JMP 0
38F7  0000        JMP 0
38F8  0000        JMP 0
38F9  0000        JMP 0
38FA  0000        JMP 0
38FB  0000        JMP 0
38FC  0000        JMP 0
38FD  0000        JMP 0
38FE  0000        JMP 0
38FF  0000        JMP 0
3900  0000        JMP 0
3901  0000        JMP 0
3902  0000        JMP 0
3903  0000        JMP 0
3904  0000        JMP 0
3905  0000        JMP 0
3906  0000        JMP 0
3907  0000        JMP 0
3908  0000        JMP 0
3909  0000        JMP 0
390A  0000        JMP 0
390B  0000        JMP 0
390C  0000        JMP 0
390D  0000        JMP 0
390E  0000        JMP 0
390F  0000        JMP 0
3910  0000        JMP 0
3911  0000        JMP 0
3912  0000        JMP 0
3913  0000        JMP 0
3914  0000        JMP 0
3915  0000        JMP 0
3916  0000        JMP 0
3917  0000        JMP 0
3918  0000        JMP 0
3919  0000        JMP 0
391A  0000        JMP 0
391B  0000        JMP 0
391C  0000        JMP 0
391D  0000        JMP 0
391E  0000        JMP 0
391F  0000        JMP 0
3920  0000        JMP 0
3921  0000        JMP 0
3922  0000        JMP 0
3923  0000        JMP 0
3924  0000        JMP 0
3925  0000        JMP 0
3926  0000        JMP 0
3927  0000        JMP 0
3928  0000        JMP 0
3929  0000        JMP 0
392A  0000        JMP 0
392B  0000        JMP 0
392C  0000        JMP 0
392D  0000        JMP 0
392E  0000        JMP 0
392F  0000        JMP 0
3930  0000        JMP 0
3931  0000        JMP 0
3932  0000        JMP 0
3933  0000        JMP 0
3934  0000        JMP 0
3935  0000        JMP 0
3936  0000        JMP 0
3937  0000        JMP 0
3938  0000        JMP 0
3939  0000        JMP 0
393A  0000        JMP 0
393B  0000        JMP 0
393C  0000        JMP 0
393D  0000        JMP 0
393E  0000        JMP 0
393F  0000        JMP 0
3940  0000        JMP 0
3941  0000        JMP 0
3942  0000        JMP 0
3943  0000        JMP 0
3944  0000        JMP 0
3945  0000        JMP 0
3946  0000        JMP 0
3947  0000        JMP 0
3948  0000        JMP 0
3949  0000        JMP 0
394A  0000        JMP 0
394B  0000        JMP 0
394C  0000        JMP 0
394D  0000        JMP 0
394E  0000        JMP 0
394F  0000        JMP 0
3950  0000        JMP 0
3951  0000        JMP 0
3952  0000        JMP 0
3953  0000        JMP 0
3954  0000        JMP 0
3955  0000        JMP 0
3956  0000        JMP 0
3957  0000        JMP 0
3958  0000        JMP 0
3959  0000        JMP 0
395A  0000        JMP 0
395B  0000        JMP 0
395C  0000        JMP 0
395D  0000        JMP 0
395E  0000        JMP 0
395F  0000        JMP 0
3960  0000        JMP 0
3961  0000        JMP 0
3962  0000        JMP 0
3963  0000        JMP 0
3964  0000        JMP 0
3965  0000        JMP 0
3966  0000        JMP 0
3967  0000        JMP 0
3968  0000        JMP 0
3969  0000        JMP 0
396A  0000        JMP 0
396B  0000        JMP 0
396C  0000        JMP 0
396D  0000        JMP 0
396E  0000        JMP 0
396F  0000        JMP 0
3970  0000        JMP 0
3971  0000        JMP 0
3972  0000        JMP 0
3973  0000        JMP 0
3974  0000        JMP 0
3975  0000        JMP 0
3976  0000        JMP 0
3977  0000        JMP 0
3978  0000        JMP 0
3979  0000        JMP 0
397A  0000        JMP 0
397B  0000        JMP 0
397C  0000        JMP 0
397D  0000        JMP 0
397E  0000        JMP 0
397F  0000        JMP 0
3980  0000        JMP 0
3981  0000        JMP 0
3982  0000        JMP 0
3983  0000        JMP 0
3984  0000        JMP 0
3985  0000        JMP 0
3986  0000        JMP 0
3987  0000        JMP 0
3988  0000        JMP 0
3989  0000        JMP 0
398A  0000        JMP 0
398B  0000        JMP 0
398C  0000        JMP 0
398D  0000        JMP 0
398E  0000        JMP 0
398F  0000        JMP 0
3990  0000        JMP 0
3991  0000        JMP 0
3992  0000        JMP 0
3993  0000        JMP 0
3994  0000        JMP 0
3995  0000        JMP 0
3996  0000        JMP 0
3997  0000        JMP 0
3998  0000        JMP 0
3999  0000        JMP 0
399A  0000        JMP 0
399B  0000        JMP 0
399C  0000        JMP 0
399D  0000        JMP 0
399E  0000        JMP 0
399F  0000        JMP 0
39A0  0000        JMP 0
39A1  0000        JMP 0
39A2  0000        JMP 0
39A3  0000        JMP 0
39A4  0000        JMP 0
39A5  0000        JMP 0
39A6  0000        JMP 0
39A7  0000        JMP 0
39A8  0000        JMP 0
39A9  0000        JMP 0
39AA  0000        JMP 0
39AB  0000        JMP 0
39AC  0000        JMP 0
39AD  0000        JMP 0
39AE  0000        JMP 0
39AF  0000        JMP 0
39B0  0000        JMP 0
39B1  0000        JMP 0
39B2  0000        JMP 0
39B3  0000        JMP 0
39B4  0000        JMP 0
39B5  0000        JMP 0
39B6  0000        JMP 0
39B7  0000        JMP 0
39B8  0000        JMP 0
39B9  0000        JMP 0
39BA  0000        JMP 0
39BB  0000        JMP 0
39BC  0000        JMP 0
39BD  0000        JMP 0
39BE  0000        JMP 0
39BF  0000        JMP 0
39C0  0000        JMP 0
39C1  0000        JMP 0
39C2  0000        JMP 0
39C3  0000        JMP 0
39C4  0000        JMP 0
39C5  0000        JMP 0
39C6  0000        JMP 0
39C7  0000        JMP 0
39C8  0000        JMP 0
39C9  0000        JMP 0
39CA  0000        JMP 0
39CB  0000        JMP 0
39CC  0000        JMP 0
39CD  0000        JMP 0
39CE  0000        JMP 0
39CF  0000        JMP 0
39D0  0000        JMP 0
39D1  0000        JMP 0
39D2  0000        JMP 0
39D3  0000        JMP 0
39D4  0000        JMP 0
39D5  0000        JMP 0
39D6  0000        JMP 0
39D7  0000        JMP 0
39D8  0000        JMP 0
39D9  0000        JMP 0
39DA  0000        JMP 0
39DB  0000        JMP 0
39DC  0000        JMP 0
39DD  0000        JMP 0
39DE  0000        JMP 0
39DF  0000        JMP 0
39E0  0000        JMP 0
39E1  0000        JMP 0
39E2  0000        JMP 0
39E3  0000        JMP 0
39E4  0000        JMP 0
39E5  0000        JMP 0
39E6  0000        JMP 0
39E7  0000        JMP 0
39E8  0000        JMP 0
39E9  0000        JMP 0
39EA  0000        JMP 0
39EB  0000        JMP 0
39EC  0000        JMP 0
39ED  0000        JMP 0
39EE  0000        JMP 0
39EF  0000        JMP 0
39F0  0000        JMP 0
39F1  0000        JMP 0
39F2  0000        JMP 0
39F3  0000        JMP 0
39F4  0000        JMP 0
39F5  0000        JMP 0
39F6  0000        JMP 0
39F7  0000        JMP 0
39F8  0000        JMP 0
39F9  0000        JMP 0
39FA  0000        JMP 0
39FB  0000        JMP 0
39FC  0000        JMP 0
39FD  0000        JMP 0
39FE  0000        JMP 0
39FF  0000        JMP 0
3A00  0000        JMP 0
3A01  0000        JMP 0
3A02  0000        JMP 0
3A03  0000        JMP 0
3A04  0000        JMP 0
3A05  0000        JMP 0
3A06  0000        JMP 0
3A07  0000        JMP 0
3A08  0000        JMP 0
3A09  0000        JMP 0
3A0A  0000        JMP 0
3A0B  0000        JMP 0
3A0C  0000        JMP 0
3A0D  0000        JMP 0
3A0E  0000        JMP 0
3A0F  0000        JMP 0
3A10  0000        JMP 0
3A11  0000        JMP 0
3A12  0000        JMP 0
3A13  0000        JMP 0
3A14  0000        JMP 0
3A15  0000        JMP 0
3A16  0000        JMP 0
3A17  0000        JMP 0
3A18  0000        JMP 0
3A19  0000        JMP 0
3A1A  0000        JMP 0
3A1B  0000        JMP 0
3A1C  0000        JMP 0
3A1D  0000        JMP 0
3A1E  0000        JMP 0
3A1F  0000        JMP 0
3A20  0000        JMP 0
3A21  0000        JMP 0
3A22  0000        JMP 0
3A23  0000        JMP 0
3A24  0000        JMP 0
3A25  0000        JMP 0
3A26  0000        JMP 0
3A27  0000        JMP 0
3A28  0000        JMP 0
3A29  0000        JMP 0
3A2A  0000        JMP 0
3A2B  0000        JMP 0
3A2C  0000        JMP 0
3A2D  0000        JMP 0
3A2E  0000        JMP 0
3A2F  0000        JMP 0
3A30  0000        JMP 0
3A31  0000        JMP 0
3A32  0000        JMP 0
3A33  0000        JMP 0
3A34  0000        JMP 0
3A35  0000        JMP 0
3A36  0000        JMP 0
3A37  0000        JMP 0
3A38  0000        JMP 0
3A39  0000        JMP 0
3A3A  0000        JMP 0
3A3B  0000        JMP 0
3A3C  0000        JMP 0
3A3D  0000        JMP 0
3A3E  0000        JMP 0
3A3F  0000        JMP 0
3A40  0000        JMP 0
3A41  0000        JMP 0
3A42  0000        JMP 0
3A43  0000        JMP 0
3A44  0000        JMP 0
3A45  0000        JMP 0
3A46  0000        JMP 0
3A47  0000        JMP 0
3A48  0000        JMP 0
3A49  0000        JMP 0
3A4A  0000        JMP 0
3A4B  0000        JMP 0
3A4C  0000        JMP 0
3A4D  0000        JMP 0
3A4E  0000        JMP 0
3A4F  0000        JMP 0
3A50  0000        JMP 0
3A51  0000        JMP 0
3A52  0000        JMP 0
3A53  0000        JMP 0
3A54  0000        JMP 0
3A55  0000        JMP 0
3A56  0000        JMP 0
3A57  0000        JMP 0
3A58  0000        JMP 0
3A59  0000        JMP 0
3A5A  0000        JMP 0
3A5B  0000        JMP 0
3A5C  0000        JMP 0
3A5D  0000        JMP 0
3A5E  0000        JMP 0
3A5F  0000        JMP 0
3A60  0000        JMP 0
3A61  0000        JMP 0
3A62  0000        JMP 0
3A63  0000        JMP 0
3A64  0000        JMP 0
3A65  0000        JMP 0
3A66  0000        JMP 0
3A67  0000        JMP 0
3A68  0000        JMP 0
3A69  0000        JMP 0
3A6A  0000        JMP 0
3A6B  0000        JMP 0
3A6C  0000        JMP 0
3A6D  0000        JMP 0
3A6E  0000        JMP 0
3A6F  0000        JMP 0
3A70  0000        JMP 0
3A71  0000        JMP 0
3A72  0000        JMP 0
3A73  0000        JMP 0
3A74  0000        JMP 0
3A75  0000        JMP 0
3A76  0000        JMP 0
3A77  0000        JMP 0
3A78  0000        JMP 0
3A79  0000        JMP 0
3A7A  0000        JMP 0
3A7B  0000        JMP 0
3A7C  0000        JMP 0
3A7D  0000        JMP 0
3A7E  0000        JMP 0
3A7F  0000        JMP 0
3A80  0000        JMP 0
3A81  0000        JMP 0
3A82  0000        JMP 0
3A83  0000        JMP 0
3A84  0000        JMP 0
3A85  0000        JMP 0
3A86  0000        JMP 0
3A87  0000        JMP 0
3A88  0000        JMP 0
3A89  0000        JMP 0
3A8A  0000        JMP 0
3A8B  0000        JMP 0
3A8C  0000        JMP 0
3A8D  0000        JMP 0
3A8E  0000        JMP 0
3A8F  0000        JMP 0
3A90  0000        JMP 0
3A91  0000        JMP 0
3A92  0000        JMP 0
3A93  0000        JMP 0
3A94  0000        JMP 0
3A95  0000        JMP 0
3A96  0000        JMP 0
3A97  0000        JMP 0
3A98  0000        JMP 0
3A99  0000        JMP 0
3A9A  0000        JMP 0
3A9B  0000        JMP 0
3A9C  0000        JMP 0
3A9D  0000        JMP 0
3A9E  0000        JMP 0
3A9F  0000        JMP 0
3AA0  0000        JMP 0
3AA1  0000        JMP 0
3AA2  0000        JMP 0
3AA3  0000        JMP 0
3AA4  0000        JMP 0
3AA5  0000        JMP 0
3AA6  0000        JMP 0
3AA7  0000        JMP 0
3AA8  0000        JMP 0
3AA9  0000        JMP 0
3AAA  0000        JMP 0
3AAB  0000        JMP 0
3AAC  0000        JMP 0
3AAD  0000        JMP 0
3AAE  0000        JMP 0
3AAF  0000        JMP 0
3AB0  0000        JMP 0
3AB1  0000        JMP 0
3AB2  0000        JMP 0
3AB3  0000        JMP 0
3AB4  0000        JMP 0
3AB5  0000        JMP 0
3AB6  0000        JMP 0
3AB7  0000        JMP 0
3AB8  0000        JMP 0
3AB9  0000        JMP 0
3ABA  0000        JMP 0
3ABB  0000        JMP 0
3ABC  0000        JMP 0
3ABD  0000        JMP 0
3ABE  0000        JMP 0
3ABF  0000        JMP 0
3AC0  0000        JMP 0
3AC1  0000        JMP 0
3AC2  0000        JMP 0
3AC3  0000        JMP 0
3AC4  0000        JMP 0
3AC5  0000        JMP 0
3AC6  0000        JMP 0
3AC7  0000        JMP 0
3AC8  0000        JMP 0
3AC9  0000        JMP 0
3ACA  0000        JMP 0
3ACB  0000        JMP 0
3ACC  0000        JMP 0
3ACD  0000        JMP 0
3ACE  0000        JMP 0
3ACF  0000        JMP 0
3AD0  0000        JMP 0
3AD1  0000        JMP 0
3AD2  0000        JMP 0
3AD3  0000        JMP 0
3AD4  0000        JMP 0
3AD5  0000        JMP 0
3AD6  0000        JMP 0
3AD7  0000        JMP 0
3AD8  0000        JMP 0
3AD9  0000        JMP 0
3ADA  0000        JMP 0
3ADB  0000        JMP 0
3ADC  0000        JMP 0
3ADD  0000        JMP 0
3ADE  0000        JMP 0
3ADF  0000        JMP 0
3AE0  0000        JMP 0
3AE1  0000        JMP 0
3AE2  0000        JMP 0
3AE3  0000        JMP 0
3AE4  0000        JMP 0
3AE5  0000        JMP 0
3AE6  0000        JMP 0
3AE7  0000        JMP 0
3AE8  0000        JMP 0
3AE9  0000        JMP 0
3AEA  0000        JMP 0
3AEB  0000        JMP 0
3AEC  0000        JMP 0
3AED  0000        JMP 0
3AEE  0000        JMP 0
3AEF  0000        JMP 0
3AF0  0000        JMP 0
3AF1  0000        JMP 0
3AF2  0000        JMP 0
3AF3  0000        JMP 0
3AF4  0000        JMP 0
3AF5  0000        JMP 0
3AF6  0000        JMP 0
3AF7  0000        JMP 0
3AF8  0000        JMP 0
3AF9  0000        JMP 0
3AFA  0000        JMP 0
3AFB  0000        JMP 0
3AFC  0000        JMP 0
3AFD  0000        JMP 0
3AFE  0000        JMP 0
3AFF  0000        JMP 0
3B00  0000        JMP 0
3B01  0000        JMP 0
3B02  0000        JMP 0
3B03  0000        JMP 0
3B04  0000        JMP 0
3B05  0000        JMP 0
3B06  0000        JMP 0
3B07  0000        JMP 0
3B08  0000        JMP 0
3B09  0000        JMP 0
3B0A  0000        JMP 0
3B0B  0000        JMP 0
3B0C  0000        JMP 0
3B0D  0000        JMP 0
3B0E  0000        JMP 0
3B0F  0000        JMP 0
3B10  0000        JMP 0
3B11  0000        JMP 0
3B12  0000        JMP 0
3B13  0000        JMP 0
3B14  0000        JMP 0
3B15  0000        JMP 0
3B16  0000        JMP 0
3B17  0000        JMP 0
3B18  0000        JMP 0
3B19  0000        JMP 0
3B1A  0000        JMP 0
3B1B  0000        JMP 0
3B1C  0000        JMP 0
3B1D  0000        JMP 0
3B1E  0000        JMP 0
3B1F  0000        JMP 0
3B20  0000        JMP 0
3B21  0000        JMP 0
3B22  0000        JMP 0
3B23  0000        JMP 0
3B24  0000        JMP 0
3B25  0000        JMP 0
3B26  0000        JMP 0
3B27  0000        JMP 0
3B28  0000        JMP 0
3B29  0000        JMP 0
3B2A  0000        JMP 0
3B2B  0000        JMP 0
3B2C  0000        JMP 0
3B2D  0000        JMP 0
3B2E  0000        JMP 0
3B2F  0000        JMP 0
3B30  0000        JMP 0
3B31  0000        JMP 0
3B32  0000        JMP 0
3B33  0000        JMP 0
3B34  0000        JMP 0
3B35  0000        JMP 0
3B36  0000        JMP 0
3B37  0000        JMP 0
3B38  0000        JMP 0
3B39  0000        JMP 0
3B3A  0000        JMP 0
3B3B  0000        JMP 0
3B3C  0000        JMP 0
3B3D  0000        JMP 0
3B3E  0000        JMP 0
3B3F  0000        JMP 0
3B40  0000        JMP 0
3B41  0000        JMP 0
3B42  0000        JMP 0
3B43  0000        JMP 0
3B44  0000        JMP 0
3B45  0000        JMP 0
3B46  0000        JMP 0
3B47  0000        JMP 0
3B48  0000        JMP 0
3B49  0000        JMP 0
3B4A  0000        JMP 0
3B4B  0000        JMP 0
3B4C  0000        JMP 0
3B4D  0000        JMP 0
3B4E  0000        JMP 0
3B4F  0000        JMP 0
3B50  0000        JMP 0
3B51  0000        JMP 0
3B52  0000        JMP 0
3B53  0000        JMP 0
3B54  0000        JMP 0
3B55  0000        JMP 0
3B56  0000        JMP 0
3B57  0000        JMP 0
3B58  0000        JMP 0
3B59  0000        JMP 0
3B5A  0000        JMP 0
3B5B  0000        JMP 0
3B5C  0000        JMP 0
3B5D  0000        JMP 0
3B5E  0000        JMP 0
3B5F  0000        JMP 0
3B60  0000        JMP 0
3B61  0000        JMP 0
3B62  0000        JMP 0
3B63  0000        JMP 0
3B64  0000        JMP 0
3B65  0000        JMP 0
3B66  0000        JMP 0
3B67  0000        JMP 0
3B68  0000        JMP 0
3B69  0000        JMP 0
3B6A  0000        JMP 0
3B6B  0000        JMP 0
3B6C  0000        JMP 0
3B6D  0000        JMP 0
3B6E  0000        JMP 0
3B6F  0000        JMP 0
3B70  0000        JMP 0
3B71  0000        JMP 0
3B72  0000        JMP 0
3B73  0000        JMP 0
3B74  0000        JMP 0
3B75  0000        JMP 0
3B76  0000        JMP 0
3B77  0000        JMP 0
3B78  0000        JMP 0
3B79  0000        JMP 0
3B7A  0000        JMP 0
3B7B  0000        JMP 0
3B7C  0000        JMP 0
3B7D  0000        JMP 0
3B7E  0000        JMP 0
3B7F  0000        JMP 0
3B80  0000        JMP 0
3B81  0000        JMP 0
3B82  0000        JMP 0
3B83  0000        JMP 0
3B84  0000        JMP 0
3B85  0000        JMP 0
3B86  0000        JMP 0
3B87  0000        JMP 0
3B88  0000        JMP 0
3B89  0000        JMP 0
3B8A  0000        JMP 0
3B8B  0000        JMP 0
3B8C  0000        JMP 0
3B8D  0000        JMP 0
3B8E  0000        JMP 0
3B8F  0000        JMP 0
3B90  0000        JMP 0
3B91  0000        JMP 0
3B92  0000        JMP 0
3B93  0000        JMP 0
3B94  0000        JMP 0
3B95  0000        JMP 0
3B96  0000        JMP 0
3B97  0000        JMP 0
3B98  0000        JMP 0
3B99  0000        JMP 0
3B9A  0000        JMP 0
3B9B  0000        JMP 0
3B9C  0000        JMP 0
3B9D  0000        JMP 0
3B9E  0000        JMP 0
3B9F  0000        JMP 0
3BA0  0000        JMP 0
3BA1  0000        JMP 0
3BA2  0000        JMP 0
3BA3  0000        JMP 0
3BA4  0000        JMP 0
3BA5  0000        JMP 0
3BA6  0000        JMP 0
3BA7  0000        JMP 0
3BA8  0000        JMP 0
3BA9  0000        JMP 0
3BAA  0000        JMP 0
3BAB  0000        JMP 0
3BAC  0000        JMP 0
3BAD  0000        JMP 0
3BAE  0000        JMP 0
3BAF  0000        JMP 0
3BB0  0000        JMP 0
3BB1  0000        JMP 0
3BB2  0000        JMP 0
3BB3  0000        JMP 0
3BB4  0000        JMP 0
3BB5  0000        JMP 0
3BB6  0000        JMP 0
3BB7  0000        JMP 0
3BB8  0000        JMP 0
3BB9  0000        JMP 0
3BBA  0000        JMP 0
3BBB  0000        JMP 0
3BBC  0000        JMP 0
3BBD  0000        JMP 0
3BBE  0000        JMP 0
3BBF  0000        JMP 0
3BC0  0000        JMP 0
3BC1  0000        JMP 0
3BC2  0000        JMP 0
3BC3  0000        JMP 0
3BC4  0000        JMP 0
3BC5  0000        JMP 0
3BC6  0000        JMP 0
3BC7  0000        JMP 0
3BC8  0000        JMP 0
3BC9  0000        JMP 0
3BCA  0000        JMP 0
3BCB  0000        JMP 0
3BCC  0000        JMP 0
3BCD  0000        JMP 0
3BCE  0000        JMP 0
3BCF  0000        JMP 0
3BD0  0000        JMP 0
3BD1  0000        JMP 0
3BD2  0000        JMP 0
3BD3  0000        JMP 0
3BD4  0000        JMP 0
3BD5  0000        JMP 0
3BD6  0000        JMP 0
3BD7  0000        JMP 0
3BD8  0000        JMP 0
3BD9  0000        JMP 0
3BDA  0000        JMP 0
3BDB  0000        JMP 0
3BDC  0000        JMP 0
3BDD  0000        JMP 0
3BDE  0000        JMP 0
3BDF  0000        JMP 0
3BE0  0000        JMP 0
3BE1  0000        JMP 0
3BE2  0000        JMP 0
3BE3  0000        JMP 0
3BE4  0000        JMP 0
3BE5  0000        JMP 0
3BE6  0000        JMP 0
3BE7  0000        JMP 0
3BE8  0000        JMP 0
3BE9  0000        JMP 0
3BEA  0000        JMP 0
3BEB  0000        JMP 0
3BEC  0000        JMP 0
3BED  0000        JMP 0
3BEE  0000        JMP 0
3BEF  0000        JMP 0
3BF0  0000        JMP 0
3BF1  0000        JMP 0
3BF2  0000        JMP 0
3BF3  0000        JMP 0
3BF4  0000        JMP 0
3BF5  0000        JMP 0
3BF6  0000        JMP 0
3BF7  0000        JMP 0
3BF8  0000        JMP 0
3BF9  0000        JMP 0
3BFA  0000        JMP 0
3BFB  0000        JMP 0
3BFC  0000        JMP 0
3BFD  0000        JMP 0
3BFE  0000        JMP 0
3BFF  0000        JMP 0
3C00  0050        JMP 80
3C01  002D        JMP 45
3C02  000F        JMP 15
3C03  0001        JMP 1
3C04  001C        JMP 28
3C05  0000        JMP 0
3C06  001B        JMP 27
3C07  001F        JMP 31
3C08  001E        JMP 30
3C09  0015        JMP 21
3C0A  0014        JMP 20
3C0B  0065        JMP 101
3C0C  0064        JMP 100
3C0D  0003        JMP 3
3C0E  000A        JMP 10
3C0F  0600        JMP @0,2
3C10  0200        JMP 0,2
3C11  0028        JMP 40
3C12  0002        JMP 2
3C13  0400        JMP @0
3C14  0018        JMP 24
3C15  000C        JMP 12
3C16  0004        JMP 4
3C17  002A        JMP 42
3C18  0020        JMP 32
3C19  0084        JMP 132
3C1A  0100        JMP 0,PC   ; -> 3C1A
3C1B  0080        JMP 128
3C1C  0000        JMP 0
3C1D  7840        IO   7840
3C1E  0002        JMP 2
3C1F  0002        JMP 2
3C20  0A3C        JSR 60,2
3C21  0000        JMP 0
3C22  784A        IO   784A
3C23  0001        JMP 1
3C24  0001        JMP 1
3C25  2F00        LDA 1,@0,3
3C26  7852        IO   7852
3C27  0001        JMP 1
3C28  0001        JMP 1
3C29  3D00        LDA 3,@0,PC   ; -> 3C29
3C2A  785A        IO   785A
3C2B  0001        JMP 1
3C2C  0001        JMP 1
3C2D  0A00        JSR 0,2
3C2E  7862        IO   7862
3C2F  0007        JMP 7
3C30  0007        JMP 7
3C31  5449        STA 2,@73
3C32  4D45        STA 1,@69,PC   ; -> 3C77
3C33  4F55        STA 1,@85,3
3C34  5400        STA 2,@0
3C35  0001        JMP 1
3C36  00C8        JMP 200
3C37  0016        JMP 22
3C38  003B        JMP 59
3C39  003C        JMP 60
3C3A  FFFF        ANDCS# 3,3,SBN
3C3B  0011        JMP 17
3C3C  0012        JMP 18
3C3D  7880        IO   7880
3C3E  0013        JMP 19
3C3F  0013        JMP 19
3C40  596F        STA 3,111,PC   ; -> 3CAF
3C41  7520        IO   7520
3C42  6361        IO   6361
3C43  6E27        IO   6E27
3C44  7420        IO   7420
3C45  676F        IO   676F
3C46  2074        LDA 0,116
3C47  6865        IO   6865
3C48  7265        IO   7265
3C49  0A00        JSR 0,2
3C4A  0022        JMP 34
3C4B  789C        IO   789C
3C4C  0005        JMP 5
3C4D  0005        JMP 5
3C4E  5348        STA 2,72,3
3C4F  454C        STA 0,@76,PC   ; -> 3C9B
3C50  4C00        STA 1,@0
3C51  003E        JMP 62
3C52  00A4        JMP 164
3C53  78AC        IO   78AC
3C54  0001        JMP 1
3C55  0001        JMP 1
3C56  0700        JMP @0,3
3C57  0001        JMP 1
3C58  000C        JMP 12
3C59  4FC2        STA 1,@-62,3
3C5A  4FCA        STA 1,@-54,3
3C5B  4FD2        STA 1,@-46,3
3C5C  4FDA        STA 1,@-38,3
3C5D  4FE2        STA 1,@-30,3
3C5E  4FEA        STA 1,@-22,3
3C5F  4FF2        STA 1,@-14,3
3C60  4FFA        STA 1,@-6,3
3C61  5002        STA 2,2
3C62  500A        STA 2,10
3C63  5012        STA 2,18
3C64  501A        STA 2,26
3C65  0020        JMP 32
3C66  0050        JMP 80
3C67  0000        JMP 0
3C68  0001        JMP 1
3C69  0001        JMP 1
3C6A  78DA        IO   78DA
3C6B  0001        JMP 1
3C6C  0001        JMP 1
3C6D  2000        LDA 0,0
3C6E  0002        JMP 2
3C6F  78E4        IO   78E4
3C70  0005        JMP 5
3C71  0005        JMP 5
3C72  5768        STA 2,@104,3
3C73  6174        IO   6174
3C74  3F00        LDA 3,@0,3
3C75  0006        JMP 6
3C76  FFFF        ANDCS# 3,3,SBN
3C77  78F4        IO   78F4
3C78  001D        JMP 29
3C79  001D        JMP 29
3C7A  4920        STA 1,32,PC   ; -> 3C9A
3C7B  646F        IO   646F
3C7C  6E27        IO   6E27
3C7D  7420        IO   7420
3C7E  756E        IO   756E
3C7F  6465        IO   6465
3C80  7273        IO   7273
3C81  7461        IO   7461
3C82  6E64        IO   6E64
3C83  2074        LDA 0,116
3C84  6865        IO   6865
3C85  2077        LDA 0,119
3C86  6F72        IO   6F72
3C87  6420        IO   6420
3C88  2700        LDA 0,@0,3
3C89  7918        IO   7918
3C8A  0001        JMP 1
3C8B  0001        JMP 1
3C8C  2700        LDA 0,@0,3
3C8D  0076        JMP 118
3C8E  007C        JMP 124
3C8F  0003        JMP 3
3C90  000F        JMP 15
3C91  7928        IO   7928
3C92  0022        JMP 34
3C93  0022        JMP 34
3C94  5468        STA 2,@104
3C95  6174        IO   6174
3C96  2064        LDA 0,100
3C97  6F65        IO   6F65
3C98  736E        IO   736E
3C99  2774        LDA 0,@116,3
3C9A  206D        LDA 0,109
3C9B  616B        IO   616B
3C9C  6520        IO   6520
3C9D  6D75        IO   6D75
3C9E  6368        IO   6368
3C9F  2073        LDA 0,115
3CA0  656E        IO   656E
3CA1  7365        IO   7365
3CA2  2074        LDA 0,116
3CA3  6F20        IO   6F20
3CA4  6D65        IO   6D65
3CA5  0000        JMP 0
3CA6  7952        IO   7952
3CA7  0020        JMP 32
3CA8  0020        JMP 32
3CA9  536F        STA 2,111,3
3CAA  7272        IO   7272
3CAB  7920        IO   7920
3CAC  2E2E        LDA 1,@46,2
3CAD  2E20        LDA 1,@32,2
3CAE  4920        STA 1,32,PC   ; -> 3CCE
3CAF  636F        IO   636F
3CB0  756C        IO   756C
3CB1  6420        IO   6420
3CB2  6E6F        IO   6E6F
3CB3  7420        IO   7420
3CB4  7061        IO   7061
3CB5  7273        IO   7273
3CB6  6520        IO   6520
3CB7  7468        IO   7468
3CB8  6174        IO   6174
3CB9  0000        JMP 0
3CBA  0006        JMP 6
3CBB  0003        JMP 3
3CBC  797E        IO   797E
3CBD  0006        JMP 6
3CBE  0006        JMP 6
3CBF  454E        STA 0,@78,PC   ; -> 3D0D
3CC0  4456        STA 0,@86
3CC1  4F43        STA 1,@67,3
3CC2  0000        JMP 0
3CC3  0000        JMP 0
3CC4  0002        JMP 2
3CC5  0013        JMP 19
3CC6  0000        JMP 0
3CC7  0001        JMP 1
3CC8  0004        JMP 4
3CC9  007F        JMP 127
3CCA  0001        JMP 1
3CCB  0080        JMP 128
3CCC  0009        JMP 9
3CCD  1388        ISZ -120,3
3CCE  FFFF        ANDCS# 3,3,SBN
3CCF  0000        JMP 0
3CD0  0001        JMP 1
3CD1  8000        COM 0,0
3CD2  7FFF        IO   7FFF
3CD3  0040        JMP 64
3CD4  0020        JMP 32
3CD5  FFFF        ANDCS# 3,3,SBN
3CD6  0022        JMP 34
3CD7  79B4        IO   79B4
3CD8  0004        JMP 4
3CD9  0004        JMP 4
3CDA  434D        STA 0,77,3
3CDB  4431        STA 0,@49
3CDC  0000        JMP 0
3CDD  0000        JMP 0
3CDE  0000        JMP 0
3CDF  0002        JMP 2
3CE0  0AF1        JSR -15,2
3CE1  0001        JMP 1
3CE2  0003        JMP 3
3CE3  000F        JMP 15
3CE4  00C0        JMP 192
3CE5  0100        JMP 0,PC   ; -> 3CE5
3CE6  0128        JMP 40,PC   ; -> 3D0E
3CE7  0025        JMP 37
3CE8  0047        JMP 71
3CE9  002D        JMP 45
3CEA  0026        JMP 38
3CEB  005C        JMP 92
3CEC  0AF9        JSR -7,2
3CED  0036        JMP 54
3CEE  0001        JMP 1
3CEF  0003        JMP 3
3CF0  54CE        STA 2,@206
3CF1  55D0        STA 2,@-48,PC   ; -> 3CC1
3CF2  564A        STA 2,@74,2
3CF3  FFFD        ANDCS# 3,3,SNR
3CF4  0003        JMP 3
3CF5  0008        JMP 8
3CF6  0007        JMP 7
3CF7  FFFC        ANDCS# 3,3,SZR
3CF8  0005        JMP 5
3CF9  05DC        JMP @-36,PC   ; -> 3CD5
3CFA  0004        JMP 4
3CFB  79FC        IO   79FC
3CFC  0001        JMP 1
3CFD  0001        JMP 1
3CFE  2000        LDA 0,0
3CFF  0006        JMP 6
3D00  09C4        JSR -60,PC   ; -> 3CC4
3D01  FFFE        ANDCS# 3,3,SEZ
3D02  0000        JMP 0
3D03  01FF        JMP -1,PC   ; -> 3D02
3D04  01F4        JMP -12,PC   ; -> 3CF8
3D05  0001        JMP 1
3D06  FFFF        ANDCS# 3,3,SBN
3D07  0002        JMP 2
3D08  00AB        JMP 171
3D09  0013        JMP 19
3D0A  001C        JMP 28
3D0B  0001        JMP 1
3D0C  0064        JMP 100
3D0D  0002        JMP 2
3D0E  00C8        JMP 200
3D0F  0003        JMP 3
3D10  01F4        JMP -12,PC   ; -> 3D04
3D11  0004        JMP 4
3D12  05DC        JMP @-36,PC   ; -> 3CEE
3D13  0005        JMP 5
3D14  09C4        JSR -60,PC   ; -> 3CD8
3D15  0006        JMP 6
3D16  0A8C        JSR -116,2
3D17  0007        JMP 7
3D18  0BB8        JSR -72,3
3D19  0008        JMP 8
3D1A  1388        ISZ -120,3
3D1B  0009        JMP 9
3D1C  0064        JMP 100
3D1D  000F        JMP 15
3D1E  0001        JMP 1
3D1F  0010        JMP 16
3D20  0000        JMP 0
3D21  0020        JMP 32
3D22  0002        JMP 2
3D23  0A8F        JSR -113,2
3D24  0003        JMP 3
3D25  0000        JMP 0
3D26  FFFF        ANDCS# 3,3,SBN
3D27  0001        JMP 1
3D28  00AC        JMP 172
3D29  07D0        JMP @-48,3
3D2A  0136        JMP 54,PC   ; -> 3D60
3D2B  0137        JMP 55,PC   ; -> 3D62
3D2C  0004        JMP 4
3D2D  7A60        IO   7A60
3D2E  0003        JMP 3
3D2F  0003        JMP 3
3D30  4C4F        STA 1,@79
3D31  5000        STA 2,0
3D32  0020        JMP 32
3D33  7A6C        IO   7A6C
3D34  0003        JMP 3
3D35  0003        JMP 3
3D36  4C41        STA 1,@65
3D37  5400        STA 2,@0
3D38  7A76        IO   7A76
3D39  0003        JMP 3
3D3A  0003        JMP 3
3D3B  4E4C        STA 1,@76,2
3D3C  4E00        STA 1,@0,2
3D3D  00A1        JMP 161
3D3E  7A82        IO   7A82
3D3F  0003        JMP 3
3D40  0003        JMP 3
3D41  4C49        STA 1,@73
3D42  4E00        STA 1,@0,2
3D43  0005        JMP 5
3D44  00A2        JMP 162
3D45  0036        JMP 54
3D46  0200        JMP 0,2
3D47  0161        JMP 97,PC   ; -> 3DA8
3D48  8000        COM 0,0
3D49  0169        JMP 105,PC   ; -> 3DB2
3D4A  00A0        JMP 160
3D4B  0005        JMP 5
3D4C  0001        JMP 1
3D4D  0004        JMP 4
3D4E  0006        JMP 6
3D4F  03FF        JMP -1,3
3D50  575D        STA 2,@93,3
3D51  00CE        JMP 206
3D52  0000        JMP 0
3D53  0001        JMP 1
3D54  0001        JMP 1
3D55  0004        JMP 4
3D56  03FF        JMP -1,3
3D57  575D        STA 2,@93,3
3D58  0000        JMP 0
3D59  000A        JMP 10
3D5A  FFFF        ANDCS# 3,3,SBN
3D5B  0000        JMP 0
3D5C  0000        JMP 0
3D5D  0001        JMP 1
3D5E  00FF        JMP 255
3D5F  0001        JMP 1
3D60  0008        JMP 8
3D61  0177        JMP 119,PC   ; -> 3DD8
3D62  7ACA        IO   7ACA
3D63  0001        JMP 1
3D64  0001        JMP 1
3D65  0A00        JSR 0,2
3D66  0001        JMP 1
3D67  0004        JMP 4
3D68  0007        JMP 7
3D69  03FF        JMP -1,3
3D6A  575D        STA 2,@93,3
3D6B  0000        JMP 0
3D6C  000A        JMP 10
3D6D  0050        JMP 80
3D6E  0001        JMP 1
3D6F  0004        JMP 4
3D70  0007        JMP 7
3D71  03FF        JMP -1,3
3D72  575D        STA 2,@93,3
3D73  7AEC        IO   7AEC
3D74  0001        JMP 1
3D75  0001        JMP 1
3D76  2F00        LDA 1,@0,3
3D77  0000        JMP 0
3D78  000A        JMP 10
3D79  0004        JMP 4
3D7A  0008        JMP 8
3D7B  006F        JMP 111
3D7C  0000        JMP 0
3D7D  0064        JMP 100
3D7E  0001        JMP 1
3D7F  0065        JMP 101
3D80  0000        JMP 0
3D81  0019        JMP 25
3D82  0001        JMP 1
3D83  0006        JMP 6
3D84  5F27        STA 3,@39,3
3D85  5F2F        STA 3,@47,3
3D86  5F45        STA 3,@69,3
3D87  5F4D        STA 3,@77,3
3D88  5F55        STA 3,@85,3
3D89  5F5D        STA 3,@93,3
3D8A  0003        JMP 3
3D8B  0600        JMP @0,2
3D8C  0009        JMP 9
3D8D  0000        JMP 0
3D8E  7B22        IO   7B22
3D8F  0001        JMP 1
3D90  0001        JMP 1
3D91  0A00        JSR 0,2
3D92  0001        JMP 1
3D93  000A        JMP 10
3D94  000D        JMP 13
3D95  1FFF        DSZ @-1,3
3D96  FFF3        ANDCS 3,3,SNC
3D97  0014        JMP 20
3D98  0001        JMP 1
3D99  0000        JMP 0
3D9A  0000        JMP 0
3D9B  0046        JMP 70
3D9C  0047        JMP 71
3D9D  0001        JMP 1
3D9E  0AF2        JSR -14,2
3D9F  0002        JMP 2
3DA0  FFFF        ANDCS# 3,3,SBN
3DA1  0000        JMP 0
3DA2  000F        JMP 15
3DA3  0003        JMP 3
3DA4  0002        JMP 2
3DA5  0023        JMP 35
3DA6  000D        JMP 13
3DA7  001E        JMP 30
3DA8  000E        JMP 14
3DA9  0020        JMP 32
3DAA  0011        JMP 17
3DAB  0009        JMP 9
3DAC  006D        JMP 109
3DAD  009B        JMP 155
3DAE  0115        JMP 21,PC   ; -> 3DC3
3DAF  00C0        JMP 192
3DB0  0100        JMP 0,PC   ; -> 3DB0
3DB1  0000        JMP 0
3DB2  0005        JMP 5
3DB3  8000        COM 0,0
3DB4  0093        JMP 147
3DB5  00F5        JMP 245
3DB6  0001        JMP 1
3DB7  0400        JMP @0
3DB8  002B        JMP 43
3DB9  000A        JMP 10
3DBA  0077        JMP 119
3DBB  0064        JMP 100
3DBC  0001        JMP 1
3DBD  001D        JMP 29
3DBE  0010        JMP 16
3DBF  0056        JMP 86
3DC0  0057        JMP 87
3DC1  006B        JMP 107
3DC2  FFFF        ANDCS# 3,3,SBN
3DC3  0068        JMP 104
3DC4  008F        JMP 143
3DC5  00A4        JMP 164
3DC6  0031        JMP 49
3DC7  000B        JMP 11
3DC8  1000        ISZ 0
3DC9  000F        JMP 15
3DCA  0014        JMP 20
3DCB  0001        JMP 1
3DCC  0000        JMP 0
3DCD  0000        JMP 0
3DCE  0001        JMP 1
3DCF  0003        JMP 3
3DD0  0000        JMP 0
3DD1  000F        JMP 15
3DD2  0006        JMP 6
3DD3  0077        JMP 119
3DD4  0064        JMP 100
3DD5  0000        JMP 0
3DD6  0100        JMP 0,PC   ; -> 3DD6
3DD7  0400        JMP @0
3DD8  0005        JMP 5
3DD9  0001        JMP 1
3DDA  002B        JMP 43
3DDB  000A        JMP 10
3DDC  0002        JMP 2
3DDD  0031        JMP 49
3DDE  0046        JMP 70
3DDF  006B        JMP 107
3DE0  0001        JMP 1
3DE1  003C        JMP 60
3DE2  0003        JMP 3
3DE3  0024        JMP 36
3DE4  001E        JMP 30
3DE5  001D        JMP 29
3DE6  0000        JMP 0
3DE7  FFEF        ANDOS# 3,3,SBN
3DE8  0056        JMP 86
3DE9  0057        JMP 87
3DEA  009C        JMP 156
3DEB  FFFF        ANDCS# 3,3,SBN
3DEC  009B        JMP 155
3DED  011F        JMP 31,PC   ; -> 3E0C
3DEE  000B        JMP 11
3DEF  2000        LDA 0,0
3DF0  0032        JMP 50
3DF1  000A        JMP 10
3DF2  0005        JMP 5
3DF3  003C        JMP 60
3DF4  0000        JMP 0
3DF5  0018        JMP 24
3DF6  0001        JMP 1
3DF7  7BF4        IO   7BF4
3DF8  000E        JMP 14
3DF9  000E        JMP 14
3DFA  4974        STA 1,116,PC   ; -> 3E6E
3DFB  2069        LDA 0,105
3DFC  7320        IO   7320
3DFD  6E6F        IO   6E6F
3DFE  7720        IO   7720
3DFF  233A        LDA 0,58,3
3E00  230A        LDA 0,10,3
3E01  0000        JMP 0
3E02  0002        JMP 2
3E03  7C0C        IO   7C0C
3E04  0005        JMP 5
3E05  0005        JMP 5
3E06  6C6F        IO   6C6F
3E07  6361        IO   6361
3E08  6C00        IO   6C00
3E09  7C18        IO   7C18
3E0A  0007        JMP 7
3E0B  0007        JMP 7
3E0C  6578        IO   6578
3E0D  7072        IO   7072
3E0E  6573        IO   6573
3E0F  7300        IO   7300
3E10  0024        JMP 36
3E11  0054        JMP 84
3E12  0052        JMP 82
3E13  0053        JMP 83
3E14  0012        JMP 18
3E15  0020        JMP 32
3E16  0001        JMP 1
3E17  00FF        JMP 255
3E18  FFFF        ANDCS# 3,3,SBN
3E19  0000        JMP 0
3E1A  000C        JMP 12
3E1B  0001        JMP 1
3E1C  0028        JMP 40
3E1D  0008        JMP 8
3E1E  FF00        AND 3,3
3E1F  0071        JMP 113
3E20  00CD        JMP 205
3E21  000A        JMP 10
3E22  0023        JMP 35
3E23  0037        JMP 55
3E24  0000        JMP 0
3E25  0004        JMP 4
3E26  00E8        JMP 232
3E27  000F        JMP 15
3E28  0009        JMP 9
3E29  7C58        IO   7C58
3E2A  000C        JMP 12
3E2B  000C        JMP 12
3E2C  3A4D        LDA 3,77,2
3E2D  4149        STA 0,73,PC   ; -> 3E76
3E2E  4C3A        STA 1,@58
3E2F  5441        STA 2,@65
3E30  424F        STA 0,79,2
3E31  5254        STA 2,84,2
3E32  0000        JMP 0
3E33  0072        JMP 114
3E34  00A0        JMP 160
3E35  0001        JMP 1
3E36  000A        JMP 10
3E37  0000        JMP 0
3E38  8000        COM 0,0
3E39  0020        JMP 32
3E3A  7C7A        IO   7C7A
3E3B  0001        JMP 1
3E3C  0001        JMP 1
3E3D  2500        LDA 0,@0,PC   ; -> 3E3D
3E3E  7C82        IO   7C82
3E3F  0001        JMP 1
3E40  0001        JMP 1
3E41  4000        STA 0,0
3E42  0000        JMP 0
3E43  7C8C        IO   7C8C
3E44  0009        JMP 9
3E45  0009        JMP 9
3E46  5468        STA 2,@104
3E47  6572        IO   6572
3E48  6520        IO   6520
3E49  6973        IO   6973
3E4A  2000        LDA 0,0
3E4B  7C9C        IO   7C9C
3E4C  0006        JMP 6
3E4D  0006        JMP 6
3E4E  2068        LDA 0,104
3E4F  6572        IO   6572
3E50  650A        IO   650A
3E51  0000        JMP 0
3E52  0002        JMP 2
3E53  7CAC        IO   7CAC
3E54  0001        JMP 1
3E55  0001        JMP 1
3E56  0A00        JSR 0,2
3E57  0100        JMP 0,PC   ; -> 3E57
3E58  0001        JMP 1
3E59  0200        JMP 0,2
3E5A  0020        JMP 32
3E5B  0040        JMP 64
3E5C  007C        JMP 124
3E5D  7CC0        IO   7CC0
3E5E  0009        JMP 9
3E5F  0009        JMP 9
3E60  4E6F        STA 1,@111,2
3E61  7468        IO   7468
3E62  696E        IO   696E
3E63  6721        IO   6721
3E64  0A00        JSR 0,2
3E65  7CD0        IO   7CD0
3E66  0020        JMP 32
3E67  0020        JMP 32
3E68  0A59        JSR 89,2
3E69  6F75        IO   6F75
3E6A  2061        LDA 0,97
3E6B  7265        IO   7265
3E6C  2077        LDA 0,119
3E6D  6561        IO   6561
3E6E  7269        IO   7269
3E6F  6E67        IO   6E67
3E70  2074        LDA 0,116
3E71  6865        IO   6865
3E72  2066        LDA 0,102
3E73  6F6C        IO   6F6C
3E74  6C6F        IO   6C6F
3E75  7769        IO   7769
3E76  6E67        IO   6E67
3E77  3A0A        LDA 3,10,2
3E78  0000        JMP 0
3E79  7FFF        IO   7FFF
3E7A  0001        JMP 1
3E7B  000F        JMP 15
3E7C  0000        JMP 0
3E7D  FFF0        ANDCS 3,3
3E7E  0000        JMP 0
3E7F  FDFF        SUBCS# 3,3,SBN
3E80  0050        JMP 80
3E81  000C        JMP 12
3E82  000D        JMP 13
3E83  0000        JMP 0
3E84  7D0E        IO   7D0E
3E85  0001        JMP 1
3E86  0001        JMP 1
3E87  0A00        JSR 0,2
3E88  0006        JMP 6
3E89  0020        JMP 32
3E8A  7D1A        IO   7D1A
3E8B  0007        JMP 7
3E8C  0007        JMP 7
3E8D  5449        STA 2,@73
3E8E  4D45        STA 1,@69,PC   ; -> 3ED3
3E8F  4F55        STA 1,@85,3
3E90  5400        STA 2,@0
3E91  0050        JMP 80
3E92  0001        JMP 1
3E93  7D2C        IO   7D2C
3E94  0001        JMP 1
3E95  0001        JMP 1
3E96  2000        LDA 0,0
3E97  7D34        IO   7D34
3E98  0001        JMP 1
3E99  0001        JMP 1
3E9A  2C00        LDA 1,@0
3E9B  0003        JMP 3
3E9C  7D3E        IO   7D3E
3E9D  0003        JMP 3
3E9E  0003        JMP 3
3E9F  202C        LDA 0,44
3EA0  2000        LDA 0,0
3EA1  0000        JMP 0
3EA2  0004        JMP 4
3EA3  0007        JMP 7
3EA4  00C8        JMP 200
3EA5  0006        JMP 6
3EA6  0003        JMP 3
3EA7  7D54        IO   7D54
3EA8  000C        JMP 12
3EA9  000C        JMP 12
3EAA  5448        STA 2,@72
3EAB  4953        STA 1,83,PC   ; -> 3EFE
3EAC  5341        STA 2,65,3
3EAD  4C41        STA 1,@65
3EAE  2E44        LDA 1,@68,2
3EAF  4233        STA 0,51,2
3EB0  0000        JMP 0
3EB1  0001        JMP 1
3EB2  0000        JMP 0
3EB3  007F        JMP 127
3EB4  0080        JMP 128
3EB5  0014        JMP 20
3EB6  0002        JMP 2
3EB7  FFFF        ANDCS# 3,3,SBN
3EB8  0050        JMP 80
3EB9  0001        JMP 1
3EBA  0005        JMP 5
3EBB  7D7C        IO   7D7C
3EBC  000C        JMP 12
3EBD  000C        JMP 12
3EBE  5448        STA 2,@72
3EBF  4953        STA 1,83,PC   ; -> 3F12
3EC0  5341        STA 2,65,3
3EC1  4C41        STA 1,@65
3EC2  2E44        LDA 1,@68,2
3EC3  4231        STA 0,49,2
3EC4  0000        JMP 0
3EC5  7D90        IO   7D90
3EC6  0001        JMP 1
3EC7  0001        JMP 1
3EC8  2A00        LDA 1,0,2
3EC9  7D98        IO   7D98
3ECA  0005        JMP 5
3ECB  0005        JMP 5
3ECC  4C49        STA 1,@73
3ECD  4D42        STA 1,@66,PC   ; -> 3F0F
3ECE  4F00        STA 1,@0,3
3ECF  0019        JMP 25
3ED0  7DA6        IO   7DA6
3ED1  0001        JMP 1
3ED2  0001        JMP 1
3ED3  4100        STA 0,0,PC   ; -> 3ED3
3ED4  0007        JMP 7
3ED5  0009        JMP 9
3ED6  000F        JMP 15
3ED7  FFFF        ANDCS# 3,3,SBN
3ED8  0011        JMP 17
3ED9  0017        JMP 23
3EDA  01F4        JMP -12,PC   ; -> 3ECE
3EDB  8000        COM 0,0
3EDC  0000        JMP 0
3EDD  001A        JMP 26
3EDE  7DC2        IO   7DC2
3EDF  0001        JMP 1
3EE0  0001        JMP 1
3EE1  4200        STA 0,0,2
3EE2  0010        JMP 16
3EE3  001B        JMP 27
3EE4  7DCE        IO   7DCE
3EE5  0001        JMP 1
3EE6  0001        JMP 1
3EE7  4300        STA 0,0,3
3EE8  0020        JMP 32
3EE9  001C        JMP 28
3EEA  7DDA        IO   7DDA
3EEB  0001        JMP 1
3EEC  0001        JMP 1
3EED  4400        STA 0,@0
3EEE  0040        JMP 64
3EEF  001D        JMP 29
3EF0  7DE6        IO   7DE6
3EF1  0001        JMP 1
3EF2  0001        JMP 1
3EF3  4500        STA 0,@0,PC   ; -> 3EF3
3EF4  0200        JMP 0,2
3EF5  001E        JMP 30
3EF6  7DF2        IO   7DF2
3EF7  0001        JMP 1
3EF8  0001        JMP 1
3EF9  4600        STA 0,@0,2
3EFA  0100        JMP 0,PC   ; -> 3EFA
3EFB  001F        JMP 31
3EFC  7DFE        IO   7DFE
3EFD  0001        JMP 1
3EFE  0001        JMP 1
3EFF  4700        STA 0,@0,3
3F00  0080        JMP 128
3F01  0020        JMP 32
3F02  7E0A        IO   7E0A
3F03  0001        JMP 1
3F04  0001        JMP 1
3F05  4800        STA 1,0
3F06  0400        JMP @0
3F07  0021        JMP 33
3F08  7E16        IO   7E16
3F09  0001        JMP 1
3F0A  0001        JMP 1
3F0B  4900        STA 1,0,PC   ; -> 3F0B
3F0C  0800        JSR 0
3F0D  0022        JMP 34
3F0E  7E22        IO   7E22
3F0F  0001        JMP 1
3F10  0001        JMP 1
3F11  4A00        STA 1,0,2
3F12  1000        ISZ 0
3F13  0023        JMP 35
3F14  7E2E        IO   7E2E
3F15  0001        JMP 1
3F16  0001        JMP 1
3F17  4B00        STA 1,0,3
3F18  0024        JMP 36
3F19  7E38        IO   7E38
3F1A  0001        JMP 1
3F1B  0001        JMP 1
3F1C  4C00        STA 1,@0
3F1D  0025        JMP 37
3F1E  7E42        IO   7E42
3F1F  0001        JMP 1
3F20  0001        JMP 1
3F21  4D00        STA 1,@0,PC   ; -> 3F21
3F22  2000        LDA 0,0
3F23  0027        JMP 39
3F24  0026        JMP 38
3F25  FFF7        ANDCS 3,3,SBN
3F26  0003        JMP 3
3F27  0020        JMP 32
3F28  0050        JMP 80
3F29  0001        JMP 1
3F2A  0000        JMP 0
3F2B  0005        JMP 5
3F2C  7E5E        IO   7E5E
3F2D  0018        JMP 24
3F2E  0018        JMP 24
3F2F  3A4D        LDA 3,77,2
3F30  4149        STA 0,73,PC   ; -> 3F79
3F31  4C3A        STA 1,@58
3F32  2424        LDA 0,@36
3F33  5045        STA 2,69
3F34  5445        STA 2,@69
3F35  525F        STA 2,95,2
3F36  4652        STA 0,@82,2
3F37  4F4D        STA 1,@77,3
3F38  5F24        STA 3,@36,3
3F39  4441        STA 0,@65
3F3A  5645        STA 2,@69,2
3F3B  0000        JMP 0
3F3C  0001        JMP 1
3F3D  FFFF        ANDCS# 3,3,SBN
3F3E  0000        JMP 0
3F3F  7E84        IO   7E84
3F40  0006        JMP 6
3F41  0006        JMP 6
3F42  2424        LDA 0,@36
3F43  4441        STA 0,@65
3F44  5645        STA 2,@69,2
3F45  0000        JMP 0
3F46  7E92        IO   7E92
3F47  0005        JMP 5
3F48  0005        JMP 5
3F49  2450        LDA 0,@80
3F4A  4155        STA 0,85,PC   ; -> 3F9F
3F4B  4C00        STA 1,@0
3F4C  7E9E        IO   7E9E
3F4D  0006        JMP 6
3F4E  0006        JMP 6
3F4F  2450        LDA 0,@80
3F50  4554        STA 0,@84,PC   ; -> 3FA4
3F51  4552        STA 0,@82,PC   ; -> 3FA3
3F52  0000        JMP 0
3F53  7EAC        IO   7EAC
3F54  000C        JMP 12
3F55  000C        JMP 12
3F56  5448        STA 2,@72
3F57  4953        STA 1,83,PC   ; -> 3FAA
3F58  5341        STA 2,65,3
3F59  4C41        STA 1,@65
3F5A  2E44        LDA 1,@68,2
3F5B  4232        STA 0,50,2
3F5C  0000        JMP 0
3F5D  7EC0        IO   7EC0
3F5E  0001        JMP 1
3F5F  0001        JMP 1
3F60  4000        STA 0,0
3F61  0007        JMP 7
3F62  0009        JMP 9
3F63  000F        JMP 15
3F64  0011        JMP 17
3F65  0003        JMP 3
3F66  0005        JMP 5
3F67  7ED4        IO   7ED4
3F68  000C        JMP 12
3F69  000C        JMP 12
3F6A  5448        STA 2,@72
3F6B  4953        STA 1,83,PC   ; -> 3FBE
3F6C  5341        STA 2,65,3
3F6D  4C41        STA 1,@65
3F6E  2E44        LDA 1,@68,2
3F6F  4233        STA 0,51,2
3F70  0000        JMP 0
3F71  0003        JMP 3
3F72  0000        JMP 0
3F73  0064        JMP 100
3F74  001E        JMP 30
3F75  0100        JMP 0,PC   ; -> 3F75
3F76  0014        JMP 20
3F77  0200        JMP 0,2
3F78  0000        JMP 0
3F79  0004        JMP 4
3F7A  0006        JMP 6
3F7B  00C8        JMP 200
3F7C  0064        JMP 100
3F7D  0005        JMP 5
3F7E  7F02        IO   7F02
3F7F  000C        JMP 12
3F80  000C        JMP 12
3F81  5448        STA 2,@72
3F82  4953        STA 1,83,PC   ; -> 3FD5
3F83  5341        STA 2,65,3
3F84  4C41        STA 1,@65
3F85  2E44        LDA 1,@68,2
3F86  4234        STA 0,52,2
3F87  0000        JMP 0
3F88  0000        JMP 0
3F89  0001        JMP 1
3F8A  0050        JMP 80
3F8B  7F1C        IO   7F1C
3F8C  0001        JMP 1
3F8D  0001        JMP 1
3F8E  4000        STA 0,0
3F8F  0007        JMP 7
3F90  0009        JMP 9
3F91  000F        JMP 15
3F92  0011        JMP 17
3F93  0017        JMP 23
3F94  0019        JMP 25
3F95  001B        JMP 27
3F96  FFFB        ANDCS# 3,3,SNC
3F97  FFF8 0003   ADDI 0003,3
3F99  0001        JMP 1
3F9A  7F3A        IO   7F3A
3F9B  0011        JMP 17
3F9C  0011        JMP 17
3F9D  2020        LDA 0,32
3F9E  2020        LDA 0,32
3F9F  2020        LDA 0,32
3FA0  2020        LDA 0,32
3FA1  2020        LDA 0,32
3FA2  2020        LDA 0,32
3FA3  2020        LDA 0,32
3FA4  2020        LDA 0,32
3FA5  2000        LDA 0,0
3FA6  0018        JMP 24
3FA7  7F54        IO   7F54
3FA8  0005        JMP 5
3FA9  0005        JMP 5
3FAA  4C49        STA 1,@73
3FAB  4D42        STA 1,@66,PC   ; -> 3FED
3FAC  4F00        STA 1,@0,3
3FAD  FFFF        ANDCS# 3,3,SBN
3FAE  0008        JMP 8
3FAF  000C        JMP 12
3FB0  0002        JMP 2
3FB1  0028        JMP 40
3FB2  0050        JMP 80
3FB3  0009        JMP 9
3FB4  7F6E        IO   7F6E
3FB5  0005        JMP 5
3FB6  0005        JMP 5
3FB7  4346        STA 0,70,3
3FB8  494C        STA 1,76,PC   ; -> 4004
3FB9  4500        STA 0,@0,PC   ; -> 3FB9
3FBA  0014        JMP 20
3FBB  0000        JMP 0
3FBC  0000        JMP 0
3FBD  7F80        IO   7F80
3FBE  0002        JMP 2
3FBF  0002        JMP 2
3FC0  0817        JSR 23
3FC1  0000        JMP 0
3FC2  0001        JMP 1
3FC3  7F8C        IO   7F8C
3FC4  0001        JMP 1
3FC5  0001        JMP 1
3FC6  0A00        JSR 0,2
3FC7  7F94        IO   7F94
3FC8  0001        JMP 1
3FC9  0001        JMP 1
3FCA  2400        LDA 0,@0
3FCB  7F9C        IO   7F9C
3FCC  0001        JMP 1
3FCD  0001        JMP 1
3FCE  5C00        STA 3,@0
3FCF  0003        JMP 3
3FD0  0002        JMP 2
3FD1  0190        JMP -112,PC   ; -> 3F61
3FD2  0005        JMP 5
3FD3  7FAC        IO   7FAC
3FD4  0002        JMP 2
3FD5  0002        JMP 2
3FD6  0C07        JSR @7
3FD7  0000        JMP 0
3FD8  0006        JMP 6
3FD9  0020        JMP 32
3FDA  0000        JMP 0
3FDB  7FBC        IO   7FBC
3FDC  000A        JMP 10
3FDD  000A        JMP 10
3FDE  4669        STA 0,@105,2
3FDF  6C65        IO   6C65
3FE0  6E61        IO   6E61
3FE1  6D65        IO   6D65
3FE2  3A20        LDA 3,32,2
3FE3  0000        JMP 0
3FE4  001C        JMP 28
3FE5  7FD0        IO   7FD0
3FE6  0003        JMP 3
3FE7  0003        JMP 3
3FE8  2E54        LDA 1,@84,2
3FE9  4800        STA 1,0
3FEA  0009        JMP 9
3FEB  FFFF        ANDCS# 3,3,SBN
3FEC  03FF        JMP -1,3
3FED  7FE0        IO   7FE0
3FEE  0006        JMP 6
3FEF  0006        JMP 6
3FF0  532E        STA 2,46,3
3FF1  5448        STA 2,@72
3FF2  4953        STA 1,83,PC   ; -> 4045
3FF3  0000        JMP 0
3FF4  0003        JMP 3
3FF5  0004        JMP 4
3FF6  0005        JMP 5
3FF7  0002        JMP 2
3FF8  0007        JMP 7
3FF9  0008        JMP 8
3FFA  001D        JMP 29
3FFB  0028        JMP 40
3FFC  000B        JMP 11
3FFD  0001        JMP 1
3FFE  8002        COM 0,0,SZC
3FFF  000B        JMP 11
4000  000B        JMP 11
4001  4761        STA 0,@97,3
4002  6D65        IO   6D65
4003  2073        LDA 0,115
4004  6176        IO   6176
4005  6564        IO   6564
4006  0A00        JSR 0,2
4007  0001        JMP 1
4008  0000        JMP 0
4009  0017        JMP 23
400A  801A        COMZ# 0,0,SZC
400B  000F        JMP 15
400C  000F        JMP 15
400D  4761        STA 0,@97,3
400E  6D65        IO   6D65
400F  2072        LDA 0,114
4010  6563        IO   6563
4011  616C        IO   616C
4012  6C65        IO   6C65
4013  640A        IO   640A
4014  0A00        JSR 0,2
4015  00CB        JMP 203
4016  8032        COMC 0,0,SZC
4017  001B        JMP 27
4018  001B        JMP 27
4019  4669        STA 0,@105,2
401A  6C65        IO   6C65
401B  6E61        IO   6E61
401C  6D65        IO   6D65
401D  2061        LDA 0,97
401E  6C72        IO   6C72
401F  6561        IO   6561
4020  6479        IO   6479
4021  2065        LDA 0,101
4022  7869        IO   7869
4023  7374        IO   7374
4024  202E        LDA 0,46
4025  2E2E        LDA 1,@46,2
4026  2000        LDA 0,0
4027  8054        COMZL 0,0,SZR
4028  0019        JMP 25
4029  0019        JMP 25
402A  2073        LDA 0,115
402B  686F        IO   686F
402C  756C        IO   756C
402D  6420        IO   6420
402E  4920        STA 1,32,PC   ; -> 404E
402F  6465        IO   6465
4030  6C65        IO   6C65
4031  7465        IO   7465
4032  2069        LDA 0,105
4033  7420        IO   7420
4034  5B4E        STA 3,78,3
4035  5D3F        STA 3,@63,PC   ; -> 4074
4036  2000        LDA 0,0
4037  8074        COMCL 0,0,SZR
4038  0001        JMP 1
4039  0001        JMP 1
403A  7900        IO   7900
403B  807C        COMCL# 0,0,SZR
403C  0001        JMP 1
403D  0001        JMP 1
403E  5900        STA 3,0,PC   ; -> 403E
403F  8084        COMR 0,0,SZR
4040  0022        JMP 34
4041  0022        JMP 34
4042  4572        STA 0,@114,PC   ; -> 40B4
4043  726F        IO   726F
4044  7220        IO   7220
4045  2D2D        LDA 1,@45,PC   ; -> 4072
4046  2063        LDA 0,99
4047  616E        IO   616E
4048  6E6F        IO   6E6F
4049  7465        IO   7465
404A  206F        LDA 0,111
404B  7065        IO   7065
404C  6E20        IO   6E20
404D  6F75        IO   6F75
404E  7470        IO   7470
404F  7574        IO   7574
4050  2066        LDA 0,102
4051  696C        IO   696C
4052  650A        IO   650A
4053  0000        JMP 0
4054  80AE        COMOR# 0,0,SEZ
4055  001B        JMP 27
4056  001B        JMP 27
4057  4572        STA 0,@114,PC   ; -> 40C9
4058  726F        IO   726F
4059  7220        IO   7220
405A  2D2D        LDA 1,@45,PC   ; -> 4087
405B  2072        LDA 0,114
405C  6576        IO   6576
405D  6973        IO   6973
405E  696F        IO   696F
405F  6E20        IO   6E20
4060  6D69        IO   6D69
4061  736D        IO   736D
4062  6174        IO   6174
4063  6368        IO   6368
4064  0A00        JSR 0,2
4065  80D0        COMZS 0,0
4066  0023        JMP 35
4067  0023        JMP 35
4068  4572        STA 0,@114,PC   ; -> 40DA
4069  726F        IO   726F
406A  7220        IO   7220
406B  2D2D        LDA 1,@45,PC   ; -> 4098
406C  2063        LDA 0,99
406D  616E        IO   616E
406E  6E6F        IO   6E6F
406F  7420        IO   7420
4070  6465        IO   6465
4071  6C65        IO   6C65
4072  7465        IO   7465
4073  206F        LDA 0,111
4074  7574        IO   7574
4075  7075        IO   7075
4076  7420        IO   7420
4077  6669        IO   6669
4078  6C65        IO   6C65
4079  0A00        JSR 0,2
407A  80FA        COMCS# 0,0,SZC
407B  0031        JMP 49
407C  0031        JMP 49
407D  4572        STA 0,@114,PC   ; -> 40EF
407E  726F        IO   726F
407F  7220        IO   7220
4080  2D2D        LDA 1,@45,PC   ; -> 40AD
4081  2066        LDA 0,102
4082  696C        IO   696C
4083  656E        IO   656E
4084  616D        IO   616D
4085  6520        IO   6520
4086  6D75        IO   6D75
4087  7374        IO   7374
4088  2062        LDA 0,98
4089  6520        IO   6520
408A  6C65        IO   6C65
408B  7373        IO   7373
408C  2074        LDA 0,116
408D  6861        IO   6861
408E  6E20        IO   6E20
408F  3238        LDA 2,56,2
4090  2063        LDA 0,99
4091  6861        IO   6861
4092  7261        IO   7261
4093  6374        IO   6374
4094  6572        IO   6572
4095  7300        IO   7300
4096  8132        NEGC 0,0,SZC
4097  0001        JMP 1
4098  0001        JMP 1
4099  0A00        JSR 0,2
409A  0028        JMP 40
409B  0000        JMP 0
409C  813E        NEGC# 0,0,SEZ
409D  0013        JMP 19
409E  0013        JMP 19
409F  596F        STA 3,111,PC   ; -> 410E
40A0  7520        IO   7520
40A1  6375        IO   6375
40A2  7272        IO   7272
40A3  656E        IO   656E
40A4  746C        IO   746C
40A5  7920        IO   7920
40A6  6861        IO   6861
40A7  7665        IO   7665
40A8  2000        LDA 0,0
40A9  8158        ?ECL 8158          <<< unknown extended
40AA  0008        JMP 8
40AB  0008        JMP 8
40AC  206F        LDA 0,111
40AD  7574        IO   7574
40AE  206F        LDA 0,111
40AF  6620        IO   6620
40B0  0000        JMP 0
40B1  8168        ?ECL 8168          <<< unknown extended
40B2  0013        JMP 19
40B3  0013        JMP 19
40B4  2070        LDA 0,112
40B5  6F69        IO   6F69
40B6  6E74        IO   6E74
40B7  732C        IO   732C
40B8  2072        LDA 0,114
40B9  6571        IO   6571
40BA  7569        IO   7569
40BB  7269        IO   7269
40BC  6E67        IO   6E67
40BD  2000        LDA 0,0
40BE  8182        NEGR 0,0,SZC
40BF  0007        JMP 7
40C0  0007        JMP 7
40C1  206D        LDA 0,109
40C2  6F76        IO   6F76
40C3  6573        IO   6573
40C4  0A00        JSR 0,2
40C5  000A        JMP 10
40C6  8192        NEGZR 0,0,SZC
40C7  000E        JMP 14
40C8  000E        JMP 14
40C9  4142        STA 0,66,PC   ; -> 410B
40CA  534F        STA 2,79,3
40CB  4C55        STA 1,@85
40CC  5445        STA 2,@69
40CD  204D        LDA 0,77
40CE  4F52        STA 1,@82,3
40CF  4F4E        STA 1,@78,3
40D0  0000        JMP 0
40D1  0032        JMP 50
40D2  81AA        NEGOR# 0,0,SZC
40D3  000B        JMP 11
40D4  000B        JMP 11
40D5  4142        STA 0,66,PC   ; -> 4117
40D6  4543        STA 0,@67,PC   ; -> 4119
40D7  4544        STA 0,@68,PC   ; -> 411B
40D8  4152        STA 0,82,PC   ; -> 412A
40D9  4941        STA 1,65,PC   ; -> 411A
40DA  4E00        STA 1,@0,2
40DB  0064        JMP 100
40DC  81BE        NEGCR# 0,0,SEZ
40DD  0004        JMP 4
40DE  0004        JMP 4
40DF  5459        STA 2,@89
40E0  524F        STA 2,79,2
40E1  0000        JMP 0
40E2  0096        JMP 150
40E3  81CC        NEGS# 0,0,SZR
40E4  0007        JMP 7
40E5  0007        JMP 7
40E6  414D        STA 0,77,PC   ; -> 4133
40E7  4154        STA 0,84,PC   ; -> 413B
40E8  4555        STA 0,@85,PC   ; -> 413D
40E9  5200        STA 2,0,2
40EA  00C8        JMP 200
40EB  81DC        NEGZS# 0,0,SZR
40EC  000C        JMP 12
40ED  000C        JMP 12
40EE  494E        STA 1,78,PC   ; -> 413C
40EF  5445        STA 2,@69
40F0  524D        STA 2,77,2
40F1  4544        STA 0,@68,PC   ; -> 4135
40F2  4941        STA 1,65,PC   ; -> 4133
40F3  5445        STA 2,@69
40F4  0000        JMP 0
40F5  81F0        NEGCS 0,0
40F6  0009        JMP 9
40F7  0009        JMP 9
40F8  4445        STA 0,@69
40F9  5645        STA 2,@69,2
40FA  4C4F        STA 1,@79
40FB  5045        STA 2,69
40FC  5200        STA 2,0,2
40FD  00D0        JMP 208
40FE  0003        JMP 3
40FF  0001        JMP 1
4100  0000        JMP 0
4101  0002        JMP 2
4102  820A        MOV# 0,0,SZC
4103  0008        JMP 8
4104  0008        JMP 8
4105  4043        STA 0,67
4106  4F4E        STA 1,@78,3
4107  534F        STA 2,79,3
4108  4C45        STA 1,@69
4109  0000        JMP 0
410A  FF7F        ANDCL# 3,3,SBN
410B  00A0        JMP 160
410C  0002        JMP 2
410D  0006        JMP 6
410E  0003        JMP 3
410F  0008        JMP 8
4110  8226        MOVO 0,0,SEZ
4111  0006        JMP 6
4112  0006        JMP 6
4113  6173        IO   6173
4114  7369        IO   7369
4115  7374        IO   7374
4116  0000        JMP 0
4117  0001        JMP 1
4118  0000        JMP 0
4119  8238        ?ECL 8238          <<< unknown extended
411A  0001        JMP 1
411B  0001        JMP 1
411C  0A00        JSR 0,2
411D  001D        JMP 29
411E  8242        MOVL 0,0,SZC
411F  000F        JMP 15
4120  000F        JMP 15
4121  4F62        STA 1,@98,3
4122  6A65        IO   6A65
4123  6374        IO   6374
4124  206E        LDA 0,110
4125  756D        IO   756D
4126  6265        IO   6265
4127  723A        IO   723A
4128  2000        LDA 0,0
4129  8258        ?ECL 8258          <<< unknown extended
412A  0009        JMP 9
412B  0009        JMP 9
412C  0A4F        JSR 79,2
412D  424A        STA 0,74,2
412E  4543        STA 0,@67,PC   ; -> 4171
412F  5420        STA 2,@32
4130  5B00        STA 3,0,3
4131  8268        ?ECL 8268          <<< unknown extended
4132  0006        JMP 6
4133  0006        JMP 6
4134  2C31        LDA 1,@49
4135  5D20        STA 3,@32,PC   ; -> 4155
4136  3D20        LDA 3,@32,PC   ; -> 4156
4137  0000        JMP 0
4138  8276        MOVCL 0,0,SEZ
4139  0002        JMP 2
413A  0002        JMP 2
413B  205B        LDA 0,91
413C  0000        JMP 0
413D  8280        MOVR 0,0
413E  0006        JMP 6
413F  0006        JMP 6
4140  2C32        LDA 1,@50
4141  5D20        STA 3,@32,PC   ; -> 4161
4142  3D20        LDA 3,@32,PC   ; -> 4162
4143  0000        JMP 0
4144  828E        MOVR# 0,0,SEZ
4145  0006        JMP 6
4146  0006        JMP 6
4147  2C33        LDA 1,@51
4148  5D20        STA 3,@32,PC   ; -> 4168
4149  3D20        LDA 3,@32,PC   ; -> 4169
414A  0000        JMP 0
414B  829C        MOVZR# 0,0,SZR
414C  0002        JMP 2
414D  0002        JMP 2
414E  0A0A        JSR 10,2
414F  0000        JMP 0
4150  82A6        MOVOR 0,0,SEZ
4151  0008        JMP 8
4152  0008        JMP 8
4153  5765        STA 2,@101,3
4154  6967        IO   6967
4155  6874        IO   6874
4156  3A20        LDA 3,32,2
4157  0000        JMP 0
4158  000F        JMP 15
4159  82B8        ?ECL 82B8          <<< unknown extended
415A  0006        JMP 6
415B  0006        JMP 6
415C  5369        STA 2,105,3
415D  7A65        IO   7A65
415E  3A20        LDA 3,32,2
415F  0000        JMP 0
4160  82C6        MOVS 0,0,SEZ
4161  0012        JMP 18
4162  0012        JMP 18
4163  4375        STA 0,117,3
4164  7272        IO   7272
4165  656E        IO   656E
4166  7420        IO   7420
4167  636F        IO   636F
4168  6E74        IO   6E74
4169  656E        IO   656E
416A  7473        IO   7473
416B  3A20        LDA 3,32,2
416C  0000        JMP 0
416D  82E0        MOVOS 0,0
416E  0014        JMP 20
416F  0014        JMP 20
4170  0A50        JSR 80,2
4171  6F73        IO   6F73
4172  7369        IO   7369
4173  626C        IO   626C
4174  6520        IO   6520
4175  636F        IO   636F
4176  6E74        IO   6E74
4177  656E        IO   656E
4178  7473        IO   7473
4179  3A20        LDA 3,32,2
417A  0000        JMP 0
417B  82FC        MOVCS# 0,0,SZR
417C  0010        JMP 16
417D  0010        JMP 16
417E  0A43        JSR 67,2
417F  7572        IO   7572
4180  7265        IO   7265
4181  6E74        IO   6E74
4182  2073        LDA 0,115
4183  7461        IO   7461
4184  7465        IO   7465
4185  3A20        LDA 3,32,2
4186  0000        JMP 0
4187  8314        INCZ 0,0,SZR
4188  0011        JMP 17
4189  0011        JMP 17
418A  0A4F        JSR 79,2
418B  626A        IO   626A
418C  6563        IO   6563
418D  7420        IO   7420
418E  7374        IO   7374
418F  6174        IO   6174
4190  6573        IO   6573
4191  3A0A        LDA 3,10,2
4192  0A00        JSR 0,2
4193  0004        JMP 4
4194  832E        INCO# 0,0,SEZ
4195  0001        JMP 1
4196  0001        JMP 1
4197  5B00        STA 3,0,3
4198  8336        INCC 0,0,SEZ
4199  0004        JMP 4
419A  0004        JMP 4
419B  5D20        STA 3,@32,PC   ; -> 41BB
419C  2D20        LDA 1,@32,PC   ; -> 41BC
419D  0000        JMP 0
419E  0020        JMP 32
419F  001E        JMP 30
41A0  8346        INCL 0,0,SEZ
41A1  0007        JMP 7
41A2  0007        JMP 7
41A3  4754        STA 0,@84,3
41A4  4558        STA 0,@88,PC   ; -> 41FC
41A5  5420        STA 2,@32
41A6  5B00        STA 3,0,3
41A7  8354        INCZL 0,0,SZR
41A8  0004        JMP 4
41A9  0004        JMP 4
41AA  5D20        STA 3,@32,PC   ; -> 41CA
41AB  3D20        LDA 3,@32,PC   ; -> 41CB
41AC  0000        JMP 0
41AD  0050        JMP 80
41AE  8362        INCOL 0,0,SZC
41AF  0007        JMP 7
41B0  0007        JMP 7
41B1  4D54        STA 1,@84,PC   ; -> 4205
41B2  4558        STA 0,@88,PC   ; -> 420A
41B3  5420        STA 2,@32
41B4  5B00        STA 3,0,3
41B5  0014        JMP 20
41B6  8372        INCCL 0,0,SZC
41B7  0007        JMP 7
41B8  0007        JMP 7
41B9  4454        STA 0,@84
41BA  4558        STA 0,@88,PC   ; -> 4212
41BB  5420        STA 2,@32
41BC  5B00        STA 3,0,3
41BD  0005        JMP 5
41BE  8382        INCR 0,0,SZC
41BF  0009        JMP 9
41C0  0009        JMP 9
41C1  436F        STA 0,111,3
41C2  6E66        IO   6E66
41C3  6972        IO   6972
41C4  6D3A        IO   6D3A
41C5  2000        LDA 0,0
41C6  8392        INCZR 0,0,SZC
41C7  0001        JMP 1
41C8  0001        JMP 1
41C9  5900        STA 3,0,PC   ; -> 41C9
41CA  839A        INCZR# 0,0,SZC
41CB  0001        JMP 1
41CC  0001        JMP 1
41CD  7900        IO   7900
41CE  83A2        INCOR 0,0,SZC
41CF  0006        JMP 6
41D0  0006        JMP 6
41D1  4D54        STA 1,@84,PC   ; -> 4225
41D2  424C        STA 0,76,2
41D3  205B        LDA 0,91
41D4  0000        JMP 0
41D5  83B0        INCCR 0,0
41D6  0007        JMP 7
41D7  0007        JMP 7
41D8  204D        LDA 0,77
41D9  5442        STA 2,@66
41DA  4C20        STA 1,@32
41DB  5B00        STA 3,0,3
41DC  0009        JMP 9
41DD  83C0        INCS 0,0
41DE  0020        JMP 32
41DF  0020        JMP 32
41E0  5468        STA 2,@104
41E1  6520        IO   6520
41E2  6375        IO   6375
41E3  7272        IO   7272
41E4  656E        IO   656E
41E5  7420        IO   7420
41E6  6D6F        IO   6D6F
41E7  7665        IO   7665
41E8  2074        LDA 0,116
41E9  6162        IO   6162
41EA  6C65        IO   6C65
41EB  2063        LDA 0,99
41EC  6F6E        IO   6F6E
41ED  7461        IO   7461
41EE  696E        IO   696E
41EF  7320        IO   7320
41F0  0000        JMP 0
41F1  83E8        ?ECL 83E8          <<< unknown extended
41F2  0007        JMP 7
41F3  0007        JMP 7
41F4  206D        LDA 0,109
41F5  6F76        IO   6F76
41F6  6573        IO   6573
41F7  0A00        JSR 0,2
41F8  000C        JMP 12
41F9  83F8        ?ECL 83F8          <<< unknown extended
41FA  0014        JMP 20
41FB  0014        JMP 20
41FC  4176        STA 0,118,PC   ; -> 4272
41FD  6169        IO   6169
41FE  6C61        IO   6C61
41FF  626C        IO   626C
4200  6520        IO   6520
4201  6D65        IO   6D65
4202  6D6F        IO   6D6F
4203  7279        IO   7279
4204  2069        LDA 0,105
4205  7320        IO   7320
4206  0000        JMP 0
4207  8414        ADCZ 0,0,SZR
4208  0007        JMP 7
4209  0007        JMP 7
420A  2077        LDA 0,119
420B  6F72        IO   6F72
420C  6473        IO   6473
420D  0A00        JSR 0,2
420E  0007        JMP 7
420F  8424        ADCO 0,0,SZR
4210  0006        JMP 6
4211  0006        JMP 6
4212  0A4D        JSR 77,2
4213  4F44        STA 1,@68,3
4214  415B        STA 0,91,PC   ; -> 426F
4215  0000        JMP 0
4216  8432        ADCC 0,0,SZC
4217  0001        JMP 1
4218  0001        JMP 1
4219  2F00        LDA 1,@0,3
421A  843A        ADCC# 0,0,SZC
421B  0007        JMP 7
421C  0007        JMP 7
421D  5652        STA 2,@82,2
421E  4553        STA 0,@83,PC   ; -> 4271
421F  3A3D        LDA 3,61,2
4220  2000        LDA 0,0
4221  000A        JMP 10
4222  844A        ADCL# 0,0,SZC
4223  0006        JMP 6
4224  0006        JMP 6
4225  4C52        STA 1,@82
4226  4D20        STA 1,@32,PC   ; -> 4246
4227  3D20        LDA 3,@32,PC   ; -> 4247
4228  0000        JMP 0
4229  8458        ?ECL 8458          <<< unknown extended
422A  0007        JMP 7
422B  0007        JMP 7
422C  0A43        JSR 67,2
422D  524D        STA 2,77,2
422E  203D        LDA 0,61
422F  2000        LDA 0,0
4230  8466        ADCOL 0,0,SEZ
4231  0008        JMP 8
4232  0008        JMP 8
4233  0A43        JSR 67,2
4234  4241        STA 0,65,2
4235  5345        STA 2,69,3
4236  203D        LDA 0,61
4237  0000        JMP 0
4238  8476        ADCCL 0,0,SEZ
4239  0008        JMP 8
423A  0008        JMP 8
423B  0A43        JSR 67,2
423C  5345        STA 2,69,3
423D  4320        STA 0,32,3
423E  3D20        LDA 3,@32,PC   ; -> 425E
423F  0000        JMP 0
4240  000B        JMP 11
4241  8488        SZB 0,0
4242  0009        JMP 9
4243  0009        JMP 9
4244  0A53        JSR 83,2
4245  4543        STA 0,@67,PC   ; -> 4288
4246  5449        STA 2,@73
4247  4F4E        STA 1,@78,3
4248  5B00        STA 3,0,3
4249  8498        ?ECL 8498          <<< unknown extended
424A  001D        JMP 29
424B  001D        JMP 29
424C  4920        STA 1,32,PC   ; -> 426C
424D  646F        IO   646F
424E  6E27        IO   6E27
424F  7420        IO   7420
4250  756E        IO   756E
4251  6465        IO   6465
4252  7273        IO   7273
4253  7461        IO   7461
4254  6E64        IO   6E64
4255  2074        LDA 0,116
4256  6865        IO   6865
4257  2077        LDA 0,119
4258  6F72        IO   6F72
4259  6420        IO   6420
425A  2700        LDA 0,@0,3
425B  84BC        ADCCR# 0,0,SZR
425C  0002        JMP 2
425D  0002        JMP 2
425E  270A        LDA 0,@10,3
425F  0000        JMP 0
4260  0020        JMP 32
4261  0006        JMP 6
4262  0002        JMP 2
4263  000D        JMP 13
4264  000E        JMP 14
4265  0000        JMP 0
4266  84D2        ADCZS 0,0,SZC
4267  0022        JMP 34
4268  0022        JMP 34
4269  506C        STA 2,108
426A  6561        IO   6561
426B  7365        IO   7365
426C  2075        LDA 0,117
426D  7365        IO   7365
426E  2074        LDA 0,116
426F  6865        IO   6865
4270  206E        LDA 0,110
4271  6577        IO   6577
4272  2045        LDA 0,69
4273  5850        STA 3,80
4274  5245        STA 2,69,2
4275  5353        STA 2,83,3
4276  2063        LDA 0,99
4277  6F6D        IO   6F6D
4278  6D61        IO   6D61
4279  6E64        IO   6E64
427A  0000        JMP 0
427B  84FC        ADCCS# 0,0,SZR
427C  0027        JMP 39
427D  0027        JMP 39
427E  0A46        JSR 70,2
427F  6F72        IO   6F72
4280  6D61        IO   6D61
4281  7420        IO   7420
4282  6973        IO   6973
4283  2045        LDA 0,69
4284  5850        STA 3,80
4285  5245        STA 2,69,2
4286  5353        STA 2,83,3
4287  2073        LDA 0,115
4288  2F72        LDA 1,@114,3
4289  2020        LDA 0,32
428A  6F72        IO   6F72
428B  2045        LDA 0,69
428C  5850        STA 3,80
428D  5245        STA 2,69,2
428E  5353        STA 2,83,3
428F  2073        LDA 0,115
4290  3A72        LDA 3,114,2
4291  0A00        JSR 0,2
4292  852A        SUBO# 0,0,SZC
4293  002B        JMP 43
4294  002B        JMP 43
4295  7768        IO   7768
4296  6572        IO   6572
4297  6520        IO   6520
4298  7320        IO   7320
4299  6973        IO   6973
429A  2074        LDA 0,116
429B  6865        IO   6865
429C  2073        LDA 0,115
429D  6563        IO   6563
429E  7469        IO   7469
429F  6F6E        IO   6F6E
42A0  2F72        LDA 1,@114,3
42A1  2069        LDA 0,105
42A2  7320        IO   7320
42A3  7468        IO   7468
42A4  6520        IO   6520
42A5  6C6F        IO   6C6F
42A6  6361        IO   6361
42A7  6C20        IO   6C20
42A8  726F        IO   726F
42A9  6F6D        IO   6F6D
42AA  0A00        JSR 0,2
42AB  000F        JMP 15
42AC  855E        SUBZL# 0,0,SEZ
42AD  0007        JMP 7
42AE  0007        JMP 7
42AF  5363        STA 2,99,3
42B0  6F72        IO   6F72
42B1  653A        IO   653A
42B2  2000        LDA 0,0
42B3  0010        JMP 16
42B4  856E        SUBOL# 0,0,SEZ
42B5  0008        JMP 8
42B6  0008        JMP 8
42B7  4F62        STA 1,@98,3
42B8  6A65        IO   6A65
42B9  6374        IO   6374
42BA  3A20        LDA 3,32,2
42BB  0000        JMP 0
42BC  0011        JMP 17
42BD  0001        JMP 1
42BE  000C        JMP 12
42BF  8584        SUBR 0,0,SZR
42C0  0006        JMP 6
42C1  0006        JMP 6
42C2  0A52        JSR 82,2
42C3  4149        STA 0,73,PC   ; -> 430C
42C4  4C5B        STA 1,@91
42C5  0000        JMP 0
42C6  8592        SUBZR 0,0,SZC
42C7  0002        JMP 2
42C8  0002        JMP 2
42C9  5D3D        STA 3,@61,PC   ; -> 4306
42CA  0000        JMP 0
42CB  859C        SUBZR# 0,0,SZR
42CC  0006        JMP 6
42CD  0006        JMP 6
42CE  0952        JSR 82,PC   ; -> 4320
42CF  4149        STA 0,73,PC   ; -> 4318
42D0  4C5B        STA 1,@91
42D1  0000        JMP 0
42D2  0004        JMP 4
42D3  85AC        SUBOR# 0,0,SZR
42D4  000C        JMP 12
42D5  000C        JMP 12
42D6  0A53        JSR 83,2
42D7  5441        STA 2,@65
42D8  5449        STA 2,@73
42D9  4F4E        STA 1,@78,3
42DA  2041        LDA 0,65
42DB  5420        STA 2,@32
42DC  0000        JMP 0
42DD  85C0        SUBS 0,0
42DE  0007        JMP 7
42DF  0007        JMP 7
42E0  0A54        JSR 84,2
42E1  5241        STA 2,65,2
42E2  494E        STA 1,78,PC   ; -> 4330
42E3  2000        LDA 0,0
42E4  85CE        SUBS# 0,0,SEZ
42E5  0004        JMP 4
42E6  0004        JMP 4
42E7  2041        LDA 0,65
42E8  5420        STA 2,@32
42E9  0000        JMP 0
42EA  0012        JMP 18
42EB  00FF        JMP 255
42EC  85DE        SUBZS# 0,0,SEZ
42ED  0009        JMP 9
42EE  0009        JMP 9
42EF  4D6F        STA 1,@111,PC   ; -> 435E
42F0  6E73        IO   6E73
42F1  7465        IO   7465
42F2  7220        IO   7220
42F3  2300        LDA 0,0,3
42F4  85EE        SUBOS# 0,0,SEZ
42F5  0001        JMP 1
42F6  0001        JMP 1
42F7  0A00        JSR 0,2
42F8  85F6        SUBCS 0,0,SEZ
42F9  0008        JMP 8
42FA  0008        JMP 8
42FB  4973        STA 1,115,PC   ; -> 436E
42FC  2064        LDA 0,100
42FD  6561        IO   6561
42FE  640A        IO   640A
42FF  0000        JMP 0
4300  8606        ADD 0,0,SEZ
4301  0011        JMP 17
4302  0011        JMP 17
4303  4C69        STA 1,@105
4304  7665        IO   7665
4305  7320        IO   7320
4306  696E        IO   696E
4307  2073        LDA 0,115
4308  6563        IO   6563
4309  7469        IO   7469
430A  6F6E        IO   6F6E
430B  2000        LDA 0,0
430C  861E        ADDZ# 0,0,SEZ
430D  0006        JMP 6
430E  0006        JMP 6
430F  2072        LDA 0,114
4310  6F6F        IO   6F6F
4311  6D20        IO   6D20
4312  0000        JMP 0
4313  862C        ADDO# 0,0,SZR
4314  0013        JMP 19
4315  0013        JMP 19
4316  2068        LDA 0,104
4317  6173        IO   6173
4318  2061        LDA 0,97
4319  2073        LDA 0,115
431A  7472        IO   7472
431B  6567        IO   6567
431C  6E74        IO   6E74
431D  6820        IO   6820
431E  6F66        IO   6F66
431F  2000        LDA 0,0
4320  8646        ADDL 0,0,SEZ
4321  0013        JMP 19
4322  0013        JMP 19
4323  0A61        JSR 97,2
4324  6E20        IO   6E20
4325  6174        IO   6174
4326  7461        IO   7461
4327  636B        IO   636B
4328  2070        LDA 0,112
4329  726F        IO   726F
432A  6220        IO   6220
432B  6F66        IO   6F66
432C  2000        LDA 0,0
432D  8660        ADDOL 0,0
432E  000D        JMP 13
432F  000D        JMP 13
4330  2061        LDA 0,97
4331  6E64        IO   6E64
4332  2061        LDA 0,97
4333  2077        LDA 0,119
4334  6561        IO   6561
4335  706F        IO   706F
4336  6E00        IO   6E00
4337  8674        ADDCL 0,0,SZR
4338  000E        JMP 14
4339  000E        JMP 14
433A  2077        LDA 0,119
433B  6561        IO   6561
433C  6B6E        IO   6B6E
433D  6573        IO   6573
433E  7320        IO   7320
433F  666F        IO   666F
4340  7220        IO   7220
4341  0000        JMP 0
4342  0013        JMP 19
4343  868C        ADDR# 0,0,SZR
4344  0010        JMP 16
4345  0010        JMP 16
4346  4869        STA 1,105
4347  6768        IO   6768
4348  6573        IO   6573
4349  7420        IO   7420
434A  726F        IO   726F
434B  6F6D        IO   6F6D
434C  2069        LDA 0,105
434D  7320        IO   7320
434E  0000        JMP 0
434F  0014        JMP 20
4350  86A6        ADDOR 0,0,SEZ
4351  0007        JMP 7
4352  0007        JMP 7
4353  4D61        STA 1,@97,PC   ; -> 43B4
4354  6769        IO   6769
4355  633A        IO   633A
4356  2000        LDA 0,0
4357  86B4        ADDCR 0,0,SZR
4358  0007        JMP 7
4359  0007        JMP 7
435A  506F        STA 2,111
435B  7765        IO   7765
435C  723A        IO   723A
435D  2000        LDA 0,0
435E  86C2        ADDS 0,0,SZC
435F  0006        JMP 6
4360  0006        JMP 6
4361  436F        STA 0,111,3
4362  6F72        IO   6F72
4363  3A20        LDA 3,32,2
4364  0000        JMP 0
4365  86D0        ADDZS 0,0
4366  0008        JMP 8
4367  0008        JMP 8
4368  5769        STA 2,@105,3
4369  7364        IO   7364
436A  6F6D        IO   6F6D
436B  3A20        LDA 3,32,2
436C  0000        JMP 0
436D  0015        JMP 21
436E  86E2        ADDOS 0,0,SZC
436F  0006        JMP 6
4370  0006        JMP 6
4371  4956        STA 1,86,PC   ; -> 43C7
4372  414C        STA 0,76,PC   ; -> 43BE
4373  3D20        LDA 3,@32,PC   ; -> 4393
4374  0000        JMP 0
4375  86F0        ADDCS 0,0
4376  0008        JMP 8
4377  0008        JMP 8
4378  2020        LDA 0,32
4379  5645        STA 2,@69,2
437A  4354        STA 0,84,3
437B  3D20        LDA 3,@32,PC   ; -> 439B
437C  0000        JMP 0
437D  0016        JMP 22
437E  8702        AND 0,0,SZC
437F  000A        JMP 10
4380  000A        JMP 10
4381  0A43        JSR 67,2
4382  4F4E        STA 1,@78,3
4383  5445        STA 2,@69
4384  4E54        STA 1,@84,2
4385  535B        STA 2,91,3
4386  0000        JMP 0
4387  0003        JMP 3
4388  8716        ANDZ 0,0,SEZ
4389  0001        JMP 1
438A  0001        JMP 1
438B  2F00        LDA 1,@0,3
438C  0017        JMP 23
438D  0018        JMP 24
438E  8722        ANDO 0,0,SZC
438F  0008        JMP 8
4390  0008        JMP 8
4391  4F70        STA 1,@112,3
4392  7469        IO   7469
4393  6F6E        IO   6F6E
4394  3A20        LDA 3,32,2
4395  0000        JMP 0
4396  0019        JMP 25
4397  001A        JMP 26
4398  8736        ANDC 0,0,SEZ
4399  0009        JMP 9
439A  0009        JMP 9
439B  0A4F        JSR 79,2
439C  626A        IO   626A
439D  6563        IO   6563
439E  743A        IO   743A
439F  2000        LDA 0,0
43A0  8746        ANDL 0,0,SEZ
43A1  0008        JMP 8
43A2  0008        JMP 8
43A3  5369        STA 2,105,3
43A4  7A65        IO   7A65
43A5  2069        LDA 0,105
43A6  7320        IO   7320
43A7  0000        JMP 0
43A8  001B        JMP 27
43A9  0000        JMP 0
43AA  875A        ANDZL# 0,0,SZC
43AB  000A        JMP 10
43AC  000A        JMP 10
43AD  4669        STA 0,@105,2
43AE  6C65        IO   6C65
43AF  6E61        IO   6E61
43B0  6D65        IO   6D65
43B1  3A20        LDA 3,32,2
43B2  0000        JMP 0
43B3  000B        JMP 11
43B4  876E        ANDOL# 0,0,SEZ
43B5  0013        JMP 19
43B6  0013        JMP 19
43B7  0A4D        JSR 77,2
43B8  6F6E        IO   6F6E
43B9  7374        IO   7374
43BA  6572        IO   6572
43BB  206C        LDA 0,108
43BC  6F67        IO   6F67
43BD  2066        LDA 0,102
43BE  696C        IO   696C
43BF  650A        IO   650A
43C0  0A00        JSR 0,2
43C1  001C        JMP 28
43C2  002B        JMP 43
43C3  002C        JMP 44
43C4  0031        JMP 49
43C5  00A1        JMP 161
43C6  001D        JMP 29
43C7  8794        ANDZR 0,0,SZR
43C8  000D        JMP 13
43C9  000D        JMP 13
43CA  5843        STA 3,67
43CB  2F59        LDA 1,@89,3
43CC  4320        STA 0,32,3
43CD  4953        STA 1,83,PC   ; -> 4420
43CE  204E        LDA 0,78
43CF  4F57        STA 1,@87,3
43D0  2000        LDA 0,0
43D1  001E        JMP 30
43D2  87AA        ANDOR# 0,0,SZC
43D3  0013        JMP 19
43D4  0013        JMP 19
43D5  4C6F        STA 1,@111
43D6  6361        IO   6361
43D7  7469        IO   7469
43D8  6F6E        IO   6F6E
43D9  206F        LDA 0,111
43DA  6620        IO   6620
43DB  4442        STA 0,@66
43DC  4720        STA 0,@32,3
43DD  6973        IO   6973
43DE  2000        LDA 0,0
43DF  87C4        ANDS 0,0,SZR
43E0  0018        JMP 24
43E1  0018        JMP 24
43E2  0A4C        JSR 76,2
43E3  6F63        IO   6F63
43E4  6174        IO   6174
43E5  696F        IO   696F
43E6  6E20        IO   6E20
43E7  6F66        IO   6F66
43E8  2047        LDA 0,71
43E9  4445        STA 0,@69
43EA  4E49        STA 1,@73,2
43EB  414C        STA 0,76,PC   ; -> 4437
43EC  2069        LDA 0,105
43ED  7320        IO   7320
43EE  0000        JMP 0
43EF  87E4        ANDOS 0,0,SZR
43F0  0023        JMP 35
43F1  0023        JMP 35
43F2  0A0A        JSR 10,2
43F3  4578        STA 0,@120,PC   ; -> 446B
43F4  616D        IO   616D
43F5  696E        IO   696E
43F6  6520        IO   6520
43F7  6F66        IO   6F66
43F8  6673        IO   6673
43F9  6574        IO   6574
43FA  2028        LDA 0,40
43FB  4442        STA 0,@66
43FC  472B        STA 0,@43,3
43FD  2920        LDA 1,32,PC   ; -> 441D
43FE  2D31        LDA 1,@49,PC   ; -> 442F
43FF  2074        LDA 0,116
4400  6F20        IO   6F20
4401  7465        IO   7465
4402  726D        IO   726D
4403  2000        LDA 0,0
4404  FFFF        ANDCS# 3,3,SBN
4405  8810        COMZ 0,1
4406  0005        JMP 5
4407  0005        JMP 5
4408  0A44        JSR 68,2
4409  4742        STA 0,@66,3
440A  2B00        LDA 1,0,3
440B  881C        COMZ# 0,1,SZR
440C  0002        JMP 2
440D  0002        JMP 2
440E  2020        LDA 0,32
440F  0000        JMP 0
4410  001F        JMP 31
4411  8828        ?ECL 8828          <<< unknown extended
4412  0016        JMP 22
4413  0016        JMP 22
4414  4249        STA 0,73,2
4415  4E5F        STA 1,@95,2
4416  494E        STA 1,78,PC   ; -> 4464
4417  2069        LDA 0,105
4418  7320        IO   7320
4419  6174        IO   6174
441A  206C        LDA 0,108
441B  6F63        IO   6F63
441C  6174        IO   6174
441D  696F        IO   696F
441E  6E20        IO   6E20
441F  0000        JMP 0
4420  8846        COML 0,1,SEZ
4421  0002        JMP 2
4422  0002        JMP 2
4423  2E20        LDA 1,@32,2
4424  0000        JMP 0
4425  8850        COMZL 0,1
4426  0004        JMP 4
4427  0004        JMP 4
4428  2020        LDA 0,32
4429  2020        LDA 0,32
442A  0000        JMP 0
442B  885C        COMZL# 0,1,SZR
442C  0003        JMP 3
442D  0003        JMP 3
442E  202F        LDA 0,47
442F  2000        LDA 0,0
4430  0162        JMP 98,PC   ; -> 4492
4431  8868        ?ECL 8868          <<< unknown extended
4432  0009        JMP 9
4433  0009        JMP 9
4434  0A4F        JSR 79,2
4435  7074        IO   7074
4436  696F        IO   696F
4437  6E3A        IO   6E3A
4438  2000        LDA 0,0
4439  8878        ?ECL 8878          <<< unknown extended
443A  000D        JMP 13
443B  000D        JMP 13
443C  202F        LDA 0,47
443D  2075        LDA 0,117
443E  6E64        IO   6E64
443F  6566        IO   6566
4440  696E        IO   696E
4441  6564        IO   6564
4442  0A00        JSR 0,2
4443  888C        COMR# 0,1,SZR
4444  0010        JMP 16
4445  0010        JMP 16
4446  546F        STA 2,@111
4447  7461        IO   7461
4448  6C20        IO   6C20
4449  7265        IO   7265
444A  7175        IO   7175
444B  6573        IO   6573
444C  7473        IO   7473
444D  3A20        LDA 3,32,2
444E  0000        JMP 0
444F  88A4        COMOR 0,1,SZR
4450  000D        JMP 13
4451  000D        JMP 13
4452  0A43        JSR 67,2
4453  6163        IO   6163
4454  6865        IO   6865
4455  2068        LDA 0,104
4456  6974        IO   6974
4457  733A        IO   733A
4458  2000        LDA 0,0
4459  88B8        ?ECL 88B8          <<< unknown extended
445A  0002        JMP 2
445B  0002        JMP 2
445C  2028        LDA 0,40
445D  0000        JMP 0
445E  0064        JMP 100
445F  88C4        COMS 0,1,SZR
4460  000F        JMP 15
4461  000F        JMP 15
4462  2529        LDA 0,@41,PC   ; -> 448B
4463  0A4C        JSR 76,2
4464  6F63        IO   6F63
4465  616C        IO   616C
4466  2068        LDA 0,104
4467  6974        IO   6974
4468  733A        IO   733A
4469  2000        LDA 0,0
446A  88DA        COMZS# 0,1,SZC
446B  000F        JMP 15
446C  000F        JMP 15
446D  2529        LDA 0,@41,PC   ; -> 4496
446E  0A44        JSR 68,2
446F  6973        IO   6973
4470  6B20        IO   6B20
4471  7265        IO   7265
4472  6164        IO   6164
4473  733A        IO   733A
4474  2000        LDA 0,0
4475  88F0        COMCS 0,1
4476  0003        JMP 3
4477  0003        JMP 3
4478  2529        LDA 0,@41,PC   ; -> 44A1
4479  0A00        JSR 0,2
447A  0064        JMP 100
447B  0000        JMP 0
447C  0001        JMP 1
447D  0001        JMP 1
447E  8902        NEG 0,1,SZC
447F  000D        JMP 13
4480  000D        JMP 13
4481  5448        STA 2,@72
4482  4953        STA 1,83,PC   ; -> 44D5
4483  5341        STA 2,65,3
4484  4C41        STA 1,@65
4485  2E48        LDA 1,@72,2
4486  454C        STA 0,@76,PC   ; -> 44D2
4487  5000        STA 2,0
4488  0009        JMP 9
4489  0050        JMP 80
448A  0010        JMP 16
448B  0004        JMP 4
448C  005E        JMP 94
448D  8920        NEGO 0,1
448E  0004        JMP 4
448F  0004        JMP 4
4490  233A        LDA 0,58,3
4491  230A        LDA 0,10,3
4492  0000        JMP 0
4493  892C        NEGO# 0,1,SZR
4494  0001        JMP 1
4495  0001        JMP 1
4496  3A00        LDA 3,0,2
4497  8934        NEGC 0,1,SZR
4498  0001        JMP 1
4499  0001        JMP 1
449A  0A00        JSR 0,2
449B  00A3        JMP 163
449C  00A9        JMP 169
449D  00AA        JMP 170
449E  0002        JMP 2
449F  8944        NEGL 0,1,SZR
44A0  001B        JMP 27
44A1  001B        JMP 27
44A2  3A4D        LDA 3,77,2
44A3  4149        STA 0,73,PC   ; -> 44EC
44A4  4C3A        STA 1,@58
44A5  4E47        STA 1,@71,2
44A6  414D        STA 0,77,PC   ; -> 44F3
44A7  455F        STA 0,@95,PC   ; -> 4506
44A8  5245        STA 2,69,2
44A9  434F        STA 0,79,3
44AA  4D4D        STA 1,@77,PC   ; -> 44F7
44AB  454E        STA 0,@78,PC   ; -> 44F9
44AC  4441        STA 0,@65
44AD  5449        STA 2,@73
44AE  4F4E        STA 1,@78,3
44AF  5300        STA 2,0,3
44B0  0020        JMP 32
44B1  8968        ?ECL 8968          <<< unknown extended
44B2  0001        JMP 1
44B3  0001        JMP 1
44B4  5B00        STA 3,0,3
44B5  8970        NEGCL 0,1
44B6  0001        JMP 1
44B7  0001        JMP 1
44B8  2F00        LDA 1,@0,3
44B9  8978        ?ECL 8978          <<< unknown extended
44BA  0002        JMP 2
44BB  0002        JMP 2
44BC  5D20        STA 3,@32,PC   ; -> 44DC
44BD  0000        JMP 0
44BE  0003        JMP 3
44BF  8984        NEGR 0,1,SZR
44C0  0001        JMP 1
44C1  0001        JMP 1
44C2  2000        LDA 0,0
44C3  00AF        JMP 175
44C4  0036        JMP 54
44C5  00AE        JMP 174
44C6  8992        NEGZR 0,1,SZC
44C7  000D        JMP 13
44C8  000D        JMP 13
44C9  5448        STA 2,@72
44CA  4953        STA 1,83,PC   ; -> 451D
44CB  5341        STA 2,65,3
44CC  4C41        STA 1,@65
44CD  2E44        LDA 1,@68,2
44CE  4553        STA 0,@83,PC   ; -> 4521
44CF  4300        STA 0,0,3
44D0  89A6        NEGOR 0,1,SEZ
44D1  000E        JMP 14
44D2  000E        JMP 14
44D3  4C6F        STA 1,@111
44D4  6766        IO   6766
44D5  696C        IO   696C
44D6  6520        IO   6520
44D7  6E61        IO   6E61
44D8  6D65        IO   6D65
44D9  3A20        LDA 3,32,2
44DA  0000        JMP 0
44DB  89BC        NEGCR# 0,1,SZR
44DC  0003        JMP 3
44DD  0003        JMP 3
44DE  2E4C        LDA 1,@76,2
44DF  4700        STA 0,@0,3
44E0  000A        JMP 10
44E1  00D4        JMP 212
44E2  00D2        JMP 210
44E3  00D5        JMP 213
44E4  00D3        JMP 211
44E5  00D7        JMP 215
44E6  0007        JMP 7
44E7  0006        JMP 6
44E8  8000        COM 0,0
44E9  89D8        ?ECL 89D8          <<< unknown extended
44EA  0006        JMP 6
44EB  0006        JMP 6
44EC  434C        STA 0,76,3
44ED  492E        STA 1,46,PC   ; -> 451B
44EE  5052        STA 2,82
44EF  0000        JMP 0
44F0  89E6        NEGOS 0,1,SEZ
44F1  001D        JMP 29
44F2  001D        JMP 29
44F3  4920        STA 1,32,PC   ; -> 4513
44F4  646F        IO   646F
44F5  6E27        IO   6E27
44F6  7420        IO   7420
44F7  756E        IO   756E
44F8  6465        IO   6465
44F9  7273        IO   7273
44FA  7461        IO   7461
44FB  6E64        IO   6E64
44FC  2074        LDA 0,116
44FD  6865        IO   6865
44FE  2077        LDA 0,119
44FF  6F72        IO   6F72
4500  6420        IO   6420
4501  2700        LDA 0,@0,3
4502  8A0A        MOV# 0,1,SZC
4503  0002        JMP 2
4504  0002        JMP 2
4505  270A        LDA 0,@10,3
4506  0000        JMP 0
4507  0001        JMP 1
4508  0018        JMP 24
4509  301D        LDA 2,29
450A  303A        LDA 2,58
450B  302B        LDA 2,43
450C  3020        LDA 2,32
450D  303F        LDA 2,63
450E  3044        LDA 2,68
450F  304A        LDA 2,74
4510  3050        LDA 2,80
4511  309F        LDA 2,159
4512  30A8        LDA 2,168
4513  30C8        LDA 2,200
4514  30DB        LDA 2,219
4515  30B1        LDA 2,177
4516  30E4        LDA 2,228
4517  3114        LDA 2,20,PC   ; -> 452B
4518  311D        LDA 2,29,PC   ; -> 4535
4519  3126        LDA 2,38,PC   ; -> 453F
451A  312F        LDA 2,47,PC   ; -> 4549
451B  31D2        LDA 2,-46,PC   ; -> 44ED
451C  31D9        LDA 2,-39,PC   ; -> 44F5
451D  3210        LDA 2,16,2
451E  3289        LDA 2,-119,2
451F  32C3        LDA 2,-61,2
4520  32E6        LDA 2,-26,2
4521  0022        JMP 34
4522  8A4A        MOVL# 0,1,SZC
4523  0004        JMP 4
4524  0004        JMP 4
4525  434D        STA 0,77,3
4526  4432        STA 0,@50
4527  0000        JMP 0
4528  0002        JMP 2
4529  0000        JMP 0
452A  0001        JMP 1
452B  0006        JMP 6
452C  0005        JMP 5
452D  0029        JMP 41
452E  0028        JMP 40
452F  0027        JMP 39
4530  013E        JMP 62,PC   ; -> 456E
4531  013F        JMP 63,PC   ; -> 4570
4532  000E        JMP 14
4533  0020        JMP 32
4534  000F        JMP 15
4535  000D        JMP 13
4536  001F        JMP 31
4537  FFFF        ANDCS# 3,3,SBN
4538  0004        JMP 4
4539  0008        JMP 8
453A  0011        JMP 17
453B  0007        JMP 7
453C  0021        JMP 33
453D  0A91        JSR -111,2
453E  0A90        JSR -112,2
453F  000B        JMP 11
4540  0001        JMP 1
4541  0004        JMP 4
4542  3051        LDA 2,81
4543  30E4        LDA 2,228
4544  3140        LDA 2,64,PC   ; -> 4584
4545  31DE        LDA 2,-34,PC   ; -> 4523
4546  0020        JMP 32
4547  0022        JMP 34
4548  8A96        MOVZR 0,1,SEZ
4549  0004        JMP 4
454A  0004        JMP 4
454B  434D        STA 0,77,3
454C  4433        STA 0,@51
454D  0000        JMP 0
454E  0002        JMP 2
454F  0AF7        JSR -9,2
4550  0006        JMP 6
4551  0031        JMP 49
4552  00FE        JMP 254
4553  0001        JMP 1
4554  0000        JMP 0
4555  0003        JMP 3
4556  010F        JMP 15,PC   ; -> 4565
4557  0013        JMP 19
4558  0036        JMP 54
4559  0014        JMP 20
455A  000E        JMP 14
455B  0015        JMP 21
455C  0011        JMP 17
455D  00AB        JMP 171
455E  0078        JMP 120
455F  000F        JMP 15
4560  0690        JMP @-112,2
4561  0A96        JSR -106,2
4562  0AA0        JSR -96,2
4563  007A        JMP 122
4564  0079        JMP 121
4565  8AD0        MOVZS 0,1
4566  0006        JMP 6
4567  0006        JMP 6
4568  3130        LDA 2,48,PC   ; -> 4598
4569  3136        LDA 2,54,PC   ; -> 459F
456A  3534        LDA 2,@52,PC   ; -> 459E
456B  0000        JMP 0
456C  0007        JMP 7
456D  000A        JMP 10
456E  0054        JMP 84
456F  4000        STA 0,0
4570  007B        JMP 123
4571  0000        JMP 0
4572  EFFF        ANDCS# 3,1,SBN
4573  0030        JMP 48
4574  005A        JMP 90
4575  0053        JMP 83
4576  0077        JMP 119
4577  002B        JMP 43
4578  005B        JMP 91
4579  0032        JMP 50
457A  005C        JMP 92
457B  00A0        JMP 160
457C  00BC        JMP 188
457D  0000        JMP 0
457E  0086        JMP 134
457F  FFFF        ANDCS# 3,3,SBN
4580  005D        JMP 93
4581  00BB        JMP 187
4582  0001        JMP 1
4583  00A3        JMP 163
4584  005E        JMP 94
4585  00C8        JMP 200
4586  005F        JMP 95
4587  0060        JMP 96
4588  00A1        JMP 161
4589  0070        JMP 112
458A  00C3        JMP 195
458B  00C4        JMP 196
458C  0063        JMP 99
458D  00A4        JMP 164
458E  0028        JMP 40
458F  0124        JMP 36,PC   ; -> 45B3
4590  0064        JMP 100
4591  0039        JMP 57
4592  0125        JMP 37,PC   ; -> 45B7
4593  0061        JMP 97
4594  006F        JMP 111
4595  00C5        JMP 197
4596  0062        JMP 98
4597  0016        JMP 22
4598  0035        JMP 53
4599  0A8C        JSR -116,2
459A  0037        JMP 55
459B  0120        JMP 32,PC   ; -> 45BB
459C  0A8D        JSR -115,2
459D  0038        JMP 56
459E  003A        JMP 58
459F  0AF4        JSR -12,2
45A0  0094        JMP 148
45A1  0004        JMP 4
45A2  000D        JMP 13
45A3  003D        JMP 61
45A4  0059        JMP 89
45A5  00BA        JMP 186
45A6  003E        JMP 62
45A7  0001        JMP 1
45A8  0004        JMP 4
45A9  308E        LDA 2,142
45AA  315E        LDA 2,94,PC   ; -> 4608
45AB  33E8        LDA 2,-24,3
45AC  34A6        LDA 2,@166
45AD  0022        JMP 34
45AE  8B62        INCOL 0,1,SZC
45AF  0004        JMP 4
45B0  0004        JMP 4
45B1  434D        STA 0,77,3
45B2  4434        STA 0,@52
45B3  0000        JMP 0
45B4  0002        JMP 2
45B5  0000        JMP 0
45B6  0001        JMP 1
45B7  00BF        JMP 191
45B8  0020        JMP 32
45B9  0040        JMP 64
45BA  0064        JMP 100
45BB  0141        JMP 65,PC   ; -> 45FC
45BC  0140        JMP 64,PC   ; -> 45FC
45BD  1000        ISZ 0
45BE  00B5        JMP 181
45BF  0010        JMP 16
45C0  0041        JMP 65
45C1  0042        JMP 66
45C2  0017        JMP 23
45C3  00BE        JMP 190
45C4  00B8        JMP 184
45C5  00B9        JMP 185
45C6  007F        JMP 127
45C7  0086        JMP 134
45C8  0000        JMP 0
45C9  FFDF        ANDZS# 3,3,SBN
45CA  0054        JMP 84
45CB  0006        JMP 6
45CC  0055        JMP 85
45CD  0034        JMP 52
45CE  0035        JMP 53
45CF  0001        JMP 1
45D0  0003        JMP 3
45D1  3033        LDA 2,51
45D2  316B        LDA 2,107,PC   ; -> 463D
45D3  3274        LDA 2,116,2
45D4  0022        JMP 34
45D5  8BB0        INCCR 0,1
45D6  0004        JMP 4
45D7  0004        JMP 4
45D8  434D        STA 0,77,3
45D9  4435        STA 0,@53
45DA  0000        JMP 0
45DB  0002        JMP 2
45DC  0000        JMP 0
45DD  0001        JMP 1
45DE  0018        JMP 24
45DF  0044        JMP 68
45E0  001F        JMP 31
45E1  0045        JMP 69
45E2  0021        JMP 33
45E3  0048        JMP 72
45E4  005D        JMP 93
45E5  0046        JMP 70
45E6  0081        JMP 129
45E7  0047        JMP 71
45E8  0082        JMP 130
45E9  0083        JMP 131
45EA  00AD        JMP 173
45EB  008C        JMP 140
45EC  008D        JMP 141
45ED  00F6        JMP 246
45EE  0090        JMP 144
45EF  00DF        JMP 223
45F0  0049        JMP 73
45F1  00E0        JMP 224
45F2  00D2        JMP 210
45F3  016C        JMP 108,PC   ; -> 465F
45F4  00D3        JMP 211
45F5  00A9        JMP 169
45F6  0131        JMP 49,PC   ; -> 4627
45F7  00BF        JMP 191
45F8  00C0        JMP 192
45F9  0157        JMP 87,PC   ; -> 4650
45FA  006C        JMP 108
45FB  00C4        JMP 196
45FC  00CE        JMP 206
45FD  0043        JMP 67
45FE  0003        JMP 3
45FF  0070        JMP 112
4600  0071        JMP 113
4601  0038        JMP 56
4602  0037        JMP 55
4603  009A        JMP 154
4604  0400        JMP @0
4605  000A        JMP 10
4606  00B7        JMP 183
4607  FFFF        ANDCS# 3,3,SBN
4608  0114        JMP 20,PC   ; -> 461C
4609  0035        JMP 53
460A  004B        JMP 75
460B  0006        JMP 6
460C  000C        JMP 12
460D  0087        JMP 135
460E  004D        JMP 77
460F  004C        JMP 76
4610  0004        JMP 4
4611  00A7        JMP 167
4612  0020        JMP 32
4613  012D        JMP 45,PC   ; -> 4640
4614  012E        JMP 46,PC   ; -> 4642
4615  0AF3        JSR -13,2
4616  0009        JMP 9
4617  0053        JMP 83
4618  0055        JMP 85
4619  008A        JMP 138
461A  8C3A        ADCC# 0,1,SZC
461B  0005        JMP 5
461C  0005        JMP 5
461D  6665        IO   6665
461E  6E63        IO   6E63
461F  6500        IO   6500
4620  0AF9        JSR -7,2
4621  0AFA        JSR -6,2
4622  0AF0        JSR -16,2
4623  0123        JMP 35,PC   ; -> 4646
4624  0001        JMP 1
4625  0036        JMP 54
4626  0148        JMP 72,PC   ; -> 466E
4627  0142        JMP 66,PC   ; -> 4669
4628  0143        JMP 67,PC   ; -> 466B
4629  03E8        JMP -24,3
462A  0145        JMP 69,PC   ; -> 466F
462B  0146        JMP 70,PC   ; -> 4671
462C  0001        JMP 1
462D  0004        JMP 4
462E  303B        LDA 2,59
462F  3196        LDA 2,-106,PC   ; -> 45C5
4630  325E        LDA 2,94,2
4631  33A7        LDA 2,-89,3
4632  0022        JMP 34
4633  8C6C        ADCOL# 0,1,SZR
4634  0004        JMP 4
4635  0004        JMP 4
4636  434D        STA 0,77,3
4637  4436        STA 0,@54
4638  0000        JMP 0
4639  0002        JMP 2
463A  0000        JMP 0
463B  FFFF        ANDCS# 3,3,SBN
463C  0001        JMP 1
463D  0016        JMP 22
463E  008E        JMP 142
463F  003A        JMP 58
4640  0038        JMP 56
4641  008F        JMP 143
4642  0039        JMP 57
4643  0037        JMP 55
4644  0800        JSR 0
4645  0090        JMP 144
4646  1000        ISZ 0
4647  0091        JMP 145
4648  0017        JMP 23
4649  0007        JMP 7
464A  012B        JMP 43,PC   ; -> 4675
464B  012C        JMP 44,PC   ; -> 4677
464C  00B8        JMP 184
464D  0008        JMP 8
464E  0079        JMP 121
464F  0092        JMP 146
4650  0093        JMP 147
4651  0000        JMP 0
4652  EFFF        ANDCS# 3,1,SBN
4653  0001        JMP 1
4654  0004        JMP 4
4655  3040        LDA 2,64
4656  30C9        LDA 2,201
4657  3154        LDA 2,84,PC   ; -> 46AB
4658  31FA        LDA 2,-6,PC   ; -> 4652
4659  0020        JMP 32
465A  0032        JMP 50
465B  0022        JMP 34
465C  8CBE        ADCCR# 0,1,SEZ
465D  0004        JMP 4
465E  0004        JMP 4
465F  434D        STA 0,77,3
4660  4437        STA 0,@55
4661  0000        JMP 0
4662  0002        JMP 2
4663  0001        JMP 1
4664  0AF5        JSR -11,2
4665  0AF6        JSR -10,2
4666  0096        JMP 150
4667  0097        JMP 151
4668  0098        JMP 152
4669  009B        JMP 155
466A  009D        JMP 157
466B  0116        JMP 22,PC   ; -> 4681
466C  0095        JMP 149
466D  0099        JMP 153
466E  009A        JMP 154
466F  0000        JMP 0
4670  009C        JMP 156
4671  0006        JMP 6
4672  0003        JMP 3
4673  2000        LDA 0,0
4674  0020        JMP 32
4675  007F        JMP 127
4676  00B6        JMP 182
4677  00B7        JMP 183
4678  0004        JMP 4
4679  8CF8        CLM 0,1
467A  0003        JMP 3
467B  0003        JMP 3
467C  4541        STA 0,@65,PC   ; -> 46BD
467D  5400        STA 2,@0
467E  00B9        JMP 185
467F  1000        ISZ 0
4680  FFFF        ANDCS# 3,3,SBN
4681  00AF        JMP 175
4682  0139        JMP 57,PC   ; -> 46BB
4683  00B8        JMP 184
4684  0001        JMP 1
4685  0004        JMP 4
4686  3046        LDA 2,70
4687  30F5        LDA 2,245
4688  315C        LDA 2,92,PC   ; -> 46E4
4689  3211        LDA 2,17,2
468A  0022        JMP 34
468B  8D1C        SUBZ# 0,1,SZR
468C  0004        JMP 4
468D  0004        JMP 4
468E  434D        STA 0,77,3
468F  4438        STA 0,@56
4690  0000        JMP 0
4691  0002        JMP 2
4692  0000        JMP 0
4693  0001        JMP 1
4694  0006        JMP 6
4695  0A8F        JSR -113,2
4696  0036        JMP 54
4697  FFFF        ANDCS# 3,3,SBN
4698  0085        JMP 133
4699  004E        JMP 78
469A  0050        JMP 80
469B  00C1        JMP 193
469C  0051        JMP 81
469D  008F        JMP 143
469E  00B7        JMP 183
469F  009F        JMP 159
46A0  0097        JMP 151
46A1  00A2        JMP 162
46A2  0032        JMP 50
46A3  0034        JMP 52
46A4  009E        JMP 158
46A5  0005        JMP 5
46A6  001E        JMP 30
46A7  0070        JMP 112
46A8  00A0        JMP 160
46A9  0001        JMP 1
46AA  0080        JMP 128
46AB  0035        JMP 53
46AC  00C2        JMP 194
46AD  006C        JMP 108
46AE  0084        JMP 132
46AF  0054        JMP 84
46B0  8000        COM 0,0
46B1  0020        JMP 32
46B2  0068        JMP 104
46B3  0400        JMP @0
46B4  00D1        JMP 209
46B5  0098        JMP 152
46B6  0113        JMP 19,PC   ; -> 46C9
46B7  0200        JMP 0,2
46B8  000A        JMP 10
46B9  001F        JMP 31
46BA  002F        JMP 47
46BB  0121        JMP 33,PC   ; -> 46DC
46BC  009A        JMP 154
46BD  0112        JMP 18,PC   ; -> 46CF
46BE  00A4        JMP 164
46BF  00A5        JMP 165
46C0  0126        JMP 38,PC   ; -> 46E6
46C1  0127        JMP 39,PC   ; -> 46E8
46C2  0001        JMP 1
46C3  0001        JMP 1
46C4  301C        LDA 2,28
46C5  00A0        JMP 160
46C6  000A        JMP 10
46C7  0032        JMP 50
46C8  0020        JMP 32
46C9  0000        JMP 0
46CA  0001        JMP 1
46CB  0AF5        JSR -11,2
46CC  0AF6        JSR -10,2
46CD  00E1        JMP 225
46CE  0002        JMP 2
46CF  0071        JMP 113
46D0  00E7        JMP 231
46D1  007D        JMP 125
46D2  0006        JMP 6
46D3  0090        JMP 144
46D4  0049        JMP 73
46D5  00DB        JMP 219
46D6  0067        JMP 103
46D7  00DC        JMP 220
46D8  00DD        JMP 221
46D9  00DE        JMP 222
46DA  00ED        JMP 237
46DB  0003        JMP 3
46DC  0091        JMP 145
46DD  00EE        JMP 238
46DE  003E        JMP 62
46DF  00EF        JMP 239
46E0  0094        JMP 148
46E1  00F0        JMP 240
46E2  0092        JMP 146
46E3  0093        JMP 147
46E4  00F4        JMP 244
46E5  0095        JMP 149
46E6  001F        JMP 31
46E7  005A        JMP 90
46E8  FFFF        ANDCS# 3,3,SBN
46E9  0000        JMP 0
46EA  0040        JMP 64
46EB  00FD        JMP 253
46EC  0001        JMP 1
46ED  00FF        JMP 255
46EE  0004        JMP 4
46EF  00F7        JMP 247
46F0  00FC        JMP 252
46F1  8DE8        ?ECL 8DE8          <<< unknown extended
46F2  000A        JMP 10
46F3  000A        JMP 10
46F4  2020        LDA 0,32
46F5  2020        LDA 0,32
46F6  2020        LDA 0,32
46F7  2020        LDA 0,32
46F8  2020        LDA 0,32
46F9  0000        JMP 0
46FA  8DFA        SUBCS# 0,1,SZC
46FB  0005        JMP 5
46FC  0005        JMP 5
46FD  6E6F        IO   6E6F
46FE  7274        IO   7274
46FF  6800        IO   6800
4700  8E06        ADD 0,1,SEZ
4701  0009        JMP 9
4702  0009        JMP 9
4703  6E6F        IO   6E6F
4704  7274        IO   7274
4705  6865        IO   6865
4706  6173        IO   6173
4707  7400        IO   7400
4708  8E16        ADDZ 0,1,SEZ
4709  0004        JMP 4
470A  0004        JMP 4
470B  6561        IO   6561
470C  7374        IO   7374
470D  0000        JMP 0
470E  8E22        ADDO 0,1,SZC
470F  0009        JMP 9
4710  0009        JMP 9
4711  736F        IO   736F
4712  7574        IO   7574
4713  6865        IO   6865
4714  6173        IO   6173
4715  7400        IO   7400
4716  0005        JMP 5
4717  8E34        ADDC 0,1,SZR
4718  0005        JMP 5
4719  0005        JMP 5
471A  736F        IO   736F
471B  7574        IO   7574
471C  6800        IO   6800
471D  8E40        ADDL 0,1
471E  0009        JMP 9
471F  0009        JMP 9
4720  736F        IO   736F
4721  7574        IO   7574
4722  6877        IO   6877
4723  6573        IO   6573
4724  7400        IO   7400
4725  0007        JMP 7
4726  8E52        ADDZL 0,1,SZC
4727  0004        JMP 4
4728  0004        JMP 4
4729  7765        IO   7765
472A  7374        IO   7374
472B  0000        JMP 0
472C  0008        JMP 8
472D  8E60        ADDOL 0,1
472E  0009        JMP 9
472F  0009        JMP 9
4730  6E6F        IO   6E6F
4731  7274        IO   7274
4732  6877        IO   6877
4733  6573        IO   6573
4734  7400        IO   7400
4735  8E70        ADDCL 0,1
4736  0003        JMP 3
4737  0003        JMP 3
4738  6F75        IO   6F75
4739  7400        IO   7400
473A  0001        JMP 1
473B  0004        JMP 4
473C  3051        LDA 2,81
473D  3106        LDA 2,6,PC   ; -> 4743
473E  3192        LDA 2,-110,PC   ; -> 46D0
473F  324E        LDA 2,78,2
4740  0022        JMP 34
4741  8E88        POP 0,1
4742  0005        JMP 5
4743  0005        JMP 5
4744  434D        STA 0,77,3
4745  4431        STA 0,@49
4746  3000        LDA 2,0
4747  0002        JMP 2
4748  0000        JMP 0
4749  0001        JMP 1
474A  0006        JMP 6
474B  009D        JMP 157
474C  0035        JMP 53
474D  0117        JMP 23,PC   ; -> 4764
474E  009B        JMP 155
474F  FFFF        ANDCS# 3,3,SBN
4750  009C        JMP 156
4751  0119        JMP 25,PC   ; -> 476A
4752  011C        JMP 28,PC   ; -> 476E
4753  011D        JMP 29,PC   ; -> 4770
4754  0042        JMP 66
4755  0043        JMP 67
4756  011A        JMP 26,PC   ; -> 4770
4757  0118        JMP 24,PC   ; -> 476F
4758  011B        JMP 27,PC   ; -> 4773
4759  0001        JMP 1
475A  0003        JMP 3
475B  8EBC        ADDCR# 0,1,SZR
475C  0005        JMP 5
475D  0005        JMP 5
475E  7879        IO   7879
475F  7A7A        IO   7A7A
4760  7900        IO   7900
4761  0034        JMP 52
4762  0037        JMP 55
4763  0800        JSR 0
4764  0000        JMP 0
4765  0078        JMP 120
4766  8ED2        ADDZS 0,1,SZC
4767  0006        JMP 6
4768  0006        JMP 6
4769  706C        IO   706C
476A  6F76        IO   6F76
476B  6572        IO   6572
476C  0000        JMP 0
476D  0036        JMP 54
476E  0001        JMP 1
476F  0004        JMP 4
4770  3056        LDA 2,86
4771  30B2        LDA 2,178
4772  3158        LDA 2,88,PC   ; -> 47CA
4773  31EE        LDA 2,-18,PC   ; -> 4761
4774  0020        JMP 32
4775  0022        JMP 34
4776  8EF2        ADDCS 0,1,SZC
4777  0005        JMP 5
4778  0005        JMP 5
4779  434D        STA 0,77,3
477A  4431        STA 0,@49
477B  3100        LDA 2,0,PC   ; -> 477B
477C  0002        JMP 2
477D  0A92        JSR -110,2
477E  00AB        JMP 171
477F  0135        JMP 53,PC   ; -> 47B4
4780  00AA        JMP 170
4781  00A9        JMP 169
4782  0003        JMP 3
4783  0078        JMP 120
4784  0036        JMP 54
4785  0001        JMP 1
4786  00B4        JMP 180
4787  013A        JMP 58,PC   ; -> 47C1
4788  00B5        JMP 181
4789  0000        JMP 0
478A  013B        JMP 59,PC   ; -> 47C5
478B  FFFF        ANDCS# 3,3,SBN
478C  000F        JMP 15
478D  013C        JMP 60,PC   ; -> 47C9
478E  0035        JMP 53
478F  0A8F        JSR -113,2
4790  0AF5        JSR -11,2
4791  0160        JMP 96,PC   ; -> 47F1
4792  0006        JMP 6
4793  015D        JMP 93,PC   ; -> 47F0
4794  00CE        JMP 206
4795  015E        JMP 94,PC   ; -> 47F3
4796  00CF        JMP 207
4797  0651        JMP @81,2
4798  015F        JMP 95,PC   ; -> 47F7
4799  015B        JMP 91,PC   ; -> 47F4
479A  0000        JMP 0
479B  8F3C        ANDC# 0,1,SZR
479C  0006        JMP 6
479D  0006        JMP 6
479E  4E6F        STA 1,@111,2
479F  626F        IO   626F
47A0  6479        IO   6479
47A1  0000        JMP 0
47A2  0001        JMP 1
47A3  8F4C        ANDL# 0,1,SZR
47A4  0006        JMP 6
47A5  0006        JMP 6
47A6  4E6F        STA 1,@111,2
47A7  206F        LDA 0,111
47A8  6E65        IO   6E65
47A9  0000        JMP 0
47AA  015A        JMP 90,PC   ; -> 4804
47AB  015C        JMP 92,PC   ; -> 4807
47AC  00F3        JMP 243
47AD  0001        JMP 1
47AE  0004        JMP 4
47AF  3058        LDA 2,88
47B0  3098        LDA 2,152
47B1  3110        LDA 2,16,PC   ; -> 47C1
47B2  3228        LDA 2,40,2
47B3  0022        JMP 34
47B4  8F6E        ANDOL# 0,1,SEZ
47B5  0005        JMP 5
47B6  0005        JMP 5
47B7  434D        STA 0,77,3
47B8  4431        STA 0,@49
47B9  3200        LDA 2,0,2
47BA  0001        JMP 1
47BB  0001        JMP 1
47BC  300C        LDA 2,12
47BD  0000        JMP 0
47BE  0001        JMP 1
47BF  FFFF        ANDCS# 3,3,SBN
47C0  0001        JMP 1
47C1  0008        JMP 8
47C2  301C        LDA 2,28
47C3  3019        LDA 2,25
47C4  3023        LDA 2,35
47C5  3020        LDA 2,32
47C6  302A        LDA 2,42
47C7  3027        LDA 2,39
47C8  3031        LDA 2,49
47C9  302E        LDA 2,46
47CA  0001        JMP 1
47CB  00BE        JMP 190
47CC  0000        JMP 0
47CD  0400        JMP @0
47CE  0065        JMP 101
47CF  0029        JMP 41
47D0  0066        JMP 102
47D1  0033        JMP 51
47D2  0007        JMP 7
47D3  FFFB        ANDCS# 3,3,SNC
47D4  0006        JMP 6
47D5  0031        JMP 49
47D6  00AD        JMP 173
47D7  0002        JMP 2
47D8  00C8        JMP 200
47D9  03E8        JMP -24,3
47DA  02EE        JMP -18,2
47DB  0003        JMP 3
47DC  0071        JMP 113
47DD  00BF        JMP 191
47DE  006E        JMP 110
47DF  002B        JMP 43
47E0  0055        JMP 85
47E1  0010        JMP 16
47E2  FFFF        ANDCS# 3,3,SBN
47E3  006D        JMP 109
47E4  00C9        JMP 201
47E5  8FD0        ANDZS 0,1
47E6  002D        JMP 45
47E7  002D        JMP 45
47E8  596F        STA 3,111,PC   ; -> 4857
47E9  7520        IO   7520
47EA  6861        IO   6861
47EB  7665        IO   7665
47EC  206F        LDA 0,111
47ED  6274        IO   6274
47EE  6169        IO   6169
47EF  6E65        IO   6E65
47F0  6420        IO   6420
47F1  7468        IO   7468
47F2  6520        IO   6520
47F3  746F        IO   746F
47F4  7461        IO   7461
47F5  6C20        IO   6C20
47F6  706F        IO   706F
47F7  696E        IO   696E
47F8  7473        IO   7473
47F9  2C20        LDA 1,@32
47FA  7768        IO   7768
47FB  6963        IO   6963
47FC  6820        IO   6820
47FD  6973        IO   6973
47FE  2000        LDA 0,0
47FF  9004        COM 0,2,SZR
4800  0013        JMP 19
4801  0013        JMP 19
4802  2061        LDA 0,97
4803  6E64        IO   6E64
4804  2068        LDA 0,104
4805  6176        IO   6176
4806  6520        IO   6520
4807  7265        IO   7265
4808  7175        IO   7175
4809  6972        IO   6972
480A  6564        IO   6564
480B  2000        LDA 0,0
480C  901E        COMZ# 0,2,SEZ
480D  0007        JMP 7
480E  0007        JMP 7
480F  206D        LDA 0,109
4810  6F76        IO   6F76
4811  6573        IO   6573
4812  0A00        JSR 0,2
4813  902C        COMO# 0,2,SZR
4814  002A        JMP 42
4815  002A        JMP 42
4816  596F        STA 3,111,PC   ; -> 4885
4817  7520        IO   7520
4818  6172        IO   6172
4819  6520        IO   6520
481A  656E        IO   656E
481B  7469        IO   7469
481C  746C        IO   746C
481D  6564        IO   6564
481E  2074        LDA 0,116
481F  6F20        IO   6F20
4820  7468        IO   7468
4821  6520        IO   6520
4822  636C        IO   636C
4823  6173        IO   6173
4824  7369        IO   7369
4825  6669        IO   6669
4826  6361        IO   6361
4827  7469        IO   7469
4828  6F6E        IO   6F6E
4829  206F        LDA 0,111
482A  6620        IO   6620
482B  0000        JMP 0
482C  905E        COMZL# 0,2,SEZ
482D  0021        JMP 33
482E  0021        JMP 33
482F  4752        STA 0,@82,3
4830  414E        STA 0,78,PC   ; -> 487E
4831  4420        STA 0,@32
4832  4D41        STA 1,@65,PC   ; -> 4873
4833  5354        STA 2,84,3
4834  4552        STA 0,@82,PC   ; -> 4886
4835  202E        LDA 0,46
4836  2E2E        LDA 1,@46,2
4837  2063        LDA 0,99
4838  6F6E        IO   6F6E
4839  6772        IO   6772
483A  6174        IO   6174
483B  756C        IO   756C
483C  6174        IO   6174
483D  696F        IO   696F
483E  6E73        IO   6E73
483F  0A00        JSR 0,2
4840  000A        JMP 10
4841  00CA        JMP 202
4842  908A        COMR# 0,2,SZC
4843  0028        JMP 40
4844  0028        JMP 40
4845  0A0A        JSR 10,2
4846  5175        STA 2,117,PC   ; -> 48BB
4847  6575        IO   6575
4848  6520        IO   6520
4849  6D75        IO   6D75
484A  7369        IO   7369
484B  6320        IO   6320
484C  2E2E        LDA 1,@46,2
484D  2E20        LDA 1,@32,2
484E  6672        IO   6672
484F  6565        IO   6565
4850  7A65        IO   7A65
4851  2066        LDA 0,102
4852  7261        IO   7261
4853  6D65        IO   6D65
4854  202E        LDA 0,46
4855  2E2E        LDA 1,@46,2
4856  2072        LDA 0,114
4857  6F6C        IO   6F6C
4858  6C20        IO   6C20
4859  0000        JMP 0
485A  90BA        COMCR# 0,2,SZC
485B  0008        JMP 8
485C  0008        JMP 8
485D  6372        IO   6372
485E  6564        IO   6564
485F  6974        IO   6974
4860  730A        IO   730A
4861  0000        JMP 0
4862  0000        JMP 0
4863  0001        JMP 1
4864  0001        JMP 1
4865  FFEF        ANDOS# 3,3,SBN
4866  0008        JMP 8
4867  0071        JMP 113
4868  FFF8 0003   ADDI 0003,3
486A  0129        JMP 41,PC   ; -> 4893
486B  0000        JMP 0
486C  90DE        COMZS# 0,2,SEZ
486D  0008        JMP 8
486E  0008        JMP 8
486F  4043        STA 0,67
4870  4F4E        STA 1,@78,3
4871  534F        STA 2,79,3
4872  4C45        STA 1,@69
4873  0000        JMP 0
4874  0400        JMP @0
4875  0005        JMP 5
4876  01FF        JMP -1,PC   ; -> 4875
4877  0004        JMP 4
4878  90F6        COMCS 0,2,SEZ
4879  000C        JMP 12
487A  000C        JMP 12
487B  5448        STA 2,@72
487C  4953        STA 1,83,PC   ; -> 48CF
487D  5341        STA 2,65,3
487E  4C41        STA 1,@65
487F  2E44        LDA 1,@68,2
4880  4235        STA 0,53,2
4881  0000        JMP 0
4882  0006        JMP 6
4883  910C        NEG# 0,2,SZR
4884  000C        JMP 12
4885  000C        JMP 12
4886  5448        STA 2,@72
4887  4953        STA 1,83,PC   ; -> 48DA
4888  5341        STA 2,65,3
4889  4C41        STA 1,@65
488A  2E44        LDA 1,@68,2
488B  4236        STA 0,54,2
488C  0000        JMP 0
488D  0007        JMP 7
488E  9122        NEGO 0,2,SZC
488F  000C        JMP 12
4890  000C        JMP 12
4891  5448        STA 2,@72
4892  4953        STA 1,83,PC   ; -> 48E5
4893  5341        STA 2,65,3
4894  4C41        STA 1,@65
4895  2E44        LDA 1,@68,2
4896  4237        STA 0,55,2
4897  0000        JMP 0
4898  0008        JMP 8
4899  9138        ?ECL 9138          <<< unknown extended
489A  000C        JMP 12
489B  000C        JMP 12
489C  5448        STA 2,@72
489D  4953        STA 1,83,PC   ; -> 48F0
489E  5341        STA 2,65,3
489F  4C41        STA 1,@65
48A0  2E44        LDA 1,@68,2
48A1  4238        STA 0,56,2
48A2  0000        JMP 0
48A3  8000        COM 0,0
48A4  0002        JMP 2
48A5  0001        JMP 1
48A6  0003        JMP 3
48A7  0000        JMP 0
48A8  0001        JMP 1
48A9  8002        COM 0,0,SZC
48AA  0002        JMP 2
48AB  0003        JMP 3
48AC  0004        JMP 4
48AD  0005        JMP 5
48AE  FFFF        ANDCS# 3,3,SBN
48AF  0006        JMP 6
48B0  0007        JMP 7
48B1  0008        JMP 8
48B2  0009        JMP 9
48B3  000A        JMP 10
48B4  000B        JMP 11
48B5  000C        JMP 12
48B6  000D        JMP 13
48B7  000E        JMP 14
48B8  000F        JMP 15
48B9  0010        JMP 16
48BA  0011        JMP 17
48BB  0012        JMP 18
48BC  0013        JMP 19
48BD  0014        JMP 20
48BE  0015        JMP 21
48BF  0016        JMP 22
48C0  0017        JMP 23
48C1  0018        JMP 24
48C2  0019        JMP 25
48C3  001A        JMP 26
48C4  001B        JMP 27
48C5  0030        JMP 48
48C6  9192        NEGZR 0,2,SZC
48C7  0014        JMP 20
48C8  0014        JMP 20
48C9  2020        LDA 0,32
48CA  2020        LDA 0,32
48CB  2020        LDA 0,32
48CC  2020        LDA 0,32
48CD  2020        LDA 0,32
48CE  2020        LDA 0,32
48CF  2020        LDA 0,32
48D0  2020        LDA 0,32
48D1  2020        LDA 0,32
48D2  2020        LDA 0,32
48D3  0000        JMP 0
48D4  91AE        NEGOR# 0,2,SEZ
48D5  000E        JMP 14
48D6  000E        JMP 14
48D7  0C49        JSR @73
48D8  6E69        IO   6E69
48D9  7469        IO   7469
48DA  616C        IO   616C
48DB  697A        IO   697A
48DC  696E        IO   696E
48DD  6720        IO   6720
48DE  0000        JMP 0
48DF  91C4        NEGS 0,2,SZR
48E0  0001        JMP 1
48E1  0001        JMP 1
48E2  2E00        LDA 1,@0,2
48E3  91CC        NEGS# 0,2,SZR
48E4  001B        JMP 27
48E5  001B        JMP 27
48E6  0A49        JSR 73,2
48E7  6E69        IO   6E69
48E8  7469        IO   7469
48E9  616C        IO   616C
48EA  697A        IO   697A
48EB  6564        IO   6564
48EC  202E        LDA 0,46
48ED  2E2E        LDA 1,@46,2
48EE  204F        LDA 0,79
48EF  626A        IO   626A
48F0  6563        IO   6563
48F1  7473        IO   7473
48F2  203D        LDA 0,61
48F3  2000        LDA 0,0
48F4  91EE        NEGOS# 0,2,SEZ
48F5  0009        JMP 9
48F6  0009        JMP 9
48F7  2052        LDA 0,82
48F8  6F6F        IO   6F6F
48F9  6D73        IO   6D73
48FA  203D        LDA 0,61
48FB  2000        LDA 0,0
48FC  91FE        NEGCS# 0,2,SEZ
48FD  0002        JMP 2
48FE  0002        JMP 2
48FF  0A0A        JSR 10,2
4900  0000        JMP 0
4901  9208        SGT 0,2
4902  000E        JMP 14
4903  000E        JMP 14
4904  2049        LDA 0,73
4905  6E69        IO   6E69
4906  7469        IO   7469
4907  616C        IO   616C
4908  697A        IO   697A
4909  6564        IO   6564
490A  0A0A        JSR 10,2
490B  0000        JMP 0
490C  010A        JMP 10,PC   ; -> 4916
490D  0009        JMP 9
490E  0056        JMP 86
490F  005B        JMP 91
4910  0031        JMP 49
4911  0001        JMP 1
4912  0000        JMP 0
4913  02EE        JMP -18,2
4914  001E        JMP 30
4915  002D        JMP 45
4916  0003        JMP 3
4917  0001        JMP 1
4918  0000        JMP 0
4919  0002        JMP 2
491A  0020        JMP 32
491B  923C        MOVC# 0,2,SZR
491C  000A        JMP 10
491D  000A        JMP 10
491E  4043        STA 0,67
491F  4F4E        STA 1,@78,3
4920  534F        STA 2,79,3
4921  4C45        STA 1,@69
4922  0000        JMP 0
4923  0000        JMP 0
4924  001E        JMP 30
4925  0100        JMP 0,PC   ; -> 4925
4926  9252        MOVZL 0,2,SZC
4927  0008        JMP 8
4928  0008        JMP 8
4929  4043        STA 0,67
492A  4F4E        STA 1,@78,3
492B  534F        STA 2,79,3
492C  4C45        STA 1,@69
492D  0000        JMP 0
492E  0080        JMP 128
492F  0000        JMP 0
4930  FFF8 9268   ADDI 9268,3
4932  001A        JMP 26
4933  001A        JMP 26
4934  5468        STA 2,@104
4935  6973        IO   6973
4936  7361        IO   7361
4937  6C61        IO   6C61
4938  2020        LDA 0,32
4939  2D2D        LDA 1,@45,PC   ; -> 4966
493A  2072        LDA 0,114
493B  6576        IO   6576
493C  6973        IO   6973
493D  696F        IO   696F
493E  6E20        IO   6E20
493F  302E        LDA 2,46
4940  3630        LDA 2,@48,2
4941  0000        JMP 0
4942  000A        JMP 10
4943  0022        JMP 34
4944  928E        MOVR# 0,2,SEZ
4945  0006        JMP 6
4946  0006        JMP 6
4947  534F        STA 2,79,3
4948  564C        STA 2,@76,2
4949  5931        STA 3,49,PC   ; -> 497A
494A  0000        JMP 0
494B  0001        JMP 1
494C  0002        JMP 2
494D  002A        JMP 42
494E  0000        JMP 0
494F  0003        JMP 3
4950  002B        JMP 43
4951  0055        JMP 85
4952  0009        JMP 9
4953  0004        JMP 4
4954  0028        JMP 40
4955  0019        JMP 25
4956  001A        JMP 26
4957  0006        JMP 6
4958  0400        JMP @0
4959  0005        JMP 5
495A  000F        JMP 15
495B  003F        JMP 63
495C  002D        JMP 45
495D  000D        JMP 13
495E  000E        JMP 14
495F  0040        JMP 64
4960  0007        JMP 7
4961  002E        JMP 46
4962  FFFF        ANDCS# 3,3,SBN
4963  002F        JMP 47
4964  0030        JMP 48
4965  0017        JMP 23
4966  0010        JMP 16
4967  002C        JMP 44
4968  0027        JMP 39
4969  0011        JMP 17
496A  80D1        COMZS 0,0,SKP
496B  0012        JMP 18
496C  0046        JMP 70
496D  0010        JMP 16
496E  000A        JMP 10
496F  0014        JMP 20
4970  0001        JMP 1
4971  0020        JMP 32
4972  00D1        JMP 209
4973  0200        JMP 0,2
4974  0053        JMP 83
4975  0033        JMP 51
4976  0068        JMP 104
4977  0072        JMP 114
4978  00A1        JMP 161
4979  0015        JMP 21
497A  00BD        JMP 189
497B  006E        JMP 110
497C  00B4        JMP 180
497D  00B5        JMP 181
497E  013D        JMP 61,PC   ; -> 49BB
497F  00B8        JMP 184
4980  0144        JMP 68,PC   ; -> 49C4
4981  0079        JMP 121
4982  001C        JMP 28
4983  016B        JMP 107,PC   ; -> 49EE
4984  000B        JMP 11
4985  0001        JMP 1
4986  001C        JMP 28
4987  3885        LDA 3,133
4988  38A2        LDA 3,162
4989  38BC        LDA 3,188
498A  38D2        LDA 3,210
498B  38FD        LDA 3,253
498C  397B        LDA 3,123,PC   ; -> 4A07
498D  3999        LDA 3,-103,PC   ; -> 4926
498E  39C3        LDA 3,-61,PC   ; -> 4951
498F  39E0        LDA 3,-32,PC   ; -> 496F
4990  39F1        LDA 3,-15,PC   ; -> 4981
4991  3A0F        LDA 3,15,2
4992  3A22        LDA 3,34,2
4993  3A3E        LDA 3,62,2
4994  3A6A        LDA 3,106,2
4995  3A7C        LDA 3,124,2
4996  3A93        LDA 3,-109,2
4997  3AAB        LDA 3,-85,2
4998  3AC9        LDA 3,-55,2
4999  3ADD        LDA 3,-35,2
499A  3AEF        LDA 3,-17,2
499B  3B12        LDA 3,18,3
499C  3B24        LDA 3,36,3
499D  3B39        LDA 3,57,3
499E  3B50        LDA 3,80,3
499F  3B5C        LDA 3,92,3
49A0  3B8A        LDA 3,-118,3
49A1  3BA2        LDA 3,-94,3
49A2  3BD6        LDA 3,-42,3
49A3  0022        JMP 34
49A4  934E        INCL# 0,2,SEZ
49A5  0006        JMP 6
49A6  0006        JMP 6
49A7  534F        STA 2,79,3
49A8  564C        STA 2,@76,2
49A9  5932        STA 3,50,PC   ; -> 49DB
49AA  0000        JMP 0
49AB  0001        JMP 1
49AC  0043        JMP 67
49AD  0000        JMP 0
49AE  0068        JMP 104
49AF  0002        JMP 2
49B0  0005        JMP 5
49B1  FFFF        ANDCS# 3,3,SBN
49B2  0053        JMP 83
49B3  002B        JMP 43
49B4  0066        JMP 102
49B5  0000        JMP 0
49B6  0024        JMP 36
49B7  0025        JMP 37
49B8  0073        JMP 115
49B9  0058        JMP 88
49BA  0057        JMP 87
49BB  005A        JMP 90
49BC  0012        JMP 18
49BD  0056        JMP 86
49BE  005B        JMP 91
49BF  0059        JMP 89
49C0  0001        JMP 1
49C1  0004        JMP 4
49C2  0042        JMP 66
49C3  0074        JMP 116
49C4  0132        JMP 50,PC   ; -> 49F6
49C5  000F        JMP 15
49C6  0064        JMP 100
49C7  0075        JMP 117
49C8  0019        JMP 25
49C9  0023        JMP 35
49CA  000B        JMP 11
49CB  0076        JMP 118
49CC  0020        JMP 32
49CD  009D        JMP 157
49CE  0181        JMP -127,PC   ; -> 494F
49CF  0010        JMP 16
49D0  0011        JMP 17
49D1  0052        JMP 82
49D2  0086        JMP 134
49D3  00CF        JMP 207
49D4  0093        JMP 147
49D5  0006        JMP 6
49D6  001E        JMP 30
49D7  0016        JMP 22
49D8  0100        JMP 0,PC   ; -> 49D8
49D9  0096        JMP 150
49DA  010C        JMP 12,PC   ; -> 49E6
49DB  010D        JMP 13,PC   ; -> 49E8
49DC  0009        JMP 9
49DD  00FF        JMP 255
49DE  0109        JMP 9,PC   ; -> 49E7
49DF  009C        JMP 156
49E0  0122        JMP 34,PC   ; -> 4A02
49E1  011E        JMP 30,PC   ; -> 49FF
49E2  009B        JMP 155
49E3  0001        JMP 1
49E4  0019        JMP 25
49E5  385E        LDA 3,94
49E6  3870        LDA 3,112
49E7  388E        LDA 3,142
49E8  38A8        LDA 3,168
49E9  38BA        LDA 3,186
49EA  38FB        LDA 3,251
49EB  3911        LDA 3,17,PC   ; -> 49FC
49EC  391E        LDA 3,30,PC   ; -> 4A0A
49ED  3944        LDA 3,68,PC   ; -> 4A31
49EE  3959        LDA 3,89,PC   ; -> 4A47
49EF  3973        LDA 3,115,PC   ; -> 4A62
49F0  3982        LDA 3,-126,PC   ; -> 4972
49F1  399C        LDA 3,-100,PC   ; -> 498D
49F2  39AD        LDA 3,-83,PC   ; -> 499F
49F3  39CA        LDA 3,-54,PC   ; -> 49BD
49F4  39D2        LDA 3,-46,PC   ; -> 49C6
49F5  39E3        LDA 3,-29,PC   ; -> 49D8
49F6  39F2        LDA 3,-14,PC   ; -> 49E8
49F7  3A05        LDA 3,5,2
49F8  3A22        LDA 3,34,2
49F9  3A30        LDA 3,48,2
49FA  3A3E        LDA 3,62,2
49FB  3A9D        LDA 3,-99,2
49FC  3AB6        LDA 3,-74,2
49FD  3AE6        LDA 3,-26,2
49FE  0022        JMP 34
49FF  9404        ADC 0,2,SZR
4A00  0006        JMP 6
4A01  0006        JMP 6
4A02  534F        STA 2,79,3
4A03  564C        STA 2,@76,2
4A04  5932        STA 3,50,PC   ; -> 4A36
4A05  0000        JMP 0
4A06  004B        JMP 75
4A07  004C        JMP 76
4A08  0066        JMP 102
4A09  0068        JMP 104
4A0A  006F        JMP 111
4A0B  0071        JMP 113
4A0C  0088        JMP 136
4A0D  0002        JMP 2
4A0E  0042        JMP 66
4A0F  0009        JMP 9
4A10  0031        JMP 49
4A11  012A        JMP 42,PC   ; -> 4A3B
4A12  0000        JMP 0
4A13  FFFF        ANDCS# 3,3,SBN
4A14  012F        JMP 47,PC   ; -> 4A43
4A15  0008        JMP 8
4A16  0003        JMP 3
4A17  008B        JMP 139
4A18  00A5        JMP 165
4A19  00A0        JMP 160
4A1A  0130        JMP 48,PC   ; -> 4A4A
4A1B  00A6        JMP 166
4A1C  009C        JMP 156
4A1D  0147        JMP 71,PC   ; -> 4A64
4A1E  9442        ADCL 0,2,SZC
4A1F  0004        JMP 4
4A20  0004        JMP 4
4A21  7669        IO   7669
4A22  6E65        IO   6E65
4A23  0000        JMP 0
4A24  0001        JMP 1
4A25  0006        JMP 6
4A26  3836        LDA 3,54
4A27  3865        LDA 3,101
4A28  387A        LDA 3,122
4A29  3885        LDA 3,133
4A2A  3921        LDA 3,33,PC   ; -> 4A4B
4A2B  3928        LDA 3,40,PC   ; -> 4A53
4A2C  0022        JMP 34
4A2D  9460        ADCOL 0,2
4A2E  0006        JMP 6
4A2F  0006        JMP 6
4A30  534F        STA 2,79,3
4A31  564C        STA 2,@76,2
4A32  5933        STA 3,51,PC   ; -> 4A65
4A33  0000        JMP 0
4A34  0021        JMP 33
4A35  0048        JMP 72
4A36  0001        JMP 1
4A37  003E        JMP 62
4A38  0000        JMP 0
4A39  0007        JMP 7
4A3A  000C        JMP 12
4A3B  0019        JMP 25
4A3C  0003        JMP 3
4A3D  0008        JMP 8
4A3E  001A        JMP 26
4A3F  0026        JMP 38
4A40  0002        JMP 2
4A41  0005        JMP 5
4A42  0161        JMP 97,PC   ; -> 4AA3
4A43  0164        JMP 100,PC   ; -> 4AA7
4A44  0166        JMP 102,PC   ; -> 4AAA
4A45  0080        JMP 128
4A46  0014        JMP 20
4A47  0001        JMP 1
4A48  0009        JMP 9
4A49  3849        LDA 3,73
4A4A  386E        LDA 3,110
4A4B  38B6        LDA 3,182
4A4C  38E4        LDA 3,228
4A4D  390E        LDA 3,14,PC   ; -> 4A5B
4A4E  393F        LDA 3,63,PC   ; -> 4A8D
4A4F  3968        LDA 3,104,PC   ; -> 4AB7
4A50  3989        LDA 3,-119,PC   ; -> 49D9
4A51  39A8        LDA 3,-88,PC   ; -> 49F9
4A52  0022        JMP 34
4A53  94AC        ADCOR# 0,2,SZR
4A54  0006        JMP 6
4A55  0006        JMP 6
4A56  534F        STA 2,79,3
4A57  564C        STA 2,@76,2
4A58  5934        STA 3,52,PC   ; -> 4A8C
4A59  0000        JMP 0
4A5A  0000        JMP 0
4A5B  0024        JMP 36
4A5C  0001        JMP 1
4A5D  0025        JMP 37
4A5E  0002        JMP 2
4A5F  0073        JMP 115
4A60  0058        JMP 88
4A61  0057        JMP 87
4A62  005A        JMP 90
4A63  0012        JMP 18
4A64  0001        JMP 1
4A65  0002        JMP 2
4A66  3842        LDA 3,66
4A67  388E        LDA 3,142
4A68  0022        JMP 34
4A69  94D8        ?ECL 94D8          <<< unknown extended
4A6A  0006        JMP 6
4A6B  0006        JMP 6
4A6C  534F        STA 2,79,3
4A6D  564C        STA 2,@76,2
4A6E  5935        STA 3,53,PC   ; -> 4AA3
4A6F  0000        JMP 0
4A70  0002        JMP 2
4A71  000F        JMP 15
4A72  0029        JMP 41
4A73  0000        JMP 0
4A74  004F        JMP 79
4A75  0050        JMP 80
4A76  0004        JMP 4
4A77  0014        JMP 20
4A78  0015        JMP 21
4A79  000B        JMP 11
4A7A  004E        JMP 78
4A7B  0051        JMP 81
4A7C  0001        JMP 1
4A7D  0063        JMP 99
4A7E  0034        JMP 52
4A7F  0064        JMP 100
4A80  0065        JMP 101
4A81  0003        JMP 3
4A82  006B        JMP 107
4A83  0025        JMP 37
4A84  0010        JMP 16
4A85  0008        JMP 8
4A86  0037        JMP 55
4A87  0053        JMP 83
4A88  005D        JMP 93
4A89  0039        JMP 57
4A8A  0005        JMP 5
4A8B  006D        JMP 109
4A8C  0020        JMP 32
4A8D  000A        JMP 10
4A8E  006E        JMP 110
4A8F  0006        JMP 6
4A90  0008        JMP 8
4A91  000C        JMP 12
4A92  0049        JMP 73
4A93  004A        JMP 74
4A94  0088        JMP 136
4A95  0087        JMP 135
4A96  00B7        JMP 183
4A97  007E        JMP 126
4A98  002B        JMP 43
4A99  002A        JMP 42
4A9A  002D        JMP 45
4A9B  002C        JMP 44
4A9C  0001        JMP 1
4A9D  000F        JMP 15
4A9E  3834        LDA 3,52
4A9F  3842        LDA 3,66
4AA0  3856        LDA 3,86
4AA1  3865        LDA 3,101
4AA2  3882        LDA 3,130
4AA3  38A7        LDA 3,167
4AA4  38DB        LDA 3,219
4AA5  38E5        LDA 3,229
4AA6  3915        LDA 3,21,PC   ; -> 4ABB
4AA7  3953        LDA 3,83,PC   ; -> 4AFA
4AA8  3993        LDA 3,-109,PC   ; -> 4A3B
4AA9  39AB        LDA 3,-85,PC   ; -> 4A54
4AAA  39DD        LDA 3,-35,PC   ; -> 4A87
4AAB  39F9        LDA 3,-7,PC   ; -> 4AA4
4AAC  3A16        LDA 3,22,2
4AAD  0003        JMP 3
4AAE  0001        JMP 1
4AAF  0000        JMP 0
4AB0  0002        JMP 2
4AB1  0016        JMP 22
4AB2  0019        JMP 25
4AB3  0022        JMP 34
4AB4  0014        JMP 20
4AB5  0006        JMP 6
4AB6  0032        JMP 50
4AB7  0004        JMP 4
4AB8  0033        JMP 51
4AB9  FFFF        ANDCS# 3,3,SBN
4ABA  006A        JMP 106
4ABB  0005        JMP 5
4ABC  0001        JMP 1
4ABD  0020        JMP 32
4ABE  0022        JMP 34
4ABF  9584        SUBR 0,2,SZR
4AC0  0006        JMP 6
4AC1  0006        JMP 6
4AC2  534F        STA 2,79,3
4AC3  564C        STA 2,@76,2
4AC4  5936        STA 3,54,PC   ; -> 4AFA
4AC5  0000        JMP 0
4AC6  0001        JMP 1
4AC7  0070        JMP 112
4AC8  00B3        JMP 179
4AC9  0006        JMP 6
4ACA  003A        JMP 58
4ACB  0138        JMP 56,PC   ; -> 4B03
4ACC  0069        JMP 105
4ACD  0017        JMP 23
4ACE  00B2        JMP 178
4ACF  0002        JMP 2
4AD0  006F        JMP 111
4AD1  00C6        JMP 198
4AD2  0016        JMP 22
4AD3  00C7        JMP 199
4AD4  0000        JMP 0
4AD5  0014        JMP 20
4AD6  FFFF        ANDCS# 3,3,SBN
4AD7  0005        JMP 5
4AD8  0007        JMP 7
4AD9  0009        JMP 9
4ADA  00D6        JMP 214
4ADB  001E        JMP 30
4ADC  003E        JMP 62
4ADD  003F        JMP 63
4ADE  0032        JMP 50
4ADF  0033        JMP 51
4AE0  0111        JMP 17,PC   ; -> 4AF1
4AE1  002C        JMP 44
4AE2  0003        JMP 3
4AE3  0110        JMP 16,PC   ; -> 4AF3
4AE4  0152        JMP 82,PC   ; -> 4B36
4AE5  00CE        JMP 206
4AE6  0159        JMP 89,PC   ; -> 4B3F
4AE7  0153        JMP 83,PC   ; -> 4B3A
4AE8  0010        JMP 16
4AE9  8000        COM 0,0
4AEA  0155        JMP 85,PC   ; -> 4B3F
4AEB  95DC        SUBZS# 0,2,SZR
4AEC  0000        JMP 0
4AED  0000        JMP 0
4AEE  0000        JMP 0
4AEF  95E4        SUBOS 0,2,SZR
4AF0  001C        JMP 28
4AF1  001C        JMP 28
4AF2  2020        LDA 0,32
4AF3  5768        STA 2,@104,3
4AF4  6174        IO   6174
4AF5  2069        LDA 0,105
4AF6  7320        IO   7320
4AF7  796F        IO   796F
4AF8  7572        IO   7572
4AF9  206E        LDA 0,110
4AFA  616D        IO   616D
4AFB  6520        IO   6520
4AFC  6875        IO   6875
4AFD  6D61        IO   6D61
4AFE  6E20        IO   6E20
4AFF  3F20        LDA 3,@32,3
4B00  0000        JMP 0
4B01  0154        JMP 84,PC   ; -> 4B55
4B02  0158        JMP 88,PC   ; -> 4B5A
4B03  0156        JMP 86,PC   ; -> 4B59
4B04  0001        JMP 1
4B05  0010        JMP 16
4B06  3996        LDA 3,-106,PC   ; -> 4A9C
4B07  39A4        LDA 3,-92,PC   ; -> 4AAB
4B08  39E3        LDA 3,-29,PC   ; -> 4AEB
4B09  3A27        LDA 3,39,2
4B0A  3A32        LDA 3,50,2
4B0B  3A4B        LDA 3,75,2
4B0C  3A72        LDA 3,114,2
4B0D  3A80        LDA 3,-128,2
4B0E  3A8E        LDA 3,-114,2
4B0F  3A9C        LDA 3,-100,2
4B10  3AAA        LDA 3,-86,2
4B11  3ACD        LDA 3,-51,2
4B12  3AE1        LDA 3,-31,2
4B13  3AF0        LDA 3,-16,2
4B14  3B2E        LDA 3,46,3
4B15  3B38        LDA 3,56,3
4B16  0080        JMP 128
4B17  007E        JMP 126
4B18  0020        JMP 32
4B19  007F        JMP 127
4B1A  0001        JMP 1
4B1B  0003        JMP 3
4B1C  0080        JMP 128
4B1D  0200        JMP 0,2
4B1E  000F        JMP 15
4B1F  0000        JMP 0
4B20  FFF0        ANDCS 3,3
4B21  8000        COM 0,0
4B22  0084        JMP 132
4B23  0050        JMP 80
4B24  0020        JMP 32
4B25  0006        JMP 6
4B26  0001        JMP 1
4B27  0100        JMP 0,PC   ; -> 4B27
4B28  0000        JMP 0
4B29  00FF        JMP 255
4B2A  965A        ADDZL# 0,2,SZC
4B2B  0006        JMP 6
4B2C  0006        JMP 6
4B2D  532E        STA 2,46,3
4B2E  5448        STA 2,@72
4B2F  4953        STA 1,83,PC   ; -> 4B82
4B30  0000        JMP 0
4B31  000F        JMP 15
4B32  0009        JMP 9
4B33  0002        JMP 2
4B34  966E        ADDOL# 0,2,SEZ
4B35  0008        JMP 8
4B36  0008        JMP 8
4B37  5468        STA 2,@104
4B38  6973        IO   6973
4B39  2069        LDA 0,105
4B3A  7320        IO   7320
4B3B  0000        JMP 0
4B3C  967E        ADDCL# 0,2,SEZ
4B3D  0018        JMP 24
4B3E  0018        JMP 24
4B3F  2061        LDA 0,97
4B40  6E64        IO   6E64
4B41  2049        LDA 0,73
4B42  276D        LDA 0,@109,3
4B43  2070        LDA 0,112
4B44  6C61        IO   6C61
4B45  7969        IO   7969
4B46  6E67        IO   6E67
4B47  2067        LDA 0,103
4B48  616D        IO   616D
4B49  6573        IO   6573
4B4A  070A        JMP @10,3
4B4B  0000        JMP 0
4B4C  0018        JMP 24
4B4D  0003        JMP 3
4B4E  00FF        JMP 255
4B4F  00E0        JMP 224
4B50  0005        JMP 5
4B51  0008        JMP 8
4B52  00A0        JMP 160
4B53  0001        JMP 1
4B54  0007        JMP 7
4B55  0002        JMP 2
4B56  0005        JMP 5
4B57  0008        JMP 8
4B58  0000        JMP 0
4B59  0004        JMP 4
4B5A  0000        JMP 0
4B5B  0003        JMP 3
4B5C  0020        JMP 32
4B5D  0071        JMP 113
4B5E  000A        JMP 10
4B5F  00A0        JMP 160
4B60  0020        JMP 32
4B61  0004        JMP 4
4B62  0001        JMP 1
4B63  0003        JMP 3
4B64  96CE        ADDS# 0,2,SEZ
4B65  0003        JMP 3
4B66  0003        JMP 3
4B67  5750        STA 2,@80,3
4B68  4E00        STA 1,@0,2
4B69  00E2        JMP 226
4B6A  0071        JMP 113
4B6B  0005        JMP 5
4B6C  0000        JMP 0
4B6D  0007        JMP 7
4B6E  000A        JMP 10
4B6F  00FF        JMP 255
4B70  00E3        JMP 227
4B71  00E4        JMP 228
4B72  0010        JMP 16
4B73  FFFF        ANDCS# 3,3,SBN
4B74  00E5        JMP 229
4B75  00E6        JMP 230
4B76  0001        JMP 1
4B77  00FF        JMP 255
4B78  000B        JMP 11
4B79  96F8        MSP 0
4B7A  0009        JMP 9
4B7B  0009        JMP 9
4B7C  4D6F        STA 1,@111,PC   ; -> 4BEB
4B7D  6E73        IO   6E73
4B7E  7465        IO   7465
4B7F  7220        IO   7220
4B80  2300        LDA 0,0,3
4B81  9708        ?ECL 9708          <<< unknown extended
4B82  0001        JMP 1
4B83  0001        JMP 1
4B84  0A00        JSR 0,2
4B85  9710        ANDZ 0,2
4B86  0008        JMP 8
4B87  0008        JMP 8
4B88  4973        STA 1,115,PC   ; -> 4BFB
4B89  2064        LDA 0,100
4B8A  6561        IO   6561
4B8B  640A        IO   640A
4B8C  0000        JMP 0
4B8D  9720        ANDO 0,2
4B8E  0011        JMP 17
4B8F  0011        JMP 17
4B90  4C69        STA 1,@105
4B91  7665        IO   7665
4B92  7320        IO   7320
4B93  696E        IO   696E
4B94  2073        LDA 0,115
4B95  6563        IO   6563
4B96  7469        IO   7469
4B97  6F6E        IO   6F6E
4B98  2000        LDA 0,0
4B99  0000        JMP 0
4B9A  973A        ANDC# 0,2,SZC
4B9B  0006        JMP 6
4B9C  0006        JMP 6
4B9D  2072        LDA 0,114
4B9E  6F6F        IO   6F6F
4B9F  6D20        IO   6D20
4BA0  0000        JMP 0
4BA1  0039        JMP 57
4BA2  0001        JMP 1
4BA3  0020        JMP 32
4BA4  0013        JMP 19
4BA5  0003        JMP 3
4BA6  9752        ANDZL 0,2,SZC
4BA7  0005        JMP 5
4BA8  0005        JMP 5
4BA9  4E6F        STA 1,@111,2
4BAA  7274        IO   7274
4BAB  6800        IO   6800
4BAC  0006        JMP 6
4BAD  9760        ANDOL 0,2
4BAE  0009        JMP 9
4BAF  0009        JMP 9
4BB0  4E6F        STA 1,@111,2
4BB1  7274        IO   7274
4BB2  6865        IO   6865
4BB3  6173        IO   6173
4BB4  7400        IO   7400
4BB5  0009        JMP 9
4BB6  9772        ANDCL 0,2,SZC
4BB7  0004        JMP 4
4BB8  0004        JMP 4
4BB9  4561        STA 0,@97,PC   ; -> 4C1A
4BBA  7374        IO   7374
4BBB  0000        JMP 0
4BBC  000C        JMP 12
4BBD  9780        ANDR 0,2
4BBE  0009        JMP 9
4BBF  0009        JMP 9
4BC0  536F        STA 2,111,3
4BC1  7574        IO   7574
4BC2  6865        IO   6865
4BC3  6173        IO   6173
4BC4  7400        IO   7400
4BC5  000F        JMP 15
4BC6  9792        ANDZR 0,2,SZC
4BC7  0005        JMP 5
4BC8  0005        JMP 5
4BC9  536F        STA 2,111,3
4BCA  7574        IO   7574
4BCB  6800        IO   6800
4BCC  0012        JMP 18
4BCD  97A0        ANDOR 0,2
4BCE  0009        JMP 9
4BCF  0009        JMP 9
4BD0  536F        STA 2,111,3
4BD1  7574        IO   7574
4BD2  6877        IO   6877
4BD3  6573        IO   6573
4BD4  7400        IO   7400
4BD5  0015        JMP 21
4BD6  97B2        ANDCR 0,2,SZC
4BD7  0004        JMP 4
4BD8  0004        JMP 4
4BD9  5765        STA 2,@101,3
4BDA  7374        IO   7374
4BDB  0000        JMP 0
4BDC  0018        JMP 24
4BDD  97C0        ANDS 0,2
4BDE  0009        JMP 9
4BDF  0009        JMP 9
4BE0  4E6F        STA 1,@111,2
4BE1  7274        IO   7274
4BE2  6877        IO   6877
4BE3  6573        IO   6573
4BE4  7400        IO   7400
4BE5  001B        JMP 27
4BE6  97D2        ANDZS 0,2,SZC
4BE7  0002        JMP 2
4BE8  0002        JMP 2
4BE9  5570        STA 2,@112,PC   ; -> 4C59
4BEA  0000        JMP 0
4BEB  001E        JMP 30
4BEC  97DE        ANDZS# 0,2,SEZ
4BED  0004        JMP 4
4BEE  0004        JMP 4
4BEF  446F        STA 0,@111
4BF0  776E        IO   776E
4BF1  0000        JMP 0
4BF2  0021        JMP 33
4BF3  97EC        ANDOS# 0,2,SZR
4BF4  0002        JMP 2
4BF5  0002        JMP 2
4BF6  496E        STA 1,110,PC   ; -> 4C64
4BF7  0000        JMP 0
4BF8  0024        JMP 36
4BF9  97F8 0003   IORI 0003,2
4BFB  0003        JMP 3
4BFC  4F75        STA 1,@117,3
4BFD  7400        IO   7400
4BFE  0027        JMP 39
4BFF  9804        COM 0,3,SZR
4C00  0009        JMP 9
4C01  0009        JMP 9
4C02  436C        STA 0,108,3
4C03  6F63        IO   6F63
4C04  6B77        IO   6B77
4C05  6973        IO   6973
4C06  6500        IO   6500
4C07  002A        JMP 42
4C08  9816        COMZ 0,3,SEZ
4C09  0010        JMP 16
4C0A  0010        JMP 16
4C0B  436F        STA 0,111,3
4C0C  756E        IO   756E
4C0D  7465        IO   7465
4C0E  7263        IO   7263
4C0F  6C6F        IO   6C6F
4C10  636B        IO   636B
4C11  7769        IO   7769
4C12  7365        IO   7365
4C13  0000        JMP 0
4C14  002D        JMP 45
4C15  9830        COMC 0,3
4C16  0008        JMP 8
4C17  0008        JMP 8
4C18  5570        STA 2,@112,PC   ; -> 4C88
4C19  7374        IO   7374
4C1A  7265        IO   7265
4C1B  616D        IO   616D
4C1C  0000        JMP 0
4C1D  0030        JMP 48
4C1E  9842        COML 0,3,SZC
4C1F  000A        JMP 10
4C20  000A        JMP 10
4C21  446F        STA 0,@111
4C22  776E        IO   776E
4C23  7374        IO   7374
4C24  7265        IO   7265
4C25  616D        IO   616D
4C26  0000        JMP 0
4C27  0033        JMP 51
4C28  9856        COMZL 0,3,SEZ
4C29  0005        JMP 5
4C2A  0005        JMP 5
4C2B  426F        STA 0,111,2
4C2C  6172        IO   6172
4C2D  6400        IO   6400
4C2E  0036        JMP 54
4C2F  9864        COMOL 0,3,SZR
4C30  0009        JMP 9
4C31  0009        JMP 9
4C32  4469        STA 0,@105
4C33  7365        IO   7365
4C34  6D62        IO   6D62
4C35  6172        IO   6172
4C36  6B00        IO   6B00
4C37  9874        COMCL 0,3,SZR
4C38  0005        JMP 5
4C39  0005        JMP 5
4C3A  4372        STA 0,114,3
4C3B  6F73        IO   6F73
4C3C  7300        IO   7300
4C3D  0000        JMP 0
4C3E  9882        COMR 0,3,SZC
4C3F  001B        JMP 27
4C40  001B        JMP 27
4C41  2020        LDA 0,32
4C42  2020        LDA 0,32
4C43  2020        LDA 0,32
4C44  2020        LDA 0,32
4C45  2020        LDA 0,32
4C46  2020        LDA 0,32
4C47  2020        LDA 0,32
4C48  2020        LDA 0,32
4C49  2020        LDA 0,32
4C4A  2020        LDA 0,32
4C4B  2020        LDA 0,32
4C4C  2020        LDA 0,32
4C4D  2020        LDA 0,32
4C4E  0A00        JSR 0,2
4C4F  0003        JMP 3
4C50  0006        JMP 6
4C51  98A8        ?ECL 98A8          <<< unknown extended
4C52  0001        JMP 1
4C53  0001        JMP 1
4C54  2F00        LDA 1,@0,3
4C55  98B0        COMCR 0,3
4C56  0001        JMP 1
4C57  0001        JMP 1
4C58  3A00        LDA 3,0,2
4C59  0000        JMP 0
4C5A  98BA        COMCR# 0,3,SZC
4C5B  000F        JMP 15
4C5C  000F        JMP 15
4C5D  496C        STA 1,108,PC   ; -> 4CC9
4C5E  6C65        IO   6C65
4C5F  6761        IO   6761
4C60  6C20        IO   6C20
4C61  7379        IO   7379
4C62  6E74        IO   6E74
4C63  6178        IO   6178
4C64  0A00        JSR 0,2
4C65  98D0        COMZS 0,3
4C66  000C        JMP 12
4C67  000C        JMP 12
4C68  5768        STA 2,@104,3
4C69  6F6F        IO   6F6F
4C6A  7368        IO   7368
4C6B  202E        LDA 0,46
4C6C  2E2E        LDA 1,@46,2
4C6D  200A        LDA 0,10
4C6E  0000        JMP 0
4C6F  0001        JMP 1
4C70  0001        JMP 1
4C71  E7C8 0011   SAVE 17             ; frame
4C73  3020        LDA 2,32
4C74  8550        SUBZL 0,0
4C75  8648        PSH 0,0
4C76  680F        IO   680F
4C77  AE48        PSH 1,1
4C78  E438 3C01   ELEF 0,3C01   ; [3C01] = 45
4C7A  0C4D        JSR @77
4C7B  01AF        JMP -81,PC   ; -> 4C2A
4C7C  5020        STA 2,32
4C7D  A438 01AF   ELDA 0,01AF   ; = 431
4C7F  EC38 3C01   ELEF 1,3C01   ; [3C01] = 45
4C81  AE48        PSH 1,1
4C82  EC38 3C02   ELEF 1,3C02   ; [3C02] = 15
4C84  0C4E        JSR @78
4C85  5020        STA 2,32
4C86  8500        SUB 0,0
4C87  8648        PSH 0,0
4C88  681B        IO   681B
4C89  AE48        PSH 1,1
4C8A  E438 3C04   ELEF 0,3C04   ; [3C04] = 28
4C8C  0C4D        JSR @77
4C8D  01B0        JMP -80,PC   ; -> 4C3D
4C8E  5020        STA 2,32
4C8F  8550        SUBZL 0,0
4C90  8648        PSH 0,0
4C91  680F        IO   680F
4C92  AE48        PSH 1,1
4C93  E438 3C02   ELEF 0,3C02   ; [3C02] = 15
4C95  0C4D        JSR @77
4C96  01B1        JMP -79,PC   ; -> 4C47
4C97  5020        STA 2,32
4C98  A438 01B1   ELDA 0,01B1   ; = 433
4C9A  8048        SBI 0,0
4C9B  4309        STA 0,9,3
4C9C  8300        INC 0,0
4C9D  430A        STA 0,10,3
4C9E  8500        SUB 0,0
4C9F  8648        PSH 0,0
4CA0  681E        IO   681E
4CA1  AE48        PSH 1,1
4CA2  E438 3C07   ELEF 0,3C07   ; [3C07] = 31
4CA4  0C4D        JSR @77
4CA5  01B4        JMP -76,PC   ; -> 4C59
4CA6  5020        STA 2,32
4CA7  8500        SUB 0,0
4CA8  8648        PSH 0,0
4CA9  6814        IO   6814
4CAA  AE48        PSH 1,1
4CAB  E438 3C09   ELEF 0,3C09   ; [3C09] = 21
4CAD  0C4D        JSR @77
4CAE  01B3        JMP -77,PC   ; -> 4C61
4CAF  5020        STA 2,32
4CB0  8500        SUB 0,0
4CB1  8648        PSH 0,0
4CB2  6864        IO   6864
4CB3  AE48        PSH 1,1
4CB4  E438 3C0B   ELEF 0,3C0B   ; [3C0B] = 101
4CB6  0C4D        JSR @77
4CB7  01B2        JMP -78,PC   ; -> 4C69
4CB8  5020        STA 2,32
4CB9  8550        SUBZL 0,0
4CBA  8648        PSH 0,0
4CBB  6803        IO   6803
4CBC  AE48        PSH 1,1
4CBD  8648        PSH 0,0
4CBE  600A        IO   600A
4CBF  8648        PSH 0,0
4CC0  E438 3C08   ELEF 0,3C08   ; [3C08] = 30
4CC2  0C4D        JSR @77
4CC3  01B6        JMP -74,PC   ; -> 4C79
4CC4  5020        STA 2,32
4CC5  8550        SUBZL 0,0
4CC6  8648        PSH 0,0
4CC7  680A        IO   680A
4CC8  AE48        PSH 1,1
4CC9  E438 3C0E   ELEF 0,3C0E   ; [3C0E] = 10
4CCB  0C4D        JSR @77
4CCC  01B5        JMP -75,PC   ; -> 4C81
4CCD  5020        STA 2,32
4CCE  8550        SUBZL 0,0
4CCF  8648        PSH 0,0
4CD0  6803        IO   6803
4CD1  AE48        PSH 1,1
4CD2  8648        PSH 0,0
4CD3  E438 0200   ELEF 0,0200   ; = 512
4CD5  8648        PSH 0,0
4CD6  E438 3C0F   ELEF 0,3C0F   ; [3C0F] = 1536
4CD8  0C4D        JSR @77
4CD9  01B7        JMP -73,PC   ; -> 4C90
4CDA  5020        STA 2,32
4CDB  8550        SUBZL 0,0
4CDC  8648        PSH 0,0
4CDD  6802        IO   6802
4CDE  AE48        PSH 1,1
4CDF  8648        PSH 0,0
4CE0  6014        IO   6014
4CE1  8648        PSH 0,0
4CE2  E438 3C11   ELEF 0,3C11   ; [3C11] = 40
4CE4  0C4D        JSR @77
4CE5  01B8        JMP -72,PC   ; -> 4C9D
4CE6  5020        STA 2,32
4CE7  EC38 3C13   ELEF 1,3C13   ; [3C13] = 1024
4CE9  E438 01B9   ELEF 0,01B9   ; = 441
4CEB  0C50        JSR @80
4CEC  3020        LDA 2,32
4CED  8550        SUBZL 0,0
4CEE  8648        PSH 0,0
4CEF  600A        IO   600A
4CF0  8648        PSH 0,0
4CF1  E438 3C0E   ELEF 0,3C0E   ; [3C0E] = 10
4CF3  0C4D        JSR @77
4CF4  01BC        JMP -68,PC   ; -> 4CB0
4CF5  5020        STA 2,32
4CF6  A438 01BC   ELDA 0,01BC   ; = 444
4CF8  8048        SBI 0,0
4CF9  430B        STA 0,11,3
4CFA  8550        SUBZL 0,0
4CFB  8648        PSH 0,0
4CFC  6818        IO   6818
4CFD  AE48        PSH 1,1
4CFE  E438 3C14   ELEF 0,3C14   ; [3C14] = 24
4D00  0C4D        JSR @77
4D01  01BD        JMP -67,PC   ; -> 4CBE
4D02  5020        STA 2,32
4D03  8550        SUBZL 0,0
4D04  8648        PSH 0,0
4D05  6802        IO   6802
4D06  AE48        PSH 1,1
4D07  E438 3C12   ELEF 0,3C12   ; [3C12] = 2
4D09  0C4D        JSR @77
4D0A  01BE        JMP -66,PC   ; -> 4CC8
4D0B  5020        STA 2,32
4D0C  8550        SUBZL 0,0
4D0D  8648        PSH 0,0
4D0E  6803        IO   6803
4D0F  AE48        PSH 1,1
4D10  8648        PSH 0,0
4D11  6004        IO   6004
4D12  8648        PSH 0,0
4D13  E438 3C15   ELEF 0,3C15   ; [3C15] = 12
4D15  0C4D        JSR @77
4D16  01BF        JMP -65,PC   ; -> 4CD5
4D17  5020        STA 2,32
4D18  8550        SUBZL 0,0
4D19  8648        PSH 0,0
4D1A  6802        IO   6802
4D1B  AE48        PSH 1,1
4D1C  8500        SUB 0,0
4D1D  8648        PSH 0,0
4D1E  6014        IO   6014
4D1F  8648        PSH 0,0
4D20  E438 3C17   ELEF 0,3C17   ; [3C17] = 42
4D22  0C4D        JSR @77
4D23  01C0        JMP -64,PC   ; -> 4CE3
4D24  5020        STA 2,32
4D25  EC38 3C18   ELEF 1,3C18   ; [3C18] = 32
4D27  E438 020E   ELEF 0,020E   ; = 526
4D29  0C4F        JSR @79
4D2A  EC38 3C19   ELEF 1,3C19   ; [3C19] = 132
4D2C  E438 0211   ELEF 0,0211   ; = 529
4D2E  0C4F        JSR @79
4D2F  EC38 3C00   ELEF 1,3C00   ; [3C00] = 80
4D31  E438 0217   ELEF 0,0217   ; = 535
4D33  0C4F        JSR @79
4D34  E438 0214   ELEF 0,0214   ; = 532
4D36  0C4F        JSR @79
4D37  EC38 3C0A   ELEF 1,3C0A   ; [3C0A] = 20
4D39  E438 021A   ELEF 0,021A   ; = 538
4D3B  0C4F        JSR @79
4D3C  EC38 3C18   ELEF 1,3C18   ; [3C18] = 32
4D3E  E438 021D   ELEF 0,021D   ; = 541
4D40  0C4F        JSR @79
4D41  0101        JMP 1,PC   ; -> 4D42
4D42  3020        LDA 2,32
4D43  E438 3C13   ELEF 0,3C13   ; [3C13] = 1024
4D45  EC38 0223   ELEF 1,0223   ; = 547
4D47  8E48        PSH 0,1
4D48  8C38 733A   EJSR 733A   ; [733A] = 59336
4D4A  5020        STA 2,32
4D4B  E438 3C13   ELEF 0,3C13   ; [3C13] = 1024
4D4D  EC38 0222   ELEF 1,0222   ; = 546
4D4F  8E48        PSH 0,1
4D50  8C38 733A   EJSR 733A   ; [733A] = 59336
4D52  5020        STA 2,32
4D53  E438 3C13   ELEF 0,3C13   ; [3C13] = 1024
4D55  EC38 0221   ELEF 1,0221   ; = 545
4D57  8E48        PSH 0,1
4D58  8C38 733A   EJSR 733A   ; [733A] = 59336
4D5A  5020        STA 2,32
4D5B  E438 3C13   ELEF 0,3C13   ; [3C13] = 1024
4D5D  EC38 0220   ELEF 1,0220   ; = 544
4D5F  8E48        PSH 0,1
4D60  8C38 733A   EJSR 733A   ; [733A] = 59336
4D62  5020        STA 2,32
4D63  E438 3C1A   ELEF 0,3C1A   ; [3C1A] = 256
4D65  EC38 0226   ELEF 1,0226   ; = 550
4D67  8E48        PSH 0,1
4D68  8C38 733A   EJSR 733A   ; [733A] = 59336
4D6A  5020        STA 2,32
4D6B  E438 3C1B   ELEF 0,3C1B   ; [3C1B] = 128
4D6D  EC38 0228   ELEF 1,0228   ; = 552
4D6F  8E48        PSH 0,1
4D70  8C38 733A   EJSR 733A   ; [733A] = 59336
4D72  5020        STA 2,32
4D73  E438 3C1B   ELEF 0,3C1B   ; [3C1B] = 128
4D75  EC38 0227   ELEF 1,0227   ; = 551
4D77  8E48        PSH 0,1
4D78  8C38 733A   EJSR 733A   ; [733A] = 59336
4D7A  5020        STA 2,32
4D7B  0C0C 0179   JSR @12            ; overlay call, arg 0179
4D7D  270A        LDA 0,@10,3
4D7E  6865        IO   6865
4D7F  A50D        SUB# 1,0,SNR
4D80  0103        JMP 3,PC   ; -> 4D83
4D81  0904        JSR 4,PC   ; -> 4D85
4D82  01FB        JMP -5,PC   ; -> 4D7D
4D83  8538 02EC   EJMP 02EC,PC   ; -> 5070
4D85  EA00        MOV 3,1
4D86  3821        LDA 3,33
4D87  4B0C        STA 1,12,3
4D88  8550        SUBZL 0,0
4D89  C438 01DE   ESTA 0,01DE   ; = 478
4D8B  4304        STA 0,4,3
4D8C  2304        LDA 0,4,3
4D8D  680F        IO   680F
4D8E  A248        SGE 1,0
4D8F  0109        JMP 9,PC   ; -> 4D98
4D90  3309        LDA 2,9,3
4D91  9600        ADD 0,2
4D92  8500        SUB 0,0
4D93  4200        STA 0,0,2
4D94  2304        LDA 0,4,3
4D95  8300        INC 0,0
4D96  4304        STA 0,4,3
4D97  01F5        JMP -11,PC   ; -> 4D8C
4D98  A438 01C8   ELDA 0,01C8   ; = 456
4D9A  820C        MOV# 0,0,SZR
4D9B  D501        SUB 2,2,SKP
4D9C  D550        SUBZL 2,2
4D9D  AC38 01C5   ELDA 1,01C5   ; = 453
4D9F  B700        AND 1,2
4DA0  D20D        MOV# 2,2,SNR
4DA1  010A        JMP 10,PC   ; -> 4DAB
4DA2  3020        LDA 2,32
4DA3  E438 01F1   ELEF 0,01F1   ; = 497
4DA5  EC38 01D5   ELEF 1,01D5   ; = 469
4DA7  8E48        PSH 0,1
4DA8  8C38 58F3   EJSR 58F3   ; [58F3] = 59336
4DAA  5020        STA 2,32
4DAB  A438 3C1C   ELDA 0,3C1C   ; [3C1C] = 0
4DAD  C438 01C8   ESTA 0,01C8   ; = 456
4DAF  C438 01C5   ESTA 0,01C5   ; = 453
4DB1  3020        LDA 2,32
4DB2  8C38 6718   EJSR 6718   ; [6718] = 59336
4DB4  A438 01C1   ELDA 0,01C1   ; = 449
4DB6  820D        MOV# 0,0,SNR
4DB7  012A        JMP 42,PC   ; -> 4DE1
4DB8  8400        ADC 0,0
4DB9  EC38 3C05   ELEF 1,3C05   ; [3C05] = 0
4DBB  0C34        JSR @52
4DBC  5020        STA 2,32
4DBD  8400        ADC 0,0
4DBE  EC38 3C1D   ELEF 1,3C1D   ; -> ".<" (len 2)
4DC0  0C31        JSR @49
4DC1  5020        STA 2,32
4DC2  8400        ADC 0,0
4DC3  EC38 01E1   ELEF 1,01E1   ; = 481
4DC5  0C30        JSR @48
4DC6  5020        STA 2,32
4DC7  8400        ADC 0,0
4DC8  EC38 3C22   ELEF 1,3C22   ; -> "/" (len 1)
4DCA  0C31        JSR @49
4DCB  5020        STA 2,32
4DCC  8400        ADC 0,0
4DCD  EC38 01D6   ELEF 1,01D6   ; = 470
4DCF  0C30        JSR @48
4DD0  5020        STA 2,32
4DD1  8400        ADC 0,0
4DD2  EC38 3C26   ELEF 1,3C26   ; -> "=" (len 1)
4DD4  0C31        JSR @49
4DD5  5020        STA 2,32
4DD6  8400        ADC 0,0
4DD7  EC38 01D5   ELEF 1,01D5   ; = 469
4DD9  0C30        JSR @48
4DDA  5020        STA 2,32
4DDB  8400        ADC 0,0
4DDC  EC38 3C2A   ELEF 1,3C2A   ; -> "." (len 1)
4DDE  0C31        JSR @49
4DDF  5020        STA 2,32
4DE0  0C38        JSR @56
4DE1  A438 01CC   ELDA 0,01CC   ; = 460
4DE3  820D        MOV# 0,0,SNR
4DE4  0104        JMP 4,PC   ; -> 4DE8
4DE5  3020        LDA 2,32
4DE6  8C38 5FBB   EJSR 5FBB   ; [5FBB] = 59336
4DE8  6050        IO   6050
4DE9  0C62        JSR @98
4DEA  4304        STA 0,4,3
4DEB  630D        IO   630D
4DEC  EC38 3C00   ELEF 1,3C00   ; [3C00] = 80
4DEE  0C59        JSR @89
4DEF  3020        LDA 2,32
4DF0  8648        PSH 0,0
4DF1  8C38 6C4C   EJSR 6C4C   ; [6C4C] = 59336
4DF3  5020        STA 2,32
4DF4  E438 0217   ELEF 0,0217   ; = 535
4DF6  6B0D        IO   6B0D
4DF7  0C5C        JSR @92
4DF8  0C63        JSR @99
4DF9  E438 0217   ELEF 0,0217   ; = 535
4DFB  EC38 3C2E   ELEF 1,3C2E   ; -> "TIMEOUT" (len 7)
4DFD  0C54        JSR @84
4DFE  0103        JMP 3,PC   ; -> 4E01
4DFF  8538 0282   EJMP 0282,PC   ; -> 5082
4E01  9200        MOV 0,2
4E02  3202        LDA 2,2,2
4E03  9048        SBI 0,2
4E04  5310        STA 2,16,3
4E05  3020        LDA 2,32
4E06  6310        IO   6310
4E07  EC38 0217   ELEF 1,0217   ; = 535
4E09  8E48        PSH 0,1
4E0A  8C38 75C8   EJSR 75C8   ; [75C8] = 59336
4E0C  5020        STA 2,32
4E0D  A438 01CC   ELDA 0,01CC   ; = 460
4E0F  820D        MOV# 0,0,SNR
4E10  0111        JMP 17,PC   ; -> 4E21
4E11  8400        ADC 0,0
4E12  EC38 3C0E   ELEF 1,3C0E   ; [3C0E] = 10
4E14  0C34        JSR @52
4E15  5020        STA 2,32
4E16  8400        ADC 0,0
4E17  EC38 0217   ELEF 1,0217   ; = 535
4E19  0C31        JSR @49
4E1A  5020        STA 2,32
4E1B  8400        ADC 0,0
4E1C  EC38 3C2A   ELEF 1,3C2A   ; -> "." (len 1)
4E1E  0C31        JSR @49
4E1F  5020        STA 2,32
4E20  0C38        JSR @56
4E21  3020        LDA 2,32
4E22  E438 0217   ELEF 0,0217   ; = 535
4E24  6B10        IO   6B10
4E25  8E48        PSH 0,1
4E26  8C38 50C1   EJSR 50C1   ; [50C1] = 59336
4E28  5020        STA 2,32
4E29  2310        LDA 0,16,3
4E2A  AC38 3C35   ELDA 1,3C35   ; [3C35] = 1
4E2C  A50D        SUB# 1,0,SNR
4E2D  0103        JMP 3,PC   ; -> 4E30
4E2E  8538 021B   EJMP 021B,PC   ; -> 504A
4E30  270A        LDA 0,@10,3
4E31  6865        IO   6865
4E32  8D0C        SUB# 0,1,SZR
4E33  0104        JMP 4,PC   ; -> 4E37
4E34  8500        SUB 0,0
4E35  C438 0207   ESTA 0,0207   ; = 519
4E37  A438 01D2   ELDA 0,01D2   ; = 466
4E39  8300        INC 0,0
4E3A  AC38 3C1C   ELDA 1,3C1C   ; [3C1C] = 0
4E3C  D550        SUBZL 2,2
4E3D  C438 01D2   ESTA 0,01D2   ; = 466
4E3F  4B03        STA 1,3,3
4E40  5304        STA 2,4,3
4E41  2304        LDA 0,4,3
4E42  AC38 01DE   ELDA 1,01DE   ; = 478
4E44  A248        SGE 1,0
4E45  010F        JMP 15,PC   ; -> 4E54
4E46  3309        LDA 2,9,3
4E47  9600        ADD 0,2
4E48  60C8        IO   60C8
4E49  5310        STA 2,16,3
4E4A  2A00        LDA 1,0,2
4E4B  8D0C        SUB# 0,1,SZR
4E4C  0104        JMP 4,PC   ; -> 4E50
4E4D  B438 3C35   ELDA 2,3C35   ; [3C35] = 1
4E4F  5303        STA 2,3,3
4E50  2304        LDA 0,4,3
4E51  8300        INC 0,0
4E52  4304        STA 0,4,3
4E53  01EE        JMP -18,PC   ; -> 4E41
4E54  2303        LDA 0,3,3
4E55  AC38 3C35   ELDA 1,3C35   ; [3C35] = 1
4E57  8D0C        SUB# 0,1,SZR
4E58  0115        JMP 21,PC   ; -> 4E6D
4E59  3020        LDA 2,32
4E5A  E438 3C16   ELEF 0,3C16   ; [3C16] = 4
4E5C  8648        PSH 0,0
4E5D  E438 3C05   ELEF 0,3C05   ; [3C05] = 0
4E5F  6B10        IO   6B10
4E60  8E48        PSH 0,1
4E61  8C38 5F68   EJSR 5F68   ; [5F68] = 59336
4E63  5020        STA 2,32
4E64  2310        LDA 0,16,3
4E65  E7F8 0014   ADDI 0014,0
4E67  4311        STA 0,17,3
4E68  6B11        IO   6B11
4E69  AE48        PSH 1,1
4E6A  8C38 5D26   EJSR 5D26   ; [5D26] = 59336
4E6C  5020        STA 2,32
4E6D  6002        IO   6002
4E6E  AC38 01E1   ELDA 1,01E1   ; = 481
4E70  8D0C        SUB# 0,1,SZR
4E71  0106        JMP 6,PC   ; -> 4E77
4E72  B438 3C1C   ELDA 2,3C1C   ; [3C1C] = 0
4E74  D438 01C3   ESTA 2,01C3   ; = 451
4E76  0105        JMP 5,PC   ; -> 4E7B
4E77  A438 3C35   ELDA 0,3C35   ; [3C35] = 1
4E79  C438 01C3   ESTA 0,01C3   ; = 451
4E7B  3020        LDA 2,32
4E7C  E438 3C37   ELEF 0,3C37   ; [3C37] = 22
4E7E  6B10        IO   6B10
4E7F  8E48        PSH 0,1
4E80  8C38 5FFA   EJSR 5FFA   ; [5FFA] = 59336
4E82  5020        STA 2,32
4E83  6002        IO   6002
4E84  2B10        LDA 1,16,3
4E85  8D0C        SUB# 0,1,SZR
4E86  0120        JMP 32,PC   ; -> 4EA6
4E87  E438 3C37   ELEF 0,3C37   ; [3C37] = 22
4E89  6B10        IO   6B10
4E8A  8E48        PSH 0,1
4E8B  8C38 540B   EJSR 540B   ; [540B] = 59336
4E8D  5020        STA 2,32
4E8E  2310        LDA 0,16,3
4E8F  820C        MOV# 0,0,SZR
4E90  0105        JMP 5,PC   ; -> 4E95
4E91  AC38 3C35   ELDA 1,3C35   ; [3C35] = 1
4E93  CC38 01C3   ESTA 1,01C3   ; = 451
4E95  3020        LDA 2,32
4E96  E438 3C37   ELEF 0,3C37   ; [3C37] = 22
4E98  6B10        IO   6B10
4E99  8E48        PSH 0,1
4E9A  8C38 540B   EJSR 540B   ; [540B] = 59336
4E9C  5020        STA 2,32
4E9D  A438 01D5   ELDA 0,01D5   ; = 469
4E9F  2B10        LDA 1,16,3
4EA0  8D0C        SUB# 0,1,SZR
4EA1  0105        JMP 5,PC   ; -> 4EA6
4EA2  A438 3C35   ELDA 0,3C35   ; [3C35] = 1
4EA4  C438 01C3   ESTA 0,01C3   ; = 451
4EA6  6064        IO   6064
4EA7  2F0A        LDA 1,@10,3
4EA8  A248        SGE 1,0
4EA9  0103        JMP 3,PC   ; -> 4EAC
4EAA  8538 00EA   EJMP 00EA,PC   ; -> 4F95
4EAC  B438 01C3   ELDA 2,01C3   ; = 451
4EAE  D20D        MOV# 2,2,SNR
4EAF  0105        JMP 5,PC   ; -> 4EB4
4EB0  8500        SUB 0,0
4EB1  C438 01E3   ESTA 0,01E3   ; = 483
4EB3  012B        JMP 43,PC   ; -> 4EDE
4EB4  A438 01C2   ELDA 0,01C2   ; = 450
4EB6  820D        MOV# 0,0,SNR
4EB7  0127        JMP 39,PC   ; -> 4EDE
4EB8  6802        IO   6802
4EB9  B438 01E3   ELDA 2,01E3   ; = 483
4EBB  B50C        SUB# 1,2,SZR
4EBC  010F        JMP 15,PC   ; -> 4ECB
4EBD  3020        LDA 2,32
4EBE  E438 3C38   ELEF 0,3C38   ; [3C38] = 59
4EC0  8648        PSH 0,0
4EC1  8C38 5D26   EJSR 5D26   ; [5D26] = 59336
4EC3  5020        STA 2,32
4EC4  E438 3C05   ELEF 0,3C05   ; [3C05] = 0
4EC6  8648        PSH 0,0
4EC7  0C0C 0199   JSR @12            ; overlay call, arg 0199
4EC9  5020        STA 2,32
4ECA  0114        JMP 20,PC   ; -> 4EDE
4ECB  3020        LDA 2,32
4ECC  E438 3C39   ELEF 0,3C39   ; [3C39] = 60
4ECE  8648        PSH 0,0
4ECF  8C38 5D26   EJSR 5D26   ; [5D26] = 59336
4ED1  5020        STA 2,32
4ED2  8C38 5FBB   EJSR 5FBB   ; [5FBB] = 59336
4ED4  A438 01D2   ELDA 0,01D2   ; = 466
4ED6  8048        SBI 0,0
4ED7  AC38 01E3   ELDA 1,01E3   ; = 483
4ED9  AB00        INC 1,1
4EDA  C438 01D2   ESTA 0,01D2   ; = 466
4EDC  CC38 01E3   ESTA 1,01E3   ; = 483
4EDE  3020        LDA 2,32
4EDF  E438 3C05   ELEF 0,3C05   ; [3C05] = 0
4EE1  2B0A        LDA 1,10,3
4EE2  8E48        PSH 0,1
4EE3  E438 01D6   ELEF 0,01D6   ; = 470
4EE5  6B10        IO   6B10
4EE6  8E48        PSH 0,1
4EE7  8C38 5C4C   EJSR 5C4C   ; [5C4C] = 59336
4EE9  5020        STA 2,32
4EEA  2310        LDA 0,16,3
4EEB  4305        STA 0,5,3
4EEC  AC00        ADC 1,1
4EED  A50D        SUB# 1,0,SNR
4EEE  0142        JMP 66,PC   ; -> 4F30
4EEF  A438 3C35   ELDA 0,3C35   ; [3C35] = 1
4EF1  C438 01C5   ESTA 0,01C5   ; = 453
4EF3  A438 01D6   ELDA 0,01D6   ; = 470
4EF5  2B05        LDA 1,5,3
4EF6  8D0D        SUB# 0,1,SNR
4EF7  0137        JMP 55,PC   ; -> 4F2E
4EF8  CC38 01D6   ESTA 1,01D6   ; = 470
4EFA  A438 01E2   ELDA 0,01E2   ; = 482
4EFC  A600        ADD 1,0
4EFD  C438 01D5   ESTA 0,01D5   ; = 469
4EFF  A438 3C1C   ELDA 0,3C1C   ; [3C1C] = 0
4F01  C438 01C4   ESTA 0,01C4   ; = 452
4F03  8550        SUBZL 0,0
4F04  4304        STA 0,4,3
4F05  2304        LDA 0,4,3
4F06  6804        IO   6804
4F07  A248        SGE 1,0
4F08  0111        JMP 17,PC   ; -> 4F19
4F09  330B        LDA 2,11,3
4F0A  9600        ADD 0,2
4F0B  A438 01D5   ELDA 0,01D5   ; = 469
4F0D  5310        STA 2,16,3
4F0E  2A00        LDA 1,0,2
4F0F  8D0C        SUB# 0,1,SZR
4F10  0105        JMP 5,PC   ; -> 4F15
4F11  B438 3C35   ELDA 2,3C35   ; [3C35] = 1
4F13  D438 01C4   ESTA 2,01C4   ; = 452
4F15  2304        LDA 0,4,3
4F16  8300        INC 0,0
4F17  4304        STA 0,4,3
4F18  01ED        JMP -19,PC   ; -> 4F05
4F19  6011        IO   6011
4F1A  2F0A        LDA 1,@10,3
4F1B  8D0D        SUB# 0,1,SNR
4F1C  D501        SUB 2,2,SKP
4F1D  D550        SUBZL 2,2
4F1E  6012        IO   6012
4F1F  5310        STA 2,16,3
4F20  8D0D        SUB# 0,1,SNR
4F21  D501        SUB 2,2,SKP
4F22  D550        SUBZL 2,2
4F23  2310        LDA 0,16,3
4F24  9700        AND 0,2
4F25  D20D        MOV# 2,2,SNR
4F26  0108        JMP 8,PC   ; -> 4F2E
4F27  3020        LDA 2,32
4F28  E438 3C05   ELEF 0,3C05   ; [3C05] = 0
4F2A  8648        PSH 0,0
4F2B  8C38 6613   EJSR 6613   ; [6613] = 59336
4F2D  5020        STA 2,32
4F2E  8538 0066   EJMP 0066,PC   ; -> 4F95
4F30  A438 020C   ELDA 0,020C   ; = 524
4F32  2F0A        LDA 1,@10,3
4F33  8D0C        SUB# 0,1,SZR
4F34  D501        SUB 2,2,SKP
4F35  D550        SUBZL 2,2
4F36  A438 020B   ELDA 0,020B   ; = 523
4F38  5310        STA 2,16,3
4F39  820D        MOV# 0,0,SNR
4F3A  D501        SUB 2,2,SKP
4F3B  D550        SUBZL 2,2
4F3C  2310        LDA 0,16,3
4F3D  9700        AND 0,2
4F3E  D20D        MOV# 2,2,SNR
4F3F  0117        JMP 23,PC   ; -> 4F56
4F40  3020        LDA 2,32
4F41  E438 3C12   ELEF 0,3C12   ; [3C12] = 2
4F43  8648        PSH 0,0
4F44  E438 3C05   ELEF 0,3C05   ; [3C05] = 0
4F46  6B10        IO   6B10
4F47  8E48        PSH 0,1
4F48  8C38 5F68   EJSR 5F68   ; [5F68] = 59336
4F4A  5020        STA 2,32
4F4B  A438 020B   ELDA 0,020B   ; = 523
4F4D  2B10        LDA 1,16,3
4F4E  8E00        ADD 0,1
4F4F  4B11        STA 1,17,3
4F50  6311        IO   6311
4F51  8648        PSH 0,0
4F52  8C38 5D26   EJSR 5D26   ; [5D26] = 59336
4F54  5020        STA 2,32
4F55  0140        JMP 64,PC   ; -> 4F95
4F56  6011        IO   6011
4F57  2F0A        LDA 1,@10,3
4F58  8D0C        SUB# 0,1,SZR
4F59  0109        JMP 9,PC   ; -> 4F62
4F5A  3020        LDA 2,32
4F5B  E438 01ED   ELEF 0,01ED   ; = 493
4F5D  8648        PSH 0,0
4F5E  8C38 5D26   EJSR 5D26   ; [5D26] = 59336
4F60  5020        STA 2,32
4F61  0134        JMP 52,PC   ; -> 4F95
4F62  6012        IO   6012
4F63  2F0A        LDA 1,@10,3
4F64  8D0C        SUB# 0,1,SZR
4F65  0109        JMP 9,PC   ; -> 4F6E
4F66  3020        LDA 2,32
4F67  E438 01EE   ELEF 0,01EE   ; = 494
4F69  8648        PSH 0,0
4F6A  8C38 5D26   EJSR 5D26   ; [5D26] = 59336
4F6C  5020        STA 2,32
4F6D  0128        JMP 40,PC   ; -> 4F95
4F6E  A438 020D   ELDA 0,020D   ; = 525
4F70  820D        MOV# 0,0,SNR
4F71  0109        JMP 9,PC   ; -> 4F7A
4F72  3020        LDA 2,32
4F73  EC38 020D   ELEF 1,020D   ; = 525
4F75  AE48        PSH 1,1
4F76  8C38 5D26   EJSR 5D26   ; [5D26] = 59336
4F78  5020        STA 2,32
4F79  011C        JMP 28,PC   ; -> 4F95
4F7A  3020        LDA 2,32
4F7B  8400        ADC 0,0
4F7C  EC38 3C05   ELEF 1,3C05   ; [3C05] = 0
4F7E  0C34        JSR @52
4F7F  5020        STA 2,32
4F80  8400        ADC 0,0
4F81  EC38 3C3D   ELEF 1,3C3D   ; -> "You can't go there." (len 19)
4F83  0C31        JSR @49
4F84  5020        STA 2,32
4F85  0C38        JSR @56
4F86  A438 01CC   ELDA 0,01CC   ; = 460
4F88  820D        MOV# 0,0,SNR
4F89  010C        JMP 12,PC   ; -> 4F95
4F8A  8400        ADC 0,0
4F8B  EC38 3C0E   ELEF 1,3C0E   ; [3C0E] = 10
4F8D  0C34        JSR @52
4F8E  5020        STA 2,32
4F8F  8400        ADC 0,0
4F90  EC38 3C3D   ELEF 1,3C3D   ; -> "You can't go there." (len 19)
4F92  0C31        JSR @49
4F93  5020        STA 2,32
4F94  0C38        JSR @56
4F95  3020        LDA 2,32
4F96  230A        LDA 0,10,3
4F97  6B10        IO   6B10
4F98  8E48        PSH 0,1
4F99  8C38 5856   EJSR 5856   ; [5856] = 59336
4F9B  5020        STA 2,32
4F9C  6003        IO   6003
4F9D  2B10        LDA 1,16,3
4F9E  A50D        SUB# 1,0,SNR
4F9F  0103        JMP 3,PC   ; -> 4FA2
4FA0  8538 0081   EJMP 0081,PC   ; -> 5022
4FA2  270A        LDA 0,@10,3
4FA3  E7F8 FF38   ADDI FF38,0
4FA5  4306        STA 0,6,3
4FA6  8048        SBI 0,0
4FA7  8A00        MOV 0,1
4FA8  7004        IO   7004
4FA9  BFC8        DIVX
4FAA  AB00        INC 1,1
4FAB  4B08        STA 1,8,3
4FAC  8848        SBI 0,1
4FAD  8500        SUB 0,0
4FAE  CFC8        MULS
4FAF  2306        LDA 0,6,3
4FB0  A500        SUB 1,0
4FB1  4307        STA 0,7,3
4FB2  2308        LDA 0,8,3
4FB3  F438 3C59   ELEF 2,3C59   ; [3C59] = 20418
4FB5  0C5A        JSR @90
4FB6  D00C        COM# 2,2,SZR
4FB7  0A00        JSR 0,2
4FB8  3020        LDA 2,32
4FB9  E438 3C4B   ELEF 0,3C4B   ; -> "SHELL" (len 5)
4FBB  EC38 3C4A   ELEF 1,3C4A   ; [3C4A] = 34
4FBD  8E48        PSH 0,1
4FBE  8C38 5DBE   EJSR 5DBE   ; [5DBE] = 59336
4FC0  5020        STA 2,32
4FC1  0161        JMP 97,PC   ; -> 5022
4FC2  3020        LDA 2,32
4FC3  3821        LDA 3,33
4FC4  6307        IO   6307
4FC5  8648        PSH 0,0
4FC6  8C38 5485   EJSR 5485   ; [5485] = 59336
4FC8  5020        STA 2,32
4FC9  0159        JMP 89,PC   ; -> 5022
4FCA  3020        LDA 2,32
4FCB  3821        LDA 3,33
4FCC  6307        IO   6307
4FCD  8648        PSH 0,0
4FCE  0C0C 0171   JSR @12            ; overlay call, arg 0171
4FD0  5020        STA 2,32
4FD1  0151        JMP 81,PC   ; -> 5022
4FD2  3020        LDA 2,32
4FD3  3821        LDA 3,33
4FD4  6307        IO   6307
4FD5  8648        PSH 0,0
4FD6  0C0C 017B   JSR @12            ; overlay call, arg 017B
4FD8  5020        STA 2,32
4FD9  0149        JMP 73,PC   ; -> 5022
4FDA  3020        LDA 2,32
4FDB  3821        LDA 3,33
4FDC  6307        IO   6307
4FDD  8648        PSH 0,0
4FDE  0C0C 0187   JSR @12            ; overlay call, arg 0187
4FE0  5020        STA 2,32
4FE1  0141        JMP 65,PC   ; -> 5022
4FE2  3020        LDA 2,32
4FE3  3821        LDA 3,33
4FE4  6307        IO   6307
4FE5  8648        PSH 0,0
4FE6  0C0C 018F   JSR @12            ; overlay call, arg 018F
4FE8  5020        STA 2,32
4FE9  0139        JMP 57,PC   ; -> 5022
4FEA  3020        LDA 2,32
4FEB  3821        LDA 3,33
4FEC  6307        IO   6307
4FED  8648        PSH 0,0
4FEE  0C0C 0195   JSR @12            ; overlay call, arg 0195
4FF0  5020        STA 2,32
4FF1  0131        JMP 49,PC   ; -> 5022
4FF2  3020        LDA 2,32
4FF3  3821        LDA 3,33
4FF4  6307        IO   6307
4FF5  8648        PSH 0,0
4FF6  0C0C 019B   JSR @12            ; overlay call, arg 019B
4FF8  5020        STA 2,32
4FF9  0129        JMP 41,PC   ; -> 5022
4FFA  3020        LDA 2,32
4FFB  3821        LDA 3,33
4FFC  6307        IO   6307
4FFD  8648        PSH 0,0
4FFE  0C0C 01A3   JSR @12            ; overlay call, arg 01A3
5000  5020        STA 2,32
5001  0121        JMP 33,PC   ; -> 5022
5002  3020        LDA 2,32
5003  3821        LDA 3,33
5004  6307        IO   6307
5005  8648        PSH 0,0
5006  0C0C 0139   JSR @12            ; overlay call, arg 0139
5008  5020        STA 2,32
5009  0119        JMP 25,PC   ; -> 5022
500A  3020        LDA 2,32
500B  3821        LDA 3,33
500C  6307        IO   6307
500D  8648        PSH 0,0
500E  0C0C 015D   JSR @12            ; overlay call, arg 015D
5010  5020        STA 2,32
5011  0111        JMP 17,PC   ; -> 5022
5012  3020        LDA 2,32
5013  3821        LDA 3,33
5014  6307        IO   6307
5015  8648        PSH 0,0
5016  0C0C 0169   JSR @12            ; overlay call, arg 0169
5018  5020        STA 2,32
5019  0109        JMP 9,PC   ; -> 5022
501A  3020        LDA 2,32
501B  3821        LDA 3,33
501C  6307        IO   6307
501D  8648        PSH 0,0
501E  0C0C 016F   JSR @12            ; overlay call, arg 016F
5020  5020        STA 2,32
5021  0101        JMP 1,PC   ; -> 5022
5022  3020        LDA 2,32
5023  230A        LDA 0,10,3
5024  6B10        IO   6B10
5025  8E48        PSH 0,1
5026  8C38 5856   EJSR 5856   ; [5856] = 59336
5028  5020        STA 2,32
5029  6002        IO   6002
502A  2B10        LDA 1,16,3
502B  8D0C        SUB# 0,1,SZR
502C  010A        JMP 10,PC   ; -> 5036
502D  270A        LDA 0,@10,3
502E  E7F8 FF9C   ADDI FF9C,0
5030  4310        STA 0,16,3
5031  6310        IO   6310
5032  8648        PSH 0,0
5033  0C0C 015F   JSR @12            ; overlay call, arg 015F
5035  5020        STA 2,32
5036  A438 01D2   ELDA 0,01D2   ; = 466
5038  AC38 0207   ELDA 1,0207   ; = 519
503A  8D0C        SUB# 0,1,SZR
503B  010E        JMP 14,PC   ; -> 5049
503C  AD00        SUB 1,1
503D  CC38 0207   ESTA 1,0207   ; = 519
503F  3020        LDA 2,32
5040  E438 0208   ELEF 0,0208   ; = 520
5042  6B10        IO   6B10
5043  8E48        PSH 0,1
5044  8C38 5F01   EJSR 5F01   ; [5F01] = 59336
5046  5020        STA 2,32
5047  2310        LDA 0,16,3
5048  4306        STA 0,6,3
5049  0126        JMP 38,PC   ; -> 506F
504A  3020        LDA 2,32
504B  8400        ADC 0,0
504C  EC38 3C05   ELEF 1,3C05   ; [3C05] = 0
504E  0C34        JSR @52
504F  5020        STA 2,32
5050  8400        ADC 0,0
5051  EC38 0214   ELEF 1,0214   ; = 532
5053  0C31        JSR @49
5054  5020        STA 2,32
5055  8400        ADC 0,0
5056  EC38 3C2A   ELEF 1,3C2A   ; -> "." (len 1)
5058  0C31        JSR @49
5059  5020        STA 2,32
505A  0C38        JSR @56
505B  A438 01CC   ELDA 0,01CC   ; = 460
505D  820D        MOV# 0,0,SNR
505E  0111        JMP 17,PC   ; -> 506F
505F  8400        ADC 0,0
5060  EC38 3C0E   ELEF 1,3C0E   ; [3C0E] = 10
5062  0C34        JSR @52
5063  5020        STA 2,32
5064  8400        ADC 0,0
5065  EC38 0214   ELEF 1,0214   ; = 532
5067  0C31        JSR @49
5068  5020        STA 2,32
5069  8400        ADC 0,0
506A  EC38 3C2A   ELEF 1,3C2A   ; -> "." (len 1)
506C  0C31        JSR @49
506D  5020        STA 2,32
506E  0C38        JSR @56
506F  070C        JMP @12,3
5070  A438 01D7   ELDA 0,01D7   ; = 471
5072  AC38 01F5   ELDA 1,01F5   ; = 501
5074  8D0C        SUB# 0,1,SZR
5075  0105        JMP 5,PC   ; -> 507A
5076  3020        LDA 2,32
5077  0C0C 0185   JSR @12            ; overlay call, arg 0185
5079  0104        JMP 4,PC   ; -> 507D
507A  3020        LDA 2,32
507B  0C0C 013D   JSR @12            ; overlay call, arg 013D
507D  3020        LDA 2,32
507E  0C0C 0173   JSR @12            ; overlay call, arg 0173
5080  8C38 6E84   EJSR 6E84   ; [6E84] = 10284
5082  3020        LDA 2,32
5083  6310        IO   6310
5084  8648        PSH 0,0
5085  8C38 7538   EJSR 7538   ; [7538] = 59336
5087  5020        STA 2,32
5088  603E        IO   603E
5089  2B10        LDA 1,16,3
508A  8D0D        SUB# 0,1,SNR
508B  0105        JMP 5,PC   ; -> 5090
508C  8500        SUB 0,0
508D  C438 01F2   ESTA 0,01F2   ; = 498
508F  0126        JMP 38,PC   ; -> 50B5
5090  A438 01C9   ELDA 0,01C9   ; = 457
5092  820C        MOV# 0,0,SZR
5093  0122        JMP 34,PC   ; -> 50B5
5094  3020        LDA 2,32
5095  EC38 3C16   ELEF 1,3C16   ; [3C16] = 4
5097  AE48        PSH 1,1
5098  E438 3C05   ELEF 0,3C05   ; [3C05] = 0
509A  6B10        IO   6B10
509B  8E48        PSH 0,1
509C  8C38 5F68   EJSR 5F68   ; [5F68] = 59336
509E  5020        STA 2,32
509F  2310        LDA 0,16,3
50A0  E7F8 00A4   ADDI 00A4,0
50A2  4311        STA 0,17,3
50A3  6B11        IO   6B11
50A4  AE48        PSH 1,1
50A5  8C38 5D26   EJSR 5D26   ; [5D26] = 59336
50A7  5020        STA 2,32
50A8  8C38 5FBB   EJSR 5FBB   ; [5FBB] = 59336
50AA  8400        ADC 0,0
50AB  EC38 3C05   ELEF 1,3C05   ; [3C05] = 0
50AD  0C34        JSR @52
50AE  5020        STA 2,32
50AF  8400        ADC 0,0
50B0  EC38 3C53   ELEF 1,3C53   ; -> "." (len 1)
50B2  0C31        JSR @49
50B3  5020        STA 2,32
50B4  0C38        JSR @56
50B5  3020        LDA 2,32
50B6  E438 3C05   ELEF 0,3C05   ; [3C05] = 0
50B8  EC38 0211   ELEF 1,0211   ; = 529
50BA  8E48        PSH 0,1
50BB  8C38 75C8   EJSR 75C8   ; [75C8] = 59336
50BD  5020        STA 2,32
50BE  8538 7D29   EJMP 7D29,PC   ; -> 4DE8
50C0  AFC8        RTN
50C1  E7C8 0026   SAVE 38             ; frame
50C3  0C42        JSR @66
50C4  0001        JMP 1
50C5  4317        STA 0,23,3
50C6  0C43        JSR @67
50C7  0002        JMP 2
50C8  4318        STA 0,24,3
50C9  B438 01B1   ELDA 2,01B1   ; = 433
50CB  2AFD        LDA 1,-3,2
50CC  B500        SUB 1,2
50CD  5319        STA 2,25,3
50CE  B438 01AF   ELDA 2,01AF   ; = 431
50D0  32FD        LDA 2,-3,2
50D1  4B1A        STA 1,26,3
50D2  CA00        MOV 2,1
50D3  A200        MOV 1,0
50D4  AE00        ADD 1,1
50D5  8E00        ADD 0,1
50D6  A438 01AF   ELDA 0,01AF   ; = 431
50D8  A500        SUB 1,0
50D9  3319        LDA 2,25,3
50DA  D300        INC 2,2
50DB  431B        STA 0,27,3
50DC  531C        STA 2,28,3
50DD  0C62        JSR @98
50DE  EC38 3C65   ELEF 1,3C65   ; [3C65] = 32
50E0  630A        IO   630A
50E1  0C59        JSR @89
50E2  6307        IO   6307
50E3  0C59        JSR @89
50E4  EC38 3C66   ELEF 1,3C66   ; [3C66] = 80
50E6  6310        IO   6310
50E7  0C59        JSR @89
50E8  630D        IO   630D
50E9  0C59        JSR @89
50EA  6310        IO   6310
50EB  2B18        LDA 1,24,3
50EC  0C5C        JSR @92
50ED  A438 3C67   ELDA 0,3C67   ; [3C67] = 0
50EF  4314        STA 0,20,3
50F0  4313        STA 0,19,3
50F1  4316        STA 0,22,3
50F2  2313        LDA 0,19,3
50F3  AC38 3C68   ELDA 1,3C68   ; [3C68] = 1
50F5  A50D        SUB# 1,0,SNR
50F6  0103        JMP 3,PC   ; -> 50F9
50F7  0904        JSR 4,PC   ; -> 50FB
50F8  01FA        JMP -6,PC   ; -> 50F2
50F9  8538 00F7   EJMP 00F7,PC   ; -> 51F1
50FB  EA00        MOV 3,1
50FC  3821        LDA 3,33
50FD  4B1D        STA 1,29,3
50FE  7310        IO   7310
50FF  2202        LDA 0,2,2
5100  4306        STA 0,6,3
5101  820D        MOV# 0,0,SNR
5102  0125        JMP 37,PC   ; -> 5127
5103  3020        LDA 2,32
5104  EC38 3C69   ELEF 1,3C69   ; [3C69] = 1
5106  AE48        PSH 1,1
5107  6310        IO   6310
5108  6B1F        IO   6B1F
5109  0C5D        JSR @93
510A  5020        STA 2,32
510B  E438 3C6A   ELEF 0,3C6A   ; -> " " (len 1)
510D  0C54        JSR @84
510E  0103        JMP 3,PC   ; -> 5111
510F  0903        JSR 3,PC   ; -> 5112
5110  01F3        JMP -13,PC   ; -> 5103
5111  0116        JMP 22,PC   ; -> 5127
5112  EA00        MOV 3,1
5113  3821        LDA 3,33
5114  4B1E        STA 1,30,3
5115  7310        IO   7310
5116  2202        LDA 0,2,2
5117  3020        LDA 2,32
5118  4322        STA 0,34,3
5119  6322        IO   6322
511A  EC38 3C6E   ELEF 1,3C6E   ; [3C6E] = 2
511C  8E48        PSH 0,1
511D  6310        IO   6310
511E  6B1F        IO   6B1F
511F  0C5D        JSR @93
5120  5020        STA 2,32
5121  630D        IO   630D
5122  0C5C        JSR @92
5123  6310        IO   6310
5124  6B0D        IO   6B0D
5125  0C5C        JSR @92
5126  071E        JMP @30,3
5127  7310        IO   7310
5128  2202        LDA 0,2,2
5129  4306        STA 0,6,3
512A  820C        MOV# 0,0,SZR
512B  010B        JMP 11,PC   ; -> 5136
512C  AC38 3C68   ELDA 1,3C68   ; [3C68] = 1
512E  4B13        STA 1,19,3
512F  E438 0214   ELEF 0,0214   ; = 532
5131  4B14        STA 1,20,3
5132  EC38 3C6F   ELEF 1,3C6F   ; -> "What?" (len 5)
5134  0C5C        JSR @92
5135  0145        JMP 69,PC   ; -> 517A
5136  3020        LDA 2,32
5137  E438 3C6A   ELEF 0,3C6A   ; -> " " (len 1)
5139  8648        PSH 0,0
513A  6310        IO   6310
513B  6B22        IO   6B22
513C  8E48        PSH 0,1
513D  8C38 742D   EJSR 742D   ; [742D] = 59336
513F  5020        STA 2,32
5140  2322        LDA 0,34,3
5141  4305        STA 0,5,3
5142  820D        MOV# 0,0,SNR
5143  011D        JMP 29,PC   ; -> 5160
5144  8048        SBI 0,0
5145  4322        STA 0,34,3
5146  6322        IO   6322
5147  EC38 3C69   ELEF 1,3C69   ; [3C69] = 1
5149  8E48        PSH 0,1
514A  6310        IO   6310
514B  6B1F        IO   6B1F
514C  0C5D        JSR @93
514D  5020        STA 2,32
514E  6307        IO   6307
514F  0C5C        JSR @92
5150  2B05        LDA 1,5,3
5151  AB00        INC 1,1
5152  6306        IO   6306
5153  4B22        STA 1,34,3
5154  6B22        IO   6B22
5155  8E48        PSH 0,1
5156  6310        IO   6310
5157  6B1F        IO   6B1F
5158  0C5D        JSR @93
5159  5020        STA 2,32
515A  630D        IO   630D
515B  0C5C        JSR @92
515C  6310        IO   6310
515D  6B0D        IO   6B0D
515E  0C5C        JSR @92
515F  0107        JMP 7,PC   ; -> 5166
5160  A438 3C68   ELDA 0,3C68   ; [3C68] = 1
5162  4313        STA 0,19,3
5163  6307        IO   6307
5164  6B10        IO   6B10
5165  0C5C        JSR @92
5166  0C62        JSR @98
5167  3020        LDA 2,32
5168  E438 021A   ELEF 0,021A   ; = 538
516A  8648        PSH 0,0
516B  6307        IO   6307
516C  6B1F        IO   6B1F
516D  0C40        JSR @64
516E  5020        STA 2,32
516F  630A        IO   630A
5170  0C5C        JSR @92
5171  0C63        JSR @99
5172  3020        LDA 2,32
5173  E438 3C75   ELEF 0,3C75   ; [3C75] = 6
5175  6B0A        IO   6B0A
5176  8E48        PSH 0,1
5177  8C38 75C8   EJSR 75C8   ; [75C8] = 59336
5179  5020        STA 2,32
517A  2306        LDA 0,6,3
517B  820D        MOV# 0,0,SNR
517C  D501        SUB 2,2,SKP
517D  D550        SUBZL 2,2
517E  D20C        MOV# 2,2,SZR
517F  0103        JMP 3,PC   ; -> 5182
5180  8538 006F   EJMP 006F,PC   ; -> 51F0
5182  AC38 01DE   ELDA 1,01DE   ; = 478
5184  4B22        STA 1,34,3
5185  3020        LDA 2,32
5186  6322        IO   6322
5187  8648        PSH 0,0
5188  630A        IO   630A
5189  6B23        IO   6B23
518A  8E48        PSH 0,1
518B  8C38 525A   EJSR 525A   ; [525A] = 59336
518D  5020        STA 2,32
518E  2323        LDA 0,35,3
518F  2B16        LDA 1,22,3
5190  4303        STA 0,3,3
5191  AA0D        MOV# 1,1,SNR
5192  0103        JMP 3,PC   ; -> 5195
5193  8400        ADC 0,0
5194  4303        STA 0,3,3
5195  8400        ADC 0,0
5196  2B03        LDA 1,3,3
5197  8D0C        SUB# 0,1,SZR
5198  D501        SUB 2,2,SKP
5199  D550        SUBZL 2,2
519A  2316        LDA 0,22,3
519B  AC38 3C67   ELDA 1,3C67   ; [3C67] = 0
519D  5322        STA 2,34,3
519E  8D0C        SUB# 0,1,SZR
519F  D501        SUB 2,2,SKP
51A0  D550        SUBZL 2,2
51A1  2322        LDA 0,34,3
51A2  9700        AND 0,2
51A3  D20D        MOV# 2,2,SNR
51A4  011A        JMP 26,PC   ; -> 51BE
51A5  A438 3C68   ELDA 0,3C68   ; [3C68] = 1
51A7  4313        STA 0,19,3
51A8  0C62        JSR @98
51A9  4314        STA 0,20,3
51AA  3020        LDA 2,32
51AB  6307        IO   6307
51AC  8648        PSH 0,0
51AD  E438 3C77   ELEF 0,3C77   ; -> "I don't understand the word '" (len 29)
51AF  6B1F        IO   6B1F
51B0  0C40        JSR @64
51B1  5020        STA 2,32
51B2  E438 3C89   ELEF 0,3C89   ; -> "'" (len 1)
51B4  8648        PSH 0,0
51B5  A200        MOV 1,0
51B6  6B24        IO   6B24
51B7  0C40        JSR @64
51B8  5020        STA 2,32
51B9  E438 0214   ELEF 0,0214   ; = 532
51BB  0C5C        JSR @92
51BC  0C63        JSR @99
51BD  0133        JMP 51,PC   ; -> 51F0
51BE  2303        LDA 0,3,3
51BF  820D        MOV# 0,0,SNR
51C0  0130        JMP 48,PC   ; -> 51F0
51C1  AD50        SUBZL 1,1
51C2  B438 01DE   ELDA 2,01DE   ; = 478
51C4  B50C        SUB# 1,2,SZR
51C5  0111        JMP 17,PC   ; -> 51D6
51C6  6876        IO   6876
51C7  A50C        SUB# 1,0,SZR
51C8  D501        SUB 2,2,SKP
51C9  D550        SUBZL 2,2
51CA  687C        IO   687C
51CB  5322        STA 2,34,3
51CC  A50C        SUB# 1,0,SZR
51CD  D501        SUB 2,2,SKP
51CE  D550        SUBZL 2,2
51CF  2322        LDA 0,34,3
51D0  9108        IOR 0,2
51D1  D20D        MOV# 2,2,SNR
51D2  0104        JMP 4,PC   ; -> 51D6
51D3  A438 3C68   ELDA 0,3C68   ; [3C68] = 1
51D5  4316        STA 0,22,3
51D6  B438 01DE   ELDA 2,01DE   ; = 478
51D8  2319        LDA 0,25,3
51D9  9600        ADD 0,2
51DA  2B03        LDA 1,3,3
51DB  231B        LDA 0,27,3
51DC  4A00        STA 1,0,2
51DD  AC38 01DE   ELDA 1,01DE   ; = 478
51DF  A600        ADD 1,0
51E0  AE00        ADD 1,1
51E1  8E00        ADD 0,1
51E2  A200        MOV 1,0
51E3  6B07        IO   6B07
51E4  0C5C        JSR @92
51E5  A438 01DE   ELDA 0,01DE   ; = 478
51E7  8300        INC 0,0
51E8  C438 01DE   ESTA 0,01DE   ; = 478
51EA  680F        IO   680F
51EB  8D0C        SUB# 0,1,SZR
51EC  0104        JMP 4,PC   ; -> 51F0
51ED  A438 3C68   ELDA 0,3C68   ; [3C68] = 1
51EF  4313        STA 0,19,3
51F0  071D        JMP @29,3
51F1  8550        SUBZL 0,0
51F2  AC38 01DE   ELDA 1,01DE   ; = 478
51F4  8D0C        SUB# 0,1,SZR
51F5  D501        SUB 2,2,SKP
51F6  D550        SUBZL 2,2
51F7  2314        LDA 0,20,3
51F8  AC38 3C67   ELDA 1,3C67   ; [3C67] = 0
51FA  5322        STA 2,34,3
51FB  8D0C        SUB# 0,1,SZR
51FC  D501        SUB 2,2,SKP
51FD  D550        SUBZL 2,2
51FE  2322        LDA 0,34,3
51FF  9700        AND 0,2
5200  D20D        MOV# 2,2,SNR
5201  0109        JMP 9,PC   ; -> 520A
5202  E438 0214   ELEF 0,0214   ; = 532
5204  EC38 3C91   ELEF 1,3C91   ; -> "That doesn't make much sense to me" (len 34)
5206  0C5C        JSR @92
5207  A438 3C68   ELDA 0,3C68   ; [3C68] = 1
5209  4314        STA 0,20,3
520A  A438 3C67   ELDA 0,3C67   ; [3C67] = 0
520C  2B16        LDA 1,22,3
520D  4315        STA 0,21,3
520E  A50C        SUB# 1,0,SZR
520F  D501        SUB 2,2,SKP
5210  D550        SUBZL 2,2
5211  2B14        LDA 1,20,3
5212  5322        STA 2,34,3
5213  A50C        SUB# 1,0,SZR
5214  D501        SUB 2,2,SKP
5215  D550        SUBZL 2,2
5216  2322        LDA 0,34,3
5217  9700        AND 0,2
5218  D20D        MOV# 2,2,SNR
5219  013A        JMP 58,PC   ; -> 5253
521A  3020        LDA 2,32
521B  231C        LDA 0,28,3
521C  6B22        IO   6B22
521D  8E48        PSH 0,1
521E  8C38 5856   EJSR 5856   ; [5856] = 59336
5220  5020        STA 2,32
5221  2322        LDA 0,34,3
5222  6803        IO   6803
5223  8A08        SGT 0,1
5224  0105        JMP 5,PC   ; -> 5229
5225  A438 3C68   ELDA 0,3C68   ; [3C68] = 1
5227  4315        STA 0,21,3
5228  011E        JMP 30,PC   ; -> 5246
5229  6002        IO   6002
522A  4306        STA 0,6,3
522B  A438 01DE   ELDA 0,01DE   ; = 478
522D  8048        SBI 0,0
522E  2B06        LDA 1,6,3
522F  8A48        SGE 0,1
5230  0116        JMP 22,PC   ; -> 5246
5231  3319        LDA 2,25,3
5232  B600        ADD 1,2
5233  5322        STA 2,34,3
5234  3020        LDA 2,32
5235  2322        LDA 0,34,3
5236  6B23        IO   6B23
5237  8E48        PSH 0,1
5238  8C38 5856   EJSR 5856   ; [5856] = 59336
523A  5020        STA 2,32
523B  6003        IO   6003
523C  2B23        LDA 1,35,3
523D  8A48        SGE 0,1
523E  0104        JMP 4,PC   ; -> 5242
523F  A438 3C68   ELDA 0,3C68   ; [3C68] = 1
5241  4315        STA 0,21,3
5242  2306        LDA 0,6,3
5243  8300        INC 0,0
5244  4306        STA 0,6,3
5245  01E6        JMP -26,PC   ; -> 522B
5246  2315        LDA 0,21,3
5247  AC38 3C68   ELDA 1,3C68   ; [3C68] = 1
5249  8D0C        SUB# 0,1,SZR
524A  0109        JMP 9,PC   ; -> 5253
524B  E438 0214   ELEF 0,0214   ; = 532
524D  EC38 3CA6   ELEF 1,3CA6   ; -> "Sorry ... I could not parse that" (len 32)
524F  0C5C        JSR @92
5250  B438 3C68   ELDA 2,3C68   ; [3C68] = 1
5252  5314        STA 2,20,3
5253  2314        LDA 0,20,3
5254  820C        MOV# 0,0,SZR
5255  D501        SUB 2,2,SKP
5256  D550        SUBZL 2,2
5257  5717        STA 2,@23,3
5258  0C63        JSR @99
5259  AFC8        RTN
525A  E7C8 001F   SAVE 31             ; frame
525C  0C42        JSR @66
525D  0001        JMP 1
525E  4310        STA 0,16,3
525F  0C43        JSR @67
5260  0002        JMP 2
5261  4311        STA 0,17,3
5262  0C42        JSR @66
5263  0003        JMP 3
5264  4312        STA 0,18,3
5265  B438 01C0   ELDA 2,01C0   ; = 448
5267  2AFD        LDA 1,-3,2
5268  4B13        STA 1,19,3
5269  A900        NEG 1,1
526A  AB00        INC 1,1
526B  32FE        LDA 2,-2,2
526C  5314        STA 2,20,3
526D  B600        ADD 1,2
526E  5315        STA 2,21,3
526F  B438 01C0   ELDA 2,01C0   ; = 448
5271  32FB        LDA 2,-5,2
5272  2313        LDA 0,19,3
5273  4B16        STA 1,22,3
5274  2B15        LDA 1,21,3
5275  CFC8        MULS
5276  A438 01C0   ELDA 0,01C0   ; = 448
5278  A500        SUB 1,0
5279  4317        STA 0,23,3
527A  0C62        JSR @98
527B  EC38 3CBA   ELEF 1,3CBA   ; [3CBA] = 6
527D  6306        IO   6306
527E  0C59        JSR @89
527F  6303        IO   6303
5280  0C59        JSR @89
5281  3020        LDA 2,32
5282  E438 3CBB   ELEF 0,3CBB   ; [3CBB] = 3
5284  6B0F        IO   6B0F
5285  8E48        PSH 0,1
5286  8C38 733A   EJSR 733A   ; [733A] = 59336
5288  5020        STA 2,32
5289  E438 3CBA   ELEF 0,3CBA   ; [3CBA] = 6
528B  8648        PSH 0,0
528C  6318        IO   6318
528D  2B0F        LDA 1,15,3
528E  0C3F        JSR @63
528F  5020        STA 2,32
5290  EC38 3CBC   ELEF 1,3CBC   ; -> "ENDVOC" (len 6)
5292  0C5C        JSR @92
5293  E438 3CBA   ELEF 0,3CBA   ; [3CBA] = 6
5295  8648        PSH 0,0
5296  6318        IO   6318
5297  2B0F        LDA 1,15,3
5298  0C3F        JSR @63
5299  5020        STA 2,32
529A  6306        IO   6306
529B  6B18        IO   6B18
529C  0C5C        JSR @92
529D  A200        MOV 1,0
529E  2B11        LDA 1,17,3
529F  0C5C        JSR @92
52A0  8500        SUB 0,0
52A1  430A        STA 0,10,3
52A2  4309        STA 0,9,3
52A3  2309        LDA 0,9,3
52A4  6802        IO   6802
52A5  A248        SGE 1,0
52A6  010C        JMP 12,PC   ; -> 52B2
52A7  330F        LDA 2,15,3
52A8  9600        ADD 0,2
52A9  230A        LDA 0,10,3
52AA  531B        STA 2,27,3
52AB  2A00        LDA 1,0,2
52AC  8E00        ADD 0,1
52AD  2309        LDA 0,9,3
52AE  8300        INC 0,0
52AF  4309        STA 0,9,3
52B0  4B0A        STA 1,10,3
52B1  01F2        JMP -14,PC   ; -> 52A3
52B2  2B0A        LDA 1,10,3
52B3  7013        IO   7013
52B4  BFC8        DIVX
52B5  824A        MOVL# 0,0,SZC
52B6  8100        NEG 0,0
52B7  3020        LDA 2,32
52B8  EC38 3CBA   ELEF 1,3CBA   ; [3CBA] = 6
52BA  AE48        PSH 1,1
52BB  430B        STA 0,11,3
52BC  6318        IO   6318
52BD  2B0F        LDA 1,15,3
52BE  0C3F        JSR @63
52BF  5020        STA 2,32
52C0  2311        LDA 0,17,3
52C1  6B18        IO   6B18
52C2  0C5C        JSR @92
52C3  6B0F        IO   6B0F
52C4  AE48        PSH 1,1
52C5  8C38 73ED   EJSR 73ED   ; [73ED] = 59336
52C7  5020        STA 2,32
52C8  A438 3CC6   ELDA 0,3CC6   ; [3CC6] = 0
52CA  430D        STA 0,13,3
52CB  AD00        SUB 1,1
52CC  430E        STA 0,14,3
52CD  4B09        STA 1,9,3
52CE  230D        LDA 0,13,3
52CF  AC38 3CC7   ELDA 1,3CC7   ; [3CC7] = 1
52D1  A50D        SUB# 1,0,SNR
52D2  0103        JMP 3,PC   ; -> 52D5
52D3  0903        JSR 3,PC   ; -> 52D6
52D4  01FA        JMP -6,PC   ; -> 52CE
52D5  0128        JMP 40,PC   ; -> 52FD
52D6  EA00        MOV 3,1
52D7  3821        LDA 3,33
52D8  4B1B        STA 1,27,3
52D9  A438 0227   ELDA 0,0227   ; = 551
52DB  3309        LDA 2,9,3
52DC  9600        ADD 0,2
52DD  531C        STA 2,28,3
52DE  3020        LDA 2,32
52DF  E438 3CBA   ELEF 0,3CBA   ; [3CBA] = 6
52E1  8648        PSH 0,0
52E2  6318        IO   6318
52E3  2B1C        LDA 1,28,3
52E4  0C3F        JSR @63
52E5  5020        STA 2,32
52E6  6303        IO   6303
52E7  6B18        IO   6B18
52E8  0C5C        JSR @92
52E9  2311        LDA 0,17,3
52EA  6B03        IO   6B03
52EB  0C54        JSR @84
52EC  0106        JMP 6,PC   ; -> 52F2
52ED  A438 3CC7   ELDA 0,3CC7   ; [3CC7] = 1
52EF  430D        STA 0,13,3
52F0  430E        STA 0,14,3
52F1  0104        JMP 4,PC   ; -> 52F5
52F2  2309        LDA 0,9,3
52F3  E008        ADI 3,0
52F4  4309        STA 0,9,3
52F5  2309        LDA 0,9,3
52F6  687F        IO   687F
52F7  8A08        SGT 0,1
52F8  0104        JMP 4,PC   ; -> 52FC
52F9  B438 3CC7   ELDA 2,3CC7   ; [3CC7] = 1
52FB  530D        STA 2,13,3
52FC  071B        JMP @27,3
52FD  230E        LDA 0,14,3
52FE  AC38 3CC7   ELDA 1,3CC7   ; [3CC7] = 1
5300  8D0C        SUB# 0,1,SZR
5301  0110        JMP 16,PC   ; -> 5311
5302  B438 0227   ELDA 2,0227   ; = 551
5304  2309        LDA 0,9,3
5305  9600        ADD 0,2
5306  D008        ADI 2,2
5307  531C        STA 2,28,3
5308  2200        LDA 0,0,2
5309  B438 0205   ELDA 2,0205   ; = 517
530B  D300        INC 2,2
530C  430C        STA 0,12,3
530D  D438 0205   ESTA 2,0205   ; = 517
530F  8538 00CB   EJMP 00CB,PC   ; -> 53DB
5311  8500        SUB 0,0
5312  AC38 3CC6   ELDA 1,3CC6   ; [3CC6] = 0
5314  4309        STA 0,9,3
5315  4B0D        STA 1,13,3
5316  230D        LDA 0,13,3
5317  AC38 3CC7   ELDA 1,3CC7   ; [3CC7] = 1
5319  A50D        SUB# 1,0,SNR
531A  0103        JMP 3,PC   ; -> 531D
531B  0903        JSR 3,PC   ; -> 531E
531C  01FA        JMP -6,PC   ; -> 5316
531D  0135        JMP 53,PC   ; -> 5352
531E  EA00        MOV 3,1
531F  3821        LDA 3,33
5320  4B1C        STA 1,28,3
5321  A438 0228   ELDA 0,0228   ; = 552
5323  3309        LDA 2,9,3
5324  9600        ADD 0,2
5325  531D        STA 2,29,3
5326  3020        LDA 2,32
5327  E438 3CBA   ELEF 0,3CBA   ; [3CBA] = 6
5329  8648        PSH 0,0
532A  6318        IO   6318
532B  2B1D        LDA 1,29,3
532C  0C3F        JSR @63
532D  5020        STA 2,32
532E  6303        IO   6303
532F  6B18        IO   6B18
5330  0C5C        JSR @92
5331  2311        LDA 0,17,3
5332  6B03        IO   6B03
5333  0C54        JSR @84
5334  0112        JMP 18,PC   ; -> 5346
5335  A438 3CC7   ELDA 0,3CC7   ; [3CC7] = 1
5337  430D        STA 0,13,3
5338  430E        STA 0,14,3
5339  A438 0228   ELDA 0,0228   ; = 552
533B  2B09        LDA 1,9,3
533C  8E00        ADD 0,1
533D  C808        ADI 2,1
533E  4B1D        STA 1,29,3
533F  271D        LDA 0,@29,3
5340  AC38 0206   ELDA 1,0206   ; = 518
5342  AB00        INC 1,1
5343  430C        STA 0,12,3
5344  CC38 0206   ESTA 1,0206   ; = 518
5346  2309        LDA 0,9,3
5347  687F        IO   687F
5348  8A08        SGT 0,1
5349  0105        JMP 5,PC   ; -> 534E
534A  B438 3CC7   ELDA 2,3CC7   ; [3CC7] = 1
534C  530D        STA 2,13,3
534D  0104        JMP 4,PC   ; -> 5351
534E  2309        LDA 0,9,3
534F  E008        ADI 3,0
5350  4309        STA 0,9,3
5351  071C        JMP @28,3
5352  230E        LDA 0,14,3
5353  AC38 3CC6   ELDA 1,3CC6   ; [3CC6] = 0
5355  A50D        SUB# 1,0,SNR
5356  0103        JMP 3,PC   ; -> 5359
5357  8538 005A   EJMP 005A,PC   ; -> 53B2
5359  B438 0202   ELDA 2,0202   ; = 514
535B  230B        LDA 0,11,3
535C  C50D        SUB# 2,0,SNR
535D  0116        JMP 22,PC   ; -> 5373
535E  E008        ADI 3,0
535F  431D        STA 0,29,3
5360  8550        SUBZL 0,0
5361  431E        STA 0,30,3
5362  3020        LDA 2,32
5363  631E        IO   631E
5364  EC38 0226   ELEF 1,0226   ; = 550
5366  8E48        PSH 0,1
5367  631D        IO   631D
5368  EC38 3CBB   ELEF 1,3CBB   ; [3CBB] = 3
536A  8E48        PSH 0,1
536B  8C38 6F0B   EJSR 6F0B   ; [6F0B] = 59336
536D  5020        STA 2,32
536E  A438 01F6   ELDA 0,01F6   ; = 502
5370  8300        INC 0,0
5371  C438 01F6   ESTA 0,01F6   ; = 502
5373  230B        LDA 0,11,3
5374  AC38 3CC6   ELDA 1,3CC6   ; [3CC6] = 0
5376  D500        SUB 2,2
5377  C438 0202   ESTA 0,0202   ; = 514
5379  4B0D        STA 1,13,3
537A  5309        STA 2,9,3
537B  230D        LDA 0,13,3
537C  AC38 3CC7   ELDA 1,3CC7   ; [3CC7] = 1
537E  A50D        SUB# 1,0,SNR
537F  0103        JMP 3,PC   ; -> 5382
5380  0903        JSR 3,PC   ; -> 5383
5381  01FA        JMP -6,PC   ; -> 537B
5382  0130        JMP 48,PC   ; -> 53B2
5383  EA00        MOV 3,1
5384  3821        LDA 3,33
5385  4B1E        STA 1,30,3
5386  A438 0226   ELDA 0,0226   ; = 550
5388  3309        LDA 2,9,3
5389  9600        ADD 0,2
538A  531D        STA 2,29,3
538B  3020        LDA 2,32
538C  E438 3CBA   ELEF 0,3CBA   ; [3CBA] = 6
538E  8648        PSH 0,0
538F  6318        IO   6318
5390  2B1D        LDA 1,29,3
5391  0C3F        JSR @63
5392  5020        STA 2,32
5393  6303        IO   6303
5394  6B18        IO   6B18
5395  0C5C        JSR @92
5396  2311        LDA 0,17,3
5397  6B03        IO   6B03
5398  0C54        JSR @84
5399  010E        JMP 14,PC   ; -> 53A7
539A  A438 0226   ELDA 0,0226   ; = 550
539C  2B09        LDA 1,9,3
539D  8E00        ADD 0,1
539E  C808        ADI 2,1
539F  4B1D        STA 1,29,3
53A0  271D        LDA 0,@29,3
53A1  AC38 3CC7   ELDA 1,3CC7   ; [3CC7] = 1
53A3  4B0D        STA 1,13,3
53A4  430C        STA 0,12,3
53A5  4B0E        STA 1,14,3
53A6  0104        JMP 4,PC   ; -> 53AA
53A7  2309        LDA 0,9,3
53A8  E008        ADI 3,0
53A9  4309        STA 0,9,3
53AA  6303        IO   6303
53AB  6B06        IO   6B06
53AC  0C54        JSR @84
53AD  0104        JMP 4,PC   ; -> 53B1
53AE  B438 3CC7   ELDA 2,3CC7   ; [3CC7] = 1
53B0  530D        STA 2,13,3
53B1  071E        JMP @30,3
53B2  230E        LDA 0,14,3
53B3  AC38 3CC7   ELDA 1,3CC7   ; [3CC7] = 1
53B5  8D0C        SUB# 0,1,SZR
53B6  0125        JMP 37,PC   ; -> 53DB
53B7  B438 0228   ELDA 2,0228   ; = 552
53B9  A438 0203   ELDA 0,0203   ; = 515
53BB  9600        ADD 0,2
53BC  531D        STA 2,29,3
53BD  3020        LDA 2,32
53BE  E438 3CBA   ELEF 0,3CBA   ; [3CBA] = 6
53C0  8648        PSH 0,0
53C1  6318        IO   6318
53C2  2B1D        LDA 1,29,3
53C3  0C3F        JSR @63
53C4  5020        STA 2,32
53C5  6B03        IO   6B03
53C6  0C5C        JSR @92
53C7  A438 0228   ELDA 0,0228   ; = 552
53C9  AC38 0203   ELDA 1,0203   ; = 515
53CB  8E00        ADD 0,1
53CC  C808        ADI 2,1
53CD  230C        LDA 0,12,3
53CE  4B1D        STA 1,29,3
53CF  471D        STA 0,@29,3
53D0  A438 0203   ELDA 0,0203   ; = 515
53D2  E008        ADI 3,0
53D3  C438 0203   ESTA 0,0203   ; = 515
53D5  6880        IO   6880
53D6  8A08        SGT 0,1
53D7  0104        JMP 4,PC   ; -> 53DB
53D8  8500        SUB 0,0
53D9  C438 0203   ESTA 0,0203   ; = 515
53DB  230E        LDA 0,14,3
53DC  AC38 3CC7   ELDA 1,3CC7   ; [3CC7] = 1
53DE  8D0C        SUB# 0,1,SZR
53DF  0121        JMP 33,PC   ; -> 5400
53E0  330C        LDA 2,12,3
53E1  8550        SUBZL 0,0
53E2  2F12        LDA 1,@18,3
53E3  530A        STA 2,10,3
53E4  8D0D        SUB# 0,1,SNR
53E5  0103        JMP 3,PC   ; -> 53E8
53E6  6802        IO   6802
53E7  4F12        STA 1,@18,3
53E8  3020        LDA 2,32
53E9  630A        IO   630A
53EA  6B1F        IO   6B1F
53EB  8E48        PSH 0,1
53EC  8C38 5856   EJSR 5856   ; [5856] = 59336
53EE  5020        STA 2,32
53EF  6009        IO   6009
53F0  2B1F        LDA 1,31,3
53F1  8D0C        SUB# 0,1,SZR
53F2  010D        JMP 13,PC   ; -> 53FF
53F3  230A        LDA 0,10,3
53F4  E7F8 EC78   ADDI EC78,0
53F6  431F        STA 0,31,3
53F7  2F12        LDA 1,@18,3
53F8  3315        LDA 2,21,3
53F9  CFC8        MULS
53FA  3317        LDA 2,23,3
53FB  B600        ADD 1,2
53FC  531F        STA 2,31,3
53FD  2200        LDA 0,0,2
53FE  430A        STA 0,10,3
53FF  0103        JMP 3,PC   ; -> 5402
5400  8400        ADC 0,0
5401  430A        STA 0,10,3
5402  230A        LDA 0,10,3
5403  AC38 0204   ELDA 1,0204   ; = 516
5405  AB00        INC 1,1
5406  4710        STA 0,@16,3
5407  CC38 0204   ESTA 1,0204   ; = 516
5409  0C63        JSR @99
540A  AFC8        RTN
540B  E7C8 0014   SAVE 20             ; frame
540D  0C42        JSR @66
540E  0001        JMP 1
540F  4307        STA 0,7,3
5410  0C42        JSR @66
5411  0002        JMP 2
5412  4308        STA 0,8,3
5413  B438 01B7   ELDA 2,01B7   ; = 439
5415  2AFD        LDA 1,-3,2
5416  32FB        LDA 2,-5,2
5417  5309        STA 2,9,3
5418  B438 01B7   ELDA 2,01B7   ; = 439
541A  32FE        LDA 2,-2,2
541B  4B0A        STA 1,10,3
541C  A900        NEG 1,1
541D  AB00        INC 1,1
541E  530B        STA 2,11,3
541F  B600        ADD 1,2
5420  8500        SUB 0,0
5421  4B0C        STA 1,12,3
5422  2B09        LDA 1,9,3
5423  CFC8        MULS
5424  230A        LDA 0,10,3
5425  4B0D        STA 1,13,3
5426  8E00        ADD 0,1
5427  A438 01B7   ELDA 0,01B7   ; = 439
5429  A500        SUB 1,0
542A  430E        STA 0,14,3
542B  2708        LDA 0,@8,3
542C  530F        STA 2,15,3
542D  9600        ADD 0,2
542E  230E        LDA 0,14,3
542F  9600        ADD 0,2
5430  230F        LDA 0,15,3
5431  8600        ADD 0,0
5432  4310        STA 0,16,3
5433  4B11        STA 1,17,3
5434  5312        STA 2,18,3
5435  A438 3CCF   ELDA 0,3CCF   ; [3CCF] = 0
5437  4306        STA 0,6,3
5438  4305        STA 0,5,3
5439  2200        LDA 0,0,2
543A  4303        STA 0,3,3
543B  820D        MOV# 0,0,SNR
543C  013C        JMP 60,PC   ; -> 5478
543D  2306        LDA 0,6,3
543E  AC38 3CD0   ELDA 1,3CD0   ; [3CD0] = 1
5440  A50D        SUB# 1,0,SNR
5441  0103        JMP 3,PC   ; -> 5444
5442  0903        JSR 3,PC   ; -> 5445
5443  01FA        JMP -6,PC   ; -> 543D
5444  0134        JMP 52,PC   ; -> 5478
5445  EA00        MOV 3,1
5446  3821        LDA 3,33
5447  4B13        STA 1,19,3
5448  2303        LDA 0,3,3
5449  C7F8 8000   ANDI 8000,0
544B  820D        MOV# 0,0,SNR
544C  0128        JMP 40,PC   ; -> 5474
544D  3303        LDA 2,3,3
544E  D7F8 7FFF   ANDI 7FFF,2
5450  5303        STA 2,3,3
5451  2310        LDA 0,16,3
5452  9600        ADD 0,2
5453  230E        LDA 0,14,3
5454  9600        ADD 0,2
5455  5314        STA 2,20,3
5456  2200        LDA 0,0,2
5457  4304        STA 0,4,3
5458  C7F8 0040   ANDI 0040,0
545A  820C        MOV# 0,0,SZR
545B  D501        SUB 2,2,SKP
545C  D550        SUBZL 2,2
545D  2304        LDA 0,4,3
545E  C7F8 0020   ANDI 0020,0
5460  5314        STA 2,20,3
5461  820C        MOV# 0,0,SZR
5462  D501        SUB 2,2,SKP
5463  D550        SUBZL 2,2
5464  2314        LDA 0,20,3
5465  9700        AND 0,2
5466  D20D        MOV# 2,2,SNR
5467  0104        JMP 4,PC   ; -> 546B
5468  A438 3CD0   ELDA 0,3CD0   ; [3CD0] = 1
546A  4305        STA 0,5,3
546B  2303        LDA 0,3,3
546C  2B0F        LDA 1,15,3
546D  8E00        ADD 0,1
546E  330E        LDA 2,14,3
546F  B600        ADD 1,2
5470  5314        STA 2,20,3
5471  2200        LDA 0,0,2
5472  4303        STA 0,3,3
5473  0104        JMP 4,PC   ; -> 5477
5474  A438 3CD0   ELDA 0,3CD0   ; [3CD0] = 1
5476  4306        STA 0,6,3
5477  0713        JMP @19,3
5478  2305        LDA 0,5,3
5479  AC38 3CD0   ELDA 1,3CD0   ; [3CD0] = 1
547B  8D0C        SUB# 0,1,SZR
547C  0106        JMP 6,PC   ; -> 5482
547D  8500        SUB 0,0
547E  D400        ADC 2,2
547F  2B03        LDA 1,3,3
5480  CFC8        MULS
5481  4B03        STA 1,3,3
5482  2303        LDA 0,3,3
5483  4707        STA 0,@7,3
5484  AFC8        RTN
5485  E7C8 001C   SAVE 28             ; frame
5487  0C42        JSR @66
5488  0001        JMP 1
5489  430C        STA 0,12,3
548A  B438 01B1   ELDA 2,01B1   ; = 433
548C  2AFD        LDA 1,-3,2
548D  B500        SUB 1,2
548E  530D        STA 2,13,3
548F  B008        ADI 1,2
5490  530E        STA 2,14,3
5491  B438 01AF   ELDA 2,01AF   ; = 431
5493  32FD        LDA 2,-3,2
5494  4B0F        STA 1,15,3
5495  CA00        MOV 2,1
5496  A200        MOV 1,0
5497  AE00        ADD 1,1
5498  8E00        ADD 0,1
5499  A438 01AF   ELDA 0,01AF   ; = 431
549B  A500        SUB 1,0
549C  B438 01B7   ELDA 2,01B7   ; = 439
549E  32FD        LDA 2,-3,2
549F  5310        STA 2,16,3
54A0  B438 01B7   ELDA 2,01B7   ; = 439
54A2  32FB        LDA 2,-5,2
54A3  5311        STA 2,17,3
54A4  B438 01B7   ELDA 2,01B7   ; = 439
54A6  32FE        LDA 2,-2,2
54A7  4312        STA 0,18,3
54A8  2310        LDA 0,16,3
54A9  8100        NEG 0,0
54AA  8300        INC 0,0
54AB  5313        STA 2,19,3
54AC  9600        ADD 0,2
54AD  4314        STA 0,20,3
54AE  8500        SUB 0,0
54AF  2B11        LDA 1,17,3
54B0  CFC8        MULS
54B1  2310        LDA 0,16,3
54B2  4B15        STA 1,21,3
54B3  8E00        ADD 0,1
54B4  A438 01B7   ELDA 0,01B7   ; = 439
54B6  A500        SUB 1,0
54B7  5316        STA 2,22,3
54B8  D600        ADD 2,2
54B9  4317        STA 0,23,3
54BA  4B18        STA 1,24,3
54BB  5319        STA 2,25,3
54BC  0101        JMP 1,PC   ; -> 54BD
54BD  270C        LDA 0,@12,3
54BE  F438 3CF0   ELEF 2,3CF0   ; [3CF0] = 21710
54C0  0C5A        JSR @90
54C1  D00C        COM# 2,2,SZR
54C2  0A00        JSR 0,2
54C3  3020        LDA 2,32
54C4  E438 3CD7   ELEF 0,3CD7   ; -> "CMD1" (len 4)
54C6  EC38 3CD6   ELEF 1,3CD6   ; [3CD6] = 34
54C8  8E48        PSH 0,1
54C9  8C38 5DBE   EJSR 5DBE   ; [5DBE] = 59336
54CB  5020        STA 2,32
54CC  8538 01A6   EJMP 01A6,PC   ; -> 5673
54CE  8500        SUB 0,0
54CF  AC38 3CDE   ELDA 1,3CDE   ; [3CDE] = 0
54D1  F438 0AF1   ELEF 2,0AF1   ; [0AF1] = 0
54D3  3821        LDA 3,33
54D4  4307        STA 0,7,3
54D5  270E        LDA 0,@14,3
54D6  C50C        SUB# 2,0,SZR
54D7  D501        SUB 2,2,SKP
54D8  D550        SUBZL 2,2
54D9  530A        STA 2,10,3
54DA  4B08        STA 1,8,3
54DB  D20D        MOV# 2,2,SNR
54DC  0111        JMP 17,PC   ; -> 54ED
54DD  3020        LDA 2,32
54DE  E438 01DE   ELEF 0,01DE   ; = 478
54E0  EC38 01D5   ELEF 1,01D5   ; = 469
54E2  8E48        PSH 0,1
54E3  E438 3CDF   ELEF 0,3CDF   ; [3CDF] = 2
54E5  6B1A        IO   6B1A
54E6  8E48        PSH 0,1
54E7  8C38 606D   EJSR 606D   ; [606D] = 59336
54E9  5020        STA 2,32
54EA  231A        LDA 0,26,3
54EB  4309        STA 0,9,3
54EC  0110        JMP 16,PC   ; -> 54FC
54ED  3020        LDA 2,32
54EE  E438 01D5   ELEF 0,01D5   ; = 469
54F0  EC38 01DE   ELEF 1,01DE   ; = 478
54F2  8E48        PSH 0,1
54F3  E438 3CDF   ELEF 0,3CDF   ; [3CDF] = 2
54F5  6B1A        IO   6B1A
54F6  8E48        PSH 0,1
54F7  8C38 63A9   EJSR 63A9   ; [63A9] = 59336
54F9  5020        STA 2,32
54FA  231A        LDA 0,26,3
54FB  4309        STA 0,9,3
54FC  6002        IO   6002
54FD  2B09        LDA 1,9,3
54FE  B438 3CDE   ELDA 2,3CDE   ; [3CDE] = 0
5500  4303        STA 0,3,3
5501  CD0D        SUB# 2,1,SNR
5502  0103        JMP 3,PC   ; -> 5505
5503  8538 0080   EJMP 0080,PC   ; -> 5584
5505  2308        LDA 0,8,3
5506  AC38 3CE1   ELDA 1,3CE1   ; [3CE1] = 1
5508  A50D        SUB# 1,0,SNR
5509  0103        JMP 3,PC   ; -> 550C
550A  0904        JSR 4,PC   ; -> 550E
550B  01FA        JMP -6,PC   ; -> 5505
550C  8538 0077   EJMP 0077,PC   ; -> 5584
550E  EA00        MOV 3,1
550F  3821        LDA 3,33
5510  4B1A        STA 1,26,3
5511  3303        LDA 2,3,3
5512  230D        LDA 0,13,3
5513  9600        ADD 0,2
5514  531B        STA 2,27,3
5515  2200        LDA 0,0,2
5516  4304        STA 0,4,3
5517  3020        LDA 2,32
5518  6304        IO   6304
5519  6B1B        IO   6B1B
551A  8E48        PSH 0,1
551B  8C38 540B   EJSR 540B   ; [540B] = 59336
551D  5020        STA 2,32
551E  A438 01D5   ELDA 0,01D5   ; = 469
5520  2B1B        LDA 1,27,3
5521  8D0D        SUB# 0,1,SNR
5522  0123        JMP 35,PC   ; -> 5545
5523  A438 3CE1   ELDA 0,3CE1   ; [3CE1] = 1
5525  4309        STA 0,9,3
5526  4308        STA 0,8,3
5527  6304        IO   6304
5528  6B1B        IO   6B1B
5529  8E48        PSH 0,1
552A  8C38 540B   EJSR 540B   ; [540B] = 59336
552C  5020        STA 2,32
552D  231B        LDA 0,27,3
552E  820C        MOV# 0,0,SZR
552F  0108        JMP 8,PC   ; -> 5537
5530  EC38 3CE2   ELEF 1,3CE2   ; [3CE2] = 3
5532  AE48        PSH 1,1
5533  8C38 5D26   EJSR 5D26   ; [5D26] = 59336
5535  5020        STA 2,32
5536  010E        JMP 14,PC   ; -> 5544
5537  2312        LDA 0,18,3
5538  2B03        LDA 1,3,3
5539  A600        ADD 1,0
553A  AE00        ADD 1,1
553B  8E00        ADD 0,1
553C  3020        LDA 2,32
553D  A200        MOV 1,0
553E  EC38 3CDF   ELEF 1,3CDF   ; [3CDF] = 2
5540  8E48        PSH 0,1
5541  8C38 5DBE   EJSR 5DBE   ; [5DBE] = 59336
5543  5020        STA 2,32
5544  0135        JMP 53,PC   ; -> 5579
5545  2304        LDA 0,4,3
5546  2B19        LDA 1,25,3
5547  8E00        ADD 0,1
5548  3317        LDA 2,23,3
5549  B600        ADD 1,2
554A  531B        STA 2,27,3
554B  2200        LDA 0,0,2
554C  C7F8 000F   ANDI 000F,0
554E  330A        LDA 2,10,3
554F  4305        STA 0,5,3
5550  D20C        MOV# 2,2,SZR
5551  0117        JMP 23,PC   ; -> 5568
5552  820C        MOV# 0,0,SZR
5553  0115        JMP 21,PC   ; -> 5568
5554  A438 3CE1   ELDA 0,3CE1   ; [3CE1] = 1
5556  4309        STA 0,9,3
5557  4308        STA 0,8,3
5558  3020        LDA 2,32
5559  6304        IO   6304
555A  6B1B        IO   6B1B
555B  8E48        PSH 0,1
555C  8C38 5F8B   EJSR 5F8B   ; [5F8B] = 59336
555E  5020        STA 2,32
555F  231B        LDA 0,27,3
5560  E7F8 00C0   ADDI 00C0,0
5562  431C        STA 0,28,3
5563  6B1C        IO   6B1C
5564  AE48        PSH 1,1
5565  8C38 5D26   EJSR 5D26   ; [5D26] = 59336
5567  5020        STA 2,32
5568  2304        LDA 0,4,3
5569  2B19        LDA 1,25,3
556A  8E00        ADD 0,1
556B  3317        LDA 2,23,3
556C  B600        ADD 1,2
556D  531B        STA 2,27,3
556E  2200        LDA 0,0,2
556F  C7F8 0100   ANDI 0100,0
5571  820D        MOV# 0,0,SNR
5572  0103        JMP 3,PC   ; -> 5575
5573  D500        SUB 2,2
5574  5305        STA 2,5,3
5575  2305        LDA 0,5,3
5576  2B07        LDA 1,7,3
5577  8E00        ADD 0,1
5578  4B07        STA 1,7,3
5579  2303        LDA 0,3,3
557A  8300        INC 0,0
557B  4303        STA 0,3,3
557C  AC38 01DE   ELDA 1,01DE   ; = 478
557E  8A08        SGT 0,1
557F  0104        JMP 4,PC   ; -> 5583
5580  B438 3CE1   ELDA 2,3CE1   ; [3CE1] = 1
5582  5308        STA 2,8,3
5583  071A        JMP @26,3
5584  A438 01D8   ELDA 0,01D8   ; = 472
5586  2B07        LDA 1,7,3
5587  8E00        ADD 0,1
5588  B438 01D9   ELDA 2,01D9   ; = 473
558A  B208        SGT 1,2
558B  010B        JMP 11,PC   ; -> 5596
558C  A438 3CE1   ELDA 0,3CE1   ; [3CE1] = 1
558E  4309        STA 0,9,3
558F  3020        LDA 2,32
5590  E438 3CE6   ELEF 0,3CE6   ; [3CE6] = 296
5592  8648        PSH 0,0
5593  8C38 5D26   EJSR 5D26   ; [5D26] = 59336
5595  5020        STA 2,32
5596  A438 3CDE   ELDA 0,3CDE   ; [3CDE] = 0
5598  2B09        LDA 1,9,3
5599  430B        STA 0,11,3
559A  A50C        SUB# 1,0,SZR
559B  0133        JMP 51,PC   ; -> 55CE
559C  7002        IO   7002
559D  5303        STA 2,3,3
559E  2303        LDA 0,3,3
559F  AC38 01DE   ELDA 1,01DE   ; = 478
55A1  A248        SGE 1,0
55A2  0115        JMP 21,PC   ; -> 55B7
55A3  330D        LDA 2,13,3
55A4  9600        ADD 0,2
55A5  531B        STA 2,27,3
55A6  3020        LDA 2,32
55A7  630A        IO   630A
55A8  8648        PSH 0,0
55A9  231B        LDA 0,27,3
55AA  6B1C        IO   6B1C
55AB  8E48        PSH 0,1
55AC  8C38 618E   EJSR 618E   ; [618E] = 59336
55AE  5020        STA 2,32
55AF  230B        LDA 0,11,3
55B0  2B1C        LDA 1,28,3
55B1  8908        IOR 0,1
55B2  2303        LDA 0,3,3
55B3  8300        INC 0,0
55B4  4303        STA 0,3,3
55B5  4B0B        STA 1,11,3
55B6  01E8        JMP -24,PC   ; -> 559E
55B7  230B        LDA 0,11,3
55B8  AC38 3CE1   ELDA 1,3CE1   ; [3CE1] = 1
55BA  8D0C        SUB# 0,1,SZR
55BB  0109        JMP 9,PC   ; -> 55C4
55BC  3020        LDA 2,32
55BD  E438 3CE7   ELEF 0,3CE7   ; [3CE7] = 37
55BF  8648        PSH 0,0
55C0  8C38 5D26   EJSR 5D26   ; [5D26] = 59336
55C2  5020        STA 2,32
55C3  010B        JMP 11,PC   ; -> 55CE
55C4  330A        LDA 2,10,3
55C5  D20D        MOV# 2,2,SNR
55C6  0108        JMP 8,PC   ; -> 55CE
55C7  3020        LDA 2,32
55C8  E438 3CE8   ELEF 0,3CE8   ; [3CE8] = 71
55CA  8648        PSH 0,0
55CB  8C38 5D26   EJSR 5D26   ; [5D26] = 59336
55CD  5020        STA 2,32
55CE  8538 00A4   EJMP 00A4,PC   ; -> 5673
55D0  A438 3CDE   ELDA 0,3CDE   ; [3CDE] = 0
55D2  EC38 0AF1   ELEF 1,0AF1   ; [0AF1] = 0
55D4  3821        LDA 3,33
55D5  370E        LDA 2,@14,3
55D6  430B        STA 0,11,3
55D7  B50C        SUB# 1,2,SZR
55D8  0111        JMP 17,PC   ; -> 55E9
55D9  3020        LDA 2,32
55DA  E438 01DE   ELEF 0,01DE   ; = 478
55DC  EC38 3CDD   ELEF 1,3CDD   ; [3CDD] = 0
55DE  8E48        PSH 0,1
55DF  E438 3CDF   ELEF 0,3CDF   ; [3CDF] = 2
55E1  6B1B        IO   6B1B
55E2  8E48        PSH 0,1
55E3  8C38 606D   EJSR 606D   ; [606D] = 59336
55E5  5020        STA 2,32
55E6  231B        LDA 0,27,3
55E7  4309        STA 0,9,3
55E8  0110        JMP 16,PC   ; -> 55F8
55E9  3020        LDA 2,32
55EA  E438 3CDD   ELEF 0,3CDD   ; [3CDD] = 0
55EC  EC38 01DE   ELEF 1,01DE   ; = 478
55EE  8E48        PSH 0,1
55EF  E438 3CDF   ELEF 0,3CDF   ; [3CDF] = 2
55F1  6B1B        IO   6B1B
55F2  8E48        PSH 0,1
55F3  8C38 63A9   EJSR 63A9   ; [63A9] = 59336
55F5  5020        STA 2,32
55F6  231B        LDA 0,27,3
55F7  4309        STA 0,9,3
55F8  A438 01E6   ELDA 0,01E6   ; = 486
55FA  820C        MOV# 0,0,SZR
55FB  0104        JMP 4,PC   ; -> 55FF
55FC  F438 01D5   ELEF 2,01D5   ; = 469
55FE  010D        JMP 13,PC   ; -> 560B
55FF  3020        LDA 2,32
5600  E438 3CE9   ELEF 0,3CE9   ; [3CE9] = 45
5602  8648        PSH 0,0
5603  E438 3CDF   ELEF 0,3CDF   ; [3CDF] = 2
5605  6B1B        IO   6B1B
5606  8E48        PSH 0,1
5607  8C38 5FDF   EJSR 5FDF   ; [5FDF] = 59336
5609  5020        STA 2,32
560A  731B        IO   731B
560B  531C        STA 2,28,3
560C  2200        LDA 0,0,2
560D  2B09        LDA 1,9,3
560E  B438 3CDE   ELDA 2,3CDE   ; [3CDE] = 0
5610  4304        STA 0,4,3
5611  B50C        SUB# 1,2,SZR
5612  011C        JMP 28,PC   ; -> 562E
5613  6002        IO   6002
5614  4303        STA 0,3,3
5615  2303        LDA 0,3,3
5616  AC38 01DE   ELDA 1,01DE   ; = 478
5618  A248        SGE 1,0
5619  0115        JMP 21,PC   ; -> 562E
561A  330D        LDA 2,13,3
561B  9600        ADD 0,2
561C  531B        STA 2,27,3
561D  3020        LDA 2,32
561E  6304        IO   6304
561F  8648        PSH 0,0
5620  231B        LDA 0,27,3
5621  6B1C        IO   6B1C
5622  8E48        PSH 0,1
5623  8C38 6470   EJSR 6470   ; [6470] = 59336
5625  5020        STA 2,32
5626  230B        LDA 0,11,3
5627  2B1C        LDA 1,28,3
5628  8908        IOR 0,1
5629  2303        LDA 0,3,3
562A  8300        INC 0,0
562B  4303        STA 0,3,3
562C  4B0B        STA 1,11,3
562D  01E8        JMP -24,PC   ; -> 5615
562E  230B        LDA 0,11,3
562F  AC38 3CE1   ELDA 1,3CE1   ; [3CE1] = 1
5631  8D0C        SUB# 0,1,SZR
5632  0117        JMP 23,PC   ; -> 5649
5633  B438 01E6   ELDA 2,01E6   ; = 486
5635  D20C        MOV# 2,2,SZR
5636  D501        SUB 2,2,SKP
5637  D550        SUBZL 2,2
5638  D20D        MOV# 2,2,SNR
5639  0109        JMP 9,PC   ; -> 5642
563A  3020        LDA 2,32
563B  E438 3CEA   ELEF 0,3CEA   ; [3CEA] = 38
563D  8648        PSH 0,0
563E  8C38 5D26   EJSR 5D26   ; [5D26] = 59336
5640  5020        STA 2,32
5641  0108        JMP 8,PC   ; -> 5649
5642  3020        LDA 2,32
5643  E438 3CEB   ELEF 0,3CEB   ; [3CEB] = 92
5645  8648        PSH 0,0
5646  8C38 5D26   EJSR 5D26   ; [5D26] = 59336
5648  5020        STA 2,32
5649  012A        JMP 42,PC   ; -> 5673
564A  E438 0AF9   ELEF 0,0AF9   ; [0AF9] = 0
564C  3821        LDA 3,33
564D  2F0E        LDA 1,@14,3
564E  8D0D        SUB# 0,1,SNR
564F  0109        JMP 9,PC   ; -> 5658
5650  3020        LDA 2,32
5651  E438 3CED   ELEF 0,3CED   ; [3CED] = 54
5653  8648        PSH 0,0
5654  8C38 5D26   EJSR 5D26   ; [5D26] = 59336
5656  5020        STA 2,32
5657  011B        JMP 27,PC   ; -> 5672
5658  6003        IO   6003
5659  4303        STA 0,3,3
565A  2303        LDA 0,3,3
565B  AC38 01DE   ELDA 1,01DE   ; = 478
565D  A248        SGE 1,0
565E  010D        JMP 13,PC   ; -> 566B
565F  330D        LDA 2,13,3
5660  9600        ADD 0,2
5661  8048        SBI 0,0
5662  531B        STA 2,27,3
5663  330D        LDA 2,13,3
5664  9600        ADD 0,2
5665  271B        LDA 0,@27,3
5666  4200        STA 0,0,2
5667  2303        LDA 0,3,3
5668  8300        INC 0,0
5669  4303        STA 0,3,3
566A  01F0        JMP -16,PC   ; -> 565A
566B  A438 01DE   ELDA 0,01DE   ; = 478
566D  8048        SBI 0,0
566E  C438 01DE   ESTA 0,01DE   ; = 478
5670  8538 7E5D   EJMP 7E5D,PC   ; -> 54CE
5672  0101        JMP 1,PC   ; -> 5673
5673  AFC8        RTN
5674  E7C8 002F   SAVE 47             ; frame
5676  0C42        JSR @66
5677  0001        JMP 1
5678  430C        STA 0,12,3
5679  0C42        JSR @66
567A  0002        JMP 2
567B  430D        STA 0,13,3
567C  0C42        JSR @66
567D  0003        JMP 3
567E  430E        STA 0,14,3
567F  0C42        JSR @66
5680  0004        JMP 4
5681  430F        STA 0,15,3
5682  B438 01B1   ELDA 2,01B1   ; = 433
5684  2AFD        LDA 1,-3,2
5685  B500        SUB 1,2
5686  270D        LDA 0,@13,3
5687  5310        STA 2,16,3
5688  9600        ADD 0,2
5689  5311        STA 2,17,3
568A  B438 01AF   ELDA 2,01AF   ; = 431
568C  32FD        LDA 2,-3,2
568D  4B12        STA 1,18,3
568E  CA00        MOV 2,1
568F  A200        MOV 1,0
5690  AE00        ADD 1,1
5691  8E00        ADD 0,1
5692  4313        STA 0,19,3
5693  A438 01AF   ELDA 0,01AF   ; = 431
5695  A500        SUB 1,0
5696  B438 01B8   ELDA 2,01B8   ; = 440
5698  32FD        LDA 2,-3,2
5699  5314        STA 2,20,3
569A  B438 01B8   ELDA 2,01B8   ; = 440
569C  32FB        LDA 2,-5,2
569D  5315        STA 2,21,3
569E  B438 01B8   ELDA 2,01B8   ; = 440
56A0  32FE        LDA 2,-2,2
56A1  4316        STA 0,22,3
56A2  2314        LDA 0,20,3
56A3  8100        NEG 0,0
56A4  8300        INC 0,0
56A5  5317        STA 2,23,3
56A6  9600        ADD 0,2
56A7  4318        STA 0,24,3
56A8  8500        SUB 0,0
56A9  4B19        STA 1,25,3
56AA  2B15        LDA 1,21,3
56AB  CFC8        MULS
56AC  2314        LDA 0,20,3
56AD  4B1A        STA 1,26,3
56AE  8E00        ADD 0,1
56AF  A438 01B8   ELDA 0,01B8   ; = 440
56B1  A500        SUB 1,0
56B2  531B        STA 2,27,3
56B3  D600        ADD 2,2
56B4  531C        STA 2,28,3
56B5  B438 01B7   ELDA 2,01B7   ; = 439
56B7  32FD        LDA 2,-3,2
56B8  531D        STA 2,29,3
56B9  B438 01B7   ELDA 2,01B7   ; = 439
56BB  32FB        LDA 2,-5,2
56BC  531E        STA 2,30,3
56BD  B438 01B7   ELDA 2,01B7   ; = 439
56BF  32FE        LDA 2,-2,2
56C0  431F        STA 0,31,3
56C1  231D        LDA 0,29,3
56C2  8100        NEG 0,0
56C3  8300        INC 0,0
56C4  5320        STA 2,32,3
56C5  9600        ADD 0,2
56C6  4321        STA 0,33,3
56C7  8500        SUB 0,0
56C8  4B22        STA 1,34,3
56C9  2B1E        LDA 1,30,3
56CA  CFC8        MULS
56CB  231D        LDA 0,29,3
56CC  4B23        STA 1,35,3
56CD  8E00        ADD 0,1
56CE  A438 01B7   ELDA 0,01B7   ; = 439
56D0  A500        SUB 1,0
56D1  4B24        STA 1,36,3
56D2  CA00        MOV 2,1
56D3  4325        STA 0,37,3
56D4  A200        MOV 1,0
56D5  AE00        ADD 1,1
56D6  8E00        ADD 0,1
56D7  4326        STA 0,38,3
56D8  4B27        STA 1,39,3
56D9  2711        LDA 0,@17,3
56DA  4303        STA 0,3,3
56DB  820C        MOV# 0,0,SZR
56DC  0106        JMP 6,PC   ; -> 56E2
56DD  8500        SUB 0,0
56DE  C048        SBI 2,0
56DF  4305        STA 0,5,3
56E0  8538 0108   EJMP 0108,PC   ; -> 57E9
56E2  2316        LDA 0,22,3
56E3  2F0D        LDA 1,@13,3
56E4  A600        ADD 1,0
56E5  AE00        ADD 1,1
56E6  8E00        ADD 0,1
56E7  E438 021D   ELEF 0,021D   ; = 541
56E9  0C5C        JSR @92
56EA  370D        LDA 2,@13,3
56EB  D438 01DB   ESTA 2,01DB   ; = 475
56ED  3020        LDA 2,32
56EE  6303        IO   6303
56EF  6B28        IO   6B28
56F0  8E48        PSH 0,1
56F1  8C38 5856   EJSR 5856   ; [5856] = 59336
56F3  5020        STA 2,32
56F4  2328        LDA 0,40,3
56F5  4306        STA 0,6,3
56F6  6808        IO   6808
56F7  A50C        SUB# 1,0,SZR
56F8  D501        SUB 2,2,SKP
56F9  D550        SUBZL 2,2
56FA  6807        IO   6807
56FB  5328        STA 2,40,3
56FC  A50C        SUB# 1,0,SZR
56FD  D501        SUB 2,2,SKP
56FE  D550        SUBZL 2,2
56FF  2328        LDA 0,40,3
5700  9108        IOR 0,2
5701  D20D        MOV# 2,2,SNR
5702  0106        JMP 6,PC   ; -> 5708
5703  8500        SUB 0,0
5704  E048        SBI 3,0
5705  4305        STA 0,5,3
5706  8538 00E2   EJMP 00E2,PC   ; -> 57E9
5708  6005        IO   6005
5709  2B06        LDA 1,6,3
570A  8D0C        SUB# 0,1,SZR
570B  0107        JMP 7,PC   ; -> 5712
570C  3303        LDA 2,3,3
570D  F7F8 FA24   ADDI FA24,2
570F  5305        STA 2,5,3
5710  8538 00D8   EJMP 00D8,PC   ; -> 57E9
5712  6004        IO   6004
5713  2B06        LDA 1,6,3
5714  A50D        SUB# 1,0,SNR
5715  0103        JMP 3,PC   ; -> 5718
5716  8538 0087   EJMP 0087,PC   ; -> 579E
5718  2316        LDA 0,22,3
5719  2F0D        LDA 1,@13,3
571A  A600        ADD 1,0
571B  AE00        ADD 1,1
571C  8E00        ADD 0,1
571D  0C62        JSR @98
571E  3020        LDA 2,32
571F  E438 3CFB   ELEF 0,3CFB   ; -> " " (len 1)
5721  8648        PSH 0,0
5722  A200        MOV 1,0
5723  6B29        IO   6B29
5724  0C40        JSR @64
5725  5020        STA 2,32
5726  270D        LDA 0,@13,3
5727  8300        INC 0,0
5728  8A00        MOV 0,1
5729  AE00        ADD 1,1
572A  8E00        ADD 0,1
572B  3316        LDA 2,22,3
572C  B600        ADD 1,2
572D  4328        STA 0,40,3
572E  532C        STA 2,44,3
572F  3020        LDA 2,32
5730  232C        LDA 0,44,3
5731  8648        PSH 0,0
5732  6329        IO   6329
5733  6B2D        IO   6B2D
5734  0C40        JSR @64
5735  5020        STA 2,32
5736  E438 021D   ELEF 0,021D   ; = 541
5738  0C5C        JSR @92
5739  0C63        JSR @99
573A  2328        LDA 0,40,3
573B  C438 01DB   ESTA 0,01DB   ; = 475
573D  3310        LDA 2,16,3
573E  9600        ADD 0,2
573F  5328        STA 2,40,3
5740  2A00        LDA 1,0,2
5741  4B0B        STA 1,11,3
5742  AA0C        MOV# 1,1,SZR
5743  0106        JMP 6,PC   ; -> 5749
5744  D500        SUB 2,2
5745  D048        SBI 2,2
5746  5305        STA 2,5,3
5747  8538 0055   EJMP 0055,PC   ; -> 579D
5749  3020        LDA 2,32
574A  630B        IO   630B
574B  6B28        IO   6B28
574C  8E48        PSH 0,1
574D  8C38 5856   EJSR 5856   ; [5856] = 59336
574F  5020        STA 2,32
5750  6006        IO   6006
5751  2B28        LDA 1,40,3
5752  8D0C        SUB# 0,1,SZR
5753  0134        JMP 52,PC   ; -> 5787
5754  230B        LDA 0,11,3
5755  E7F8 F63C   ADDI F63C,0
5757  430A        STA 0,10,3
5758  2B1B        LDA 1,27,3
5759  8E00        ADD 0,1
575A  331F        LDA 2,31,3
575B  B600        ADD 1,2
575C  5328        STA 2,40,3
575D  2200        LDA 0,0,2
575E  D450        ADCZL 2,2
575F  4307        STA 0,7,3
5760  230A        LDA 0,10,3
5761  2B1C        LDA 1,28,3
5762  8E00        ADD 0,1
5763  5305        STA 2,5,3
5764  331F        LDA 2,31,3
5765  B600        ADD 1,2
5766  5328        STA 2,40,3
5767  2200        LDA 0,0,2
5768  D500        SUB 2,2
5769  4308        STA 0,8,3
576A  5309        STA 2,9,3
576B  2308        LDA 0,8,3
576C  8048        SBI 0,0
576D  2B09        LDA 1,9,3
576E  8A48        SGE 0,1
576F  0117        JMP 23,PC   ; -> 5786
5770  3307        LDA 2,7,3
5771  B600        ADD 1,2
5772  2327        LDA 0,39,3
5773  9600        ADD 0,2
5774  2325        LDA 0,37,3
5775  9600        ADD 0,2
5776  5328        STA 2,40,3
5777  2200        LDA 0,0,2
5778  C7F8 01FF   ANDI 01FF,0
577A  3303        LDA 2,3,3
577B  F7F8 FE0C   ADDI FE0C,2
577D  950C        SUB# 0,2,SZR
577E  0104        JMP 4,PC   ; -> 5782
577F  2307        LDA 0,7,3
5780  A600        ADD 1,0
5781  4305        STA 0,5,3
5782  2309        LDA 0,9,3
5783  8300        INC 0,0
5784  4309        STA 0,9,3
5785  01E6        JMP -26,PC   ; -> 576B
5786  0117        JMP 23,PC   ; -> 579D
5787  230B        LDA 0,11,3
5788  E7F8 FA24   ADDI FA24,0
578A  430A        STA 0,10,3
578B  2B03        LDA 1,3,3
578C  EFF8 FE0C   ADDI FE0C,1
578E  3327        LDA 2,39,3
578F  9600        ADD 0,2
5790  2325        LDA 0,37,3
5791  9600        ADD 0,2
5792  5328        STA 2,40,3
5793  2200        LDA 0,0,2
5794  C7F8 01FF   ANDI 01FF,0
5796  A50D        SUB# 1,0,SNR
5797  0104        JMP 4,PC   ; -> 579B
5798  D450        ADCZL 2,2
5799  5305        STA 2,5,3
579A  0103        JMP 3,PC   ; -> 579D
579B  230A        LDA 0,10,3
579C  4305        STA 0,5,3
579D  014C        JMP 76,PC   ; -> 57E9
579E  6006        IO   6006
579F  2B06        LDA 1,6,3
57A0  8D0C        SUB# 0,1,SZR
57A1  0145        JMP 69,PC   ; -> 57E6
57A2  D500        SUB 2,2
57A3  2303        LDA 0,3,3
57A4  E7F8 F63C   ADDI F63C,0
57A6  430A        STA 0,10,3
57A7  2B1C        LDA 1,28,3
57A8  8E00        ADD 0,1
57A9  5304        STA 2,4,3
57AA  331F        LDA 2,31,3
57AB  B600        ADD 1,2
57AC  5328        STA 2,40,3
57AD  2200        LDA 0,0,2
57AE  330A        LDA 2,10,3
57AF  4308        STA 0,8,3
57B0  231B        LDA 0,27,3
57B1  9600        ADD 0,2
57B2  231F        LDA 0,31,3
57B3  9600        ADD 0,2
57B4  5328        STA 2,40,3
57B5  2200        LDA 0,0,2
57B6  D500        SUB 2,2
57B7  4307        STA 0,7,3
57B8  5309        STA 2,9,3
57B9  2308        LDA 0,8,3
57BA  8048        SBI 0,0
57BB  2B09        LDA 1,9,3
57BC  8A48        SGE 0,1
57BD  011D        JMP 29,PC   ; -> 57DA
57BE  3307        LDA 2,7,3
57BF  B600        ADD 1,2
57C0  5328        STA 2,40,3
57C1  3020        LDA 2,32
57C2  6328        IO   6328
57C3  6B2C        IO   6B2C
57C4  8E48        PSH 0,1
57C5  8C38 540B   EJSR 540B   ; [540B] = 59336
57C7  5020        STA 2,32
57C8  270E        LDA 0,@14,3
57C9  2B2C        LDA 1,44,3
57CA  8D0C        SUB# 0,1,SZR
57CB  010B        JMP 11,PC   ; -> 57D6
57CC  2304        LDA 0,4,3
57CD  8300        INC 0,0
57CE  4304        STA 0,4,3
57CF  AD50        SUBZL 1,1
57D0  A50C        SUB# 1,0,SZR
57D1  0105        JMP 5,PC   ; -> 57D6
57D2  2309        LDA 0,9,3
57D3  2B07        LDA 1,7,3
57D4  8E00        ADD 0,1
57D5  4B05        STA 1,5,3
57D6  2309        LDA 0,9,3
57D7  8300        INC 0,0
57D8  4309        STA 0,9,3
57D9  01E0        JMP -32,PC   ; -> 57B9
57DA  2304        LDA 0,4,3
57DB  820C        MOV# 0,0,SZR
57DC  0103        JMP 3,PC   ; -> 57DF
57DD  AD00        SUB 1,1
57DE  4B05        STA 1,5,3
57DF  2304        LDA 0,4,3
57E0  AD50        SUBZL 1,1
57E1  8A08        SGT 0,1
57E2  0103        JMP 3,PC   ; -> 57E5
57E3  D400        ADC 2,2
57E4  5305        STA 2,5,3
57E5  0104        JMP 4,PC   ; -> 57E9
57E6  8500        SUB 0,0
57E7  C048        SBI 2,0
57E8  4305        STA 0,5,3
57E9  8550        SUBZL 0,0
57EA  2F0F        LDA 1,@15,3
57EB  A50D        SUB# 1,0,SNR
57EC  0103        JMP 3,PC   ; -> 57EF
57ED  8538 0065   EJMP 0065,PC   ; -> 5853
57EF  3305        LDA 2,5,3
57F0  8500        SUB 0,0
57F1  E048        SBI 3,0
57F2  C50C        SUB# 2,0,SZR
57F3  0115        JMP 21,PC   ; -> 5808
57F4  3020        LDA 2,32
57F5  E438 3D07   ELEF 0,3D07   ; [3D07] = 2
57F7  8648        PSH 0,0
57F8  E438 3D02   ELEF 0,3D02   ; [3D02] = 0
57FA  6B28        IO   6B28
57FB  8E48        PSH 0,1
57FC  8C38 5F68   EJSR 5F68   ; [5F68] = 59336
57FE  5020        STA 2,32
57FF  2328        LDA 0,40,3
5800  E7F8 00AB   ADDI 00AB,0
5802  432C        STA 0,44,3
5803  6B2C        IO   6B2C
5804  AE48        PSH 1,1
5805  8C38 5D26   EJSR 5D26   ; [5D26] = 59336
5807  5020        STA 2,32
5808  2305        LDA 0,5,3
5809  AD00        SUB 1,1
580A  C848        SBI 2,1
580B  8D0C        SUB# 0,1,SZR
580C  0108        JMP 8,PC   ; -> 5814
580D  3020        LDA 2,32
580E  E438 3D09   ELEF 0,3D09   ; [3D09] = 19
5810  8648        PSH 0,0
5811  8C38 5D26   EJSR 5D26   ; [5D26] = 59336
5813  5020        STA 2,32
5814  2305        LDA 0,5,3
5815  AC50        ADCZL 1,1
5816  8D0C        SUB# 0,1,SZR
5817  0115        JMP 21,PC   ; -> 582C
5818  370E        LDA 2,@14,3
5819  D20C        MOV# 2,2,SZR
581A  0109        JMP 9,PC   ; -> 5823
581B  3020        LDA 2,32
581C  E438 3CFF   ELEF 0,3CFF   ; [3CFF] = 6
581E  8648        PSH 0,0
581F  8C38 5D26   EJSR 5D26   ; [5D26] = 59336
5821  5020        STA 2,32
5822  010A        JMP 10,PC   ; -> 582C
5823  3020        LDA 2,32
5824  E438 021D   ELEF 0,021D   ; = 541
5826  EC38 3D07   ELEF 1,3D07   ; [3D07] = 2
5828  8E48        PSH 0,1
5829  8C38 5DBE   EJSR 5DBE   ; [5DBE] = 59336
582B  5020        STA 2,32
582C  8400        ADC 0,0
582D  2B05        LDA 1,5,3
582E  8D0C        SUB# 0,1,SZR
582F  010A        JMP 10,PC   ; -> 5839
5830  3020        LDA 2,32
5831  E438 021D   ELEF 0,021D   ; = 541
5833  EC38 3D0A   ELEF 1,3D0A   ; [3D0A] = 28
5835  8E48        PSH 0,1
5836  8C38 5DBE   EJSR 5DBE   ; [5DBE] = 59336
5838  5020        STA 2,32
5839  2305        LDA 0,5,3
583A  820C        MOV# 0,0,SZR
583B  0118        JMP 24,PC   ; -> 5853
583C  2F0E        LDA 1,@14,3
583D  AA0C        MOV# 1,1,SZR
583E  D501        SUB 2,2,SKP
583F  D550        SUBZL 2,2
5840  D20D        MOV# 2,2,SNR
5841  0109        JMP 9,PC   ; -> 584A
5842  3020        LDA 2,32
5843  E438 3CFF   ELEF 0,3CFF   ; [3CFF] = 6
5845  8648        PSH 0,0
5846  8C38 5D26   EJSR 5D26   ; [5D26] = 59336
5848  5020        STA 2,32
5849  010A        JMP 10,PC   ; -> 5853
584A  3020        LDA 2,32
584B  E438 021D   ELEF 0,021D   ; = 541
584D  EC38 3D07   ELEF 1,3D07   ; [3D07] = 2
584F  8E48        PSH 0,1
5850  8C38 5DBE   EJSR 5DBE   ; [5DBE] = 59336
5852  5020        STA 2,32
5853  2305        LDA 0,5,3
5854  470C        STA 0,@12,3
5855  AFC8        RTN
5856  E7C8 0006   SAVE 6             ; frame
5858  0C42        JSR @66
5859  0001        JMP 1
585A  4304        STA 0,4,3
585B  0C42        JSR @66
585C  0002        JMP 2
585D  4305        STA 0,5,3
585E  2F05        LDA 1,@5,3
585F  D550        SUBZL 2,2
5860  B248        SGE 1,2
5861  D501        SUB 2,2,SKP
5862  D550        SUBZL 2,2
5863  5306        STA 2,6,3
5864  8550        SUBZL 0,0
5865  4303        STA 0,3,3
5866  D20D        MOV# 2,2,SNR
5867  0103        JMP 3,PC   ; -> 586A
5868  8550        SUBZL 0,0
5869  4303        STA 0,3,3
586A  2705        LDA 0,@5,3
586B  6864        IO   6864
586C  8A48        SGE 0,1
586D  0103        JMP 3,PC   ; -> 5870
586E  7002        IO   7002
586F  5303        STA 2,3,3
5870  2705        LDA 0,@5,3
5871  68C8        IO   68C8
5872  8A48        SGE 0,1
5873  0103        JMP 3,PC   ; -> 5876
5874  7003        IO   7003
5875  5303        STA 2,3,3
5876  2705        LDA 0,@5,3
5877  EC38 01F4   ELEF 1,01F4   ; = 500
5879  8A48        SGE 0,1
587A  0103        JMP 3,PC   ; -> 587D
587B  7004        IO   7004
587C  5303        STA 2,3,3
587D  2705        LDA 0,@5,3
587E  EC38 05DC   ELEF 1,05DC   ; [05DC] = 0
5880  8A48        SGE 0,1
5881  0103        JMP 3,PC   ; -> 5884
5882  7005        IO   7005
5883  5303        STA 2,3,3
5884  2705        LDA 0,@5,3
5885  EC38 09C4   ELEF 1,09C4   ; [09C4] = 0
5887  8A48        SGE 0,1
5888  0103        JMP 3,PC   ; -> 588B
5889  7006        IO   7006
588A  5303        STA 2,3,3
588B  2705        LDA 0,@5,3
588C  EC38 0A8C   ELEF 1,0A8C   ; [0A8C] = 0
588E  8A48        SGE 0,1
588F  0103        JMP 3,PC   ; -> 5892
5890  7007        IO   7007
5891  5303        STA 2,3,3
5892  2705        LDA 0,@5,3
5893  EC38 0BB8   ELEF 1,0BB8   ; [0BB8] = 0
5895  8A48        SGE 0,1
5896  0103        JMP 3,PC   ; -> 5899
5897  7008        IO   7008
5898  5303        STA 2,3,3
5899  2705        LDA 0,@5,3
589A  EC38 1388   ELEF 1,1388   ; [1388] = 0
589C  8A48        SGE 0,1
589D  0103        JMP 3,PC   ; -> 58A0
589E  7009        IO   7009
589F  5303        STA 2,3,3
58A0  2303        LDA 0,3,3
58A1  4704        STA 0,@4,3
58A2  AFC8        RTN
58A3  E7C8 0004   SAVE 4             ; frame
58A5  0C42        JSR @66
58A6  0001        JMP 1
58A7  4303        STA 0,3,3
58A8  8500        SUB 0,0
58A9  AC38 01FB   ELDA 1,01FB   ; = 507
58AB  7064        IO   7064
58AC  CFC8        MULS
58AD  B438 01EC   ELDA 2,01EC   ; = 492
58AF  BFC8        DIVX
58B0  4F03        STA 1,@3,3
58B1  AFC8        RTN
58B2  E7C8 0012   SAVE 18             ; frame
58B4  B438 01BF   ELDA 2,01BF   ; = 447
58B6  22FD        LDA 0,-3,2
58B7  2AFB        LDA 1,-5,2
58B8  32FE        LDA 2,-2,2
58B9  4304        STA 0,4,3
58BA  4B05        STA 1,5,3
58BB  5306        STA 2,6,3
58BC  0C42        JSR @66
58BD  0001        JMP 1
58BE  4307        STA 0,7,3
58BF  0C42        JSR @66
58C0  0002        JMP 2
58C1  4309        STA 0,9,3
58C2  0C42        JSR @66
58C3  0003        JMP 3
58C4  430A        STA 0,10,3
58C5  2B04        LDA 1,4,3
58C6  A900        NEG 1,1
58C7  AB00        INC 1,1
58C8  3306        LDA 2,6,3
58C9  B600        ADD 1,2
58CA  8500        SUB 0,0
58CB  4B0B        STA 1,11,3
58CC  2B05        LDA 1,5,3
58CD  CFC8        MULS
58CE  2304        LDA 0,4,3
58CF  4B0C        STA 1,12,3
58D0  8E00        ADD 0,1
58D1  A438 01BF   ELDA 0,01BF   ; = 447
58D3  A500        SUB 1,0
58D4  430D        STA 0,13,3
58D5  2709        LDA 0,@9,3
58D6  530E        STA 2,14,3
58D7  9600        ADD 0,2
58D8  230D        LDA 0,13,3
58D9  530F        STA 2,15,3
58DA  9600        ADD 0,2
58DB  8550        SUBZL 0,0
58DC  4B10        STA 1,16,3
58DD  2F0A        LDA 1,@10,3
58DE  5311        STA 2,17,3
58DF  8D0C        SUB# 0,1,SZR
58E0  D501        SUB 2,2,SKP
58E1  D550        SUBZL 2,2
58E2  5312        STA 2,18,3
58E3  2711        LDA 0,@17,3
58E4  C7F8 000F   ANDI 000F,0
58E6  4303        STA 0,3,3
58E7  D20D        MOV# 2,2,SNR
58E8  0108        JMP 8,PC   ; -> 58F0
58E9  2711        LDA 0,@17,3
58EA  C7F8 0010   ANDI 0010,0
58EC  820D        MOV# 0,0,SNR
58ED  0103        JMP 3,PC   ; -> 58F0
58EE  8500        SUB 0,0
58EF  4303        STA 0,3,3
58F0  2303        LDA 0,3,3
58F1  4707        STA 0,@7,3
58F2  AFC8        RTN
58F3  E7C8 0019   SAVE 25             ; frame
58F5  0C42        JSR @66
58F6  0001        JMP 1
58F7  4308        STA 0,8,3
58F8  0C42        JSR @66
58F9  0002        JMP 2
58FA  4309        STA 0,9,3
58FB  6802        IO   6802
58FC  3709        LDA 2,@9,3
58FD  B50C        SUB# 1,2,SZR
58FE  D501        SUB 2,2,SKP
58FF  D550        SUBZL 2,2
5900  530A        STA 2,10,3
5901  B438 01B1   ELDA 2,01B1   ; = 433
5903  32FD        LDA 2,-3,2
5904  A438 01B1   ELDA 0,01B1   ; = 433
5906  C500        SUB 2,0
5907  430B        STA 0,11,3
5908  A008        ADI 1,0
5909  530C        STA 2,12,3
590A  B438 01B7   ELDA 2,01B7   ; = 439
590C  32FD        LDA 2,-3,2
590D  530D        STA 2,13,3
590E  B438 01B7   ELDA 2,01B7   ; = 439
5910  32FB        LDA 2,-5,2
5911  530E        STA 2,14,3
5912  B438 01B7   ELDA 2,01B7   ; = 439
5914  32FE        LDA 2,-2,2
5915  430F        STA 0,15,3
5916  230D        LDA 0,13,3
5917  8100        NEG 0,0
5918  8300        INC 0,0
5919  5310        STA 2,16,3
591A  9600        ADD 0,2
591B  4311        STA 0,17,3
591C  230D        LDA 0,13,3
591D  2B0E        LDA 1,14,3
591E  CFC8        MULS
591F  A438 01B7   ELDA 0,01B7   ; = 439
5921  A500        SUB 1,0
5922  D600        ADD 2,2
5923  4312        STA 0,18,3
5924  5313        STA 2,19,3
5925  0C62        JSR @98
5926  EC38 3D21   ELEF 1,3D21   ; [3D21] = 32
5928  6305        IO   6305
5929  0C59        JSR @89
592A  230A        LDA 0,10,3
592B  820D        MOV# 0,0,SNR
592C  010A        JMP 10,PC   ; -> 5936
592D  3020        LDA 2,32
592E  2309        LDA 0,9,3
592F  2B08        LDA 1,8,3
5930  8E48        PSH 0,1
5931  8C38 5B52   EJSR 5B52   ; [5B52] = 59336
5933  5020        STA 2,32
5934  8538 0130   EJMP 0130,PC   ; -> 5A65
5936  270F        LDA 0,@15,3
5937  820C        MOV# 0,0,SZR
5938  010F        JMP 15,PC   ; -> 5947
5939  3020        LDA 2,32
593A  2309        LDA 0,9,3
593B  2B08        LDA 1,8,3
593C  8E48        PSH 0,1
593D  8C38 5B52   EJSR 5B52   ; [5B52] = 59336
593F  5020        STA 2,32
5940  2308        LDA 0,8,3
5941  8648        PSH 0,0
5942  8C38 68C4   EJSR 68C4   ; [68C4] = 59336
5944  5020        STA 2,32
5945  8538 011F   EJMP 011F,PC   ; -> 5A65
5947  E438 0A8F   ELEF 0,0A8F   ; [0A8F] = 0
5949  2F0F        LDA 1,@15,3
594A  A50D        SUB# 1,0,SNR
594B  0103        JMP 3,PC   ; -> 594E
594C  8538 0111   EJMP 0111,PC   ; -> 5A5E
594E  3020        LDA 2,32
594F  E438 3D25   ELEF 0,3D25   ; [3D25] = 0
5951  EC38 01D5   ELEF 1,01D5   ; = 469
5953  8E48        PSH 0,1
5954  E438 3D24   ELEF 0,3D24   ; [3D24] = 3
5956  6B14        IO   6B14
5957  8E48        PSH 0,1
5958  8C38 5674   EJSR 5674   ; [5674] = 59336
595A  5020        STA 2,32
595B  2314        LDA 0,20,3
595C  4303        STA 0,3,3
595D  AC00        ADC 1,1
595E  A50C        SUB# 1,0,SZR
595F  0110        JMP 16,PC   ; -> 596F
5960  E438 3D27   ELEF 0,3D27   ; [3D27] = 1
5962  EC38 01D5   ELEF 1,01D5   ; = 469
5964  8E48        PSH 0,1
5965  E438 3D24   ELEF 0,3D24   ; [3D24] = 3
5967  6B14        IO   6B14
5968  8E48        PSH 0,1
5969  8C38 5674   EJSR 5674   ; [5674] = 59336
596B  5020        STA 2,32
596C  2314        LDA 0,20,3
596D  4303        STA 0,3,3
596E  0114        JMP 20,PC   ; -> 5982
596F  8550        SUBZL 0,0
5970  2B03        LDA 1,3,3
5971  8A08        SGT 0,1
5972  0110        JMP 16,PC   ; -> 5982
5973  3020        LDA 2,32
5974  E438 3D27   ELEF 0,3D27   ; [3D27] = 1
5976  EC38 3D25   ELEF 1,3D25   ; [3D25] = 0
5978  8E48        PSH 0,1
5979  E438 3D24   ELEF 0,3D24   ; [3D24] = 3
597B  6B14        IO   6B14
597C  8E48        PSH 0,1
597D  8C38 5674   EJSR 5674   ; [5674] = 59336
597F  5020        STA 2,32
5980  2314        LDA 0,20,3
5981  4303        STA 0,3,3
5982  2303        LDA 0,3,3
5983  862E        ADDO# 0,0,SEZ
5984  0103        JMP 3,PC   ; -> 5987
5985  8538 00D7   EJMP 00D7,PC   ; -> 5A5D
5987  3020        LDA 2,32
5988  6303        IO   6303
5989  6B14        IO   6B14
598A  8E48        PSH 0,1
598B  8C38 540B   EJSR 540B   ; [540B] = 59336
598D  5020        STA 2,32
598E  2314        LDA 0,20,3
598F  820D        MOV# 0,0,SNR
5990  AD01        SUB 1,1,SKP
5991  AD50        SUBZL 1,1
5992  4B15        STA 1,21,3
5993  6303        IO   6303
5994  6B16        IO   6B16
5995  8E48        PSH 0,1
5996  8C38 540B   EJSR 540B   ; [540B] = 59336
5998  5020        STA 2,32
5999  A438 01D5   ELDA 0,01D5   ; = 469
599B  2B16        LDA 1,22,3
599C  8D0D        SUB# 0,1,SNR
599D  D501        SUB 2,2,SKP
599E  D550        SUBZL 2,2
599F  2315        LDA 0,21,3
59A0  9700        AND 0,2
59A1  D20D        MOV# 2,2,SNR
59A2  010C        JMP 12,PC   ; -> 59AE
59A3  3020        LDA 2,32
59A4  E438 021D   ELEF 0,021D   ; = 541
59A6  EC38 3D22   ELEF 1,3D22   ; [3D22] = 2
59A8  8E48        PSH 0,1
59A9  8C38 5DBE   EJSR 5DBE   ; [5DBE] = 59336
59AB  5020        STA 2,32
59AC  8538 00B0   EJMP 00B0,PC   ; -> 5A5D
59AE  2303        LDA 0,3,3
59AF  68AC        IO   68AC
59B0  8D0C        SUB# 0,1,SZR
59B1  0118        JMP 24,PC   ; -> 59C9
59B2  B438 01EF   ELDA 2,01EF   ; = 495
59B4  E438 07D0   ELEF 0,07D0   ; [07D0] = 0
59B6  C208        SGT 2,0
59B7  0109        JMP 9,PC   ; -> 59C0
59B8  3020        LDA 2,32
59B9  E438 3D2A   ELEF 0,3D2A   ; [3D2A] = 310
59BB  8648        PSH 0,0
59BC  8C38 5D26   EJSR 5D26   ; [5D26] = 59336
59BE  5020        STA 2,32
59BF  0108        JMP 8,PC   ; -> 59C7
59C0  3020        LDA 2,32
59C1  E438 3D2B   ELEF 0,3D2B   ; [3D2B] = 311
59C3  8648        PSH 0,0
59C4  8C38 5D26   EJSR 5D26   ; [5D26] = 59336
59C6  5020        STA 2,32
59C7  8538 0095   EJMP 0095,PC   ; -> 5A5D
59C9  0C62        JSR @98
59CA  6317        IO   6317
59CB  EC38 3D21   ELEF 1,3D21   ; [3D21] = 32
59CD  0C59        JSR @89
59CE  3020        LDA 2,32
59CF  E438 3D2C   ELEF 0,3D2C   ; [3D2C] = 4
59D1  8648        PSH 0,0
59D2  6303        IO   6303
59D3  6B17        IO   6B17
59D4  8E48        PSH 0,1
59D5  8C38 5AAA   EJSR 5AAA   ; [5AAA] = 59336
59D7  5020        STA 2,32
59D8  6305        IO   6305
59D9  6B17        IO   6B17
59DA  0C5C        JSR @92
59DB  0C63        JSR @99
59DC  3020        LDA 2,32
59DD  E438 3D24   ELEF 0,3D24   ; [3D24] = 3
59DF  EC38 3D27   ELEF 1,3D27   ; [3D27] = 1
59E1  8E48        PSH 0,1
59E2  6305        IO   6305
59E3  6B17        IO   6B17
59E4  0C5D        JSR @93
59E5  5020        STA 2,32
59E6  A200        MOV 1,0
59E7  EC38 3D2D   ELEF 1,3D2D   ; -> "LOP" (len 3)
59E9  0C54        JSR @84
59EA  011A        JMP 26,PC   ; -> 5A04
59EB  2303        LDA 0,3,3
59EC  2B13        LDA 1,19,3
59ED  8E00        ADD 0,1
59EE  3312        LDA 2,18,3
59EF  B600        ADD 1,2
59F0  5314        STA 2,20,3
59F1  2200        LDA 0,0,2
59F2  C7F8 0020   ANDI 0020,0
59F4  820D        MOV# 0,0,SNR
59F5  010F        JMP 15,PC   ; -> 5A04
59F6  3020        LDA 2,32
59F7  E438 3D24   ELEF 0,3D24   ; [3D24] = 3
59F9  EC38 3D27   ELEF 1,3D27   ; [3D27] = 1
59FB  8E48        PSH 0,1
59FC  6305        IO   6305
59FD  6B17        IO   6B17
59FE  0C5D        JSR @93
59FF  5020        STA 2,32
5A00  A200        MOV 1,0
5A01  EC38 3D33   ELEF 1,3D33   ; -> "LAT" (len 3)
5A03  0C5C        JSR @92
5A04  3020        LDA 2,32
5A05  E438 3D24   ELEF 0,3D24   ; [3D24] = 3
5A07  EC38 3D27   ELEF 1,3D27   ; [3D27] = 1
5A09  8E48        PSH 0,1
5A0A  6305        IO   6305
5A0B  6B17        IO   6B17
5A0C  0C5D        JSR @93
5A0D  5020        STA 2,32
5A0E  A200        MOV 1,0
5A0F  EC38 3D38   ELEF 1,3D38   ; -> "NLN" (len 3)
5A11  0C54        JSR @84
5A12  0108        JMP 8,PC   ; -> 5A1A
5A13  E438 3D3D   ELEF 0,3D3D   ; [3D3D] = 161
5A15  8648        PSH 0,0
5A16  8C38 5D26   EJSR 5D26   ; [5D26] = 59336
5A18  5020        STA 2,32
5A19  0144        JMP 68,PC   ; -> 5A5D
5A1A  3020        LDA 2,32
5A1B  E438 3D24   ELEF 0,3D24   ; [3D24] = 3
5A1D  EC38 3D27   ELEF 1,3D27   ; [3D27] = 1
5A1F  8E48        PSH 0,1
5A20  6305        IO   6305
5A21  6B17        IO   6B17
5A22  0C5D        JSR @93
5A23  5020        STA 2,32
5A24  A200        MOV 1,0
5A25  EC38 3D3E   ELEF 1,3D3E   ; -> "LIN" (len 3)
5A27  0C54        JSR @84
5A28  0119        JMP 25,PC   ; -> 5A41
5A29  7305        IO   7305
5A2A  2202        LDA 0,2,2
5A2B  3020        LDA 2,32
5A2C  4314        STA 0,20,3
5A2D  6314        IO   6314
5A2E  EC38 3D43   ELEF 1,3D43   ; [3D43] = 5
5A30  8E48        PSH 0,1
5A31  6305        IO   6305
5A32  6B17        IO   6B17
5A33  0C5D        JSR @93
5A34  5020        STA 2,32
5A35  A200        MOV 1,0
5A36  6B16        IO   6B16
5A37  0C56        JSR @86
5A38  5020        STA 2,32
5A39  2316        LDA 0,22,3
5A3A  4304        STA 0,4,3
5A3B  6B04        IO   6B04
5A3C  AE48        PSH 1,1
5A3D  8C38 5D26   EJSR 5D26   ; [5D26] = 59336
5A3F  5020        STA 2,32
5A40  011D        JMP 29,PC   ; -> 5A5D
5A41  3020        LDA 2,32
5A42  E438 3D24   ELEF 0,3D24   ; [3D24] = 3
5A44  EC38 3D27   ELEF 1,3D27   ; [3D27] = 1
5A46  8E48        PSH 0,1
5A47  6305        IO   6305
5A48  6B17        IO   6B17
5A49  0C5D        JSR @93
5A4A  5020        STA 2,32
5A4B  A200        MOV 1,0
5A4C  EC38 3D33   ELEF 1,3D33   ; -> "LAT" (len 3)
5A4E  0C54        JSR @84
5A4F  0105        JMP 5,PC   ; -> 5A54
5A50  EA00        MOV 3,1
5A51  8D38 0015   EJSR 0015,PC   ; -> 5A67
5A53  010A        JMP 10,PC   ; -> 5A5D
5A54  3020        LDA 2,32
5A55  E438 021D   ELEF 0,021D   ; = 541
5A57  EC38 3D44   ELEF 1,3D44   ; [3D44] = 162
5A59  8E48        PSH 0,1
5A5A  8C38 5DBE   EJSR 5DBE   ; [5DBE] = 59336
5A5C  5020        STA 2,32
5A5D  0108        JMP 8,PC   ; -> 5A65
5A5E  3020        LDA 2,32
5A5F  E438 3D45   ELEF 0,3D45   ; [3D45] = 54
5A61  8648        PSH 0,0
5A62  8C38 5D26   EJSR 5D26   ; [5D26] = 59336
5A64  5020        STA 2,32
5A65  0C63        JSR @99
5A66  AFC8        RTN
5A67  E7C8 0008   SAVE 8             ; frame
5A69  B438 01B7   ELDA 2,01B7   ; = 439
5A6B  22FD        LDA 0,-3,2
5A6C  2AFB        LDA 1,-5,2
5A6D  32FE        LDA 2,-2,2
5A6E  4303        STA 0,3,3
5A6F  8100        NEG 0,0
5A70  8300        INC 0,0
5A71  5304        STA 2,4,3
5A72  9600        ADD 0,2
5A73  4305        STA 0,5,3
5A74  2303        LDA 0,3,3
5A75  CFC8        MULS
5A76  A438 01B7   ELDA 0,01B7   ; = 439
5A78  A500        SUB 1,0
5A79  D600        ADD 2,2
5A7A  4306        STA 0,6,3
5A7B  5307        STA 2,7,3
5A7C  3020        LDA 2,32
5A7D  8C38 5FBB   EJSR 5FBB   ; [5FBB] = 59336
5A7F  3BFD        LDA 3,-3,3
5A80  2303        LDA 0,3,3
5A81  3821        LDA 3,33
5A82  2B07        LDA 1,7,3
5A83  8E00        ADD 0,1
5A84  3306        LDA 2,6,3
5A85  B600        ADD 1,2
5A86  5308        STA 2,8,3
5A87  2200        LDA 0,0,2
5A88  C7F8 0200   ANDI 0200,0
5A8A  820D        MOV# 0,0,SNR
5A8B  0115        JMP 21,PC   ; -> 5AA0
5A8C  3020        LDA 2,32
5A8D  E438 021D   ELEF 0,021D   ; = 541
5A8F  EC38 3D47   ELEF 1,3D47   ; [3D47] = 353
5A91  8E48        PSH 0,1
5A92  8C38 5DBE   EJSR 5DBE   ; [5DBE] = 59336
5A94  5020        STA 2,32
5A95  3BFD        LDA 3,-3,3
5A96  2303        LDA 0,3,3
5A97  E7F8 8000   ADDI 8000,0
5A99  4304        STA 0,4,3
5A9A  6B04        IO   6B04
5A9B  AE48        PSH 1,1
5A9C  8C38 68C4   EJSR 68C4   ; [68C4] = 59336
5A9E  5020        STA 2,32
5A9F  010A        JMP 10,PC   ; -> 5AA9
5AA0  3020        LDA 2,32
5AA1  E438 021D   ELEF 0,021D   ; = 541
5AA3  EC38 3D49   ELEF 1,3D49   ; [3D49] = 361
5AA5  8E48        PSH 0,1
5AA6  8C38 5DBE   EJSR 5DBE   ; [5DBE] = 59336
5AA8  5020        STA 2,32
5AA9  AFC8        RTN
5AAA  E7C8 0019   SAVE 25             ; frame
5AAC  B438 01B3   ELDA 2,01B3   ; = 435
5AAE  22FD        LDA 0,-3,2
5AAF  430C        STA 0,12,3
5AB0  0C43        JSR @67
5AB1  0001        JMP 1
5AB2  430D        STA 0,13,3
5AB3  0C42        JSR @66
5AB4  0002        JMP 2
5AB5  430F        STA 0,15,3
5AB6  0C42        JSR @66
5AB7  0003        JMP 3
5AB8  4310        STA 0,16,3
5AB9  2F0F        LDA 1,@15,3
5ABA  8848        SBI 0,1
5ABB  8500        SUB 0,0
5ABC  7005        IO   7005
5ABD  CFC8        MULS
5ABE  2710        LDA 0,@16,3
5ABF  8E00        ADD 0,1
5AC0  AB00        INC 1,1
5AC1  A438 01B3   ELDA 0,01B3   ; = 435
5AC3  4B11        STA 1,17,3
5AC4  2B0C        LDA 1,12,3
5AC5  A500        SUB 1,0
5AC6  4312        STA 0,18,3
5AC7  0C62        JSR @98
5AC8  EC38 3D4A   ELEF 1,3D4A   ; [3D4A] = 160
5ACA  6303        IO   6303
5ACB  0C59        JSR @89
5ACC  2311        LDA 0,17,3
5ACD  4309        STA 0,9,3
5ACE  8550        SUBZL 0,0
5ACF  4308        STA 0,8,3
5AD0  2308        LDA 0,8,3
5AD1  2B12        LDA 1,18,3
5AD2  8E00        ADD 0,1
5AD3  4B14        STA 1,20,3
5AD4  3714        LDA 2,@20,3
5AD5  2B09        LDA 1,9,3
5AD6  B248        SGE 1,2
5AD7  0103        JMP 3,PC   ; -> 5ADA
5AD8  0903        JSR 3,PC   ; -> 5ADB
5AD9  01F7        JMP -9,PC   ; -> 5AD0
5ADA  0108        JMP 8,PC   ; -> 5AE2
5ADB  EA00        MOV 3,1
5ADC  3821        LDA 3,33
5ADD  4B13        STA 1,19,3
5ADE  2308        LDA 0,8,3
5ADF  8300        INC 0,0
5AE0  4308        STA 0,8,3
5AE1  0713        JMP @19,3
5AE2  2308        LDA 0,8,3
5AE3  8048        SBI 0,0
5AE4  4308        STA 0,8,3
5AE5  AC38 01DF   ELDA 1,01DF   ; = 479
5AE7  A50D        SUB# 1,0,SNR
5AE8  0131        JMP 49,PC   ; -> 5B19
5AE9  8500        SUB 0,0
5AEA  7004        IO   7004
5AEB  2B08        LDA 1,8,3
5AEC  CFC8        MULS
5AED  4B14        STA 1,20,3
5AEE  5315        STA 2,21,3
5AEF  3020        LDA 2,32
5AF0  6315        IO   6315
5AF1  EC38 0221   ELEF 1,0221   ; = 545
5AF3  8E48        PSH 0,1
5AF4  6314        IO   6314
5AF5  EC38 3D4E   ELEF 1,3D4E   ; [3D4E] = 6
5AF7  8E48        PSH 0,1
5AF8  8C38 6F0B   EJSR 6F0B   ; [6F0B] = 59336
5AFA  5020        STA 2,32
5AFB  2308        LDA 0,8,3
5AFC  AC38 0221   ELDA 1,0221   ; = 545
5AFE  AB00        INC 1,1
5AFF  C438 01DF   ESTA 0,01DF   ; = 479
5B01  4B15        STA 1,21,3
5B02  3315        LDA 2,21,3
5B03  5315        STA 2,21,3
5B04  2200        LDA 0,0,2
5B05  430A        STA 0,10,3
5B06  230A        LDA 0,10,3
5B07  AC38 3D4F   ELDA 1,3D4F   ; [3D4F] = 1023
5B09  A248        SGE 1,0
5B0A  010F        JMP 15,PC   ; -> 5B19
5B0B  B438 0221   ELDA 2,0221   ; = 545
5B0D  9600        ADD 0,2
5B0E  5315        STA 2,21,3
5B0F  3315        LDA 2,21,3
5B10  5314        STA 2,20,3
5B11  2200        LDA 0,0,2
5B12  A7F8 575D   XORI 575D,0
5B14  4200        STA 0,0,2
5B15  230A        LDA 0,10,3
5B16  8300        INC 0,0
5B17  430A        STA 0,10,3
5B18  01EE        JMP -18,PC   ; -> 5B06
5B19  2308        LDA 0,8,3
5B1A  2B12        LDA 1,18,3
5B1B  8E00        ADD 0,1
5B1C  3309        LDA 2,9,3
5B1D  4B14        STA 1,20,3
5B1E  2714        LDA 0,@20,3
5B1F  9500        SUB 0,2
5B20  D300        INC 2,2
5B21  5307        STA 2,7,3
5B22  D600        ADD 2,2
5B23  AC38 0221   ELDA 1,0221   ; = 545
5B25  5314        STA 2,20,3
5B26  B600        ADD 1,2
5B27  5316        STA 2,22,3
5B28  3316        LDA 2,22,3
5B29  5316        STA 2,22,3
5B2A  2200        LDA 0,0,2
5B2B  430B        STA 0,11,3
5B2C  AC38 0221   ELDA 1,0221   ; = 545
5B2E  AB00        INC 1,1
5B2F  3314        LDA 2,20,3
5B30  B600        ADD 1,2
5B31  5314        STA 2,20,3
5B32  3314        LDA 2,20,3
5B33  5314        STA 2,20,3
5B34  2200        LDA 0,0,2
5B35  8048        SBI 0,0
5B36  AC38 0221   ELDA 1,0221   ; = 545
5B38  330B        LDA 2,11,3
5B39  B600        ADD 1,2
5B3A  4306        STA 0,6,3
5B3B  5314        STA 2,20,3
5B3C  3020        LDA 2,32
5B3D  E438 3D4A   ELEF 0,3D4A   ; [3D4A] = 160
5B3F  8648        PSH 0,0
5B40  6317        IO   6317
5B41  2B14        LDA 1,20,3
5B42  0C3F        JSR @63
5B43  5020        STA 2,32
5B44  6303        IO   6303
5B45  6B17        IO   6B17
5B46  0C5C        JSR @92
5B47  6306        IO   6306
5B48  6B03        IO   6B03
5B49  8E48        PSH 0,1
5B4A  8C38 75C8   EJSR 75C8   ; [75C8] = 59336
5B4C  5020        STA 2,32
5B4D  230D        LDA 0,13,3
5B4E  6B03        IO   6B03
5B4F  0C5C        JSR @92
5B50  0C63        JSR @99
5B51  AFC8        RTN
5B52  E7C8 0015   SAVE 21             ; frame
5B54  B438 01B2   ELDA 2,01B2   ; = 434
5B56  22FD        LDA 0,-3,2
5B57  430D        STA 0,13,3
5B58  0C42        JSR @66
5B59  0001        JMP 1
5B5A  430E        STA 0,14,3
5B5B  0C42        JSR @66
5B5C  0002        JMP 2
5B5D  430F        STA 0,15,3
5B5E  2F0E        LDA 1,@14,3
5B5F  AA0C        MOV# 1,1,SZR
5B60  D501        SUB 2,2,SKP
5B61  D550        SUBZL 2,2
5B62  A438 01B2   ELDA 0,01B2   ; = 434
5B64  2B0D        LDA 1,13,3
5B65  A500        SUB 1,0
5B66  4310        STA 0,16,3
5B67  5311        STA 2,17,3
5B68  D20D        MOV# 2,2,SNR
5B69  010A        JMP 10,PC   ; -> 5B73
5B6A  3020        LDA 2,32
5B6B  E438 3D51   ELEF 0,3D51   ; [3D51] = 206
5B6D  8648        PSH 0,0
5B6E  8C38 5D26   EJSR 5D26   ; [5D26] = 59336
5B70  5020        STA 2,32
5B71  8538 00D9   EJMP 00D9,PC   ; -> 5C4B
5B73  3020        LDA 2,32
5B74  230E        LDA 0,14,3
5B75  8648        PSH 0,0
5B76  E438 01B9   ELEF 0,01B9   ; = 441
5B78  6B12        IO   6B12
5B79  8E48        PSH 0,1
5B7A  8C38 7365   EJSR 7365   ; [7365] = 59336
5B7C  5020        STA 2,32
5B7D  2312        LDA 0,18,3
5B7E  820D        MOV# 0,0,SNR
5B7F  0105        JMP 5,PC   ; -> 5B84
5B80  AC38 3D52   ELDA 1,3D52   ; [3D52] = 0
5B82  4B0C        STA 1,12,3
5B83  0111        JMP 17,PC   ; -> 5B94
5B84  A438 3D53   ELDA 0,3D53   ; [3D53] = 1
5B86  AC38 01FB   ELDA 1,01FB   ; = 507
5B88  AB00        INC 1,1
5B89  430C        STA 0,12,3
5B8A  CC38 01FB   ESTA 1,01FB   ; = 507
5B8C  3020        LDA 2,32
5B8D  230E        LDA 0,14,3
5B8E  EC38 01B9   ELEF 1,01B9   ; = 441
5B90  8E48        PSH 0,1
5B91  8C38 7377   EJSR 7377   ; [7377] = 59336
5B93  5020        STA 2,32
5B94  8550        SUBZL 0,0
5B95  2F0F        LDA 1,@15,3
5B96  8D0C        SUB# 0,1,SZR
5B97  0104        JMP 4,PC   ; -> 5B9B
5B98  B438 3D53   ELDA 2,3D53   ; [3D53] = 1
5B9A  530C        STA 2,12,3
5B9B  8550        SUBZL 0,0
5B9C  4306        STA 0,6,3
5B9D  2306        LDA 0,6,3
5B9E  2B10        LDA 1,16,3
5B9F  8E00        ADD 0,1
5BA0  4B13        STA 1,19,3
5BA1  3713        LDA 2,@19,3
5BA2  2F0E        LDA 1,@14,3
5BA3  B248        SGE 1,2
5BA4  0103        JMP 3,PC   ; -> 5BA7
5BA5  0903        JSR 3,PC   ; -> 5BA8
5BA6  01F7        JMP -9,PC   ; -> 5B9D
5BA7  0108        JMP 8,PC   ; -> 5BAF
5BA8  EA00        MOV 3,1
5BA9  3821        LDA 3,33
5BAA  4B12        STA 1,18,3
5BAB  2306        LDA 0,6,3
5BAC  8300        INC 0,0
5BAD  4306        STA 0,6,3
5BAE  0712        JMP @18,3
5BAF  2306        LDA 0,6,3
5BB0  8048        SBI 0,0
5BB1  4306        STA 0,6,3
5BB2  AC38 01DA   ELDA 1,01DA   ; = 474
5BB4  A50D        SUB# 1,0,SNR
5BB5  0131        JMP 49,PC   ; -> 5BE6
5BB6  8500        SUB 0,0
5BB7  7004        IO   7004
5BB8  2B06        LDA 1,6,3
5BB9  CFC8        MULS
5BBA  4B13        STA 1,19,3
5BBB  5314        STA 2,20,3
5BBC  3020        LDA 2,32
5BBD  6314        IO   6314
5BBE  EC38 0220   ELEF 1,0220   ; = 544
5BC0  8E48        PSH 0,1
5BC1  6313        IO   6313
5BC2  EC38 3D55   ELEF 1,3D55   ; [3D55] = 4
5BC4  8E48        PSH 0,1
5BC5  8C38 6F0B   EJSR 6F0B   ; [6F0B] = 59336
5BC7  5020        STA 2,32
5BC8  2306        LDA 0,6,3
5BC9  AC38 0220   ELDA 1,0220   ; = 544
5BCB  AB00        INC 1,1
5BCC  C438 01DA   ESTA 0,01DA   ; = 474
5BCE  4B14        STA 1,20,3
5BCF  3314        LDA 2,20,3
5BD0  5314        STA 2,20,3
5BD1  2200        LDA 0,0,2
5BD2  430A        STA 0,10,3
5BD3  230A        LDA 0,10,3
5BD4  AC38 3D56   ELDA 1,3D56   ; [3D56] = 1023
5BD6  A248        SGE 1,0
5BD7  010F        JMP 15,PC   ; -> 5BE6
5BD8  B438 0220   ELDA 2,0220   ; = 544
5BDA  9600        ADD 0,2
5BDB  5314        STA 2,20,3
5BDC  3314        LDA 2,20,3
5BDD  5313        STA 2,19,3
5BDE  2200        LDA 0,0,2
5BDF  A7F8 575D   XORI 575D,0
5BE1  4200        STA 0,0,2
5BE2  230A        LDA 0,10,3
5BE3  8300        INC 0,0
5BE4  430A        STA 0,10,3
5BE5  01EE        JMP -18,PC   ; -> 5BD3
5BE6  2306        LDA 0,6,3
5BE7  2B10        LDA 1,16,3
5BE8  8E00        ADD 0,1
5BE9  370E        LDA 2,@14,3
5BEA  4B13        STA 1,19,3
5BEB  2713        LDA 0,@19,3
5BEC  9500        SUB 0,2
5BED  D300        INC 2,2
5BEE  5305        STA 2,5,3
5BEF  D600        ADD 2,2
5BF0  AC38 0220   ELDA 1,0220   ; = 544
5BF2  5313        STA 2,19,3
5BF3  B600        ADD 1,2
5BF4  5315        STA 2,21,3
5BF5  3315        LDA 2,21,3
5BF6  5315        STA 2,21,3
5BF7  2200        LDA 0,0,2
5BF8  4303        STA 0,3,3
5BF9  AC38 0220   ELDA 1,0220   ; = 544
5BFB  AB00        INC 1,1
5BFC  3313        LDA 2,19,3
5BFD  B600        ADD 1,2
5BFE  5313        STA 2,19,3
5BFF  3313        LDA 2,19,3
5C00  5313        STA 2,19,3
5C01  2200        LDA 0,0,2
5C02  2B0C        LDA 1,12,3
5C03  B438 3D53   ELDA 2,3D53   ; [3D53] = 1
5C05  4304        STA 0,4,3
5C06  B50C        SUB# 1,2,SZR
5C07  0123        JMP 35,PC   ; -> 5C2A
5C08  A438 0220   ELDA 0,0220   ; = 544
5C0A  2B03        LDA 1,3,3
5C0B  8E00        ADD 0,1
5C0C  4B13        STA 1,19,3
5C0D  3020        LDA 2,32
5C0E  6304        IO   6304
5C0F  8648        PSH 0,0
5C10  6313        IO   6313
5C11  EC38 3D58   ELEF 1,3D58   ; [3D58] = 0
5C13  8E48        PSH 0,1
5C14  8C38 6F6E   EJSR 6F6E   ; [6F6E] = 59336
5C16  5020        STA 2,32
5C17  A438 01CC   ELDA 0,01CC   ; = 460
5C19  820D        MOV# 0,0,SNR
5C1A  010F        JMP 15,PC   ; -> 5C29
5C1B  AC38 0220   ELDA 1,0220   ; = 544
5C1D  2303        LDA 0,3,3
5C1E  A600        ADD 1,0
5C1F  4313        STA 0,19,3
5C20  6304        IO   6304
5C21  8648        PSH 0,0
5C22  6313        IO   6313
5C23  EC38 3D59   ELEF 1,3D59   ; [3D59] = 10
5C25  8E48        PSH 0,1
5C26  8C38 6F6E   EJSR 6F6E   ; [6F6E] = 59336
5C28  5020        STA 2,32
5C29  0122        JMP 34,PC   ; -> 5C4B
5C2A  A438 0220   ELDA 0,0220   ; = 544
5C2C  2B03        LDA 1,3,3
5C2D  8E00        ADD 0,1
5C2E  4B13        STA 1,19,3
5C2F  3020        LDA 2,32
5C30  6304        IO   6304
5C31  8648        PSH 0,0
5C32  6313        IO   6313
5C33  EC38 3D58   ELEF 1,3D58   ; [3D58] = 0
5C35  8E48        PSH 0,1
5C36  8C38 6FD5   EJSR 6FD5   ; [6FD5] = 59336
5C38  5020        STA 2,32
5C39  A438 01CC   ELDA 0,01CC   ; = 460
5C3B  820D        MOV# 0,0,SNR
5C3C  010F        JMP 15,PC   ; -> 5C4B
5C3D  AC38 0220   ELDA 1,0220   ; = 544
5C3F  2303        LDA 0,3,3
5C40  A600        ADD 1,0
5C41  4313        STA 0,19,3
5C42  6304        IO   6304
5C43  8648        PSH 0,0
5C44  6313        IO   6313
5C45  EC38 3D59   ELEF 1,3D59   ; [3D59] = 10
5C47  8E48        PSH 0,1
5C48  8C38 6FD5   EJSR 6FD5   ; [6FD5] = 59336
5C4A  5020        STA 2,32
5C4B  AFC8        RTN
5C4C  E7C8 000F   SAVE 15             ; frame
5C4E  0C42        JSR @66
5C4F  0001        JMP 1
5C50  4307        STA 0,7,3
5C51  0C42        JSR @66
5C52  0002        JMP 2
5C53  4308        STA 0,8,3
5C54  0C42        JSR @66
5C55  0003        JMP 3
5C56  4309        STA 0,9,3
5C57  0C42        JSR @66
5C58  0004        JMP 4
5C59  430A        STA 0,10,3
5C5A  AC00        ADC 1,1
5C5B  B438 3D5B   ELDA 2,3D5B   ; [3D5B] = 0
5C5D  8500        SUB 0,0
5C5E  4303        STA 0,3,3
5C5F  4B04        STA 1,4,3
5C60  5306        STA 2,6,3
5C61  2306        LDA 0,6,3
5C62  AC38 3D5D   ELDA 1,3D5D   ; [3D5D] = 1
5C64  A50D        SUB# 1,0,SNR
5C65  0103        JMP 3,PC   ; -> 5C68
5C66  0903        JSR 3,PC   ; -> 5C69
5C67  01FA        JMP -6,PC   ; -> 5C61
5C68  0118        JMP 24,PC   ; -> 5C80
5C69  EA00        MOV 3,1
5C6A  3821        LDA 3,33
5C6B  4B0B        STA 1,11,3
5C6C  2303        LDA 0,3,3
5C6D  8600        ADD 0,0
5C6E  B438 0223   ELDA 2,0223   ; = 547
5C70  9600        ADD 0,2
5C71  530C        STA 2,12,3
5C72  2200        LDA 0,0,2
5C73  C7F8 00FF   ANDI 00FF,0
5C75  3708        LDA 2,@8,3
5C76  C50C        SUB# 2,0,SZR
5C77  0105        JMP 5,PC   ; -> 5C7C
5C78  A438 3D5D   ELDA 0,3D5D   ; [3D5D] = 1
5C7A  4306        STA 0,6,3
5C7B  0104        JMP 4,PC   ; -> 5C7F
5C7C  2303        LDA 0,3,3
5C7D  8300        INC 0,0
5C7E  4303        STA 0,3,3
5C7F  070B        JMP @11,3
5C80  A438 3D5B   ELDA 0,3D5B   ; [3D5B] = 0
5C82  4306        STA 0,6,3
5C83  2306        LDA 0,6,3
5C84  AC38 3D5D   ELDA 1,3D5D   ; [3D5D] = 1
5C86  A50D        SUB# 1,0,SNR
5C87  0103        JMP 3,PC   ; -> 5C8A
5C88  0904        JSR 4,PC   ; -> 5C8C
5C89  01FA        JMP -6,PC   ; -> 5C83
5C8A  8538 008D   EJMP 008D,PC   ; -> 5D18
5C8C  EA00        MOV 3,1
5C8D  3821        LDA 3,33
5C8E  4B0C        STA 1,12,3
5C8F  A438 0223   ELDA 0,0223   ; = 547
5C91  8300        INC 0,0
5C92  3303        LDA 2,3,3
5C93  D600        ADD 2,2
5C94  9600        ADD 0,2
5C95  530D        STA 2,13,3
5C96  2200        LDA 0,0,2
5C97  C7F8 00FF   ANDI 00FF,0
5C99  3709        LDA 2,@9,3
5C9A  950D        SUB# 0,2,SNR
5C9B  0103        JMP 3,PC   ; -> 5C9E
5C9C  8538 0060   EJMP 0060,PC   ; -> 5CFD
5C9E  8550        SUBZL 0,0
5C9F  2F0A        LDA 1,@10,3
5CA0  8D0C        SUB# 0,1,SZR
5CA1  0104        JMP 4,PC   ; -> 5CA5
5CA2  8500        SUB 0,0
5CA3  4305        STA 0,5,3
5CA4  010B        JMP 11,PC   ; -> 5CAF
5CA5  A438 0223   ELDA 0,0223   ; = 547
5CA7  8300        INC 0,0
5CA8  2B03        LDA 1,3,3
5CA9  AE00        ADD 1,1
5CAA  8E00        ADD 0,1
5CAB  4B0D        STA 1,13,3
5CAC  370D        LDA 2,@13,3
5CAD  B348        HXR 1,2
5CAE  5305        STA 2,5,3
5CAF  2305        LDA 0,5,3
5CB0  820C        MOV# 0,0,SZR
5CB1  010B        JMP 11,PC   ; -> 5CBC
5CB2  2B03        LDA 1,3,3
5CB3  AE00        ADD 1,1
5CB4  B438 0223   ELDA 2,0223   ; = 547
5CB6  B600        ADD 1,2
5CB7  530D        STA 2,13,3
5CB8  2200        LDA 0,0,2
5CB9  A348        HXR 1,0
5CBA  4304        STA 0,4,3
5CBB  0132        JMP 50,PC   ; -> 5CED
5CBC  2303        LDA 0,3,3
5CBD  8600        ADD 0,0
5CBE  AC38 0223   ELDA 1,0223   ; = 547
5CC0  430D        STA 0,13,3
5CC1  A600        ADD 1,0
5CC2  430E        STA 0,14,3
5CC3  430F        STA 0,15,3
5CC4  370F        LDA 2,@15,3
5CC5  D7F8 00FF   ANDI 00FF,2
5CC7  270F        LDA 0,@15,3
5CC8  A348        HXR 1,0
5CC9  C50C        SUB# 2,0,SZR
5CCA  011A        JMP 26,PC   ; -> 5CE4
5CCB  2305        LDA 0,5,3
5CCC  E7F8 0177   ADDI 0177,0
5CCE  8048        SBI 0,0
5CCF  430F        STA 0,15,3
5CD0  3020        LDA 2,32
5CD1  630F        IO   630F
5CD2  8648        PSH 0,0
5CD3  8C38 5D26   EJSR 5D26   ; [5D26] = 59336
5CD5  5020        STA 2,32
5CD6  8400        ADC 0,0
5CD7  EC38 3D5C   ELEF 1,3D5C   ; [3D5C] = 0
5CD9  0C34        JSR @52
5CDA  5020        STA 2,32
5CDB  8400        ADC 0,0
5CDC  EC38 3D62   ELEF 1,3D62   ; -> "." (len 1)
5CDE  0C31        JSR @49
5CDF  5020        STA 2,32
5CE0  0C38        JSR @56
5CE1  8500        SUB 0,0
5CE2  4304        STA 0,4,3
5CE3  010A        JMP 10,PC   ; -> 5CED
5CE4  3020        LDA 2,32
5CE5  6305        IO   6305
5CE6  6B0F        IO   6B0F
5CE7  8E48        PSH 0,1
5CE8  8C38 5F01   EJSR 5F01   ; [5F01] = 59336
5CEA  5020        STA 2,32
5CEB  230F        LDA 0,15,3
5CEC  4304        STA 0,4,3
5CED  2304        LDA 0,4,3
5CEE  820C        MOV# 0,0,SZR
5CEF  010A        JMP 10,PC   ; -> 5CF9
5CF0  2B03        LDA 1,3,3
5CF1  AE00        ADD 1,1
5CF2  B438 0223   ELDA 2,0223   ; = 547
5CF4  B600        ADD 1,2
5CF5  530F        STA 2,15,3
5CF6  2200        LDA 0,0,2
5CF7  A348        HXR 1,0
5CF8  4304        STA 0,4,3
5CF9  A438 3D5D   ELDA 0,3D5D   ; [3D5D] = 1
5CFB  4306        STA 0,6,3
5CFC  011B        JMP 27,PC   ; -> 5D17
5CFD  2303        LDA 0,3,3
5CFE  8300        INC 0,0
5CFF  4303        STA 0,3,3
5D00  AC38 01CF   ELDA 1,01CF   ; = 463
5D02  8D0C        SUB# 0,1,SZR
5D03  0105        JMP 5,PC   ; -> 5D08
5D04  B438 3D5D   ELDA 2,3D5D   ; [3D5D] = 1
5D06  5306        STA 2,6,3
5D07  0110        JMP 16,PC   ; -> 5D17
5D08  2303        LDA 0,3,3
5D09  8600        ADD 0,0
5D0A  AC38 0223   ELDA 1,0223   ; = 547
5D0C  A600        ADD 1,0
5D0D  430F        STA 0,15,3
5D0E  370F        LDA 2,@15,3
5D0F  D7F8 00FF   ANDI 00FF,2
5D11  2708        LDA 0,@8,3
5D12  950D        SUB# 0,2,SNR
5D13  0104        JMP 4,PC   ; -> 5D17
5D14  A438 3D5D   ELDA 0,3D5D   ; [3D5D] = 1
5D16  4306        STA 0,6,3
5D17  070C        JMP @12,3
5D18  2304        LDA 0,4,3
5D19  820C        MOV# 0,0,SZR
5D1A  D501        SUB 2,2,SKP
5D1B  D550        SUBZL 2,2
5D1C  D20D        MOV# 2,2,SNR
5D1D  0104        JMP 4,PC   ; -> 5D21
5D1E  F438 3D5A   ELEF 2,3D5A   ; [3D5A] = 65535
5D20  0102        JMP 2,PC   ; -> 5D22
5D21  7304        IO   7304
5D22  530F        STA 2,15,3
5D23  2200        LDA 0,0,2
5D24  4707        STA 0,@7,3
5D25  AFC8        RTN
5D26  E7C8 000E   SAVE 14             ; frame
5D28  B438 01B4   ELDA 2,01B4   ; = 436
5D2A  22FD        LDA 0,-3,2
5D2B  4308        STA 0,8,3
5D2C  0C42        JSR @66
5D2D  0001        JMP 1
5D2E  4309        STA 0,9,3
5D2F  AC38 01B4   ELDA 1,01B4   ; = 436
5D31  3308        LDA 2,8,3
5D32  CD00        SUB 2,1
5D33  4B0A        STA 1,10,3
5D34  8550        SUBZL 0,0
5D35  4306        STA 0,6,3
5D36  2306        LDA 0,6,3
5D37  2B0A        LDA 1,10,3
5D38  8E00        ADD 0,1
5D39  4B0C        STA 1,12,3
5D3A  370C        LDA 2,@12,3
5D3B  2F09        LDA 1,@9,3
5D3C  B248        SGE 1,2
5D3D  0103        JMP 3,PC   ; -> 5D40
5D3E  0903        JSR 3,PC   ; -> 5D41
5D3F  01F7        JMP -9,PC   ; -> 5D36
5D40  0108        JMP 8,PC   ; -> 5D48
5D41  EA00        MOV 3,1
5D42  3821        LDA 3,33
5D43  4B0B        STA 1,11,3
5D44  2306        LDA 0,6,3
5D45  8300        INC 0,0
5D46  4306        STA 0,6,3
5D47  070B        JMP @11,3
5D48  2306        LDA 0,6,3
5D49  8048        SBI 0,0
5D4A  4306        STA 0,6,3
5D4B  AC38 01E0   ELDA 1,01E0   ; = 480
5D4D  A50D        SUB# 1,0,SNR
5D4E  0131        JMP 49,PC   ; -> 5D7F
5D4F  8500        SUB 0,0
5D50  7004        IO   7004
5D51  2B06        LDA 1,6,3
5D52  CFC8        MULS
5D53  4B0C        STA 1,12,3
5D54  530D        STA 2,13,3
5D55  3020        LDA 2,32
5D56  630D        IO   630D
5D57  EC38 0222   ELEF 1,0222   ; = 546
5D59  8E48        PSH 0,1
5D5A  630C        IO   630C
5D5B  EC38 3D68   ELEF 1,3D68   ; [3D68] = 7
5D5D  8E48        PSH 0,1
5D5E  8C38 6F0B   EJSR 6F0B   ; [6F0B] = 59336
5D60  5020        STA 2,32
5D61  A438 0222   ELDA 0,0222   ; = 546
5D63  8300        INC 0,0
5D64  430D        STA 0,13,3
5D65  330D        LDA 2,13,3
5D66  530D        STA 2,13,3
5D67  2200        LDA 0,0,2
5D68  4307        STA 0,7,3
5D69  2307        LDA 0,7,3
5D6A  AC38 3D69   ELDA 1,3D69   ; [3D69] = 1023
5D6C  A248        SGE 1,0
5D6D  010F        JMP 15,PC   ; -> 5D7C
5D6E  B438 0222   ELDA 2,0222   ; = 546
5D70  9600        ADD 0,2
5D71  530D        STA 2,13,3
5D72  330D        LDA 2,13,3
5D73  530C        STA 2,12,3
5D74  2200        LDA 0,0,2
5D75  A7F8 575D   XORI 575D,0
5D77  4200        STA 0,0,2
5D78  2307        LDA 0,7,3
5D79  8300        INC 0,0
5D7A  4307        STA 0,7,3
5D7B  01EE        JMP -18,PC   ; -> 5D69
5D7C  2306        LDA 0,6,3
5D7D  C438 01E0   ESTA 0,01E0   ; = 480
5D7F  2306        LDA 0,6,3
5D80  2B0A        LDA 1,10,3
5D81  8E00        ADD 0,1
5D82  3709        LDA 2,@9,3
5D83  4B0C        STA 1,12,3
5D84  270C        LDA 0,@12,3
5D85  9500        SUB 0,2
5D86  D300        INC 2,2
5D87  5305        STA 2,5,3
5D88  D600        ADD 2,2
5D89  AC38 0222   ELDA 1,0222   ; = 546
5D8B  530C        STA 2,12,3
5D8C  B600        ADD 1,2
5D8D  530E        STA 2,14,3
5D8E  330E        LDA 2,14,3
5D8F  530E        STA 2,14,3
5D90  2200        LDA 0,0,2
5D91  4303        STA 0,3,3
5D92  AC38 0222   ELDA 1,0222   ; = 546
5D94  AB00        INC 1,1
5D95  330C        LDA 2,12,3
5D96  B600        ADD 1,2
5D97  530C        STA 2,12,3
5D98  330C        LDA 2,12,3
5D99  530C        STA 2,12,3
5D9A  2200        LDA 0,0,2
5D9B  AC38 0222   ELDA 1,0222   ; = 546
5D9D  3303        LDA 2,3,3
5D9E  B600        ADD 1,2
5D9F  4304        STA 0,4,3
5DA0  530C        STA 2,12,3
5DA1  3020        LDA 2,32
5DA2  6304        IO   6304
5DA3  8648        PSH 0,0
5DA4  630C        IO   630C
5DA5  EC38 3D6B   ELEF 1,3D6B   ; [3D6B] = 0
5DA7  8E48        PSH 0,1
5DA8  8C38 6F6E   EJSR 6F6E   ; [6F6E] = 59336
5DAA  5020        STA 2,32
5DAB  A438 01CC   ELDA 0,01CC   ; = 460
5DAD  820D        MOV# 0,0,SNR
5DAE  010F        JMP 15,PC   ; -> 5DBD
5DAF  AC38 0222   ELDA 1,0222   ; = 546
5DB1  2303        LDA 0,3,3
5DB2  A600        ADD 1,0
5DB3  430C        STA 0,12,3
5DB4  6304        IO   6304
5DB5  8648        PSH 0,0
5DB6  630C        IO   630C
5DB7  EC38 3D6C   ELEF 1,3D6C   ; [3D6C] = 10
5DB9  8E48        PSH 0,1
5DBA  8C38 6F6E   EJSR 6F6E   ; [6F6E] = 59336
5DBC  5020        STA 2,32
5DBD  AFC8        RTN
5DBE  E7C8 001E   SAVE 30             ; frame
5DC0  0C42        JSR @66
5DC1  0001        JMP 1
5DC2  430E        STA 0,14,3
5DC3  0C43        JSR @67
5DC4  0002        JMP 2
5DC5  430F        STA 0,15,3
5DC6  B438 01B4   ELDA 2,01B4   ; = 436
5DC8  2AFD        LDA 1,-3,2
5DC9  B500        SUB 1,2
5DCA  4B10        STA 1,16,3
5DCB  5311        STA 2,17,3
5DCC  0C62        JSR @98
5DCD  EC38 3D6D   ELEF 1,3D6D   ; [3D6D] = 80
5DCF  6306        IO   6306
5DD0  0C59        JSR @89
5DD1  6303        IO   6303
5DD2  0C59        JSR @89
5DD3  8550        SUBZL 0,0
5DD4  430B        STA 0,11,3
5DD5  230B        LDA 0,11,3
5DD6  3311        LDA 2,17,3
5DD7  9600        ADD 0,2
5DD8  5313        STA 2,19,3
5DD9  2A00        LDA 1,0,2
5DDA  370E        LDA 2,@14,3
5DDB  CA48        SGE 2,1
5DDC  0103        JMP 3,PC   ; -> 5DDF
5DDD  0903        JSR 3,PC   ; -> 5DE0
5DDE  01F7        JMP -9,PC   ; -> 5DD5
5DDF  0108        JMP 8,PC   ; -> 5DE7
5DE0  EA00        MOV 3,1
5DE1  3821        LDA 3,33
5DE2  4B12        STA 1,18,3
5DE3  230B        LDA 0,11,3
5DE4  8300        INC 0,0
5DE5  430B        STA 0,11,3
5DE6  0712        JMP @18,3
5DE7  230B        LDA 0,11,3
5DE8  8048        SBI 0,0
5DE9  430B        STA 0,11,3
5DEA  AC38 01E0   ELDA 1,01E0   ; = 480
5DEC  A50D        SUB# 1,0,SNR
5DED  012E        JMP 46,PC   ; -> 5E1B
5DEE  8500        SUB 0,0
5DEF  7004        IO   7004
5DF0  2B0B        LDA 1,11,3
5DF1  CFC8        MULS
5DF2  4B13        STA 1,19,3
5DF3  5314        STA 2,20,3
5DF4  3020        LDA 2,32
5DF5  6314        IO   6314
5DF6  EC38 0222   ELEF 1,0222   ; = 546
5DF8  8E48        PSH 0,1
5DF9  6313        IO   6313
5DFA  EC38 3D70   ELEF 1,3D70   ; [3D70] = 7
5DFC  8E48        PSH 0,1
5DFD  8C38 6F0B   EJSR 6F0B   ; [6F0B] = 59336
5DFF  5020        STA 2,32
5E00  230B        LDA 0,11,3
5E01  AC38 0222   ELDA 1,0222   ; = 546
5E03  AB00        INC 1,1
5E04  C438 01E0   ESTA 0,01E0   ; = 480
5E06  4B14        STA 1,20,3
5E07  2714        LDA 0,@20,3
5E08  430C        STA 0,12,3
5E09  230C        LDA 0,12,3
5E0A  EC38 03FF   ELEF 1,03FF   ; = 1023
5E0C  A248        SGE 1,0
5E0D  010E        JMP 14,PC   ; -> 5E1B
5E0E  B438 0222   ELDA 2,0222   ; = 546
5E10  9600        ADD 0,2
5E11  5314        STA 2,20,3
5E12  5313        STA 2,19,3
5E13  2200        LDA 0,0,2
5E14  A7F8 575D   XORI 575D,0
5E16  4200        STA 0,0,2
5E17  230C        LDA 0,12,3
5E18  8300        INC 0,0
5E19  430C        STA 0,12,3
5E1A  01EF        JMP -17,PC   ; -> 5E09
5E1B  330B        LDA 2,11,3
5E1C  2311        LDA 0,17,3
5E1D  9600        ADD 0,2
5E1E  2F0E        LDA 1,@14,3
5E1F  5313        STA 2,19,3
5E20  2200        LDA 0,0,2
5E21  8D00        SUB 0,1
5E22  AB00        INC 1,1
5E23  4B0A        STA 1,10,3
5E24  AE00        ADD 1,1
5E25  B438 0222   ELDA 2,0222   ; = 546
5E27  B600        ADD 1,2
5E28  5313        STA 2,19,3
5E29  2200        LDA 0,0,2
5E2A  430D        STA 0,13,3
5E2B  B438 0222   ELDA 2,0222   ; = 546
5E2D  D300        INC 2,2
5E2E  B600        ADD 1,2
5E2F  5313        STA 2,19,3
5E30  2200        LDA 0,0,2
5E31  B438 0222   ELDA 2,0222   ; = 546
5E33  4309        STA 0,9,3
5E34  230D        LDA 0,13,3
5E35  9600        ADD 0,2
5E36  5313        STA 2,19,3
5E37  3020        LDA 2,32
5E38  E438 3D6D   ELEF 0,3D6D   ; [3D6D] = 80
5E3A  8648        PSH 0,0
5E3B  6315        IO   6315
5E3C  2B13        LDA 1,19,3
5E3D  0C3F        JSR @63
5E3E  5020        STA 2,32
5E3F  6303        IO   6303
5E40  6B15        IO   6B15
5E41  0C5C        JSR @92
5E42  6309        IO   6309
5E43  6B03        IO   6B03
5E44  8E48        PSH 0,1
5E45  8C38 75C8   EJSR 75C8   ; [75C8] = 59336
5E47  5020        STA 2,32
5E48  E438 3D73   ELEF 0,3D73   ; -> "/" (len 1)
5E4A  8648        PSH 0,0
5E4B  6303        IO   6303
5E4C  6B13        IO   6B13
5E4D  8E48        PSH 0,1
5E4E  8C38 742D   EJSR 742D   ; [742D] = 59336
5E50  5020        STA 2,32
5E51  2313        LDA 0,19,3
5E52  430B        STA 0,11,3
5E53  820D        MOV# 0,0,SNR
5E54  012C        JMP 44,PC   ; -> 5E80
5E55  8300        INC 0,0
5E56  7303        IO   7303
5E57  2A02        LDA 1,2,2
5E58  3020        LDA 2,32
5E59  4313        STA 0,19,3
5E5A  4B18        STA 1,24,3
5E5B  6318        IO   6318
5E5C  6B13        IO   6B13
5E5D  8E48        PSH 0,1
5E5E  6303        IO   6303
5E5F  6B15        IO   6B15
5E60  0C5D        JSR @93
5E61  5020        STA 2,32
5E62  6306        IO   6306
5E63  0C5C        JSR @92
5E64  2B0B        LDA 1,11,3
5E65  8848        SBI 0,1
5E66  4B18        STA 1,24,3
5E67  6318        IO   6318
5E68  EC38 3D6E   ELEF 1,3D6E   ; [3D6E] = 1
5E6A  8E48        PSH 0,1
5E6B  6303        IO   6303
5E6C  6B15        IO   6B15
5E6D  0C5D        JSR @93
5E6E  5020        STA 2,32
5E6F  0C62        JSR @98
5E70  3020        LDA 2,32
5E71  230F        LDA 0,15,3
5E72  8648        PSH 0,0
5E73  A200        MOV 1,0
5E74  6B19        IO   6B19
5E75  0C40        JSR @64
5E76  5020        STA 2,32
5E77  6306        IO   6306
5E78  8648        PSH 0,0
5E79  A200        MOV 1,0
5E7A  6B1C        IO   6B1C
5E7B  0C40        JSR @64
5E7C  5020        STA 2,32
5E7D  6303        IO   6303
5E7E  0C5C        JSR @92
5E7F  0C63        JSR @99
5E80  7303        IO   7303
5E81  2202        LDA 0,2,2
5E82  430B        STA 0,11,3
5E83  3020        LDA 2,32
5E84  6303        IO   6303
5E85  6B18        IO   6B18
5E86  0C51        JSR @81
5E87  5020        STA 2,32
5E88  230B        LDA 0,11,3
5E89  4313        STA 0,19,3
5E8A  6313        IO   6313
5E8B  8648        PSH 0,0
5E8C  A200        MOV 1,0
5E8D  EC38 3D77   ELEF 1,3D77   ; [3D77] = 0
5E8F  8E48        PSH 0,1
5E90  8C38 6F6E   EJSR 6F6E   ; [6F6E] = 59336
5E92  5020        STA 2,32
5E93  A438 01CC   ELDA 0,01CC   ; = 460
5E95  820D        MOV# 0,0,SNR
5E96  0110        JMP 16,PC   ; -> 5EA6
5E97  6303        IO   6303
5E98  6B13        IO   6B13
5E99  0C51        JSR @81
5E9A  5020        STA 2,32
5E9B  230B        LDA 0,11,3
5E9C  4318        STA 0,24,3
5E9D  6318        IO   6318
5E9E  8648        PSH 0,0
5E9F  A200        MOV 1,0
5EA0  EC38 3D78   ELEF 1,3D78   ; [3D78] = 10
5EA2  8E48        PSH 0,1
5EA3  8C38 6F6E   EJSR 6F6E   ; [6F6E] = 59336
5EA5  5020        STA 2,32
5EA6  0C63        JSR @99
5EA7  AFC8        RTN
5EA8  E7C8 0006   SAVE 6             ; frame
5EAA  0C42        JSR @66
5EAB  0001        JMP 1
5EAC  4303        STA 0,3,3
5EAD  8500        SUB 0,0
5EAE  6804        IO   6804
5EAF  3703        LDA 2,@3,3
5EB0  CFC8        MULS
5EB1  4B04        STA 1,4,3
5EB2  6004        IO   6004
5EB3  4305        STA 0,5,3
5EB4  4B06        STA 1,6,3
5EB5  3020        LDA 2,32
5EB6  6305        IO   6305
5EB7  EC38 0223   ELEF 1,0223   ; = 547
5EB9  8E48        PSH 0,1
5EBA  6306        IO   6306
5EBB  EC38 3D7A   ELEF 1,3D7A   ; [3D7A] = 8
5EBD  8E48        PSH 0,1
5EBE  8C38 6F0B   EJSR 6F0B   ; [6F0B] = 59336
5EC0  5020        STA 2,32
5EC1  AFC8        RTN
5EC2  E7C8 0007   SAVE 7             ; frame
5EC4  B438 01B5   ELDA 2,01B5   ; = 437
5EC6  22FD        LDA 0,-3,2
5EC7  4303        STA 0,3,3
5EC8  0C42        JSR @66
5EC9  0001        JMP 1
5ECA  4304        STA 0,4,3
5ECB  0C42        JSR @66
5ECC  0002        JMP 2
5ECD  4305        STA 0,5,3
5ECE  AC38 01B5   ELDA 1,01B5   ; = 437
5ED0  3303        LDA 2,3,3
5ED1  CD00        SUB 2,1
5ED2  4B06        STA 1,6,3
5ED3  2704        LDA 0,@4,3
5ED4  AC38 01E1   ELDA 1,01E1   ; = 481
5ED6  8D0D        SUB# 0,1,SNR
5ED7  0121        JMP 33,PC   ; -> 5EF8
5ED8  A438 01D1   ELDA 0,01D1   ; = 465
5EDA  8300        INC 0,0
5EDB  2F04        LDA 1,@4,3
5EDC  A208        SGT 1,0
5EDD  010A        JMP 10,PC   ; -> 5EE7
5EDE  3020        LDA 2,32
5EDF  2304        LDA 0,4,3
5EE0  EC38 3D7B   ELEF 1,3D7B   ; [3D7B] = 111
5EE2  8E48        PSH 0,1
5EE3  8C38 5DBE   EJSR 5DBE   ; [5DBE] = 59336
5EE5  5020        STA 2,32
5EE6  0112        JMP 18,PC   ; -> 5EF8
5EE7  2704        LDA 0,@4,3
5EE8  C438 01E1   ESTA 0,01E1   ; = 481
5EEA  2B06        LDA 1,6,3
5EEB  8E00        ADD 0,1
5EEC  4B07        STA 1,7,3
5EED  3707        LDA 2,@7,3
5EEE  8048        SBI 0,0
5EEF  4307        STA 0,7,3
5EF0  D438 01E2   ESTA 2,01E2   ; = 482
5EF2  3020        LDA 2,32
5EF3  6B07        IO   6B07
5EF4  AE48        PSH 1,1
5EF5  8C38 5EA8   EJSR 5EA8   ; [5EA8] = 59336
5EF7  5020        STA 2,32
5EF8  2705        LDA 0,@5,3
5EF9  C438 01D6   ESTA 0,01D6   ; = 470
5EFB  AC38 01E2   ELDA 1,01E2   ; = 482
5EFD  8E00        ADD 0,1
5EFE  CC38 01D5   ESTA 1,01D5   ; = 469
5F00  AFC8        RTN
5F01  E7C8 0005   SAVE 5             ; frame
5F03  0C42        JSR @66
5F04  0001        JMP 1
5F05  4303        STA 0,3,3
5F06  0C42        JSR @66
5F07  0002        JMP 2
5F08  4304        STA 0,4,3
5F09  0101        JMP 1,PC   ; -> 5F0A
5F0A  8500        SUB 0,0
5F0B  2F04        LDA 1,@4,3
5F0C  7064        IO   7064
5F0D  C438 01D0   ESTA 0,01D0   ; = 464
5F0F  B50C        SUB# 1,2,SZR
5F10  0106        JMP 6,PC   ; -> 5F16
5F11  A438 3D7E   ELDA 0,3D7E   ; [3D7E] = 1
5F13  C438 01CE   ESTA 0,01CE   ; = 462
5F15  0111        JMP 17,PC   ; -> 5F26
5F16  2704        LDA 0,@4,3
5F17  6865        IO   6865
5F18  8D0C        SUB# 0,1,SZR
5F19  0106        JMP 6,PC   ; -> 5F1F
5F1A  B438 3D80   ELDA 2,3D80   ; [3D80] = 0
5F1C  D438 01CE   ESTA 2,01CE   ; = 462
5F1E  0108        JMP 8,PC   ; -> 5F26
5F1F  A438 01E1   ELDA 0,01E1   ; = 481
5F21  F438 3D84   ELEF 2,3D84   ; [3D84] = 24359
5F23  0C5A        JSR @90
5F24  D00C        COM# 2,2,SZR
5F25  0A00        JSR 0,2
5F26  013E        JMP 62,PC   ; -> 5F64
5F27  3020        LDA 2,32
5F28  3821        LDA 3,33
5F29  2304        LDA 0,4,3
5F2A  8648        PSH 0,0
5F2B  0C0C 017F   JSR @12            ; overlay call, arg 017F
5F2D  5020        STA 2,32
5F2E  0136        JMP 54,PC   ; -> 5F64
5F2F  3821        LDA 3,33
5F30  2704        LDA 0,@4,3
5F31  6819        IO   6819
5F32  8A08        SGT 0,1
5F33  010B        JMP 11,PC   ; -> 5F3E
5F34  E7F8 FFE7   ADDI FFE7,0
5F36  4305        STA 0,5,3
5F37  3020        LDA 2,32
5F38  6305        IO   6305
5F39  8648        PSH 0,0
5F3A  0C0C 017D   JSR @12            ; overlay call, arg 017D
5F3C  5020        STA 2,32
5F3D  0107        JMP 7,PC   ; -> 5F44
5F3E  3020        LDA 2,32
5F3F  2304        LDA 0,4,3
5F40  8648        PSH 0,0
5F41  0C0C 0189   JSR @12            ; overlay call, arg 0189
5F43  5020        STA 2,32
5F44  0120        JMP 32,PC   ; -> 5F64
5F45  3020        LDA 2,32
5F46  3821        LDA 3,33
5F47  2304        LDA 0,4,3
5F48  8648        PSH 0,0
5F49  0C0C 0191   JSR @12            ; overlay call, arg 0191
5F4B  5020        STA 2,32
5F4C  0118        JMP 24,PC   ; -> 5F64
5F4D  3020        LDA 2,32
5F4E  3821        LDA 3,33
5F4F  2304        LDA 0,4,3
5F50  8648        PSH 0,0
5F51  0C0C 0197   JSR @12            ; overlay call, arg 0197
5F53  5020        STA 2,32
5F54  0110        JMP 16,PC   ; -> 5F64
5F55  3020        LDA 2,32
5F56  3821        LDA 3,33
5F57  2304        LDA 0,4,3
5F58  8648        PSH 0,0
5F59  0C0C 019F   JSR @12            ; overlay call, arg 019F
5F5B  5020        STA 2,32
5F5C  0108        JMP 8,PC   ; -> 5F64
5F5D  3020        LDA 2,32
5F5E  3821        LDA 3,33
5F5F  2304        LDA 0,4,3
5F60  8648        PSH 0,0
5F61  0C0C 01A5   JSR @12            ; overlay call, arg 01A5
5F63  5020        STA 2,32
5F64  A438 01D0   ELDA 0,01D0   ; = 464
5F66  4703        STA 0,@3,3
5F67  AFC8        RTN
5F68  E7C8 000A   SAVE 10             ; frame
5F6A  0C42        JSR @66
5F6B  0001        JMP 1
5F6C  4305        STA 0,5,3
5F6D  0C42        JSR @66
5F6E  0002        JMP 2
5F6F  4307        STA 0,7,3
5F70  0C42        JSR @66
5F71  0003        JMP 3
5F72  4308        STA 0,8,3
5F73  3020        LDA 2,32
5F74  6B09        IO   6B09
5F75  AE48        PSH 1,1
5F76  8C38 6D7E   EJSR 6D7E   ; [6D7E] = 59336
5F78  5020        STA 2,32
5F79  2309        LDA 0,9,3
5F7A  824A        MOVL# 0,0,SZC
5F7B  8100        NEG 0,0
5F7C  430A        STA 0,10,3
5F7D  4304        STA 0,4,3
5F7E  2F08        LDA 1,@8,3
5F7F  2707        LDA 0,@7,3
5F80  8D00        SUB 0,1
5F81  AB00        INC 1,1
5F82  4B09        STA 1,9,3
5F83  2B04        LDA 1,4,3
5F84  3309        LDA 2,9,3
5F85  BFC8        DIVX
5F86  2F07        LDA 1,@7,3
5F87  A600        ADD 1,0
5F88  4303        STA 0,3,3
5F89  4705        STA 0,@5,3
5F8A  AFC8        RTN
5F8B  E7C8 000A   SAVE 10             ; frame
5F8D  0C42        JSR @66
5F8E  0001        JMP 1
5F8F  4303        STA 0,3,3
5F90  0C42        JSR @66
5F91  0002        JMP 2
5F92  4304        STA 0,4,3
5F93  B438 01B7   ELDA 2,01B7   ; = 439
5F95  2AFD        LDA 1,-3,2
5F96  32FB        LDA 2,-5,2
5F97  5305        STA 2,5,3
5F98  B438 01B7   ELDA 2,01B7   ; = 439
5F9A  32FE        LDA 2,-2,2
5F9B  4B06        STA 1,6,3
5F9C  A900        NEG 1,1
5F9D  AB00        INC 1,1
5F9E  5307        STA 2,7,3
5F9F  B600        ADD 1,2
5FA0  2306        LDA 0,6,3
5FA1  4B08        STA 1,8,3
5FA2  2B05        LDA 1,5,3
5FA3  CFC8        MULS
5FA4  A438 01B7   ELDA 0,01B7   ; = 439
5FA6  A500        SUB 1,0
5FA7  CA00        MOV 2,1
5FA8  4309        STA 0,9,3
5FA9  A200        MOV 1,0
5FAA  AE00        ADD 1,1
5FAB  8E00        ADD 0,1
5FAC  2704        LDA 0,@4,3
5FAD  8E00        ADD 0,1
5FAE  3309        LDA 2,9,3
5FAF  B600        ADD 1,2
5FB0  530A        STA 2,10,3
5FB1  2200        LDA 0,0,2
5FB2  C7F8 0600   ANDI 0600,0
5FB4  6809        IO   6809
5FB5  A900        NEG 1,1
5FB6  A288        LSH 1,0
5FB7  C7F8 0003   ANDI 0003,0
5FB9  4703        STA 0,@3,3
5FBA  AFC8        RTN
5FBB  E7C8 0004   SAVE 4             ; frame
5FBD  3020        LDA 2,32
5FBE  E438 3D8E   ELEF 0,3D8E   ; -> "." (len 1)
5FC0  6B03        IO   6B03
5FC1  0C51        JSR @81
5FC2  5020        STA 2,32
5FC3  3020        LDA 2,32
5FC4  8400        ADC 0,0
5FC5  EC38 3D8D   ELEF 1,3D8D   ; [3D8D] = 0
5FC7  0C34        JSR @52
5FC8  5020        STA 2,32
5FC9  8400        ADC 0,0
5FCA  EC38 3D8E   ELEF 1,3D8E   ; -> "." (len 1)
5FCC  0C31        JSR @49
5FCD  5020        STA 2,32
5FCE  0C38        JSR @56
5FCF  A438 01CC   ELDA 0,01CC   ; = 460
5FD1  820D        MOV# 0,0,SNR
5FD2  010C        JMP 12,PC   ; -> 5FDE
5FD3  AD50        SUBZL 1,1
5FD4  4B04        STA 1,4,3
5FD5  6304        IO   6304
5FD6  8648        PSH 0,0
5FD7  6303        IO   6303
5FD8  EC38 3D93   ELEF 1,3D93   ; [3D93] = 10
5FDA  8E48        PSH 0,1
5FDB  8C38 6F6E   EJSR 6F6E   ; [6F6E] = 59336
5FDD  5020        STA 2,32
5FDE  AFC8        RTN
5FDF  E7C8 0008   SAVE 8             ; frame
5FE1  B438 01B5   ELDA 2,01B5   ; = 437
5FE3  22FD        LDA 0,-3,2
5FE4  4303        STA 0,3,3
5FE5  0C42        JSR @66
5FE6  0001        JMP 1
5FE7  4304        STA 0,4,3
5FE8  0C42        JSR @66
5FE9  0002        JMP 2
5FEA  4306        STA 0,6,3
5FEB  0C42        JSR @66
5FEC  0003        JMP 3
5FED  4307        STA 0,7,3
5FEE  AC38 01B5   ELDA 1,01B5   ; = 437
5FF0  3303        LDA 2,3,3
5FF1  CD00        SUB 2,1
5FF2  2706        LDA 0,@6,3
5FF3  8E00        ADD 0,1
5FF4  4B08        STA 1,8,3
5FF5  2707        LDA 0,@7,3
5FF6  2F08        LDA 1,@8,3
5FF7  8E00        ADD 0,1
5FF8  4F04        STA 1,@4,3
5FF9  AFC8        RTN
5FFA  E7C8 000C   SAVE 12             ; frame
5FFC  B438 01B7   ELDA 2,01B7   ; = 439
5FFE  22FD        LDA 0,-3,2
5FFF  2AFB        LDA 1,-5,2
6000  32FE        LDA 2,-2,2
6001  4304        STA 0,4,3
6002  4B05        STA 1,5,3
6003  5306        STA 2,6,3
6004  0C42        JSR @66
6005  0001        JMP 1
6006  4307        STA 0,7,3
6007  0C42        JSR @66
6008  0002        JMP 2
6009  4309        STA 0,9,3
600A  2B04        LDA 1,4,3
600B  A900        NEG 1,1
600C  AB00        INC 1,1
600D  3306        LDA 2,6,3
600E  B600        ADD 1,2
600F  2304        LDA 0,4,3
6010  4B0A        STA 1,10,3
6011  2B05        LDA 1,5,3
6012  CFC8        MULS
6013  A438 01B7   ELDA 0,01B7   ; = 439
6015  A500        SUB 1,0
6016  D600        ADD 2,2
6017  430B        STA 0,11,3
6018  2709        LDA 0,@9,3
6019  9600        ADD 0,2
601A  230B        LDA 0,11,3
601B  9600        ADD 0,2
601C  530C        STA 2,12,3
601D  2200        LDA 0,0,2
601E  680D        IO   680D
601F  A900        NEG 1,1
6020  A288        LSH 1,0
6021  4303        STA 0,3,3
6022  4707        STA 0,@7,3
6023  AFC8        RTN
6024  E7C8 0011   SAVE 17             ; frame
6026  B438 01B7   ELDA 2,01B7   ; = 439
6028  22FD        LDA 0,-3,2
6029  2AFB        LDA 1,-5,2
602A  32FE        LDA 2,-2,2
602B  4304        STA 0,4,3
602C  4B05        STA 1,5,3
602D  5306        STA 2,6,3
602E  0C42        JSR @66
602F  0001        JMP 1
6030  4307        STA 0,7,3
6031  0C42        JSR @66
6032  0002        JMP 2
6033  4308        STA 0,8,3
6034  2B04        LDA 1,4,3
6035  A900        NEG 1,1
6036  AB00        INC 1,1
6037  3306        LDA 2,6,3
6038  B600        ADD 1,2
6039  8500        SUB 0,0
603A  4B09        STA 1,9,3
603B  2B05        LDA 1,5,3
603C  CFC8        MULS
603D  2304        LDA 0,4,3
603E  4B0A        STA 1,10,3
603F  8E00        ADD 0,1
6040  A438 01B7   ELDA 0,01B7   ; = 439
6042  A500        SUB 1,0
6043  530B        STA 2,11,3
6044  D600        ADD 2,2
6045  430C        STA 0,12,3
6046  2707        LDA 0,@7,3
6047  530D        STA 2,13,3
6048  9600        ADD 0,2
6049  230C        LDA 0,12,3
604A  530E        STA 2,14,3
604B  9600        ADD 0,2
604C  2708        LDA 0,@8,3
604D  4B0F        STA 1,15,3
604E  AC38 3D96   ELDA 1,3D96   ; [3D96] = 65523
6050  A900        NEG 1,1
6051  A288        LSH 1,0
6052  4310        STA 0,16,3
6053  5311        STA 2,17,3
6054  2A00        LDA 1,0,2
6055  CFF8 1FFF   ANDI 1FFF,1
6057  4B03        STA 1,3,3
6058  A600        ADD 1,0
6059  4200        STA 0,0,2
605A  AFC8        RTN
605B  E7C8 0004   SAVE 4             ; frame
605D  0C42        JSR @66
605E  0001        JMP 1
605F  4303        STA 0,3,3
6060  0C42        JSR @66
6061  0002        JMP 2
6062  4304        STA 0,4,3
6063  2F03        LDA 1,@3,3
6064  B438 01D2   ELDA 2,01D2   ; = 466
6066  B600        ADD 1,2
6067  2704        LDA 0,@4,3
6068  C438 0208   ESTA 0,0208   ; = 520
606A  D438 0207   ESTA 2,0207   ; = 519
606C  AFC8        RTN
606D  E7C8 001B   SAVE 27             ; frame
606F  B438 01B7   ELDA 2,01B7   ; = 439
6071  22FD        LDA 0,-3,2
6072  2AFB        LDA 1,-5,2
6073  32FE        LDA 2,-2,2
6074  530A        STA 2,10,3
6075  B438 01B1   ELDA 2,01B1   ; = 433
6077  32FD        LDA 2,-3,2
6078  430B        STA 0,11,3
6079  4B0C        STA 1,12,3
607A  530D        STA 2,13,3
607B  0C42        JSR @66
607C  0001        JMP 1
607D  430E        STA 0,14,3
607E  0C42        JSR @66
607F  0002        JMP 2
6080  4310        STA 0,16,3
6081  0C42        JSR @66
6082  0003        JMP 3
6083  4311        STA 0,17,3
6084  0C42        JSR @66
6085  0004        JMP 4
6086  4312        STA 0,18,3
6087  2B0B        LDA 1,11,3
6088  A900        NEG 1,1
6089  AB00        INC 1,1
608A  330A        LDA 2,10,3
608B  B600        ADD 1,2
608C  8500        SUB 0,0
608D  4B13        STA 1,19,3
608E  2B0C        LDA 1,12,3
608F  CFC8        MULS
6090  230B        LDA 0,11,3
6091  4B14        STA 1,20,3
6092  8E00        ADD 0,1
6093  A438 01B7   ELDA 0,01B7   ; = 439
6095  A500        SUB 1,0
6096  4315        STA 0,21,3
6097  A438 01B1   ELDA 0,01B1   ; = 433
6099  4B16        STA 1,22,3
609A  2B0D        LDA 1,13,3
609B  A500        SUB 1,0
609C  4317        STA 0,23,3
609D  5318        STA 2,24,3
609E  0C62        JSR @98
609F  8688        POP 0,0
60A0  AD50        SUBZL 1,1
60A1  AE48        PSH 1,1
60A2  6814        IO   6814
60A3  AE48        PSH 1,1
60A4  AD50        SUBZL 1,1
60A5  AE48        PSH 1,1
60A6  6814        IO   6814
60A7  AE48        PSH 1,1
60A8  3020        LDA 2,32
60A9  8EF8        MSP 0
60AA  4420        STA 0,@32
60AB  5303        STA 2,3,3
60AC  2303        LDA 0,3,3
60AD  8048        SBI 0,0
60AE  4319        STA 0,25,3
60AF  A438 3D99   ELDA 0,3D99   ; [3D99] = 0
60B1  4304        STA 0,4,3
60B2  AD00        SUB 1,1
60B3  D550        SUBZL 2,2
60B4  4305        STA 0,5,3
60B5  4B06        STA 1,6,3
60B6  5307        STA 2,7,3
60B7  2307        LDA 0,7,3
60B8  AC38 01DD   ELDA 1,01DD   ; = 477
60BA  A248        SGE 1,0
60BB  0115        JMP 21,PC   ; -> 60D0
60BC  3318        LDA 2,24,3
60BD  9600        ADD 0,2
60BE  2315        LDA 0,21,3
60BF  9600        ADD 0,2
60C0  2711        LDA 0,@17,3
60C1  531A        STA 2,26,3
60C2  2A00        LDA 1,0,2
60C3  8D0C        SUB# 0,1,SZR
60C4  0108        JMP 8,PC   ; -> 60CC
60C5  3306        LDA 2,6,3
60C6  D300        INC 2,2
60C7  5306        STA 2,6,3
60C8  2319        LDA 0,25,3
60C9  9600        ADD 0,2
60CA  2307        LDA 0,7,3
60CB  4200        STA 0,0,2
60CC  2307        LDA 0,7,3
60CD  8300        INC 0,0
60CE  4307        STA 0,7,3
60CF  01E8        JMP -24,PC   ; -> 60B7
60D0  2306        LDA 0,6,3
60D1  820C        MOV# 0,0,SZR
60D2  0118        JMP 24,PC   ; -> 60EA
60D3  2F11        LDA 1,@17,3
60D4  AA0C        MOV# 1,1,SZR
60D5  0109        JMP 9,PC   ; -> 60DE
60D6  3020        LDA 2,32
60D7  E438 3D9B   ELEF 0,3D9B   ; [3D9B] = 70
60D9  8648        PSH 0,0
60DA  8C38 5D26   EJSR 5D26   ; [5D26] = 59336
60DC  5020        STA 2,32
60DD  0108        JMP 8,PC   ; -> 60E5
60DE  3020        LDA 2,32
60DF  E438 3D9C   ELEF 0,3D9C   ; [3D9C] = 71
60E1  8648        PSH 0,0
60E2  8C38 5D26   EJSR 5D26   ; [5D26] = 59336
60E4  5020        STA 2,32
60E5  A438 3D9D   ELDA 0,3D9D   ; [3D9D] = 1
60E7  4305        STA 0,5,3
60E8  8538 00A1   EJMP 00A1,PC   ; -> 618A
60EA  2710        LDA 0,@16,3
60EB  8300        INC 0,0
60EC  2B17        LDA 1,23,3
60ED  8E00        ADD 0,1
60EE  B438 3D9E   ELDA 2,3D9E   ; [3D9E] = 2802
60F0  4B1A        STA 1,26,3
60F1  271A        LDA 0,@26,3
60F2  950D        SUB# 0,2,SNR
60F3  0103        JMP 3,PC   ; -> 60F6
60F4  8538 0059   EJMP 0059,PC   ; -> 614E
60F6  2F10        LDA 1,@16,3
60F7  A808        ADI 1,1
60F8  4B09        STA 1,9,3
60F9  2304        LDA 0,4,3
60FA  AC38 3D9D   ELDA 1,3D9D   ; [3D9D] = 1
60FC  A50D        SUB# 1,0,SNR
60FD  0103        JMP 3,PC   ; -> 6100
60FE  0903        JSR 3,PC   ; -> 6101
60FF  01FA        JMP -6,PC   ; -> 60F9
6100  014E        JMP 78,PC   ; -> 614E
6101  EA00        MOV 3,1
6102  3821        LDA 3,33
6103  4B1A        STA 1,26,3
6104  3020        LDA 2,32
6105  E438 3D98   ELEF 0,3D98   ; [3D98] = 1
6107  2B11        LDA 1,17,3
6108  8E48        PSH 0,1
6109  6309        IO   6309
610A  6B1B        IO   6B1B
610B  8E48        PSH 0,1
610C  8C38 5674   EJSR 5674   ; [5674] = 59336
610E  5020        STA 2,32
610F  231B        LDA 0,27,3
6110  4308        STA 0,8,3
6111  824B        MOVL# 0,0,SNC
6112  0106        JMP 6,PC   ; -> 6118
6113  AC38 3D9D   ELDA 1,3D9D   ; [3D9D] = 1
6115  4B04        STA 1,4,3
6116  4B05        STA 1,5,3
6117  012C        JMP 44,PC   ; -> 6143
6118  2308        LDA 0,8,3
6119  2B18        LDA 1,24,3
611A  8E00        ADD 0,1
611B  3315        LDA 2,21,3
611C  B600        ADD 1,2
611D  2711        LDA 0,@17,3
611E  531B        STA 2,27,3
611F  2A00        LDA 1,0,2
6120  8D0D        SUB# 0,1,SNR
6121  010F        JMP 15,PC   ; -> 6130
6122  B438 3D9D   ELDA 2,3D9D   ; [3D9D] = 1
6124  5304        STA 2,4,3
6125  5305        STA 2,5,3
6126  3020        LDA 2,32
6127  E438 021D   ELEF 0,021D   ; = 541
6129  EC38 3D9F   ELEF 1,3D9F   ; [3D9F] = 2
612B  8E48        PSH 0,1
612C  8C38 5DBE   EJSR 5DBE   ; [5DBE] = 59336
612E  5020        STA 2,32
612F  0114        JMP 20,PC   ; -> 6143
6130  8550        SUBZL 0,0
6131  4307        STA 0,7,3
6132  2307        LDA 0,7,3
6133  2B06        LDA 1,6,3
6134  A248        SGE 1,0
6135  010E        JMP 14,PC   ; -> 6143
6136  3319        LDA 2,25,3
6137  9600        ADD 0,2
6138  2308        LDA 0,8,3
6139  531B        STA 2,27,3
613A  2A00        LDA 1,0,2
613B  8D0C        SUB# 0,1,SZR
613C  0103        JMP 3,PC   ; -> 613F
613D  AC00        ADC 1,1
613E  4A00        STA 1,0,2
613F  2307        LDA 0,7,3
6140  8300        INC 0,0
6141  4307        STA 0,7,3
6142  01F0        JMP -16,PC   ; -> 6132
6143  A438 01DB   ELDA 0,01DB   ; = 475
6145  8300        INC 0,0
6146  4309        STA 0,9,3
6147  2F12        LDA 1,@18,3
6148  8A48        SGE 0,1
6149  0104        JMP 4,PC   ; -> 614D
614A  B438 3D9D   ELDA 2,3D9D   ; [3D9D] = 1
614C  5304        STA 2,4,3
614D  071A        JMP @26,3
614E  2305        LDA 0,5,3
614F  820C        MOV# 0,0,SZR
6150  013A        JMP 58,PC   ; -> 618A
6151  2F12        LDA 1,@18,3
6152  B438 01DE   ELDA 2,01DE   ; = 478
6154  B208        SGT 1,2
6155  0115        JMP 21,PC   ; -> 616A
6156  4B07        STA 1,7,3
6157  2307        LDA 0,7,3
6158  AC38 01DE   ELDA 1,01DE   ; = 478
615A  A248        SGE 1,0
615B  010F        JMP 15,PC   ; -> 616A
615C  3306        LDA 2,6,3
615D  D300        INC 2,2
615E  5306        STA 2,6,3
615F  2B17        LDA 1,23,3
6160  8E00        ADD 0,1
6161  2319        LDA 0,25,3
6162  9600        ADD 0,2
6163  4B1B        STA 1,27,3
6164  271B        LDA 0,@27,3
6165  2B07        LDA 1,7,3
6166  AB00        INC 1,1
6167  4200        STA 0,0,2
6168  4B07        STA 1,7,3
6169  01EE        JMP -18,PC   ; -> 6157
616A  6002        IO   6002
616B  AD50        SUBZL 1,1
616C  4309        STA 0,9,3
616D  4B07        STA 1,7,3
616E  2307        LDA 0,7,3
616F  2B06        LDA 1,6,3
6170  A248        SGE 1,0
6171  0115        JMP 21,PC   ; -> 6186
6172  3319        LDA 2,25,3
6173  9600        ADD 0,2
6174  8400        ADC 0,0
6175  531B        STA 2,27,3
6176  2A00        LDA 1,0,2
6177  8D0D        SUB# 0,1,SNR
6178  010A        JMP 10,PC   ; -> 6182
6179  2309        LDA 0,9,3
617A  2B17        LDA 1,23,3
617B  8E00        ADD 0,1
617C  2200        LDA 0,0,2
617D  3309        LDA 2,9,3
617E  D300        INC 2,2
617F  4B1B        STA 1,27,3
6180  471B        STA 0,@27,3
6181  5309        STA 2,9,3
6182  2307        LDA 0,7,3
6183  8300        INC 0,0
6184  4307        STA 0,7,3
6185  01E9        JMP -23,PC   ; -> 616E
6186  2309        LDA 0,9,3
6187  8048        SBI 0,0
6188  C438 01DE   ESTA 0,01DE   ; = 478
618A  2305        LDA 0,5,3
618B  470E        STA 0,@14,3
618C  0C63        JSR @99
618D  AFC8        RTN
618E  E7C8 001F   SAVE 31             ; frame
6190  0C42        JSR @66
6191  0001        JMP 1
6192  4309        STA 0,9,3
6193  0C42        JSR @66
6194  0002        JMP 2
6195  430A        STA 0,10,3
6196  0C42        JSR @66
6197  0003        JMP 3
6198  430B        STA 0,11,3
6199  B438 01B7   ELDA 2,01B7   ; = 439
619B  2AFD        LDA 1,-3,2
619C  32FB        LDA 2,-5,2
619D  530C        STA 2,12,3
619E  B438 01B7   ELDA 2,01B7   ; = 439
61A0  32FE        LDA 2,-2,2
61A1  4B0D        STA 1,13,3
61A2  A900        NEG 1,1
61A3  AB00        INC 1,1
61A4  530E        STA 2,14,3
61A5  B600        ADD 1,2
61A6  8500        SUB 0,0
61A7  4B0F        STA 1,15,3
61A8  2B0C        LDA 1,12,3
61A9  CFC8        MULS
61AA  230D        LDA 0,13,3
61AB  4B10        STA 1,16,3
61AC  8E00        ADD 0,1
61AD  A438 01B7   ELDA 0,01B7   ; = 439
61AF  A500        SUB 1,0
61B0  5311        STA 2,17,3
61B1  D600        ADD 2,2
61B2  5312        STA 2,18,3
61B3  B438 01AF   ELDA 2,01AF   ; = 431
61B5  32FD        LDA 2,-3,2
61B6  4B13        STA 1,19,3
61B7  CA00        MOV 2,1
61B8  4314        STA 0,20,3
61B9  A200        MOV 1,0
61BA  AE00        ADD 1,1
61BB  8E00        ADD 0,1
61BC  A438 01AF   ELDA 0,01AF   ; = 431
61BE  A500        SUB 1,0
61BF  4315        STA 0,21,3
61C0  A438 3DB3   ELDA 0,3DB3   ; [3DB3] = 32768
61C2  820D        MOV# 0,0,SNR
61C3  D501        SUB 2,2,SKP
61C4  D550        SUBZL 2,2
61C5  2312        LDA 0,18,3
61C6  E7F8 001D   ADDI 001D,0
61C8  2B14        LDA 1,20,3
61C9  4316        STA 0,22,3
61CA  A600        ADD 1,0
61CB  4317        STA 0,23,3
61CC  2312        LDA 0,18,3
61CD  E7F8 0056   ADDI 0056,0
61CF  4318        STA 0,24,3
61D0  A600        ADD 1,0
61D1  4319        STA 0,25,3
61D2  2312        LDA 0,18,3
61D3  E7F8 0057   ADDI 0057,0
61D5  431A        STA 0,26,3
61D6  A600        ADD 1,0
61D7  431B        STA 0,27,3
61D8  2311        LDA 0,17,3
61D9  E7F8 006B   ADDI 006B,0
61DB  A600        ADD 1,0
61DC  431C        STA 0,28,3
61DD  531D        STA 2,29,3
61DE  A438 3DA1   ELDA 0,3DA1   ; [3DA1] = 0
61E0  4303        STA 0,3,3
61E1  270A        LDA 0,@10,3
61E2  4305        STA 0,5,3
61E3  3020        LDA 2,32
61E4  6305        IO   6305
61E5  6B1E        IO   6B1E
61E6  8E48        PSH 0,1
61E7  8C38 540B   EJSR 540B   ; [540B] = 59336
61E9  5020        STA 2,32
61EA  231E        LDA 0,30,3
61EB  4306        STA 0,6,3
61EC  2B05        LDA 1,5,3
61ED  2312        LDA 0,18,3
61EE  A600        ADD 1,0
61EF  3314        LDA 2,20,3
61F0  9600        ADD 0,2
61F1  531E        STA 2,30,3
61F2  2200        LDA 0,0,2
61F3  4307        STA 0,7,3
61F4  C7F8 000F   ANDI 000F,0
61F6  3306        LDA 2,6,3
61F7  4308        STA 0,8,3
61F8  D20C        MOV# 2,2,SZR
61F9  010A        JMP 10,PC   ; -> 6203
61FA  3020        LDA 2,32
61FB  E438 3DA3   ELEF 0,3DA3   ; [3DA3] = 3
61FD  8648        PSH 0,0
61FE  8C38 5D26   EJSR 5D26   ; [5D26] = 59336
6200  5020        STA 2,32
6201  8538 0118   EJMP 0118,PC   ; -> 631A
6203  2306        LDA 0,6,3
6204  AC38 01D5   ELDA 1,01D5   ; = 469
6206  8D0D        SUB# 0,1,SNR
6207  0110        JMP 16,PC   ; -> 6217
6208  2315        LDA 0,21,3
6209  2F0A        LDA 1,@10,3
620A  A600        ADD 1,0
620B  AE00        ADD 1,1
620C  8E00        ADD 0,1
620D  3020        LDA 2,32
620E  A200        MOV 1,0
620F  EC38 3DA4   ELEF 1,3DA4   ; [3DA4] = 2
6211  8E48        PSH 0,1
6212  8C38 5DBE   EJSR 5DBE   ; [5DBE] = 59336
6214  5020        STA 2,32
6215  8538 0104   EJMP 0104,PC   ; -> 631A
6217  6002        IO   6002
6218  2B05        LDA 1,5,3
6219  8D0C        SUB# 0,1,SZR
621A  010A        JMP 10,PC   ; -> 6224
621B  3020        LDA 2,32
621C  E438 3DA5   ELEF 0,3DA5   ; [3DA5] = 35
621E  8648        PSH 0,0
621F  8C38 5D26   EJSR 5D26   ; [5D26] = 59336
6221  5020        STA 2,32
6222  8538 00F7   EJMP 00F7,PC   ; -> 631A
6224  600D        IO   600D
6225  2B05        LDA 1,5,3
6226  8D0C        SUB# 0,1,SZR
6227  010A        JMP 10,PC   ; -> 6231
6228  3020        LDA 2,32
6229  E438 3DA7   ELEF 0,3DA7   ; [3DA7] = 30
622B  8648        PSH 0,0
622C  8C38 5D26   EJSR 5D26   ; [5D26] = 59336
622E  5020        STA 2,32
622F  8538 00EA   EJMP 00EA,PC   ; -> 631A
6231  600E        IO   600E
6232  2B05        LDA 1,5,3
6233  8D0C        SUB# 0,1,SZR
6234  010A        JMP 10,PC   ; -> 623E
6235  3020        LDA 2,32
6236  E438 3DA9   ELEF 0,3DA9   ; [3DA9] = 32
6238  8648        PSH 0,0
6239  8C38 5D26   EJSR 5D26   ; [5D26] = 59336
623B  5020        STA 2,32
623C  8538 00DD   EJMP 00DD,PC   ; -> 631A
623E  6011        IO   6011
623F  2B05        LDA 1,5,3
6240  8D0C        SUB# 0,1,SZR
6241  010A        JMP 10,PC   ; -> 624B
6242  3020        LDA 2,32
6243  E438 3DAB   ELEF 0,3DAB   ; [3DAB] = 9
6245  8648        PSH 0,0
6246  8C38 5D26   EJSR 5D26   ; [5D26] = 59336
6248  5020        STA 2,32
6249  8538 00D0   EJMP 00D0,PC   ; -> 631A
624B  606D        IO   606D
624C  2B05        LDA 1,5,3
624D  8D0C        SUB# 0,1,SZR
624E  010A        JMP 10,PC   ; -> 6258
624F  3020        LDA 2,32
6250  E438 3DA4   ELEF 0,3DA4   ; [3DA4] = 2
6252  8648        PSH 0,0
6253  0C0C 01A1   JSR @12            ; overlay call, arg 01A1
6255  5020        STA 2,32
6256  8538 00C3   EJMP 00C3,PC   ; -> 631A
6258  609B        IO   609B
6259  2B05        LDA 1,5,3
625A  8D0C        SUB# 0,1,SZR
625B  010A        JMP 10,PC   ; -> 6265
625C  3020        LDA 2,32
625D  E438 3DAE   ELEF 0,3DAE   ; [3DAE] = 277
625F  8648        PSH 0,0
6260  8C38 5D26   EJSR 5D26   ; [5D26] = 59336
6262  5020        STA 2,32
6263  8538 00B6   EJMP 00B6,PC   ; -> 631A
6265  2308        LDA 0,8,3
6266  820C        MOV# 0,0,SZR
6267  0116        JMP 22,PC   ; -> 627D
6268  2F0B        LDA 1,@11,3
6269  AA0C        MOV# 1,1,SZR
626A  0111        JMP 17,PC   ; -> 627B
626B  3020        LDA 2,32
626C  6305        IO   6305
626D  6B1E        IO   6B1E
626E  8E48        PSH 0,1
626F  8C38 5F8B   EJSR 5F8B   ; [5F8B] = 59336
6271  5020        STA 2,32
6272  231E        LDA 0,30,3
6273  E7F8 00C0   ADDI 00C0,0
6275  431F        STA 0,31,3
6276  6B1F        IO   6B1F
6277  AE48        PSH 1,1
6278  8C38 5D26   EJSR 5D26   ; [5D26] = 59336
627A  5020        STA 2,32
627B  8538 009E   EJMP 009E,PC   ; -> 631A
627D  2307        LDA 0,7,3
627E  C7F8 0100   ANDI 0100,0
6280  820D        MOV# 0,0,SNR
6281  0103        JMP 3,PC   ; -> 6284
6282  AD00        SUB 1,1
6283  4B08        STA 1,8,3
6284  2308        LDA 0,8,3
6285  AC38 01D8   ELDA 1,01D8   ; = 472
6287  8E00        ADD 0,1
6288  B438 01D9   ELDA 2,01D9   ; = 473
628A  B208        SGT 1,2
628B  010A        JMP 10,PC   ; -> 6295
628C  3020        LDA 2,32
628D  E438 3DB2   ELEF 0,3DB2   ; [3DB2] = 5
628F  8648        PSH 0,0
6290  8C38 5D26   EJSR 5D26   ; [5D26] = 59336
6292  5020        STA 2,32
6293  8538 0086   EJMP 0086,PC   ; -> 631A
6295  2305        LDA 0,5,3
6296  2B11        LDA 1,17,3
6297  8E00        ADD 0,1
6298  3314        LDA 2,20,3
6299  B600        ADD 1,2
629A  531E        STA 2,30,3
629B  2200        LDA 0,0,2
629C  820C        MOV# 0,0,SZR
629D  8550        SUBZL 0,0
629E  331D        LDA 2,29,3
629F  9700        AND 0,2
62A0  D20D        MOV# 2,2,SNR
62A1  0107        JMP 7,PC   ; -> 62A8
62A2  3020        LDA 2,32
62A3  6305        IO   6305
62A4  8648        PSH 0,0
62A5  8C38 6B74   EJSR 6B74   ; [6B74] = 59336
62A7  5020        STA 2,32
62A8  2308        LDA 0,8,3
62A9  AC38 01D8   ELDA 1,01D8   ; = 472
62AB  8E00        ADD 0,1
62AC  7093        IO   7093
62AD  2305        LDA 0,5,3
62AE  C50C        SUB# 2,0,SZR
62AF  D501        SUB 2,2,SKP
62B0  D550        SUBZL 2,2
62B1  CC38 01D8   ESTA 1,01D8   ; = 472
62B3  531E        STA 2,30,3
62B4  3020        LDA 2,32
62B5  6305        IO   6305
62B6  6B1F        IO   6B1F
62B7  8E48        PSH 0,1
62B8  8C38 5FFA   EJSR 5FFA   ; [5FFA] = 59336
62BA  5020        STA 2,32
62BB  231F        LDA 0,31,3
62BC  820C        MOV# 0,0,SZR
62BD  AD01        SUB 1,1,SKP
62BE  AD50        SUBZL 1,1
62BF  231E        LDA 0,30,3
62C0  8F00        AND 0,1
62C1  AA0D        MOV# 1,1,SNR
62C2  0107        JMP 7,PC   ; -> 62C9
62C3  E438 3DB5   ELEF 0,3DB5   ; [3DB5] = 245
62C5  8648        PSH 0,0
62C6  8C38 5D26   EJSR 5D26   ; [5D26] = 59336
62C8  5020        STA 2,32
62C9  3020        LDA 2,32
62CA  6305        IO   6305
62CB  6B1F        IO   6B1F
62CC  8E48        PSH 0,1
62CD  8C38 5FFA   EJSR 5FFA   ; [5FFA] = 59336
62CF  5020        STA 2,32
62D0  231F        LDA 0,31,3
62D1  820C        MOV# 0,0,SZR
62D2  0109        JMP 9,PC   ; -> 62DB
62D3  AD50        SUBZL 1,1
62D4  4B1F        STA 1,31,3
62D5  631F        IO   631F
62D6  6B05        IO   6B05
62D7  8E48        PSH 0,1
62D8  8C38 6024   EJSR 6024   ; [6024] = 59336
62DA  5020        STA 2,32
62DB  2307        LDA 0,7,3
62DC  C7F8 0400   ANDI 0400,0
62DE  820D        MOV# 0,0,SNR
62DF  0127        JMP 39,PC   ; -> 6306
62E0  AC38 01D7   ELDA 1,01D7   ; = 471
62E2  EFF8 0005   ADDI 0005,1
62E4  B438 01EA   ELDA 2,01EA   ; = 490
62E6  D300        INC 2,2
62E7  CC38 01D7   ESTA 1,01D7   ; = 471
62E9  D438 01EA   ESTA 2,01EA   ; = 490
62EB  3020        LDA 2,32
62EC  E438 3DB8   ELEF 0,3DB8   ; [3DB8] = 43
62EE  8648        PSH 0,0
62EF  E438 3DB6   ELEF 0,3DB6   ; [3DB6] = 1
62F1  6B1F        IO   6B1F
62F2  8E48        PSH 0,1
62F3  8C38 5FDF   EJSR 5FDF   ; [5FDF] = 59336
62F5  5020        STA 2,32
62F6  A438 01D5   ELDA 0,01D5   ; = 469
62F8  2B1F        LDA 1,31,3
62F9  8D0C        SUB# 0,1,SZR
62FA  010C        JMP 12,PC   ; -> 6306
62FB  A438 01D7   ELDA 0,01D7   ; = 471
62FD  E7F8 FFF6   ADDI FFF6,0
62FF  C438 01D7   ESTA 0,01D7   ; = 471
6301  A438 01EB   ELDA 0,01EB   ; = 491
6303  8048        SBI 0,0
6304  C438 01EB   ESTA 0,01EB   ; = 491
6306  2305        LDA 0,5,3
6307  2B11        LDA 1,17,3
6308  8E00        ADD 0,1
6309  3314        LDA 2,20,3
630A  B600        ADD 1,2
630B  8500        SUB 0,0
630C  4200        STA 0,0,2
630D  6077        IO   6077
630E  2B05        LDA 1,5,3
630F  8D0C        SUB# 0,1,SZR
6310  0107        JMP 7,PC   ; -> 6317
6311  A438 01F9   ELDA 0,01F9   ; = 505
6313  E7F8 0064   ADDI 0064,0
6315  C438 01F9   ESTA 0,01F9   ; = 505
6317  A438 3DBC   ELDA 0,3DBC   ; [3DBC] = 1
6319  4303        STA 0,3,3
631A  8550        SUBZL 0,0
631B  2B05        LDA 1,5,3
631C  8D0C        SUB# 0,1,SZR
631D  011F        JMP 31,PC   ; -> 633C
631E  3020        LDA 2,32
631F  E438 3DB6   ELEF 0,3DB6   ; [3DB6] = 1
6321  6B1F        IO   6B1F
6322  8E48        PSH 0,1
6323  8C38 5FFA   EJSR 5FFA   ; [5FFA] = 59336
6325  5020        STA 2,32
6326  6003        IO   6003
6327  2B1F        LDA 1,31,3
6328  8D0C        SUB# 0,1,SZR
6329  0113        JMP 19,PC   ; -> 633C
632A  8550        SUBZL 0,0
632B  431F        STA 0,31,3
632C  631F        IO   631F
632D  EC38 3DB2   ELEF 1,3DB2   ; [3DB2] = 5
632F  8E48        PSH 0,1
6330  8C38 6024   EJSR 6024   ; [6024] = 59336
6332  5020        STA 2,32
6333  6002        IO   6002
6334  431F        STA 0,31,3
6335  631F        IO   631F
6336  EC38 3DB6   ELEF 1,3DB6   ; [3DB6] = 1
6338  8E48        PSH 0,1
6339  8C38 6024   EJSR 6024   ; [6024] = 59336
633B  5020        STA 2,32
633C  601E        IO   601E
633D  2B05        LDA 1,5,3
633E  8D0C        SUB# 0,1,SZR
633F  0105        JMP 5,PC   ; -> 6344
6340  3717        LDA 2,@23,3
6341  97F8 0010   IORI 0010,2
6343  5717        STA 2,@23,3
6344  601D        IO   601D
6345  2B05        LDA 1,5,3
6346  8D0C        SUB# 0,1,SZR
6347  0109        JMP 9,PC   ; -> 6350
6348  3719        LDA 2,@25,3
6349  97F8 0010   IORI 0010,2
634B  271B        LDA 0,@27,3
634C  87F8 0010   IORI 0010,0
634E  5719        STA 2,@25,3
634F  471B        STA 0,@27,3
6350  606B        IO   606B
6351  2B05        LDA 1,5,3
6352  8D0C        SUB# 0,1,SZR
6353  0108        JMP 8,PC   ; -> 635B
6354  D400        ADC 2,2
6355  A438 01D7   ELDA 0,01D7   ; = 471
6357  8300        INC 0,0
6358  C438 01D7   ESTA 0,01D7   ; = 471
635A  571C        STA 2,@28,3
635B  6068        IO   6068
635C  2B05        LDA 1,5,3
635D  8D0C        SUB# 0,1,SZR
635E  0115        JMP 21,PC   ; -> 6373
635F  3020        LDA 2,32
6360  E438 3DC4   ELEF 0,3DC4   ; [3DC4] = 143
6362  6B1F        IO   6B1F
6363  8E48        PSH 0,1
6364  8C38 5FFA   EJSR 5FFA   ; [5FFA] = 59336
6366  5020        STA 2,32
6367  8550        SUBZL 0,0
6368  2B1F        LDA 1,31,3
6369  8D0C        SUB# 0,1,SZR
636A  0109        JMP 9,PC   ; -> 6373
636B  E438 3DB1   ELEF 0,3DB1   ; [3DB1] = 0
636D  EC38 3DC4   ELEF 1,3DC4   ; [3DC4] = 143
636F  8E48        PSH 0,1
6370  8C38 6024   EJSR 6024   ; [6024] = 59336
6372  5020        STA 2,32
6373  60A4        IO   60A4
6374  2B05        LDA 1,5,3
6375  8D0C        SUB# 0,1,SZR
6376  010A        JMP 10,PC   ; -> 6380
6377  3020        LDA 2,32
6378  E438 3DB6   ELEF 0,3DB6   ; [3DB6] = 1
637A  EC38 3DC5   ELEF 1,3DC5   ; [3DC5] = 164
637C  8E48        PSH 0,1
637D  8C38 6024   EJSR 6024   ; [6024] = 59336
637F  5020        STA 2,32
6380  6031        IO   6031
6381  2B05        LDA 1,5,3
6382  8D0C        SUB# 0,1,SZR
6383  0123        JMP 35,PC   ; -> 63A6
6384  3020        LDA 2,32
6385  E438 3DC7   ELEF 0,3DC7   ; [3DC7] = 11
6387  8648        PSH 0,0
6388  E438 3DA4   ELEF 0,3DA4   ; [3DA4] = 2
638A  6B1F        IO   6B1F
638B  8E48        PSH 0,1
638C  8C38 5FDF   EJSR 5FDF   ; [5FDF] = 59336
638E  5020        STA 2,32
638F  A438 01D5   ELDA 0,01D5   ; = 469
6391  2B1F        LDA 1,31,3
6392  8D0C        SUB# 0,1,SZR
6393  0113        JMP 19,PC   ; -> 63A6
6394  A438 020A   ELDA 0,020A   ; = 522
6396  C7F8 1000   ANDI 1000,0
6398  820C        MOV# 0,0,SZR
6399  010D        JMP 13,PC   ; -> 63A6
639A  A438 01D7   ELDA 0,01D7   ; = 471
639C  E7F8 000F   ADDI 000F,0
639E  C438 01D7   ESTA 0,01D7   ; = 471
63A0  A438 020A   ELDA 0,020A   ; = 522
63A2  87F8 1000   IORI 1000,0
63A4  C438 020A   ESTA 0,020A   ; = 522
63A6  2303        LDA 0,3,3
63A7  4709        STA 0,@9,3
63A8  AFC8        RTN
63A9  E7C8 0016   SAVE 22             ; frame
63AB  B438 01AF   ELDA 2,01AF   ; = 431
63AD  22FD        LDA 0,-3,2
63AE  B438 01B1   ELDA 2,01B1   ; = 433
63B0  2AFD        LDA 1,-3,2
63B1  4309        STA 0,9,3
63B2  4B0A        STA 1,10,3
63B3  0C42        JSR @66
63B4  0001        JMP 1
63B5  430B        STA 0,11,3
63B6  0C42        JSR @66
63B7  0002        JMP 2
63B8  430D        STA 0,13,3
63B9  0C42        JSR @66
63BA  0003        JMP 3
63BB  430E        STA 0,14,3
63BC  0C42        JSR @66
63BD  0004        JMP 4
63BE  430F        STA 0,15,3
63BF  2B09        LDA 1,9,3
63C0  A200        MOV 1,0
63C1  AE00        ADD 1,1
63C2  8E00        ADD 0,1
63C3  B438 01AF   ELDA 2,01AF   ; = 431
63C5  B500        SUB 1,2
63C6  A438 01B1   ELDA 0,01B1   ; = 433
63C8  4B10        STA 1,16,3
63C9  2B0A        LDA 1,10,3
63CA  A500        SUB 1,0
63CB  4311        STA 0,17,3
63CC  5312        STA 2,18,3
63CD  0C62        JSR @98
63CE  8688        POP 0,0
63CF  AD50        SUBZL 1,1
63D0  AE48        PSH 1,1
63D1  6814        IO   6814
63D2  AE48        PSH 1,1
63D3  AD50        SUBZL 1,1
63D4  AE48        PSH 1,1
63D5  6814        IO   6814
63D6  AE48        PSH 1,1
63D7  3020        LDA 2,32
63D8  8EF8        MSP 0
63D9  4420        STA 0,@32
63DA  5303        STA 2,3,3
63DB  2303        LDA 0,3,3
63DC  8048        SBI 0,0
63DD  4313        STA 0,19,3
63DE  270D        LDA 0,@13,3
63DF  AD00        SUB 1,1
63E0  B438 3DCD   ELDA 2,3DCD   ; [3DCD] = 0
63E2  5308        STA 2,8,3
63E3  4304        STA 0,4,3
63E4  4B05        STA 1,5,3
63E5  5307        STA 2,7,3
63E6  2307        LDA 0,7,3
63E7  AC38 3DCE   ELDA 1,3DCE   ; [3DCE] = 1
63E9  A50D        SUB# 1,0,SNR
63EA  0103        JMP 3,PC   ; -> 63ED
63EB  0903        JSR 3,PC   ; -> 63EE
63EC  01FA        JMP -6,PC   ; -> 63E6
63ED  0138        JMP 56,PC   ; -> 6425
63EE  EA00        MOV 3,1
63EF  3821        LDA 3,33
63F0  4B14        STA 1,20,3
63F1  3020        LDA 2,32
63F2  E438 3DCB   ELEF 0,3DCB   ; [3DCB] = 1
63F4  2B0F        LDA 1,15,3
63F5  8E48        PSH 0,1
63F6  6304        IO   6304
63F7  6B15        IO   6B15
63F8  8E48        PSH 0,1
63F9  8C38 5674   EJSR 5674   ; [5674] = 59336
63FB  5020        STA 2,32
63FC  2315        LDA 0,21,3
63FD  4306        STA 0,6,3
63FE  862E        ADDO# 0,0,SEZ
63FF  0106        JMP 6,PC   ; -> 6405
6400  AC38 3DCE   ELDA 1,3DCE   ; [3DCE] = 1
6402  4B08        STA 1,8,3
6403  4B07        STA 1,7,3
6404  0120        JMP 32,PC   ; -> 6424
6405  2305        LDA 0,5,3
6406  8300        INC 0,0
6407  4305        STA 0,5,3
6408  2B13        LDA 1,19,3
6409  8E00        ADD 0,1
640A  3306        LDA 2,6,3
640B  4B15        STA 1,21,3
640C  2F0D        LDA 1,@13,3
640D  A600        ADD 1,0
640E  8048        SBI 0,0
640F  4316        STA 0,22,3
6410  2312        LDA 0,18,3
6411  2B16        LDA 1,22,3
6412  A600        ADD 1,0
6413  AE00        ADD 1,1
6414  8E00        ADD 0,1
6415  A200        MOV 1,0
6416  EC38 021D   ELEF 1,021D   ; = 541
6418  0C5C        JSR @92
6419  A438 01DB   ELDA 0,01DB   ; = 475
641B  8300        INC 0,0
641C  4304        STA 0,4,3
641D  2F0E        LDA 1,@14,3
641E  5715        STA 2,@21,3
641F  8A48        SGE 0,1
6420  0104        JMP 4,PC   ; -> 6424
6421  A438 3DCE   ELDA 0,3DCE   ; [3DCE] = 1
6423  4307        STA 0,7,3
6424  0714        JMP @20,3
6425  A438 01DE   ELDA 0,01DE   ; = 478
6427  2F0E        LDA 1,@14,3
6428  8A08        SGT 0,1
6429  0128        JMP 40,PC   ; -> 6451
642A  AB00        INC 1,1
642B  4B04        STA 1,4,3
642C  2304        LDA 0,4,3
642D  AC38 01DE   ELDA 1,01DE   ; = 478
642F  A248        SGE 1,0
6430  0121        JMP 33,PC   ; -> 6451
6431  3305        LDA 2,5,3
6432  D300        INC 2,2
6433  5305        STA 2,5,3
6434  2B11        LDA 1,17,3
6435  8E00        ADD 0,1
6436  2313        LDA 0,19,3
6437  9600        ADD 0,2
6438  4B16        STA 1,22,3
6439  2716        LDA 0,@22,3
643A  2B04        LDA 1,4,3
643B  4200        STA 0,0,2
643C  A200        MOV 1,0
643D  AE00        ADD 1,1
643E  8E00        ADD 0,1
643F  2312        LDA 0,18,3
6440  A600        ADD 1,0
6441  4316        STA 0,22,3
6442  270D        LDA 0,@13,3
6443  2B05        LDA 1,5,3
6444  8E00        ADD 0,1
6445  8848        SBI 0,1
6446  2312        LDA 0,18,3
6447  A600        ADD 1,0
6448  AE00        ADD 1,1
6449  8E00        ADD 0,1
644A  A200        MOV 1,0
644B  2B16        LDA 1,22,3
644C  0C5C        JSR @92
644D  2B04        LDA 1,4,3
644E  AB00        INC 1,1
644F  4B04        STA 1,4,3
6450  01DC        JMP -36,PC   ; -> 642C
6451  8550        SUBZL 0,0
6452  4304        STA 0,4,3
6453  2304        LDA 0,4,3
6454  2B05        LDA 1,5,3
6455  A248        SGE 1,0
6456  0110        JMP 16,PC   ; -> 6466
6457  3313        LDA 2,19,3
6458  9600        ADD 0,2
6459  2F0D        LDA 1,@13,3
645A  A600        ADD 1,0
645B  8048        SBI 0,0
645C  2B11        LDA 1,17,3
645D  8E00        ADD 0,1
645E  5316        STA 2,22,3
645F  2200        LDA 0,0,2
6460  3304        LDA 2,4,3
6461  D300        INC 2,2
6462  4B16        STA 1,22,3
6463  4716        STA 0,@22,3
6464  5304        STA 2,4,3
6465  01EE        JMP -18,PC   ; -> 6453
6466  270D        LDA 0,@13,3
6467  2B05        LDA 1,5,3
6468  8E00        ADD 0,1
6469  8848        SBI 0,1
646A  3308        LDA 2,8,3
646B  CC38 01DE   ESTA 1,01DE   ; = 478
646D  570B        STA 2,@11,3
646E  0C63        JSR @99
646F  AFC8        RTN
6470  E7C8 0024   SAVE 36             ; frame
6472  0C42        JSR @66
6473  0001        JMP 1
6474  4308        STA 0,8,3
6475  0C42        JSR @66
6476  0002        JMP 2
6477  4309        STA 0,9,3
6478  0C42        JSR @66
6479  0003        JMP 3
647A  430A        STA 0,10,3
647B  B438 01B7   ELDA 2,01B7   ; = 439
647D  2AFD        LDA 1,-3,2
647E  32FB        LDA 2,-5,2
647F  530B        STA 2,11,3
6480  B438 01B7   ELDA 2,01B7   ; = 439
6482  32FE        LDA 2,-2,2
6483  4B0C        STA 1,12,3
6484  A900        NEG 1,1
6485  AB00        INC 1,1
6486  530D        STA 2,13,3
6487  B600        ADD 1,2
6488  8500        SUB 0,0
6489  4B0E        STA 1,14,3
648A  2B0B        LDA 1,11,3
648B  CFC8        MULS
648C  230C        LDA 0,12,3
648D  4B0F        STA 1,15,3
648E  8E00        ADD 0,1
648F  A438 01B7   ELDA 0,01B7   ; = 439
6491  A500        SUB 1,0
6492  5310        STA 2,16,3
6493  D600        ADD 2,2
6494  4311        STA 0,17,3
6495  2310        LDA 0,16,3
6496  E7F8 0046   ADDI 0046,0
6498  4B12        STA 1,18,3
6499  2B11        LDA 1,17,3
649A  4313        STA 0,19,3
649B  A600        ADD 1,0
649C  4314        STA 0,20,3
649D  2310        LDA 0,16,3
649E  E7F8 006B   ADDI 006B,0
64A0  4315        STA 0,21,3
64A1  A600        ADD 1,0
64A2  5316        STA 2,22,3
64A3  F7F8 001D   ADDI 001D,2
64A5  4317        STA 0,23,3
64A6  5318        STA 2,24,3
64A7  B600        ADD 1,2
64A8  2316        LDA 0,22,3
64A9  E7F8 0056   ADDI 0056,0
64AB  5319        STA 2,25,3
64AC  431A        STA 0,26,3
64AD  A600        ADD 1,0
64AE  3316        LDA 2,22,3
64AF  F7F8 0057   ADDI 0057,2
64B1  431B        STA 0,27,3
64B2  531C        STA 2,28,3
64B3  B600        ADD 1,2
64B4  2310        LDA 0,16,3
64B5  E7F8 009C   ADDI 009C,0
64B7  531D        STA 2,29,3
64B8  A600        ADD 1,0
64B9  3310        LDA 2,16,3
64BA  F7F8 009B   ADDI 009B,2
64BC  431E        STA 0,30,3
64BD  B600        ADD 1,2
64BE  531F        STA 2,31,3
64BF  A438 3DD0   ELDA 0,3DD0   ; [3DD0] = 0
64C1  4307        STA 0,7,3
64C2  2709        LDA 0,@9,3
64C3  4303        STA 0,3,3
64C4  3020        LDA 2,32
64C5  6303        IO   6303
64C6  6B20        IO   6B20
64C7  8E48        PSH 0,1
64C8  8C38 540B   EJSR 540B   ; [540B] = 59336
64CA  5020        STA 2,32
64CB  2320        LDA 0,32,3
64CC  4304        STA 0,4,3
64CD  2B03        LDA 1,3,3
64CE  2316        LDA 0,22,3
64CF  A600        ADD 1,0
64D0  3311        LDA 2,17,3
64D1  9600        ADD 0,2
64D2  5320        STA 2,32,3
64D3  2200        LDA 0,0,2
64D4  4305        STA 0,5,3
64D5  C7F8 000F   ANDI 000F,0
64D7  3304        LDA 2,4,3
64D8  4306        STA 0,6,3
64D9  D20D        MOV# 2,2,SNR
64DA  010A        JMP 10,PC   ; -> 64E4
64DB  3020        LDA 2,32
64DC  E438 3DD2   ELEF 0,3DD2   ; [3DD2] = 6
64DE  8648        PSH 0,0
64DF  8C38 5D26   EJSR 5D26   ; [5D26] = 59336
64E1  5020        STA 2,32
64E2  8538 007A   EJMP 007A,PC   ; -> 655D
64E4  2303        LDA 0,3,3
64E5  6877        IO   6877
64E6  8D0C        SUB# 0,1,SZR
64E7  D501        SUB 2,2,SKP
64E8  D550        SUBZL 2,2
64E9  A438 01F9   ELDA 0,01F9   ; = 505
64EB  6864        IO   6864
64EC  5320        STA 2,32,3
64ED  8A48        SGE 0,1
64EE  D501        SUB 2,2,SKP
64EF  D550        SUBZL 2,2
64F0  2320        LDA 0,32,3
64F1  9700        AND 0,2
64F2  D20D        MOV# 2,2,SNR
64F3  0108        JMP 8,PC   ; -> 64FB
64F4  A438 01F9   ELDA 0,01F9   ; = 505
64F6  E7F8 FF9C   ADDI FF9C,0
64F8  C438 01F9   ESTA 0,01F9   ; = 505
64FA  0108        JMP 8,PC   ; -> 6502
64FB  2303        LDA 0,3,3
64FC  6877        IO   6877
64FD  8D0C        SUB# 0,1,SZR
64FE  0104        JMP 4,PC   ; -> 6502
64FF  D500        SUB 2,2
6500  D438 01F9   ESTA 2,01F9   ; = 505
6502  2305        LDA 0,5,3
6503  C7F8 0100   ANDI 0100,0
6505  820C        MOV# 0,0,SZR
6506  0107        JMP 7,PC   ; -> 650D
6507  AC38 01D8   ELDA 1,01D8   ; = 472
6509  3306        LDA 2,6,3
650A  CD00        SUB 2,1
650B  CC38 01D8   ESTA 1,01D8   ; = 472
650D  2305        LDA 0,5,3
650E  C7F8 0400   ANDI 0400,0
6510  820D        MOV# 0,0,SNR
6511  0142        JMP 66,PC   ; -> 6553
6512  AC38 01EA   ELDA 1,01EA   ; = 490
6514  8848        SBI 0,1
6515  B438 01D7   ELDA 2,01D7   ; = 471
6517  F7F8 FFFB   ADDI FFFB,2
6519  CC38 01EA   ESTA 1,01EA   ; = 490
651B  D438 01D7   ESTA 2,01D7   ; = 471
651D  3020        LDA 2,32
651E  E438 3DDA   ELEF 0,3DDA   ; [3DDA] = 43
6520  8648        PSH 0,0
6521  E438 3DD9   ELEF 0,3DD9   ; [3DD9] = 1
6523  6B20        IO   6B20
6524  8E48        PSH 0,1
6525  8C38 5FDF   EJSR 5FDF   ; [5FDF] = 59336
6527  5020        STA 2,32
6528  A438 01D5   ELDA 0,01D5   ; = 469
652A  2B20        LDA 1,32,3
652B  8D0C        SUB# 0,1,SZR
652C  0127        JMP 39,PC   ; -> 6553
652D  A438 01D7   ELDA 0,01D7   ; = 471
652F  E7F8 000A   ADDI 000A,0
6531  C438 01D7   ESTA 0,01D7   ; = 471
6533  A438 01EB   ELDA 0,01EB   ; = 491
6535  8300        INC 0,0
6536  C438 01EB   ESTA 0,01EB   ; = 491
6538  680A        IO   680A
6539  8D0C        SUB# 0,1,SZR
653A  0119        JMP 25,PC   ; -> 6553
653B  E438 3DDD   ELEF 0,3DDD   ; [3DDD] = 49
653D  8648        PSH 0,0
653E  E438 3DDC   ELEF 0,3DDC   ; [3DDC] = 2
6540  6B20        IO   6B20
6541  8E48        PSH 0,1
6542  8C38 5FDF   EJSR 5FDF   ; [5FDF] = 59336
6544  5020        STA 2,32
6545  2320        LDA 0,32,3
6546  4714        STA 0,@20,3
6547  EC38 3DDD   ELEF 1,3DDD   ; [3DDD] = 49
6549  AE48        PSH 1,1
654A  E438 3DDC   ELEF 0,3DDC   ; [3DDC] = 2
654C  6B20        IO   6B20
654D  8E48        PSH 0,1
654E  8C38 5FDF   EJSR 5FDF   ; [5FDF] = 59336
6550  5020        STA 2,32
6551  2320        LDA 0,32,3
6552  4717        STA 0,@23,3
6553  2303        LDA 0,3,3
6554  2B10        LDA 1,16,3
6555  8E00        ADD 0,1
6556  3311        LDA 2,17,3
6557  B600        ADD 1,2
6558  270A        LDA 0,@10,3
6559  4200        STA 0,0,2
655A  A438 3DE0   ELDA 0,3DE0   ; [3DE0] = 1
655C  4307        STA 0,7,3
655D  8550        SUBZL 0,0
655E  2B03        LDA 1,3,3
655F  8D0C        SUB# 0,1,SZR
6560  0136        JMP 54,PC   ; -> 6596
6561  3020        LDA 2,32
6562  E438 3DE1   ELEF 0,3DE1   ; [3DE1] = 60
6564  8648        PSH 0,0
6565  E438 3DD9   ELEF 0,3DD9   ; [3DD9] = 1
6567  6B20        IO   6B20
6568  8E48        PSH 0,1
6569  8C38 5FDF   EJSR 5FDF   ; [5FDF] = 59336
656B  5020        STA 2,32
656C  270A        LDA 0,@10,3
656D  2B20        LDA 1,32,3
656E  8D0C        SUB# 0,1,SZR
656F  0127        JMP 39,PC   ; -> 6596
6570  E438 3DD9   ELEF 0,3DD9   ; [3DD9] = 1
6572  6B20        IO   6B20
6573  8E48        PSH 0,1
6574  8C38 5FFA   EJSR 5FFA   ; [5FFA] = 59336
6576  5020        STA 2,32
6577  6002        IO   6002
6578  2B20        LDA 1,32,3
6579  8D0C        SUB# 0,1,SZR
657A  011C        JMP 28,PC   ; -> 6596
657B  6003        IO   6003
657C  4320        STA 0,32,3
657D  6320        IO   6320
657E  EC38 3DD9   ELEF 1,3DD9   ; [3DD9] = 1
6580  8E48        PSH 0,1
6581  8C38 6024   EJSR 6024   ; [6024] = 59336
6583  5020        STA 2,32
6584  E438 3DE3   ELEF 0,3DE3   ; [3DE3] = 36
6586  8648        PSH 0,0
6587  8C38 5D26   EJSR 5D26   ; [5D26] = 59336
6589  5020        STA 2,32
658A  6003        IO   6003
658B  4320        STA 0,32,3
658C  6320        IO   6320
658D  EC38 3DD8   ELEF 1,3DD8   ; [3DD8] = 5
658F  8E48        PSH 0,1
6590  8C38 6024   EJSR 6024   ; [6024] = 59336
6592  5020        STA 2,32
6593  A438 3DD0   ELDA 0,3DD0   ; [3DD0] = 0
6595  4307        STA 0,7,3
6596  2303        LDA 0,3,3
6597  681E        IO   681E
6598  8D0C        SUB# 0,1,SZR
6599  0112        JMP 18,PC   ; -> 65AB
659A  3020        LDA 2,32
659B  2319        LDA 0,25,3
659C  6B21        IO   6B21
659D  0C44        JSR @68
659E  5020        STA 2,32
659F  AE48        PSH 1,1
65A0  E438 3DE6   ELEF 0,3DE6   ; [3DE6] = 0
65A2  6B23        IO   6B23
65A3  0C4A        JSR @74
65A4  5020        STA 2,32
65A5  A200        MOV 1,0
65A6  6B20        IO   6B20
65A7  0C4B        JSR @75
65A8  5020        STA 2,32
65A9  2320        LDA 0,32,3
65AA  4719        STA 0,@25,3
65AB  2303        LDA 0,3,3
65AC  681D        IO   681D
65AD  8D0C        SUB# 0,1,SZR
65AE  0122        JMP 34,PC   ; -> 65D0
65AF  3020        LDA 2,32
65B0  231B        LDA 0,27,3
65B1  6B21        IO   6B21
65B2  0C44        JSR @68
65B3  5020        STA 2,32
65B4  AE48        PSH 1,1
65B5  E438 3DE6   ELEF 0,3DE6   ; [3DE6] = 0
65B7  6B23        IO   6B23
65B8  0C4A        JSR @74
65B9  5020        STA 2,32
65BA  A200        MOV 1,0
65BB  6B20        IO   6B20
65BC  0C4B        JSR @75
65BD  5020        STA 2,32
65BE  2320        LDA 0,32,3
65BF  471B        STA 0,@27,3
65C0  231D        LDA 0,29,3
65C1  6B21        IO   6B21
65C2  0C44        JSR @68
65C3  5020        STA 2,32
65C4  AE48        PSH 1,1
65C5  E438 3DE6   ELEF 0,3DE6   ; [3DE6] = 0
65C7  6B23        IO   6B23
65C8  0C4A        JSR @74
65C9  5020        STA 2,32
65CA  A200        MOV 1,0
65CB  6B20        IO   6B20
65CC  0C4B        JSR @75
65CD  5020        STA 2,32
65CE  2320        LDA 0,32,3
65CF  471D        STA 0,@29,3
65D0  2303        LDA 0,3,3
65D1  689C        IO   689C
65D2  8D0C        SUB# 0,1,SZR
65D3  0110        JMP 16,PC   ; -> 65E3
65D4  D400        ADC 2,2
65D5  571E        STA 2,@30,3
65D6  B438 01D5   ELDA 2,01D5   ; = 469
65D8  571F        STA 2,@31,3
65D9  3020        LDA 2,32
65DA  E438 3DED   ELEF 0,3DED   ; [3DED] = 287
65DC  8648        PSH 0,0
65DD  8C38 5D26   EJSR 5D26   ; [5D26] = 59336
65DF  5020        STA 2,32
65E0  A438 3DD0   ELDA 0,3DD0   ; [3DD0] = 0
65E2  4307        STA 0,7,3
65E3  A438 01F5   ELDA 0,01F5   ; = 501
65E5  E7F8 FFF5   ADDI FFF5,0
65E7  AC38 01D7   ELDA 1,01D7   ; = 471
65E9  A50C        SUB# 1,0,SZR
65EA  0126        JMP 38,PC   ; -> 6610
65EB  B438 020A   ELDA 2,020A   ; = 522
65ED  D7F8 2000   ANDI 2000,2
65EF  D20C        MOV# 2,2,SZR
65F0  0120        JMP 32,PC   ; -> 6610
65F1  3020        LDA 2,32
65F2  E438 3DF0   ELEF 0,3DF0   ; [3DF0] = 50
65F4  8648        PSH 0,0
65F5  E438 3DDC   ELEF 0,3DDC   ; [3DDC] = 2
65F7  6B20        IO   6B20
65F8  8E48        PSH 0,1
65F9  8C38 5FDF   EJSR 5FDF   ; [5FDF] = 59336
65FB  5020        STA 2,32
65FC  2320        LDA 0,32,3
65FD  4717        STA 0,@23,3
65FE  EC38 3DDD   ELEF 1,3DDD   ; [3DDD] = 49
6600  AE48        PSH 1,1
6601  E438 3DDC   ELEF 0,3DDC   ; [3DDC] = 2
6603  6B20        IO   6B20
6604  8E48        PSH 0,1
6605  8C38 5FDF   EJSR 5FDF   ; [5FDF] = 59336
6607  5020        STA 2,32
6608  2320        LDA 0,32,3
6609  AC38 020A   ELDA 1,020A   ; = 522
660B  8FF8 2000   IORI 2000,1
660D  4714        STA 0,@20,3
660E  CC38 020A   ESTA 1,020A   ; = 522
6610  2307        LDA 0,7,3
6611  4708        STA 0,@8,3
6612  AFC8        RTN
6613  E7C8 0017   SAVE 23             ; frame
6615  B438 01BE   ELDA 2,01BE   ; = 446
6617  22FD        LDA 0,-3,2
6618  B438 01BD   ELDA 2,01BD   ; = 445
661A  2AFD        LDA 1,-3,2
661B  B438 01B7   ELDA 2,01B7   ; = 439
661D  32FD        LDA 2,-3,2
661E  5309        STA 2,9,3
661F  B438 01B7   ELDA 2,01B7   ; = 439
6621  32FB        LDA 2,-5,2
6622  530A        STA 2,10,3
6623  B438 01B7   ELDA 2,01B7   ; = 439
6625  32FE        LDA 2,-2,2
6626  430B        STA 0,11,3
6627  4B0C        STA 1,12,3
6628  530D        STA 2,13,3
6629  0C42        JSR @66
662A  0001        JMP 1
662B  430E        STA 0,14,3
662C  AC38 01BE   ELDA 1,01BE   ; = 446
662E  330B        LDA 2,11,3
662F  CD00        SUB 2,1
6630  A438 01BD   ELDA 0,01BD   ; = 445
6632  4B0F        STA 1,15,3
6633  2B0C        LDA 1,12,3
6634  A500        SUB 1,0
6635  4310        STA 0,16,3
6636  2309        LDA 0,9,3
6637  8100        NEG 0,0
6638  8300        INC 0,0
6639  2B0D        LDA 1,13,3
663A  4311        STA 0,17,3
663B  A600        ADD 1,0
663C  4312        STA 0,18,3
663D  2309        LDA 0,9,3
663E  2B0A        LDA 1,10,3
663F  3312        LDA 2,18,3
6640  CFC8        MULS
6641  A438 01B7   ELDA 0,01B7   ; = 439
6643  A500        SUB 1,0
6644  4313        STA 0,19,3
6645  0C62        JSR @98
6646  EC38 3DF1   ELEF 1,3DF1   ; [3DF1] = 10
6648  6303        IO   6303
6649  0C59        JSR @89
664A  A438 01E5   ELDA 0,01E5   ; = 485
664C  E7F8 0005   ADDI 0005,0
664E  C438 01E5   ESTA 0,01E5   ; = 485
6650  683C        IO   683C
6651  A50C        SUB# 1,0,SZR
6652  010F        JMP 15,PC   ; -> 6661
6653  8500        SUB 0,0
6654  C438 01E5   ESTA 0,01E5   ; = 485
6656  A438 01E4   ELDA 0,01E4   ; = 484
6658  8300        INC 0,0
6659  C438 01E4   ESTA 0,01E4   ; = 484
665B  6818        IO   6818
665C  A50C        SUB# 1,0,SZR
665D  0104        JMP 4,PC   ; -> 6661
665E  8500        SUB 0,0
665F  C438 01E4   ESTA 0,01E4   ; = 484
6661  8550        SUBZL 0,0
6662  2F0E        LDA 1,@14,3
6663  8D0C        SUB# 0,1,SZR
6664  0112        JMP 18,PC   ; -> 6676
6665  3020        LDA 2,32
6666  E438 3DF7   ELEF 0,3DF7   ; -> "It is now #:#." (len 14)
6668  EC38 3DF4   ELEF 1,3DF4   ; [3DF4] = 0
666A  0C36        JSR @54
666B  8400        ADC 0,0
666C  EC38 01E4   ELEF 1,01E4   ; = 484
666E  0C30        JSR @48
666F  5020        STA 2,32
6670  8400        ADC 0,0
6671  EC38 01E5   ELEF 1,01E5   ; = 485
6673  0C30        JSR @48
6674  5020        STA 2,32
6675  0C39        JSR @57
6676  8550        SUBZL 0,0
6677  4308        STA 0,8,3
6678  2308        LDA 0,8,3
6679  6802        IO   6802
667A  8A08        SGT 0,1
667B  0103        JMP 3,PC   ; -> 667E
667C  8538 007E   EJMP 007E,PC   ; -> 66FB
667E  D550        SUBZL 2,2
667F  C50C        SUB# 2,0,SZR
6680  0104        JMP 4,PC   ; -> 6684
6681  F438 3E03   ELEF 2,3E03   ; -> "local" (len 5)
6683  0103        JMP 3,PC   ; -> 6686
6684  F438 3E09   ELEF 2,3E09   ; -> "express" (len 7)
6686  6303        IO   6303
6687  CA00        MOV 2,1
6688  0C5C        JSR @92
6689  2308        LDA 0,8,3
668A  2B0F        LDA 1,15,3
668B  8E00        ADD 0,1
668C  6018        IO   6018
668D  4B14        STA 1,20,3
668E  2F14        LDA 1,@20,3
668F  8D0C        SUB# 0,1,SZR
6690  0104        JMP 4,PC   ; -> 6694
6691  F438 3DF6   ELEF 2,3DF6   ; [3DF6] = 1
6693  0109        JMP 9,PC   ; -> 669C
6694  2308        LDA 0,8,3
6695  2B0F        LDA 1,15,3
6696  8E00        ADD 0,1
6697  4B14        STA 1,20,3
6698  3714        LDA 2,@20,3
6699  D300        INC 2,2
669A  5315        STA 2,21,3
669B  7315        IO   7315
669C  5316        STA 2,22,3
669D  2200        LDA 0,0,2
669E  4306        STA 0,6,3
669F  2B08        LDA 1,8,3
66A0  330F        LDA 2,15,3
66A1  B600        ADD 1,2
66A2  4200        STA 0,0,2
66A3  2B10        LDA 1,16,3
66A4  8E00        ADD 0,1
66A5  2308        LDA 0,8,3
66A6  E7F8 0024   ADDI 0024,0
66A8  8048        SBI 0,0
66A9  4B15        STA 1,21,3
66AA  2B12        LDA 1,18,3
66AB  8E00        ADD 0,1
66AC  2313        LDA 0,19,3
66AD  8E00        ADD 0,1
66AE  2715        LDA 0,@21,3
66AF  4B16        STA 1,22,3
66B0  AC38 01D5   ELDA 1,01D5   ; = 469
66B2  4716        STA 0,@22,3
66B3  A50C        SUB# 1,0,SZR
66B4  0125        JMP 37,PC   ; -> 66D9
66B5  A438 01C4   ELDA 0,01C4   ; = 452
66B7  820D        MOV# 0,0,SNR
66B8  0113        JMP 19,PC   ; -> 66CB
66B9  2306        LDA 0,6,3
66BA  8048        SBI 0,0
66BB  2B10        LDA 1,16,3
66BC  8E00        ADD 0,1
66BD  2715        LDA 0,@21,3
66BE  4B15        STA 1,21,3
66BF  2F15        LDA 1,@21,3
66C0  8D0D        SUB# 0,1,SNR
66C1  0109        JMP 9,PC   ; -> 66CA
66C2  3020        LDA 2,32
66C3  6303        IO   6303
66C4  EC38 3E11   ELEF 1,3E11   ; [3E11] = 84
66C6  8E48        PSH 0,1
66C7  8C38 5DBE   EJSR 5DBE   ; [5DBE] = 59336
66C9  5020        STA 2,32
66CA  010E        JMP 14,PC   ; -> 66D8
66CB  3020        LDA 2,32
66CC  E438 3E12   ELEF 0,3E12   ; [3E12] = 82
66CE  8648        PSH 0,0
66CF  8C38 5D26   EJSR 5D26   ; [5D26] = 59336
66D1  5020        STA 2,32
66D2  E438 3DF4   ELEF 0,3DF4   ; [3DF4] = 0
66D4  8648        PSH 0,0
66D5  0C0C 0199   JSR @12            ; overlay call, arg 0199
66D7  5020        STA 2,32
66D8  011E        JMP 30,PC   ; -> 66F6
66D9  6018        IO   6018
66DA  2B06        LDA 1,6,3
66DB  8D0C        SUB# 0,1,SZR
66DC  0104        JMP 4,PC   ; -> 66E0
66DD  F438 3DF6   ELEF 2,3DF6   ; [3DF6] = 1
66DF  0105        JMP 5,PC   ; -> 66E4
66E0  2306        LDA 0,6,3
66E1  8300        INC 0,0
66E2  4315        STA 0,21,3
66E3  7315        IO   7315
66E4  5317        STA 2,23,3
66E5  2200        LDA 0,0,2
66E6  4307        STA 0,7,3
66E7  2B10        LDA 1,16,3
66E8  8E00        ADD 0,1
66E9  B438 01D5   ELDA 2,01D5   ; = 469
66EB  4B15        STA 1,21,3
66EC  2715        LDA 0,@21,3
66ED  C50C        SUB# 2,0,SZR
66EE  0108        JMP 8,PC   ; -> 66F6
66EF  3020        LDA 2,32
66F0  EC38 3E13   ELEF 1,3E13   ; [3E13] = 83
66F2  AE48        PSH 1,1
66F3  8C38 5D26   EJSR 5D26   ; [5D26] = 59336
66F5  5020        STA 2,32
66F6  2308        LDA 0,8,3
66F7  8300        INC 0,0
66F8  4308        STA 0,8,3
66F9  8538 7F7E   EJMP 7F7E,PC   ; -> 6678
66FB  A438 01E6   ELDA 0,01E6   ; = 486
66FD  820D        MOV# 0,0,SNR
66FE  0118        JMP 24,PC   ; -> 6716
66FF  2B0F        LDA 1,15,3
6700  8E00        ADD 0,1
6701  4B15        STA 1,21,3
6702  3715        LDA 2,@21,3
6703  F7F8 0012   ADDI 0012,2
6705  5315        STA 2,21,3
6706  3020        LDA 2,32
6707  6315        IO   6315
6708  EC38 3E02   ELEF 1,3E02   ; [3E02] = 2
670A  8E48        PSH 0,1
670B  8C38 5EC2   EJSR 5EC2   ; [5EC2] = 59336
670D  5020        STA 2,32
670E  E438 3DF6   ELEF 0,3DF6   ; [3DF6] = 1
6710  EC38 01D5   ELEF 1,01D5   ; = 469
6712  8E48        PSH 0,1
6713  8C38 58F3   EJSR 58F3   ; [58F3] = 59336
6715  5020        STA 2,32
6716  0C63        JSR @99
6717  AFC8        RTN
6718  E7C8 001E   SAVE 30             ; frame
671A  B438 01BF   ELDA 2,01BF   ; = 447
671C  22FD        LDA 0,-3,2
671D  2AFB        LDA 1,-5,2
671E  32FE        LDA 2,-2,2
671F  4308        STA 0,8,3
6720  8100        NEG 0,0
6721  8300        INC 0,0
6722  5309        STA 2,9,3
6723  9600        ADD 0,2
6724  430A        STA 0,10,3
6725  8500        SUB 0,0
6726  4B0B        STA 1,11,3
6727  CFC8        MULS
6728  2308        LDA 0,8,3
6729  4B0C        STA 1,12,3
672A  8E00        ADD 0,1
672B  A438 01BF   ELDA 0,01BF   ; = 447
672D  A500        SUB 1,0
672E  530D        STA 2,13,3
672F  D600        ADD 2,2
6730  530E        STA 2,14,3
6731  B438 01B7   ELDA 2,01B7   ; = 439
6733  32FD        LDA 2,-3,2
6734  530F        STA 2,15,3
6735  B438 01B7   ELDA 2,01B7   ; = 439
6737  32FB        LDA 2,-5,2
6738  5310        STA 2,16,3
6739  B438 01B7   ELDA 2,01B7   ; = 439
673B  32FE        LDA 2,-2,2
673C  4311        STA 0,17,3
673D  230F        LDA 0,15,3
673E  8100        NEG 0,0
673F  8300        INC 0,0
6740  5312        STA 2,18,3
6741  9600        ADD 0,2
6742  4313        STA 0,19,3
6743  230F        LDA 0,15,3
6744  4B14        STA 1,20,3
6745  2B10        LDA 1,16,3
6746  CFC8        MULS
6747  A438 01B7   ELDA 0,01B7   ; = 439
6749  A500        SUB 1,0
674A  4315        STA 0,21,3
674B  5316        STA 2,22,3
674C  A438 01F7   ELDA 0,01F7   ; = 503
674E  820C        MOV# 0,0,SZR
674F  0103        JMP 3,PC   ; -> 6752
6750  8538 010A   EJMP 010A,PC   ; -> 685B
6752  8550        SUBZL 0,0
6753  4305        STA 0,5,3
6754  2305        LDA 0,5,3
6755  AC38 01FE   ELDA 1,01FE   ; = 510
6757  8A08        SGT 0,1
6758  0103        JMP 3,PC   ; -> 675B
6759  8538 0101   EJMP 0101,PC   ; -> 685B
675B  3020        LDA 2,32
675C  E438 3E16   ELEF 0,3E16   ; [3E16] = 1
675E  8648        PSH 0,0
675F  6305        IO   6305
6760  6B17        IO   6B17
6761  8E48        PSH 0,1
6762  8C38 58B2   EJSR 58B2   ; [58B2] = 59336
6764  5020        STA 2,32
6765  2317        LDA 0,23,3
6766  820C        MOV# 0,0,SZR
6767  0103        JMP 3,PC   ; -> 676A
6768  8538 00ED   EJMP 00ED,PC   ; -> 6856
676A  EC38 3E16   ELEF 1,3E16   ; [3E16] = 1
676C  AE48        PSH 1,1
676D  6305        IO   6305
676E  6B17        IO   6B17
676F  8E48        PSH 0,1
6770  8C38 58B2   EJSR 58B2   ; [58B2] = 59336
6772  5020        STA 2,32
6773  A438 01E1   ELDA 0,01E1   ; = 481
6775  2B17        LDA 1,23,3
6776  A50D        SUB# 1,0,SNR
6777  0103        JMP 3,PC   ; -> 677A
6778  8538 00DD   EJMP 00DD,PC   ; -> 6856
677A  2305        LDA 0,5,3
677B  2B0E        LDA 1,14,3
677C  8E00        ADD 0,1
677D  3311        LDA 2,17,3
677E  B600        ADD 1,2
677F  5317        STA 2,23,3
6780  2200        LDA 0,0,2
6781  C7F8 00FF   ANDI 00FF,0
6783  D400        ADC 2,2
6784  4304        STA 0,4,3
6785  A438 01CB   ELDA 0,01CB   ; = 459
6787  5303        STA 2,3,3
6788  820D        MOV# 0,0,SNR
6789  0103        JMP 3,PC   ; -> 678C
678A  8538 0098   EJMP 0098,PC   ; -> 6823
678C  A438 01D6   ELDA 0,01D6   ; = 470
678E  2B04        LDA 1,4,3
678F  A50C        SUB# 1,0,SZR
6790  0103        JMP 3,PC   ; -> 6793
6791  8538 0091   EJMP 0091,PC   ; -> 6823
6793  8550        SUBZL 0,0
6794  4306        STA 0,6,3
6795  A438 3E19   ELDA 0,3E19   ; [3E19] = 0
6797  4307        STA 0,7,3
6798  2307        LDA 0,7,3
6799  820C        MOV# 0,0,SZR
679A  0103        JMP 3,PC   ; -> 679D
679B  0903        JSR 3,PC   ; -> 679E
679C  01FC        JMP -4,PC   ; -> 6798
679D  012F        JMP 47,PC   ; -> 67CC
679E  EA00        MOV 3,1
679F  3821        LDA 3,33
67A0  4B17        STA 1,23,3
67A1  8400        ADC 0,0
67A2  3303        LDA 2,3,3
67A3  950D        SUB# 0,2,SNR
67A4  0119        JMP 25,PC   ; -> 67BD
67A5  3020        LDA 2,32
67A6  E438 3E1A   ELEF 0,3E1A   ; [3E1A] = 12
67A8  8648        PSH 0,0
67A9  E438 3E16   ELEF 0,3E16   ; [3E16] = 1
67AB  6B18        IO   6B18
67AC  8E48        PSH 0,1
67AD  8C38 5F68   EJSR 5F68   ; [5F68] = 59336
67AF  5020        STA 2,32
67B0  E438 3E16   ELEF 0,3E16   ; [3E16] = 1
67B2  6B18        IO   6B18
67B3  8E48        PSH 0,1
67B4  6304        IO   6304
67B5  6B19        IO   6B19
67B6  8E48        PSH 0,1
67B7  8C38 5C4C   EJSR 5C4C   ; [5C4C] = 59336
67B9  5020        STA 2,32
67BA  2319        LDA 0,25,3
67BB  4303        STA 0,3,3
67BC  0104        JMP 4,PC   ; -> 67C0
67BD  A438 3E1B   ELDA 0,3E1B   ; [3E1B] = 1
67BF  4307        STA 0,7,3
67C0  6028        IO   6028
67C1  2B06        LDA 1,6,3
67C2  8D0C        SUB# 0,1,SZR
67C3  0105        JMP 5,PC   ; -> 67C8
67C4  B438 3E1B   ELDA 2,3E1B   ; [3E1B] = 1
67C6  5307        STA 2,7,3
67C7  0104        JMP 4,PC   ; -> 67CB
67C8  2306        LDA 0,6,3
67C9  8300        INC 0,0
67CA  4306        STA 0,6,3
67CB  0717        JMP @23,3
67CC  8400        ADC 0,0
67CD  2B03        LDA 1,3,3
67CE  8D0C        SUB# 0,1,SZR
67CF  010A        JMP 10,PC   ; -> 67D9
67D0  3305        LDA 2,5,3
67D1  230E        LDA 0,14,3
67D2  9600        ADD 0,2
67D3  2311        LDA 0,17,3
67D4  9600        ADD 0,2
67D5  5318        STA 2,24,3
67D6  2200        LDA 0,0,2
67D7  A348        HXR 1,0
67D8  4303        STA 0,3,3
67D9  2305        LDA 0,5,3
67DA  2B0E        LDA 1,14,3
67DB  8E00        ADD 0,1
67DC  3311        LDA 2,17,3
67DD  B600        ADD 1,2
67DE  5318        STA 2,24,3
67DF  2200        LDA 0,0,2
67E0  C7F8 FF00   ANDI FF00,0
67E2  4B19        STA 1,25,3
67E3  2B03        LDA 1,3,3
67E4  A600        ADD 1,0
67E5  4200        STA 0,0,2
67E6  3020        LDA 2,32
67E7  E438 3E16   ELEF 0,3E16   ; [3E16] = 1
67E9  8648        PSH 0,0
67EA  6305        IO   6305
67EB  6B18        IO   6B18
67EC  8E48        PSH 0,1
67ED  8C38 58B2   EJSR 58B2   ; [58B2] = 59336
67EF  5020        STA 2,32
67F0  6303        IO   6303
67F1  8648        PSH 0,0
67F2  6318        IO   6318
67F3  6B1A        IO   6B1A
67F4  8E48        PSH 0,1
67F5  8C38 5FDF   EJSR 5FDF   ; [5FDF] = 59336
67F7  5020        STA 2,32
67F8  2305        LDA 0,5,3
67F9  E7F8 0071   ADDI 0071,0
67FB  8048        SBI 0,0
67FC  2B16        LDA 1,22,3
67FD  8E00        ADD 0,1
67FE  3315        LDA 2,21,3
67FF  B600        ADD 1,2
6800  231A        LDA 0,26,3
6801  4200        STA 0,0,2
6802  A438 01D6   ELDA 0,01D6   ; = 470
6804  2B03        LDA 1,3,3
6805  8D0C        SUB# 0,1,SZR
6806  011D        JMP 29,PC   ; -> 6823
6807  0C62        JSR @98
6808  2305        LDA 0,5,3
6809  E7F8 0071   ADDI 0071,0
680B  8048        SBI 0,0
680C  4318        STA 0,24,3
680D  631B        IO   631B
680E  EC38 3E15   ELEF 1,3E15   ; [3E15] = 32
6810  0C59        JSR @89
6811  3020        LDA 2,32
6812  E438 3E16   ELEF 0,3E16   ; [3E16] = 1
6814  8648        PSH 0,0
6815  6318        IO   6318
6816  6B1B        IO   6B1B
6817  8E48        PSH 0,1
6818  8C38 5AAA   EJSR 5AAA   ; [5AAA] = 59336
681A  5020        STA 2,32
681B  631B        IO   631B
681C  EC38 3E20   ELEF 1,3E20   ; [3E20] = 205
681E  8E48        PSH 0,1
681F  8C38 5DBE   EJSR 5DBE   ; [5DBE] = 59336
6821  5020        STA 2,32
6822  0C63        JSR @99
6823  2305        LDA 0,5,3
6824  2B0E        LDA 1,14,3
6825  8E00        ADD 0,1
6826  3311        LDA 2,17,3
6827  B600        ADD 1,2
6828  5318        STA 2,24,3
6829  2200        LDA 0,0,2
682A  C7F8 00FF   ANDI 00FF,0
682C  B438 01D6   ELDA 2,01D6   ; = 470
682E  C50C        SUB# 2,0,SZR
682F  0127        JMP 39,PC   ; -> 6856
6830  3020        LDA 2,32
6831  6305        IO   6305
6832  6B18        IO   6B18
6833  8E48        PSH 0,1
6834  0C0C 013F   JSR @12            ; overlay call, arg 013F
6836  5020        STA 2,32
6837  6008        IO   6008
6838  2B18        LDA 1,24,3
6839  A500        SUB 1,0
683A  431A        STA 0,26,3
683B  631A        IO   631A
683C  8648        PSH 0,0
683D  E438 3E16   ELEF 0,3E16   ; [3E16] = 1
683F  6B1E        IO   6B1E
6840  8E48        PSH 0,1
6841  8C38 5F68   EJSR 5F68   ; [5F68] = 59336
6843  5020        STA 2,32
6844  8550        SUBZL 0,0
6845  2B1E        LDA 1,30,3
6846  8D0C        SUB# 0,1,SZR
6847  0105        JMP 5,PC   ; -> 684C
6848  A438 3E1B   ELDA 0,3E1B   ; [3E1B] = 1
684A  C438 01CD   ESTA 0,01CD   ; = 461
684C  A438 01CD   ELDA 0,01CD   ; = 461
684E  820D        MOV# 0,0,SNR
684F  0107        JMP 7,PC   ; -> 6856
6850  3020        LDA 2,32
6851  6B05        IO   6B05
6852  AE48        PSH 1,1
6853  0C0C 0193   JSR @12            ; overlay call, arg 0193
6855  5020        STA 2,32
6856  2305        LDA 0,5,3
6857  8300        INC 0,0
6858  4305        STA 0,5,3
6859  8538 7EFA   EJMP 7EFA,PC   ; -> 6754
685B  A438 01D2   ELDA 0,01D2   ; = 466
685D  AC38 01FD   ELDA 1,01FD   ; = 509
685F  8A08        SGT 0,1
6860  0138        JMP 56,PC   ; -> 6898
6861  B438 01CE   ELDA 2,01CE   ; = 462
6863  D20C        MOV# 2,2,SZR
6864  D501        SUB 2,2,SKP
6865  D550        SUBZL 2,2
6866  A438 01CD   ELDA 0,01CD   ; = 461
6868  9108        IOR 0,2
6869  D20D        MOV# 2,2,SNR
686A  0106        JMP 6,PC   ; -> 6870
686B  EFF8 000A   ADDI 000A,1
686D  CC38 01FD   ESTA 1,01FD   ; = 509
686F  0129        JMP 41,PC   ; -> 6898
6870  3020        LDA 2,32
6871  E438 3E23   ELEF 0,3E23   ; [3E23] = 55
6873  8648        PSH 0,0
6874  E438 3E22   ELEF 0,3E22   ; [3E22] = 35
6876  6B18        IO   6B18
6877  8E48        PSH 0,1
6878  8C38 5F68   EJSR 5F68   ; [5F68] = 59336
687A  5020        STA 2,32
687B  A438 01FD   ELDA 0,01FD   ; = 509
687D  2B18        LDA 1,24,3
687E  8E00        ADD 0,1
687F  A438 01CE   ELDA 0,01CE   ; = 462
6881  CC38 01FD   ESTA 1,01FD   ; = 509
6883  820D        MOV# 0,0,SNR
6884  0114        JMP 20,PC   ; -> 6898
6885  E438 3E25   ELEF 0,3E25   ; [3E25] = 4
6887  8648        PSH 0,0
6888  E438 3E24   ELEF 0,3E24   ; [3E24] = 0
688A  6B18        IO   6B18
688B  8E48        PSH 0,1
688C  8C38 5F68   EJSR 5F68   ; [5F68] = 59336
688E  5020        STA 2,32
688F  2318        LDA 0,24,3
6890  E7F8 00E8   ADDI 00E8,0
6892  431A        STA 0,26,3
6893  6B1A        IO   6B1A
6894  AE48        PSH 1,1
6895  8C38 5D26   EJSR 5D26   ; [5D26] = 59336
6897  5020        STA 2,32
6898  AC38 01D2   ELDA 1,01D2   ; = 466
689A  700F        IO   700F
689B  BFC8        DIVX
689C  820C        MOV# 0,0,SZR
689D  011F        JMP 31,PC   ; -> 68BC
689E  ED38 001D   ELEF 1,001D,PC   ; -> 68BC
68A0  631B        IO   631B
68A1  0C4C        JSR @76
68A2  3020        LDA 2,32
68A3  8648        PSH 0,0
68A4  E438 3E29   ELEF 0,3E29   ; -> ":MAIL:TABORT" (len 12)
68A6  EC38 3E28   ELEF 1,3E28   ; [3E28] = 9
68A8  8E48        PSH 0,1
68A9  8C38 7001   EJSR 7001   ; [7001] = 59336
68AB  5020        STA 2,32
68AC  E438 3E28   ELEF 0,3E28   ; [3E28] = 9
68AE  8648        PSH 0,0
68AF  8C38 6F89   EJSR 6F89   ; [6F89] = 59336
68B1  5020        STA 2,32
68B2  0C0C 0173   JSR @12            ; overlay call, arg 0173
68B4  E438 3E33   ELEF 0,3E33   ; [3E33] = 114
68B6  8648        PSH 0,0
68B7  8C38 5D26   EJSR 5D26   ; [5D26] = 59336
68B9  5020        STA 2,32
68BA  8C38 6E84   EJSR 6E84   ; [6E84] = 10284
68BC  A438 01C6   ELDA 0,01C6   ; = 454
68BE  820D        MOV# 0,0,SNR
68BF  0104        JMP 4,PC   ; -> 68C3
68C0  3020        LDA 2,32
68C1  0C0C 014D   JSR @12            ; overlay call, arg 014D
68C3  AFC8        RTN
68C4  E7C8 001E   SAVE 30             ; frame
68C6  B438 01B7   ELDA 2,01B7   ; = 439
68C8  22FD        LDA 0,-3,2
68C9  2AFB        LDA 1,-5,2
68CA  32FE        LDA 2,-2,2
68CB  430F        STA 0,15,3
68CC  8100        NEG 0,0
68CD  8300        INC 0,0
68CE  5310        STA 2,16,3
68CF  9600        ADD 0,2
68D0  4311        STA 0,17,3
68D1  8500        SUB 0,0
68D2  4B12        STA 1,18,3
68D3  CFC8        MULS
68D4  230F        LDA 0,15,3
68D5  4B13        STA 1,19,3
68D6  8E00        ADD 0,1
68D7  A438 01B7   ELDA 0,01B7   ; = 439
68D9  A500        SUB 1,0
68DA  5314        STA 2,20,3
68DB  D600        ADD 2,2
68DC  4315        STA 0,21,3
68DD  4B16        STA 1,22,3
68DE  5317        STA 2,23,3
68DF  0C41        JSR @65
68E0  0001        JMP 1
68E1  4318        STA 0,24,3
68E2  0C62        JSR @98
68E3  EC38 3E34   ELEF 1,3E34   ; [3E34] = 160
68E5  6303        IO   6303
68E6  0C59        JSR @89
68E7  EC38 3E35   ELEF 1,3E35   ; [3E35] = 1
68E9  6306        IO   6306
68EA  0C59        JSR @89
68EB  8688        POP 0,0
68EC  D550        SUBZL 2,2
68ED  D648        PSH 2,2
68EE  680A        IO   680A
68EF  AE48        PSH 1,1
68F0  AD50        SUBZL 1,1
68F1  B648        PSH 1,2
68F2  680A        IO   680A
68F3  3020        LDA 2,32
68F4  8EF8        MSP 0
68F5  4420        STA 0,@32
68F6  5309        STA 2,9,3
68F7  9048        SBI 0,2
68F8  5319        STA 2,25,3
68F9  A438 01D4   ELDA 0,01D4   ; = 468
68FB  8300        INC 0,0
68FC  AC38 3E37   ELDA 1,3E37   ; [3E37] = 0
68FE  D550        SUBZL 2,2
68FF  530C        STA 2,12,3
6900  C438 01D4   ESTA 0,01D4   ; = 468
6902  4B0E        STA 1,14,3
6903  530A        STA 2,10,3
6904  230A        LDA 0,10,3
6905  AC38 01DD   ELDA 1,01DD   ; = 477
6907  8A08        SGT 0,1
6908  0103        JMP 3,PC   ; -> 690B
6909  8538 01B9   EJMP 01B9,PC   ; -> 6AC3
690B  3317        LDA 2,23,3
690C  9600        ADD 0,2
690D  2315        LDA 0,21,3
690E  9600        ADD 0,2
690F  531A        STA 2,26,3
6910  2200        LDA 0,0,2
6911  330A        LDA 2,10,3
6912  430B        STA 0,11,3
6913  2314        LDA 0,20,3
6914  9600        ADD 0,2
6915  2315        LDA 0,21,3
6916  9600        ADD 0,2
6917  2718        LDA 0,@24,3
6918  531A        STA 2,26,3
6919  2A00        LDA 1,0,2
691A  A50D        SUB# 1,0,SNR
691B  0103        JMP 3,PC   ; -> 691E
691C  8538 01A1   EJMP 01A1,PC   ; -> 6ABE
691E  820D        MOV# 0,0,SNR
691F  D501        SUB 2,2,SKP
6920  D550        SUBZL 2,2
6921  C7F8 8000   ANDI 8000,0
6923  531A        STA 2,26,3
6924  820C        MOV# 0,0,SZR
6925  D501        SUB 2,2,SKP
6926  D550        SUBZL 2,2
6927  231A        LDA 0,26,3
6928  9700        AND 0,2
6929  D20C        MOV# 2,2,SZR
692A  0103        JMP 3,PC   ; -> 692D
692B  8538 008F   EJMP 008F,PC   ; -> 69BB
692D  0C62        JSR @98
692E  3020        LDA 2,32
692F  630A        IO   630A
6930  6B1A        IO   6B1A
6931  8E48        PSH 0,1
6932  8C38 5FFA   EJSR 5FFA   ; [5FFA] = 59336
6934  5020        STA 2,32
6935  631B        IO   631B
6936  EC38 3E34   ELEF 1,3E34   ; [3E34] = 160
6938  0C59        JSR @89
6939  3020        LDA 2,32
693A  631A        IO   631A
693B  8648        PSH 0,0
693C  630A        IO   630A
693D  6B1B        IO   6B1B
693E  8E48        PSH 0,1
693F  8C38 5AAA   EJSR 5AAA   ; [5AAA] = 59336
6941  5020        STA 2,32
6942  6303        IO   6303
6943  6B1B        IO   6B1B
6944  0C5C        JSR @92
6945  0C63        JSR @99
6946  7303        IO   7303
6947  2202        LDA 0,2,2
6948  3020        LDA 2,32
6949  EC38 3E35   ELEF 1,3E35   ; [3E35] = 1
694B  AE48        PSH 1,1
694C  430D        STA 0,13,3
694D  6303        IO   6303
694E  6B1B        IO   6B1B
694F  0C5D        JSR @93
6950  5020        STA 2,32
6951  6306        IO   6306
6952  0C5C        JSR @92
6953  EC38 3E3A   ELEF 1,3E3A   ; -> "%" (len 1)
6955  0C55        JSR @85
6956  0163        JMP 99,PC   ; -> 69B9
6957  EC38 3E3E   ELEF 1,3E3E   ; -> "@" (len 1)
6959  0C55        JSR @85
695A  012E        JMP 46,PC   ; -> 6988
695B  8400        ADC 0,0
695C  EC38 3E42   ELEF 1,3E42   ; [3E42] = 0
695E  0C34        JSR @52
695F  5020        STA 2,32
6960  8400        ADC 0,0
6961  EC38 3E43   ELEF 1,3E43   ; -> "There is " (len 9)
6963  0C31        JSR @49
6964  5020        STA 2,32
6965  8400        ADC 0,0
6966  6B03        IO   6B03
6967  0C31        JSR @49
6968  5020        STA 2,32
6969  8400        ADC 0,0
696A  EC38 3E4B   ELEF 1,3E4B   ; -> " here." (len 6)
696C  0C31        JSR @49
696D  5020        STA 2,32
696E  0C38        JSR @56
696F  A438 01CC   ELDA 0,01CC   ; = 460
6971  820D        MOV# 0,0,SNR
6972  0115        JMP 21,PC   ; -> 6987
6973  8400        ADC 0,0
6974  EC38 3E36   ELEF 1,3E36   ; [3E36] = 10
6976  0C34        JSR @52
6977  5020        STA 2,32
6978  8400        ADC 0,0
6979  EC38 3E43   ELEF 1,3E43   ; -> "There is " (len 9)
697B  0C31        JSR @49
697C  5020        STA 2,32
697D  8400        ADC 0,0
697E  6B03        IO   6B03
697F  0C31        JSR @49
6980  5020        STA 2,32
6981  8400        ADC 0,0
6982  EC38 3E4B   ELEF 1,3E4B   ; -> " here." (len 6)
6984  0C31        JSR @49
6985  5020        STA 2,32
6986  0C38        JSR @56
6987  0132        JMP 50,PC   ; -> 69B9
6988  3020        LDA 2,32
6989  8400        ADC 0,0
698A  EC38 3E42   ELEF 1,3E42   ; [3E42] = 0
698C  0C34        JSR @52
698D  5020        STA 2,32
698E  630D        IO   630D
698F  EC38 3E52   ELEF 1,3E52   ; [3E52] = 2
6991  8E48        PSH 0,1
6992  6303        IO   6303
6993  6B1B        IO   6B1B
6994  0C5D        JSR @93
6995  5020        STA 2,32
6996  8400        ADC 0,0
6997  0C31        JSR @49
6998  5020        STA 2,32
6999  8400        ADC 0,0
699A  EC38 3E53   ELEF 1,3E53   ; -> "." (len 1)
699C  0C31        JSR @49
699D  5020        STA 2,32
699E  0C38        JSR @56
699F  A438 01CC   ELDA 0,01CC   ; = 460
69A1  820D        MOV# 0,0,SNR
69A2  0117        JMP 23,PC   ; -> 69B9
69A3  8400        ADC 0,0
69A4  EC38 3E36   ELEF 1,3E36   ; [3E36] = 10
69A6  0C34        JSR @52
69A7  5020        STA 2,32
69A8  630D        IO   630D
69A9  EC38 3E52   ELEF 1,3E52   ; [3E52] = 2
69AB  8E48        PSH 0,1
69AC  6303        IO   6303
69AD  6B1B        IO   6B1B
69AE  0C5D        JSR @93
69AF  5020        STA 2,32
69B0  8400        ADC 0,0
69B1  0C31        JSR @49
69B2  5020        STA 2,32
69B3  8400        ADC 0,0
69B4  EC38 3E53   ELEF 1,3E53   ; -> "." (len 1)
69B6  0C31        JSR @49
69B7  5020        STA 2,32
69B8  0C38        JSR @56
69B9  8538 00A4   EJMP 00A4,PC   ; -> 6A5E
69BB  2718        LDA 0,@24,3
69BC  820D        MOV# 0,0,SNR
69BD  D501        SUB 2,2,SKP
69BE  D550        SUBZL 2,2
69BF  2B0B        LDA 1,11,3
69C0  CFF8 0100   ANDI 0100,1
69C2  531A        STA 2,26,3
69C3  AA0C        MOV# 1,1,SZR
69C4  D501        SUB 2,2,SKP
69C5  D550        SUBZL 2,2
69C6  231A        LDA 0,26,3
69C7  9108        IOR 0,2
69C8  D20C        MOV# 2,2,SZR
69C9  0103        JMP 3,PC   ; -> 69CC
69CA  8538 008B   EJMP 008B,PC   ; -> 6A56
69CC  A438 01D4   ELDA 0,01D4   ; = 468
69CE  820D        MOV# 0,0,SNR
69CF  0132        JMP 50,PC   ; -> 6A01
69D0  3020        LDA 2,32
69D1  8400        ADC 0,0
69D2  EC38 3E42   ELEF 1,3E42   ; [3E42] = 0
69D4  0C34        JSR @52
69D5  5020        STA 2,32
69D6  A438 01D4   ELDA 0,01D4   ; = 468
69D8  8600        ADD 0,0
69D9  431A        STA 0,26,3
69DA  631A        IO   631A
69DB  EC38 3E35   ELEF 1,3E35   ; [3E35] = 1
69DD  8E48        PSH 0,1
69DE  E438 021A   ELEF 0,021A   ; = 538
69E0  6B1B        IO   6B1B
69E1  0C5D        JSR @93
69E2  5020        STA 2,32
69E3  8400        ADC 0,0
69E4  0C31        JSR @49
69E5  5020        STA 2,32
69E6  0C38        JSR @56
69E7  A438 01CC   ELDA 0,01CC   ; = 460
69E9  820D        MOV# 0,0,SNR
69EA  0117        JMP 23,PC   ; -> 6A01
69EB  8400        ADC 0,0
69EC  EC38 3E36   ELEF 1,3E36   ; [3E36] = 10
69EE  0C34        JSR @52
69EF  5020        STA 2,32
69F0  A438 01D4   ELDA 0,01D4   ; = 468
69F2  8600        ADD 0,0
69F3  431A        STA 0,26,3
69F4  631A        IO   631A
69F5  EC38 3E35   ELEF 1,3E35   ; [3E35] = 1
69F7  8E48        PSH 0,1
69F8  E438 021A   ELEF 0,021A   ; = 538
69FA  6B1B        IO   6B1B
69FB  0C5D        JSR @93
69FC  5020        STA 2,32
69FD  8400        ADC 0,0
69FE  0C31        JSR @49
69FF  5020        STA 2,32
6A00  0C38        JSR @56
6A01  3020        LDA 2,32
6A02  8400        ADC 0,0
6A03  EC38 3E42   ELEF 1,3E42   ; [3E42] = 0
6A05  0C34        JSR @52
6A06  5020        STA 2,32
6A07  0C62        JSR @98
6A08  3020        LDA 2,32
6A09  630A        IO   630A
6A0A  6B1A        IO   6B1A
6A0B  8E48        PSH 0,1
6A0C  8C38 5FFA   EJSR 5FFA   ; [5FFA] = 59336
6A0E  5020        STA 2,32
6A0F  631B        IO   631B
6A10  EC38 3E34   ELEF 1,3E34   ; [3E34] = 160
6A12  0C59        JSR @89
6A13  3020        LDA 2,32
6A14  631A        IO   631A
6A15  8648        PSH 0,0
6A16  630A        IO   630A
6A17  6B1B        IO   6B1B
6A18  8E48        PSH 0,1
6A19  8C38 5AAA   EJSR 5AAA   ; [5AAA] = 59336
6A1B  5020        STA 2,32
6A1C  8400        ADC 0,0
6A1D  6B1B        IO   6B1B
6A1E  0C31        JSR @49
6A1F  5020        STA 2,32
6A20  0C63        JSR @99
6A21  3020        LDA 2,32
6A22  8400        ADC 0,0
6A23  EC38 3E53   ELEF 1,3E53   ; -> "." (len 1)
6A25  0C31        JSR @49
6A26  5020        STA 2,32
6A27  0C38        JSR @56
6A28  A438 01CC   ELDA 0,01CC   ; = 460
6A2A  820D        MOV# 0,0,SNR
6A2B  0127        JMP 39,PC   ; -> 6A52
6A2C  8400        ADC 0,0
6A2D  EC38 3E36   ELEF 1,3E36   ; [3E36] = 10
6A2F  0C34        JSR @52
6A30  5020        STA 2,32
6A31  0C62        JSR @98
6A32  3020        LDA 2,32
6A33  630A        IO   630A
6A34  6B1A        IO   6B1A
6A35  8E48        PSH 0,1
6A36  8C38 5FFA   EJSR 5FFA   ; [5FFA] = 59336
6A38  5020        STA 2,32
6A39  631B        IO   631B
6A3A  EC38 3E34   ELEF 1,3E34   ; [3E34] = 160
6A3C  0C59        JSR @89
6A3D  3020        LDA 2,32
6A3E  631A        IO   631A
6A3F  8648        PSH 0,0
6A40  630A        IO   630A
6A41  6B1B        IO   6B1B
6A42  8E48        PSH 0,1
6A43  8C38 5AAA   EJSR 5AAA   ; [5AAA] = 59336
6A45  5020        STA 2,32
6A46  8400        ADC 0,0
6A47  6B1B        IO   6B1B
6A48  0C31        JSR @49
6A49  5020        STA 2,32
6A4A  0C63        JSR @99
6A4B  3020        LDA 2,32
6A4C  8400        ADC 0,0
6A4D  EC38 3E53   ELEF 1,3E53   ; -> "." (len 1)
6A4F  0C31        JSR @49
6A50  5020        STA 2,32
6A51  0C38        JSR @56
6A52  A438 3E58   ELDA 0,3E58   ; [3E58] = 1
6A54  430E        STA 0,14,3
6A55  0109        JMP 9,PC   ; -> 6A5E
6A56  330C        LDA 2,12,3
6A57  2319        LDA 0,25,3
6A58  9600        ADD 0,2
6A59  2B0A        LDA 1,10,3
6A5A  230C        LDA 0,12,3
6A5B  8300        INC 0,0
6A5C  430C        STA 0,12,3
6A5D  4A00        STA 1,0,2
6A5E  230B        LDA 0,11,3
6A5F  C7F8 0200   ANDI 0200,0
6A61  820D        MOV# 0,0,SNR
6A62  015C        JMP 92,PC   ; -> 6ABE
6A63  2B0B        LDA 1,11,3
6A64  CFF8 0020   ANDI 0020,1
6A66  AA0D        MOV# 1,1,SNR
6A67  D501        SUB 2,2,SKP
6A68  D550        SUBZL 2,2
6A69  230B        LDA 0,11,3
6A6A  C7F8 0040   ANDI 0040,0
6A6C  531A        STA 2,26,3
6A6D  820D        MOV# 0,0,SNR
6A6E  D501        SUB 2,2,SKP
6A6F  D550        SUBZL 2,2
6A70  231A        LDA 0,26,3
6A71  9108        IOR 0,2
6A72  D20D        MOV# 2,2,SNR
6A73  014B        JMP 75,PC   ; -> 6ABE
6A74  A438 01D4   ELDA 0,01D4   ; = 468
6A76  820D        MOV# 0,0,SNR
6A77  D501        SUB 2,2,SKP
6A78  D550        SUBZL 2,2
6A79  D20D        MOV# 2,2,SNR
6A7A  0134        JMP 52,PC   ; -> 6AAE
6A7B  3020        LDA 2,32
6A7C  8400        ADC 0,0
6A7D  EC38 3E42   ELEF 1,3E42   ; [3E42] = 0
6A7F  0C34        JSR @52
6A80  5020        STA 2,32
6A81  A438 01D4   ELDA 0,01D4   ; = 468
6A83  8600        ADD 0,0
6A84  8300        INC 0,0
6A85  431A        STA 0,26,3
6A86  631A        IO   631A
6A87  EC38 3E35   ELEF 1,3E35   ; [3E35] = 1
6A89  8E48        PSH 0,1
6A8A  E438 021A   ELEF 0,021A   ; = 538
6A8C  6B1B        IO   6B1B
6A8D  0C5D        JSR @93
6A8E  5020        STA 2,32
6A8F  8400        ADC 0,0
6A90  0C31        JSR @49
6A91  5020        STA 2,32
6A92  0C38        JSR @56
6A93  A438 01CC   ELDA 0,01CC   ; = 460
6A95  820D        MOV# 0,0,SNR
6A96  0118        JMP 24,PC   ; -> 6AAE
6A97  8400        ADC 0,0
6A98  EC38 3E36   ELEF 1,3E36   ; [3E36] = 10
6A9A  0C34        JSR @52
6A9B  5020        STA 2,32
6A9C  A438 01D4   ELDA 0,01D4   ; = 468
6A9E  8600        ADD 0,0
6A9F  8300        INC 0,0
6AA0  431A        STA 0,26,3
6AA1  631A        IO   631A
6AA2  EC38 3E35   ELEF 1,3E35   ; [3E35] = 1
6AA4  8E48        PSH 0,1
6AA5  E438 021A   ELEF 0,021A   ; = 538
6AA7  6B1B        IO   6B1B
6AA8  0C5D        JSR @93
6AA9  5020        STA 2,32
6AAA  8400        ADC 0,0
6AAB  0C31        JSR @49
6AAC  5020        STA 2,32
6AAD  0C38        JSR @56
6AAE  3020        LDA 2,32
6AAF  E438 3E5C   ELEF 0,3E5C   ; [3E5C] = 124
6AB1  8648        PSH 0,0
6AB2  8C38 5D26   EJSR 5D26   ; [5D26] = 59336
6AB4  5020        STA 2,32
6AB5  230A        LDA 0,10,3
6AB6  E7F8 8000   ADDI 8000,0
6AB8  431A        STA 0,26,3
6AB9  6B1A        IO   6B1A
6ABA  AE48        PSH 1,1
6ABB  8C38 68C4   EJSR 68C4   ; [68C4] = 59336
6ABD  5020        STA 2,32
6ABE  230A        LDA 0,10,3
6ABF  8300        INC 0,0
6AC0  430A        STA 0,10,3
6AC1  8538 7E42   EJMP 7E42,PC   ; -> 6904
6AC3  2718        LDA 0,@24,3
6AC4  820D        MOV# 0,0,SNR
6AC5  0103        JMP 3,PC   ; -> 6AC8
6AC6  8538 00A6   EJMP 00A6,PC   ; -> 6B6D
6AC8  2B0E        LDA 1,14,3
6AC9  B438 3E37   ELDA 2,3E37   ; [3E37] = 0
6ACB  B50C        SUB# 1,2,SZR
6ACC  011C        JMP 28,PC   ; -> 6AE8
6ACD  3020        LDA 2,32
6ACE  8400        ADC 0,0
6ACF  EC38 3E42   ELEF 1,3E42   ; [3E42] = 0
6AD1  0C34        JSR @52
6AD2  5020        STA 2,32
6AD3  8400        ADC 0,0
6AD4  EC38 3E5D   ELEF 1,3E5D   ; -> "Nothing!." (len 9)
6AD6  0C31        JSR @49
6AD7  5020        STA 2,32
6AD8  0C38        JSR @56
6AD9  A438 01CC   ELDA 0,01CC   ; = 460
6ADB  820D        MOV# 0,0,SNR
6ADC  010C        JMP 12,PC   ; -> 6AE8
6ADD  8400        ADC 0,0
6ADE  EC38 3E36   ELEF 1,3E36   ; [3E36] = 10
6AE0  0C34        JSR @52
6AE1  5020        STA 2,32
6AE2  8400        ADC 0,0
6AE3  EC38 3E5D   ELEF 1,3E5D   ; -> "Nothing!." (len 9)
6AE5  0C31        JSR @49
6AE6  5020        STA 2,32
6AE7  0C38        JSR @56
6AE8  8550        SUBZL 0,0
6AE9  2B0C        LDA 1,12,3
6AEA  A50C        SUB# 1,0,SZR
6AEB  0103        JMP 3,PC   ; -> 6AEE
6AEC  8538 0080   EJMP 0080,PC   ; -> 6B6D
6AEE  3020        LDA 2,32
6AEF  8400        ADC 0,0
6AF0  EC38 3E42   ELEF 1,3E42   ; [3E42] = 0
6AF2  0C34        JSR @52
6AF3  5020        STA 2,32
6AF4  8400        ADC 0,0
6AF5  EC38 3E65   ELEF 1,3E65   ; -> ".You are wearing the following:." (len 32)
6AF7  0C31        JSR @49
6AF8  5020        STA 2,32
6AF9  0C38        JSR @56
6AFA  A438 01CC   ELDA 0,01CC   ; = 460
6AFC  820D        MOV# 0,0,SNR
6AFD  010C        JMP 12,PC   ; -> 6B09
6AFE  8400        ADC 0,0
6AFF  EC38 3E36   ELEF 1,3E36   ; [3E36] = 10
6B01  0C34        JSR @52
6B02  5020        STA 2,32
6B03  8400        ADC 0,0
6B04  EC38 3E65   ELEF 1,3E65   ; -> ".You are wearing the following:." (len 32)
6B06  0C31        JSR @49
6B07  5020        STA 2,32
6B08  0C38        JSR @56
6B09  8550        SUBZL 0,0
6B0A  430A        STA 0,10,3
6B0B  230C        LDA 0,12,3
6B0C  8048        SBI 0,0
6B0D  2B0A        LDA 1,10,3
6B0E  8A48        SGE 0,1
6B0F  015E        JMP 94,PC   ; -> 6B6D
6B10  3020        LDA 2,32
6B11  8400        ADC 0,0
6B12  EC38 3E42   ELEF 1,3E42   ; [3E42] = 0
6B14  0C34        JSR @52
6B15  5020        STA 2,32
6B16  0C62        JSR @98
6B17  230A        LDA 0,10,3
6B18  2B19        LDA 1,25,3
6B19  8E00        ADD 0,1
6B1A  3020        LDA 2,32
6B1B  A200        MOV 1,0
6B1C  431A        STA 0,26,3
6B1D  6B1E        IO   6B1E
6B1E  8E48        PSH 0,1
6B1F  8C38 5FFA   EJSR 5FFA   ; [5FFA] = 59336
6B21  5020        STA 2,32
6B22  631B        IO   631B
6B23  EC38 3E34   ELEF 1,3E34   ; [3E34] = 160
6B25  0C59        JSR @89
6B26  3020        LDA 2,32
6B27  631E        IO   631E
6B28  8648        PSH 0,0
6B29  231A        LDA 0,26,3
6B2A  6B1B        IO   6B1B
6B2B  8E48        PSH 0,1
6B2C  8C38 5AAA   EJSR 5AAA   ; [5AAA] = 59336
6B2E  5020        STA 2,32
6B2F  8400        ADC 0,0
6B30  6B1B        IO   6B1B
6B31  0C31        JSR @49
6B32  5020        STA 2,32
6B33  0C63        JSR @99
6B34  3020        LDA 2,32
6B35  8400        ADC 0,0
6B36  EC38 3E53   ELEF 1,3E53   ; -> "." (len 1)
6B38  0C31        JSR @49
6B39  5020        STA 2,32
6B3A  0C38        JSR @56
6B3B  A438 01CC   ELDA 0,01CC   ; = 460
6B3D  820D        MOV# 0,0,SNR
6B3E  012B        JMP 43,PC   ; -> 6B69
6B3F  8400        ADC 0,0
6B40  EC38 3E36   ELEF 1,3E36   ; [3E36] = 10
6B42  0C34        JSR @52
6B43  5020        STA 2,32
6B44  0C62        JSR @98
6B45  230A        LDA 0,10,3
6B46  2B19        LDA 1,25,3
6B47  8E00        ADD 0,1
6B48  3020        LDA 2,32
6B49  A200        MOV 1,0
6B4A  431E        STA 0,30,3
6B4B  6B1A        IO   6B1A
6B4C  8E48        PSH 0,1
6B4D  8C38 5FFA   EJSR 5FFA   ; [5FFA] = 59336
6B4F  5020        STA 2,32
6B50  631B        IO   631B
6B51  EC38 3E34   ELEF 1,3E34   ; [3E34] = 160
6B53  0C59        JSR @89
6B54  3020        LDA 2,32
6B55  631A        IO   631A
6B56  8648        PSH 0,0
6B57  231E        LDA 0,30,3
6B58  6B1B        IO   6B1B
6B59  8E48        PSH 0,1
6B5A  8C38 5AAA   EJSR 5AAA   ; [5AAA] = 59336
6B5C  5020        STA 2,32
6B5D  8400        ADC 0,0
6B5E  6B1B        IO   6B1B
6B5F  0C31        JSR @49
6B60  5020        STA 2,32
6B61  0C63        JSR @99
6B62  3020        LDA 2,32
6B63  8400        ADC 0,0
6B64  EC38 3E53   ELEF 1,3E53   ; -> "." (len 1)
6B66  0C31        JSR @49
6B67  5020        STA 2,32
6B68  0C38        JSR @56
6B69  230A        LDA 0,10,3
6B6A  8300        INC 0,0
6B6B  430A        STA 0,10,3
6B6C  019F        JMP -97,PC   ; -> 6B0B
6B6D  A438 01D4   ELDA 0,01D4   ; = 468
6B6F  8048        SBI 0,0
6B70  C438 01D4   ESTA 0,01D4   ; = 468
6B72  0C63        JSR @99
6B73  AFC8        RTN
6B74  E7C8 002A   SAVE 42             ; frame
6B76  0C42        JSR @66
6B77  0001        JMP 1
6B78  4309        STA 0,9,3
6B79  B438 01B7   ELDA 2,01B7   ; = 439
6B7B  2AFD        LDA 1,-3,2
6B7C  32FB        LDA 2,-5,2
6B7D  530A        STA 2,10,3
6B7E  B438 01B7   ELDA 2,01B7   ; = 439
6B80  32FE        LDA 2,-2,2
6B81  4B0B        STA 1,11,3
6B82  A900        NEG 1,1
6B83  AB00        INC 1,1
6B84  530C        STA 2,12,3
6B85  B600        ADD 1,2
6B86  8500        SUB 0,0
6B87  4B0D        STA 1,13,3
6B88  2B0A        LDA 1,10,3
6B89  CFC8        MULS
6B8A  230B        LDA 0,11,3
6B8B  4B0E        STA 1,14,3
6B8C  8E00        ADD 0,1
6B8D  A438 01B7   ELDA 0,01B7   ; = 439
6B8F  A500        SUB 1,0
6B90  430F        STA 0,15,3
6B91  2709        LDA 0,@9,3
6B92  5310        STA 2,16,3
6B93  9600        ADD 0,2
6B94  230F        LDA 0,15,3
6B95  9600        ADD 0,2
6B96  2310        LDA 0,16,3
6B97  8600        ADD 0,0
6B98  4B11        STA 1,17,3
6B99  2F09        LDA 1,@9,3
6B9A  4312        STA 0,18,3
6B9B  A600        ADD 1,0
6B9C  5313        STA 2,19,3
6B9D  330F        LDA 2,15,3
6B9E  9600        ADD 0,2
6B9F  5314        STA 2,20,3
6BA0  B438 01B6   ELDA 2,01B6   ; = 438
6BA2  32FD        LDA 2,-3,2
6BA3  5315        STA 2,21,3
6BA4  B438 01B6   ELDA 2,01B6   ; = 438
6BA6  32FB        LDA 2,-5,2
6BA7  5316        STA 2,22,3
6BA8  B438 01B6   ELDA 2,01B6   ; = 438
6BAA  32FE        LDA 2,-2,2
6BAB  2315        LDA 0,21,3
6BAC  8100        NEG 0,0
6BAD  8300        INC 0,0
6BAE  5317        STA 2,23,3
6BAF  9600        ADD 0,2
6BB0  4318        STA 0,24,3
6BB1  8500        SUB 0,0
6BB2  2B16        LDA 1,22,3
6BB3  CFC8        MULS
6BB4  2315        LDA 0,21,3
6BB5  4B19        STA 1,25,3
6BB6  8E00        ADD 0,1
6BB7  A438 01B6   ELDA 0,01B6   ; = 438
6BB9  A500        SUB 1,0
6BBA  531A        STA 2,26,3
6BBB  D600        ADD 2,2
6BBC  431B        STA 0,27,3
6BBD  4B1C        STA 1,28,3
6BBE  531D        STA 2,29,3
6BBF  2713        LDA 0,@19,3
6BC0  4303        STA 0,3,3
6BC1  2714        LDA 0,@20,3
6BC2  4306        STA 0,6,3
6BC3  2303        LDA 0,3,3
6BC4  C7F8 7FFF   ANDI 7FFF,0
6BC6  4305        STA 0,5,3
6BC7  8550        SUBZL 0,0
6BC8  4304        STA 0,4,3
6BC9  2304        LDA 0,4,3
6BCA  AC38 01F0   ELDA 1,01F0   ; = 496
6BCC  8A08        SGT 0,1
6BCD  0103        JMP 3,PC   ; -> 6BD0
6BCE  8538 007C   EJMP 007C,PC   ; -> 6C4B
6BD0  331A        LDA 2,26,3
6BD1  9600        ADD 0,2
6BD2  231B        LDA 0,27,3
6BD3  9600        ADD 0,2
6BD4  2305        LDA 0,5,3
6BD5  531E        STA 2,30,3
6BD6  2A00        LDA 1,0,2
6BD7  A50D        SUB# 1,0,SNR
6BD8  0103        JMP 3,PC   ; -> 6BDB
6BD9  8538 006C   EJMP 006C,PC   ; -> 6C46
6BDB  3304        LDA 2,4,3
6BDC  231D        LDA 0,29,3
6BDD  9600        ADD 0,2
6BDE  2B1B        LDA 1,27,3
6BDF  B600        ADD 1,2
6BE0  531E        STA 2,30,3
6BE1  3020        LDA 2,32
6BE2  2309        LDA 0,9,3
6BE3  6B1F        IO   6B1F
6BE4  8E48        PSH 0,1
6BE5  8C38 5F8B   EJSR 5F8B   ; [5F8B] = 59336
6BE7  5020        STA 2,32
6BE8  271E        LDA 0,@30,3
6BE9  2B1F        LDA 1,31,3
6BEA  A500        SUB 1,0
6BEB  431E        STA 0,30,3
6BEC  2304        LDA 0,4,3
6BED  2B1D        LDA 1,29,3
6BEE  8E00        ADD 0,1
6BEF  331B        LDA 2,27,3
6BF0  B600        ADD 1,2
6BF1  231E        LDA 0,30,3
6BF2  4200        STA 0,0,2
6BF3  2305        LDA 0,5,3
6BF4  2B12        LDA 1,18,3
6BF5  8E00        ADD 0,1
6BF6  330F        LDA 2,15,3
6BF7  B600        ADD 1,2
6BF8  531F        STA 2,31,3
6BF9  2200        LDA 0,0,2
6BFA  C7F8 000F   ANDI 000F,0
6BFC  4308        STA 0,8,3
6BFD  820D        MOV# 0,0,SNR
6BFE  0127        JMP 39,PC   ; -> 6C25
6BFF  2B06        LDA 1,6,3
6C00  CFF8 000F   ANDI 000F,1
6C02  A500        SUB 1,0
6C03  4307        STA 0,7,3
6C04  3020        LDA 2,32
6C05  6307        IO   6307
6C06  6B20        IO   6B20
6C07  0C44        JSR @68
6C08  5020        STA 2,32
6C09  2305        LDA 0,5,3
6C0A  2B12        LDA 1,18,3
6C0B  8E00        ADD 0,1
6C0C  230F        LDA 0,15,3
6C0D  4B1F        STA 1,31,3
6C0E  8E00        ADD 0,1
6C0F  A200        MOV 1,0
6C10  431E        STA 0,30,3
6C11  6B22        IO   6B22
6C12  0C44        JSR @68
6C13  5020        STA 2,32
6C14  AE48        PSH 1,1
6C15  E438 3E7C   ELEF 0,3E7C   ; [3E7C] = 0
6C17  6B24        IO   6B24
6C18  0C4A        JSR @74
6C19  5020        STA 2,32
6C1A  AE48        PSH 1,1
6C1B  6320        IO   6320
6C1C  6B26        IO   6B26
6C1D  0C49        JSR @73
6C1E  5020        STA 2,32
6C1F  A200        MOV 1,0
6C20  6B28        IO   6B28
6C21  0C4B        JSR @75
6C22  5020        STA 2,32
6C23  2328        LDA 0,40,3
6C24  471E        STA 0,@30,3
6C25  2304        LDA 0,4,3
6C26  2B1D        LDA 1,29,3
6C27  8E00        ADD 0,1
6C28  331B        LDA 2,27,3
6C29  B600        ADD 1,2
6C2A  5328        STA 2,40,3
6C2B  2200        LDA 0,0,2
6C2C  820C        MOV# 0,0,SZR
6C2D  0119        JMP 25,PC   ; -> 6C46
6C2E  3305        LDA 2,5,3
6C2F  2312        LDA 0,18,3
6C30  9600        ADD 0,2
6C31  230F        LDA 0,15,3
6C32  5328        STA 2,40,3
6C33  9600        ADD 0,2
6C34  5329        STA 2,41,3
6C35  3020        LDA 2,32
6C36  2329        LDA 0,41,3
6C37  6B22        IO   6B22
6C38  0C44        JSR @68
6C39  5020        STA 2,32
6C3A  AE48        PSH 1,1
6C3B  E438 3E7E   ELEF 0,3E7E   ; [3E7E] = 0
6C3D  6B24        IO   6B24
6C3E  0C4A        JSR @74
6C3F  5020        STA 2,32
6C40  A200        MOV 1,0
6C41  6B2A        IO   6B2A
6C42  0C4B        JSR @75
6C43  5020        STA 2,32
6C44  232A        LDA 0,42,3
6C45  4729        STA 0,@41,3
6C46  2304        LDA 0,4,3
6C47  8300        INC 0,0
6C48  4304        STA 0,4,3
6C49  8538 7F7F   EJMP 7F7F,PC   ; -> 6BC9
6C4B  AFC8        RTN
6C4C  E7C8 000C   SAVE 12             ; frame
6C4E  0C43        JSR @67
6C4F  0001        JMP 1
6C50  4304        STA 0,4,3
6C51  B438 01B0   ELDA 2,01B0   ; = 432
6C53  2AFD        LDA 1,-3,2
6C54  B500        SUB 1,2
6C55  5305        STA 2,5,3
6C56  F7F8 000C   ADDI 000C,2
6C58  5306        STA 2,6,3
6C59  3305        LDA 2,5,3
6C5A  F7F8 000D   ADDI 000D,2
6C5C  5307        STA 2,7,3
6C5D  3305        LDA 2,5,3
6C5E  F7F8 0006   ADDI 0006,2
6C60  4B08        STA 1,8,3
6C61  5309        STA 2,9,3
6C62  A438 01F2   ELDA 0,01F2   ; = 498
6C64  4706        STA 0,@6,3
6C65  A438 01F3   ELDA 0,01F3   ; = 499
6C67  4707        STA 0,@7,3
6C68  3020        LDA 2,32
6C69  8400        ADC 0,0
6C6A  EC38 3E83   ELEF 1,3E83   ; [3E83] = 0
6C6C  0C34        JSR @52
6C6D  5020        STA 2,32
6C6E  8400        ADC 0,0
6C6F  EC38 3E84   ELEF 1,3E84   ; -> "." (len 1)
6C71  0C31        JSR @49
6C72  5020        STA 2,32
6C73  0C38        JSR @56
6C74  ED38 0025   ELEF 1,0025,PC   ; -> 6C9A
6C76  630A        IO   630A
6C77  0C4C        JSR @76
6C78  AC38 01B0   ELDA 1,01B0   ; = 432
6C7A  8E48        PSH 0,1
6C7B  8C38 6DC0   EJSR 6DC0   ; [6DC0] = 59336
6C7D  5020        STA 2,32
6C7E  2309        LDA 0,9,3
6C7F  EC38 0211   ELEF 1,0211   ; = 529
6C81  8E48        PSH 0,1
6C82  8C38 75C8   EJSR 75C8   ; [75C8] = 59336
6C84  5020        STA 2,32
6C85  2709        LDA 0,@9,3
6C86  0C62        JSR @98
6C87  C438 01FF   ESTA 0,01FF   ; = 511
6C89  630A        IO   630A
6C8A  EC38 3E80   ELEF 1,3E80   ; [3E80] = 80
6C8C  0C59        JSR @89
6C8D  3020        LDA 2,32
6C8E  E438 0211   ELEF 0,0211   ; = 529
6C90  6B0A        IO   6B0A
6C91  8E48        PSH 0,1
6C92  8C38 6CA8   EJSR 6CA8   ; [6CA8] = 59336
6C94  5020        STA 2,32
6C95  2304        LDA 0,4,3
6C96  6B0A        IO   6B0A
6C97  0C5C        JSR @92
6C98  0C63        JSR @99
6C99  010E        JMP 14,PC   ; -> 6CA7
6C9A  3020        LDA 2,32
6C9B  E438 3E83   ELEF 0,3E83   ; [3E83] = 0
6C9D  EC38 0211   ELEF 1,0211   ; = 529
6C9F  8E48        PSH 0,1
6CA0  8C38 75C8   EJSR 75C8   ; [75C8] = 59336
6CA2  5020        STA 2,32
6CA3  2304        LDA 0,4,3
6CA4  EC38 3E8A   ELEF 1,3E8A   ; -> "TIMEOUT" (len 7)
6CA6  0C5C        JSR @92
6CA7  AFC8        RTN
6CA8  E7C8 0015   SAVE 21             ; frame
6CAA  0C43        JSR @67
6CAB  0001        JMP 1
6CAC  430A        STA 0,10,3
6CAD  0C43        JSR @67
6CAE  0002        JMP 2
6CAF  430B        STA 0,11,3
6CB0  9200        MOV 0,2
6CB1  2A02        LDA 1,2,2
6CB2  4B0C        STA 1,12,3
6CB3  0C62        JSR @98
6CB4  EC38 3E91   ELEF 1,3E91   ; [3E91] = 80
6CB6  6307        IO   6307
6CB7  0C59        JSR @89
6CB8  230C        LDA 0,12,3
6CB9  4306        STA 0,6,3
6CBA  AD50        SUBZL 1,1
6CBB  8D0C        SUB# 0,1,SZR
6CBC  0103        JMP 3,PC   ; -> 6CBF
6CBD  8538 0099   EJMP 0099,PC   ; -> 6D57
6CBF  4B04        STA 1,4,3
6CC0  4B03        STA 1,3,3
6CC1  3020        LDA 2,32
6CC2  6B03        IO   6B03
6CC3  AE48        PSH 1,1
6CC4  230B        LDA 0,11,3
6CC5  6B0E        IO   6B0E
6CC6  0C5D        JSR @93
6CC7  5020        STA 2,32
6CC8  E438 3E93   ELEF 0,3E93   ; -> " " (len 1)
6CCA  0C54        JSR @84
6CCB  0103        JMP 3,PC   ; -> 6CCE
6CCC  0903        JSR 3,PC   ; -> 6CCF
6CCD  01F4        JMP -12,PC   ; -> 6CC1
6CCE  0108        JMP 8,PC   ; -> 6CD6
6CCF  EA00        MOV 3,1
6CD0  3821        LDA 3,33
6CD1  4B0D        STA 1,13,3
6CD2  2303        LDA 0,3,3
6CD3  8300        INC 0,0
6CD4  4303        STA 0,3,3
6CD5  070D        JMP @13,3
6CD6  3020        LDA 2,32
6CD7  6B03        IO   6B03
6CD8  AE48        PSH 1,1
6CD9  230B        LDA 0,11,3
6CDA  6B0E        IO   6B0E
6CDB  0C5D        JSR @93
6CDC  5020        STA 2,32
6CDD  6B04        IO   6B04
6CDE  AE48        PSH 1,1
6CDF  6307        IO   6307
6CE0  6B11        IO   6B11
6CE1  0C5D        JSR @93
6CE2  5020        STA 2,32
6CE3  A200        MOV 1,0
6CE4  6B0E        IO   6B0E
6CE5  0C5C        JSR @92
6CE6  2303        LDA 0,3,3
6CE7  8300        INC 0,0
6CE8  4303        STA 0,3,3
6CE9  4305        STA 0,5,3
6CEA  2305        LDA 0,5,3
6CEB  2B06        LDA 1,6,3
6CEC  8A08        SGT 0,1
6CED  0103        JMP 3,PC   ; -> 6CF0
6CEE  8538 0060   EJMP 0060,PC   ; -> 6D4F
6CF0  3020        LDA 2,32
6CF1  6B05        IO   6B05
6CF2  AE48        PSH 1,1
6CF3  230B        LDA 0,11,3
6CF4  6B11        IO   6B11
6CF5  0C5D        JSR @93
6CF6  5020        STA 2,32
6CF7  E438 3E93   ELEF 0,3E93   ; -> " " (len 1)
6CF9  0C54        JSR @84
6CFA  011E        JMP 30,PC   ; -> 6D18
6CFB  6B04        IO   6B04
6CFC  AE48        PSH 1,1
6CFD  6307        IO   6307
6CFE  6B11        IO   6B11
6CFF  0C5D        JSR @93
6D00  5020        STA 2,32
6D01  E438 3E93   ELEF 0,3E93   ; -> " " (len 1)
6D03  0C55        JSR @85
6D04  0113        JMP 19,PC   ; -> 6D17
6D05  2B04        LDA 1,4,3
6D06  AB00        INC 1,1
6D07  4B04        STA 1,4,3
6D08  6B05        IO   6B05
6D09  AE48        PSH 1,1
6D0A  230B        LDA 0,11,3
6D0B  6B11        IO   6B11
6D0C  0C5D        JSR @93
6D0D  5020        STA 2,32
6D0E  6B04        IO   6B04
6D0F  AE48        PSH 1,1
6D10  6307        IO   6307
6D11  6B0E        IO   6B0E
6D12  0C5D        JSR @93
6D13  5020        STA 2,32
6D14  A200        MOV 1,0
6D15  6B11        IO   6B11
6D16  0C5C        JSR @92
6D17  0134        JMP 52,PC   ; -> 6D4B
6D18  3020        LDA 2,32
6D19  6B05        IO   6B05
6D1A  AE48        PSH 1,1
6D1B  230B        LDA 0,11,3
6D1C  6B0E        IO   6B0E
6D1D  0C5D        JSR @93
6D1E  5020        STA 2,32
6D1F  A200        MOV 1,0
6D20  EC38 3E97   ELEF 1,3E97   ; -> "," (len 1)
6D22  0C54        JSR @84
6D23  0115        JMP 21,PC   ; -> 6D38
6D24  2304        LDA 0,4,3
6D25  8300        INC 0,0
6D26  4314        STA 0,20,3
6D27  2304        LDA 0,4,3
6D28  C008        ADI 2,0
6D29  4315        STA 0,21,3
6D2A  6315        IO   6315
6D2B  6B14        IO   6B14
6D2C  8E48        PSH 0,1
6D2D  6307        IO   6307
6D2E  6B0E        IO   6B0E
6D2F  0C5D        JSR @93
6D30  5020        STA 2,32
6D31  A200        MOV 1,0
6D32  EC38 3E9C   ELEF 1,3E9C   ; -> " , " (len 3)
6D34  0C5C        JSR @92
6D35  2315        LDA 0,21,3
6D36  4304        STA 0,4,3
6D37  0114        JMP 20,PC   ; -> 6D4B
6D38  2304        LDA 0,4,3
6D39  8300        INC 0,0
6D3A  4304        STA 0,4,3
6D3B  3020        LDA 2,32
6D3C  6B05        IO   6B05
6D3D  AE48        PSH 1,1
6D3E  230B        LDA 0,11,3
6D3F  6B0E        IO   6B0E
6D40  0C5D        JSR @93
6D41  5020        STA 2,32
6D42  6B04        IO   6B04
6D43  AE48        PSH 1,1
6D44  6307        IO   6307
6D45  6B11        IO   6B11
6D46  0C5D        JSR @93
6D47  5020        STA 2,32
6D48  A200        MOV 1,0
6D49  6B0E        IO   6B0E
6D4A  0C5C        JSR @92
6D4B  2305        LDA 0,5,3
6D4C  8300        INC 0,0
6D4D  4305        STA 0,5,3
6D4E  019C        JMP -100,PC   ; -> 6CEA
6D4F  3020        LDA 2,32
6D50  6304        IO   6304
6D51  6B07        IO   6B07
6D52  8E48        PSH 0,1
6D53  8C38 75C8   EJSR 75C8   ; [75C8] = 59336
6D55  5020        STA 2,32
6D56  0104        JMP 4,PC   ; -> 6D5A
6D57  6307        IO   6307
6D58  2B0B        LDA 1,11,3
6D59  0C5C        JSR @92
6D5A  230A        LDA 0,10,3
6D5B  6B07        IO   6B07
6D5C  0C5C        JSR @92
6D5D  0C63        JSR @99
6D5E  AFC8        RTN
6D5F  E7C8 0001   SAVE 1             ; frame
6D61  EA00        MOV 3,1
6D62  CD00        SUB 2,1
6D63  2118        LDA 0,24,PC   ; -> 6D7B
6D64  8D0C        SUB# 0,1,SZR
6D65  0113        JMP 19,PC   ; -> 6D78
6D66  0C0F        JSR @15
6D67  001E        JMP 30
6D68  0101        JMP 1,PC   ; -> 6D69
6D69  9A00        MOV 0,3
6D6A  A200        MOV 1,0
6D6B  CA00        MOV 2,1
6D6C  3110        LDA 2,16,PC   ; -> 6D7C
6D6D  C7C8        MUL
6D6E  E200        MOV 3,0
6D6F  C7C8        MUL
6D70  4C20        STA 1,@32
6D71  0C0F        JSR @15
6D72  0021        JMP 33
6D73  0101        JMP 1,PC   ; -> 6D74
6D74  3109        LDA 2,9,PC   ; -> 6D7D
6D75  C7C8        MUL
6D76  2420        LDA 0,@32
6D77  8EC1        ADDS 0,1,SKP
6D78  2FFB        LDA 1,@-5,3
6D79  482D        STA 1,45
6D7A  AFC8        RTN
6D7B  0005        JMP 5
6D7C  003C        JMP 60
6D7D  001E        JMP 30
6D7E  E7C8 0000   SAVE 0             ; frame
6D80  282D        LDA 1,45
6D81  2106        LDA 0,6,PC   ; -> 6D87
6D82  3106        LDA 2,6,PC   ; -> 6D88
6D83  C7C8        MUL
6D84  482D        STA 1,45
6D85  4FFB        STA 1,@-5,3
6D86  AFC8        RTN
6D87  3619        LDA 2,@25,2
6D88  0805        JSR 5
6D89  E7C8 0000   SAVE 0             ; frame
6D8B  2FFB        LDA 1,@-5,3
6D8C  E200        MOV 3,0
6D8D  9500        SUB 0,2
6D8E  2125        LDA 0,37,PC   ; -> 6DB3
6D8F  9248        SGE 0,2
6D90  0112        JMP 18,PC   ; -> 6DA2
6D91  27FA        LDA 0,@-6,3
6D92  820D        MOV# 0,0,SNR
6D93  010F        JMP 15,PC   ; -> 6DA2
6D94  824A        MOVL# 0,0,SZC
6D95  010D        JMP 13,PC   ; -> 6DA2
6D96  311E        LDA 2,30,PC   ; -> 6DB4
6D97  951B        SUBZ# 0,2,SNC
6D98  010A        JMP 10,PC   ; -> 6DA2
6D99  310E        LDA 2,14,PC   ; -> 6DA7
6D9A  9600        ADD 0,2
6D9B  3200        LDA 2,0,2
6D9C  8500        SUB 0,0
6D9D  C7C8        MUL
6D9E  0C0F        JSR @15
6D9F  000D        JMP 13
6DA0  0111        JMP 17,PC   ; -> 6DB1
6DA1  AFC8        RTN
6DA2  0C0F        JSR @15
6DA3  003C        JMP 60
6DA4  0101        JMP 1,PC   ; -> 6DA5
6DA5  3106        LDA 2,6,PC   ; -> 6DAB
6DA6  01F4        JMP -12,PC   ; -> 6D9A
6DA7  6DA7        IO   6DA7
6DA8  0001        JMP 1
6DA9  03E8        JMP -24,3
6DAA  EA60        MOVOL 3,1
6DAB  6DAB        IO   6DAB
6DAC  0011        JMP 17
6DAD  0064        JMP 100
6DAE  000A        JMP 10
6DAF  0001        JMP 1
6DB0  0014        JMP 20
6DB1  AD50        SUBZL 1,1
6DB2  0C66        JSR @102
6DB3  FFFA        ANDCS# 3,3,SZC
6DB4  0003        JMP 3
6DB5  E7C8 0000   SAVE 0             ; frame
6DB7  33FA        LDA 2,-6,3
6DB8  2BFB        LDA 1,-5,3
6DB9  0C3D        JSR @61
6DBA  AD00        SUB 1,1
6DBB  0C0F        JSR @15
6DBC  00CA        JMP 202
6DBD  AD51        SUBZL 1,1,SKP
6DBE  AFC8        RTN
6DBF  0C66        JSR @102
6DC0  E7C8 0000   SAVE 0             ; frame
6DC2  33FB        LDA 2,-5,3
6DC3  0C0F        JSR @15
6DC4  00C2        JMP 194
6DC5  AC01        ADC 1,1,SKP
6DC6  AFC8        RTN
6DC7  0C66        JSR @102
6DC8  E7C8 0000   SAVE 0             ; frame
6DCA  33FA        LDA 2,-6,3
6DCB  2BFB        LDA 1,-5,3
6DCC  0C3D        JSR @61
6DCD  AD00        SUB 1,1
6DCE  0C0F        JSR @15
6DCF  00CB        JMP 203
6DD0  AD51        SUBZL 1,1,SKP
6DD1  AFC8        RTN
6DD2  0C66        JSR @102
6DD3  E7C8 0000   SAVE 0             ; frame
6DD5  27FA        LDA 0,@-6,3
6DD6  307A        LDA 2,122
6DD7  9600        ADD 0,2
6DD8  2A00        LDA 1,0,2
6DD9  4FFB        STA 1,@-5,3
6DDA  AFC8        RTN
6DDB  E7C8 0000   SAVE 0             ; frame
6DDD  37F9        LDA 2,@-7,3
6DDE  D205        MOV 2,2,SNR
6DDF  0104        JMP 4,PC   ; -> 6DE3
6DE0  2BFB        LDA 1,-5,3
6DE1  0C3D        JSR @61
6DE2  0102        JMP 2,PC   ; -> 6DE4
6DE3  27FB        LDA 0,@-5,3
6DE4  CAC0        MOVS 2,1
6DE5  3BFA        LDA 3,-6,3
6DE6  3302        LDA 2,2,3
6DE7  B600        ADD 1,2
6DE8  2B00        LDA 1,0,3
6DE9  0C0F        JSR @15
6DEA  00CE        JMP 206
6DEB  AD01        SUB 1,1,SKP
6DEC  AFC8        RTN
6DED  0C66        JSR @102
6DEE  E7C8 0008   SAVE 8             ; frame
6DF0  EA00        MOV 3,1
6DF1  CD00        SUB 2,1
6DF2  2117        LDA 0,23,PC   ; -> 6E09
6DF3  8E0C        ADD# 0,1,SZR
6DF4  0103        JMP 3,PC   ; -> 6DF7
6DF5  8400        ADC 0,0
6DF6  0108        JMP 8,PC   ; -> 6DFE
6DF7  37F9        LDA 2,@-7,3
6DF8  D00C        COM# 2,2,SZR
6DF9  0104        JMP 4,PC   ; -> 6DFD
6DFA  2BFA        LDA 1,-6,3
6DFB  0C3D        JSR @61
6DFC  0103        JMP 3,PC   ; -> 6DFF
6DFD  27FA        LDA 0,@-6,3
6DFE  AD00        SUB 1,1
6DFF  F350        INCZL 3,2
6E00  0C0F        JSR @15
6E01  003A        JMP 58
6E02  0105        JMP 5,PC   ; -> 6E07
6E03  C200        MOV 2,0
6E04  2BFB        LDA 1,-5,3
6E05  0C5B        JSR @91
6E06  AFC8        RTN
6E07  AD00        SUB 1,1
6E08  0C66        JSR @102
6E09  FFFA        ANDCS# 3,3,SZC
6E0A  E7C8 0000   SAVE 0             ; frame
6E0C  EA00        MOV 3,1
6E0D  CD00        SUB 2,1
6E0E  210B        LDA 0,11,PC   ; -> 6E19
6E0F  A605        ADD 1,0,SNR
6E10  8401        ADC 0,0,SKP
6E11  27FA        LDA 0,@-6,3
6E12  0C0F        JSR @15
6E13  0057        JMP 87
6E14  0103        JMP 3,PC   ; -> 6E17
6E15  4FFB        STA 1,@-5,3
6E16  AFC8        RTN
6E17  2903        LDA 1,3,PC   ; -> 6E1A
6E18  0C66        JSR @102
6E19  FFFA        ANDCS# 3,3,SZC
6E1A  0003        JMP 3
6E1B  E7C8 0008   SAVE 8             ; frame
6E1D  2BFB        LDA 1,-5,3
6E1E  0C3D        JSR @61
6E1F  3821        LDA 3,33
6E20  F300        INC 3,2
6E21  2911        LDA 1,17,PC   ; -> 6E32
6E22  4A00        STA 1,0,2
6E23  AC00        ADC 1,1
6E24  4A01        STA 1,1,2
6E25  4A02        STA 1,2,2
6E26  AD50        SUBZL 1,1
6E27  4A04        STA 1,4,2
6E28  4A06        STA 1,6,2
6E29  AA60        MOVOL 1,1
6E2A  4A07        STA 1,7,2
6E2B  AD00        SUB 1,1
6E2C  4A05        STA 1,5,2
6E2D  0C0F        JSR @15
6E2E  0000        JMP 0
6E2F  AC01        ADC 1,1,SKP
6E30  AFC8        RTN
6E31  0C66        JSR @102
6E32  0140        JMP 64,PC   ; -> 6E72
6E33  E7C8 0000   SAVE 0             ; frame
6E35  2BFB        LDA 1,-5,3
6E36  0C3D        JSR @61
6E37  0C0F        JSR @15
6E38  0001        JMP 1
6E39  0102        JMP 2,PC   ; -> 6E3B
6E3A  AFC8        RTN
6E3B  0C70        JSR @112
6E3C  FFFA        ANDCS# 3,3,SZC
6E3D  AFC8        RTN
6E3E  AD00        SUB 1,1
6E3F  0C66        JSR @102
6E40  E7C8 0000   SAVE 0             ; frame
6E42  0C0F        JSR @15
6E43  0021        JMP 33
6E44  0101        JMP 1,PC   ; -> 6E45
6E45  3821        LDA 3,33
6E46  47F9        STA 0,@-7,3
6E47  4FFA        STA 1,@-6,3
6E48  57FB        STA 2,@-5,3
6E49  0C0F        JSR @15
6E4A  001E        JMP 30
6E4B  0101        JMP 1,PC   ; -> 6E4C
6E4C  3821        LDA 3,33
6E4D  47F6        STA 0,@-10,3
6E4E  4FF7        STA 1,@-9,3
6E4F  57F8        STA 2,@-8,3
6E50  AFC8        RTN
6E51  E7C8 0000   SAVE 0             ; frame
6E53  8500        SUB 0,0
6E54  AC00        ADC 1,1
6E55  0C0F        JSR @15
6E56  004E        JMP 78
6E57  0103        JMP 3,PC   ; -> 6E5A
6E58  4FFB        STA 1,@-5,3
6E59  AFC8        RTN
6E5A  AD90        SUBZR 1,1
6E5B  0C66        JSR @102
6E5C  E7C8 0010   SAVE 16             ; frame
6E5E  F500        SUB 3,2
6E5F  2122        LDA 0,34,PC   ; -> 6E81
6E60  C248        SGE 2,0
6E61  D401        ADC 2,2,SKP
6E62  37FA        LDA 2,@-6,3
6E63  2BFB        LDA 1,-5,3
6E64  0C3D        JSR @61
6E65  CA00        MOV 2,1
6E66  3021        LDA 2,33
6E67  9008        ADI 0,2
6E68  4201        STA 0,1,2
6E69  2119        LDA 0,25,PC   ; -> 6E82
6E6A  4200        STA 0,0,2
6E6B  4A02        STA 1,2,2
6E6C  8500        SUB 0,0
6E6D  AC00        ADC 1,1
6E6E  4A03        STA 1,3,2
6E6F  4A04        STA 1,4,2
6E70  4A05        STA 1,5,2
6E71  4A07        STA 1,7,2
6E72  4A08        STA 1,8,2
6E73  4A09        STA 1,9,2
6E74  4A0A        STA 1,10,2
6E75  4A0B        STA 1,11,2
6E76  4206        STA 0,6,2
6E77  4A0C        STA 1,12,2
6E78  4A0D        STA 1,13,2
6E79  4A0E        STA 1,14,2
6E7A  4A0F        STA 1,15,2
6E7B  0C0F        JSR @15
6E7C  00D6        JMP 214
6E7D  0102        JMP 2,PC   ; -> 6E7F
6E7E  AFC8        RTN
6E7F  2904        LDA 1,4,PC   ; -> 6E83
6E80  0C66        JSR @102
6E81  FFF9        ANDCS# 3,3,SKP
6E82  2000        LDA 0,0
6E83  0003        JMP 3
6E84  282C        LDA 1,44
6E85  4820        STA 1,32
6E86  EFF8 0014   ADDI 0014,1
6E88  4822        STA 1,34
6E89  0101        JMP 1,PC   ; -> 6E8A
6E8A  8520        SUBO 0,0
6E8B  D520        SUBO 2,2
6E8C  0C0F        JSR @15
6E8D  00C8        JMP 200
6E8E  0100        JMP 0,PC   ; -> 6E8E
6E8F  E7C8 0003   SAVE 3             ; frame
6E91  27FB        LDA 0,@-5,3
6E92  4301        STA 0,1,3
6E93  2112        LDA 0,18,PC   ; -> 6EA5
6E94  4302        STA 0,2,3
6E95  2111        LDA 0,17,PC   ; -> 6EA6
6E96  4303        STA 0,3,3
6E97  27FA        LDA 0,@-6,3
6E98  2FF9        LDA 1,@-7,3
6E99  37F8        LDA 2,@-8,3
6E9A  FB10        INCZ 3,3
6E9B  040F        JMP @15
6E9C  3821        LDA 3,33
6E9D  47FA        STA 0,@-6,3
6E9E  4FF9        STA 1,@-7,3
6E9F  57F8        STA 2,@-8,3
6EA0  D20B        MOV# 2,2,SNC
6EA1  AFC8        RTN
6EA2  AD50        SUBZL 1,1
6EA3  0C66        JSR @102
6EA4  AFC8        RTN
6EA5  D220        MOVO 2,2
6EA6  042E        JMP @46
6EA7  E7C8 0010   SAVE 16             ; frame
6EA9  D500        SUB 2,2
6EAA  0108        JMP 8,PC   ; -> 6EB2
6EAB  E7C8 0010   SAVE 16             ; frame
6EAD  D450        ADCZL 2,2
6EAE  0104        JMP 4,PC   ; -> 6EB2
6EAF  E7C8 0010   SAVE 16             ; frame
6EB1  D400        ADC 2,2
6EB2  5310        STA 2,16,3
6EB3  2BFA        LDA 1,-6,3
6EB4  0C3D        JSR @61
6EB5  37FB        LDA 2,@-5,3
6EB6  D648        PSH 2,2
6EB7  382C        LDA 3,44
6EB8  2B07        LDA 1,7,3
6EB9  B51A        SUBZ# 1,2,SZC
6EBA  0146        JMP 70,PC   ; -> 6F00
6EBB  3879        LDA 3,121
6EBC  DE00        ADD 2,3
6EBD  1300        ISZ 0,3
6EBE  013A        JMP 58,PC   ; -> 6EF8
6EBF  3821        LDA 3,33
6EC0  3B10        LDA 3,16,3
6EC1  FA0C        MOV# 3,3,SZR
6EC2  0103        JMP 3,PC   ; -> 6EC5
6EC3  2943        LDA 1,67,PC   ; -> 6F06
6EC4  0107        JMP 7,PC   ; -> 6ECB
6EC5  F80C        COM# 3,3,SZR
6EC6  0104        JMP 4,PC   ; -> 6ECA
6EC7  2940        LDA 1,64,PC   ; -> 6F07
6EC8  3821        LDA 3,33
6EC9  0108        JMP 8,PC   ; -> 6ED1
6ECA  293E        LDA 1,62,PC   ; -> 6F08
6ECB  3821        LDA 3,33
6ECC  33FE        LDA 2,-2,3
6ECD  DD8B        SUBR# 2,3,SNC
6ECE  0103        JMP 3,PC   ; -> 6ED1
6ECF  313A        LDA 2,58,PC   ; -> 6F09
6ED0  C908        IOR 2,1
6ED1  F300        INC 3,2
6ED2  4A01        STA 1,1,2
6ED3  4209        STA 0,9,2
6ED4  8400        ADC 0,0
6ED5  4203        STA 0,3,2
6ED6  4205        STA 0,5,2
6ED7  420A        STA 0,10,2
6ED8  420B        STA 0,11,2
6ED9  8500        SUB 0,0
6EDA  4202        STA 0,2,2
6EDB  4204        STA 0,4,2
6EDC  0C0F        JSR @15
6EDD  00C0        JMP 192
6EDE  0119        JMP 25,PC   ; -> 6EF7
6EDF  2200        LDA 0,0,2
6EE0  F7F8 000C   ADDI 000C,2
6EE2  AD90        SUBZR 1,1
6EE3  0C0F        JSR @15
6EE4  00CA        JMP 202
6EE5  010D        JMP 13,PC   ; -> 6EF2
6EE6  291F        LDA 1,31,PC   ; -> 6F05
6EE7  2200        LDA 0,0,2
6EE8  A700        AND 1,0
6EE9  2C20        LDA 1,@32
6EEA  3077        LDA 2,119
6EEB  B600        ADD 1,2
6EEC  4200        STA 0,0,2
6EED  2301        LDA 0,1,3
6EEE  307A        LDA 2,122
6EEF  B600        ADD 1,2
6EF0  4200        STA 0,0,2
6EF1  AFC8        RTN
6EF2  2918        LDA 1,24,PC   ; -> 6F0A
6EF3  8D04        SUB 0,1,SZR
6EF4  0105        JMP 5,PC   ; -> 6EF9
6EF5  D500        SUB 2,2
6EF6  01F3        JMP -13,PC   ; -> 6EE9
6EF7  0102        JMP 2,PC   ; -> 6EF9
6EF8  210A        LDA 0,10,PC   ; -> 6F02
6EF9  3C20        LDA 3,@32
6EFA  2879        LDA 1,121
6EFB  BE00        ADD 1,3
6EFC  1B00        DSZ 0,3
6EFD  8200        MOV 0,0
6EFE  AD50        SUBZL 1,1
6EFF  0C66        JSR @102
6F00  2103        LDA 0,3,PC   ; -> 6F03
6F01  01FD        JMP -3,PC   ; -> 6EFE
6F02  0003        JMP 3
6F03  0067        JMP 103
6F04  7C8E        IO   7C8E
6F05  001F        JMP 31
6F06  0089        JMP 137
6F07  0011        JMP 17
6F08  0419        JMP @25
6F09  0020        JMP 32
6F0A  0044        JMP 68
6F0B  E7C8 000C   SAVE 12             ; frame
6F0D  37FB        LDA 2,@-5,3
6F0E  27F9        LDA 0,@-7,3
6F0F  2FFA        LDA 1,@-6,3
6F10  3FF8        LDA 3,@-8,3
6F11  FE48        PSH 3,3
6F12  387A        LDA 3,122
6F13  DE00        ADD 2,3
6F14  3B00        LDA 3,0,3
6F15  3021        LDA 2,33
6F16  D300        INC 2,2
6F17  5A00        STA 3,0,2
6F18  8250        MOVZL 0,0
6F19  4203        STA 0,3,2
6F1A  2122        LDA 0,34,PC   ; -> 6F3C
6F1B  4205        STA 0,5,2
6F1C  4A08        STA 1,8,2
6F1D  8500        SUB 0,0
6F1E  4207        STA 0,7,2
6F1F  4202        STA 0,2,2
6F20  4204        STA 0,4,2
6F21  211C        LDA 0,28,PC   ; -> 6F3D
6F22  4201        STA 0,1,2
6F23  0C0F        JSR @15
6F24  00C2        JMP 194
6F25  010C        JMP 12,PC   ; -> 6F31
6F26  1C20        DSZ @32
6F27  0102        JMP 2,PC   ; -> 6F29
6F28  AFC8        RTN
6F29  1208        ISZ 8,2
6F2A  0102        JMP 2,PC   ; -> 6F2C
6F2B  1207        ISZ 7,2
6F2C  2203        LDA 0,3,2
6F2D  290F        LDA 1,15,PC   ; -> 6F3C
6F2E  A600        ADD 1,0
6F2F  4203        STA 0,3,2
6F30  01F3        JMP -13,PC   ; -> 6F23
6F31  2C20        LDA 1,@32
6F32  3206        LDA 2,6,2
6F33  D204        MOV 2,2,SZR
6F34  8848        SBI 0,1
6F35  3821        LDA 3,33
6F36  37F8        LDA 2,@-8,3
6F37  B500        SUB 1,2
6F38  57F8        STA 2,@-8,3
6F39  AD50        SUBZL 1,1
6F3A  0C66        JSR @102
6F3B  AFC8        RTN
6F3C  0200        JMP 0,2
6F3D  7003        IO   7003
6F3E  E7C8 000C   SAVE 12             ; frame
6F40  37FB        LDA 2,@-5,3
6F41  27F9        LDA 0,@-7,3
6F42  2FFA        LDA 1,@-6,3
6F43  3FF8        LDA 3,@-8,3
6F44  FE48        PSH 3,3
6F45  387A        LDA 3,122
6F46  DE00        ADD 2,3
6F47  3B00        LDA 3,0,3
6F48  3021        LDA 2,33
6F49  D300        INC 2,2
6F4A  5A00        STA 3,0,2
6F4B  8250        MOVZL 0,0
6F4C  4203        STA 0,3,2
6F4D  211F        LDA 0,31,PC   ; -> 6F6C
6F4E  4205        STA 0,5,2
6F4F  4A08        STA 1,8,2
6F50  8500        SUB 0,0
6F51  4207        STA 0,7,2
6F52  4202        STA 0,2,2
6F53  4204        STA 0,4,2
6F54  2119        LDA 0,25,PC   ; -> 6F6D
6F55  4201        STA 0,1,2
6F56  0C0F        JSR @15
6F57  00C3        JMP 195
6F58  010C        JMP 12,PC   ; -> 6F64
6F59  1C20        DSZ @32
6F5A  0102        JMP 2,PC   ; -> 6F5C
6F5B  AFC8        RTN
6F5C  1208        ISZ 8,2
6F5D  0102        JMP 2,PC   ; -> 6F5F
6F5E  1207        ISZ 7,2
6F5F  2203        LDA 0,3,2
6F60  290C        LDA 1,12,PC   ; -> 6F6C
6F61  A600        ADD 1,0
6F62  4203        STA 0,3,2
6F63  01F3        JMP -13,PC   ; -> 6F56
6F64  3821        LDA 3,33
6F65  37F8        LDA 2,@-8,3
6F66  2C20        LDA 1,@32
6F67  B500        SUB 1,2
6F68  57F8        STA 2,@-8,3
6F69  AD50        SUBZL 1,1
6F6A  0C66        JSR @102
6F6B  AFC8        RTN
6F6C  0200        JMP 0,2
6F6D  7003        IO   7003
6F6E  E7C8 000C   SAVE 12             ; frame
6F70  37FB        LDA 2,@-5,3
6F71  387A        LDA 3,122
6F72  DE00        ADD 2,3
6F73  2300        LDA 0,0,3
6F74  3821        LDA 3,33
6F75  F300        INC 3,2
6F76  4200        STA 0,0,2
6F77  2111        LDA 0,17,PC   ; -> 6F88
6F78  4201        STA 0,1,2
6F79  27FA        LDA 0,@-6,3
6F7A  8250        MOVZL 0,0
6F7B  4203        STA 0,3,2
6F7C  27F9        LDA 0,@-7,3
6F7D  4205        STA 0,5,2
6F7E  8500        SUB 0,0
6F7F  4207        STA 0,7,2
6F80  4208        STA 0,8,2
6F81  4202        STA 0,2,2
6F82  4204        STA 0,4,2
6F83  0C0F        JSR @15
6F84  00C3        JMP 195
6F85  AD01        SUB 1,1,SKP
6F86  AFC8        RTN
6F87  0C66        JSR @102
6F88  5001        STA 2,1
6F89  E7C8 0002   SAVE 2             ; frame
6F8B  37FB        LDA 2,@-5,3
6F8C  207A        LDA 0,122
6F8D  9600        ADD 0,2
6F8E  2200        LDA 0,0,2
6F8F  F300        INC 3,2
6F90  4200        STA 0,0,2
6F91  8500        SUB 0,0
6F92  4201        STA 0,1,2
6F93  0C0F        JSR @15
6F94  00C1        JMP 193
6F95  0111        JMP 17,PC   ; -> 6FA6
6F96  37FB        LDA 2,@-5,3
6F97  8400        ADC 0,0
6F98  387A        LDA 3,122
6F99  DE00        ADD 2,3
6F9A  4300        STA 0,0,3
6F9B  3878        LDA 3,120
6F9C  DE00        ADD 2,3
6F9D  4300        STA 0,0,3
6F9E  3877        LDA 3,119
6F9F  DE00        ADD 2,3
6FA0  4300        STA 0,0,3
6FA1  3879        LDA 3,121
6FA2  DE00        ADD 2,3
6FA3  1B00        DSZ 0,3
6FA4  AFC8        RTN
6FA5  AFC8        RTN
6FA6  AC00        ADC 1,1
6FA7  0C66        JSR @102
6FA8  E7C8 000C   SAVE 12             ; frame
6FAA  37FB        LDA 2,@-5,3
6FAB  27FA        LDA 0,@-6,3
6FAC  8250        MOVZL 0,0
6FAD  287A        LDA 1,122
6FAE  B600        ADD 1,2
6FAF  2A00        LDA 1,0,2
6FB0  F300        INC 3,2
6FB1  4A00        STA 1,0,2
6FB2  2921        LDA 1,33,PC   ; -> 6FD3
6FB3  4A01        STA 1,1,2
6FB4  4203        STA 0,3,2
6FB5  2BFE        LDA 1,-2,3
6FB6  EFF8 000A   ADDI 000A,1
6FB8  E438 0085   ELEF 0,0085   ; = 133
6FBA  BD0D        SUB# 1,3,SNR
6FBB  27F8        LDA 0,@-8,3
6FBC  4205        STA 0,5,2
6FBD  AD00        SUB 1,1
6FBE  4A07        STA 1,7,2
6FBF  4A08        STA 1,8,2
6FC0  4A02        STA 1,2,2
6FC1  4A04        STA 1,4,2
6FC2  0C0F        JSR @15
6FC3  00C2        JMP 194
6FC4  0105        JMP 5,PC   ; -> 6FC9
6FC5  2A06        LDA 1,6,2
6FC6  3821        LDA 3,33
6FC7  4FF9        STA 1,@-7,3
6FC8  AFC8        RTN
6FC9  2A06        LDA 1,6,2
6FCA  4FF9        STA 1,@-7,3
6FCB  33FE        LDA 2,-2,3
6FCC  2908        LDA 1,8,PC   ; -> 6FD4
6FCD  B600        ADD 1,2
6FCE  AD00        SUB 1,1
6FCF  DD0D        SUB# 2,3,SNR
6FD0  AB00        INC 1,1
6FD1  0C66        JSR @102
6FD2  AFC8        RTN
6FD3  4002        STA 0,2
6FD4  000A        JMP 10
6FD5  E7C8 000C   SAVE 12             ; frame
6FD7  37FB        LDA 2,@-5,3
6FD8  27FA        LDA 0,@-6,3
6FD9  8250        MOVZL 0,0
6FDA  287A        LDA 1,122
6FDB  B600        ADD 1,2
6FDC  2A00        LDA 1,0,2
6FDD  F300        INC 3,2
6FDE  4A00        STA 1,0,2
6FDF  2920        LDA 1,32,PC   ; -> 6FFF
6FE0  4A01        STA 1,1,2
6FE1  4203        STA 0,3,2
6FE2  2BFE        LDA 1,-2,3
6FE3  EFF8 000A   ADDI 000A,1
6FE5  E438 0085   ELEF 0,0085   ; = 133
6FE7  BD0D        SUB# 1,3,SNR
6FE8  27F8        LDA 0,@-8,3
6FE9  4205        STA 0,5,2
6FEA  AD00        SUB 1,1
6FEB  4A07        STA 1,7,2
6FEC  4A08        STA 1,8,2
6FED  4A02        STA 1,2,2
6FEE  4A04        STA 1,4,2
6FEF  0C0F        JSR @15
6FF0  00C3        JMP 195
6FF1  0105        JMP 5,PC   ; -> 6FF6
6FF2  2A06        LDA 1,6,2
6FF3  3821        LDA 3,33
6FF4  4FF9        STA 1,@-7,3
6FF5  AFC8        RTN
6FF6  2A06        LDA 1,6,2
6FF7  4FF9        STA 1,@-7,3
6FF8  33FE        LDA 2,-2,3
6FF9  2907        LDA 1,7,PC   ; -> 7000
6FFA  B600        ADD 1,2
6FFB  AD00        SUB 1,1
6FFC  DD0D        SUB# 2,3,SNR
6FFD  AB00        INC 1,1
6FFE  0C66        JSR @102
6FFF  4002        STA 0,2
7000  000A        JMP 10
7001  E7C8 000F   SAVE 15             ; frame
7003  2BFA        LDA 1,-6,3
7004  0C3D        JSR @61
7005  37FB        LDA 2,@-5,3
7006  382C        LDA 3,44
7007  2B07        LDA 1,7,3
7008  B51A        SUBZ# 1,2,SZC
7009  013C        JMP 60,PC   ; -> 7045
700A  3879        LDA 3,121
700B  DE00        ADD 2,3
700C  1300        ISZ 0,3
700D  012F        JMP 47,PC   ; -> 703C
700E  3821        LDA 3,33
700F  293C        LDA 1,60,PC   ; -> 704B
7010  33FE        LDA 2,-2,3
7011  DD8B        SUBR# 2,3,SNC
7012  293A        LDA 1,58,PC   ; -> 704C
7013  F300        INC 3,2
7014  4A01        STA 1,1,2
7015  AC00        ADC 1,1
7016  4A03        STA 1,3,2
7017  4A05        STA 1,5,2
7018  4A0B        STA 1,11,2
7019  4A0A        STA 1,10,2
701A  4209        STA 0,9,2
701B  8500        SUB 0,0
701C  4202        STA 0,2,2
701D  4204        STA 0,4,2
701E  0C0F        JSR @15
701F  00C0        JMP 192
7020  011D        JMP 29,PC   ; -> 703D
7021  2200        LDA 0,0,2
7022  3821        LDA 3,33
7023  312A        LDA 2,42,PC   ; -> 704D
7024  F600        ADD 3,2
7025  AD90        SUBZR 1,1
7026  0C0F        JSR @15
7027  00CA        JMP 202
7028  010F        JMP 15,PC   ; -> 7037
7029  211E        LDA 0,30,PC   ; -> 7047
702A  2A00        LDA 1,0,2
702B  8F00        AND 0,1
702C  27FB        LDA 0,@-5,3
702D  3877        LDA 3,119
702E  9E00        ADD 0,3
702F  4B00        STA 1,0,3
7030  3021        LDA 2,33
7031  D300        INC 2,2
7032  2A00        LDA 1,0,2
7033  387A        LDA 3,122
7034  9E00        ADD 0,3
7035  4B00        STA 1,0,3
7036  AFC8        RTN
7037  2917        LDA 1,23,PC   ; -> 704E
7038  8D04        SUB 0,1,SZR
7039  0104        JMP 4,PC   ; -> 703D
703A  AD00        SUB 1,1
703B  01F1        JMP -15,PC   ; -> 702C
703C  210D        LDA 0,13,PC   ; -> 7049
703D  3821        LDA 3,33
703E  2FFB        LDA 1,@-5,3
703F  3879        LDA 3,121
7040  BE00        ADD 1,3
7041  1B00        DSZ 0,3
7042  0101        JMP 1,PC   ; -> 7043
7043  AD50        SUBZL 1,1
7044  0C66        JSR @102
7045  2105        LDA 0,5,PC   ; -> 704A
7046  01FD        JMP -3,PC   ; -> 7043
7047  001F        JMP 31
7048  0019        JMP 25
7049  0003        JMP 3
704A  0067        JMP 103
704B  0039        JMP 57
704C  0019        JMP 25
704D  000D        JMP 13
704E  0044        JMP 68
704F  E7C8 0011   SAVE 17             ; frame
7051  3428        LDA 2,@40
7052  3205        LDA 2,5,2
7053  D24B        MOVL# 2,2,SNC
7054  0109        JMP 9,PC   ; -> 705D
7055  0C3A        JSR @58
7056  8400        ADC 0,0
7057  4309        STA 0,9,3
7058  311C        LDA 2,28,PC   ; -> 7074
7059  8220        MOVO 0,0
705A  0109        JMP 9,PC   ; -> 7063
705B  E7C8 0011   SAVE 17             ; frame
705D  0C3A        JSR @58
705E  4309        STA 0,9,3
705F  3116        LDA 2,22,PC   ; -> 7075
7060  82A2        MOVOR 0,0,SZC
7061  8315        INCZ 0,0,SNR
7062  3112        LDA 2,18,PC   ; -> 7074
7063  0C65        JSR @101
7064  2112        LDA 0,18,PC   ; -> 7076
7065  A604        ADD 1,0,SZR
7066  1309        ISZ 9,3
7067  0106        JMP 6,PC   ; -> 706D
7068  4420        STA 0,@32
7069  210E        LDA 0,14,PC   ; -> 7077
706A  0C3C        JSR @60
706B  1C20        DSZ @32
706C  01FE        JMP -2,PC   ; -> 706A
706D  2200        LDA 0,0,2
706E  0C3C        JSR @60
706F  D300        INC 2,2
7070  AB04        INC 1,1,SZR
7071  01FC        JMP -4,PC   ; -> 706D
7072  D450        ADCZL 2,2
7073  01EA        JMP -22,PC   ; -> 705D
7074  0008        JMP 8
7075  000A        JMP 10
7076  0006        JMP 6
7077  0030        JMP 48
7078  E7C8 0000   SAVE 0             ; frame
707A  D500        SUB 2,2
707B  0C3A        JSR @58
707C  B200        MOV 1,2
707D  2201        LDA 0,1,2
707E  2A02        LDA 1,2,2
707F  3200        LDA 2,0,2
7080  824B        MOVL# 0,0,SNC
7081  0103        JMP 3,PC   ; -> 7084
7082  3200        LDA 2,0,2
7083  9400        ADC 0,2
7084  A800        COM 1,1
7085  AB05        INC 1,1,SNR
7086  01F4        JMP -12,PC   ; -> 707A
7087  C5C8        LDB 2,0
7088  0C3C        JSR @60
7089  D300        INC 2,2
708A  01FB        JMP -5,PC   ; -> 7085
708B  E7C8 0003   SAVE 3             ; frame
708D  0C3B        JSR @59
708E  0C56        JSR @86
708F  D450        ADCZL 2,2
7090  01FD        JMP -3,PC   ; -> 708D
7091  AFC8        RTN
7092  E7C8 000B   SAVE 11             ; frame
7094  9310        INCZ 0,2
7095  8103        NEG 0,0,SNC
7096  092D        JSR 45,PC   ; -> 70C3
7097  430A        STA 0,10,3
7098  4B07        STA 1,7,3
7099  B200        MOV 1,2
709A  2201        LDA 0,1,2
709B  824A        MOVL# 0,0,SZC
709C  0105        JMP 5,PC   ; -> 70A1
709D  AD00        SUB 1,1
709E  4A02        STA 1,2,2
709F  AC00        ADC 1,1
70A0  0104        JMP 4,PC   ; -> 70A4
70A1  8A00        MOV 0,1
70A2  2202        LDA 0,2,2
70A3  3200        LDA 2,0,2
70A4  5304        STA 2,4,3
70A5  4306        STA 0,6,3
70A6  4B05        STA 1,5,3
70A7  AD00        SUB 1,1
70A8  0C3B        JSR @59
70A9  B200        MOV 1,2
70AA  8A00        MOV 0,1
70AB  3821        LDA 3,33
70AC  211F        LDA 0,31,PC   ; -> 70CB
70AD  E600        ADD 3,0
70AE  0C5C        JSR @92
70AF  D6AD        ADDOR# 2,2,SNR
70B0  0108        JMP 8,PC   ; -> 70B8
70B1  3307        LDA 2,7,3
70B2  1B0A        DSZ 10,3
70B3  D381        INCR 2,2,SKP
70B4  AFC8        RTN
70B5  D340        INCL 2,2
70B6  5307        STA 2,7,3
70B7  01E3        JMP -29,PC   ; -> 709A
70B8  2B03        LDA 1,3,3
70B9  2305        LDA 0,5,3
70BA  A500        SUB 1,0
70BB  4305        STA 0,5,3
70BC  2306        LDA 0,6,3
70BD  A500        SUB 1,0
70BE  814B        NEGL# 0,0,SNC
70BF  AC01        ADC 1,1,SKP
70C0  AD90        SUBZR 1,1
70C1  4306        STA 0,6,3
70C2  01E6        JMP -26,PC   ; -> 70A8
70C3  5829        STA 3,41
70C4  A200        MOV 1,0
70C5  AE48        PSH 1,1
70C6  2820        LDA 1,32
70C7  0C3E        JSR @62
70C8  8A00        MOV 0,1
70C9  8688        POP 0,0
70CA  0429        JMP @41
70CB  0004        JMP 4
70CC  E7C8 0003   SAVE 3             ; frame
70CE  382C        LDA 3,44
70CF  311B        LDA 2,27,PC   ; -> 70EA
70D0  D205        MOV 2,2,SNR
70D1  0105        JMP 5,PC   ; -> 70D6
70D2  3200        LDA 2,0,2
70D3  5308        STA 2,8,3
70D4  D550        SUBZL 2,2
70D5  5515        STA 2,@21,PC   ; -> 70EA
70D6  0902        JSR 2,PC   ; -> 70D8
70D7  2300        LDA 0,0,3
70D8  F250        MOVZL 3,2
70D9  3821        LDA 3,33
70DA  FB00        INC 3,3
70DB  5300        STA 2,0,3
70DC  310F        LDA 2,15,PC   ; -> 70EB
70DD  5302        STA 2,2,3
70DE  5301        STA 2,1,3
70DF  3020        LDA 2,32
70E0  800D        COM# 0,0,SNR
70E1  0102        JMP 2,PC   ; -> 70E3
70E2  8648        PSH 0,0
70E3  E200        MOV 3,0
70E4  0C36        JSR @54
70E5  3C28        LDA 3,@40
70E6  3305        LDA 2,5,3
70E7  D6A0        ADDOR 2,2
70E8  5305        STA 2,5,3
70E9  AFC8        RTN
70EA  0000        JMP 0
70EB  0002        JMP 2
70EC  E7C8 0003   SAVE 3             ; frame
70EE  8320        INCO 0,0
70EF  37FD        LDA 2,@-3,3
70F0  5420        STA 2,@32
70F1  2926        LDA 1,38,PC   ; -> 7117
70F2  0C6C        JSR @108
70F3  0121        JMP 33,PC   ; -> 7114
70F4  DA00        MOV 2,3
70F5  2C20        LDA 1,@32
70F6  2428        LDA 0,@40
70F7  4306        STA 0,6,3
70F8  5C28        STA 3,@40
70F9  4B05        STA 1,5,3
70FA  8400        ADC 0,0
70FB  820B        MOV# 0,0,SNC
70FC  0109        JMP 9,PC   ; -> 7105
70FD  3021        LDA 2,33
70FE  32FC        LDA 2,-4,2
70FF  2201        LDA 0,1,2
7100  4301        STA 0,1,3
7101  2202        LDA 0,2,2
7102  8000        COM 0,0
7103  4302        STA 0,2,3
7104  2200        LDA 0,0,2
7105  4300        STA 0,0,3
7106  3021        LDA 2,33
7107  32FE        LDA 2,-2,2
7108  5303        STA 2,3,3
7109  5304        STA 2,4,3
710A  3077        LDA 2,119
710B  B600        ADD 1,2
710C  2A00        LDA 1,0,2
710D  4B0B        STA 1,11,3
710E  8500        SUB 0,0
710F  4318        STA 0,24,3
7110  2108        LDA 0,8,PC   ; -> 7118
7111  E650        ADDZL 3,0
7112  4316        STA 0,22,3
7113  AFC8        RTN
7114  2105        LDA 0,5,PC   ; -> 7119
7115  AD50        SUBZL 1,1
7116  0C66        JSR @102
7117  0069        JMP 105
7118  0026        JMP 38
7119  0005        JMP 5
711A  E7C8 0003   SAVE 3             ; frame
711C  F480        ADCR 3,2
711D  37FD        LDA 2,@-3,3
711E  5420        STA 2,@32
711F  2935        LDA 1,53,PC   ; -> 7154
7120  0C6C        JSR @108
7121  0130        JMP 48,PC   ; -> 7151
7122  DA00        MOV 2,3
7123  2C20        LDA 1,@32
7124  2428        LDA 0,@40
7125  4306        STA 0,6,3
7126  5C28        STA 3,@40
7127  4B05        STA 1,5,3
7128  8400        ADC 0,0
7129  820B        MOV# 0,0,SNC
712A  0109        JMP 9,PC   ; -> 7133
712B  3021        LDA 2,33
712C  32FB        LDA 2,-5,2
712D  2201        LDA 0,1,2
712E  4301        STA 0,1,3
712F  2202        LDA 0,2,2
7130  8000        COM 0,0
7131  4302        STA 0,2,3
7132  2200        LDA 0,0,2
7133  4300        STA 0,0,3
7134  3021        LDA 2,33
7135  32FE        LDA 2,-2,2
7136  5303        STA 2,3,3
7137  5304        STA 2,4,3
7138  3077        LDA 2,119
7139  B600        ADD 1,2
713A  2A00        LDA 1,0,2
713B  4B0B        STA 1,11,3
713C  3021        LDA 2,33
713D  32FC        LDA 2,-4,2
713E  2202        LDA 0,2,2
713F  2A01        LDA 1,1,2
7140  3200        LDA 2,0,2
7141  AA4B        MOVL# 1,1,SNC
7142  0103        JMP 3,PC   ; -> 7145
7143  3200        LDA 2,0,2
7144  B400        ADC 1,2
7145  C600        ADD 2,0
7146  430E        STA 0,14,3
7147  530C        STA 2,12,3
7148  530D        STA 2,13,3
7149  210D        LDA 0,13,PC   ; -> 7156
714A  E650        ADDZL 3,0
714B  4316        STA 0,22,3
714C  4318        STA 0,24,3
714D  290A        LDA 1,10,PC   ; -> 7157
714E  A600        ADD 1,0
714F  4317        STA 0,23,3
7150  AFC8        RTN
7151  2107        LDA 0,7,PC   ; -> 7158
7152  AD50        SUBZL 1,1
7153  0C66        JSR @102
7154  0069        JMP 105
7155  0018        JMP 24
7156  0026        JMP 38
7157  0084        JMP 132
7158  0005        JMP 5
7159  E7C8 0000   SAVE 0             ; frame
715B  3028        LDA 2,40
715C  3A00        LDA 3,0,2
715D  2306        LDA 0,6,3
715E  4200        STA 0,0,2
715F  EA00        MOV 3,1
7160  0C6D        JSR @109
7161  AFC8        RTN
7162  AFC8        RTN
7163  E7C8 0000   SAVE 0             ; frame
7165  0C39        JSR @57
7166  382C        LDA 3,44
7167  3B08        LDA 3,8,3
7168  3104        LDA 2,4,PC   ; -> 716C
7169  D204        MOV 2,2,SZR
716A  5A00        STA 3,0,2
716B  AFC8        RTN
716C  0000        JMP 0
716D  E7C8 0000   SAVE 0             ; frame
716F  3C28        LDA 3,@40
7170  2B0E        LDA 1,14,3
7171  330D        LDA 2,13,3
7172  B51A        SUBZ# 1,2,SZC
7173  010E        JMP 14,PC   ; -> 7181
7174  C5C8        LDB 2,0
7175  D300        INC 2,2
7176  3915        LDA 3,21,PC   ; -> 718B
7177  9D0D        SUB# 0,3,SNR
7178  0109        JMP 9,PC   ; -> 7181
7179  3914        LDA 3,20,PC   ; -> 718D
717A  9D0D        SUB# 0,3,SNR
717B  0106        JMP 6,PC   ; -> 7181
717C  3910        LDA 3,16,PC   ; -> 718C
717D  9D0D        SUB# 0,3,SNR
717E  0103        JMP 3,PC   ; -> 7181
717F  0C3C        JSR @60
7180  01F2        JMP -14,PC   ; -> 7172
7181  8400        ADC 0,0
7182  0C3C        JSR @60
7183  3028        LDA 2,40
7184  3A00        LDA 3,0,2
7185  2306        LDA 0,6,3
7186  4200        STA 0,0,2
7187  EA00        MOV 3,1
7188  0C6D        JSR @109
7189  AFC8        RTN
718A  AFC8        RTN
718B  0023        JMP 35
718C  0025        JMP 37
718D  0026        JMP 38
718E  0069        JMP 105
718F  0010        JMP 16
7190  AA0D        MOV# 1,1,SNR
7191  011E        JMP 30,PC   ; -> 71AF
7192  3428        LDA 2,@40
7193  5A07        STA 3,7,2
7194  4A08        STA 1,8,2
7195  9B10        INCZ 0,3
7196  8103        NEG 0,0,SNC
7197  0105        JMP 5,PC   ; -> 719C
7198  820D        MOV# 0,0,SNR
7199  8550        SUBZL 0,0
719A  4209        STA 0,9,2
719B  011C        JMP 28,PC   ; -> 71B7
719C  3A08        LDA 3,8,2
719D  2BFF        LDA 1,-1,3
719E  AE48        PSH 1,1
719F  AA05        MOV 1,1,SNR
71A0  010B        JMP 11,PC   ; -> 71AB
71A1  AD50        SUBZL 1,1
71A2  23FD        LDA 0,-3,3
71A3  33FE        LDA 2,-2,3
71A4  9500        SUB 0,2
71A5  D300        INC 2,2
71A6  8500        SUB 0,0
71A7  C7C8        MUL
71A8  B848        SBI 1,3
71A9  1C20        DSZ @32
71AA  01F8        JMP -8,PC   ; -> 71A2
71AB  8688        POP 0,0
71AC  A200        MOV 1,0
71AD  3428        LDA 2,@40
71AE  01EA        JMP -22,PC   ; -> 7198
71AF  3C28        LDA 3,@40
71B0  2B08        LDA 1,8,3
71B1  1B09        DSZ 9,3
71B2  CE01        ADD 2,1,SKP
71B3  AFC8        RTN
71B4  C808        ADI 2,1
71B5  4B08        STA 1,8,3
71B6  F200        MOV 3,2
71B7  AC50        ADCZL 1,1
71B8  4A0A        STA 1,10,2
71B9  2A0E        LDA 1,14,2
71BA  320D        LDA 2,13,2
71BB  B51B        SUBZ# 1,2,SNC
71BC  0108        JMP 8,PC   ; -> 71C4
71BD  3C28        LDA 3,@40
71BE  330C        LDA 2,12,3
71BF  130A        ISZ 10,3
71C0  01FB        JMP -5,PC   ; -> 71BB
71C1  E900        NEG 3,1
71C2  211D        LDA 0,29,PC   ; -> 71DF
71C3  0C66        JSR @102
71C4  C5C8        LDB 2,0
71C5  D300        INC 2,2
71C6  391A        LDA 3,26,PC   ; -> 71E0
71C7  9D0D        SUB# 0,3,SNR
71C8  0110        JMP 16,PC   ; -> 71D8
71C9  3918        LDA 3,24,PC   ; -> 71E1
71CA  9D0D        SUB# 0,3,SNR
71CB  010C        JMP 12,PC   ; -> 71D7
71CC  3916        LDA 3,22,PC   ; -> 71E2
71CD  9D0D        SUB# 0,3,SNR
71CE  0107        JMP 7,PC   ; -> 71D5
71CF  3C28        LDA 3,@40
71D0  3B05        LDA 3,5,3
71D1  FA4A        MOVL# 3,3,SZC
71D2  820C        MOV# 0,0,SZR
71D3  0C3C        JSR @60
71D4  01E7        JMP -25,PC   ; -> 71BB
71D5  8400        ADC 0,0
71D6  0103        JMP 3,PC   ; -> 71D9
71D7  8501        SUB 0,0,SKP
71D8  8550        SUBZL 0,0
71D9  3821        LDA 3,33
71DA  CA00        MOV 2,1
71DB  3428        LDA 2,@40
71DC  4A0D        STA 1,13,2
71DD  2A08        LDA 1,8,2
71DE  0607        JMP @7,2
71DF  3004        LDA 2,4
71E0  0023        JMP 35
71E1  0025        JMP 37
71E2  0026        JMP 38
71E3  D24B        MOVL# 2,2,SNC
71E4  D29D        MOVZR# 2,2,SNR
71E5  0111        JMP 17,PC   ; -> 71F6
71E6  3428        LDA 2,@40
71E7  5A07        STA 3,7,2
71E8  DA00        MOV 2,3
71E9  3021        LDA 2,33
71EA  D300        INC 2,2
71EB  530C        STA 2,12,3
71EC  4B08        STA 1,8,3
71ED  AA0D        MOV# 1,1,SNR
71EE  0112        JMP 18,PC   ; -> 7200
71EF  9310        INCZ 0,2
71F0  8103        NEG 0,0,SNC
71F1  013C        JMP 60,PC   ; -> 722D
71F2  820D        MOV# 0,0,SNR
71F3  8550        SUBZL 0,0
71F4  4309        STA 0,9,3
71F5  010A        JMP 10,PC   ; -> 71FF
71F6  3C28        LDA 3,@40
71F7  AA4A        MOVL# 1,1,SZC
71F8  0108        JMP 8,PC   ; -> 7200
71F9  2B08        LDA 1,8,3
71FA  1B09        DSZ 9,3
71FB  CE01        ADD 2,1,SKP
71FC  AFC8        RTN
71FD  C808        ADI 2,1
71FE  4B08        STA 1,8,3
71FF  AD50        SUBZL 1,1
7200  4B0B        STA 1,11,3
7201  3318        LDA 2,24,3
7202  D20C        MOV# 2,2,SZR
7203  013F        JMP 63,PC   ; -> 7242
7204  2316        LDA 0,22,3
7205  4318        STA 0,24,3
7206  3305        LDA 2,5,3
7207  D24A        MOVL# 2,2,SZC
7208  D6A0        ADDOR 2,2
7209  387A        LDA 3,122
720A  DE00        ADD 2,3
720B  2B00        LDA 1,0,3
720C  3820        LDA 3,32
720D  3169        LDA 2,105,PC   ; -> 7276
720E  96F8        MSP 0
720F  F300        INC 3,2
7210  4A00        STA 1,0,2
7211  2966        LDA 1,102,PC   ; -> 7277
7212  4A01        STA 1,1,2
7213  4203        STA 0,3,2
7214  2164        LDA 0,100,PC   ; -> 7278
7215  4205        STA 0,5,2
7216  8500        SUB 0,0
7217  4207        STA 0,7,2
7218  4208        STA 0,8,2
7219  4202        STA 0,2,2
721A  4204        STA 0,4,2
721B  0C0F        JSR @15
721C  00C2        JMP 194
721D  010C        JMP 12,PC   ; -> 7229
721E  2203        LDA 0,3,2
721F  2A06        LDA 1,6,2
7220  A600        ADD 1,0
7221  9100        NEG 0,2
7222  D000        COM 2,2
7223  C5C8        LDB 2,0
7224  3C28        LDA 3,@40
7225  820C        MOV# 0,0,SZR
7226  011A        JMP 26,PC   ; -> 7240
7227  C200        MOV 2,0
7228  01DE        JMP -34,PC   ; -> 7206
7229  2A06        LDA 1,6,2
722A  3203        LDA 2,3,2
722B  C1C8        XCH 2,0
722C  0108        JMP 8,PC   ; -> 7234
722D  2308        LDA 0,8,3
722E  8648        PSH 0,0
722F  2820        LDA 1,32
7230  0C3E        JSR @62
7231  8688        POP 0,0
7232  3C28        LDA 3,@40
7233  01BF        JMP -65,PC   ; -> 71F2
7234  A600        ADD 1,0
7235  CA00        MOV 2,1
7236  9200        MOV 0,2
7237  213F        LDA 0,63,PC   ; -> 7276
7238  C608        STB 2,0
7239  A200        MOV 1,0
723A  3C28        LDA 3,@40
723B  1304        ISZ 4,3
723C  E900        NEG 3,1
723D  0C66        JSR @102
723E  3C28        LDA 3,@40
723F  1B04        DSZ 4,3
7240  3318        LDA 2,24,3
7241  2B0B        LDA 1,11,3
7242  AA4A        MOVL# 1,1,SZC
7243  0162        JMP 98,PC   ; -> 72A5
7244  253B        LDA 0,@59,PC   ; -> 727F
7245  8205        MOV 0,0,SNR
7246  0110        JMP 16,PC   ; -> 7256
7247  2932        LDA 1,50,PC   ; -> 7279
7248  C5C8        LDB 2,0
7249  D300        INC 2,2
724A  3930        LDA 3,48,PC   ; -> 727A
724B  8D0C        SUB# 0,1,SZR
724C  9D0D        SUB# 0,3,SNR
724D  01FB        JMP -5,PC   ; -> 7248
724E  292D        LDA 1,45,PC   ; -> 727B
724F  8D0D        SUB# 0,1,SNR
7250  0153        JMP 83,PC   ; -> 72A3
7251  3C28        LDA 3,@40
7252  C900        NEG 2,1
7253  A800        COM 1,1
7254  4F0C        STA 1,@12,3
7255  0108        JMP 8,PC   ; -> 725D
7256  AA0C        MOV# 1,1,SZR
7257  01F0        JMP -16,PC   ; -> 7247
7258  C5C8        LDB 2,0
7259  D300        INC 2,2
725A  01F4        JMP -12,PC   ; -> 724E
725B  C5C8        LDB 2,0
725C  D300        INC 2,2
725D  2919        LDA 1,25,PC   ; -> 7276
725E  8D0D        SUB# 0,1,SNR
725F  0122        JMP 34,PC   ; -> 7281
7260  291C        LDA 1,28,PC   ; -> 727C
7261  8D0D        SUB# 0,1,SNR
7262  011F        JMP 31,PC   ; -> 7281
7263  3C28        LDA 3,@40
7264  2D1B        LDA 1,@27,PC   ; -> 727F
7265  AA05        MOV 1,1,SNR
7266  2B0B        LDA 1,11,3
7267  AA0D        MOV# 1,1,SNR
7268  01F3        JMP -13,PC   ; -> 725B
7269  2911        LDA 1,17,PC   ; -> 727A
726A  390F        LDA 3,15,PC   ; -> 7279
726B  9D0C        SUB# 0,3,SZR
726C  8D0D        SUB# 0,1,SNR
726D  0114        JMP 20,PC   ; -> 7281
726E  290F        LDA 1,15,PC   ; -> 727D
726F  390F        LDA 3,15,PC   ; -> 727E
7270  8D0C        SUB# 0,1,SZR
7271  9D0D        SUB# 0,3,SNR
7272  010F        JMP 15,PC   ; -> 7281
7273  01E8        JMP -24,PC   ; -> 725B
7274  3C28        LDA 3,@40
7275  018F        JMP -113,PC   ; -> 7204
7276  000C        JMP 12
7277  4002        STA 0,2
7278  0085        JMP 133
7279  0020        JMP 32
727A  0009        JMP 9
727B  0022        JMP 34
727C  000A        JMP 10
727D  003B        JMP 59
727E  002C        JMP 44
727F  007B        JMP 123
7280  D300        INC 2,2
7281  3C28        LDA 3,@40
7282  2B0B        LDA 1,11,3
7283  A80D        COM# 1,1,SNR
7284  0107        JMP 7,PC   ; -> 728B
7285  3B0C        LDA 3,12,3
7286  2B00        LDA 1,0,3
7287  CD00        SUB 2,1
7288  A800        COM 1,1
7289  4B02        STA 1,2,3
728A  4B01        STA 1,1,3
728B  9048        SBI 0,2
728C  29ED        LDA 1,-19,PC   ; -> 7279
728D  0103        JMP 3,PC   ; -> 7290
728E  D300        INC 2,2
728F  C5C8        LDB 2,0
7290  39EA        LDA 3,-22,PC   ; -> 727A
7291  8D0C        SUB# 0,1,SZR
7292  9D0D        SUB# 0,3,SNR
7293  01FB        JMP -5,PC   ; -> 728E
7294  39E9        LDA 3,-23,PC   ; -> 727D
7295  29E9        LDA 1,-23,PC   ; -> 727E
7296  9D0C        SUB# 0,3,SZR
7297  8D0D        SUB# 0,1,SNR
7298  D300        INC 2,2
7299  39E3        LDA 3,-29,PC   ; -> 727C
729A  29DC        LDA 1,-36,PC   ; -> 7276
729B  9D0C        SUB# 0,3,SZR
729C  8D0D        SUB# 0,1,SNR
729D  D500        SUB 2,2
729E  3C28        LDA 3,@40
729F  5318        STA 2,24,3
72A0  230C        LDA 0,12,3
72A1  2B08        LDA 1,8,3
72A2  0707        JMP @7,3
72A3  3C28        LDA 3,@40
72A4  2B0B        LDA 1,11,3
72A5  570C        STA 2,@12,3
72A6  AA8A        MOVR# 1,1,SZC
72A7  0119        JMP 25,PC   ; -> 72C0
72A8  AD90        SUBZR 1,1
72A9  4B08        STA 1,8,3
72AA  C5C8        LDB 2,0
72AB  D300        INC 2,2
72AC  29CA        LDA 1,-54,PC   ; -> 7276
72AD  8D0D        SUB# 0,1,SNR
72AE  01D2        JMP -46,PC   ; -> 7280
72AF  29CD        LDA 1,-51,PC   ; -> 727C
72B0  8D0D        SUB# 0,1,SNR
72B1  01CF        JMP -49,PC   ; -> 7280
72B2  39C9        LDA 3,-55,PC   ; -> 727B
72B3  9D0C        SUB# 0,3,SZR
72B4  01F6        JMP -10,PC   ; -> 72AA
72B5  3C28        LDA 3,@40
72B6  AC00        ADC 1,1
72B7  4B0B        STA 1,11,3
72B8  4B08        STA 1,8,3
72B9  3B0C        LDA 3,12,3
72BA  2B00        LDA 1,0,3
72BB  CD00        SUB 2,1
72BC  A800        COM 1,1
72BD  4B02        STA 1,2,3
72BE  4B01        STA 1,1,3
72BF  019C        JMP -100,PC   ; -> 725B
72C0  AC00        ADC 1,1
72C1  4B0B        STA 1,11,3
72C2  3B0C        LDA 3,12,3
72C3  8500        SUB 0,0
72C4  4302        STA 0,2,3
72C5  4301        STA 0,1,3
72C6  29B5        LDA 1,-75,PC   ; -> 727B
72C7  C5C8        LDB 2,0
72C8  D300        INC 2,2
72C9  8D0D        SUB# 0,1,SNR
72CA  0191        JMP -111,PC   ; -> 725B
72CB  39AB        LDA 3,-85,PC   ; -> 7276
72CC  9D0D        SUB# 0,3,SNR
72CD  01A7        JMP -89,PC   ; -> 7274
72CE  39AE        LDA 3,-82,PC   ; -> 727C
72CF  9D0D        SUB# 0,3,SNR
72D0  01A4        JMP -92,PC   ; -> 7274
72D1  01F6        JMP -10,PC   ; -> 72C7
72D2  E7C8 000D   SAVE 13             ; frame
72D4  3C28        LDA 3,@40
72D5  3318        LDA 2,24,3
72D6  800D        COM# 0,0,SNR
72D7  0115        JMP 21,PC   ; -> 72EC
72D8  2B17        LDA 1,23,3
72D9  C608        STB 2,0
72DA  D300        INC 2,2
72DB  CD0D        SUB# 2,1,SNR
72DC  0110        JMP 16,PC   ; -> 72EC
72DD  3C28        LDA 3,@40
72DE  5318        STA 2,24,3
72DF  2B0B        LDA 1,11,3
72E0  AA0D        MOV# 1,1,SNR
72E1  013A        JMP 58,PC   ; -> 731B
72E2  293B        LDA 1,59,PC   ; -> 731D
72E3  820C        MOV# 0,0,SZR
72E4  8D0D        SUB# 0,1,SNR
72E5  0104        JMP 4,PC   ; -> 72E9
72E6  2936        LDA 1,54,PC   ; -> 731C
72E7  A50C        SUB# 1,0,SZR
72E8  0133        JMP 51,PC   ; -> 731B
72E9  2316        LDA 0,22,3
72EA  4318        STA 0,24,3
72EB  010D        JMP 13,PC   ; -> 72F8
72EC  3C28        LDA 3,@40
72ED  2B0B        LDA 1,11,3
72EE  8500        SUB 0,0
72EF  AA0C        MOV# 1,1,SZR
72F0  C608        STB 2,0
72F1  3C28        LDA 3,@40
72F2  2316        LDA 0,22,3
72F3  9505        SUB 0,2,SNR
72F4  0127        JMP 39,PC   ; -> 731B
72F5  4318        STA 0,24,3
72F6  AA0D        MOV# 1,1,SNR
72F7  0104        JMP 4,PC   ; -> 72FB
72F8  2126        LDA 0,38,PC   ; -> 731E
72F9  2926        LDA 1,38,PC   ; -> 731F
72FA  0103        JMP 3,PC   ; -> 72FD
72FB  2125        LDA 0,37,PC   ; -> 7320
72FC  CA00        MOV 2,1
72FD  3821        LDA 3,33
72FE  F300        INC 3,2
72FF  D300        INC 2,2
7300  4201        STA 0,1,2
7301  4A05        STA 1,5,2
7302  3C28        LDA 3,@40
7303  2B05        LDA 1,5,3
7304  D24A        MOVL# 2,2,SZC
7305  D6A0        ADDOR 2,2
7306  2318        LDA 0,24,3
7307  4203        STA 0,3,2
7308  387A        LDA 3,122
7309  BE00        ADD 1,3
730A  2B00        LDA 1,0,3
730B  4A00        STA 1,0,2
730C  AD00        SUB 1,1
730D  4A07        STA 1,7,2
730E  4A08        STA 1,8,2
730F  4204        STA 0,4,2
7310  4202        STA 0,2,2
7311  0C0F        JSR @15
7312  00C3        JMP 195
7313  0102        JMP 2,PC   ; -> 7315
7314  0107        JMP 7,PC   ; -> 731B
7315  3C28        LDA 3,@40
7316  1304        ISZ 4,3
7317  E900        NEG 3,1
7318  0C66        JSR @102
7319  3C28        LDA 3,@40
731A  1B04        DSZ 4,3
731B  AFC8        RTN
731C  000A        JMP 10
731D  000C        JMP 12
731E  4002        STA 0,2
731F  0085        JMP 133
7320  5001        STA 2,1
7321  5829        STA 3,41
7322  BA00        MOV 1,3
7323  3B02        LDA 3,2,3
7324  FB00        INC 3,3
7325  FB90        INCZR 3,3
7326  2020        LDA 0,32
7327  9EF8        MSP 0
7328  3829        LDA 3,41
7329  E7C8 0003   SAVE 3             ; frame
732B  8350        INCZL 0,0
732C  43FC        STA 0,-4,3
732D  4301        STA 0,1,3
732E  B200        MOV 1,2
732F  3202        LDA 2,2,2
7330  C600        ADD 2,0
7331  D300        INC 2,2
7332  5303        STA 2,3,3
7333  5302        STA 2,2,3
7334  9200        MOV 0,2
7335  8500        SUB 0,0
7336  C608        STB 2,0
7337  E300        INC 3,0
7338  0C5C        JSR @92
7339  AFC8        RTN
733A  E7C8 0000   SAVE 0             ; frame
733C  2FFA        LDA 1,@-6,3
733D  0C6C        JSR @108
733E  0108        JMP 8,PC   ; -> 7346
733F  57FB        STA 2,@-5,3
7340  8500        SUB 0,0
7341  4200        STA 0,0,2
7342  DB00        INC 2,3
7343  8848        SBI 0,1
7344  B7C8        BLM
7345  AFC8        RTN
7346  AD50        SUBZL 1,1
7347  0C66        JSR @102
7348  E7C8 0001   SAVE 1             ; frame
734A  9A00        MOV 0,3
734B  2BFF        LDA 1,-1,3
734C  AA0D        MOV# 1,1,SNR
734D  010C        JMP 12,PC   ; -> 7359
734E  4C20        STA 1,@32
734F  AD50        SUBZL 1,1
7350  23FD        LDA 0,-3,3
7351  33FE        LDA 2,-2,3
7352  9500        SUB 0,2
7353  D300        INC 2,2
7354  8500        SUB 0,0
7355  C7C8        MUL
7356  B848        SBI 1,3
7357  1C20        DSZ @32
7358  01F8        JMP -8,PC   ; -> 7350
7359  3821        LDA 3,33
735A  4FFD        STA 1,@-3,3
735B  AFC8        RTN
735C  E7C8 0000   SAVE 0             ; frame
735E  9200        MOV 0,2
735F  27FB        LDA 0,@-5,3
7360  4202        STA 0,2,2
7361  4201        STA 0,1,2
7362  AA50        MOVZL 1,1
7363  4A00        STA 1,0,2
7364  AFC8        RTN
7365  E7C8 0000   SAVE 0             ; frame
7367  33FA        LDA 2,-6,3
7368  2201        LDA 0,1,2
7369  3200        LDA 2,0,2
736A  824B        MOVL# 0,0,SNC
736B  0103        JMP 3,PC   ; -> 736E
736C  3200        LDA 2,0,2
736D  8001        COM 0,0,SKP
736E  8500        SUB 0,0
736F  2FF9        LDA 1,@-7,3
7370  A900        NEG 1,1
7371  A400        ADC 1,0
7372  C5F8        SNB 2,0
7373  AD01        SUB 1,1,SKP
7374  AD50        SUBZL 1,1
7375  4FFB        STA 1,@-5,3
7376  AFC8        RTN
7377  E7C8 000A   SAVE 10             ; frame
7379  0C43        JSR @67
737A  0001        JMP 1
737B  4303        STA 0,3,3
737C  0C42        JSR @66
737D  0002        JMP 2
737E  4304        STA 0,4,3
737F  0C62        JSR @98
7380  6305        IO   6305
7381  2873        LDA 1,115
7382  0C5E        JSR @94
7383  3020        LDA 2,32
7384  6110        IO   6110
7385  6B05        IO   6B05
7386  0C48        JSR @72
7387  5020        STA 2,32
7388  2B04        LDA 1,4,3
7389  AE48        PSH 1,1
738A  2303        LDA 0,3,3
738B  6B08        IO   6B08
738C  0C5D        JSR @93
738D  5020        STA 2,32
738E  A200        MOV 1,0
738F  6B05        IO   6B05
7390  0C61        JSR @97
7391  0C63        JSR @99
7392  AFC8        RTN
7393  0020        JMP 32
7394  FFFF        ANDCS# 3,3,SBN
7395  E7C8 000A   SAVE 10             ; frame
7397  0C43        JSR @67
7398  0001        JMP 1
7399  4303        STA 0,3,3
739A  0C42        JSR @66
739B  0002        JMP 2
739C  4304        STA 0,4,3
739D  0C62        JSR @98
739E  6305        IO   6305
739F  2873        LDA 1,115
73A0  0C5E        JSR @94
73A1  3020        LDA 2,32
73A2  6110        IO   6110
73A3  6B05        IO   6B05
73A4  0C48        JSR @72
73A5  5020        STA 2,32
73A6  2B04        LDA 1,4,3
73A7  AE48        PSH 1,1
73A8  2303        LDA 0,3,3
73A9  6B08        IO   6B08
73AA  0C5D        JSR @93
73AB  5020        STA 2,32
73AC  A200        MOV 1,0
73AD  6B05        IO   6B05
73AE  0C61        JSR @97
73AF  0C63        JSR @99
73B0  AFC8        RTN
73B1  0020        JMP 32
73B2  0000        JMP 0
73B3  E7C8 0000   SAVE 0             ; frame
73B5  9200        MOV 0,2
73B6  2202        LDA 0,2,2
73B7  33FB        LDA 2,-5,3
73B8  2A02        LDA 1,2,2
73B9  A600        ADD 1,0
73BA  2BFE        LDA 1,-2,3
73BB  AA50        MOVZL 1,1
73BC  33FD        LDA 2,-3,3
73BD  4A00        STA 1,0,2
73BE  4201        STA 0,1,2
73BF  8E92        ADDZR 0,1,SZC
73C0  AB00        INC 1,1
73C1  8390        INCZR 0,0
73C2  9E00        ADD 0,3
73C3  2022        LDA 0,34
73C4  E51B        SUBZ# 3,0,SNC
73C5  0124        JMP 36,PC   ; -> 73E9
73C6  3021        LDA 2,33
73C7  5820        STA 3,32
73C8  5821        STA 3,33
73C9  2200        LDA 0,0,2
73CA  4300        STA 0,0,3
73CB  22FF        LDA 0,-1,2
73CC  43FF        STA 0,-1,3
73CD  4BFE        STA 1,-2,3
73CE  22FD        LDA 0,-3,2
73CF  43FD        STA 0,-3,3
73D0  22FC        LDA 0,-4,2
73D1  43FC        STA 0,-4,3
73D2  22FB        LDA 0,-5,2
73D3  43FB        STA 0,-5,3
73D4  22FA        LDA 0,-6,2
73D5  43FA        STA 0,-6,3
73D6  23FD        LDA 0,-3,3
73D7  2BFC        LDA 1,-4,3
73D8  0C5C        JSR @92
73D9  9200        MOV 0,2
73DA  2202        LDA 0,2,2
73DB  2A00        LDA 1,0,2
73DC  8E00        ADD 0,1
73DD  4A00        STA 1,0,2
73DE  C200        MOV 2,0
73DF  2BFB        LDA 1,-5,3
73E0  0C5C        JSR @92
73E1  2202        LDA 0,2,2
73E2  2A01        LDA 1,1,2
73E3  4A02        STA 1,2,2
73E4  8D00        SUB 0,1
73E5  2200        LDA 0,0,2
73E6  A500        SUB 1,0
73E7  4200        STA 0,0,2
73E8  AFC8        RTN
73E9  AD90        SUBZR 1,1
73EA  2102        LDA 0,2,PC   ; -> 73EC
73EB  0C66        JSR @102
73EC  300A        LDA 2,10
73ED  E7C8 0000   SAVE 0             ; frame
73EF  2FFB        LDA 1,@-5,3
73F0  0C6D        JSR @109
73F1  AC01        ADC 1,1,SKP
73F2  AFC8        RTN
73F3  0C66        JSR @102
73F4  FB00        INC 3,3
73F5  5829        STA 3,41
73F6  AD00        SUB 1,1
73F7  AE48        PSH 1,1
73F8  2BFF        LDA 1,-1,3
73F9  3821        LDA 3,33
73FA  310D        LDA 2,13,PC   ; -> 7407
73FB  B500        SUB 1,2
73FC  F600        ADD 3,2
73FD  2BFE        LDA 1,-2,3
73FE  CD1A        SUBZ# 2,1,SZC
73FF  0106        JMP 6,PC   ; -> 7405
7400  3200        LDA 2,0,2
7401  D00D        COM# 2,2,SNR
7402  0103        JMP 3,PC   ; -> 7405
7403  2200        LDA 0,0,2
7404  4420        STA 0,@32
7405  2020        LDA 0,32
7406  0429        JMP @41
7407  FFFC        ANDCS# 3,3,SZR
7408  FB00        INC 3,3
7409  5829        STA 3,41
740A  AD00        SUB 1,1
740B  AE48        PSH 1,1
740C  2BFF        LDA 1,-1,3
740D  3821        LDA 3,33
740E  310A        LDA 2,10,PC   ; -> 7418
740F  B500        SUB 1,2
7410  F600        ADD 3,2
7411  2BFE        LDA 1,-2,3
7412  CD1A        SUBZ# 2,1,SZC
7413  0103        JMP 3,PC   ; -> 7416
7414  2200        LDA 0,0,2
7415  800D        COM# 0,0,SNR
7416  2020        LDA 0,32
7417  0429        JMP @41
7418  FFFC        ANDCS# 3,3,SZR
7419  FB00        INC 3,3
741A  5829        STA 3,41
741B  AD00        SUB 1,1
741C  AE48        PSH 1,1
741D  2020        LDA 0,32
741E  AE48        PSH 1,1
741F  AE48        PSH 1,1
7420  2BFF        LDA 1,-1,3
7421  3821        LDA 3,33
7422  310A        LDA 2,10,PC   ; -> 742C
7423  B500        SUB 1,2
7424  F600        ADD 3,2
7425  2BFE        LDA 1,-2,3
7426  CD1A        SUBZ# 2,1,SZC
7427  0429        JMP @41
7428  2A00        LDA 1,0,2
7429  A80C        COM# 1,1,SZR
742A  A200        MOV 1,0
742B  0429        JMP @41
742C  FFFC        ANDCS# 3,3,SZR
742D  E7C8 000B   SAVE 11             ; frame
742F  D500        SUB 2,2
7430  57FB        STA 2,@-5,3
7431  33FA        LDA 2,-6,3
7432  2202        LDA 0,2,2
7433  2A01        LDA 1,1,2
7434  3200        LDA 2,0,2
7435  AA4B        MOVL# 1,1,SNC
7436  0103        JMP 3,PC   ; -> 7439
7437  3200        LDA 2,0,2
7438  B400        ADC 1,2
7439  5307        STA 2,7,3
743A  33F9        LDA 2,-7,3
743B  2A02        LDA 1,2,2
743C  4B09        STA 1,9,3
743D  4B08        STA 1,8,3
743E  8C12        ADCZ 0,1,SZC
743F  AFC8        RTN
7440  4B0A        STA 1,10,3
7441  2A01        LDA 1,1,2
7442  3200        LDA 2,0,2
7443  AA4B        MOVL# 1,1,SNC
7444  0103        JMP 3,PC   ; -> 7447
7445  3200        LDA 2,0,2
7446  B400        ADC 1,2
7447  C5C8        LDB 2,0
7448  430B        STA 0,11,3
7449  17FB        ISZ @-5,3
744A  3307        LDA 2,7,3
744B  C5C8        LDB 2,0
744C  2B0B        LDA 1,11,3
744D  8D0C        SUB# 0,1,SZR
744E  0107        JMP 7,PC   ; -> 7455
744F  2BF9        LDA 1,-7,3
7450  E738 0007   ELEF 0,0007,3
7452  0C64        JSR @100
7453  820D        MOV# 0,0,SNR
7454  AFC8        RTN
7455  1307        ISZ 7,3
7456  130A        ISZ 10,3
7457  01F2        JMP -14,PC   ; -> 7449
7458  D500        SUB 2,2
7459  57FB        STA 2,@-5,3
745A  AFC8        RTN
745B  E7C8 0000   SAVE 0             ; frame
745D  B200        MOV 1,2
745E  27FC        LDA 0,@-4,3
745F  4201        STA 0,1,2
7460  824A        MOVL# 0,0,SZC
7461  8401        ADC 0,0,SKP
7462  8500        SUB 0,0
7463  4200        STA 0,0,2
7464  AFC8        RTN
7465  E7C8 0010   SAVE 16             ; frame
7467  311A        LDA 2,26,PC   ; -> 7481
7468  0104        JMP 4,PC   ; -> 746C
7469  E7C8 0010   SAVE 16             ; frame
746B  3117        LDA 2,23,PC   ; -> 7482
746C  8A10        MOVZ 0,1
746D  0C65        JSR @101
746E  33FD        LDA 2,-3,3
746F  2201        LDA 0,1,2
7470  A61A        ADDZ# 1,0,SZC
7471  0106        JMP 6,PC   ; -> 7477
7472  8900        NEG 0,1
7473  4202        STA 0,2,2
7474  3200        LDA 2,0,2
7475  210E        LDA 0,14,PC   ; -> 7483
7476  0106        JMP 6,PC   ; -> 747C
7477  A100        NEG 1,0
7478  4202        STA 0,2,2
7479  3200        LDA 2,0,2
747A  2701        LDA 0,@1,3
747B  1301        ISZ 1,3
747C  C608        STB 2,0
747D  D300        INC 2,2
747E  AB04        INC 1,1,SZR
747F  01FB        JMP -5,PC   ; -> 747A
7480  AFC8        RTN
7481  000A        JMP 10
7482  0008        JMP 8
7483  002A        JMP 42
7484  E7C8 0003   SAVE 3             ; frame
7486  310C        LDA 2,12,PC   ; -> 7492
7487  0104        JMP 4,PC   ; -> 748B
7488  E7C8 0003   SAVE 3             ; frame
748A  3109        LDA 2,9,PC   ; -> 7493
748B  4301        STA 0,1,3
748C  5303        STA 2,3,3
748D  5302        STA 2,2,3
748E  A200        MOV 1,0
748F  EB00        INC 3,1
7490  0C60        JSR @96
7491  AFC8        RTN
7492  0020        JMP 32
7493  0010        JMP 16
7494  E7C8 0000   SAVE 0             ; frame
7496  33FB        LDA 2,-5,3
7497  9A00        MOV 0,3
7498  2200        LDA 0,0,2
7499  2A01        LDA 1,1,2
749A  3300        LDA 2,0,3
749B  3B01        LDA 3,1,3
749C  EE12        ADDZ 3,1,SZC
749D  8300        INC 0,0
749E  C600        ADD 2,0
749F  3821        LDA 3,33
74A0  33FD        LDA 2,-3,3
74A1  4200        STA 0,0,2
74A2  4A01        STA 1,1,2
74A3  AFC8        RTN
74A4  E7C8 0000   SAVE 0             ; frame
74A6  33FB        LDA 2,-5,3
74A7  9A00        MOV 0,3
74A8  2200        LDA 0,0,2
74A9  2A01        LDA 1,1,2
74AA  3300        LDA 2,0,3
74AB  3B01        LDA 3,1,3
74AC  C700        AND 2,0
74AD  EF00        AND 3,1
74AE  3821        LDA 3,33
74AF  33FD        LDA 2,-3,3
74B0  4200        STA 0,0,2
74B1  4A01        STA 1,1,2
74B2  AFC8        RTN
74B3  E7C8 0000   SAVE 0             ; frame
74B5  9200        MOV 0,2
74B6  2201        LDA 0,1,2
74B7  8240        MOVL 0,0
74B8  2A00        LDA 1,0,2
74B9  AA40        MOVL 1,1
74BA  8280        MOVR 0,0
74BB  47FD        STA 0,@-3,3
74BC  AFC8        RTN
74BD  5829        STA 3,41
74BE  9A00        MOV 0,3
74BF  4B00        STA 1,0,3
74C0  8500        SUB 0,0
74C1  4302        STA 0,2,3
74C2  2021        LDA 0,33
74C3  4301        STA 0,1,3
74C4  E200        MOV 3,0
74C5  3821        LDA 3,33
74C6  0429        JMP @41
74C7  E7C8 0000   SAVE 0             ; frame
74C9  2020        LDA 0,32
74CA  2822        LDA 1,34
74CB  8C00        ADC 0,1
74CC  4FFB        STA 1,@-5,3
74CD  AFC8        RTN
74CE  E7C8 0002   SAVE 2             ; frame
74D0  3300        LDA 2,0,3
74D1  3200        LDA 2,0,2
74D2  1300        ISZ 0,3
74D3  2200        LDA 0,0,2
74D4  820C        MOV# 0,0,SZR
74D5  AFC8        RTN
74D6  5301        STA 2,1,3
74D7  23FE        LDA 0,-2,3
74D8  3115        LDA 2,21,PC   ; -> 74ED
74D9  F600        ADD 3,2
74DA  9500        SUB 0,2
74DB  5302        STA 2,2,3
74DC  2FFC        LDA 1,@-4,3
74DD  CE00        ADD 2,1
74DE  0C6C        JSR @108
74DF  010C        JMP 12,PC   ; -> 74EB
74E0  23FE        LDA 0,-2,3
74E1  2B02        LDA 1,2,3
74E2  DA00        MOV 2,3
74E3  9300        INC 0,2
74E4  A290        MOVZR 1,0
74E5  B7C8        BLM
74E6  43FF        STA 0,-1,3
74E7  4B00        STA 1,0,3
74E8  3021        LDA 2,33
74E9  5E01        STA 3,@1,2
74EA  AFC8        RTN
74EB  AD90        SUBZR 1,1
74EC  0C66        JSR @102
74ED  FFFC        ANDCS# 3,3,SZR
74EE  E7C8 0001   SAVE 1             ; frame
74F0  9200        MOV 0,2
74F1  2200        LDA 0,0,2
74F2  820C        MOV# 0,0,SZR
74F3  AFC8        RTN
74F4  2FFB        LDA 1,@-5,3
74F5  9360        INCOL 0,2
74F6  D7C8        DIV
74F7  4B01        STA 1,1,3
74F8  37FD        LDA 2,@-3,3
74F9  D390        INCZR 2,2
74FA  C7C8        MUL
74FB  820D        MOV# 0,0,SNR
74FC  AE2F        ADDO# 1,1,SBN
74FD  0111        JMP 17,PC   ; -> 750E
74FE  0C6C        JSR @108
74FF  0110        JMP 16,PC   ; -> 750F
7500  C250        MOVZL 2,0
7501  33FC        LDA 2,-4,3
7502  4200        STA 0,0,2
7503  AD00        SUB 1,1
7504  4A02        STA 1,2,2
7505  2FFD        LDA 1,@-3,3
7506  4A01        STA 1,1,2
7507  AA8A        MOVR# 1,1,SZC
7508  AB00        INC 1,1
7509  A600        ADD 1,0
750A  D008        ADI 2,2
750B  1B01        DSZ 1,3
750C  01F6        JMP -10,PC   ; -> 7502
750D  AFC8        RTN
750E  2103        LDA 0,3,PC   ; -> 7511
750F  AD90        SUBZR 1,1
7510  0C66        JSR @102
7511  0005        JMP 5
7512  E7C8 0000   SAVE 0             ; frame
7514  9200        MOV 0,2
7515  2200        LDA 0,0,2
7516  820C        MOV# 0,0,SZR
7517  AFC8        RTN
7518  4202        STA 0,2,2
7519  2FFD        LDA 1,@-3,3
751A  4A01        STA 1,1,2
751B  AB90        INCZR 1,1
751C  0C6C        JSR @108
751D  0105        JMP 5,PC   ; -> 7522
751E  C250        MOVZL 2,0
751F  33FC        LDA 2,-4,3
7520  4200        STA 0,0,2
7521  AFC8        RTN
7522  AD90        SUBZR 1,1
7523  0C66        JSR @102
7524  E7C8 0000   SAVE 0             ; frame
7526  9200        MOV 0,2
7527  2200        LDA 0,0,2
7528  820C        MOV# 0,0,SZR
7529  AFC8        RTN
752A  4202        STA 0,2,2
752B  2FFD        LDA 1,@-3,3
752C  4A01        STA 1,1,2
752D  AB90        INCZR 1,1
752E  AB90        INCZR 1,1
752F  AB90        INCZR 1,1
7530  AB90        INCZR 1,1
7531  0C6C        JSR @108
7532  0104        JMP 4,PC   ; -> 7536
7533  3BFC        LDA 3,-4,3
7534  5300        STA 2,0,3
7535  AFC8        RTN
7536  AD90        SUBZR 1,1
7537  0C66        JSR @102
7538  E7C8 0000   SAVE 0             ; frame
753A  2130        LDA 0,48,PC   ; -> 756A
753B  9E00        ADD 0,3
753C  CA00        MOV 2,1
753D  3028        LDA 2,40
753E  2203        LDA 0,3,2
753F  800C        COM# 0,0,SZR
7540  0103        JMP 3,PC   ; -> 7543
7541  4700        STA 0,@0,3
7542  0126        JMP 38,PC   ; -> 7568
7543  3128        LDA 2,40,PC   ; -> 756B
7544  C700        AND 2,0
7545  4700        STA 0,@0,3
7546  3028        LDA 2,40
7547  9848        SBI 0,3
7548  BD1F        SUBZ# 1,3,SBN
7549  011D        JMP 29,PC   ; -> 7566
754A  3203        LDA 2,3,2
754B  D250        MOVZL 2,2
754C  8570        SUBCL 0,0
754D  D250        MOVZL 2,2
754E  8240        MOVL 0,0
754F  4700        STA 0,@0,3
7550  3028        LDA 2,40
7551  9848        SBI 0,3
7552  BD1F        SUBZ# 1,3,SBN
7553  0113        JMP 19,PC   ; -> 7566
7554  2204        LDA 0,4,2
7555  4700        STA 0,@0,3
7556  9848        SBI 0,3
7557  BD1F        SUBZ# 1,3,SBN
7558  010E        JMP 14,PC   ; -> 7566
7559  2206        LDA 0,6,2
755A  4700        STA 0,@0,3
755B  9848        SBI 0,3
755C  BD1F        SUBZ# 1,3,SBN
755D  0109        JMP 9,PC   ; -> 7566
755E  2205        LDA 0,5,2
755F  4700        STA 0,@0,3
7560  9848        SBI 0,3
7561  BD1F        SUBZ# 1,3,SBN
7562  0104        JMP 4,PC   ; -> 7566
7563  2700        LDA 0,@0,3
7564  820C        MOV# 0,0,SZR
7565  AFC8        RTN
7566  8400        ADC 0,0
7567  4203        STA 0,3,2
7568  4204        STA 0,4,2
7569  AFC8        RTN
756A  FFFB        ANDCS# 3,3,SNC
756B  3FFF        LDA 3,@-1,3
756C  E7C8 0000   SAVE 0             ; frame
756E  33FC        LDA 2,-4,3
756F  2201        LDA 0,1,2
7570  3200        LDA 2,0,2
7571  824B        MOVL# 0,0,SNC
7572  0103        JMP 3,PC   ; -> 7575
7573  3200        LDA 2,0,2
7574  9400        ADC 0,2
7575  CA93        MOVZR 2,1,SNC
7576  0106        JMP 6,PC   ; -> 757C
7577  4FFD        STA 1,@-3,3
7578  AD90        SUBZR 1,1
7579  2105        LDA 0,5,PC   ; -> 757E
757A  0C66        JSR @102
757B  AFC8        RTN
757C  4FFD        STA 1,@-3,3
757D  AFC8        RTN
757E  B006        COM 1,2,SEZ
757F  E7C8 0000   SAVE 0             ; frame
7581  33FC        LDA 2,-4,3
7582  2201        LDA 0,1,2
7583  3200        LDA 2,0,2
7584  824B        MOVL# 0,0,SNC
7585  010F        JMP 15,PC   ; -> 7594
7586  3200        LDA 2,0,2
7587  8005        COM 0,0,SNR
7588  010C        JMP 12,PC   ; -> 7594
7589  8A00        MOV 0,1
758A  8348        HXR 0,0
758B  9600        ADD 0,2
758C  210A        LDA 0,10,PC   ; -> 7596
758D  8F0D        AND# 0,1,SNR
758E  0106        JMP 6,PC   ; -> 7594
758F  57FD        STA 2,@-3,3
7590  AD90        SUBZR 1,1
7591  2106        LDA 0,6,PC   ; -> 7597
7592  0C66        JSR @102
7593  AFC8        RTN
7594  57FD        STA 2,@-3,3
7595  AFC8        RTN
7596  000F        JMP 15
7597  B006        COM 1,2,SEZ
7598  E7C8 0000   SAVE 0             ; frame
759A  9200        MOV 0,2
759B  27FD        LDA 0,@-3,3
759C  2BFE        LDA 1,-2,3
759D  AA50        MOVZL 1,1
759E  3FFB        LDA 3,@-5,3
759F  DE00        ADD 2,3
75A0  4A00        STA 1,0,2
75A1  4201        STA 0,1,2
75A2  8520        SUBO 0,0
75A3  4202        STA 0,2,2
75A4  2201        LDA 0,1,2
75A5  829A        MOVZR# 0,0,SZC
75A6  AB00        INC 1,1
75A7  8E02        ADD 0,1,SZC
75A8  011B        JMP 27,PC   ; -> 75C3
75A9  D008        ADI 2,2
75AA  DD1E        SUBZ# 2,3,SEZ
75AB  01F5        JMP -11,PC   ; -> 75A0
75AC  AA90        MOVZR 1,1
75AD  3919        LDA 3,25,PC   ; -> 75C6
75AE  BE00        ADD 1,3
75AF  2022        LDA 0,34
75B0  E51B        SUBZ# 3,0,SNC
75B1  0112        JMP 18,PC   ; -> 75C3
75B2  3021        LDA 2,33
75B3  5820        STA 3,32
75B4  5821        STA 3,33
75B5  2200        LDA 0,0,2
75B6  4300        STA 0,0,3
75B7  22FF        LDA 0,-1,2
75B8  43FF        STA 0,-1,3
75B9  4BFE        STA 1,-2,3
75BA  22FD        LDA 0,-3,2
75BB  43FD        STA 0,-3,3
75BC  22FC        LDA 0,-4,2
75BD  43FC        STA 0,-4,3
75BE  22FB        LDA 0,-5,2
75BF  43FB        STA 0,-5,3
75C0  22FA        LDA 0,-6,2
75C1  43FA        STA 0,-6,3
75C2  AFC8        RTN
75C3  AD90        SUBZR 1,1
75C4  2103        LDA 0,3,PC   ; -> 75C7
75C5  0C66        JSR @102
75C6  0006        JMP 6
75C7  300A        LDA 2,10
75C8  E7C8 0000   SAVE 0             ; frame
75CA  33FB        LDA 2,-5,3
75CB  2A01        LDA 1,1,2
75CC  AA4A        MOVL# 1,1,SZC
75CD  AFC8        RTN
75CE  27FA        LDA 0,@-6,3
75CF  A41B        ADCZ# 1,0,SNC
75D0  0104        JMP 4,PC   ; -> 75D4
75D1  AD90        SUBZR 1,1
75D2  2105        LDA 0,5,PC   ; -> 75D7
75D3  0C66        JSR @102
75D4  4202        STA 0,2,2
75D5  AFC8        RTN
75D6  3005        LDA 2,5
75D7  3005        LDA 2,5
75D8  E7C8 0005   SAVE 5             ; frame
75DA  090E        JSR 14,PC   ; -> 75E8
75DB  0C64        JSR @100
75DC  3821        LDA 3,33
75DD  820D        MOV# 0,0,SNR
75DE  1300        ISZ 0,3
75DF  AFC8        RTN
75E0  E7C8 0005   SAVE 5             ; frame
75E2  0906        JSR 6,PC   ; -> 75E8
75E3  0C64        JSR @100
75E4  3821        LDA 3,33
75E5  820C        MOV# 0,0,SZR
75E6  1300        ISZ 0,3
75E7  AFC8        RTN
75E8  9200        MOV 0,2
75E9  2202        LDA 0,2,2
75EA  B200        MOV 1,2
75EB  2A02        LDA 1,2,2
75EC  A505        SUB 1,0,SNR
75ED  0102        JMP 2,PC   ; -> 75EF
75EE  0301        JMP 1,3
75EF  3021        LDA 2,33
75F0  22FC        LDA 0,-4,2
75F1  2AFD        LDA 1,-3,2
75F2  0300        JMP 0,3
75F3  E7C8 0009   SAVE 9             ; frame
75F5  2953        LDA 1,83,PC   ; -> 7648
75F6  0910        JSR 16,PC   ; -> 7606
75F7  7665        IO   7665
75F8  7674        IO   7674
75F9  E7C8 0009   SAVE 9             ; frame
75FB  294E        LDA 1,78,PC   ; -> 7649
75FC  01FA        JMP -6,PC   ; -> 75F6
75FD  E7C8 0009   SAVE 9             ; frame
75FF  2949        LDA 1,73,PC   ; -> 7648
7600  D500        SUB 2,2
7601  5306        STA 2,6,3
7602  5307        STA 2,7,3
7603  0903        JSR 3,PC   ; -> 7606
7604  7677        IO   7677
7605  7694        IO   7694
7606  F200        MOV 3,2
7607  3821        LDA 3,33
7608  D250        MOVZL 2,2
7609  D2A0        MOVOR 2,2
760A  5308        STA 2,8,3
760B  4B01        STA 1,1,3
760C  AC00        ADC 1,1
760D  4B05        STA 1,5,3
760E  4B02        STA 1,2,3
760F  9200        MOV 0,2
7610  2A02        LDA 1,2,2
7611  AB00        INC 1,1
7612  4C20        STA 1,@32
7613  2A01        LDA 1,1,2
7614  3200        LDA 2,0,2
7615  AA4B        MOVL# 1,1,SNC
7616  0103        JMP 3,PC   ; -> 7619
7617  3200        LDA 2,0,2
7618  B400        ADC 1,2
7619  9048        SBI 0,2
761A  1C20        DSZ @32
761B  0105        JMP 5,PC   ; -> 7620
761C  8500        SUB 0,0
761D  AD00        SUB 1,1
761E  1308        ISZ 8,3
761F  0708        JMP @8,3
7620  D300        INC 2,2
7621  C5C8        LDB 2,0
7622  2928        LDA 1,40,PC   ; -> 764A
7623  A50D        SUB# 1,0,SNR
7624  01F6        JMP -10,PC   ; -> 761A
7625  2926        LDA 1,38,PC   ; -> 764B
7626  A50D        SUB# 1,0,SNR
7627  01F3        JMP -13,PC   ; -> 761A
7628  5303        STA 2,3,3
7629  2923        LDA 1,35,PC   ; -> 764C
762A  A50C        SUB# 1,0,SZR
762B  0105        JMP 5,PC   ; -> 7630
762C  1305        ISZ 5,3
762D  01EF        JMP -17,PC   ; -> 761C
762E  01EC        JMP -20,PC   ; -> 761A
762F  C5C8        LDB 2,0
7630  291D        LDA 1,29,PC   ; -> 764D
7631  A500        SUB 1,0
7632  291C        LDA 1,28,PC   ; -> 764E
7633  8D1B        SUBZ# 0,1,SNC
7634  0107        JMP 7,PC   ; -> 763B
7635  D300        INC 2,2
7636  1C20        DSZ @32
7637  01F8        JMP -8,PC   ; -> 762F
7638  1302        ISZ 2,3
7639  0120        JMP 32,PC   ; -> 7659
763A  5304        STA 2,4,3
763B  1302        ISZ 2,3
763C  0105        JMP 5,PC   ; -> 7641
763D  5304        STA 2,4,3
763E  290C        LDA 1,12,PC   ; -> 764A
763F  A50D        SUB# 1,0,SNR
7640  01F5        JMP -11,PC   ; -> 7635
7641  290E        LDA 1,14,PC   ; -> 764F
7642  A50C        SUB# 1,0,SZR
7643  0116        JMP 22,PC   ; -> 7659
7644  D300        INC 2,2
7645  1C20        DSZ @32
7646  010A        JMP 10,PC   ; -> 7650
7647  0112        JMP 18,PC   ; -> 7659
7648  000A        JMP 10
7649  0008        JMP 8
764A  0020        JMP 32
764B  002B        JMP 43
764C  002D        JMP 45
764D  0030        JMP 48
764E  0009        JMP 9
764F  0022        JMP 34
7650  C5C8        LDB 2,0
7651  31FC        LDA 2,-4,PC   ; -> 764D
7652  29F6        LDA 1,-10,PC   ; -> 7648
7653  C504        SUB 2,0,SZR
7654  A51A        SUBZ# 1,0,SZC
7655  0104        JMP 4,PC   ; -> 7659
7656  829D        MOVZR# 0,0,SNR
7657  A200        MOV 1,0
7658  4301        STA 0,1,3
7659  3303        LDA 2,3,3
765A  2304        LDA 0,4,3
765B  C505        SUB 2,0,SNR
765C  01C0        JMP -64,PC   ; -> 761C
765D  4420        STA 0,@32
765E  AD01        SUB 1,1,SKP
765F  3303        LDA 2,3,3
7660  C5C8        LDB 2,0
7661  31EC        LDA 2,-20,PC   ; -> 764D
7662  C500        SUB 2,0
7663  3301        LDA 2,1,3
7664  0708        JMP @8,3
7665  C51B        SUBZ# 2,0,SNC
7666  0106        JMP 6,PC   ; -> 766C
7667  AD90        SUBZR 1,1
7668  2130        LDA 0,48,PC   ; -> 7698
7669  0C66        JSR @102
766A  AC90        ADCZR 1,1
766B  0107        JMP 7,PC   ; -> 7672
766C  C7C8        MUL
766D  820C        MOV# 0,0,SZR
766E  01F9        JMP -7,PC   ; -> 7667
766F  1303        ISZ 3,3
7670  1C20        DSZ @32
7671  01EE        JMP -18,PC   ; -> 765F
7672  1305        ISZ 5,3
7673  A900        NEG 1,1
7674  4FFD        STA 1,@-3,3
7675  AFC8        RTN
7676  B003        COM 1,2,SNC
7677  C51B        SUBZ# 2,0,SNC
7678  0109        JMP 9,PC   ; -> 7681
7679  8490        ADCZR 0,0
767A  AC00        ADC 1,1
767B  4306        STA 0,6,3
767C  4B07        STA 1,7,3
767D  AD90        SUBZR 1,1
767E  211A        LDA 0,26,PC   ; -> 7698
767F  0C66        JSR @102
7680  010C        JMP 12,PC   ; -> 768C
7681  2B07        LDA 1,7,3
7682  C7C8        MUL
7683  4B07        STA 1,7,3
7684  2B06        LDA 1,6,3
7685  C7C8        MUL
7686  4B06        STA 1,6,3
7687  820C        MOV# 0,0,SZR
7688  01F1        JMP -15,PC   ; -> 7679
7689  1303        ISZ 3,3
768A  1C20        DSZ @32
768B  01D4        JMP -44,PC   ; -> 765F
768C  2306        LDA 0,6,3
768D  2B07        LDA 1,7,3
768E  1305        ISZ 5,3
768F  0102        JMP 2,PC   ; -> 7691
7690  0104        JMP 4,PC   ; -> 7694
7691  A904        NEG 1,1,SZR
7692  8001        COM 0,0,SKP
7693  8100        NEG 0,0
7694  33FD        LDA 2,-3,3
7695  4200        STA 0,0,2
7696  4A01        STA 1,1,2
7697  AFC8        RTN
7698  B003        COM 1,2,SNC
7699  E7C8 0000   SAVE 0             ; frame
769B  9200        MOV 0,2
769C  291E        LDA 1,30,PC   ; -> 76BA
769D  EE60        ADDOL 3,1
769E  4A00        STA 1,0,2
769F  AD00        SUB 1,1
76A0  4A02        STA 1,2,2
76A1  27FD        LDA 0,@-3,3
76A2  4201        STA 0,1,2
76A3  9390        INCZR 0,2
76A4  F600        ADD 3,2
76A5  2822        LDA 1,34
76A6  CD1B        SUBZ# 2,1,SNC
76A7  0110        JMP 16,PC   ; -> 76B7
76A8  5020        STA 2,32
76A9  5021        STA 2,33
76AA  2B00        LDA 1,0,3
76AB  4A00        STA 1,0,2
76AC  2BFF        LDA 1,-1,3
76AD  4AFF        STA 1,-1,2
76AE  2BFE        LDA 1,-2,3
76AF  4AFE        STA 1,-2,2
76B0  2BFD        LDA 1,-3,3
76B1  4AFD        STA 1,-3,2
76B2  2BFC        LDA 1,-4,3
76B3  4AFC        STA 1,-4,2
76B4  2BFB        LDA 1,-5,3
76B5  4AFB        STA 1,-5,2
76B6  AFC8        RTN
76B7  AD90        SUBZR 1,1
76B8  2103        LDA 0,3,PC   ; -> 76BB
76B9  0C66        JSR @102
76BA  FFFB        ANDCS# 3,3,SNC
76BB  300A        LDA 2,10
76BC  5829        STA 3,41
76BD  86A0        ADDOR 0,0
76BE  3AFF        LDA 3,-1,2
76BF  FEA0        ADDOR 3,3
76C0  9D1B        SUBZ# 0,3,SNC
76C1  0105        JMP 5,PC   ; -> 76C6
76C2  3AFE        LDA 3,-2,2
76C3  FEA0        ADDOR 3,3
76C4  E512        SUBZ 3,0,SZC
76C5  9601        ADD 0,2,SKP
76C6  D401        ADC 2,2,SKP
76C7  3200        LDA 2,0,2
76C8  3821        LDA 3,33
76C9  0429        JMP @41
76CA  E7C8 0003   SAVE 3             ; frame
76CC  4301        STA 0,1,3
76CD  9200        MOV 0,2
76CE  AD01        SUB 1,1,SKP
76CF  AB00        INC 1,1
76D0  C5C8        LDB 2,0
76D1  D300        INC 2,2
76D2  820C        MOV# 0,0,SZR
76D3  01FC        JMP -4,PC   ; -> 76CF
76D4  4B03        STA 1,3,3
76D5  4B02        STA 1,2,3
76D6  23FD        LDA 0,-3,3
76D7  EB00        INC 3,1
76D8  0C5C        JSR @92
76D9  AFC8        RTN
76DA  E7C8 0004   SAVE 4             ; frame
76DC  B200        MOV 1,2
76DD  2201        LDA 0,1,2
76DE  2A02        LDA 1,2,2
76DF  3200        LDA 2,0,2
76E0  824B        MOVL# 0,0,SNC
76E1  0103        JMP 3,PC   ; -> 76E4
76E2  3200        LDA 2,0,2
76E3  9400        ADC 0,2
76E4  5302        STA 2,2,3
76E5  33FC        LDA 2,-4,3
76E6  2201        LDA 0,1,2
76E7  824B        MOVL# 0,0,SNC
76E8  0121        JMP 33,PC   ; -> 7709
76E9  2202        LDA 0,2,2
76EA  A51A        SUBZ# 1,0,SZC
76EB  0103        JMP 3,PC   ; -> 76EE
76EC  0101        JMP 1,PC   ; -> 76ED
76ED  8A00        MOV 0,1
76EE  2201        LDA 0,1,2
76EF  3200        LDA 2,0,2
76F0  8C00        ADC 0,1
76F1  3A02        LDA 3,2,2
76F2  BD1F        SUBZ# 1,3,SBN
76F3  4A02        STA 1,2,2
76F4  3200        LDA 2,0,2
76F5  DE00        ADD 2,3
76F6  CE00        ADD 2,1
76F7  9400        ADC 0,2
76F8  CD1F        SUBZ# 2,1,SBN
76F9  B200        MOV 1,2
76FA  CD00        SUB 2,1
76FB  E200        MOV 3,0
76FC  3821        LDA 3,33
76FD  951F        SUBZ# 0,2,SBN
76FE  0111        JMP 17,PC   ; -> 770F
76FF  4B01        STA 1,1,3
7700  CA00        MOV 2,1
7701  9200        MOV 0,2
7702  2137        LDA 0,55,PC   ; -> 7739
7703  C608        STB 2,0
7704  D300        INC 2,2
7705  CD1E        SUBZ# 2,1,SEZ
7706  01FD        JMP -3,PC   ; -> 7703
7707  2B01        LDA 1,1,3
7708  0107        JMP 7,PC   ; -> 770F
7709  A51A        SUBZ# 1,0,SZC
770A  0103        JMP 3,PC   ; -> 770D
770B  0101        JMP 1,PC   ; -> 770C
770C  8A00        MOV 0,1
770D  4A02        STA 1,2,2
770E  3200        LDA 2,0,2
770F  5303        STA 2,3,3
7710  A905        NEG 1,1,SNR
7711  AFC8        RTN
7712  A89D        COMZR# 1,1,SNR
7713  011D        JMP 29,PC   ; -> 7730
7714  D29B        MOVZR# 2,2,SNC
7715  0108        JMP 8,PC   ; -> 771D
7716  3302        LDA 2,2,3
7717  C5C8        LDB 2,0
7718  1302        ISZ 2,3
7719  3303        LDA 2,3,3
771A  C608        STB 2,0
771B  1303        ISZ 3,3
771C  AB00        INC 1,1
771D  3302        LDA 2,2,3
771E  D29A        MOVZR# 2,2,SZC
771F  0111        JMP 17,PC   ; -> 7730
7720  A990        NEGZR 1,1
7721  8570        SUBCL 0,0
7722  4304        STA 0,4,3
7723  D290        MOVZR 2,2
7724  3B03        LDA 3,3,3
7725  FA90        MOVZR 3,3
7726  B7C8        BLM
7727  2420        LDA 0,@32
7728  820D        MOV# 0,0,SNR
7729  AFC8        RTN
772A  D250        MOVZL 2,2
772B  EA50        MOVZL 3,1
772C  C5C8        LDB 2,0
772D  B200        MOV 1,2
772E  C608        STB 2,0
772F  AFC8        RTN
7730  3302        LDA 2,2,3
7731  C5C8        LDB 2,0
7732  1302        ISZ 2,3
7733  3303        LDA 2,3,3
7734  C608        STB 2,0
7735  1303        ISZ 3,3
7736  AB04        INC 1,1,SZR
7737  01F9        JMP -7,PC   ; -> 7730
7738  AFC8        RTN
7739  0020        JMP 32
773A  E7C8 0000   SAVE 0             ; frame
773C  27FB        LDA 0,@-5,3
773D  DD8B        SUBR# 2,3,SNC
773E  0106        JMP 6,PC   ; -> 7744
773F  2FFA        LDA 1,@-6,3
7740  A51E        SUBZ# 1,0,SEZ
7741  8A01        MOV 0,1,SKP
7742  AB00        INC 1,1
7743  0102        JMP 2,PC   ; -> 7745
7744  8B00        INC 0,1
7745  33FC        LDA 2,-4,3
7746  2201        LDA 0,1,2
7747  824A        MOVL# 0,0,SZC
7748  2202        LDA 0,2,2
7749  37FB        LDA 2,@-5,3
774A  D20C        MOV# 2,2,SZR
774B  C51B        SUBZ# 2,0,SNC
774C  0105        JMP 5,PC   ; -> 7751
774D  8300        INC 0,0
774E  A51A        SUBZ# 1,0,SZC
774F  0105        JMP 5,PC   ; -> 7754
7750  0102        JMP 2,PC   ; -> 7752
7751  9200        MOV 0,2
7752  8A00        MOV 0,1
7753  0101        JMP 1,PC   ; -> 7754
7754  CD00        SUB 2,1
7755  C200        MOV 2,0
7756  33FD        LDA 2,-3,3
7757  3BFC        LDA 3,-4,3
7758  4A02        STA 1,2,2
7759  2B01        LDA 1,1,3
775A  AA4B        MOVL# 1,1,SNC
775B  0103        JMP 3,PC   ; -> 775E
775C  A400        ADC 1,0
775D  3B00        LDA 3,0,3
775E  5A00        STA 3,0,2
775F  8100        NEG 0,0
7760  4201        STA 0,1,2
7761  AFC8        RTN
7762  E7C8 0000   SAVE 0             ; frame
7764  9200        MOV 0,2
7765  2921        LDA 1,33,PC   ; -> 7786
7766  EE00        ADD 3,1
7767  4A00        STA 1,0,2
7768  AD00        SUB 1,1
7769  4A02        STA 1,2,2
776A  27FD        LDA 0,@-3,3
776B  4201        STA 0,1,2
776C  9390        INCZR 0,2
776D  D390        INCZR 2,2
776E  D390        INCZR 2,2
776F  D390        INCZR 2,2
7770  F600        ADD 3,2
7771  2822        LDA 1,34
7772  CD1B        SUBZ# 2,1,SNC
7773  0110        JMP 16,PC   ; -> 7783
7774  5020        STA 2,32
7775  5021        STA 2,33
7776  2B00        LDA 1,0,3
7777  4A00        STA 1,0,2
7778  2BFF        LDA 1,-1,3
7779  4AFF        STA 1,-1,2
777A  2BFE        LDA 1,-2,3
777B  4AFE        STA 1,-2,2
777C  2BFD        LDA 1,-3,3
777D  4AFD        STA 1,-3,2
777E  2BFC        LDA 1,-4,3
777F  4AFC        STA 1,-4,2
7780  2BFB        LDA 1,-5,3
7781  4AFB        STA 1,-5,2
7782  AFC8        RTN
7783  AD90        SUBZR 1,1
7784  2103        LDA 0,3,PC   ; -> 7787
7785  0C66        JSR @102
7786  FFFB        ANDCS# 3,3,SNC
7787  300A        LDA 2,10
7788  E7C8 0003   SAVE 3             ; frame
778A  9200        MOV 0,2
778B  2201        LDA 0,1,2
778C  824A        MOVL# 0,0,SZC
778D  0107        JMP 7,PC   ; -> 7794
778E  5301        STA 2,1,3
778F  2201        LDA 0,1,2
7790  4303        STA 0,3,3
7791  8400        ADC 0,0
7792  4302        STA 0,2,3
7793  E301        INC 3,0,SKP
7794  C200        MOV 2,0
7795  0C60        JSR @96
7796  AFC8        RTN
7797  E7C8 0005   SAVE 5             ; frame
7799  B220        MOVO 1,2
779A  0104        JMP 4,PC   ; -> 779E
779B  E7C8 0005   SAVE 5             ; frame
779D  B210        MOVZ 1,2
779E  2201        LDA 0,1,2
779F  2A02        LDA 1,2,2
77A0  3200        LDA 2,0,2
77A1  824B        MOVL# 0,0,SNC
77A2  0103        JMP 3,PC   ; -> 77A5
77A3  3200        LDA 2,0,2
77A4  8001        COM 0,0,SKP
77A5  8530        SUBC 0,0
77A6  4B01        STA 1,1,3
77A7  820A        MOV# 0,0,SZC
77A8  AA9D        MOVZR# 1,1,SNR
77A9  0111        JMP 17,PC   ; -> 77BA
77AA  C488        SZB 2,0
77AB  8221        MOVO 0,0,SKP
77AC  8210        MOVZ 0,0
77AD  1B01        DSZ 1,3
77AE  821A        MOVZ# 0,0,SZC
77AF  0109        JMP 9,PC   ; -> 77B8
77B0  8300        INC 0,0
77B1  C5F8        SNB 2,0
77B2  AD31        SUBC 1,1,SKP
77B3  AC03        ADC 1,1,SNC
77B4  AA8C        MOVR# 1,1,SZR
77B5  AA0E        MOV# 1,1,SEZ
77B6  01F7        JMP -9,PC   ; -> 77AD
77B7  8048        SBI 0,0
77B8  1301        ISZ 1,3
77B9  2B01        LDA 1,1,3
77BA  4303        STA 0,3,3
77BB  5302        STA 2,2,3
77BC  33FC        LDA 2,-4,3
77BD  2201        LDA 0,1,2
77BE  824A        MOVL# 0,0,SZC
77BF  2202        LDA 0,2,2
77C0  A512        SUBZ 1,0,SZC
77C1  0107        JMP 7,PC   ; -> 77C8
77C2  0101        JMP 1,PC   ; -> 77C3
77C3  8E00        ADD 0,1
77C4  4B01        STA 1,1,3
77C5  2B03        LDA 1,3,3
77C6  8D00        SUB 0,1
77C7  4B03        STA 1,3,3
77C8  3302        LDA 2,2,3
77C9  2303        LDA 0,3,3
77CA  8A05        MOV 0,1,SNR
77CB  0107        JMP 7,PC   ; -> 77D2
77CC  8348        HXR 0,0
77CD  9600        ADD 0,2
77CE  2114        LDA 0,20,PC   ; -> 77E2
77CF  A700        AND 1,0
77D0  5302        STA 2,2,3
77D1  4303        STA 0,3,3
77D2  33FC        LDA 2,-4,3
77D3  2201        LDA 0,1,2
77D4  824B        MOVL# 0,0,SNC
77D5  0135        JMP 53,PC   ; -> 780A
77D6  2A02        LDA 1,2,2
77D7  3200        LDA 2,0,2
77D8  8C00        ADC 0,1
77D9  3A02        LDA 3,2,2
77DA  BD1B        SUBZ# 1,3,SNC
77DB  4A02        STA 1,2,2
77DC  3200        LDA 2,0,2
77DD  8000        COM 0,0
77DE  8D1B        SUBZ# 0,1,SNC
77DF  A200        MOV 1,0
77E0  8D00        SUB 0,1
77E1  0108        JMP 8,PC   ; -> 77E9
77E2  000F        JMP 15
77E3  AE48        PSH 1,1
77E4  EA00        MOV 3,1
77E5  CC48        BTZ 2,1
77E6  BA00        MOV 1,3
77E7  AE88        POP 1,1
77E8  FB00        INC 3,3
77E9  E51E        SUBZ# 3,0,SEZ
77EA  01F9        JMP -7,PC   ; -> 77E3
77EB  3821        LDA 3,33
77EC  3B01        LDA 3,1,3
77ED  ED17        SUBZ 3,1,SBN
77EE  0114        JMP 20,PC   ; -> 7802
77EF  8E00        ADD 0,1
77F0  FA15        MOVZ 3,3,SNR
77F1  0109        JMP 9,PC   ; -> 77FA
77F2  B648        PSH 1,2
77F3  3821        LDA 3,33
77F4  3302        LDA 2,2,3
77F5  2B03        LDA 1,3,3
77F6  CC88        SZB 2,1
77F7  8221        MOVO 0,0,SKP
77F8  8210        MOVZ 0,0
77F9  CE88        POP 2,1
77FA  820A        MOV# 0,0,SZC
77FB  0103        JMP 3,PC   ; -> 77FE
77FC  C448        BTZ 2,0
77FD  0102        JMP 2,PC   ; -> 77FF
77FE  C408        BTO 2,0
77FF  8300        INC 0,0
7800  8D1E        SUBZ# 0,1,SEZ
7801  01F9        JMP -7,PC   ; -> 77FA
7802  3821        LDA 3,33
7803  8A05        MOV 0,1,SNR
7804  010A        JMP 10,PC   ; -> 780E
7805  8348        HXR 0,0
7806  9600        ADD 0,2
7807  21DB        LDA 0,-37,PC   ; -> 77E2
7808  A700        AND 1,0
7809  0105        JMP 5,PC   ; -> 780E
780A  2B01        LDA 1,1,3
780B  4A02        STA 1,2,2
780C  3200        LDA 2,0,2
780D  8500        SUB 0,0
780E  4305        STA 0,5,3
780F  5304        STA 2,4,3
7810  2B01        LDA 1,1,3
7811  AA0D        MOV# 1,1,SNR
7812  AFC8        RTN
7813  3303        LDA 2,3,3
7814  D20D        MOV# 2,2,SNR
7815  820C        MOV# 0,0,SZR
7816  0110        JMP 16,PC   ; -> 7826
7817  8B48        HXR 0,1
7818  AA0D        MOV# 1,1,SNR
7819  010D        JMP 13,PC   ; -> 7826
781A  3302        LDA 2,2,3
781B  3B04        LDA 3,4,3
781C  B7C8        BLM
781D  EA00        MOV 3,1
781E  3821        LDA 3,33
781F  5302        STA 2,2,3
7820  4B04        STA 1,4,3
7821  2B01        LDA 1,1,3
7822  21C0        LDA 0,-64,PC   ; -> 77E2
7823  8F05        AND 0,1,SNR
7824  AFC8        RTN
7825  4B01        STA 1,1,3
7826  3302        LDA 2,2,3
7827  2B03        LDA 1,3,3
7828  CC88        SZB 2,1
7829  8221        MOVO 0,0,SKP
782A  8210        MOVZ 0,0
782B  1303        ISZ 3,3
782C  3304        LDA 2,4,3
782D  2B05        LDA 1,5,3
782E  820A        MOV# 0,0,SZC
782F  0103        JMP 3,PC   ; -> 7832
7830  CC48        BTZ 2,1
7831  0102        JMP 2,PC   ; -> 7833
7832  CC08        BTO 2,1
7833  1305        ISZ 5,3
7834  1B01        DSZ 1,3
7835  01F1        JMP -15,PC   ; -> 7826
7836  AFC8        RTN
7837  5829        STA 3,41
7838  3820        LDA 3,32
7839  FE48        PSH 3,3
783A  3821        LDA 3,33
783B  0429        JMP @41
783C  5829        STA 3,41
783D  3C20        LDA 3,@32
783E  5820        STA 3,32
783F  3821        LDA 3,33
7840  0429        JMP @41
7841  F200        MOV 3,2
7842  3821        LDA 3,33
7843  5301        STA 2,1,3
7844  9200        MOV 0,2
7845  2202        LDA 0,2,2
7846  4304        STA 0,4,3
7847  2201        LDA 0,1,2
7848  3200        LDA 2,0,2
7849  824B        MOVL# 0,0,SNC
784A  0103        JMP 3,PC   ; -> 784D
784B  3200        LDA 2,0,2
784C  9400        ADC 0,2
784D  5302        STA 2,2,3
784E  B200        MOV 1,2
784F  2A02        LDA 1,2,2
7850  2201        LDA 0,1,2
7851  3200        LDA 2,0,2
7852  824B        MOVL# 0,0,SNC
7853  0103        JMP 3,PC   ; -> 7856
7854  3200        LDA 2,0,2
7855  9400        ADC 0,2
7856  5303        STA 2,3,3
7857  3304        LDA 2,4,3
7858  8500        SUB 0,0
7859  CD0D        SUB# 2,1,SNR
785A  0105        JMP 5,PC   ; -> 785F
785B  B51A        SUBZ# 1,2,SZC
785C  8551        SUBZL 0,0,SKP
785D  8401        ADC 0,0,SKP
785E  B200        MOV 1,2
785F  D20D        MOV# 2,2,SNR
7860  0701        JMP @1,3
7861  5304        STA 2,4,3
7862  4305        STA 0,5,3
7863  3302        LDA 2,2,3
7864  C5C8        LDB 2,0
7865  8A00        MOV 0,1
7866  3303        LDA 2,3,3
7867  C5C8        LDB 2,0
7868  8D0C        SUB# 0,1,SZR
7869  0107        JMP 7,PC   ; -> 7870
786A  1302        ISZ 2,3
786B  1303        ISZ 3,3
786C  1B04        DSZ 4,3
786D  01F6        JMP -10,PC   ; -> 7863
786E  2305        LDA 0,5,3
786F  0701        JMP @1,3
7870  8D1F        SUBZ# 0,1,SBN
7871  8401        ADC 0,0,SKP
7872  8550        SUBZL 0,0
7873  0701        JMP @1,3
7874  E200        MOV 3,0
7875  3821        LDA 3,33
7876  4305        STA 0,5,3
7877  2020        LDA 0,32
7878  4301        STA 0,1,3
7879  8530        SUBC 0,0
787A  4304        STA 0,4,3
787B  4306        STA 0,6,3
787C  5303        STA 2,3,3
787D  B200        MOV 1,2
787E  2A00        LDA 1,0,2
787F  8203        MOV 0,0,SNC
7880  AA4B        MOVL# 1,1,SNC
7881  0104        JMP 4,PC   ; -> 7885
7882  1306        ISZ 6,3
7883  A901        NEG 1,1,SKP
7884  8500        SUB 0,0
7885  3303        LDA 2,3,3
7886  D7C8        DIV
7887  3112        LDA 2,18,PC   ; -> 7899
7888  C610        ADDZ 2,0
7889  1B01        DSZ 1,3
788A  4701        STA 0,@1,3
788B  1B04        DSZ 4,3
788C  AA34        MOVC 1,1,SZR
788D  01F7        JMP -9,PC   ; -> 7884
788E  1B06        DSZ 6,3
788F  0103        JMP 3,PC   ; -> 7892
7890  210A        LDA 0,10,PC   ; -> 789A
7891  01F8        JMP -8,PC   ; -> 7889
7892  2B04        LDA 1,4,3
7893  A000        COM 1,0
7894  D544        SUBL 2,2,SZR
7895  C500        SUB 2,0
7896  4302        STA 0,2,3
7897  3301        LDA 2,1,3
7898  0705        JMP @5,3
7899  0030        JMP 48
789A  002D        JMP 45
789B  AE48        PSH 1,1
789C  FE48        PSH 3,3
789D  3948        LDA 3,72,PC   ; -> 78E5
789E  9D0D        SUB# 0,3,SNR
789F  2147        LDA 0,71,PC   ; -> 78E6
78A0  3828        LDA 3,40
78A1  4303        STA 0,3,3
78A2  5304        STA 2,4,3
78A3  3420        LDA 2,@32
78A4  5306        STA 2,6,3
78A5  3421        LDA 2,@33
78A6  D250        MOVZL 2,2
78A7  D290        MOVZR 2,2
78A8  5305        STA 2,5,3
78A9  AE48        PSH 1,1
78AA  313D        LDA 2,61,PC   ; -> 78E7
78AB  9700        AND 0,2
78AC  293C        LDA 1,60,PC   ; -> 78E8
78AD  CD0D        SUB# 2,1,SNR
78AE  0103        JMP 3,PC   ; -> 78B1
78AF  AD00        SUB 1,1
78B0  4B04        STA 1,4,3
78B1  3138        LDA 2,56,PC   ; -> 78E9
78B2  951F        SUBZ# 0,2,SBN
78B3  012D        JMP 45,PC   ; -> 78E0
78B4  3821        LDA 3,33
78B5  2C20        LDA 1,@32
78B6  AA4B        MOVL# 1,1,SNC
78B7  0104        JMP 4,PC   ; -> 78BB
78B8  A89C        COMZR# 1,1,SZR
78B9  0116        JMP 22,PC   ; -> 78CF
78BA  A800        COM 1,1
78BB  33FE        LDA 2,-2,3
78BC  AA0C        MOV# 1,1,SZR
78BD  0104        JMP 4,PC   ; -> 78C1
78BE  DD8B        SUBR# 2,3,SNC
78BF  012C        JMP 44,PC   ; -> 78EB
78C0  010B        JMP 11,PC   ; -> 78CB
78C1  AA9C        MOVZR# 1,1,SZR
78C2  0104        JMP 4,PC   ; -> 78C6
78C3  DD8A        SUBR# 2,3,SZC
78C4  0127        JMP 39,PC   ; -> 78EB
78C5  0106        JMP 6,PC   ; -> 78CB
78C6  2124        LDA 0,36,PC   ; -> 78EA
78C7  9E00        ADD 0,3
78C8  DD00        SUB 2,3
78C9  BD0C        SUB# 1,3,SZR
78CA  0121        JMP 33,PC   ; -> 78EB
78CB  2201        LDA 0,1,2
78CC  800D        COM# 0,0,SNR
78CD  011E        JMP 30,PC   ; -> 78EB
78CE  0469        JMP @105
78CF  AA5D        MOVZL# 1,1,SNR
78D0  011B        JMP 27,PC   ; -> 78EB
78D1  23FC        LDA 0,-4,3
78D2  AB05        INC 1,1,SNR
78D3  01F9        JMP -7,PC   ; -> 78CC
78D4  23FD        LDA 0,-3,3
78D5  AB05        INC 1,1,SNR
78D6  01F6        JMP -10,PC   ; -> 78CC
78D7  AB0D        INC# 1,1,SNR
78D8  010A        JMP 10,PC   ; -> 78E2
78D9  B900        NEG 1,3
78DA  FB00        INC 3,3
78DB  E300        INC 3,0
78DC  2B01        LDA 1,1,3
78DD  A80D        COM# 1,1,SNR
78DE  010D        JMP 13,PC   ; -> 78EB
78DF  0469        JMP @105
78E0  0C68        JSR @104
78E1  0467        JMP @103
78E2  3828        LDA 3,40
78E3  2303        LDA 0,3,3
78E4  0107        JMP 7,PC   ; -> 78EB
78E5  0018        JMP 24
78E6  8018        ?ECL 8018          <<< unknown extended
78E7  3000        LDA 2,0
78E8  2000        LDA 0,0
78E9  C000        COM 2,0
78EA  FFFB        ANDCS# 3,3,SNC
78EB  3828        LDA 3,40
78EC  3303        LDA 2,3,3
78ED  5420        STA 2,@32
78EE  2132        LDA 0,50,PC   ; -> 7920
78EF  D253        MOVZL 2,2,SNC
78F0  8650        ADDZL 0,0
78F1  D252        MOVZL 2,2,SZC
78F2  8290        MOVZR 0,0
78F3  292E        LDA 1,46,PC   ; -> 7921
78F4  D253        MOVZL 2,2,SNC
78F5  AE50        ADDZL 1,1
78F6  D253        MOVZL 2,2,SNC
78F7  AA50        MOVZL 1,1
78F8  A600        ADD 1,0
78F9  3302        LDA 2,2,3
78FA  D00D        COM# 2,2,SNR
78FB  0111        JMP 17,PC   ; -> 790C
78FC  2A01        LDA 1,1,2
78FD  8F00        AND 0,1
78FE  8D0C        SUB# 0,1,SZR
78FF  010B        JMP 11,PC   ; -> 790A
7900  2A01        LDA 1,1,2
7901  3921        LDA 3,33,PC   ; -> 7922
7902  EF00        AND 3,1
7903  BD0D        SUB# 1,3,SNR
7904  010A        JMP 10,PC   ; -> 790E
7905  3C20        LDA 3,@32
7906  BD00        SUB 1,3
7907  291B        LDA 1,27,PC   ; -> 7922
7908  BF0D        AND# 1,3,SNR
7909  0105        JMP 5,PC   ; -> 790E
790A  3200        LDA 2,0,2
790B  01EF        JMP -17,PC   ; -> 78FA
790C  0C68        JSR @104
790D  0109        JMP 9,PC   ; -> 7916
790E  2A01        LDA 1,1,2
790F  AA5B        MOVZL# 1,1,SNC
7910  0104        JMP 4,PC   ; -> 7914
7911  D648        PSH 2,2
7912  0C68        JSR @104
7913  D688        POP 2,2
7914  0E02        JSR @2,2
7915  5020        STA 2,32
7916  8688        POP 0,0
7917  825B        MOVZL# 0,0,SNC
7918  0105        JMP 5,PC   ; -> 791D
7919  3821        LDA 3,33
791A  D688        POP 2,2
791B  AE88        POP 1,1
791C  0200        JMP 0,2
791D  865A        ADDZL# 0,0,SZC
791E  0467        JMP @103
791F  0467        JMP @103
7920  1000        ISZ 0
7921  0100        JMP 0,PC   ; -> 7921
7922  00FF        JMP 255
7923  311E        LDA 2,30,PC   ; -> 7941
7924  C700        AND 2,0
7925  302C        LDA 2,44
7926  5020        STA 2,32
7927  F7F8 0014   ADDI 0014,2
7929  5022        STA 2,34
792A  AC38 022D   ELDA 1,022D   ; = 557
792C  AA0D        MOV# 1,1,SNR
792D  0107        JMP 7,PC   ; -> 7934
792E  8A00        MOV 0,1
792F  8400        ADC 0,0
7930  D400        ADC 2,2
7931  0C0F        JSR @15
7932  0063        JMP 99
7933  A200        MOV 1,0
7934  310E        LDA 2,14,PC   ; -> 7942
7935  290E        LDA 1,14,PC   ; -> 7943
7936  A50D        SUB# 1,0,SNR
7937  0104        JMP 4,PC   ; -> 793B
7938  0C0F        JSR @15
7939  00C8        JMP 200
793A  0100        JMP 0,PC   ; -> 793A
793B  8C38 6E84   EJSR 6E84   ; [6E84] = 10284
793D  FE48        PSH 3,3
793E  0101        JMP 1,PC   ; -> 793F
793F  FE88        POP 3,3
7940  0300        JMP 0,3
7941  3FFF        LDA 3,@-1,3
7942  D000        COM 2,2
7943  2000        LDA 0,0
7944  5829        STA 3,41
7945  3821        LDA 3,33
7946  3028        LDA 2,40
7947  2203        LDA 0,3,2
7948  800D        COM# 0,0,SNR
7949  0429        JMP @41
794A  2204        LDA 0,4,2
794B  800D        COM# 0,0,SNR
794C  0429        JMP @41
794D  0C6A        JSR @106
794E  8400        ADC 0,0
794F  0C6B        JSR @107
7950  AC38 010A   ELDA 1,010A   ; = 266
7952  AA9D        MOVZR# 1,1,SNR
7953  010D        JMP 13,PC   ; -> 7960
7954  0904        JSR 4,PC   ; -> 7958
7955  5449        STA 2,@73
7956  4420        STA 0,@32
7957  0000        JMP 0
7958  E200        MOV 3,0
7959  0C6B        JSR @107
795A  0C0F        JSR @15
795B  0151        JMP 81,PC   ; -> 79AC
795C  0101        JMP 1,PC   ; -> 795D
795D  8A00        MOV 0,1
795E  8500        SUB 0,0
795F  0C6B        JSR @107
7960  2303        LDA 0,3,3
7961  825A        MOVZL# 0,0,SZC
7962  0115        JMP 21,PC   ; -> 7977
7963  865A        ADDZL# 0,0,SZC
7964  010B        JMP 11,PC   ; -> 796F
7965  0924        JSR 36,PC   ; -> 7989
7966  4641        STA 0,@65,2
7967  5441        STA 2,@65
7968  4C20        STA 1,@32
7969  544F        STA 2,@79
796A  2050        LDA 0,80
796B  524F        STA 2,79,2
796C  4345        STA 0,69,3
796D  5353        STA 2,83,3
796E  0000        JMP 0
796F  091A        JSR 26,PC   ; -> 7989
7970  4641        STA 0,@65,2
7971  5441        STA 2,@65
7972  4C20        STA 1,@32
7973  544F        STA 2,@79
7974  2054        LDA 0,84
7975  4153        STA 0,83,PC   ; -> 79C8
7976  4B00        STA 1,0,3
7977  865A        ADDZL# 0,0,SZC
7978  0107        JMP 7,PC   ; -> 797F
7979  0910        JSR 16,PC   ; -> 7989
797A  4E4F        STA 1,@79,2
797B  4E2D        STA 1,@45,2
797C  4641        STA 0,@65,2
797D  5441        STA 2,@65
797E  4C00        STA 1,@0
797F  090A        JSR 10,PC   ; -> 7989
7980  4142        STA 0,66,PC   ; -> 79C2
7981  534F        STA 2,79,3
7982  4C55        STA 1,@85
7983  5445        STA 2,@69
7984  4C59        STA 1,@89
7985  2046        LDA 0,70
7986  4154        STA 0,84,PC   ; -> 79DA
7987  414C        STA 0,76,PC   ; -> 79D3
7988  0000        JMP 0
7989  E200        MOV 3,0
798A  0C6B        JSR @107
798B  0905        JSR 5,PC   ; -> 7990
798C  2045        LDA 0,69
798D  5252        STA 2,82,2
798E  4F52        STA 1,@82,3
798F  2000        LDA 0,0
7990  E200        MOV 3,0
7991  0C6B        JSR @107
7992  2B03        LDA 1,3,3
7993  310C        LDA 2,12,PC   ; -> 799F
7994  CF00        AND 2,1
7995  0C6B        JSR @107
7996  2B03        LDA 1,3,3
7997  3109        LDA 2,9,PC   ; -> 79A0
7998  B700        AND 1,2
7999  2908        LDA 1,8,PC   ; -> 79A1
799A  B50C        SUB# 1,2,SZR
799B  0107        JMP 7,PC   ; -> 79A2
799C  2304        LDA 0,4,3
799D  0C6B        JSR @107
799E  0124        JMP 36,PC   ; -> 79C2
799F  3FFF        LDA 3,@-1,3
79A0  3000        LDA 2,0
79A1  2000        LDA 0,0
79A2  2B03        LDA 1,3,3
79A3  21FC        LDA 0,-4,PC   ; -> 799F
79A4  8F00        AND 0,1
79A5  0946        JSR 70,PC   ; -> 79EB
79A6  2300        LDA 0,0,3
79A7  800D        COM# 0,0,SNR
79A8  0105        JMP 5,PC   ; -> 79AD
79A9  8D0D        SUB# 0,1,SNR
79AA  0115        JMP 21,PC   ; -> 79BF
79AB  B808        ADI 1,3
79AC  01FA        JMP -6,PC   ; -> 79A6
79AD  482A        STA 1,42
79AE  293B        LDA 1,59,PC   ; -> 79E9
79AF  0C6C        JSR @108
79B0  010D        JMP 13,PC   ; -> 79BD
79B1  2139        LDA 0,57,PC   ; -> 79EA
79B2  AA50        MOVZL 1,1
79B3  8EC0        ADDS 0,1
79B4  202A        LDA 0,42
79B5  D250        MOVZL 2,2
79B6  0C0F        JSR @15
79B7  00C9        JMP 201
79B8  0103        JMP 3,PC   ; -> 79BB
79B9  C290        MOVZR 2,0
79BA  0C6B        JSR @107
79BB  CA90        MOVZR 2,1
79BC  0C6D        JSR @109
79BD  282A        LDA 1,42
79BE  0104        JMP 4,PC   ; -> 79C2
79BF  2301        LDA 0,1,3
79C0  E600        ADD 3,0
79C1  0C6B        JSR @107
79C2  8400        ADC 0,0
79C3  0C6B        JSR @107
79C4  090A        JSR 10,PC   ; -> 79CE
79C5  2020        LDA 0,32
79C6  5245        STA 2,69,2
79C7  504F        STA 2,79
79C8  5254        STA 2,84,2
79C9  4544        STA 0,@68,PC   ; -> 7A0D
79CA  2046        LDA 0,70
79CB  524F        STA 2,79,2
79CC  4D20        STA 1,@32,PC   ; -> 79EC
79CD  0000        JMP 0
79CE  E200        MOV 3,0
79CF  0C6B        JSR @107
79D0  2B06        LDA 1,6,3
79D1  0C6B        JSR @107
79D2  090C        JSR 12,PC   ; -> 79DE
79D3  524F        STA 2,79,2
79D4  5554        STA 2,@84,PC   ; -> 7A28
79D5  494E        STA 1,78,PC   ; -> 7A23
79D6  4520        STA 0,@32,PC   ; -> 79F6
79D7  4341        STA 0,65,3
79D8  4C4C        STA 1,@76
79D9  4544        STA 0,@68,PC   ; -> 7A1D
79DA  2046        LDA 0,70
79DB  524F        STA 2,79,2
79DC  4D20        STA 1,@32,PC   ; -> 79FC
79DD  0000        JMP 0
79DE  E200        MOV 3,0
79DF  0C6B        JSR @107
79E0  2B05        LDA 1,5,3
79E1  0C6B        JSR @107
79E2  8400        ADC 0,0
79E3  0C6B        JSR @107
79E4  AC00        ADC 1,1
79E5  4B04        STA 1,4,3
79E6  0C6A        JSR @106
79E7  3821        LDA 3,33
79E8  0429        JMP @41
79E9  001E        JMP 30
79EA  FF00        AND 3,3
79EB  0B00        JSR 0,3
79EC  3001        LDA 2,1
79ED  0037        JMP 55
79EE  3002        LDA 2,2
79EF  0041        JMP 65
79F0  3003        LDA 2,3
79F1  004B        JMP 75
79F2  3004        LDA 2,4
79F3  0056        JMP 86
79F4  3005        LDA 2,5
79F5  0060        JMP 96
79F6  0018        JMP 24
79F7  0069        JMP 105
79F8  3006        LDA 2,6
79F9  006D        JMP 109
79FA  3007        LDA 2,7
79FB  0078        JMP 120
79FC  3008        LDA 2,8
79FD  0083        JMP 131
79FE  3009        LDA 2,9
79FF  008C        JMP 140
7A00  300A        LDA 2,10
7A01  0094        JMP 148
7A02  300B        LDA 2,11
7A03  009A        JMP 154
7A04  300C        LDA 2,12
7A05  00A5        JMP 165
7A06  300D        LDA 2,13
7A07  00AF        JMP 175
7A08  3010        LDA 2,16
7A09  00B8        JMP 184
7A0A  3011        LDA 2,17
7A0B  00C3        JMP 195
7A0C  3012        LDA 2,18
7A0D  00CE        JMP 206
7A0E  3013        LDA 2,19
7A0F  00DB        JMP 219
7A10  3014        LDA 2,20
7A11  00EA        JMP 234
7A12  3015        LDA 2,21
7A13  00F3        JMP 243
7A14  3016        LDA 2,22
7A15  00FA        JMP 250
7A16  3128        LDA 2,40,PC   ; -> 7A3E
7A17  0105        JMP 5,PC   ; -> 7A1C
7A18  3228        LDA 2,40,2
7A19  010E        JMP 14,PC   ; -> 7A27
7A1A  3428        LDA 2,@40
7A1B  0113        JMP 19,PC   ; -> 7A2E
7A1C  3828        LDA 3,40
7A1D  0118        JMP 24,PC   ; -> 7A35
7A1E  3030        LDA 2,48
7A1F  011E        JMP 30,PC   ; -> 7A3D
7A20  3038        LDA 2,56
7A21  012A        JMP 42,PC   ; -> 7A4B
7A22  FFFF        ANDCS# 3,3,SBN
7A23  494E        STA 1,78,PC   ; -> 7A71
7A24  5641        STA 2,@65,2
7A25  4C49        STA 1,@73
7A26  4420        STA 0,@32
7A27  504F        STA 2,79
7A28  494E        STA 1,78,PC   ; -> 7A76
7A29  5445        STA 2,@69
7A2A  5220        STA 2,32,2
7A2B  4F52        STA 1,@82,3
7A2C  2043        LDA 0,67
7A2D  4F52        STA 1,@82,3
7A2E  4500        STA 0,@0,PC   ; -> 7A2E
7A2F  5355        STA 2,85,3
7A30  4253        STA 0,83,2
7A31  4352        STA 0,82,3
7A32  4950        STA 1,80,PC   ; -> 7A82
7A33  5420        STA 2,@32
7A34  4F55        STA 1,@85,3
7A35  5420        STA 2,@32
7A36  4F46        STA 1,@70,3
7A37  2042        LDA 0,66
7A38  4F55        STA 1,@85,3
7A39  4E44        STA 1,@68,2
7A3A  5300        STA 2,0,3
7A3B  494C        STA 1,76,PC   ; -> 7A87
7A3C  4C45        STA 1,@69
7A3D  4741        STA 0,@65,3
7A3E  4C20        STA 1,@32
7A3F  4E55        STA 1,@85,2
7A40  4D42        STA 1,@66,PC   ; -> 7A82
7A41  4552        STA 0,@82,PC   ; -> 7A93
7A42  2043        LDA 0,67
7A43  4F4E        STA 1,@78,3
7A44  5645        STA 2,@69,2
7A45  5253        STA 2,83,2
7A46  494F        STA 1,79,PC   ; -> 7A95
7A47  4E00        STA 1,@0,2
7A48  4E4F        STA 1,@79,2
7A49  2046        LDA 0,70
7A4A  4F52        STA 1,@82,3
7A4B  4D41        STA 1,@65,PC   ; -> 7A8C
7A4C  5420        STA 2,@32
7A4D  4F55        STA 1,@85,3
7A4E  5450        STA 2,@80
7A4F  5554        STA 2,@84,PC   ; -> 7AA3
7A50  2046        LDA 0,70
7A51  4945        STA 1,69,PC   ; -> 7A96
7A52  4C44        STA 1,@68
7A53  0000        JMP 0
7A54  5345        STA 2,69,3
7A55  5443        STA 2,@67
7A56  5552        STA 2,@82,PC   ; -> 7AA8
7A57  5245        STA 2,69,2
7A58  4E54        STA 1,@84,2
7A59  2054        LDA 0,84
7A5A  4F4F        STA 1,@79,3
7A5B  204C        LDA 0,76
7A5C  4152        STA 0,82,PC   ; -> 7AAE
7A5D  4745        STA 0,@69,3
7A5E  0000        JMP 0
7A5F  454E        STA 0,@78,PC   ; -> 7AAD
7A60  4420        STA 0,@32
7A61  4F46        STA 1,@70,3
7A62  2046        LDA 0,70
7A63  494C        STA 1,76,PC   ; -> 7AAF
7A64  4500        STA 0,@0,PC   ; -> 7A64
7A65  554E        STA 2,@78,PC   ; -> 7AB3
7A66  414C        STA 0,76,PC   ; -> 7AB2
7A67  4947        STA 1,71,PC   ; -> 7AAE
7A68  4E45        STA 1,@69,2
7A69  4420        STA 0,@32
7A6A  5354        STA 2,84,3
7A6B  5249        STA 2,73,2
7A6C  4E47        STA 1,@71,2
7A6D  2041        LDA 0,65
7A6E  4444        STA 0,@68
7A6F  5245        STA 2,69,2
7A70  5353        STA 2,83,3
7A71  0000        JMP 0
7A72  494E        STA 1,78,PC   ; -> 7AC0
7A73  5641        STA 2,@65,2
7A74  4C49        STA 1,@73
7A75  4420        STA 0,@32
7A76  4E4F        STA 1,@79,2
7A77  4445        STA 0,@69
7A78  2053        LDA 0,83
7A79  495A        STA 1,90,PC   ; -> 7AD3
7A7A  4520        STA 0,@32,PC   ; -> 7A9A
7A7B  283D        LDA 1,61
7A7C  3C20        LDA 3,@32
7A7D  3029        LDA 2,41
7A7E  0000        JMP 0
7A7F  4255        STA 0,85,2
7A80  4646        STA 0,@70,2
7A81  4552        STA 0,@82,PC   ; -> 7AD3
7A82  2053        LDA 0,83
7A83  495A        STA 1,90,PC   ; -> 7ADD
7A84  4520        STA 0,@32,PC   ; -> 7AA4
7A85  544F        STA 2,@79
7A86  4F20        STA 1,@32,3
7A87  534D        STA 2,77,3
7A88  414C        STA 0,76,PC   ; -> 7AD4
7A89  4C00        STA 1,@0
7A8A  494E        STA 1,78,PC   ; -> 7AD8
7A8B  5641        STA 2,@65,2
7A8C  4C49        STA 1,@73
7A8D  4420        STA 0,@32
7A8E  5349        STA 2,73,3
7A8F  5A45        STA 3,69,2
7A90  2028        LDA 0,40
7A91  3D3C        LDA 3,@60,PC   ; -> 7ACD
7A92  2030        LDA 0,48
7A93  2900        LDA 1,0,PC   ; -> 7A93
7A94  5354        STA 2,84,3
7A95  4143        STA 0,67,PC   ; -> 7AD8
7A96  4B20        STA 1,32,3
7A97  4F56        STA 1,@86,3
7A98  4552        STA 0,@82,PC   ; -> 7AEA
7A99  464C        STA 0,@76,2
7A9A  4F57        STA 1,@87,3
7A9B  0000        JMP 0
7A9C  414C        STA 0,76,PC   ; -> 7AE8
7A9D  4C20        STA 1,@32
7A9E  434D        STA 0,77,3
7A9F  2042        LDA 0,66
7AA0  5546        STA 2,@70,PC   ; -> 7AE6
7AA1  4645        STA 0,@69,2
7AA2  5253        STA 2,83,2
7AA3  2041        LDA 0,65
7AA4  5245        STA 2,69,2
7AA5  204C        LDA 0,76
7AA6  4F43        STA 1,@67,3
7AA7  4B45        STA 1,69,3
7AA8  4400        STA 0,@0
7AA9  4E4F        STA 1,@79,2
7AAA  2052        LDA 0,82
7AAB  4F4F        STA 1,@79,3
7AAC  4D20        STA 1,@32,PC   ; -> 7ACC
7AAD  464F        STA 0,@79,2
7AAE  5220        STA 2,32,2
7AAF  5154        STA 2,84,PC   ; -> 7B03
7AB0  4153        STA 0,83,PC   ; -> 7B03
7AB1  4B20        STA 1,32,3
7AB2  5354        STA 2,84,3
7AB3  4143        STA 0,67,PC   ; -> 7AF6
7AB4  4B00        STA 1,0,3
7AB5  4E4F        STA 1,@79,2
7AB6  5420        STA 2,@32
7AB7  454E        STA 0,@78,PC   ; -> 7B05
7AB8  4F55        STA 1,@85,3
7AB9  4748        STA 0,@72,3
7ABA  2041        LDA 0,65
7ABB  5247        STA 2,71,2
7ABC  554D        STA 2,@77,PC   ; -> 7B09
7ABD  454E        STA 0,@78,PC   ; -> 7B0B
7ABE  5453        STA 2,@83
7ABF  0000        JMP 0
7AC0  4E45        STA 1,@69,2
7AC1  4741        STA 0,@65,3
7AC2  5449        STA 2,@73
7AC3  5645        STA 2,@69,2
7AC4  2041        LDA 0,65
7AC5  5247        STA 2,71,2
7AC6  554D        STA 2,@77,PC   ; -> 7B13
7AC7  454E        STA 0,@78,PC   ; -> 7B15
7AC8  5420        STA 2,@32
7AC9  544F        STA 2,@79
7ACA  2053        LDA 0,83
7ACB  5152        STA 2,82,PC   ; -> 7B1D
7ACC  5400        STA 2,@0
7ACD  494E        STA 1,78,PC   ; -> 7B1B
7ACE  2045        LDA 0,69
7ACF  5850        STA 3,80
7AD0  2041        LDA 0,65
7AD1  5247        STA 2,71,2
7AD2  554D        STA 2,@77,PC   ; -> 7B1F
7AD3  454E        STA 0,@78,PC   ; -> 7B21
7AD4  5420        STA 2,@32
7AD5  3E20        LDA 3,@32,2
7AD6  3137        LDA 2,55,PC   ; -> 7B0D
7AD7  342E        LDA 2,@46
7AD8  3637        LDA 2,@55,2
7AD9  0000        JMP 0
7ADA  4E4F        STA 1,@79,2
7ADB  4E2D        STA 1,@45,2
7ADC  504F        STA 2,79
7ADD  5349        STA 2,73,3
7ADE  5449        STA 2,@73
7ADF  5645        STA 2,@69,2
7AE0  2041        LDA 0,65
7AE1  5247        STA 2,71,2
7AE2  554D        STA 2,@77,PC   ; -> 7B2F
7AE3  454E        STA 0,@78,PC   ; -> 7B31
7AE4  5420        STA 2,@32
7AE5  544F        STA 2,@79
7AE6  204C        LDA 0,76
7AE7  4F47        STA 1,@71,3
7AE8  0000        JMP 0
7AE9  494E        STA 1,78,PC   ; -> 7B37
7AEA  2041        LDA 0,65
7AEB  5349        STA 2,73,3
7AEC  4E2F        STA 1,@47,2
7AED  4143        STA 0,67,PC   ; -> 7B30
7AEE  4F53        STA 1,@83,3
7AEF  2020        LDA 0,32
7AF0  4142        STA 0,66,PC   ; -> 7B32
7AF1  5328        STA 2,40,3
7AF2  2041        LDA 0,65
7AF3  5247        STA 2,71,2
7AF4  554D        STA 2,@77,PC   ; -> 7B41
7AF5  454E        STA 0,@78,PC   ; -> 7B43
7AF6  5420        STA 2,@32
7AF7  2920        LDA 1,32,PC   ; -> 7B17
7AF8  3E20        LDA 3,@32,2
7AF9  3100        LDA 2,0,PC   ; -> 7AF9
7AFA  4152        STA 0,82,PC   ; -> 7B4C
7AFB  4354        STA 0,84,3
7AFC  414E        STA 0,78,PC   ; -> 7B4A
7AFD  4745        STA 0,@69,3
7AFE  4E54        STA 1,@84,2
7AFF  204F        LDA 0,79
7B00  4620        STA 0,@32,2
7B01  4F52        STA 1,@82,3
7B02  4947        STA 1,71,PC   ; -> 7B49
7B03  494E        STA 1,78,PC   ; -> 7B51
7B04  0000        JMP 0
7B05  494E        STA 1,78,PC   ; -> 7B53
7B06  2045        LDA 0,69
7B07  5850        STA 3,80
7B08  4F4E        STA 1,@78,3
7B09  454E        STA 0,@78,PC   ; -> 7B57
7B0A  5449        STA 2,@73
7B0B  4154        STA 0,84,PC   ; -> 7B5F
7B0C  494F        STA 1,79,PC   ; -> 7B5B
7B0D  4E00        STA 1,@0,2
7B0E  5245        STA 2,69,2
7B0F  414C        STA 0,76,PC   ; -> 7B5B
7B10  2054        LDA 0,84
7B11  4F20        STA 1,@32,3
7B12  494E        STA 1,78,PC   ; -> 7B60
7B13  5445        STA 2,@69
7B14  4745        STA 0,@69,3
7B15  5220        STA 2,32,2
7B16  4F56        STA 1,@86,3
7B17  4552        STA 0,@82,PC   ; -> 7B69
7B18  464C        STA 0,@76,2
7B19  4F57        STA 1,@87,3
7B1A  0000        JMP 0
7B1B  4650        STA 0,@80,2
7B1C  5520        STA 2,@32,PC   ; -> 7B3C
7B1D  4D41        STA 1,@65,PC   ; -> 7B5E
7B1E  4E54        STA 1,@84,2
7B1F  4953        STA 1,83,PC   ; -> 7B72
7B20  5341        STA 2,65,3
7B21  204F        LDA 0,79
7B22  5645        STA 2,@69,2
7B23  5246        STA 2,70,2
7B24  4C4F        STA 1,@79
7B25  5700        STA 2,@0,3
7B26  4650        STA 0,@80,2
7B27  5520        STA 2,@32,PC   ; -> 7B47
7B28  554E        STA 2,@78,PC   ; -> 7B76
7B29  4445        STA 0,@69
7B2A  5246        STA 2,70,2
7B2B  4C4F        STA 1,@79
7B2C  5700        STA 2,@0,3
7B2D  4650        STA 0,@80,2
7B2E  5520        STA 2,@32,PC   ; -> 7B4E
7B2F  4F56        STA 1,@86,3
7B30  4552        STA 0,@82,PC   ; -> 7B82
7B31  464C        STA 0,@76,2
7B32  4F57        STA 1,@87,3
7B33  0000        JMP 0
7B34  4449        STA 0,@73
7B35  5649        STA 2,@73,2
7B36  4445        STA 0,@69
7B37  2042        LDA 0,66
7B38  5920        STA 3,32,PC   ; -> 7B58
7B39  5A45        STA 3,69,2
7B3A  524F        STA 2,79,2
7B3B  0000        JMP 0
7B3C  494C        STA 1,76,PC   ; -> 7B88
7B3D  4C45        STA 1,@69
7B3E  4741        STA 0,@65,3
7B3F  4C20        STA 1,@32
7B40  424F        STA 0,79,2
7B41  554E        STA 2,@78,PC   ; -> 7B8F
7B42  4420        STA 0,@32
7B43  5350        STA 2,80,3
7B44  4543        STA 0,@67,PC   ; -> 7B87
7B45  4946        STA 1,70,PC   ; -> 7B8B
7B46  4943        STA 1,67,PC   ; -> 7B89
7B47  4154        STA 0,84,PC   ; -> 7B9B
7B48  494F        STA 1,79,PC   ; -> 7B97
7B49  4E00        STA 1,@0,2
7B4A  5354        STA 2,84,3
7B4B  5249        STA 2,73,2
7B4C  4E47        STA 1,@71,2
7B4D  204F        LDA 0,79
7B4E  5645        STA 2,@69,2
7B4F  5246        STA 2,70,2
7B50  4C4F        STA 1,@79
7B51  5700        STA 2,@0,3
7B52  4029        STA 0,41
7B53  3821        LDA 3,33
7B54  9200        MOV 0,2
7B55  2A01        LDA 1,1,2
7B56  BD0D        SUB# 1,3,SNR
7B57  0140        JMP 64,PC   ; -> 7B97
7B58  23FF        LDA 0,-1,3
7B59  820D        MOV# 0,0,SNR
7B5A  013D        JMP 61,PC   ; -> 7B97
7B5B  8D0D        SUB# 0,1,SNR
7B5C  0105        JMP 5,PC   ; -> 7B61
7B5D  8C38 7CFB   EJSR 7CFB   ; [7CFB] = 57856
7B5F  3029        LDA 2,41
7B60  01F5        JMP -11,PC   ; -> 7B55
7B61  3029        LDA 2,41
7B62  3200        LDA 2,0,2
7B63  D20D        MOV# 2,2,SNR
7B64  0133        JMP 51,PC   ; -> 7B97
7B65  33FE        LDA 2,-2,3
7B66  8C38 7CFB   EJSR 7CFB   ; [7CFB] = 57856
7B68  5020        STA 2,32
7B69  3029        LDA 2,41
7B6A  2A02        LDA 1,2,2
7B6B  AA4A        MOVL# 1,1,SZC
7B6C  A800        COM 1,1
7B6D  A905        NEG 1,1,SNR
7B6E  0105        JMP 5,PC   ; -> 7B73
7B6F  2420        LDA 0,@32
7B70  4020        STA 0,32
7B71  AB04        INC 1,1,SZR
7B72  01FD        JMP -3,PC   ; -> 7B6F
7B73  3029        LDA 2,41
7B74  3A00        LDA 3,0,2
7B75  FE48        PSH 3,3
7B76  3428        LDA 2,@40
7B77  D00D        COM# 2,2,SNR
7B78  010B        JMP 11,PC   ; -> 7B83
7B79  2A04        LDA 1,4,2
7B7A  2020        LDA 0,32
7B7B  8D1B        SUBZ# 0,1,SNC
7B7C  0107        JMP 7,PC   ; -> 7B83
7B7D  2A06        LDA 1,6,2
7B7E  4C28        STA 1,@40
7B7F  CA00        MOV 2,1
7B80  0C6D        JSR @109
7B81  011B        JMP 27,PC   ; -> 7B9C
7B82  01F4        JMP -12,PC   ; -> 7B76
7B83  3828        LDA 3,40
7B84  3302        LDA 2,2,3
7B85  D00D        COM# 2,2,SNR
7B86  010C        JMP 12,PC   ; -> 7B92
7B87  2A04        LDA 1,4,2
7B88  2020        LDA 0,32
7B89  8D1B        SUBZ# 0,1,SNC
7B8A  0109        JMP 9,PC   ; -> 7B93
7B8B  2A00        LDA 1,0,2
7B8C  4B02        STA 1,2,3
7B8D  CA00        MOV 2,1
7B8E  0E03        JSR @3,2
7B8F  010D        JMP 13,PC   ; -> 7B9C
7B90  01F3        JMP -13,PC   ; -> 7B83
7B91  424C        STA 0,76,2
7B92  AD00        SUB 1,1
7B93  482A        STA 1,42
7B94  D688        POP 2,2
7B95  3821        LDA 3,33
7B96  0200        JMP 0,2
7B97  3821        LDA 3,33
7B98  5820        STA 3,32
7B99  09DC        JSR -36,PC   ; -> 7B75
7B9A  AFC8        RTN
7B9B  5020        STA 2,32
7B9C  AD90        SUBZR 1,1
7B9D  0C66        JSR @102
7B9E  0300        JMP 0,3
7B9F  4552        STA 0,@82,PC   ; -> 7BF1
7BA0  524F        STA 2,79,2
7BA1  5220        STA 2,32,2
7BA2  4F4E        STA 1,@78,3
7BA3  2027        LDA 0,39
7BA4  404F        STA 0,79
7BA5  5554        STA 2,@84,PC   ; -> 7BF9
7BA6  5055        STA 2,85
7BA7  5427        STA 2,@39
7BA8  204F        LDA 0,79
7BA9  5045        STA 2,69
7BAA  4E0A        STA 1,@10,2
7BAB  0D00        JSR @0,PC   ; -> 7BAB
7BAC  E01A        COMZ# 3,0,SZC
7BAD  000A        JMP 10
7BAE  0400        JMP @0
7BAF  0A0D        JSR 13,2
7BB0  FF00        AND 3,3
7BB1  8018        ?ECL 8018          <<< unknown extended
7BB2  2006        LDA 0,6
7BB3  2020        LDA 0,32
7BB4  302C        LDA 2,44
7BB5  3214        LDA 2,20,2
7BB6  D24B        MOVL# 2,2,SNC
7BB7  0111        JMP 17,PC   ; -> 7BC8
7BB8  FE48        PSH 3,3
7BB9  D100        NEG 2,2
7BBA  382C        LDA 3,44
7BBB  5314        STA 2,20,3
7BBC  0C0F        JSR @15
7BBD  00C0        JMP 192
7BBE  0103        JMP 3,PC   ; -> 7BC1
7BBF  FE88        POP 3,3
7BC0  0108        JMP 8,PC   ; -> 7BC8
7BC1  ED38 7FDD   ELEF 1,7FDD,PC   ; -> 7B9F
7BC3  AE10        ADDZ 1,1
7BC4  31E8        LDA 2,-24,PC   ; -> 7BAC
7BC5  0C0F        JSR @15
7BC6  00C8        JMP 200
7BC7  01FA        JMP -6,PC   ; -> 7BC1
7BC8  820D        MOV# 0,0,SNR
7BC9  012D        JMP 45,PC   ; -> 7BF6
7BCA  800D        COM# 0,0,SNR
7BCB  0103        JMP 3,PC   ; -> 7BCE
7BCC  9200        MOV 0,2
7BCD  0112        JMP 18,PC   ; -> 7BDF
7BCE  F210        MOVZ 3,2
7BCF  21DE        LDA 0,-34,PC   ; -> 7BAD
7BD0  8220        MOVO 0,0
7BD1  8648        PSH 0,0
7BD2  D648        PSH 2,2
7BD3  382C        LDA 3,44
7BD4  3314        LDA 2,20,3
7BD5  42FF        STA 0,-1,2
7BD6  0C0F        JSR @15
7BD7  00C3        JMP 195
7BD8  0101        JMP 1,PC   ; -> 7BD9
7BD9  D688        POP 2,2
7BDA  8688        POP 0,0
7BDB  82F2        MOVCS 0,0,SZC
7BDC  01F5        JMP -11,PC   ; -> 7BD1
7BDD  3828        LDA 3,40
7BDE  0200        JMP 0,2
7BDF  EA11        MOVZ 3,1,SKP
7BE0  D300        INC 2,2
7BE1  2200        LDA 0,0,2
7BE2  39CE        LDA 3,-50,PC   ; -> 7BB0
7BE3  E70D        AND# 3,0,SNR
7BE4  010F        JMP 15,PC   ; -> 7BF3
7BE5  82C0        MOVS 0,0
7BE6  8648        PSH 0,0
7BE7  D648        PSH 2,2
7BE8  382C        LDA 3,44
7BE9  3314        LDA 2,20,3
7BEA  42FF        STA 0,-1,2
7BEB  0C0F        JSR @15
7BEC  00C3        JMP 195
7BED  0101        JMP 1,PC   ; -> 7BEE
7BEE  D688        POP 2,2
7BEF  8688        POP 0,0
7BF0  8232        MOVC 0,0,SZC
7BF1  01F1        JMP -15,PC   ; -> 7BE2
7BF2  01EE        JMP -18,PC   ; -> 7BE0
7BF3  8500        SUB 0,0
7BF4  B200        MOV 1,2
7BF5  01E8        JMP -24,PC   ; -> 7BDD
7BF6  F200        MOV 3,2
7BF7  21BA        LDA 0,-70,PC   ; -> 7BB1
7BF8  39B6        LDA 3,-74,PC   ; -> 7BAE
7BF9  0102        JMP 2,PC   ; -> 7BFB
7BFA  21B8        LDA 0,-72,PC   ; -> 7BB2
7BFB  AA43        MOVL 1,1,SNC
7BFC  0103        JMP 3,PC   ; -> 7BFF
7BFD  D240        MOVL 2,2
7BFE  D2A0        MOVOR 2,2
7BFF  8243        MOVL 0,0,SNC
7C00  01FB        JMP -5,PC   ; -> 7BFB
7C01  E600        ADD 3,0
7C02  FA4A        MOVL# 3,3,SZC
7C03  0103        JMP 3,PC   ; -> 7C06
7C04  D24B        MOVL# 2,2,SNC
7C05  0109        JMP 9,PC   ; -> 7C0E
7C06  9E48        PSH 0,3
7C07  382C        LDA 3,44
7C08  3314        LDA 2,20,3
7C09  42FF        STA 0,-1,2
7C0A  0C0F        JSR @15
7C0B  00C3        JMP 195
7C0C  0101        JMP 1,PC   ; -> 7C0D
7C0D  E688        POP 3,0
7C0E  39A2        LDA 3,-94,PC   ; -> 7BB0
7C0F  9F53        ANDZL 0,3,SNC
7C10  01EA        JMP -22,PC   ; -> 7BFA
7C11  21A2        LDA 0,-94,PC   ; -> 7BB3
7C12  8210        MOVZ 0,0
7C13  01BE        JMP -66,PC   ; -> 7BD1
7C14  3C20        LDA 3,@32
7C15  2B00        LDA 1,0,3
7C16  210E        LDA 0,14,PC   ; -> 7C24
7C17  8D0C        SUB# 0,1,SZR
7C18  0108        JMP 8,PC   ; -> 7C20
7C19  3020        LDA 2,32
7C1A  2AFF        LDA 1,-1,2
7C1B  4A00        STA 1,0,2
7C1C  2821        LDA 1,33
7C1D  4AFF        STA 1,-1,2
7C1E  5021        STA 2,33
7C1F  FB00        INC 3,3
7C20  2105        LDA 0,5,PC   ; -> 7C25
7C21  AD90        SUBZR 1,1
7C22  B988        ANC 1,3
7C23  0466        JMP @102
7C24  E7C8 300A   SAVE 12298             ; frame
7C26  E7C8 0000   SAVE 0             ; frame
7C28  3028        LDA 2,40
7C29  AE2F        ADDO# 1,1,SBN
7C2A  011B        JMP 27,PC   ; -> 7C45
7C2B  DA00        MOV 2,3
7C2C  3201        LDA 2,1,2
7C2D  D20D        MOV# 2,2,SNR
7C2E  0108        JMP 8,PC   ; -> 7C36
7C2F  2200        LDA 0,0,2
7C30  A50C        SUB# 1,0,SZR
7C31  01FA        JMP -6,PC   ; -> 7C2B
7C32  2201        LDA 0,1,2
7C33  4301        STA 0,1,3
7C34  D300        INC 2,2
7C35  010A        JMP 10,PC   ; -> 7C3F
7C36  3022        LDA 2,34
7C37  B400        ADC 1,2
7C38  2020        LDA 0,32
7C39  D24B        MOVL# 2,2,SNC
7C3A  951F        SUBZ# 0,2,SBN
7C3B  010C        JMP 12,PC   ; -> 7C47
7C3C  5022        STA 2,34
7C3D  210E        LDA 0,14,PC   ; -> 7C4B
7C3E  9600        ADD 0,2
7C3F  A100        NEG 1,0
7C40  42FF        STA 0,-1,2
7C41  3821        LDA 3,33
7C42  1300        ISZ 0,3
7C43  53FE        STA 2,-2,3
7C44  AFC8        RTN
7C45  2107        LDA 0,7,PC   ; -> 7C4C
7C46  0102        JMP 2,PC   ; -> 7C48
7C47  2106        LDA 0,6,PC   ; -> 7C4D
7C48  3821        LDA 3,33
7C49  43FC        STA 0,-4,3
7C4A  AFC8        RTN
7C4B  0019        JMP 25
7C4C  3009        LDA 2,9
7C4D  0005        JMP 5
7C4E  E7C8 0000   SAVE 0             ; frame
7C50  BA00        MOV 1,3
7C51  9848        SBI 0,3
7C52  2B00        LDA 1,0,3
7C53  AA4B        MOVL# 1,1,SNC
7C54  0115        JMP 21,PC   ; -> 7C69
7C55  A900        NEG 1,1
7C56  4B00        STA 1,0,3
7C57  2022        LDA 0,34
7C58  3115        LDA 2,21,PC   ; -> 7C6D
7C59  9600        ADD 0,2
7C5A  DD0C        SUB# 2,3,SZR
7C5B  0107        JMP 7,PC   ; -> 7C62
7C5C  A600        ADD 1,0
7C5D  8300        INC 0,0
7C5E  4022        STA 0,34
7C5F  3821        LDA 3,33
7C60  1300        ISZ 0,3
7C61  AFC8        RTN
7C62  DD1F        SUBZ# 2,3,SBN
7C63  0106        JMP 6,PC   ; -> 7C69
7C64  3028        LDA 2,40
7C65  2201        LDA 0,1,2
7C66  4301        STA 0,1,3
7C67  5A01        STA 3,1,2
7C68  01F7        JMP -9,PC   ; -> 7C5F
7C69  2105        LDA 0,5,PC   ; -> 7C6E
7C6A  3821        LDA 3,33
7C6B  43FC        STA 0,-4,3
7C6C  AFC8        RTN
7C6D  0018        JMP 24
7C6E  3001        LDA 2,1
7C6F  5829        STA 3,41
7C70  3821        LDA 3,33
7C71  3BFD        LDA 3,-3,3
7C72  F80C        COM# 3,3,SZR
7C73  1029        ISZ 41
7C74  3821        LDA 3,33
7C75  0429        JMP @41
7C76  5829        STA 3,41
7C77  3821        LDA 3,33
7C78  3BFC        LDA 3,-4,3
7C79  F80C        COM# 3,3,SZR
7C7A  1029        ISZ 41
7C7B  3821        LDA 3,33
7C7C  0429        JMP @41
7C7D  FB00        INC 3,3
7C7E  5829        STA 3,41
7C7F  8E48        PSH 0,1
7C80  23FF        LDA 0,-1,3
7C81  3821        LDA 3,33
7C82  2BFE        LDA 1,-2,3
7C83  9E00        ADD 0,3
7C84  ED1B        SUBZ# 3,1,SNC
7C85  1029        ISZ 41
7C86  A688        POP 1,0
7C87  3821        LDA 3,33
7C88  0429        JMP @41
7C89  404F        STA 0,79
7C8A  5554        STA 2,@84,PC   ; -> 7CDE
7C8B  5055        STA 2,85
7C8C  5400        STA 2,@0
7C8D  0300        JMP 0,3
7C8E  0000        JMP 0
7C8F  0080        JMP 128
7C90  0000        JMP 0
7C91  FFFF        ANDCS# 3,3,SBN
7C92  85B8        ?ECL 85B8          <<< unknown extended
7C93  0045        JMP 69
7C94  0104        JMP 4,PC   ; -> 7C98
7C95  0105        JMP 5,PC   ; -> 7C9A
7C96  010F        JMP 15,PC   ; -> 7CA5
7C97  01AF        JMP -81,PC   ; -> 7C46
7C98  0C0F        JSR @15
7C99  0144        JMP 68,PC   ; -> 7CDD
7C9A  8D38 0078   EJSR 0078,PC   ; -> 7D13
7C9C  0105        JMP 5,PC   ; -> 7CA1
7C9D  A6C9        ADDS# 1,0,SKP
7C9E  3000        LDA 2,0
7C9F  0002        JMP 2
7CA0  0000        JMP 0
7CA1  A6C9        ADDS# 1,0,SKP
7CA2  3000        LDA 2,0
7CA3  0001        JMP 1
7CA4  0000        JMP 0
7CA5  8D38 0053   EJSR 0053,PC   ; -> 7CF9
7CA7  A6C9        ADDS# 1,0,SKP
7CA8  3000        LDA 2,0
7CA9  0003        JMP 3
7CAA  0000        JMP 0
7CAB  E438 0012   ELEF 0,0012   ; = 18
7CAD  0109        JMP 9,PC   ; -> 7CB6
7CAE  E438 0134   ELEF 0,0134   ; = 308
7CB0  0106        JMP 6,PC   ; -> 7CB6
7CB1  E438 0135   ELEF 0,0135   ; = 309
7CB3  0103        JMP 3,PC   ; -> 7CB6
7CB4  E438 0136   ELEF 0,0136   ; = 310
7CB6  AD00        SUB 1,1
7CB7  3104        LDA 2,4,PC   ; -> 7CBB
7CB8  0C0F        JSR @15
7CB9  00C8        JMP 200
7CBA  0800        JSR 0
7CBB  F000        COM 3,2
7CBC  FE48        PSH 3,3
7CBD  A6C9        ADDS# 1,0,SKP
7CBE  3000        LDA 2,0
7CBF  0000        JMP 0
7CC0  0000        JMP 0
7CC1  0106        JMP 6,PC   ; -> 7CC7
7CC2  3820        LDA 3,32
7CC3  1300        ISZ 0,3
7CC4  1300        ISZ 0,3
7CC5  3821        LDA 3,33
7CC6  9FC8        POPJ
7CC7  3820        LDA 3,32
7CC8  01FC        JMP -4,PC   ; -> 7CC4
7CC9  A6C9        ADDS# 1,0,SKP
7CCA  3000        LDA 2,0
7CCB  0004        JMP 4
7CCC  0000        JMP 0
7CCD  B649        ADDL# 1,2,SKP
7CCE  DB09        INC# 2,3,SKP
7CCF  0000        JMP 0
7CD0  EB29        INCO# 3,1,SKP
7CD1  0000        JMP 0
7CD2  B329        INCO# 1,2,SKP
7CD3  0004        JMP 4
7CD4  C8B9        COMCR# 2,1,SKP
7CD5  E779        ANDCL# 3,0,SKP
7CD6  8749        ANDL# 0,0,SKP
7CD7  C789        ANDR# 2,0,SKP
7CD8  ED38 0005   ELEF 1,0005,PC   ; -> 7CDE
7CDA  AE00        ADD 1,1
7CDB  311D        LDA 2,29,PC   ; -> 7CF8
7CDC  0C0F        JSR @15
7CDD  00C8        JMP 200
7CDE  0A0A        JSR 10,2
7CDF  0A46        JSR 70,2
7CE0  4154        STA 0,84,PC   ; -> 7D34
7CE1  414C        STA 0,76,PC   ; -> 7D2D
7CE2  2052        LDA 0,82
7CE3  554E        STA 2,@78,PC   ; -> 7D31
7CE4  5449        STA 2,@73
7CE5  4D45        STA 1,@69,PC   ; -> 7D2A
7CE6  2045        LDA 0,69
7CE7  5252        STA 2,82,2
7CE8  4F52        STA 1,@82,3
7CE9  3A20        LDA 3,32,2
7CEA  0000        JMP 0
7CEB  2054        LDA 0,84
7CEC  4552        STA 0,@82,PC   ; -> 7D3E
7CED  4D49        STA 1,@73,PC   ; -> 7D36
7CEE  4E41        STA 1,@65,2
7CEF  5449        STA 2,@73
7CF0  4F4E        STA 1,@78,3
7CF1  2054        LDA 0,84
7CF2  4852        STA 1,82
7CF3  5520        STA 2,@32,PC   ; -> 7D13
7CF4  3F42        LDA 3,@66,3
7CF5  4F4D        STA 1,@77,3
7CF6  420A        STA 0,10,2
7CF7  0000        JMP 0
7CF8  D034        COMC 2,2,SZR
7CF9  8738 0000   EJMP 0000,3
7CFB  E200        MOV 3,0
7CFC  3821        LDA 3,33
7CFD  53FE        STA 2,-2,3
7CFE  2B00        LDA 1,0,3
7CFF  CFF8 7FFF   ANDI 7FFF,1
7D01  ACF8        CLM 1,1
7D02  7D15        IO   7D15
7D03  7DB1        IO   7DB1
7D04  0109        JMP 9,PC   ; -> 7D0D
7D05  AE80        ADDR 1,1
7D06  4B00        STA 1,0,3
7D07  43FC        STA 0,-4,3
7D08  3BFF        LDA 3,-1,3
7D09  2302        LDA 0,2,3
7D0A  86A0        ADDOR 0,0
7D0B  4302        STA 0,2,3
7D0C  AFC8        RTN
7D0D  8680        ADDR 0,0
7D0E  4300        STA 0,0,3
7D0F  8500        SUB 0,0
7D10  43FC        STA 0,-4,3
7D11  4BFD        STA 1,-3,3
7D12  AFC8        RTN
7D13  8738 0001   EJMP 0001,3
7D15  FE48        PSH 3,3
7D16  E7C8 0000   SAVE 0             ; frame
7D18  8510        SUBZ 0,0
7D19  3300        LDA 2,0,3
7D1A  3200        LDA 2,0,2
7D1B  D20C        MOV# 2,2,SZR
7D1C  0104        JMP 4,PC   ; -> 7D20
7D1D  3021        LDA 2,33
7D1E  32FA        LDA 2,-6,2
7D1F  8280        MOVR 0,0
7D20  43FB        STA 0,-5,3
7D21  0C0F        JSR @15
7D22  00BA        JMP 186
7D23  3821        LDA 3,33
7D24  3BFF        LDA 3,-1,3
7D25  5301        STA 2,1,3
7D26  3821        LDA 3,33
7D27  3300        LDA 2,0,3
7D28  D7F8 7FFF   ANDI 7FFF,2
7D2A  9500        SUB 0,2
7D2B  D300        INC 2,2
7D2C  3BFF        LDA 3,-1,3
7D2D  5302        STA 2,2,3
7D2E  3821        LDA 3,33
7D2F  33FB        LDA 2,-5,3
7D30  AA50        MOVZL 1,1
7D31  D250        MOVZL 2,2
7D32  AA80        MOVR 1,1
7D33  4BFB        STA 1,-5,3
7D34  F538 0007   ELEF 2,0007,PC   ; -> 7D3C
7D36  D250        MOVZL 2,2
7D37  2300        LDA 0,0,3
7D38  8240        MOVL 0,0
7D39  D280        MOVR 2,2
7D3A  5300        STA 2,0,3
7D3B  AFC8        RTN
7D3C  FE88        POP 3,3
7D3D  FA4A        MOVL# 3,3,SZC
7D3E  1820        DSZ 32
7D3F  0B00        JSR 0,3
7D40  0102        JMP 2,PC   ; -> 7D42
7D41  1302        ISZ 2,3
7D42  FD38 0013   ELEF 3,0013,PC   ; -> 7D56
7D44  E7C8 0000   SAVE 0             ; frame
7D46  3BFF        LDA 3,-1,3
7D47  3301        LDA 2,1,3
7D48  0C0F        JSR @15
7D49  00BB        JMP 187
7D4A  3821        LDA 3,33
7D4B  33FF        LDA 2,-1,3
7D4C  2A02        LDA 1,2,2
7D4D  8E00        ADD 0,1
7D4E  AA4B        MOVL# 1,1,SNC
7D4F  0105        JMP 5,PC   ; -> 7D54
7D50  AEA0        ADDOR 1,1
7D51  4BFD        STA 1,-3,3
7D52  2BFC        LDA 1,-4,3
7D53  43FC        STA 0,-4,3
7D54  4A02        STA 1,2,2
7D55  AFC8        RTN
7D56  0702        JMP @2,3
7D57  FE48        PSH 3,3
7D58  E7C8 0000   SAVE 0             ; frame
7D5A  8510        SUBZ 0,0
7D5B  3300        LDA 2,0,3
7D5C  3200        LDA 2,0,2
7D5D  D20C        MOV# 2,2,SZR
7D5E  0104        JMP 4,PC   ; -> 7D62
7D5F  3021        LDA 2,33
7D60  32FA        LDA 2,-6,2
7D61  8280        MOVR 0,0
7D62  43FB        STA 0,-5,3
7D63  0C0F        JSR @15
7D64  00B8        JMP 184
7D65  3821        LDA 3,33
7D66  3BFF        LDA 3,-1,3
7D67  5301        STA 2,1,3
7D68  3821        LDA 3,33
7D69  3300        LDA 2,0,3
7D6A  D7F8 7FFF   ANDI 7FFF,2
7D6C  9500        SUB 0,2
7D6D  D300        INC 2,2
7D6E  3BFF        LDA 3,-1,3
7D6F  5302        STA 2,2,3
7D70  3821        LDA 3,33
7D71  33FB        LDA 2,-5,3
7D72  AA50        MOVZL 1,1
7D73  D250        MOVZL 2,2
7D74  AA80        MOVR 1,1
7D75  4BFB        STA 1,-5,3
7D76  F538 0007   ELEF 2,0007,PC   ; -> 7D7E
7D78  D250        MOVZL 2,2
7D79  2300        LDA 0,0,3
7D7A  8240        MOVL 0,0
7D7B  D280        MOVR 2,2
7D7C  5300        STA 2,0,3
7D7D  AFC8        RTN
7D7E  FE88        POP 3,3
7D7F  FA4A        MOVL# 3,3,SZC
7D80  1820        DSZ 32
7D81  0B00        JSR 0,3
7D82  0102        JMP 2,PC   ; -> 7D84
7D83  1302        ISZ 2,3
7D84  FD38 0014   ELEF 3,0014,PC   ; -> 7D99
7D86  E7C8 0000   SAVE 0             ; frame
7D88  3BFF        LDA 3,-1,3
7D89  3301        LDA 2,1,3
7D8A  0C0F        JSR @15
7D8B  00B9        JMP 185
7D8C  3821        LDA 3,33
7D8D  33FF        LDA 2,-1,3
7D8E  2A02        LDA 1,2,2
7D8F  AA4B        MOVL# 1,1,SNC
7D90  0107        JMP 7,PC   ; -> 7D97
7D91  AEA0        ADDOR 1,1
7D92  4BFD        STA 1,-3,3
7D93  2BFC        LDA 1,-4,3
7D94  0C0F        JSR @15
7D95  0163        JMP 99,PC   ; -> 7DF8
7D96  43FC        STA 0,-4,3
7D97  4A02        STA 1,2,2
7D98  AFC8        RTN
7D99  0702        JMP @2,3
7D9A  FE48        PSH 3,3
7D9B  090C        JSR 12,PC   ; -> 7DA7
7D9C  4BFD        STA 1,-3,3
7D9D  AE88        POP 1,1
7D9E  4BFC        STA 1,-4,3
7D9F  2BFF        LDA 1,-1,3
7DA0  4821        STA 1,33
7DA1  2B00        LDA 1,0,3
7DA2  D848        SBI 2,3
7DA3  5820        STA 3,32
7DA4  BA00        MOV 1,3
7DA5  AE88        POP 1,1
7DA6  9FC8        POPJ
7DA7  E7C8 0000   SAVE 0             ; frame
7DA9  33FB        LDA 2,-5,3
7DAA  3200        LDA 2,0,2
7DAB  D20D        MOV# 2,2,SNR
7DAC  33FA        LDA 2,-6,3
7DAD  0C0F        JSR @15
7DAE  00BC        JMP 188
7DAF  3821        LDA 3,33
7DB0  4BFB        STA 1,-5,3
7DB1  AFC8        RTN
7DB2  0000        JMP 0
7DB3  0000        JMP 0
7DB4  0000        JMP 0
7DB5  0000        JMP 0
7DB6  0000        JMP 0
7DB7  0000        JMP 0
7DB8  0000        JMP 0
7DB9  0000        JMP 0
7DBA  0000        JMP 0
7DBB  0000        JMP 0
7DBC  0000        JMP 0
7DBD  0000        JMP 0
7DBE  0000        JMP 0
7DBF  0000        JMP 0
7DC0  0000        JMP 0
7DC1  0000        JMP 0
7DC2  0000        JMP 0
7DC3  0000        JMP 0
7DC4  0000        JMP 0
7DC5  0000        JMP 0
7DC6  0000        JMP 0
7DC7  0000        JMP 0
7DC8  0000        JMP 0
7DC9  0000        JMP 0
7DCA  0000        JMP 0
7DCB  0000        JMP 0
7DCC  0000        JMP 0
7DCD  0000        JMP 0
7DCE  0000        JMP 0
7DCF  0000        JMP 0
7DD0  0000        JMP 0
7DD1  0000        JMP 0
7DD2  0000        JMP 0
7DD3  0000        JMP 0
7DD4  0000        JMP 0
7DD5  0000        JMP 0
7DD6  0000        JMP 0
7DD7  0000        JMP 0
7DD8  0000        JMP 0
7DD9  0000        JMP 0
7DDA  0000        JMP 0
7DDB  0000        JMP 0
7DDC  0000        JMP 0
7DDD  0000        JMP 0
7DDE  0000        JMP 0
7DDF  0000        JMP 0
7DE0  0000        JMP 0
7DE1  0000        JMP 0
7DE2  0000        JMP 0
7DE3  0000        JMP 0
7DE4  0000        JMP 0
7DE5  0000        JMP 0
7DE6  0000        JMP 0
7DE7  0000        JMP 0
7DE8  0000        JMP 0
7DE9  0000        JMP 0
7DEA  0000        JMP 0
7DEB  0000        JMP 0
7DEC  0000        JMP 0
7DED  0000        JMP 0
7DEE  0000        JMP 0
7DEF  0000        JMP 0
7DF0  0000        JMP 0
7DF1  0000        JMP 0
7DF2  0000        JMP 0
7DF3  0000        JMP 0
7DF4  0000        JMP 0
7DF5  0000        JMP 0
7DF6  0000        JMP 0
7DF7  0000        JMP 0
7DF8  0000        JMP 0
7DF9  0000        JMP 0
7DFA  0000        JMP 0
7DFB  0000        JMP 0
7DFC  0000        JMP 0
7DFD  0000        JMP 0
7DFE  0000        JMP 0
7DFF  0000        JMP 0
7E00  0000        JMP 0
7E01  0000        JMP 0
7E02  0000        JMP 0
7E03  0000        JMP 0
7E04  0000        JMP 0
7E05  0000        JMP 0
7E06  0000        JMP 0
7E07  0000        JMP 0
7E08  0000        JMP 0
7E09  0000        JMP 0
7E0A  0000        JMP 0
7E0B  0000        JMP 0
7E0C  0000        JMP 0
7E0D  0000        JMP 0
7E0E  0000        JMP 0
7E0F  0000        JMP 0
7E10  0000        JMP 0
7E11  0000        JMP 0
7E12  0000        JMP 0
7E13  0000        JMP 0
7E14  0000        JMP 0
7E15  0000        JMP 0
7E16  0000        JMP 0
7E17  0000        JMP 0
7E18  0000        JMP 0
7E19  0000        JMP 0
7E1A  0000        JMP 0
7E1B  0000        JMP 0
7E1C  0000        JMP 0
7E1D  0000        JMP 0
7E1E  0000        JMP 0
7E1F  0000        JMP 0
7E20  0000        JMP 0
7E21  0000        JMP 0
7E22  0000        JMP 0
7E23  0000        JMP 0
7E24  0000        JMP 0
7E25  0000        JMP 0
7E26  0000        JMP 0
7E27  0000        JMP 0
7E28  0000        JMP 0
7E29  0000        JMP 0
7E2A  0000        JMP 0
7E2B  0000        JMP 0
7E2C  0000        JMP 0
7E2D  0000        JMP 0
7E2E  0000        JMP 0
7E2F  0000        JMP 0
7E30  0000        JMP 0
7E31  0000        JMP 0
7E32  0000        JMP 0
7E33  0000        JMP 0
7E34  0000        JMP 0
7E35  0000        JMP 0
7E36  0000        JMP 0
7E37  0000        JMP 0
7E38  0000        JMP 0
7E39  0000        JMP 0
7E3A  0000        JMP 0
7E3B  0000        JMP 0
7E3C  0000        JMP 0
7E3D  0000        JMP 0
7E3E  0000        JMP 0
7E3F  0000        JMP 0
7E40  0000        JMP 0
7E41  0000        JMP 0
7E42  0000        JMP 0
7E43  0000        JMP 0
7E44  0000        JMP 0
7E45  0000        JMP 0
7E46  0000        JMP 0
7E47  0000        JMP 0
7E48  0000        JMP 0
7E49  0000        JMP 0
7E4A  0000        JMP 0
7E4B  0000        JMP 0
7E4C  0000        JMP 0
7E4D  0000        JMP 0
7E4E  0000        JMP 0
7E4F  0000        JMP 0
7E50  0000        JMP 0
7E51  0000        JMP 0
7E52  0000        JMP 0
7E53  0000        JMP 0
7E54  0000        JMP 0
7E55  0000        JMP 0
7E56  0000        JMP 0
7E57  0000        JMP 0
7E58  0000        JMP 0
7E59  0000        JMP 0
7E5A  0000        JMP 0
7E5B  0000        JMP 0
7E5C  0000        JMP 0
7E5D  0000        JMP 0
7E5E  0000        JMP 0
7E5F  0000        JMP 0
7E60  0000        JMP 0
7E61  0000        JMP 0
7E62  0000        JMP 0
7E63  0000        JMP 0
7E64  0000        JMP 0
7E65  0000        JMP 0
7E66  0000        JMP 0
7E67  0000        JMP 0
7E68  0000        JMP 0
7E69  0000        JMP 0
7E6A  0000        JMP 0
7E6B  0000        JMP 0
7E6C  0000        JMP 0
7E6D  0000        JMP 0
7E6E  0000        JMP 0
7E6F  0000        JMP 0
7E70  0000        JMP 0
7E71  0000        JMP 0
7E72  0000        JMP 0
7E73  0000        JMP 0
7E74  0000        JMP 0
7E75  0000        JMP 0
7E76  0000        JMP 0
7E77  0000        JMP 0
7E78  0000        JMP 0
7E79  0000        JMP 0
7E7A  0000        JMP 0
7E7B  0000        JMP 0
7E7C  0000        JMP 0
7E7D  0000        JMP 0
7E7E  0000        JMP 0
7E7F  0000        JMP 0
7E80  0000        JMP 0
7E81  0000        JMP 0
7E82  0000        JMP 0
7E83  0000        JMP 0
7E84  0000        JMP 0
7E85  0000        JMP 0
7E86  0000        JMP 0
7E87  0000        JMP 0
7E88  0000        JMP 0
7E89  0000        JMP 0
7E8A  0000        JMP 0
7E8B  0000        JMP 0
7E8C  0000        JMP 0
7E8D  0000        JMP 0
7E8E  0000        JMP 0
7E8F  0000        JMP 0
7E90  0000        JMP 0
7E91  0000        JMP 0
7E92  0000        JMP 0
7E93  0000        JMP 0
7E94  0000        JMP 0
7E95  0000        JMP 0
7E96  0000        JMP 0
7E97  0000        JMP 0
7E98  0000        JMP 0
7E99  0000        JMP 0
7E9A  0000        JMP 0
7E9B  0000        JMP 0
7E9C  0000        JMP 0
7E9D  0000        JMP 0
7E9E  0000        JMP 0
7E9F  0000        JMP 0
7EA0  0000        JMP 0
7EA1  0000        JMP 0
7EA2  0000        JMP 0
7EA3  0000        JMP 0
7EA4  0000        JMP 0
7EA5  0000        JMP 0
7EA6  0000        JMP 0
7EA7  0000        JMP 0
7EA8  0000        JMP 0
7EA9  0000        JMP 0
7EAA  0000        JMP 0
7EAB  0000        JMP 0
7EAC  0000        JMP 0
7EAD  0000        JMP 0
7EAE  0000        JMP 0
7EAF  0000        JMP 0
7EB0  0000        JMP 0
7EB1  0000        JMP 0
7EB2  0000        JMP 0
7EB3  0000        JMP 0
7EB4  0000        JMP 0
7EB5  0000        JMP 0
7EB6  0000        JMP 0
7EB7  0000        JMP 0
7EB8  0000        JMP 0
7EB9  0000        JMP 0
7EBA  0000        JMP 0
7EBB  0000        JMP 0
7EBC  0000        JMP 0
7EBD  0000        JMP 0
7EBE  0000        JMP 0
7EBF  0000        JMP 0
7EC0  0000        JMP 0
7EC1  0000        JMP 0
7EC2  0000        JMP 0
7EC3  0000        JMP 0
7EC4  0000        JMP 0
7EC5  0000        JMP 0
7EC6  0000        JMP 0
7EC7  0000        JMP 0
7EC8  0000        JMP 0
7EC9  0000        JMP 0
7ECA  0000        JMP 0
7ECB  0000        JMP 0
7ECC  0000        JMP 0
7ECD  0000        JMP 0
7ECE  0000        JMP 0
7ECF  0000        JMP 0
7ED0  0000        JMP 0
7ED1  0000        JMP 0
7ED2  0000        JMP 0
7ED3  0000        JMP 0
7ED4  0000        JMP 0
7ED5  0000        JMP 0
7ED6  0000        JMP 0
7ED7  0000        JMP 0
7ED8  0000        JMP 0
7ED9  0000        JMP 0
7EDA  0000        JMP 0
7EDB  0000        JMP 0
7EDC  0000        JMP 0
7EDD  0000        JMP 0
7EDE  0000        JMP 0
7EDF  0000        JMP 0
7EE0  0000        JMP 0
7EE1  0000        JMP 0
7EE2  0000        JMP 0
7EE3  0000        JMP 0
7EE4  0000        JMP 0
7EE5  0000        JMP 0
7EE6  0000        JMP 0
7EE7  0000        JMP 0
7EE8  0000        JMP 0
7EE9  0000        JMP 0
7EEA  0000        JMP 0
7EEB  0000        JMP 0
7EEC  0000        JMP 0
7EED  0000        JMP 0
7EEE  0000        JMP 0
7EEF  0000        JMP 0
7EF0  0000        JMP 0
7EF1  0000        JMP 0
7EF2  0000        JMP 0
7EF3  0000        JMP 0
7EF4  0000        JMP 0
7EF5  0000        JMP 0
7EF6  0000        JMP 0
7EF7  0000        JMP 0
7EF8  0000        JMP 0
7EF9  0000        JMP 0
7EFA  0000        JMP 0
7EFB  0000        JMP 0
7EFC  0000        JMP 0
7EFD  0000        JMP 0
7EFE  0000        JMP 0
7EFF  0000        JMP 0
7F00  0000        JMP 0
7F01  0000        JMP 0
7F02  0000        JMP 0
7F03  0000        JMP 0
7F04  0000        JMP 0
7F05  0000        JMP 0
7F06  0000        JMP 0
7F07  0000        JMP 0
7F08  0000        JMP 0
7F09  0000        JMP 0
7F0A  0000        JMP 0
7F0B  0000        JMP 0
7F0C  0000        JMP 0
7F0D  0000        JMP 0
7F0E  0000        JMP 0
7F0F  0000        JMP 0
7F10  0000        JMP 0
7F11  0000        JMP 0
7F12  0000        JMP 0
7F13  0000        JMP 0
7F14  0000        JMP 0
7F15  0000        JMP 0
7F16  0000        JMP 0
7F17  0000        JMP 0
7F18  0000        JMP 0
7F19  0000        JMP 0
7F1A  0000        JMP 0
7F1B  0000        JMP 0
7F1C  0000        JMP 0
7F1D  0000        JMP 0
7F1E  0000        JMP 0
7F1F  0000        JMP 0
7F20  0000        JMP 0
7F21  0000        JMP 0
7F22  0000        JMP 0
7F23  0000        JMP 0
7F24  0000        JMP 0
7F25  0000        JMP 0
7F26  0000        JMP 0
7F27  0000        JMP 0
7F28  0000        JMP 0
7F29  0000        JMP 0
7F2A  0000        JMP 0
7F2B  0000        JMP 0
7F2C  0000        JMP 0
7F2D  0000        JMP 0
7F2E  0000        JMP 0
7F2F  0000        JMP 0
7F30  0000        JMP 0
7F31  0000        JMP 0
7F32  0000        JMP 0
7F33  0000        JMP 0
7F34  0000        JMP 0
7F35  0000        JMP 0
7F36  0000        JMP 0
7F37  0000        JMP 0
7F38  0000        JMP 0
7F39  0000        JMP 0
7F3A  0000        JMP 0
7F3B  0000        JMP 0
7F3C  0000        JMP 0
7F3D  0000        JMP 0
7F3E  0000        JMP 0
7F3F  0000        JMP 0
7F40  0000        JMP 0
7F41  0000        JMP 0
7F42  0000        JMP 0
7F43  0000        JMP 0
7F44  0000        JMP 0
7F45  0000        JMP 0
7F46  0000        JMP 0
7F47  0000        JMP 0
7F48  0000        JMP 0
7F49  0000        JMP 0
7F4A  0000        JMP 0
7F4B  0000        JMP 0
7F4C  0000        JMP 0
7F4D  0000        JMP 0
7F4E  0000        JMP 0
7F4F  0000        JMP 0
7F50  0000        JMP 0
7F51  0000        JMP 0
7F52  0000        JMP 0
7F53  0000        JMP 0
7F54  0000        JMP 0
7F55  0000        JMP 0
7F56  0000        JMP 0
7F57  0000        JMP 0
7F58  0000        JMP 0
7F59  0000        JMP 0
7F5A  0000        JMP 0
7F5B  0000        JMP 0
7F5C  0000        JMP 0
7F5D  0000        JMP 0
7F5E  0000        JMP 0
7F5F  0000        JMP 0
7F60  0000        JMP 0
7F61  0000        JMP 0
7F62  0000        JMP 0
7F63  0000        JMP 0
7F64  0000        JMP 0
7F65  0000        JMP 0
7F66  0000        JMP 0
7F67  0000        JMP 0
7F68  0000        JMP 0
7F69  0000        JMP 0
7F6A  0000        JMP 0
7F6B  0000        JMP 0
7F6C  0000        JMP 0
7F6D  0000        JMP 0
7F6E  0000        JMP 0
7F6F  0000        JMP 0
7F70  0000        JMP 0
7F71  0000        JMP 0
7F72  0000        JMP 0
7F73  0000        JMP 0
7F74  0000        JMP 0
7F75  0000        JMP 0
7F76  0000        JMP 0
7F77  0000        JMP 0
7F78  0000        JMP 0
7F79  0000        JMP 0
7F7A  0000        JMP 0
7F7B  0000        JMP 0
7F7C  0000        JMP 0
7F7D  0000        JMP 0
7F7E  0000        JMP 0
7F7F  0000        JMP 0
7F80  0000        JMP 0
7F81  0000        JMP 0
7F82  0000        JMP 0
7F83  0000        JMP 0
7F84  0000        JMP 0
7F85  0000        JMP 0
7F86  0000        JMP 0
7F87  0000        JMP 0
7F88  0000        JMP 0
7F89  0000        JMP 0
7F8A  0000        JMP 0
7F8B  0000        JMP 0
7F8C  0000        JMP 0
7F8D  0000        JMP 0
7F8E  0000        JMP 0
7F8F  0000        JMP 0
7F90  0000        JMP 0
7F91  0000        JMP 0
7F92  0000        JMP 0
7F93  0000        JMP 0
7F94  0000        JMP 0
7F95  0000        JMP 0
7F96  0000        JMP 0
7F97  0000        JMP 0
7F98  0000        JMP 0
7F99  0000        JMP 0
7F9A  0000        JMP 0
7F9B  0000        JMP 0
7F9C  0000        JMP 0
7F9D  0000        JMP 0
7F9E  0000        JMP 0
7F9F  0000        JMP 0
7FA0  0000        JMP 0
7FA1  0000        JMP 0
7FA2  0000        JMP 0
7FA3  0000        JMP 0
7FA4  0000        JMP 0
7FA5  0000        JMP 0
7FA6  0000        JMP 0
7FA7  0000        JMP 0
7FA8  0000        JMP 0
7FA9  0000        JMP 0
7FAA  0000        JMP 0
7FAB  0000        JMP 0
7FAC  0000        JMP 0
7FAD  0000        JMP 0
7FAE  0000        JMP 0
7FAF  0000        JMP 0
7FB0  0000        JMP 0
7FB1  0000        JMP 0
7FB2  0000        JMP 0
7FB3  0000        JMP 0
7FB4  0000        JMP 0
7FB5  0000        JMP 0
7FB6  0000        JMP 0
7FB7  0000        JMP 0
7FB8  0000        JMP 0
7FB9  0000        JMP 0
7FBA  0000        JMP 0
7FBB  0000        JMP 0
7FBC  0000        JMP 0
7FBD  0000        JMP 0
7FBE  0000        JMP 0
7FBF  0000        JMP 0
7FC0  0000        JMP 0
7FC1  0000        JMP 0
7FC2  0000        JMP 0
7FC3  0000        JMP 0
7FC4  0000        JMP 0
7FC5  0000        JMP 0
7FC6  0000        JMP 0
7FC7  0000        JMP 0
7FC8  0000        JMP 0
7FC9  0000        JMP 0
7FCA  0000        JMP 0
7FCB  0000        JMP 0
7FCC  0000        JMP 0
7FCD  0000        JMP 0
7FCE  0000        JMP 0
7FCF  0000        JMP 0
7FD0  0000        JMP 0
7FD1  0000        JMP 0
7FD2  0000        JMP 0
7FD3  0000        JMP 0
7FD4  0000        JMP 0
7FD5  0000        JMP 0
7FD6  0000        JMP 0
7FD7  0000        JMP 0
7FD8  0000        JMP 0
7FD9  0000        JMP 0
7FDA  0000        JMP 0
7FDB  0000        JMP 0
7FDC  0000        JMP 0
7FDD  0000        JMP 0
7FDE  0000        JMP 0
7FDF  0000        JMP 0
7FE0  0000        JMP 0
7FE1  0000        JMP 0
7FE2  0000        JMP 0
7FE3  0000        JMP 0
7FE4  0000        JMP 0
7FE5  0000        JMP 0
7FE6  0000        JMP 0
7FE7  0000        JMP 0
7FE8  0000        JMP 0
7FE9  0000        JMP 0
7FEA  0000        JMP 0
7FEB  0000        JMP 0
7FEC  0000        JMP 0
7FED  0000        JMP 0
7FEE  0000        JMP 0
7FEF  0000        JMP 0
7FF0  0000        JMP 0
7FF1  0000        JMP 0
7FF2  0000        JMP 0
7FF3  0000        JMP 0
7FF4  0000        JMP 0
7FF5  0000        JMP 0
7FF6  0000        JMP 0
7FF7  0000        JMP 0
7FF8  0000        JMP 0
7FF9  0000        JMP 0
7FFA  0000        JMP 0
7FFB  0000        JMP 0
7FFC  0000        JMP 0
7FFD  0000        JMP 0
7FFE  0000        JMP 0
7FFF  0000        JMP 0
