Aug 31, 2026  16:33     /***              ADVENTURE  -  PL/1 VERSION 4.0                  ***/                          
1.4.1                                               Source Listing                                           Page 1     
    1  /***              ADVENTURE  -  PL/1 VERSION 4.0                  ***/ 
    2                                                                         
    3   /*                                                                    
    4      ADVENTURES                                                         
    5                                SECRET MESSAGE:   ~ ==@ ") $ @"¦ )#:     
    6      VERSION NUMBER RATIONALE:                                          
    7              VERSION 0  -  ORIGINAL VERSION (WHATEVER THAT WAS)         
    8              VERSION 1  -  COMMON FORTRAN VERSION                       
    9              VERSION 2  -  PL/1 VERSION AS DISTRIBUTED BY SHARE         
   10              VERSION 3  -  ENHANCED PL/1 VERSION (FROM VERSION 2)       
   11              VERSION 4  -  THIS ENHANCED PL/1 VERSION (FROM VERSION 3)  
   12                                                                         
   13              FACOM VERSION MAY HAVE TO BE ENLARGED TO HANDLE            
   14              INCREASED DATA BASE SIZE DUE TO FACOM EXTENDED ATTRIBUTE   
   15              BYTES.  "*PROCESS" CARD OPTIONS "OPT(3),NOAIM" SHOULD BE   
   16              USED.       GP@SECV, 4/82.                                 
   17              (EXTENDED ATTRIBUTES NO LONGER SUPPORTED FROM C83031.)     
   18                                                                         
   19      CURRENT LIMITS:                                                    
   20        11200 WORDS OF MESSAGE TEXT (LINES, LINSIZ).                     
   21          800 TRAVEL OPTIONS (TRAVEL, TRVSIZ).                           
   22          330 VOCABULARY WORDS (KTAB, ATAB, TABSIZ, ATABB).              
   23          150 LOCATIONS (LTEXT, STEXT, KEY, COND, ABB, ATLOC, LOCSIZ).   
   24          100 OBJECTS (PLAC, PLACE, FIXD, FIXED, LINK (TWICE), PTEXT,    
   25                      PROP).                                             
   26           50 "ACTION" VERBS (ACTSPK, VRBSIZ).                           
   27          230 RANDOM MESSAGES (RTEXT, RTXSIZ).                           
   28           12 DIFFERENT PLAYER CLASSIFICATIONS (CTEXT, CVAL, CLSMAX).    
   29           20 HINTS, LESS 3 (HINTLC, HINTED, HINTS, HNTSIZ).             
   30           55 MAGIC MESSAGES (MTEXT, MAGSIZ).                            
   31                                                                         
   32     THERE ARE ALSO LIMITS WHICH CANNOT BE EXCEEDED DUE TO THE           
   33     STRUCTURE OF THE DATABASE.  (E.G., THE VOCABULARY USES              
   34     N/1000 TO DETERMINE WORD TYPE, SO THERE CAN'T BE MORE               
   35     THAN 1000 WORDS.) THESE UPPER LIMITS ARE:                           
   36                                                                         
   37        49999 MESSAGE TEXT WORDS                                         
   38         1000 NON-SYNONYMOUS VOCABULARY WORDS                            
   39          300 LOCATIONS                                                  
   40          100 OBJECTS                                                    
   41                                                                         
   42     SUSPEND/RESTORE PROCESSING, IN-CORE HASHING AND ENCODED DATA        
   43     BASE, THE "RED RUBY", ALL MAGIC MESSAGE AND WIZARD PROCESSING, AND  
   44     THE CRUCIAL CLEAR SCREENS ADDED BY GP, 12/81.                       
   45     DYNALLOC CALLS AND "LIBERATOR" PROCESSING BY GP, 7/83.              
   46     WEEK-END ALL-HOURS FINALLY FIXED BY GP, 10/84.    Y2K - GP 8/00.    
   47   */                                                                    
   48                                                                         
   49  PROGRAM: PROCEDURE (INPARM)  OPTIONS (MAIN)  REORDER;                  
   50                                                                         
   51        DCL  OBJECT       FILE RECORD                                    
   52             ENVIRONMENT(F RECSIZE(80) CONSECUTIVE);                     
   53                                                                         
   54        DCL  SOURCE       FILE RECORD                                    
   55             ENVIRONMENT(F RECSIZE(80) CONSECUTIVE);                     
   56                                                                         
   57        DCL  STORAGE      FILE RECORD                                    
   58             ENVIRONMENT(F RECSIZE(4800) BLKSIZE(4800) CONSECUTIVE);     
Aug 31, 2026  16:33     /***              ADVENTURE  -  PL/1 VERSION 4.0                  ***/                          
1.4.1                                               Source Listing                                           Page 2     
   59                                                                         
   60        DCL  SYSPRINT     FILE OUTPUT PRINT;                             
   61                                                                         
   62        DCL  RANDU ENTRY (FIXED BIN(31),FIXED BIN(31),FLOAT DEC(6))      
   63                                         ;            
   64                                                                         
   65        DCL  TREAD ENTRY (CHAR(133),FIXED BIN(31),CHAR(133),             
   66             FIXED BIN(31),FIXED BIN(31)) ;   
   67                                                                         
   68        DCL  TWRITE ENTRY (CHAR(133),FIXED BIN(31),FIXED BIN(31))        
   69                                         ;            
   70                                                                         
   71        DCL  ITIME ENTRY (FIXED BIN(31)) ;            
   72                                                                         
   73        DCL  CLRSCRN             ENTRY   ;    
   74                                                                         
   75        DCL  DECDATE             ENTRY   ;            
   76                                                                         
   77        DCL  R062A10             ENTRY   ;            
   78                                                                         
   79        DCL  WARNMSG             ENTRY   ;    
   80                                                                         
   81        DCL  WHISPER             ENTRY   ;    
   82 
   83        DCL  STGWR               ENTRY (FIXED BIN(31), POINTER);
   84                                                                         
   85        DCL  INPARM              CHARACTER (100)  CONNECTED VARYING;     
   86                                                                         
   87        DCL  (ABS,ADDR,DATETIME,INDEX,LENGTH,LOW,MAX,MIN,MOD,ONCODE,     
   88         PLIRETC,PLIRETV,POINTERADD,REPEAT,SUBSTR,TIME,TRANSLATE,        
   89         VERIFY)  BUILTIN;                                               
   90                                                                         
   91        DCL  PLIXOPT             CHARACTER (11)  EXTERNAL VARYING        
   92                                 STATIC INIT('ISASIZE(4K)');             
   93                                                                         
   94        DCL  QUOTE               CHARACTER(1)  STATIC INIT('''');
   95        DCL  MACROTIME           CHARACTER(24) STATIC INIT('unknown');
   96        DCL  XLATETO             CHARACTER(26) STATIC INIT('abcdefghijklmnopqrstuvwxyz');
   97        DCL  XLATEFR             CHARACTER(26) STATIC INIT('ABCDEFGHIJKLMNOPQRSTUVWXYZ');
   98                                                                         
   99        DCL CAN                 EVENT;                                   
  100                                                                         
  101        DCL CARD                CHARACTER(80) STATIC INIT(' ');          
  102        DCL COLS(40)            FIXED BIN(15) BASED(ADDR(CARD));         
  103                                                                         
  104        DCL MSGPRMS             CHARACTER(16) STATIC INIT(' ');          
  105                                                                         
  106        DCL TSOID               CHARACTER (8) STATIC INIT(' ');          
  107        DCL TEMPNAME            CHARACTER (8) STATIC INIT(' ');          
  108                                                                         
  109        DCL SEQ#                CHARACTER (4) STATIC INIT('0000');       
  110        DCL CARD#               PICTURE'9999' DEFINED SEQ#;              
  111                                                                         
  112        DCL DATE_STG            CHARACTER (17) STATIC INIT((17)'0');     
  113                                                                         
  114  /* The original declared the next seven as "DEFINED DATE_STG POS(n)"   
  115     overlays.  Iron Spring PL/I 1.4.1 ignores POS(n) completely - both  
  116     reads and writes land on POS(1) - so they are BASED on explicit     
Aug 31, 2026  16:33     /***              ADVENTURE  -  PL/1 VERSION 4.0                  ***/                          
1.4.1                                               Source Listing                                           Page 3     
  117     interior pointers instead.  That reproduces the overlay exactly,    
  118     including the two assignments the game makes THROUGH an overlay in  
  119     order to update DATE_STG itself ("TIME_CHR = TIME();" in the        
  120     scoring code and "PIC_HHMM = HHMM;" in SCANSTG).  DEFINED with no   
  121     POS is handled correctly, so DATE_PIC/PIC_YEAR are left alone.      
  122     DSPTR5/7/9/11 are anchored just before the first executable stmt. */
  123                                                                         
  124        DCL (DSPTR5,DSPTR7,DSPTR9,DSPTR11)   POINTER STATIC;             
  125                                                                         
  126        DCL TIME_CHR            CHARACTER (9)    BASED(DSPTR9);          
  127        DCL CHR_HHMM            CHARACTER (4)    BASED(DSPTR9);          
  128                                                                         
  129        DCL DATE_PIC            PICTURE'99999999' DEFINED DATE_STG;      
  130        DCL PIC_YEAR            PICTURE'9999' DEFINED DATE_STG;          
  131        DCL PIC_MONTH           PICTURE'99'   BASED(DSPTR5);             
  132        DCL PIC_DAY             PICTURE'99'   BASED(DSPTR7);             
  133        DCL PIC_HHMM            PICTURE'9999' BASED(DSPTR9);             
  134        DCL PIC_HH              PICTURE'99'   BASED(DSPTR9);             
  135        DCL PIC_MM              PICTURE'99'   BASED(DSPTR11);            
  136                                                                         
  137        DCL PUTDATE             CHAR (10) STATIC INIT('    /  /  ');     
  138                                                                         
  139        DCL PUTHHMM             CHARACTER (5) STATIC INIT('  :  ');      
  140                                                                         
  141        DCL YYDDD               FIXED DEC (5) STATIC INIT(0);            
  142        DCL YDCHR               CHARACTER (5) STATIC INIT('00000');      
  143        DCL YDPIC               PICTURE '99999' DEFINED YDCHR;           
  144        DCL DIGIT               PICTURE '9' DEFINED YDCHR;               
  145                                                                         
  146        DCL TEST_WORD           FIXED BIN(31) STATIC INIT(0);            
  147        DCL PW                  CHARACTER (4) BASED(ADDR(TEST_WORD));    
  148                                                                         
  149        DCL BITPAT              BIT (8) STATIC INIT('00000010'B);        
  150        DCL HEX02               CHARACTER (1) BASED(ADDR(BITPAT));       
  151                                                                         
  152        DCL LOC_LINE            CHARACTER(30) STATIC INIT(' ');          
  153                                                                         
  154        DCL TIMES(4)            CHARACTER (4) STATIC INIT((4)(4)'0');    
  155                                                                         
  156        DCL INHIB               CHARACTER (1) STATIC INIT('N');          
  157                                                                         
  158        DCL TTYPE               CHARACTER (1) STATIC INIT('T');          
  159                                                                         
  160        DCL RETRYSTR            CHAR(133) VAR STATIC INIT(' ');          
  161                                                                         
  162        DCL 1 PIC_VECTOR(6)     DEFINED LOC_LINE,                        
  163              2 PLOC            PICTURE '999',                           
  164              2 FILL            CHARACTER (2);                           
  165                                                                         
  166        DCL 1 TXTCOM            STATIC,                                  
  167              2 CTEXT(12)       FIXED BIN(31) INIT((12)0),               
  168              2 LTEXT(150)      FIXED BIN(31) INIT((150)0),              
  169              2 MTEXT(55)       FIXED BIN(31) INIT((55)0),               
  170              2 PTEXT(100)      FIXED BIN(31) INIT((100)0),              
  171              2 RTEXT(230)      FIXED BIN(31) INIT((230)0),              
  172              2 STEXT(150)      FIXED BIN(31) INIT((150)0),              
  173              2 TRAVEL(800)     FIXED BIN(31) INIT((800)0),              
  174              2 LINES(11200)    CHARACTER (5) INIT((11200)(5)' ');       
Aug 31, 2026  16:33     /***              ADVENTURE  -  PL/1 VERSION 4.0                  ***/                          
1.4.1                                               Source Listing                                           Page 4     
  175                                                                         
  176        DCL 1 VOCCOM            STATIC,                                  
  177              2 KTAB(330)       FIXED BIN(31) INIT((330)0),              
  178              2 ATAB(330)       CHARACTER (5) INIT((330)(5)' '),         
  179              2 TABSIZ          FIXED BIN(31) INIT(330);                 
  180                                                                         
  181        DCL ATABB(330)          BIT(40) BASED(ADDR(ATAB));               
  182                                                                         
  183        DCL ACTSPK(50)          STATIC FIXED BIN(31)  INIT((50)0);       
  184                                                                         
  185        DCL 1 PLACOM            STATIC,                                  
  186              2 COND(150)       FIXED BIN(31) INIT((150)0),              
  187              2 FIXD(100)       FIXED BIN(31) INIT((100)0),              
  188              2 KEY(150)        FIXED BIN(31) INIT((150)0),              
  189              2 PLAC(100)       FIXED BIN(31) INIT((100)0);              
  190                                                                         
  191        DCL WEEK_DAY(0:6)      CHARACTER (10)  STATIC   INIT             
  192                                              ('SUNDAY   ','MONDAY   ',  
  193           'TUESDAY  ','WEDNESDAY','THURSDAY ','FRIDAY   ','SATURDAY '); 
  194        DCL CMONTH(12)         CHARACTER  (9)  STATIC VARYING   INIT     
  195           ('JANUARY','FEBRUARY','MARCH','APRIL','MAY','JUNE','JULY',    
  196            'AUGUST','SEPTEMBER','OCTOBER','NOVEMBER','DECEMBER');       
  197                                                                         
  198        DCL INTEGER             FIXED BIN(15,0) STATIC INIT(0);          
  199        DCL 1 BYTE_NUMBERS      BASED (ADDR(INTEGER)),                   
  200              2 BYTE_FILL       CHARACTER (1),                           
  201              2 BYTE_NUM        CHARACTER (1);                           
  202                                                                         
  203        DCL ADVREC              CHARACTER(4800) STATIC INIT(' ');        
  204        DCL STGREC              FIXED BIN(31) STATIC INIT(0);
  205                                                                         
  206    DCL 1  ADVARS STATIC,                                                
  207        2  NAME         CHARACTER (8)  INIT(' '),                        
  208        2  USERID       CHARACTER (8)  INIT(' '),                        
  209        2  ABB(150)     FIXED BIN(31)  INIT((150)0),                     
  210        2  ABBNUM       FIXED BIN(31)  INIT(5),                          
  211        2  ATLOC(150)   FIXED BIN(31)  INIT((150)0),                     
  212        2  ATTACK       FIXED BIN(31)  INIT(0),                          
  213        2  AXE          FIXED BIN(31)  INIT(0),                          
  214        2  BACK         FIXED BIN(31)  INIT(0),                          
  215        2  BATTER       FIXED BIN(31)  INIT(0),                          
  216        2  BEAR         FIXED BIN(31)  INIT(0),                          
  217        2  BIRD         FIXED BIN(31)  INIT(0),                          
  218        2  BONUS        FIXED BIN(31)  INIT(0),                          
  219        2  BOTTLE       FIXED BIN(31)  INIT(0),                          
  220        2  BRACELET     FIXED BIN(31)  INIT(0),                          
  221        2  CAGE         FIXED BIN(31)  INIT(0),                          
  222        2  CAVE         FIXED BIN(31)  INIT(0),                          
  223        2  CCODE        FIXED BIN(31)  INIT(0),                          
  224        2  CH           FIXED BIN(31)  INIT(0),                          
  225        2  CHAIN        FIXED BIN(31)  INIT(0),                          
  226        2  CHASM        FIXED BIN(31)  INIT(0),                          
  227        2  CHEST        FIXED BIN(31)  INIT(0),                          
  228        2  CHLOC        FIXED BIN(31)  INIT(114),                        
  229        2  CHLOC2       FIXED BIN(31)  INIT(140),                        
  230        2  CLAM         FIXED BIN(31)  INIT(0),                          
  231        2  CLOCK1       FIXED BIN(31)  INIT(30),                         
  232        2  CLOCK2       FIXED BIN(31)  INIT(50),                         
Aug 31, 2026  16:33     /***              ADVENTURE  -  PL/1 VERSION 4.0                  ***/                          
1.4.1                                               Source Listing                                           Page 5     
  233        2  CLSMAX       FIXED BIN(31)  INIT(12),                         
  234        2  CLSSES       FIXED BIN(31)  INIT(1),                          
  235        2  CLSSIZ       FIXED BIN(31)  INIT(12),                         
  236        2  COINS        FIXED BIN(31)  INIT(0),                          
  237        2  CVAL(12)     FIXED BIN(31)  INIT((12)0),                      
  238        2  DALTLC       FIXED BIN(31)  INIT(18),                         
  239        2  DAY#         FIXED BIN(31)  INIT(0),                          
  240        2  DETAIL       FIXED BIN(31)  INIT(0),                          
  241        2  DFLAG        FIXED BIN(31)  INIT(0),                          
  242        2  DKILL        FIXED BIN(31)  INIT(0),                          
  243        2  DLOC(6)      FIXED BIN(31)  INIT(19,27,33,44,64,114),         
  244        2  DOOR         FIXED BIN(31)  INIT(0),                          
  245        2  DPRSSN       FIXED BIN(31)  INIT(0),                          
  246        2  DRAGON       FIXED BIN(31)  INIT(0),                          
  247        2  DSEEN(8)     BIT       (1)  INIT((8)(1)'0'B),                 
  248        2  HINTED(24)   BIT       (1)  INIT((24)(1)'0'B),                
  249        2  DTOTAL       FIXED BIN(31)  INIT(0),                          
  250        2  DWARF        FIXED BIN(31)  INIT(0),                          
  251        2  EGGS         FIXED BIN(31)  INIT(0),                          
  252        2  ELAPSED      FIXED BIN(31)  INIT(0),                          
  253        2  EMRALD       FIXED BIN(31)  INIT(0),                          
  254        2  ENTRNC       FIXED BIN(31)  INIT(0),                          
  255        2  FFIELD       FIXED BIN(31)  INIT(0),                          
  256        2  FIND         FIXED BIN(31)  INIT(19),                         
  257        2  FISSUR       FIXED BIN(31)  INIT(0),                          
  258        2  FIXED(100)   FIXED BIN(31)  INIT((100)0),                     
  259        2  FOO          FIXED BIN(31)  INIT(0),                          
  260        2  FOOBAR       FIXED BIN(31)  INIT(0),                          
  261        2  FOOD         FIXED BIN(31)  INIT(0),                          
  262        2  FROM         FIXED BIN(31)  INIT(0),                          
  263        2  GRATE        FIXED BIN(31)  INIT(0),                          
  264        2  HHMM         FIXED BIN(31)  INIT(0),                          
  265        2  HINT         FIXED BIN(31)  INIT(0),                          
  266        2  HINTLC(20)   FIXED BIN(31)  INIT((20)0),                      
  267        2  HINTS(20,4)  FIXED BIN(31)  INIT((80)0),                      
  268        2  HNTMAX       FIXED BIN(31)  INIT(0),                          
  269        2  HNTSIZ       FIXED BIN(31)  INIT(20),                         
  270        2  HOLDNG       FIXED BIN(31)  INIT(0),                          
  271        2  I            FIXED BIN(31)  INIT(0),                          
  272        2  INLEN        FIXED BIN(31)  INIT(0),                          
  273        2  INVENT       FIXED BIN(31)  INIT(20),                         
  274        2  IWEST        FIXED BIN(31)  INIT(0),                          
  275        2  INSTR        CHARACTER(133) INIT(' '),                        
  276        2  JUNK1        CHARACTER (5)  INIT(' '),                        
  277        2  JUNK2        CHARACTER (5)  INIT(' '),                        
  278        2  JUNK3        CHARACTER (5)  INIT(' '),                        
  279        2  IX           FIXED BIN(31)  INIT(65549),                      
  280        2  IY           FIXED BIN(31)  INIT(0),                          
  281        2  J            FIXED BIN(31)  INIT(0),                          
  282        2  K            FIXED BIN(31)  INIT(0),                          
  283        2  KEYS         FIXED BIN(31)  INIT(0),                          
  284        2  KK           FIXED BIN(31)  INIT(0),                          
  285        2  KKWORD       CHARACTER (2)  INIT(' '),                        
  286        2  TKWORD(10)   CHARACTER (1)  INIT((10)(1)' '),                 
  287        2  KNFLOC       FIXED BIN(31)  INIT(0),                          
  288        2  KNIFE        FIXED BIN(31)  INIT(0),                          
  289        2  K2           FIXED BIN(31)  INIT(0),                          
  290        2  L            FIXED BIN(31)  INIT(0),                          
Aug 31, 2026  16:33     /***              ADVENTURE  -  PL/1 VERSION 4.0                  ***/                          
1.4.1                                               Source Listing                                           Page 6     
  291        2  LADDER       FIXED BIN(31)  INIT(0),                          
  292        2  LAMP         FIXED BIN(31)  INIT(0),                          
  293        2  LIMIT        FIXED BIN(31)  INIT(0),                          
  294        2  LINK(200)    FIXED BIN(31)  INIT((200)0),                     
  295        2  LINSIZ       FIXED BIN(31)  INIT(11200),                      
  296        2  LINUSE       FIXED BIN(31)  INIT(1),                          
  297        2  LL           FIXED BIN(31)  INIT(0),                          
  298        2  LOC          FIXED BIN(31)  INIT(0),                          
  299        2  LOCK         FIXED BIN(31)  INIT(6),                          
  300        2  LOCSIZ       FIXED BIN(31)  INIT(150),                        
  301        2  LOOK         FIXED BIN(31)  INIT(0),                          
  302        2  M            FIXED BIN(31)  INIT(0),                          
  303        2  MAGSIZ       FIXED BIN(31)  INIT(55),                         
  304        2  MAGZIN       FIXED BIN(31)  INIT(0),                          
  305        2  MAXDIE       FIXED BIN(31)  INIT(0),                          
  306        2  MAXTRS       FIXED BIN(31)  INIT(79),   /* MAX TRES. OBJ # */ 
  307        2  MESSAG       FIXED BIN(31)  INIT(0),                          
  308        2  MIRROR       FIXED BIN(31)  INIT(0),                          
  309        2  MXSCOR       FIXED BIN(31)  INIT(0),                          
  310        2  NEWLOC       FIXED BIN(31)  INIT(0),                          
  311        2  NUGGET       FIXED BIN(31)  INIT(0),                          
  312        2  NULLX        FIXED BIN(31)  INIT(0),                          
  313        2  NUMDIE       FIXED BIN(31)  INIT(0),                          
  314        2  OBJ          FIXED BIN(31)  INIT(0),                          
  315        2  ODLOC(6)     FIXED BIN(31)  INIT((6)0),                       
  316        2  OIL          FIXED BIN(31)  INIT(0),                          
  317        2  OLDLC2       FIXED BIN(31)  INIT(0),                          
  318        2  OLDLOC       FIXED BIN(31)  INIT(-1),   /* START DB READ */   
  319        2  ORAC         FIXED BIN(31)  INIT(0),                          
  320        2  OUTSTR       CHAR(133) VAR  INIT(' '),                        
  321        2  REPLY        CHARACTER (5)  INIT(' '),                        
  322        2  OYSTER       FIXED BIN(31)  INIT(0),                          
  323        2  PEARL        FIXED BIN(31)  INIT(0),                          
  324        2  PILLOW       FIXED BIN(31)  INIT(0),                          
  325        2  PLACE(100)   FIXED BIN(31)  INIT((100)0),                     
  326        2  PLANT        FIXED BIN(31)  INIT(0),                          
  327        2  PLANT2       FIXED BIN(31)  INIT(0),                          
  328        2  POSN         FIXED BIN(31)  INIT(0),                          
  329        2  PROP(100)    FIXED BIN(31)  INIT((100)0),                     
  330        2  PYRAM        FIXED BIN(31)  INIT(0),                          
  331        2  RESTORE      FIXED BIN(31)  INIT(34),                         
  332        2  ROD          FIXED BIN(31)  INIT(0),                          
  333        2  ROD2         FIXED BIN(31)  INIT(0),                          
  334        2  RTXSIZ       FIXED BIN(31)  INIT(230),                        
  335        2  RUBY         FIXED BIN(31)  INIT(0),                          
  336        2  RUG          FIXED BIN(31)  INIT(0),                          
  337        2  SAY          FIXED BIN(31)  INIT(3),                          
  338        2  SCORE        FIXED BIN(31)  INIT(0),                          
  339        2  SECT         FIXED BIN(31)  INIT(0),                          
  340        2  SNAKE        FIXED BIN(31)  INIT(0),                          
  341        2  SPICES       FIXED BIN(31)  INIT(0),                          
  342        2  SPK          FIXED BIN(31)  INIT(0),                          
  343        2  STEPS        FIXED BIN(31)  INIT(0),                          
  344        2  STICK        FIXED BIN(31)  INIT(0),                          
  345        2  SUSPEND      FIXED BIN(31)  INIT(30),                         
  346        2  SUSPEND#     FIXED BIN(31)  INIT(0),                          
  347        2  TABLET       FIXED BIN(31)  INIT(0),                          
  348        2  TABNDX       FIXED BIN(31)  INIT(0),                          
Aug 31, 2026  16:33     /***              ADVENTURE  -  PL/1 VERSION 4.0                  ***/                          
1.4.1                                               Source Listing                                           Page 7     
  349        2  TALLY        FIXED BIN(31)  INIT(0),                          
  350        2  TALLY2       FIXED BIN(31)  INIT(0),                          
  351        2  TEMP         FIXED BIN(31)  INIT(0),                          
  352        2  THROW        FIXED BIN(31)  INIT(17),                         
  353        2  TK(20)       FIXED BIN(31)  INIT((20)0),                      
  354        2  TODAY        FIXED BIN(31)  INIT(0),                          
  355        2  TRIDNT       FIXED BIN(31)  INIT(0),                          
  356        2  TROLL        FIXED BIN(31)  INIT(0),                          
  357        2  TROLL2       FIXED BIN(31)  INIT(0),                          
  358        2  TRVS         FIXED BIN(31)  INIT(1),                          
  359        2  TRVSIZ       FIXED BIN(31)  INIT(800),                        
  360        2  TURNS        FIXED BIN(31)  INIT(0),                          
  361        2  VASE         FIXED BIN(31)  INIT(0),                          
  362        2  VEND         FIXED BIN(31)  INIT(0),                          
  363        2  VERB         FIXED BIN(31)  INIT(0),                          
  364        2  VERSION      CHARACTER (4)  INIT('V4.0'),                     
  365        2  VRBSIZ       FIXED BIN(31)  INIT(50),                         
  366        2  WATER        FIXED BIN(31)  INIT(0),                          
  367        2  WD1          CHARACTER (5)  INIT(' '),                        
  368        2  WD1X         CHARACTER (5)  INIT(' '),                        
  369        2  WD2          CHARACTER (5)  INIT(' '),                        
  370        2  WD2X         CHARACTER (5)  INIT(' '),                        
  371        2  WORD         FIXED BIN(31)  INIT(0),                          
  372        2  WORDEND      FIXED BIN(31)  INIT(0),                          
  373        2  WORDSIZE     FIXED BIN(31)  INIT(0),                          
  374        2  WORDSTRT     FIXED BIN(31)  INIT(0),                          
  375        2  Y            FLOAT DEC (6)  INIT(0),                          
  376        2  ZZZZZZ(29)   FIXED BIN(31)  INIT((29)0),   /* SPARE FILLER */ 
  377        2  KQ           FIXED BIN(15)  INIT(0),                          
  378        2  BLKLIN       BIT       (1)  INIT('1'B),                       
  379        2  CLOSED       BIT       (1)  INIT('0'B),                       
  380        2  CLOSNG       BIT       (1)  INIT('0'B),                       
  381        2  DEMOGM       BIT       (1)  INIT('0'B),                       
  382        2  EOCARD       BIT       (1)  INIT('0'B),                       
  383        2  GAVEUP       BIT       (1)  INIT('0'B),                       
  384        2  LMWARN       BIT       (1)  INIT('0'B),                       
  385        2  LOGON        BIT       (1)  INIT('0'B),                       
  386        2  NOSTG        BIT       (1)  INIT('0'B),                       
  387        2  PANIC        BIT       (1)  INIT('0'B),                       
  388        2  RLD          BIT       (1)  INIT('0'B),                       
  389        2  SCORNG       BIT       (1)  INIT('0'B),                       
  390        2  UNAUTH       BIT       (1)  INIT('0'B),                       
  391        2  WIZARD       BIT       (1)  INIT('0'B),                       
  392        2  WZDARK       BIT       (1)  INIT('0'B),                       
  393        2  YEA          BIT       (1)  INIT('0'B);                       
  394  /*                                                                     
  395     BLKLIN IS THE BLANK LINE FLAG FOR LINEOUT                           
  396     CLOSED SAYS WHETHER WE'RE ALL THE WAY CLOSED                        
  397     CLOSNG SAYS WHETHER IT'S CLOSING TIME YET                           
  398     DEMOGM SAYS WHETHER IT'S A DEMONSTRATION GAME                       
  399     EOCARD IS THE END OF FILE FLAG FOR CARD IMAGE FILES OBJECT & SOURCE 
  400     GAVEUP SAYS WHETHER HE EXITED VIA "QUIT"                            
  401     LMWARN SAYS WHETHER HE'S BEEN WARNED ABOUT LAMP GOING DIM           
  402     LOGON IS THE SYSPRINT LOGGING FLAG                                  
  403     NOSTG IS THE END OF FILE FLAG FOR STORAGE                           
  404     PANIC SAYS WHETHER HE'S FOUND OUT HE'S TRAPPED IN THE CAVE          
  405     SCORNG INDICATES TO THE SCORE ROUTINE WHETHER WE'RE DOING           
  406      A "SCORE" COMMAND                                                  
Aug 31, 2026  16:33     /***              ADVENTURE  -  PL/1 VERSION 4.0                  ***/                          
1.4.1                                               Source Listing                                           Page 8     
  407     UNAUTH SAYS WHETHER TSO USERID IS AUTHORIZED FOR THIS PROGRAM       
  408     WIZARD SAYS WHETHER HE'S A WIZARD                                   
  409     WZDARK SAYS WHETHER THE LOC HE'S LEAVING WAS DARK                   
  410     YEA IS RANDOM YES/NO REPLY                                          
  411                                                                         
  412     INHIB  INHIBITS OUTPUT SO MESSAGE CAN HAVE VARIABLES ADDED TO IT.   
  413            (ONLY GET FIRST LINE OF MESSAGE.)                            
  414     RETRYSTR IS THE SAVE AREA FOR THE LAST NON-BLANK MESSAGE            
  415              TO BE REPRINTED AFTER PA2 KEY IS USED ON A VDU.            
  416     TTYPE  SAYS WHETHER A VDU OR A TTY IS BEING USED.                   
  417   */                                                                    
  418  /*  CONTROL BLOCK DATA STRUCTURES  */                                  
  419                                                                         
  420        DCL HEX21C              FIXED BIN(31) STATIC INIT(1000011100B);  
  421        DCL PTR21C              POINTER BASED(ADDR(HEX21C));             
  422        DCL PSATOLD             POINTER BASED(PTR21C);                   
  423                                                                         
  424        DCL 1 TCB               BASED(PSATOLD),                          
  425              2 TCBFIL1         CHARACTER(12),                           
  426              2 TCBTIO          POINTER,                                 
  427              2 TCBFIL2         CHARACTER(164),                          
  428              2 TCBJSCB         POINTER;                                 
  429                                                                         
  430        DCL TIOCNJOB            CHARACTER(8) BASED(TCBTIO);              
  431                                                                         
  432        DCL 1 JSCB              BASED(TCBJSCB),                          
  433              2 JSCBFIL1        CHARACTER(264),                          
  434              2 JSCBPSCB        POINTER;                                 
  435                                                                         
  436        DCL 1 PSCB              BASED(JSCBPSCB),                         
  437              2 PSCBFIL1        CHARACTER(48),                           
  438              2 PSCBRLGB        POINTER;                                 
  439                                                                         
  440        DCL 1 RLGB              BASED(PSCBRLGB),                         
  441              2 RLGBFIL1        CHARACTER(4),                            
  442              2 LMESSAGE        CHARACTER(8),                            
  443              2 RLGBFIL2        CHARACTER(244),                          
  444              2 RLGBECT         POINTER;                                 
  445                                                                         
  446        DCL 1 ECT               BASED(RLGBECT),                          
  447              2 ECTFIL1         CHARACTER(28),                           
  448              2 ECTSWS(8)       BIT(1);                                  
  449                                                                         
  450                                                                         
  451        DCL 1 PARMLIST          STATIC,                                  
  452              2 DDNAME          CHARACTER (8) INIT(' '),                 
  453              2 DSNAME          CHARACTER(44) INIT(' '),                 
  454              2 DSMEMBER        CHARACTER (8) INIT(' '),                 
  455              2 PASSWORD        CHARACTER (8) INIT(' '),                 
  456              2 DSSTATUS        CHARACTER (8) INIT('SHR'),               
  457              2 DSNDISP         CHARACTER (8) INIT(' '),                 
  458              2 DSADISP         CHARACTER (8) INIT(' '),                 
  459              2 DSUNIT          CHARACTER (8) INIT(' '),                 
  460              2 DSRESV1         CHARACTER (8) INIT(' '),                 
  461              2 DSVOLSER        CHARACTER (6) INIT(' '),                 
  462              2 DSRESV2         CHARACTER(40) INIT(' '),                 
  463              2 DSVOLREF        CHARACTER(44) INIT(' '),                 
  464              2 DSFREE          CHARACTER (8) INIT(' '),                 
Aug 31, 2026  16:33     /***              ADVENTURE  -  PL/1 VERSION 4.0                  ***/                          
1.4.1                                               Source Listing                                           Page 9     
  465              2 DSLABEL         CHARACTER (4) INIT(' '),                 
  466              2 DSINOUT         CHARACTER (4) INIT(' '),                 
  467              2 DSRESV3         CHARACTER(204) INIT(' ');                
  468  /*  DESCRIPTION OF THE DATABASE FORMAT                                 
  469                                                                         
  470                                                                         
  471     THE DATA FILE CONTAINS SEVERAL SECTIONS.  EACH BEGINS               
  472     WITH A LINE CONTAINING A NUMBER IDENTIFYING THE SECTION,            
  473     AND ENDS WITH A LINE CONTAINING "-1".                               
  474                                                                         
  475     SECTION 1:  LONG FORM DESCRIPTIONS.  EACH LINE CONTAINS A           
  476         LOCATION NUMBER, A TAB, AND A LINE OF TEXT.  THE SET            
  477         OF (NECESSARILY ADJACENT) LINES WHOSE NUMBERS ARE X             
  478         FORM THE LONG DESCRIPTION OF LOCATION X.                        
  479     SECTION 2:  SHORT FORM DESCRIPTIONS.  SAME FORMAT AS LONG           
  480         FORM.  NOT ALL PLACES HAVE SHORT DESCRIPTIONS.                  
  481     SECTION 3:  TRAVEL TABLE.  EACH LINE CONTAINS A LOCATION            
  482         NUMBER (X), A SECOND LOCATION NUMBER (Y), AND A LIST            
  483         OF MOTION NUMBERS (SEE SECTION 4).  EACH MOTION                 
  484         REPRESENTS A VERB WHICH WILL GO TO Y IF CURRENTLY AT            
  485         X.  Y, IN TURN, IS INTERPRETED AS FOLLOWS.  LET                 
  486         M=Y/1000, N=Y MOD 1000.                                         
  487                 IF N<=300       IT IS THE LOCATION TO GO TO.            
  488                 IF 300<N<=500   N-300 IS USED IN A COMPUTED             
  489                                 GOTO TO A SECTION OF SPECIAL            
  490                                 CODE.                                   
  491                 IF N>500        MESSAGE N-500 FROM SECTION 6            
  492                                 IS PRINTED, AND HE STAYS                
  493                                 WHEREVER HE IS.                         
  494         MEANWHILE, M SPECIFIES THE CONDITIONS ON THE MOTION.            
  495                 IF M=0          IT'S UNCONDITIONAL.                     
  496                 IF 0<M<100      IT IS DONE WITH M%                      
  497                                 PROBABILITY.                            
  498                 IF M=100        UNCONDITIONAL, BUT FORBIDDEN            
  499                                 TO DWARFS.                              
  500                 IF 100<M<=200   HE MUST BE CARRYING OBJECT              
  501                                 M-100.                                  
  502                 IF 200<M<=300   MUST BE CARRYING OR IN SAME             
  503                                 ROOM AS OBJECT M-200.                   
  504                 IF 300<M<=400   PROP(M MOD 100) MUST *NOT* BE           
  505                                 0.                                      
  506                 IF 400<M<=500   PROP(M MOD 100) MUST *NOT* BE           
  507                                 1.                                      
  508                 IF 500<M<=600   PROP(M MOD 100) MUST *NOT* BE           
  509                                 2, ETC.                                 
  510         IF THE CONDITION (IF ANY) IS NOT MET, THEN THE NEXT             
  511         *DIFFERENT* "DESTINATION" VALUE IS USED (UNLESS IT              
  512         FAILS TO MEET *ITS* CONDITIONS, IN WHICH CASE THE               
  513         NEXT IS FOUND, ETC.).  TYPICALLY, THE NEXT DEST WILL            
  514         BE FOR ONE OF THE SAME VERBS, SO THAT ITS ONLY USE IS           
  515         AS THE ALTERNATE DESTINATION FOR THOSE VERBS.  FOR              
  516         INSTANCE:                                                       
  517             15      110022  29      31      34      35      23      43  
  518             15      14      29                                          
  519         THIS SAYS THAT, FROM LOC 15, ANY OF THE VERBS 29, 31,           
  520         ETC., WILL TAKE HIM TO 22 IF HE'S CARRYING OBJECT 10,           
  521         AND OTHERWISE WILL GO TO 14.                                    
  522                 11      303008  49                                      
Aug 31, 2026  16:33     /***              ADVENTURE  -  PL/1 VERSION 4.0                  ***/                          
1.4.1                                               Source Listing                                           Page 10    
  523                 11      9       50                                      
  524         THIS SAYS THAT, FROM 11, 49 TAKES HIM TO 8 UNLESS               
  525         PROP(3)=0, IN WHICH CASE HE GOES TO 9.  VERB 50 TAKES           
  526         HIM TO 9 REGARDLESS OF PROP(3).                                 
  527     SECTION 4:  VOCABULARY.  EACH LINE CONTAINS A NUMBER (N),           
  528         A TAB, AND A FIVE-LETTER WORD.  CALL M=N/1000.  IF              
  529         M=0, THEN THE WORD IS A MOTION VERB FOR USE IN                  
  530         TRAVELLING (SEE SECTION 3).  ELSE, IF M=1, THE WORD             
  531         IS AN OBJECT.  ELSE, IF M=2, THE WORD IS AN ACTION              
  532         VERB (SUCH AS "CARRY" OR "ATTACK").  ELSE, IF M=3,              
  533         THE WORD IS A SPECIAL CASE VERB (SUCH AS "DIG") AND N           
  534         MOD 1000 IS AN INDEX INTO SECTION 6.  OBJECTS FROM 50           
  535         TO (CURRENTLY, ANYWAY) 79 ARE CONSIDERED TREASURES              
  536         (FOR PIRATE, CLOSEOUT).                                         
  537     SECTION 5:  OBJECT DESCRIPTIONS.  EACH LINE CONTAINS A              
  538         NUMBER (N), A TAB, AND A MESSAGE.  IF N IS FROM 1 TO            
  539         100, THE MESSAGE IS THE "INVENTORY" MESSAGE FOR                 
  540         OBJECT N.  OTHERWISE, N SHOULD BE 000, 100, 200,                
  541         ETC., AND THE MESSAGE SHOULD BE THE DESCRIPTION OF              
  542         THE PRECEDING OBJECT WHEN ITS PROP VALUE IS N/100.              
  543         THE N/100 IS USED ONLY TO DISTINGUISH MULTIPLE                  
  544         MESSAGES FROM MULTI-LINE MESSAGES- THE PROP INFO                
  545         ACTUALLY REQUIRES ALL MESSAGES FOR AN OBJECT TO BE              
  546         PRESENT AND CONSECUTIVE.  PROPERTIES WHICH PRODUCE NO           
  547         MESSAGE SHOULD BE GIVEN THE MESSAGE ">$<".                      
  548     SECTION 6:  ARBITRARY MESSAGES.  SAME FORMAT AS SECTIONS            
  549         1, 2, AND 5, EXCEPT THE NUMBERS BEAR NO RELATION TO             
  550         ANYTHING (EXCEPT FOR SPECIAL VERBS IN SECTION 4).               
  551     SECTION 7:  OBJECT LOCATIONS.  EACH LINE CONTAINS AN                
  552         OBJECT NUMBER AND ITS INITIAL LOCATION (ZERO (OR                
  553         OMITTED) IF NONE).  IF THE OBJECT IS IMMOVABLE, THE             
  554         LOCATION IS FOLLOWED BY A "-1".  IF IT HAS TWO                  
  555         LOCATIONS (E.G.  THE GRATE) THE FIRST LOCATION IS               
  556         FOLLOWED WITH THE SECOND, AND THE OBJECT IS ASSUMED             
  557         TO BE IMMOVABLE.                                                
  558     SECTION 8:  ACTION DEFAULTS.  EACH LINE CONTAINS AN                 
  559         "ACTION-VERB" NUMBER AND THE INDEX (IN SECTION 6) OF            
  560         THE DEFAULT MESSAGE FOR THE VERB.                               
  561     SECTION 9:  LIQUID ASSETS, ETC.  EACH LINE CONTAINS A               
  562         NUMBER (N) AND UP TO 20 LOCATION NUMBERS.  BIT N                
  563         (WHERE 0 IS THE UNITS BIT) IS SET IN COND(LOC) FOR              
  564         EACH LOC GIVEN.  THE COND BITS CURRENTLY ASSIGNED               
  565         ARE:                                                            
  566                 0       LIGHT                                           
  567                 1       IF BIT 2 IS ON:  ON FOR OIL, OFF FOR            
  568                         WATER                                           
  569                 2       LIQUID ASSET, SEE BIT 1                         
  570                 3       PIRATE DOESN'T GO HERE UNLESS                   
  571                         FOLLOWING PLAYER                                
  572         OTHER BITS ARE USED TO INDICATE AREAS OF INTEREST TO            
  573         "HINT" ROUTINES:                                                
  574                 4       TRYING TO GET INTO CAVE                         
  575                 5       TRYING TO CATCH BIRD                            
  576                 6       TRYING TO DEAL WITH SNAKE                       
  577                 7       LOST IN MAZE                                    
  578                 8       PONDERING DARK ROOM                             
  579                 9       AT WITT'S END                                   
  580         COND(LOC) IS SET TO 2, OVERRIDING ALL OTHER BITS, IF            
Aug 31, 2026  16:33     /***              ADVENTURE  -  PL/1 VERSION 4.0                  ***/                          
1.4.1                                               Source Listing                                           Page 11    
  581         LOC HAS FORCED MOTION.                                          
  582     SECTION 10:  CLASS MESSAGES.  EACH LINE CONTAINS A NUMBER           
  583         (N), A TAB, AND A MESSAGE DESCRIBING A CLASSIFICATION           
  584         OF PLAYER.  THE SCORING SECTION SELECTS THE                     
  585         APPROPRIATE MESSAGE, WHERE EACH MESSAGE IS CONSIDERED           
  586         TO APPLY TO PLAYERS WHOSE SCORES ARE HIGHER THAN THE            
  587         PREVIOUS N BUT NOT HIGHER THAN THIS N.  NOTE THAT               
  588         THESE SCORES PROBABLY CHANGE WITH EVERY MODIFICATION            
  589         (AND PARTICULARLY EXPANSION) OF THE PROGRAM.                    
  590     SECTION 11:  HINTS.  EACH LINE CONTAINS A HINT NUMBER               
  591         (CORRESPONDING TO A COND BIT, SEE SECTION 9), THE               
  592         NUMBER OF TURNS HE MUST BE AT THE RIGHT LOC(S) BEFORE           
  593         TRIGGERING THE HINT, THE POINTS DEDUCTED FOR TAKING             
  594         THE HINT, THE MESSAGE NUMBER (SECTION 6) OF THE                 
  595         QUESTION, AND THE MESSAGE NUMBER OF THE HINT.  THESE            
  596         VALUES ARE STASHED IN THE "HINTS" ARRAY.  HNTMAX IS             
  597         SET TO THE MAX HINT NUMBER (<= HNTSIZ).  NUMBERS 1-3            
  598         ARE UNUSABLE SINCE COND BITS ARE OTHERWISE ASSIGNED,            
  599         SO 2 IS USED TO REMEMBER IF HE'S READ THE CLUE IN THE           
  600         REPOSITORY, AND 3 IS USED TO REMEMBER WHETHER HE                
  601         ASKED FOR INSTRUCTIONS (GETS MORE TURNS, BUT LOSES              
  602         POINTS).                                                        
  603     SECTION 12:  MAGIC MESSAGES.  IDENTICAL TO SECTION 6                
  604         EXCEPT PUT IN A SEPARATE SECTION FOR EASIER                     
  605         REFERENCE.  MAGIC MESSAGES ARE USED BY THE STARTUP,             
  606         MAINTENANCE MODE, AND RELATED ROUTINES.                         
  607     SECTION 0:  END OF DATABASE.                                        
  608                                                                         
  609   */                                                                    
  610                                                                         
  611  ON ATTENTION BEGIN;                                                    
  612               ON ATTENTION SIGNAL ERROR;                                
  613               LMESSAGE = ' ';                                           
  614               ECTSWS(1) = '0'B;                       /* NO OPERANDS */ 
  615               ECTSWS(4) = '1'B;         /* LOGON OR LOGOFF REQUESTED */ 
  616               SUBSTR(LMESSAGE,1,1) = 'L';                               
  617               SUBSTR(LMESSAGE,2,1) = 'O';                               
  618               SUBSTR(LMESSAGE,3,1) = 'G';                               
  619               SUBSTR(LMESSAGE,4,1) = 'O';                               
  620               SUBSTR(LMESSAGE,5,1) = 'F';                               
  621               SUBSTR(LMESSAGE,6,1) = 'F';                               
  622               GO TO DEALLOC;                                            
  623               END;                                                      
  624                                                                         
  625  ON ERROR BEGIN;                                                        
  626           ON ERROR SYSTEM;                                              
  627           CALL BUG(99);                                                 
  628           END;                                                          
  629                                                                         
  630  ON ENDFILE (OBJECT) EOCARD = '1'B;                                     
  631                                                                         
  632  ON ENDFILE (SOURCE) EOCARD = '1'B;                                     
  633                                                                         
  634  ON ENDFILE (STORAGE) NOSTG = '1'B;                                     
  635  /*  READ THE DATABASE IF WE HAVE NOT YET DONE SO       */              
  636                                                                         
  637  /*  Anchor the DATE_STG overlays (see their declarations above).  */   
  638          DSPTR5  = POINTERADD(ADDR(DATE_STG),4);                        
Aug 31, 2026  16:33     /***              ADVENTURE  -  PL/1 VERSION 4.0                  ***/                          
1.4.1                                               Source Listing                                           Page 12    
  639          DSPTR7  = POINTERADD(ADDR(DATE_STG),6);                        
  640          DSPTR9  = POINTERADD(ADDR(DATE_STG),8);                        
  641          DSPTR11 = POINTERADD(ADDR(DATE_STG),10);                       
  642                                                                         
  643          CALL CLRSCRN;                                                  
  644          IF PLIRETV() = 0 THEN TTYPE = 'V';              /* ON A VDU */ 
  645          PUT STRING (OUTSTR) EDIT ('Initializing...') (A);              
  646          CALL LINEOUT;                                                  
  647                                                                         
  648  /*                                                                     
  649     CLEAR OUT THE VARIOUS TEXT-POINTER ARRAYS.  ALL TEXT IS             
  650     STORED IN ARRAY LINES- EACH LINE IS PRECEDED BY A WORD              
  651     POINTING TO THE NEXT POINTER (I.E.  THE WORD FOLLOWING              
  652     THE END OF THE LINE).  THE POINTER IS NEGATIVE IF THIS IS           
  653     FIRST LINE OF A MESSAGE.  THE TEXT-POINTER ARRAYS CONTAIN           
  654     INDICES OF POINTER-WORDS IN LINES.  STEXT(N) IS SHORT               
  655     DESCRIPTION OF LOCATION N.  LTEXT(N) IS LONG DESCRIPTION.           
  656     PTEXT(N) POINTS TO MESSAGE FOR PROP(N)=0.  SUCCESSIVE               
  657     PROP MESSAGES ARE FOUND BY CHASING POINTERS.  RTEXT                 
  658     CONTAINS SECTION 6'S STUFF.  CTEXT(N) POINTS TO A                   
  659     PLAYER-CLASS MESSAGE.  MTEXT IS FOR SECTION 12.  WE ALSO            
  660     CLEAR COND.  SEE DESCRIPTION OF SECTION 9 FOR DETAILS.              
  661     (VARIABLES INITIALIZED IN DECLARATIONS).                            
  662   */                                                                    
  663                                                                         
  664          DATE_STG = DATETIME();                                         
  665          CALL THISDAY(OUTSTR);                                          
  666          CALL LINEOUT;                                                  
  667          TSOID = 'PLAYER  ';                                              
  668          SUBSTR(MSGPRMS,9,8) = TSOID;                                   
  669          PW = SUBSTR(TSOID,1,4);                                        
  670          TEST_WORD = -TEST_WORD;                                        
  671          SUBSTR(USERID,1,4) = PW;                                       
  672          PW = SUBSTR(TSOID,5,4);                                        
  673          TEST_WORD = -TEST_WORD;                                        
  674          SUBSTR(USERID,5,4) = SUBSTR(PW,1,3) || SUBSTR(TSOID,8,1);      
  675          TODAY = DATE_PIC;                                              
  676          HHMM = PIC_HHMM;                                               
  677                                                                         
  678          UNAUTH = '0'B;                                                 
  679                                                                         
  680          L = LENGTH(INPARM);                                            
  681          IF L > 4                                                       
  682          THEN DO;                                                       
  683               IF SUBSTR(INPARM,1,4) = '$¢^%'                            
  684               THEN DO;                                                  
  685                    IF SUBSTR(INPARM,5,1) > 'Z'                          
  686                    THEN SUBSTR(YDCHR,1,1) = SUBSTR(INPARM,5,1);         
  687                    IF DIGIT = DAY# THEN WIZARD = '1'B;                  
  688                    END;                                                 
  689               IF L > 5                                                  
  690               THEN DO;                                                  
  691                    IF SUBSTR(INPARM,6,1) = '#'                          
  692                    THEN DSSTATUS = 'MOD ';                              
  693                    IF SUBSTR(INPARM,6,1) = '@'                          
  694                    THEN GO TO PREALLOC;                                 
  695                    END;                                                 
  696               END;                                                      
Aug 31, 2026  16:33     /***              ADVENTURE  -  PL/1 VERSION 4.0                  ***/                          
1.4.1                                               Source Listing                                           Page 13    
  697          DDNAME = 'STORAGE '; /* ALLOCATE FILES IF NOT PRE-ALLOCATED */ 
  698          DSNAME = 'STORAGE$.STORAGE$.STORAGE$.STORAGE$.STORAGE$';       
  699          DSMEMBER = 'STGMEMBR';                                         
  700          PASSWORD = 'STG-PSWD';                                         
  701          CALL R062A10(PARMLIST);  /* IF RC^=0 FILE WAS PRE-ALLOCATED */ 
  702          DDNAME = 'OBJECT  ';                                           
  703          DSNAME = '$OBJECT$.$OBJECT$.$OBJECT$.$OBJECT$.$OBJECT$';       
  704          DSMEMBER = 'OBJMEMBR';                                         
  705          PASSWORD = 'OBJ-PSWD';                                         
  706          CALL R062A10(PARMLIST);                                        
  707          DSSTATUS = ' ';                                                
  708          DSMEMBER = ' ';                                                
  709          PASSWORD = ' ';                                                
  710  PREALLOC:                                                              
  711          DSNAME = LOW(44);                                              
  712                                                                         
  713          WIZARD = '1'B;   /* standalone single-player port: always authorized */
  714          IF WIZARD THEN GO TO AUTHOK;                                   
  715          OPEN FILE (STORAGE) UPDATE;                                    
  716          READ FILE (STORAGE) INTO (ADVREC);                             
  717                                                                         
  718          SUBSTR(MSGPRMS,1,7) = SUBSTR(ADVREC,1,7);                      
  719          I = INDEX(ADVREC,SUBSTR(USERID,1,7));                          
  720          IF I = 0                                                       
  721          THEN DO;                                                       
  722               UNAUTH = '1'B;                                            
  723               OUTSTR = 'Userid ' || TSOID ||                            
  724                 'is not authorized to run this program.';               
  725               CALL LINEOUT;                                             
  726               CALL LINESKP;                                             
  727               END;                                                      
  728          ELSE DO;                                                       
  729               BYTE_NUM = SUBSTR(ADVREC,I+7,1);                          
  730               INTEGER = INTEGER + 1;                                    
  731               SUBSTR(ADVREC,I+7,1) = BYTE_NUM;                          
  732               REWRITE FILE (STORAGE) FROM (ADVREC);                     
  733               END;                                                      
  734          CLOSE FILE (STORAGE);                                          
  735          NOSTG = '0'B;                                                  
  736          IF SUBSTR(USERID,1,7) = SUBSTR(ADVREC,1,7) THEN GO TO AUTHOK;  
  737                                  /* NOTIFY GRAND WIZARD IF LOGGED ON */ 
  738          IF ^UNAUTH THEN SUBSTR(MSGPRMS,8,1) = 'A';     /* AUTH FLAG */ 
  739          CALL WARNMSG(MSGPRMS);                                         
  740          IF UNAUTH & PLIRETV ^= 0 /* UNAUTH & GRAND WIZ ^ LOGGED ON? */ 
  741          THEN SIGNAL ATTENTION;             /* YES, SO BYE BYE, BABY */ 
  742                                                                         
  743  AUTHOK:                                                 /* GO AHEAD */ 
  744          DO J = 1 TO 4;                         /* GET TRADING HOURS */ 
  745               PW = SUBSTR(ADVREC,4781+J*4,4);                           
  746               IF SUBSTR(PW,1,1) = ' ' THEN GO TO NEXTIM;                
  747               TEST_WORD = -TEST_WORD;                                   
  748               TIMES(J) = PW;                                            
  749  NEXTIM: END;                                                           
  750          CALL GETMSGS(TSOID,'A');                          /* LISTBC */ 
  751          OPEN FILE (OBJECT) INPUT;                                      
  752                                                                         
  753  /* START NEW DATA SECTION.  SECT IS THE SECTION NUMBER. */             
  754                                                                         
Aug 31, 2026  16:33     /***              ADVENTURE  -  PL/1 VERSION 4.0                  ***/                          
1.4.1                                               Source Listing                                           Page 14    
  755  L1002:  READ FILE (OBJECT) INTO (CARD);                                
  756          IF EOCARD THEN CALL BUG(10);                                   
  757          IF SUBSTR(CARD,3,1) = 'S'                /* IGNORE ESD CARD */ 
  758          THEN GO TO L1002;                                              
  759          IF SUBSTR(CARD,1,1) = HEX02                                    
  760          THEN CALL REVERT;                                              
  761          GET STRING (CARD) EDIT (SECT) (F(8));                          
  762          OLDLOC=-1;                                                     
  763          PUT STRING (OUTSTR) EDIT ('Reading section #',SECT)            
  764                (A,F(2));                                                
  765          CALL LINEOUT;                                                  
  766          SELECT (SECT);                                                 
  767             WHEN (00)  GO TO L1100;        /* (0) */                    
  768             WHEN (01)  GO TO L1004;        /* (1) */                    
  769             WHEN (02)  GO TO L1004;        /* (2) */                    
  770             WHEN (03)  GO TO L1030;        /* (3) */                    
  771             WHEN (04)  GO TO L1040;        /* (4) */                    
  772             WHEN (05)  GO TO L1004;        /* (5) */                    
  773             WHEN (06)  GO TO L1004;        /* (6) */                    
  774             WHEN (07)  GO TO L1050;        /* (7) */                    
  775             WHEN (08)  GO TO L1060;        /* (8) */                    
  776             WHEN (09)  GO TO L1070;        /* (9) */                    
  777             WHEN (10)  GO TO L1004;       /* (10) */                    
  778             WHEN (11)  GO TO L1080;       /* (11) */                    
  779             WHEN (12)  GO TO L1004;       /* (12) */                    
  780             OTHERWISE  CALL BUG(9);                                     
  781             END;                                                        
  782                                                                         
  783  /* SECTIONS 1, 2, 5, 6, 10.  READ MESSAGES AND SET UP POINTERS. */     
  784                                                                         
  785  L1004:  READ FILE (OBJECT) INTO (CARD);                                
  786          IF EOCARD THEN CALL BUG(10);                                   
  787          IF SUBSTR(CARD,1,1) = HEX02                                    
  788          THEN CALL REVERT;                                              
  789          GET STRING (CARD) EDIT                                         
  790              (LOC,(LINES(J) DO J = LINUSE+1 TO LINUSE+14),KKWORD)       
  791              (F(8),14 A(5),A(2));                                       
  792          IF KKWORD ^= ' ' THEN CALL BUG(0);                             
  793          IF LOC = -1 THEN GOTO L1002;                                   
  794          DO K=1 TO 14;                                                  
  795              KK=LINUSE+15-K;                                            
  796              IF LINES(KK) ^= ' ' THEN GOTO L1007;                       
  797              END;                                                       
  798          CALL BUG(1);                                                   
  799  L1007:  YDPIC=KK+1;                                                    
  800          LINES(LINUSE)=YDPIC;                                           
  801          IF LOC = OLDLOC THEN GOTO L1020;                               
  802          YDPIC=YDPIC+50000;                                             
  803          LINES(LINUSE)=YDPIC;                                           
  804          IF SECT = 12 THEN GOTO L1013;                                  
  805          IF SECT = 10 THEN GOTO L1012;                                  
  806          IF SECT = 6 THEN GOTO L1011;                                   
  807          IF SECT = 5 THEN GOTO L1010;                                   
  808          IF SECT = 1 THEN GOTO L1008;                                   
  809                                                                         
  810          STEXT(LOC)=LINUSE;                                             
  811          GOTO L1020;                                                    
  812                                                                         
Aug 31, 2026  16:33     /***              ADVENTURE  -  PL/1 VERSION 4.0                  ***/                          
1.4.1                                               Source Listing                                           Page 15    
  813  L1008:  LTEXT(LOC)=LINUSE;                                             
  814          GOTO L1020;                                                    
  815                                                                         
  816  L1010:  IF LOC > 0 & LOC <= 100 THEN PTEXT(LOC)=LINUSE;                
  817          GOTO L1020;                                                    
  818                                                                         
  819  L1011:  IF LOC > RTXSIZ THEN CALL BUG(6);                              
  820          RTEXT(LOC)=LINUSE;                                             
  821          GOTO L1020;                                                    
  822                                                                         
  823  L1012:  CTEXT(CLSSES)=LINUSE;                                          
  824          CVAL(CLSSES)=LOC;                                              
  825          CLSSES=CLSSES+1;                                               
  826          GOTO L1020;                                                    
  827                                                                         
  828  L1013:  IF LOC > MAGSIZ THEN CALL BUG(6);                              
  829          MTEXT(LOC)=LINUSE;                                             
  830                                                                         
  831  L1020:  LINUSE=KK+1;                                                   
  832          LINES(LINUSE)='-1   ';                                         
  833          OLDLOC=LOC;                                                    
  834          IF LINUSE+14 > LINSIZ THEN CALL BUG(2);                        
  835          GOTO L1004;                                                    
  836                                                                         
  837  /*                                                                     
  838     THE STUFF FOR SECTION 3 IS ENCODED HERE.  EACH                      
  839     "FROM-LOCATION" GETS A CONTIGUOUS SECTION OF THE "TRAVEL"           
  840     ARRAY.  EACH ENTRY IN TRAVEL IS NEWLOC*1000 + KEYWORD               
  841     (FROM SECTION 4, MOTION VERBS), AND IS NEGATED IF THIS IS           
  842     THE LAST ENTRY FOR THIS LOCATION.  KEY(N) IS THE INDEX IN           
  843     TRAVEL OF THE FIRST OPTION AT LOCATION N.                           
  844  */                                                                     
  845                                                                         
  846  L1030:  READ FILE (OBJECT) INTO (CARD);                                
  847          IF EOCARD THEN CALL BUG(10);                                   
  848          IF SUBSTR(CARD,1,1) = HEX02                                    
  849          THEN CALL REVERT;                                              
  850          GET STRING (CARD) EDIT                                         
  851               (LOC,NEWLOC,(TK(I) DO I=1 TO 8)) (10 F(8));               
  852          IF LOC = -1 THEN GOTO L1002;                                   
  853          IF KEY(LOC) ^= 0 THEN GOTO L1033;                              
  854          KEY(LOC)=TRVS;                                                 
  855          GOTO L1035;                                                    
  856  L1033:  TRAVEL(TRVS-1)=-TRAVEL(TRVS-1);                                
  857  L1035:  DO L=1 TO 8;                                                   
  858              IF TK(L) = 0 THEN GOTO L1039;                              
  859              TRAVEL(TRVS)=NEWLOC*1000+TK(L);                            
  860              TRVS=TRVS+1;                                               
  861              IF TRVS = TRVSIZ THEN CALL BUG(3);                         
  862              END;                                                       
  863                                                                         
  864  L1039:  TRAVEL(TRVS-1)=-TRAVEL(TRVS-1);                                
  865          GOTO L1030;                                                    
  866                                                                         
  867  /*                                                                     
  868     HERE WE READ IN THE VOCABULARY.  KTAB(N) IS THE WORD                
  869     NUMBER, ATAB(N) IS THE CORRESPONDING WORD.  THE -1 AT THE           
  870     END OF SECTION 4 IS LEFT IN KTAB AS AN END-MARKER.  THE             
Aug 31, 2026  16:33     /***              ADVENTURE  -  PL/1 VERSION 4.0                  ***/                          
1.4.1                                               Source Listing                                           Page 16    
  871     WORDS ARE GIVEN A MINIMAL HASH TO MAKE READING THE                  
  872     CORE-IMAGE HARDER.  NOTE THAT '/7-08' HAD BETTER NOT BE             
  873     IN THE LIST, SINCE IT COULD HASH TO -1.  (HASHING REMOVED           
  874     IN PL/1 VERSION..BRD) (NEW HASH ADDED..GP)                          
  875  */                                                                     
  876                                                                         
  877  L1040:  DO TABNDX=1 TO TABSIZ;                                         
  878          READ FILE (OBJECT) INTO (CARD);                                
  879          IF EOCARD THEN CALL BUG(10);                                   
  880          IF SUBSTR(CARD,1,1) = HEX02                                    
  881          THEN CALL REVERT;                                              
  882          GET STRING (CARD) EDIT                                         
  883                (KTAB(TABNDX),ATAB(TABNDX)) (F(8),A (5));                
  884          IF KTAB(TABNDX) = -1 THEN GOTO L1002;                          
  885          ATABB(TABNDX) = ^ATABB(TABNDX);                                
  886          END;                                                           
  887          CALL BUG(4);                                                   
  888                                                                         
  889  /*                                                                     
  890     READ IN THE INITIAL LOCATIONS FOR EACH OBJECT.  ALSO THE            
  891     IMMOVABILITY INFO.  PLAC CONTAINS INITIAL LOCATIONS OF              
  892     OBJECTS.  FIXD IS -1 FOR IMMOVABLE OBJECTS (INCLUDING THE           
  893     SNAKE), OR = SECOND LOC FOR TWO-PLACED OBJECTS.                     
  894  */                                                                     
  895                                                                         
  896  L1050:  READ FILE (OBJECT) INTO (CARD);                                
  897          IF EOCARD THEN CALL BUG(10);                                   
  898          IF SUBSTR(CARD,1,1) = HEX02                                    
  899          THEN CALL REVERT;                                              
  900          GET STRING (CARD) EDIT (OBJ,J,K) (3 F(8));                     
  901          IF OBJ = -1 THEN GOTO L1002;                                   
  902          PLAC(OBJ)=J;                                                   
  903          FIXD(OBJ)=K;                                                   
  904          GOTO L1050;                                                    
  905                                                                         
  906  /* READ DEFAULT MESSAGE NUMBERS FOR ACTION VERBS, STORE IN             
  907     ACTSPK.  */                                                         
  908                                                                         
  909  L1060:  READ FILE (OBJECT) INTO (CARD);                                
  910          IF EOCARD THEN CALL BUG(10);                                   
  911          IF SUBSTR(CARD,1,1) = HEX02                                    
  912          THEN CALL REVERT;                                              
  913          GET STRING (CARD) EDIT (VERB,J) (2 F(8));                      
  914          IF VERB = -1 THEN GOTO L1002;                                  
  915          ACTSPK(VERB)=J;                                                
  916          GOTO L1060;                                                    
  917                                                                         
  918  /* READ INFO ABOUT AVAILABLE LIQUIDS AND OTHER CONDITIONS,             
  919     STORE IN COND.  */                                                  
  920                                                                         
  921  L1070:  READ FILE (OBJECT) INTO (CARD);                                
  922          IF EOCARD THEN CALL BUG(10);                                   
  923          IF SUBSTR(CARD,1,1) = HEX02                                    
  924          THEN CALL REVERT;                                              
  925          GET STRING (CARD) EDIT (K,(TK(I) DO I=1 TO 9))                 
  926               (10 F(8));                                                
  927          IF K = -1 THEN GOTO L1002;                                     
  928          DO I=1 TO 9;                                                   
Aug 31, 2026  16:33     /***              ADVENTURE  -  PL/1 VERSION 4.0                  ***/                          
1.4.1                                               Source Listing                                           Page 17    
  929              LOC=TK(I);                                                 
  930              IF LOC = 0 THEN GOTO L1070;                                
  931              IF BITSET(LOC,K) THEN CALL BUG(8);                         
  932              COND(LOC)=COND(LOC)+2**K;                                  
  933              END;                                                       
  934          GOTO L1070;                                                    
  935                                                                         
  936  /* READ DATA FOR HINTS. */                                             
  937                                                                         
  938  L1080:  HNTMAX=0;                                                      
  939  L1081:  READ FILE (OBJECT) INTO (CARD);                                
  940          IF EOCARD THEN CALL BUG(10);                                   
  941          IF SUBSTR(CARD,1,1) = HEX02                                    
  942          THEN CALL REVERT;                                              
  943          GET STRING (CARD) EDIT (K,(TK(I) DO I=1 TO 4))                 
  944               (5 F(8));                                                 
  945          IF K = -1 THEN GOTO L1002;                                     
  946          IF K = 0 THEN GOTO L1081;                                      
  947          IF K < 0 | K > HNTSIZ THEN CALL BUG(7);                        
  948          DO I=1 TO 4;                                                   
  949              HINTS(K,I)=TK(I);                                          
  950              END;                                                       
  951          HNTMAX=MAX(HNTMAX,K);                                          
  952          GOTO L1081;                                                    
  953                                                                         
  954  /*                                                                     
  955     FINISH CONSTRUCTING INTERNAL DATA FORMAT                            
  956                                                                         
  957     HAVING READ IN THE DATABASE, CERTAIN THINGS ARE NOW                 
  958     CONSTRUCTED.  PROPS ARE SET TO ZERO.  WE FINISH SETTING             
  959     UP COND BY CHECKING FOR FORCED-MOTION TRAVEL ENTRIES.               
  960     THE PLAC AND FIXD ARRAYS ARE USED TO SET UP ATLOC(N) AS             
  961     THE FIRST OBJECT AT LOCATION N, AND LINK(OBJ) AS THE NEXT           
  962     OBJECT AT THE SAME LOCATION AS OBJ.  (OBJ>100 INDICATES             
  963     THAT FIXED(OBJ-100)=LOC - LINK(OBJ) IS STILL THE CORRECT            
  964     LINK TO USE.) ABB IS ZEROED- IT CONTROLS WHETHER THE                
  965     ABBREVIATED DESCRIPTION IS PRINTED.  COUNTS MOD 5 UNLESS            
  966     "LOOK" IS USED.                                                     
  967  */                                                                     
  968                                                                         
  969  L1100:  CLOSE FILE (OBJECT);                        /* FREE BUFFERS */ 
  970          DO I=1 TO LOCSIZ;                                              
  971          IF LTEXT(I) = 0 | KEY(I) = 0 THEN GOTO L1102;                  
  972          K=KEY(I);                                                      
  973          IF MOD(ABS(TRAVEL(K)),1000) = 1 THEN COND(I)=2;                
  974  L1102:  END;                                                           
  975                                                                         
  976  /*                                                                     
  977     SET UP THE ATLOC AND LINK ARRAYS AS DESCRIBED ABOVE.                
  978     WE'LL USE THE DROP SUBROUTINE, WHICH PREFACES NEW OBJECTS           
  979     ON THE LISTS.  SINCE WE WANT THINGS IN THE OTHER ORDER,             
  980     WE'LL RUN THE LOOP BACKWARDS.  IF THE OBJECT IS IN TWO              
  981     LOCS, WE DROP IT TWICE.  THIS ALSO SETS UP "PLACE" AND              
  982     "FIXED" AS COPIES OF "PLAC" AND "FIXD".  ALSO, SINCE                
  983     TWO-PLACED OBJECTS ARE TYPICALLY BEST DESCRIBED LAST,               
  984     WE'LL DROP THEM FIRST.  (ZEROED IN DECLARATIONS.)                   
  985  */                                                                     
  986                                                                         
Aug 31, 2026  16:33     /***              ADVENTURE  -  PL/1 VERSION 4.0                  ***/                          
1.4.1                                               Source Listing                                           Page 18    
  987          DO I=1 TO 100;                                                 
  988              K=101-I;                                                   
  989              IF FIXD(K) > 0 THEN DO;                                    
  990                  CALL DROP(K+100,FIXD(K));                              
  991                  CALL DROP(K,PLAC(K));                                  
  992                  END;                                                   
  993              END;                                                       
  994                                                                         
  995          DO I=1 TO 100;                                                 
  996              K=101-I;                                                   
  997              FIXED(K)=FIXD(K);                                          
  998              IF PLAC(K) ^= 0 & FIXD(K) <= 0 THEN CALL DROP(K,PLAC(K));  
  999              END;                                                       
 1000                                                                         
 1001  /*                                                                     
 1002     TREASURES, AS NOTED EARLIER, ARE OBJECTS 50 THROUGH                 
 1003     MAXTRS (CURRENTLY 79).  THEIR PROPS ARE INITIALLY -1, AND           
 1004     ARE SET TO 0 THE FIRST TIME THEY ARE DESCRIBED.  TALLY              
 1005     KEEPS TRACK OF HOW MANY ARE NOT YET FOUND, SO WE KNOW               
 1006     WHEN TO CLOSE THE CAVE.  TALLY2 COUNTS HOW MANY CAN NEVER           
 1007     BE FOUND (E.G.  IF LOST BIRD OR BRIDGE).                            
 1008  */                                                                     
 1009                                                                         
 1010          DO I=50 TO MAXTRS;                                             
 1011              IF PTEXT(I) ^= 0 THEN PROP(I)=-1;                          
 1012              TALLY=TALLY-PROP(I);                                       
 1013              END;                                                       
 1014  /*                                                                     
 1015     CLEAR THE HINT STUFF.  HINTLC(I) IS HOW LONG HE'S BEEN AT           
 1016     LOC WITH COND BIT I.  HINTED(I) IS TRUE IFF HINT I HAS              
 1017     BEEN USED.  (DONE IN DECLARATIONS.)                                 
 1018  */                                                                     
 1019                                                                         
 1020                                                                         
 1021  /* DEFINE SOME HANDY MNEMONICS.  THESE CORRESPOND TO OBJECT            
 1022     NUMBERS.  */                                                        
 1023                                                                         
 1024          KEYS=VOCAB('KEYS',1);                                          
 1025          LAMP=VOCAB('LAMP',1);                                          
 1026          GRATE=VOCAB('GRATE',1);                                        
 1027          CAGE=VOCAB('CAGE',1);                                          
 1028          ROD=VOCAB('ROD',1);                                            
 1029          ROD2=ROD+1;                                                    
 1030          STEPS=VOCAB('STEPS',1);                                        
 1031          BIRD=VOCAB('BIRD',1);                                          
 1032          DOOR=VOCAB('DOOR',1);                                          
 1033          PILLOW=VOCAB('PILLO',1);                                       
 1034          SNAKE=VOCAB('SNAKE',1);                                        
 1035          FISSUR=VOCAB('FISSU',1);                                       
 1036          TABLET=VOCAB('TABLE',1);                                       
 1037          CLAM=VOCAB('CLAM',1);                                          
 1038          OYSTER=VOCAB('OYSTE',1);                                       
 1039          MAGZIN=VOCAB('MAGAZ',1);                                       
 1040          DWARF=VOCAB('DWARF',1);                                        
 1041          KNIFE=VOCAB('KNIFE',1);                                        
 1042          FOOD=VOCAB('FOOD',1);                                          
 1043          BOTTLE=VOCAB('BOTTL',1);                                       
 1044          WATER=VOCAB('WATER',1);                                        
Aug 31, 2026  16:33     /***              ADVENTURE  -  PL/1 VERSION 4.0                  ***/                          
1.4.1                                               Source Listing                                           Page 19    
 1045          OIL=VOCAB('OIL',1);                                            
 1046          MIRROR=VOCAB('MIRRO',1);                                       
 1047          PLANT=VOCAB('PLANT',1);                                        
 1048          PLANT2=PLANT+1;                                                
 1049          AXE=VOCAB('AXE',1);                                            
 1050          DRAGON=VOCAB('DRAGO',1);                                       
 1051          CHASM=VOCAB('CHASM',1);                                        
 1052          TROLL=VOCAB('TROLL',1);                                        
 1053          TROLL2=TROLL+1;                                                
 1054          BEAR=VOCAB('BEAR',1);                                          
 1055          MESSAG=VOCAB('MESSA',1);                                       
 1056          VEND=VOCAB('VENDI',1);                                         
 1057          BATTER=VOCAB('BATTE',1);                                       
 1058          LADDER=VOCAB('LADDE',1);                                       
 1059          BRACELET=VOCAB('BRACE',1);                                     
 1060          FFIELD=VOCAB('FIELD',1);                                       
 1061                                                                         
 1062  /* OBJECTS FROM 50 THROUGH WHATEVER ARE TREASURES.  HERE ARE A FEW. */ 
 1063                                                                         
 1064          NUGGET=VOCAB('GOLD',1);                                        
 1065          COINS=VOCAB('COINS',1);                                        
 1066          CHEST=VOCAB('CHEST',1);                                        
 1067          EGGS=VOCAB('EGGS',1);                                          
 1068          TRIDNT=VOCAB('TRIDE',1);                                       
 1069          VASE=VOCAB('VASE',1);                                          
 1070          EMRALD=VOCAB('EMERA',1);                                       
 1071          PYRAM=VOCAB('PYRAM',1);                                        
 1072          PEARL=VOCAB('PEARL',1);                                        
 1073          RUG=VOCAB('RUG',1);                                            
 1074          CHAIN=VOCAB('CHAIN',1);                                        
 1075          RUBY=VOCAB('RUBY',1);                                          
 1076          ORAC=VOCAB('ORAC',1);                                          
 1077                                                                         
 1078  /* THESE ARE MOTION-VERB NUMBERS. */                                   
 1079                                                                         
 1080          BACK=VOCAB('BACK',0);                                          
 1081          NULLX=VOCAB('NULL',0);                                         
 1082          DPRSSN=VOCAB('DEPRE',0);                                       
 1083          ENTRNC=VOCAB('ENTRA',0);                                       
 1084          LOOK=VOCAB('LOOK',0);                                          
 1085          CAVE=VOCAB('CAVE',0);                                          
 1086                                                                         
 1087  /* AND SOME ACTION VERBS. */                                           
 1088                                                                         
 1089  /*      SAY=VOCAB('SAY',2)   AS NUMBERS ARE USED IN SELECT STATEMENTS  
 1090          LOCK=VOCAB('LOCK',2)      THESE VOCAB CALLS DO NOT GIVE ANY    
 1091          THROW=VOCAB('THROW',2)    MORE PROGRAM INDEPENDENCE FROM DB.   
 1092          FIND=VOCAB('FIND',2)        THEREFORE, JUST INITIALIZE IN      
 1093          INVENT=VOCAB('INVEN',2)      DECLARATIONS.  (GP 1/83)          
 1094          SUSPEND=VOCAB('SUSPE',2)                                       
 1095          RESTORE=VOCAB('RESTO',2)                            */         
 1096                                                                         
 1097  /*                                                                     
 1098     INITIALIZE THE DWARFS.  DLOC IS LOC OF DWARFS,                      
 1099     HARD-WIRED IN.  ODLOC IS PRIOR LOC OF EACH DWARF,                   
 1100     INITIALLY GARBAGE.  DALTLC IS ALTERNATE INITIAL LOC FOR             
 1101     DWARF, IN CASE ONE OF THEM STARTS OUT ON TOP OF THE                 
 1102     ADVENTURER.  (NO 2 OF THE 5 INITIAL LOCS ARE ADJACENT.)             
Aug 31, 2026  16:33     /***              ADVENTURE  -  PL/1 VERSION 4.0                  ***/                          
1.4.1                                               Source Listing                                           Page 20    
 1103     DSEEN IS TRUE IF DWARF HAS SEEN HIM.  DFLAG CONTROLS THE            
 1104     LEVEL OF ACTIVATION OF ALL THIS:                                    
 1105          0       NO DWARF STUFF YET (WAIT UNTIL REACHES HALL            
 1106                  OF MISTS)                                              
 1107          1       REACHED HALL OF MISTS, BUT HASN'T MET FIRST DWARF      
 1108          2       MET FIRST DWARF, OTHERS START MOVING, NO               
 1109                  KNIVES THROWN YET                                      
 1110          3       A KNIFE HAS BEEN THROWN (FIRST SET ALWAYS              
 1111                  MISSES)                                                
 1112          3+      DWARFS ARE MAD (INCREASES THEIR ACCURACY)              
 1113     SIXTH DWARF IS SPECIAL (THE PIRATE).  HE ALWAYS STARTS AT           
 1114     HIS CHEST'S EVENTUAL LOCATION INSIDE THE MAZE.  THIS LOC            
 1115     IS SAVED IN CHLOC FOR REF.  THE DEAD END IN THE OTHER               
 1116     MAZE HAS ITS LOC STORED IN CHLOC2.                                  
 1117  */                                                                     
 1118                                                                         
 1119  /*                                                                     
 1120     OTHER RANDOM FLAGS AND COUNTERS, AS FOLLOWS:                        
 1121          TURNS   TALLIES HOW MANY COMMANDS HE'S GIVEN                   
 1122                  (IGNORES YES/NO)                                       
 1123          LIMIT   LIFETIME OF LAMP (NOT SET HERE)                        
 1124          IWEST   HOW MANY TIMES HE'S SAID "WEST" INSTEAD OF "W"         
 1125          KNFLOC  0 IF NO KNIFE HERE, LOC IF KNIFE HERE, -1              
 1126                  AFTER CAVEAT                                           
 1127          DETAIL  HOW OFTEN WE'VE SAID "NOT ALLOWED TO GIVE MORE DETAIL" 
 1128          ABBNUM  HOW OFTEN WE SHOULD PRINT NON-ABBREVIATED DESCRIPTIONS 
 1129          MAXDIE  NUMBER OF REINCARNATION MESSAGES AVAILABLE (UP TO 5)   
 1130          NUMDIE  NUMBER OF TIMES KILLED SO FAR                          
 1131          HOLDNG  NUMBER OF OBJECTS BEING CARRIED                        
 1132          DKILL   NUMBER OF DWARFS KILLED (UNUSED IN SCORING,            
 1133                  NEEDED FOR MSG)                                        
 1134          FOOBAR  CURRENT PROGRESS IN SAYING "FEE FIE FOE FOO".          
 1135          BONUS   USED TO DETERMINE AMOUNT OF BONUS IF HE                
 1136                  REACHES CLOSING                                        
 1137          CLOCK1  NUMBER OF TURNS FROM FINDING LAST TREASURE             
 1138                  TILL CLOSING                                           
 1139          CLOCK2  NUMBER OF TURNS FROM FIRST WARNING TILL                
 1140                  BLINDING FLASH                                         
 1141          LOGICALS WERE EXPLAINED EARLIER                                
 1142                  (INITIALIZED IN DECLARATIONS)                          
 1143  */                                                                     
 1144                                                                         
 1145          DO I=0 TO 4;                                                   
 1146              IF RTEXT(2*I+81) ^= 0 THEN MAXDIE=I+1;                     
 1147              END;                                                       
 1148                                                                         
 1149  /* REPORT ON AMOUNT OF ARRAYS ACTUALLY USED, TO PERMIT                 
 1150     REDUCTIONS. */                                                      
 1151                                                                         
 1152                                                                         
 1153          DO K=1 TO LOCSIZ;                                              
 1154              KK=LOCSIZ+1-K;                                             
 1155              IF LTEXT(KK) ^= 0 THEN GOTO L1997;                         
 1156              END;                                                       
 1157                                                                         
 1158          OBJ=0;                                                         
 1159  L1997:  DO K=1 TO 100;                                                 
 1160              IF PTEXT(K) ^= 0 THEN OBJ=OBJ+1;                           
Aug 31, 2026  16:33     /***              ADVENTURE  -  PL/1 VERSION 4.0                  ***/                          
1.4.1                                               Source Listing                                           Page 21    
 1161              END;                                                       
 1162                                                                         
 1163          DO K=1 TO TABNDX;                                              
 1164              IF KTAB(K)/1000 = 2 THEN VERB=KTAB(K)-2000;                
 1165              END;                                                       
 1166                                                                         
 1167          DO K=1 TO MAGSIZ;                                              
 1168              M=MAGSIZ+1-K;                                              
 1169              IF MTEXT(M) ^= 0 THEN GOTO L1990;                          
 1170              END;                                                       
 1171                                                                         
 1172  L1990:  DO K=1 TO RTXSIZ;                                              
 1173              J=RTXSIZ+1-K;                                              
 1174              IF RTEXT(J) ^= 0 THEN GOTO L1991;                          
 1175              END;                                                       
 1176                                                                         
 1177  L1991:  IF ^WIZARD THEN GO TO NOREPRT;                                 
 1178                                                                         
 1179          K=100;                                                         
 1180          CALL LINESKP;                                                  
 1181          PUT STRING (OUTSTR) EDIT (LINUSE,' of ',LINSIZ,                
 1182              ' words of messages') (F(6),A,F(6),A);                     
 1183          CALL LINEOUT;                                                  
 1184          PUT STRING (OUTSTR) EDIT (TRVS,' of ',TRVSIZ,                  
 1185              ' travel options') (F(6),A,F(6),A);                        
 1186          CALL LINEOUT;                                                  
 1187          PUT STRING (OUTSTR) EDIT (TABNDX,' of ',TABSIZ,                
 1188              ' vocabulary words') (F(6),A,F(6),A);                      
 1189          CALL LINEOUT;                                                  
 1190          PUT STRING (OUTSTR) EDIT (KK,' of ',LOCSIZ,                    
 1191              ' locations') (F(6),A,F(6),A);                             
 1192          CALL LINEOUT;                                                  
 1193          PUT STRING (OUTSTR) EDIT (OBJ,' of ',K,                        
 1194              ' objects') (F(6),A,F(6),A);                               
 1195          CALL LINEOUT;                                                  
 1196          PUT STRING (OUTSTR) EDIT (VERB,' of ',VRBSIZ,                  
 1197              ' action verbs') (F(6),A,F(6),A);                          
 1198          CALL LINEOUT;                                                  
 1199          PUT STRING (OUTSTR) EDIT (J,' of ',RTXSIZ,                     
 1200              ' rtext messages') (F(6),A,F(6),A);                        
 1201          CALL LINEOUT;                                                  
 1202          PUT STRING (OUTSTR) EDIT (M,' of ',MAGSIZ,                     
 1203              ' mtext messages') (F(6),A,F(6),A);                        
 1204          CALL LINEOUT;                                                  
 1205          PUT STRING (OUTSTR) EDIT (CLSSES,' of ',CLSSIZ,                
 1206              ' class messages') (F(6),A,F(6),A);                        
 1207          CALL LINEOUT;                                                  
 1208          PUT STRING (OUTSTR) EDIT (HNTMAX,' of ',HNTSIZ,                
 1209              ' hints') (F(6),A,F(6),A);                                 
 1210          CALL LINEOUT;                                                  
 1211          CALL LINESKP;                                                  
 1212                                                                         
 1213                                                                         
 1214  /*  FINALLY, SINCE WE'RE CLEARLY SETTING THINGS UP FOR THE             
 1215     FIRST TIME...  */                                                   
 1216                                                                         
 1217  NOREPRT:                                                               
 1218          CALL RSPEAK(205);                                              
Aug 31, 2026  16:33     /***              ADVENTURE  -  PL/1 VERSION 4.0                  ***/                          
1.4.1                                               Source Listing                                           Page 22    
 1219          CALL LINESKP;                                                  
 1220          CALL LINESKP;                                                  
 1221  /*  START-UP, DWARF STUFF */                                           
 1222                                                                         
 1223  L1:     CALL ITIME(I);                                                 
 1224          DO J=1 TO I;                                                   
 1225  /*         CALL RAN(1)*/                                               
 1226             END;                                                        
 1227          I=RAN(1);                                                      
 1228          HINTED(3)=YES(65,1,0);                                         
 1229          LOC,NEWLOC=1;                                                  
 1230          LIMIT=330;                                                     
 1231          IF HINTED(3) THEN LIMIT=1000;                                  
 1232                                                                         
 1233  /*  CAN'T LEAVE CAVE ONCE IT'S CLOSING (EXCEPT BY MAIN OFFICE). */     
 1234                                                                         
 1235  L2:     IF NEWLOC >= 9 | NEWLOC = 0 |  ^ CLOSNG THEN GOTO L71;         
 1236          CALL RSPEAK(130);                                              
 1237          NEWLOC=LOC;                                                    
 1238          IF  ^ PANIC THEN CLOCK2=15;                                    
 1239          PANIC='1'B;                                                    
 1240  /*                                                                     
 1241     SEE IF A DWARF HAS SEEN HIM AND HAS COME FROM WHERE HE              
 1242     WANTS TO GO.  IF SO, THE DWARF'S BLOCKING HIS WAY.  IF              
 1243     COMING FROM PLACE FORBIDDEN TO PIRATE (DWARFS ROOTED IN             
 1244     PLACE) LET HIM GET OUT (AND ATTACKED).                              
 1245  */                                                                     
 1246                                                                         
 1247  L71:    IF NEWLOC = LOC | FORCED(LOC) | BITSET(LOC,3) THEN GOTO L74;   
 1248          DO I=1 TO 5;                                                   
 1249              IF ^ (ODLOC(I) ^= NEWLOC |  ^ DSEEN(I)) THEN DO;           
 1250                  NEWLOC=LOC;                                            
 1251                  CALL RSPEAK(2);                                        
 1252                  GOTO L74;                                              
 1253                  END;                                                   
 1254              END;                                                       
 1255  L74:    LOC=NEWLOC;                                                    
 1256                                                                         
 1257  /*                                                                     
 1258     DWARF STUFF.  SEE EARLIER COMMENTS FOR DESCRIPTION OF               
 1259     VARIABLES.  REMEMBER SIXTH DWARF IS PIRATE AND IS THUS              
 1260     VERY DIFFERENT EXCEPT FOR MOTION RULES.                             
 1261                                                                         
 1262     FIRST OFF, DON'T LET THE DWARFS FOLLOW HIM INTO A PIT OR            
 1263     A WALL.  ACTIVATE THE WHOLE MESS THE FIRST TIME HE GETS             
 1264     AS FAR AS THE HALL OF MISTS (LOC 15).  IF NEWLOC IS                 
 1265     FORBIDDEN TO PIRATE (IN PARTICULAR, IF IT'S BEYOND THE              
 1266     TROLL BRIDGE), BYPASS DWARF STUFF.  THAT WAY PIRATE CAN'T           
 1267     STEAL RETURN TOLL, AND DWARFS CAN'T MEET THE BEAR.  ALSO            
 1268     MEANS DWARFS WON'T FOLLOW HIM INTO DEAD END IN MAZE, BUT            
 1269     C'EST LA VIE.  THEY'LL WAIT FOR HIM OUTSIDE THE DEAD END.           
 1270  */                                                                     
 1271                                                                         
 1272          IF LOC = 0 | FORCED(LOC) | BITSET(NEWLOC,3) THEN GOTO L2000;   
 1273          IF DFLAG ^= 0 THEN GOTO L6000;                                 
 1274          IF LOC >= 15 THEN DFLAG=1;                                     
 1275          GOTO L2000;                                                    
 1276                                                                         
Aug 31, 2026  16:33     /***              ADVENTURE  -  PL/1 VERSION 4.0                  ***/                          
1.4.1                                               Source Listing                                           Page 23    
 1277  /*                                                                     
 1278     WHEN WE ENCOUNTER THE FIRST DWARF, WE KILL 0, 1, OR 2 OF            
 1279     THE 5 DWARFS.  IF ANY OF THE SURVIVORS IS AT LOC,                   
 1280     REPLACE HIM WITH THE ALTERNATE.                                     
 1281  */                                                                     
 1282                                                                         
 1283  L6000:  IF DFLAG ^= 1 THEN GOTO L6010;                                 
 1284          IF LOC < 15 | PCT(95) THEN GOTO L2000;                         
 1285          DFLAG=2;                                                       
 1286          DO I=1 TO 2;                                                   
 1287              J=1+RAN(5);                                                
 1288              IF PCT(50) THEN DLOC(J)=0;                                 
 1289              END;                                                       
 1290          DO I=1 TO 5;                                                   
 1291              IF DLOC(I) = LOC THEN DLOC(I)=DALTLC;                      
 1292              ODLOC(I)=DLOC(I);                                          
 1293              END;                                                       
 1294          CALL RSPEAK(3);                                                
 1295          CALL DROP(AXE,LOC);                                            
 1296          GOTO L2000;                                                    
 1297                                                                         
 1298  /*                                                                     
 1299     THINGS ARE IN FULL SWING.  MOVE EACH DWARF AT RANDOM,               
 1300     EXCEPT IF HE'S SEEN US HE STICKS WITH US.  DWARFS NEVER             
 1301     GO TO LOCS <15.  IF WANDERING AT RANDOM, THEY DON'T BACK            
 1302     UP UNLESS THERE'S NO ALTERNATIVE.  IF THEY DON'T HAVE TO            
 1303     MOVE, THEY ATTACK.  AND, OF COURSE, DEAD DWARFS DON'T DO            
 1304     MUCH OF ANYTHING.                                                   
 1305  */                                                                     
 1306                                                                         
 1307  L6010:  DTOTAL=0;                                                      
 1308          ATTACK=0;                                                      
 1309          STICK=0;                                                       
 1310          DO I=1 TO 6;                                                   
 1311              IF DLOC(I) = 0 THEN GOTO L6030;                            
 1312              J=1;                                                       
 1313              KK=DLOC(I);                                                
 1314              KK=KEY(KK);                                                
 1315              IF KK = 0 THEN GOTO L6016;                                 
 1316  L6012:      NEWLOC=MOD(ABS(TRAVEL(KK))/1000,1000);                     
 1317              IF NEWLOC > 300 | NEWLOC < 15 | NEWLOC = ODLOC(I)          
 1318                | (J > 1 & NEWLOC = TK(J-1)) | J >= 20                   
 1319                | NEWLOC = DLOC(I) | FORCED(NEWLOC)                      
 1320                | (I = 6 & BITSET(NEWLOC,3))                             
 1321                | ABS(TRAVEL(KK))/1000000 = 100 THEN GOTO L6014;         
 1322              TK(J)=NEWLOC;                                              
 1323              J=J+1;                                                     
 1324  L6014:      KK=KK+1;                                                   
 1325              IF TRAVEL(KK-1) >= 0 THEN GOTO L6012;                      
 1326  L6016:      TK(J)=ODLOC(I);                                            
 1327              IF J >= 2 THEN J=J-1;                                      
 1328              J=1+RAN(J);                                                
 1329              ODLOC(I)=DLOC(I);                                          
 1330              DLOC(I)=TK(J);                                             
 1331              DSEEN(I)=(DSEEN(I) & LOC >= 15)                            
 1332               | (DLOC(I) = LOC | ODLOC(I) = LOC);                       
 1333              IF ^DSEEN(I) THEN GOTO L6030;                              
 1334              DLOC(I)=LOC;                                               
Aug 31, 2026  16:33     /***              ADVENTURE  -  PL/1 VERSION 4.0                  ***/                          
1.4.1                                               Source Listing                                           Page 24    
 1335              IF I ^= 6 THEN GOTO L6027;                                 
 1336                                                                         
 1337  /*                                                                     
 1338     THE PIRATE'S SPOTTED HIM.  HE LEAVES HIM ALONE ONCE WE'VE           
 1339     FOUND CHEST.  K COUNTS IF A TREASURE IS HERE.  IF NOT,              
 1340     AND TALLY=TALLY2 PLUS ONE FOR AN UNSEEN CHEST, LET THE              
 1341     PIRATE BE SPOTTED.                                                  
 1342  */                                                                     
 1343                                                                         
 1344              IF LOC = CHLOC | PROP(CHEST) >= 0 THEN GOTO L6030;         
 1345              K=0;                                                       
 1346              DO J=50 TO MAXTRS;                                         
 1347                                                                         
 1348  /* PIRATE WON'T TAKE PYRAMID FROM PLOVER ROOM OR DARK ROOM             
 1349     (TOO EASY!).  */                                                    
 1350                                                                         
 1351                  IF J = PYRAM & (LOC = PLAC(PYRAM)                      
 1352                   | LOC = PLAC(EMRALD)) THEN GOTO L6020;                
 1353                  IF TOTING(J) THEN GOTO L6022;                          
 1354  L6020:          IF HERE(J) THEN K=1;                                   
 1355                  END;                                                   
 1356              IF TALLY = TALLY2+1 & K = 0 & PLACE(CHEST) = 0             
 1357               & HERE(LAMP) & PROP(LAMP) = 1 THEN GOTO L6025;            
 1358              IF ODLOC(6) ^= DLOC(6) & PCT(20) THEN CALL RSPEAK(127);    
 1359              GOTO L6030;                                                
 1360                                                                         
 1361  L6022:      CALL RSPEAK(128);                                          
 1362                                                                         
 1363  /* DON'T STEAL CHEST BACK FROM TROLL! */                               
 1364                                                                         
 1365              IF PLACE(MESSAG) = 0 THEN CALL MOVE(CHEST,CHLOC);          
 1366              CALL MOVE(MESSAG,CHLOC2);                                  
 1367              DO J=50 TO MAXTRS;                                         
 1368                  IF J = PYRAM & (LOC = PLAC(PYRAM)                      
 1369                   | LOC = PLAC(EMRALD)) THEN GOTO L6023;                
 1370                  IF AT(J) & FIXED(J) = 0 THEN CALL CARRY(J,LOC);        
 1371                  IF TOTING(J) THEN CALL DROP(J,CHLOC);                  
 1372  L6023:          END;                                                   
 1373  L6024:      DLOC(6)=CHLOC;                                             
 1374              ODLOC(6)=CHLOC;                                            
 1375              DSEEN(6)='0'B;                                             
 1376              GOTO L6030;                                                
 1377                                                                         
 1378  L6025:      CALL RSPEAK(186);                                          
 1379              CALL MOVE(CHEST,CHLOC);                                    
 1380              CALL MOVE(MESSAG,CHLOC2);                                  
 1381              GOTO L6024;                                                
 1382                                                                         
 1383  /* THIS THREATENING LITTLE DWARF IS IN THE ROOM WITH HIM! */           
 1384                                                                         
 1385  L6027:      DTOTAL=DTOTAL+1;                                           
 1386              IF ODLOC(I) ^= DLOC(I) THEN GOTO L6030;                    
 1387              ATTACK=ATTACK+1;                                           
 1388              IF KNFLOC >= 0 THEN KNFLOC=LOC;                            
 1389              IF RAN(1000) < 95*(DFLAG-2) THEN STICK=STICK+1;            
 1390  L6030:      END;                                                       
 1391                                                                         
 1392  /* NOW WE KNOW WHAT'S HAPPENING.  LET'S TELL THE POOR SUCKER           
Aug 31, 2026  16:33     /***              ADVENTURE  -  PL/1 VERSION 4.0                  ***/                          
1.4.1                                               Source Listing                                           Page 25    
 1393     ABOUT IT.  */                                                       
 1394                                                                         
 1395          IF DTOTAL = 0 THEN GOTO L2000;                                 
 1396          IF DTOTAL = 1 THEN GOTO L75;                                   
 1397          CALL LINESKP;                                                  
 1398          INHIB = 'Y';                                                   
 1399          CALL RSPEAK(207);         /* SOME THREATENING LITTLE DWARFS */ 
 1400          PUT STRING (INHIB) EDIT (DTOTAL) (F(1));                       
 1401          SUBSTR(OUTSTR,11,1) = INHIB;                                   
 1402          INHIB = 'N';                                                   
 1403          CALL LINEOUT;                                                  
 1404          GOTO L77;                                                      
 1405  L75:    CALL RSPEAK(4);                                                
 1406  L77:    IF ATTACK = 0 THEN GOTO L2000;                                 
 1407          IF DFLAG = 2 THEN DFLAG=3;                                     
 1408                                                                         
 1409  /*                                                                     
 1410     DWARFS GET *VERY* MAD!                                              
 1411  */                                                                     
 1412                                                                         
 1413          IF ATTACK = 1 THEN GOTO L79;                                   
 1414          INHIB = 'Y';                                                   
 1415          CALL RSPEAK(208);       /* SOME OF THEM THROW KNIVES AT YOU */ 
 1416          PUT STRING (INHIB) EDIT (ATTACK) (F(1));                       
 1417          SUBSTR(OUTSTR,1,1) = INHIB;                                    
 1418          INHIB = 'N';                                                   
 1419          CALL LINEOUT;                                                  
 1420          K=6;                                                           
 1421  L82:    IF STICK > 1 THEN GOTO L83;                                    
 1422          CALL RSPEAK(K+STICK);                                          
 1423          IF STICK = 0 THEN GOTO L2000;                                  
 1424          GOTO L84;                                                      
 1425  L83:    INHIB = 'Y';                                                   
 1426          CALL RSPEAK(209);                  /* SOME OF THEM GET YOU! */ 
 1427          PUT STRING (INHIB) EDIT (STICK) (F(1));                        
 1428          SUBSTR(OUTSTR,1,1) = INHIB;                                    
 1429          INHIB = 'N';                                                   
 1430          CALL LINEOUT;                                                  
 1431  L84:    OLDLC2=LOC;                                                    
 1432          GOTO L99;                                                      
 1433                                                                         
 1434  L79:    CALL RSPEAK(5);                                                
 1435          K=52;                                                          
 1436          GOTO L82;                                                      
 1437                                                                         
 1438  /* DESCRIBE THE CURRENT LOCATION AND (MAYBE) GET NEXT COMMAND. */      
 1439                                                                         
 1440  /* PRINT TEXT FOR CURRENT LOC. */                                      
 1441                                                                         
 1442  L2000:  IF LOC = 0 THEN GOTO L99;                                      
 1443          KK=STEXT(LOC);                                                 
 1444          IF MOD(ABB(LOC),ABBNUM) = 0 | KK = 0 THEN KK=LTEXT(LOC);       
 1445          IF FORCED(LOC) |  ^ DARK(0) THEN GOTO L2001;                   
 1446          IF WZDARK & PCT(40) THEN GOTO L90;                             
 1447          KK=RTEXT(16);                                                  
 1448  L2001:  IF TOTING(BEAR) THEN CALL RSPEAK(141);                         
 1449          CALL SPEAK(KK);                                                
 1450          K=1;                                                           
Aug 31, 2026  16:33     /***              ADVENTURE  -  PL/1 VERSION 4.0                  ***/                          
1.4.1                                               Source Listing                                           Page 26    
 1451          IF FORCED(LOC) THEN GOTO L8;                                   
 1452          IF LOC = 33 & PCT(25) &  ^ CLOSNG THEN CALL RSPEAK(8);         
 1453                                                                         
 1454  /*                                                                     
 1455     PRINT OUT DESCRIPTIONS OF OBJECTS AT THIS LOCATION.  IF             
 1456     NOT CLOSING AND PROPERTY VALUE IS NEGATIVE, TALLY OFF               
 1457     ANOTHER TREASURE.  RUG IS SPECIAL CASE- ONCE SEEN, ITS              
 1458     PROP IS 1 (DRAGON ON IT) TILL DRAGON IS KILLED.                     
 1459     SIMILARLY FOR CHAIN- PROP IS INITIALLY 1 (LOCKED TO                 
 1460     BEAR).  THESE HACKS ARE BECAUSE PROP=0 IS NEEDED TO GET             
 1461     FULL SCORE.                                                         
 1462  */                                                                     
 1463                                                                         
 1464          IF DARK(0) THEN GOTO L2012;                                    
 1465          ABB(LOC)=ABB(LOC)+1;                                           
 1466          I=ATLOC(LOC);                                                  
 1467  L2004:  IF I = 0 THEN GOTO L2012;                                      
 1468          OBJ=I;                                                         
 1469          IF OBJ > 100 THEN OBJ=OBJ-100;                                 
 1470          IF OBJ = STEPS & TOTING(NUGGET) THEN GOTO L2008;               
 1471          IF PROP(OBJ) >= 0 THEN GOTO L2006;                             
 1472          IF CLOSED THEN GOTO L2008;                                     
 1473          PROP(OBJ)=0;                                                   
 1474          IF OBJ = RUG | OBJ = CHAIN THEN PROP(OBJ)=1;                   
 1475          TALLY=TALLY-1;                                                 
 1476                                                                         
 1477  /* IF REMAINING TREASURES TOO ELUSIVE, ZAP HIS LAMP. */                
 1478                                                                         
 1479          IF TALLY = TALLY2 & TALLY ^= 0 THEN LIMIT=MIN(35,LIMIT);       
 1480  L2006:  KK=PROP(OBJ);                                                  
 1481          IF OBJ = STEPS & LOC = FIXED(STEPS) THEN KK=1;                 
 1482          IF OBJ = LADDER & LOC = FIXED(LADDER) THEN KK=KK+1;            
 1483          CALL PSPEAK(OBJ,KK);                                           
 1484  L2008:  I=LINK(I);                                                     
 1485          GOTO L2004;                                                    
 1486                                                                         
 1487  L2009:  K=54;                                                          
 1488  L2010:  SPK=K;                                                         
 1489  L2011:  CALL RSPEAK(SPK);                                              
 1490                                                                         
 1491  L2012:  VERB=0;                                                        
 1492          OBJ=0;                                                         
 1493                                                                         
 1494  /*                                                                     
 1495     CHECK IF THIS LOC IS ELIGIBLE FOR ANY HINTS.  IF BEEN               
 1496     HERE LONG ENOUGH, BRANCH TO HELP SECTION (ON LATER PAGE).           
 1497     HINTS ALL COME BACK HERE EVENTUALLY TO FINISH THE LOOP.             
 1498     IGNORE "HINTS" < 4 (SPECIAL STUFF, SEE DATABASE NOTES).             
 1499  */                                                                     
 1500                                                                         
 1501  L2600:  DO HINT=4 TO HNTMAX;                                           
 1502              IF ^ (HINTED(HINT)) THEN DO;                               
 1503                  IF ^BITSET(LOC,HINT) THEN HINTLC(HINT)=-1;             
 1504                  HINTLC(HINT)=HINTLC(HINT)+1;                           
 1505                  IF HINTLC(HINT) >= HINTS(HINT,1) THEN GOTO L40000;     
 1506                  END;                                                   
 1507              END;                                                       
 1508                                                                         
Aug 31, 2026  16:33     /***              ADVENTURE  -  PL/1 VERSION 4.0                  ***/                          
1.4.1                                               Source Listing                                           Page 27    
 1509  /*                                                                     
 1510     KICK THE RANDOM NUMBER GENERATOR JUST TO ADD VARIETY TO             
 1511     THE CHASE.  ALSO, IF CLOSING TIME, CHECK FOR ANY OBJECTS            
 1512     BEING TOTED WITH PROP < 0 AND SET THE PROP TO -1-PROP.              
 1513     THIS WAY OBJECTS WON'T BE DESCRIBED UNTIL THEY'VE BEEN              
 1514     PICKED UP AND PUT DOWN SEPARATE FROM THEIR RESPECTIVE               
 1515     PILES.  DON'T TICK CLOCK1 UNLESS WELL INTO CAVE (AND NOT            
 1516     AT Y2).                                                             
 1517  */                                                                     
 1518                                                                         
 1519  L2602:  IF ^CLOSED THEN GOTO L2605;                                    
 1520          IF PROP(OYSTER) < 0 & TOTING(OYSTER)                           
 1521                 THEN CALL PSPEAK(OYSTER,1);                             
 1522          DO I=1 TO 100;                                                 
 1523              IF TOTING(I) & PROP(I) < 0 THEN PROP(I)=-1-PROP(I);        
 1524              END;                                                       
 1525  L2605:  WZDARK=DARK(0);                                                
 1526          IF KNFLOC > 0 & KNFLOC ^= LOC THEN KNFLOC=0;                   
 1527          I=RAN(1);                                                      
 1528  L2606:  CALL GETIN(WD1,WD1X,WD2,WD2X);                                 
 1529                                                                         
 1530  L2608:  IF TURNS = 1500                         /* ALLOW 1500 TURNS */ 
 1531          THEN DO;                                                       
 1532               CALL CLRSCRN;                                             
 1533               CALL MSPEAK(1);                                           
 1534               IF WIZARD                                                 
 1535               THEN DO;                                                  
 1536                    TURNS = TURNS + 1;                                   
 1537                    GO TO L2606;                                         
 1538                    END;                                                 
 1539               GO TO L20000;                                             
 1540               END;                                                      
 1541                                                                         
 1542          IF TURNS = 0                                                   
 1543          THEN DO;                                                       
 1544               IF WIZARD THEN GO TO SKIPTST;                             
 1545               IF VOCAB(WD1,-1) = 2035 THEN CALL WIZPROC;    /* WIZAR */ 
 1546               IF WIZARD THEN GO TO L2606;                               
 1547               IF (DAY# = 0 | DAY# = 6) & ^UNAUTH THEN GO TO SKIPTST;    
 1548               IF (((CHR_HHMM > TIMES(1) &                               
 1549                     CHR_HHMM < TIMES(2))                                
 1550                  | (CHR_HHMM > TIMES(3) &                               
 1551                     CHR_HHMM < TIMES(4)))                               
 1552                  & ^DEMOGM)                                             
 1553                | UNAUTH                                                 
 1554               THEN DO;                                                  
 1555                    CALL DEMOCHK;                                        
 1556                    GO TO L2606;                                         
 1557                    END;                                                 
 1558  SKIPTST:     END;                                                      
 1559                                                                         
 1560          IF DEMOGM                                                      
 1561          THEN DO;                                                       
 1562               IF TURNS = 100        /* ALLOW 100 TURNS FOR DEMO GAME */ 
 1563               THEN DO;                                                  
 1564                    CALL CLRSCRN;                                        
 1565                    CALL MSPEAK(1);                                      
 1566                    GO TO L20000;                                        
Aug 31, 2026  16:33     /***              ADVENTURE  -  PL/1 VERSION 4.0                  ***/                          
1.4.1                                               Source Listing                                           Page 28    
 1567                    END;                                                 
 1568               END;                                                      
 1569                                                                         
 1570  /*                                                                     
 1571     EVERY INPUT, CHECK "FOOBAR" FLAG.  IF ZERO, NOTHING'S               
 1572     GOING ON.  IF POS, MAKE NEG.  IF NEG, HE SKIPPED A WORD,            
 1573     SO MAKE IT ZERO.                                                    
 1574  */                                                                     
 1575                                                                         
 1576          FOOBAR=MIN(0,-FOOBAR);                                         
 1577          TURNS=TURNS+1;                                                 
 1578          IF WD1 = '@' & WIZARD                                          
 1579          THEN DO;                        /* DISPLAY CURRENT LOCATION */ 
 1580               LOC_LINE = ' ';                                           
 1581               PIC_VECTOR(1).PLOC = LOC;                                 
 1582               OUTSTR = LOC_LINE;                                        
 1583               CALL LINEOUT;                                             
 1584               GO TO L2606;                                              
 1585               END;                                                      
 1586          IF WD1 = 'DLOCS' & WIZARD       /* DISPLAY DWARFS' LOCATION */ 
 1587          THEN DO;                                                       
 1588               DO M = 1 TO 6;                                            
 1589                    PIC_VECTOR(M).PLOC = DLOC(M);                        
 1590               END;                                                      
 1591               OUTSTR = LOC_LINE;                                        
 1592               CALL LINEOUT;                                             
 1593               GO TO L2606;                                              
 1594               END;                                                      
 1595          IF VERB = SAY & WD2 ^= '     ' THEN VERB=0;                    
 1596          IF VERB = SAY THEN GOTO L4090;                                 
 1597          IF TALLY = 0 & LOC >= 15 & LOC ^= 33 THEN CLOCK1=CLOCK1-1;     
 1598          IF CLOCK1 = 0 THEN GOTO L10000;                                
 1599          IF CLOCK1 < 0 THEN CLOCK2=CLOCK2-1;                            
 1600          IF CLOCK2 = 0 THEN GOTO L11000;                                
 1601          IF PROP(LAMP) = 1 THEN LIMIT=LIMIT-1;                          
 1602          IF LIMIT <= 30 & HERE(BATTER) & PROP(BATTER) = 0               
 1603           & HERE(LAMP) THEN GOTO L12000;                                
 1604          IF LIMIT = 0 THEN GOTO L12400;                                 
 1605          IF LIMIT < 0 & LOC <= 8 THEN GOTO L12600;                      
 1606          IF LIMIT <= 30 THEN GOTO L12200;                               
 1607  L19999: K=43;                                                          
 1608          IF LIQLOC(LOC) = WATER THEN K=70;                              
 1609          IF WD1 = 'ENTER' & (WD2 = 'STREA' | WD2 = 'WATER')             
 1610           THEN GOTO L2010;                                              
 1611          IF WD1 = 'ENTER' & WD2 ^= '    ' THEN GOTO L2800;              
 1612          IF (WD1 ^= 'WATER' & WD1 ^= 'OIL')                             
 1613           | (WD2 ^= 'PLANT' & WD2 ^= 'DOOR') THEN GOTO L2610;           
 1614          IF AT(VOCAB(WD2,1)) THEN WD2='POUR';                           
 1615  L2610:  IF WD1 ^= 'WEST' THEN GOTO L2630;                              
 1616          IWEST=IWEST+1;                                                 
 1617          IF IWEST = 10 THEN CALL RSPEAK(17);                            
 1618  L2630:  I=VOCAB(WD1,-1);                                               
 1619          IF I = -1 THEN GOTO L3000;                                     
 1620          K=MOD(I,1000);                                                 
 1621          KQ=I/1000;                                                     
 1622          SELECT (KQ);                                                   
 1623             WHEN (0)  GO TO L8;                                         
 1624             WHEN (1)  GO TO L5000;                                      
Aug 31, 2026  16:33     /***              ADVENTURE  -  PL/1 VERSION 4.0                  ***/                          
1.4.1                                               Source Listing                                           Page 29    
 1625             WHEN (2)  GO TO L4000;                                      
 1626             WHEN (3)  GO TO L2010;                                      
 1627             OTHERWISE CALL BUG(22);                                     
 1628             END;                                                        
 1629                                                                         
 1630  /* GET SECOND WORD FOR ANALYSIS. */                                    
 1631                                                                         
 1632  L2800:  WD1=WD2;                                                       
 1633          WD1X=WD2X;                                                     
 1634          WD2='     ';                                                   
 1635          GOTO L2610;                                                    
 1636                                                                         
 1637  /* GEE, I DON'T UNDERSTAND. */                                         
 1638                                                                         
 1639  L3000:  SPK=60;                                                        
 1640          IF PCT(20) THEN SPK=61;                                        
 1641          IF PCT(20) THEN SPK=13;                                        
 1642          CALL RSPEAK(SPK);                                              
 1643          GOTO L2600;                                                    
 1644                                                                         
 1645  /*                                                                     
 1646     ANALYSE A VERB.  REMEMBER WHAT IT WAS, GO BACK FOR OBJECT           
 1647     IF SECOND WORD UNLESS VERB IS "SAY" OR "SUSPEND", WHICH SNARFS      
 1648     ARBITRARY SECOND WORD.  IF "SUSPEND" THEN WD2 IS THE NAME OF        
 1649     THE SAVED GAME...  GP.                                              
 1650  */                                                                     
 1651                                                                         
 1652  L4000:  VERB=K;                                                        
 1653          SPK=ACTSPK(VERB);                                              
 1654          IF WD2 ^= '     ' & VERB ^= SAY &                              
 1655            VERB ^= SUSPEND & VERB ^= RESTORE                            
 1656          THEN GOTO L2800;                                               
 1657          IF VERB = SAY THEN                                             
 1658              IF WD2 = '     ' THEN GO TO L4080;                         
 1659                               ELSE GO TO L4090;                         
 1660          IF OBJ ^= 0 THEN GOTO L4090;                                   
 1661                                                                         
 1662  /* ANALYSE AN INTRANSITIVE VERB (IE, NO OBJECT GIVEN YET). */          
 1663                                                                         
 1664  L4080:  SELECT (VERB);                                                 
 1665             WHEN (01)  GO TO L8010;       /* TAKE */                    
 1666             WHEN (02)  GO TO L8000;       /* DROP */                    
 1667             WHEN (03)  GO TO L8000;       /* SAY  */                    
 1668             WHEN (04)  GO TO L8040;       /* OPEN */                    
 1669             WHEN (05)  GO TO L2009;       /* NOTH */                    
 1670             WHEN (06)  GO TO L8040;       /* LOCK */                    
 1671             WHEN (07)  GO TO L9070;       /* ON   */                    
 1672             WHEN (08)  GO TO L9080;       /* OFF  */                    
 1673             WHEN (09)  GO TO L8000;       /* WAVE */                    
 1674             WHEN (10)  GO TO L8000;       /* CALM */                    
 1675             WHEN (11)  GO TO L2011;       /* WALK */                    
 1676             WHEN (12)  GO TO L9120;       /* KILL */                    
 1677             WHEN (13)  GO TO L9130;       /* POUR */                    
 1678             WHEN (14)  GO TO L8140;       /* EAT  */                    
 1679             WHEN (15)  GO TO L9150;       /* DRNK */                    
 1680             WHEN (16)  GO TO L8000;       /* RUB  */                    
 1681             WHEN (17)  GO TO L8000;       /* TOSS */                    
 1682             WHEN (18)  GO TO L8180;       /* QUIT */                    
Aug 31, 2026  16:33     /***              ADVENTURE  -  PL/1 VERSION 4.0                  ***/                          
1.4.1                                               Source Listing                                           Page 30    
 1683             WHEN (19)  GO TO L8000;       /* FIND */                    
 1684             WHEN (20)  GO TO L8200;       /* INVN */                    
 1685             WHEN (21)  GO TO L8000;       /* FEED */                    
 1686             WHEN (22)  GO TO L9220;       /* FILL */                    
 1687             WHEN (23)  GO TO L9230;       /* BLST */                    
 1688             WHEN (24)  GO TO L8240;       /* SCOR */                    
 1689             WHEN (25)  GO TO L8250;       /* FOO  */                    
 1690             WHEN (26)  GO TO L8260;       /* BRF  */                    
 1691             WHEN (27)  GO TO L8270;       /* READ */                    
 1692             WHEN (28)  GO TO L8000;       /* BREK */                    
 1693             WHEN (29)  GO TO L8000;       /* WAKE */                    
 1694             WHEN (30)  GO TO L8300;       /* SAVE */                    
 1695             WHEN (31)  GO TO L8310;       /* HOUR */                    
 1696             WHEN (32)  GO TO L8320;       /* LOG  */                    
 1697             WHEN (33)  GO TO L8330;       /* LASR */                    
 1698             WHEN (34)  GO TO L8340;       /* RSTR */                    
 1699             WHEN (35)  GO TO L8350;       /* WIZD */                    
 1700             WHEN (36)  GO TO L8360;       /* ORAC */                    
 1701             OTHERWISE  CALL BUG(23);                                    
 1702             END;                                                        
 1703                                                                         
 1704                                                                         
 1705  /* ANALYSE A TRANSITIVE VERB. */                                       
 1706                                                                         
 1707  L4090:  SELECT (VERB);                                                 
 1708             WHEN (01)  GO TO L9010;       /* TAKE */                    
 1709             WHEN (02)  GO TO L9020;       /* DROP */                    
 1710             WHEN (03)  GO TO L9030;       /* SAY  */                    
 1711             WHEN (04)  GO TO L9040;       /* OPEN */                    
 1712             WHEN (05)  GO TO L2009;       /* NOTH */                    
 1713             WHEN (06)  GO TO L9040;       /* LOCK */                    
 1714             WHEN (07)  GO TO L9070;       /* ON   */                    
 1715             WHEN (08)  GO TO L9080;       /* OFF  */                    
 1716             WHEN (09)  GO TO L9090;       /* WAVE */                    
 1717             WHEN (10)  GO TO L2011;       /* CALM */                    
 1718             WHEN (11)  GO TO L2011;       /* WALK */                    
 1719             WHEN (12)  GO TO L9120;       /* KILL */                    
 1720             WHEN (13)  GO TO L9130;       /* POUR */                    
 1721             WHEN (14)  GO TO L9140;       /* EAT  */                    
 1722             WHEN (15)  GO TO L9150;       /* DRNK */                    
 1723             WHEN (16)  GO TO L9160;       /* RUB  */                    
 1724             WHEN (17)  GO TO L9170;       /* TOSS */                    
 1725             WHEN (18)  GO TO L2011;       /* QUIT */                    
 1726             WHEN (19)  GO TO L9190;       /* FIND */                    
 1727             WHEN (20)  GO TO L9190;       /* INVN */                    
 1728             WHEN (21)  GO TO L9210;       /* FEED */                    
 1729             WHEN (22)  GO TO L9220;       /* FILL */                    
 1730             WHEN (23)  GO TO L9230;       /* BLST */                    
 1731             WHEN (24)  GO TO L2011;       /* SCOR */                    
 1732             WHEN (25)  GO TO L2011;       /* FOO  */                    
 1733             WHEN (26)  GO TO L2011;       /* BRF  */                    
 1734             WHEN (27)  GO TO L9270;       /* READ */                    
 1735             WHEN (28)  GO TO L9280;       /* BREK */                    
 1736             WHEN (29)  GO TO L9290;       /* WAKE */                    
 1737             WHEN (30)  GO TO L2011;       /* SAVE */                    
 1738             WHEN (31)  GO TO L2011;       /* HOUR */                    
 1739             WHEN (32)  GO TO L2011;       /* LOG  */                    
 1740             WHEN (33)  GO TO L2011;       /* LASR */                    
Aug 31, 2026  16:33     /***              ADVENTURE  -  PL/1 VERSION 4.0                  ***/                          
1.4.1                                               Source Listing                                           Page 31    
 1741             WHEN (34)  GO TO L2011;       /* RSTR */                    
 1742             WHEN (35)  GO TO L2011;       /* WIZD */                    
 1743             WHEN (36)  GO TO L2011;       /* ORAC */                    
 1744             OTHERWISE  CALL BUG(24);                                    
 1745             END;                                                        
 1746                                                                         
 1747  /*                                                                     
 1748     ANALYSE AN OBJECT WORD.  SEE IF THE THING IS HERE,                  
 1749     WHETHER WE'VE GOT A VERB YET, AND SO ON.  OBJECT MUST BE            
 1750     HERE UNLESS VERB IS "FIND" OR "INVENT(ORY)" (AND NO NEW             
 1751     VERB YET TO BE ANALYSED).  WATER AND OIL ARE ALSO FUNNY,            
 1752     SINCE THEY ARE NEVER ACTUALLY DROPPED AT ANY LOCATION,              
 1753     BUT MIGHT BE HERE INSIDE THE BOTTLE OR AS A FEATURE OF              
 1754     THE LOCATION.                                                       
 1755  */                                                                     
 1756                                                                         
 1757  L5000:  OBJ=K;                                                         
 1758          IF FIXED(K) ^= LOC &  ^ HERE(K) THEN GOTO L5100;               
 1759  L5010:  IF WD2 ^= '     ' THEN GOTO L2800;                             
 1760          IF VERB ^= 0 THEN GOTO L4090;                                  
 1761          CALL A5TOA1(WD1,WD1X,TKWORD,K);                                
 1762          CALL LINESKP;                                                  
 1763          INHIB = 'Y';                                                   
 1764          CALL RSPEAK(210);        /* WHAT DO YOU WANT TO DO WITH IT? */ 
 1765          PUT STRING (OUTSTR) EDIT (OUTSTR,(TKWORD(I) DO I=1 TO K),'?')  
 1766                                           (A(32),20 A);                 
 1767          INHIB = 'N';                                                   
 1768          CALL LINEOUT;                                                  
 1769          GOTO L2600;                                                    
 1770                                                                         
 1771  L5100:  IF K ^= GRATE THEN GOTO L5110;                                 
 1772          IF LOC = 1 | LOC = 4 | LOC = 7 THEN K=DPRSSN;                  
 1773          IF LOC > 9 & LOC < 15 THEN K=ENTRNC;                           
 1774          IF K ^= GRATE THEN GOTO L8;                                    
 1775  L5110:  IF K ^= DWARF THEN GOTO L5120;                                 
 1776          DO I=1 TO 5;                                                   
 1777              IF DLOC(I) = LOC & DFLAG >= 2 THEN GOTO L5010;             
 1778              END;                                                       
 1779  L5120:  IF (LIQ(0) = K & HERE(BOTTLE))                                 
 1780                 | K = LIQLOC(LOC) THEN GOTO L5010;                      
 1781          IF OBJ ^= PLANT |  ^ AT(PLANT2) | PROP(PLANT2) = 0             
 1782                THEN GOTO L5130;                                         
 1783          OBJ=PLANT2;                                                    
 1784          GOTO L5010;                                                    
 1785  L5130:  IF OBJ ^= KNIFE | KNFLOC ^= LOC THEN GOTO L5140;               
 1786          KNFLOC=-1;                                                     
 1787          SPK=116;                                                       
 1788          GOTO L2011;                                                    
 1789  L5140:  IF OBJ ^= ROD |  ^HERE(ROD2) THEN GOTO L5190;                  
 1790          OBJ=ROD2;                                                      
 1791          GOTO L5010;                                                    
 1792  L5190:  IF (VERB = FIND | VERB = INVENT) & WD2 = '     '               
 1793               THEN GOTO L5010;                                          
 1794          CALL A5TOA1(WD1,WD1X,TKWORD,K);                                
 1795          CALL LINESKP;                                                  
 1796          INHIB = 'Y';                                                   
 1797          CALL RSPEAK(220);                                              
 1798          PUT STRING (OUTSTR) EDIT                                       
Aug 31, 2026  16:33     /***              ADVENTURE  -  PL/1 VERSION 4.0                  ***/                          
1.4.1                                               Source Listing                                           Page 32    
 1799               (OUTSTR,(TKWORD(I) DO I=1 TO K),' here!')                 
 1800              (A(9),20 A);                                               
 1801          INHIB = 'N';                                                   
 1802          CALL LINEOUT;                                                  
 1803          GOTO L2012;                                                    
 1804  /* FIGURE OUT THE NEW LOCATION                                         
 1805                                                                         
 1806     GIVEN THE CURRENT LOCATION IN "LOC", AND A MOTION VERB              
 1807     NUMBER IN "K", PUT THE NEW LOCATION IN "NEWLOC".  THE               
 1808     CURRENT LOC IS SAVED IN "OLDLOC" IN CASE HE WANTS TO                
 1809     RETREAT.  THE CURRENT OLDLOC IS SAVED IN OLDLC2, IN CASE            
 1810     HE DIES.  (IF HE DOES, NEWLOC WILL BE LIMBO, AND OLDLOC             
 1811     WILL BE WHAT KILLED HIM, SO WE NEED OLDLC2, WHICH IS THE            
 1812     LAST PLACE HE WAS SAFE.)                                            
 1813  */                                                                     
 1814                                                                         
 1815  L8:     KK=KEY(LOC);                                                   
 1816          NEWLOC=LOC;                                                    
 1817          IF KK = 0 THEN CALL BUG(26);                                   
 1818          IF K = NULLX THEN GOTO L2;                                     
 1819          IF K = BACK THEN GOTO L20;                                     
 1820          IF K = LOOK THEN GOTO L30;                                     
 1821          IF K = CAVE THEN GOTO L40;                                     
 1822          OLDLC2=OLDLOC;                                                 
 1823          OLDLOC=LOC;                                                    
 1824                                                                         
 1825  L9:     LL=ABS(TRAVEL(KK));                                            
 1826          IF MOD(LL,1000) = 1 | MOD(LL,1000) = K THEN GOTO L10;          
 1827          IF TRAVEL(KK) < 0 THEN GOTO L50;                               
 1828          KK=KK+1;                                                       
 1829          GOTO L9;                                                       
 1830                                                                         
 1831  L10:    LL=LL/1000;                                                    
 1832  L11:    NEWLOC=LL/1000;                                                
 1833          K=MOD(NEWLOC,100);                                             
 1834          IF NEWLOC <= 300 THEN GOTO L13;                                
 1835          IF PROP(K) ^= NEWLOC/100-3 THEN GOTO L16;                      
 1836  L12:    IF TRAVEL(KK) < 0 THEN CALL BUG(25);                           
 1837          KK=KK+1;                                                       
 1838          NEWLOC=ABS(TRAVEL(KK))/1000;                                   
 1839          IF NEWLOC = LL THEN GOTO L12;                                  
 1840          LL=NEWLOC;                                                     
 1841          GOTO L11;                                                      
 1842                                                                         
 1843  L13:    IF NEWLOC <= 100 THEN GOTO L14;                                
 1844          IF TOTING(K) | (NEWLOC > 200 & AT(K)) THEN GOTO L16;           
 1845          GOTO L12;                                                      
 1846                                                                         
 1847  L14:    IF NEWLOC ^= 0 &  ^PCT(NEWLOC) THEN GOTO L12;                  
 1848  L16:    NEWLOC=MOD(LL,1000);                                           
 1849          IF NEWLOC <= 300 THEN GOTO L2;                                 
 1850          IF NEWLOC <= 500 THEN GOTO L30000;                             
 1851          CALL RSPEAK(NEWLOC-500);                                       
 1852          NEWLOC=LOC;                                                    
 1853          GOTO L2;                                                       
 1854                                                                         
 1855  /*                                                                     
 1856     SPECIAL MOTIONS COME HERE.  LABELLING CONVENTION:                   
Aug 31, 2026  16:33     /***              ADVENTURE  -  PL/1 VERSION 4.0                  ***/                          
1.4.1                                               Source Listing                                           Page 33    
 1857     STATEMENT NUMBERS NNNXX (XX=00-99) ARE USED FOR SPECIAL             
 1858     CASE NUMBER NNN (NNN=301-500).                                      
 1859  */                                                                     
 1860                                                                         
 1861  L30000: NEWLOC=NEWLOC-300;                                             
 1862          SELECT (NEWLOC-1);                                             
 1863              WHEN (00)  GO TO L30100;                                   
 1864              WHEN (01)  GO TO L30200;                                   
 1865              WHEN (02)  GO TO L30300;                                   
 1866              OTHERWISE  CALL BUG(20);                                   
 1867              END;                                                       
 1868                                                                         
 1869  /*                                                                     
 1870     TRAVEL 301.  PLOVER-ALCOVE PASSAGE.  CAN CARRY ONLY                 
 1871     EMERALD.  NOTE:  TRAVEL TABLE MUST INCLUDE "USELESS"                
 1872     ENTRIES GOING THROUGH PASSAGE, WHICH CAN NEVER BE USED              
 1873     FOR ACTUAL MOTION, BUT CAN BE SPOTTED BY "GO BACK".                 
 1874  */                                                                     
 1875                                                                         
 1876  L30100: NEWLOC=99+100-LOC;                                             
 1877          IF HOLDNG = 0 | (HOLDNG = 1 & TOTING(EMRALD)) THEN GOTO L2;    
 1878          NEWLOC=LOC;                                                    
 1879          CALL RSPEAK(117);                                              
 1880          GOTO L2;                                                       
 1881                                                                         
 1882  /*                                                                     
 1883     TRAVEL 302.  PLOVER TRANSPORT.  DROP THE EMERALD (ONLY              
 1884     USE SPECIAL TRAVEL IF TOTING IT), SO HE'S FORCED TO USE             
 1885     THE PLOVER-PASSAGE TO GET IT OUT.  HAVING DROPPED IT, GO            
 1886     BACK AND PRETEND HE WASN'T CARRYING IT AFTER ALL.                   
 1887  */                                                                     
 1888                                                                         
 1889  L30200: CALL DROP(EMRALD,LOC);                                         
 1890          GOTO L12;                                                      
 1891                                                                         
 1892  /*                                                                     
 1893     TRAVEL 303.  TROLL BRIDGE.  MUST BE DONE ONLY AS SPECIAL            
 1894     MOTION SO THAT DWARFS WON'T WANDER ACROSS AND ENCOUNTER             
 1895     THE BEAR.  (THEY WON'T FOLLOW THE PLAYER THERE BECAUSE              
 1896     THAT REGION IS FORBIDDEN TO THE PIRATE.) IF                         
 1897     PROP(TROLL)=1, HE'S CROSSED SINCE PAYING, SO STEP OUT AND           
 1898     BLOCK HIM.  (STANDARD TRAVEL ENTRIES CHECK FOR                      
 1899     PROP(TROLL)=0.) SPECIAL STUFF FOR BEAR.                             
 1900  */                                                                     
 1901                                                                         
 1902  L30300: IF PROP(TROLL) ^= 1 THEN GOTO L30310;                          
 1903          CALL PSPEAK(TROLL,1);                                          
 1904          PROP(TROLL)=0;                                                 
 1905          CALL MOVE(TROLL2,0);                                           
 1906          CALL MOVE(TROLL2+100,0);                                       
 1907          CALL MOVE(TROLL,PLAC(TROLL));                                  
 1908          CALL MOVE(TROLL+100,FIXD(TROLL));                              
 1909          CALL JUGGLE(CHASM);                                            
 1910          NEWLOC=LOC;                                                    
 1911          GOTO L2;                                                       
 1912                                                                         
 1913  L30310: NEWLOC=PLAC(TROLL)+FIXD(TROLL)-LOC;                            
 1914          IF PROP(TROLL) = 0 THEN PROP(TROLL)=1;                         
Aug 31, 2026  16:33     /***              ADVENTURE  -  PL/1 VERSION 4.0                  ***/                          
1.4.1                                               Source Listing                                           Page 34    
 1915          IF ^TOTING(BEAR) THEN GOTO L2;                                 
 1916          CALL RSPEAK(162);                                              
 1917          PROP(CHASM)=1;                                                 
 1918          PROP(TROLL)=2;                                                 
 1919          CALL DROP(BEAR,NEWLOC);                                        
 1920          FIXED(BEAR)=-1;                                                
 1921          PROP(BEAR)=3;                                                  
 1922          IF PROP(SPICES) < 0 THEN TALLY2=TALLY2+1;                      
 1923          OLDLC2=NEWLOC;                                                 
 1924          GOTO L99;                                                      
 1925                                                                         
 1926  /* END OF SPECIALS. */                                                 
 1927                                                                         
 1928  /*                                                                     
 1929     HANDLE "GO BACK".  LOOK FOR VERB WHICH GOES FROM LOC TO             
 1930     OLDLOC, OR TO OLDLC2 IF OLDLOC HAS FORCED-MOTION.  K2               
 1931     SAVES ENTRY -> FORCED LOC -> PREVIOUS LOC.                          
 1932  */                                                                     
 1933                                                                         
 1934  L20:    K=OLDLOC;                                                      
 1935          IF FORCED(K) THEN K=OLDLC2;                                    
 1936          OLDLC2=OLDLOC;                                                 
 1937          OLDLOC=LOC;                                                    
 1938          K2=0;                                                          
 1939          IF K ^= LOC THEN GOTO L21;                                     
 1940          CALL RSPEAK(91);                                               
 1941          GOTO L2;                                                       
 1942                                                                         
 1943  L21:    LL=MOD((ABS(TRAVEL(KK))/1000),1000);                           
 1944          IF LL = K THEN GOTO L25;                                       
 1945          IF LL > 300 THEN GOTO L22;                                     
 1946          J=KEY(LL);                                                     
 1947          IF FORCED(LL) & MOD((ABS(TRAVEL(J))/1000),1000) = K            
 1948               THEN K2=KK;                                               
 1949  L22:    IF TRAVEL(KK) < 0 THEN GOTO L23;                               
 1950          KK=KK+1;                                                       
 1951          GOTO L21;                                                      
 1952                                                                         
 1953  L23:    KK=K2;                                                         
 1954          IF KK ^= 0 THEN GOTO L25;                                      
 1955          CALL RSPEAK(140);                                              
 1956          GOTO L2;                                                       
 1957                                                                         
 1958  L25:    K=MOD(ABS(TRAVEL(KK)),1000);                                   
 1959          KK=KEY(LOC);                                                   
 1960          GOTO L9;                                                       
 1961                                                                         
 1962  /*                                                                     
 1963     LOOK.  CAN'T GIVE MORE DETAIL.  PRETEND IT WASN'T DARK              
 1964     (THOUGH IT MAY "NOW" BE DARK) SO HE WON'T FALL INTO A PIT           
 1965     WHILE STARING INTO THE GLOOM.                                       
 1966  */                                                                     
 1967                                                                         
 1968  L30:    CALL CLRSCRN;                                                  
 1969          IF DETAIL < 3 THEN CALL RSPEAK(15);                            
 1970          DETAIL=DETAIL+1;                                               
 1971  L31:    WZDARK='0'B;                                                   
 1972          ABB(LOC)=0;                                                    
Aug 31, 2026  16:33     /***              ADVENTURE  -  PL/1 VERSION 4.0                  ***/                          
1.4.1                                               Source Listing                                           Page 35    
 1973          GOTO L2;                                                       
 1974                                                                         
 1975  /* CAVE.  DIFFERENT MESSAGES DEPENDING ON WHETHER ABOVE GROUND. */     
 1976                                                                         
 1977  L40:    IF LOC < 8 THEN CALL RSPEAK(57);                               
 1978          IF LOC >= 8 THEN CALL RSPEAK(58);                              
 1979          GOTO L2;                                                       
 1980                                                                         
 1981  /* NON-APPLICABLE MOTION.  VARIOUS MESSAGES DEPENDING ON               
 1982     WORD GIVEN.  */                                                     
 1983                                                                         
 1984  L50:    SPK=12;                                                        
 1985          IF K >= 43 & K <= 50 & LOC <= 143 THEN SPK=9;                  
 1986          IF K = 29 | K = 30 THEN SPK=9;                                 
 1987          IF K = 7 | K = 36 | K = 37 THEN SPK=10;                        
 1988          IF K = 11 | K = 19 THEN SPK=11;                                
 1989          IF VERB = FIND | VERB = INVENT THEN SPK=59;                    
 1990          IF K = 62 | K = 65 | K = 78 THEN SPK=42;                       
 1991          IF K = 17 THEN SPK=80;                                         
 1992          CALL RSPEAK(SPK);                                              
 1993          GOTO L2;                                                       
 1994                                                                         
 1995  /*                                                                     
 1996     "YOU'RE DEAD, JIM."                                                 
 1997                                                                         
 1998     IF THE CURRENT LOC IS ZERO, IT MEANS THE CLOWN GOT                  
 1999     HIMSELF KILLED.  WE'LL ALLOW THIS MAXDIE TIMES.  MAXDIE             
 2000     IS AUTOMATICALLY SET BASED ON THE NUMBER OF SNIDE                   
 2001     MESSAGES AVAILABLE.  EACH DEATH RESULTS IN A MESSAGE (81,           
 2002     83, ETC.) WHICH OFFERS REINCARNATION- IF ACCEPTED, THIS             
 2003     RESULTS IN MESSAGE 82, 84, ETC.  THE LAST TIME, IF HE               
 2004     WANTS ANOTHER CHANCE, HE GETS A SNIDE REMARK AS WE EXIT.            
 2005     WHEN REINCARNATED, ALL OBJECTS BEING CARRIED GET DROPPED            
 2006     AT OLDLC2 (PRESUMABLY THE LAST PLACE PRIOR TO BEING                 
 2007     KILLED) WITHOUT CHANGE OF PROPS.  THE LOOP RUNS BACKWARDS           
 2008     TO ASSURE THAT THE BIRD IS DROPPED BEFORE THE CAGE.                 
 2009     (THIS KLUGE COULD BE CHANGED ONCE WE'RE SURE ALL                    
 2010     REFERENCES TO BIRD AND CAGE ARE DONE BY KEYWORDS.) THE              
 2011     LAMP IS A SPECIAL CASE (IT WOULDN'T DO TO LEAVE IT IN THE           
 2012     CAVE).  IT IS TURNED OFF AND LEFT OUTSIDE THE BUILDING              
 2013     (ONLY IF HE WAS CARRYING IT, OF COURSE).  HE HIMSELF IS             
 2014     LEFT INSIDE THE BUILDING (AND HEAVEN HELP HIM IF HE TRIES           
 2015     TO XYZZY BACK INTO THE CAVE WITHOUT THE LAMP!).  OLDLOC             
 2016     IS ZAPPED SO HE CAN'T JUST "RETREAT".                               
 2017                                                                         
 2018     THE EASIEST WAY TO GET KILLED IS TO FALL INTO A PIT IN              
 2019     PITCH DARKNESS.                                                     
 2020  */                                                                     
 2021                                                                         
 2022  L90:    CALL RSPEAK(23);                                               
 2023          OLDLC2=LOC;                                                    
 2024                                                                         
 2025  /* OKAY, HE'S DEAD.  LET'S GET ON WITH IT. */                          
 2026                                                                         
 2027  L99:    IF CLOSNG THEN GOTO L95;                                       
 2028          YEA=YES(81+NUMDIE*2,82+NUMDIE*2,54);                           
 2029          NUMDIE=NUMDIE+1;                                               
 2030          IF NUMDIE = MAXDIE |  ^YEA                                     
Aug 31, 2026  16:33     /***              ADVENTURE  -  PL/1 VERSION 4.0                  ***/                          
1.4.1                                               Source Listing                                           Page 36    
 2031          THEN GOTO L20000;                                              
 2032          PLACE(WATER)=0;                                                
 2033          PLACE(OIL)=0;                                                  
 2034          IF TOTING(LAMP) THEN PROP(LAMP)=0;                             
 2035          DO J=1 TO 100;                                                 
 2036              I=101-J;                                                   
 2037              IF ^TOTING(I) THEN GOTO L98;                               
 2038              K=OLDLC2;                                                  
 2039              IF I = LAMP THEN K=1;                                      
 2040              CALL DROP(I,K);                                            
 2041  L98:        END;                                                       
 2042          LOC=3;                                                         
 2043          OLDLOC=LOC;                                                    
 2044          GOTO L2000;                                                    
 2045                                                                         
 2046  /* HE DIED DURING CLOSING TIME.  NO RESURRECTION.  TALLY UP            
 2047     A DEATH AND EXIT.  */                                               
 2048                                                                         
 2049  L95:    CALL RSPEAK(131);                                              
 2050          NUMDIE=NUMDIE+1;                                               
 2051          GOTO L20000;                                                   
 2052                                                                         
 2053  /*                                                                     
 2054     ROUTINES FOR PERFORMING THE VARIOUS ACTION VERBS                    
 2055                                                                         
 2056     STATEMENT NUMBERS IN THIS SECTION ARE 8000 FOR                      
 2057     INTRANSITIVE VERBS, 9000 FOR TRANSITIVE, PLUS TEN TIMES             
 2058     THE VERB NUMBER.  MANY INTRANSITIVE VERBS USE THE                   
 2059     TRANSITIVE CODE, AND SOME VERBS USE CODE FOR OTHER VERBS,           
 2060     AS NOTED BELOW.                                                     
 2061                                                                         
 2062     RANDOM INTRANSITIVE VERBS COME HERE.  CLEAR OBJ JUST IN             
 2063     CASE (SEE "ATTACK").                                                
 2064  */                                                                     
 2065                                                                         
 2066  L8000:  CALL A5TOA1(WD1,WD1X,TKWORD,K);                                
 2067          CALL LINESKP;                                                  
 2068          PUT STRING (OUTSTR) EDIT                                       
 2069               ((TKWORD(I) DO I=1 TO K),' what?') (A,20 A);              
 2070          CALL LINEOUT;                                                  
 2071          OBJ=0;                                                         
 2072          GOTO L2600;                                                    
 2073                                                                         
 2074  /* CARRY, NO OBJECT GIVEN YET.  OK IF ONLY ONE OBJECT PRESENT. */      
 2075                                                                         
 2076  L8010:  IF ATLOC(LOC) = 0 | LINK(ATLOC(LOC)) ^= 0 THEN GOTO L8000;     
 2077          DO I=1 TO 5;                                                   
 2078              IF DLOC(I) = LOC & DFLAG >= 2 THEN GOTO L8000;             
 2079              END;                                                       
 2080          OBJ=ATLOC(LOC);                                                
 2081                                                                         
 2082  /*                                                                     
 2083     CARRY AN OBJECT.  SPECIAL CASES FOR BIRD AND CAGE (IF               
 2084     BIRD IN CAGE, CAN'T TAKE ONE WITHOUT THE OTHER.  LIQUIDS            
 2085     ALSO SPECIAL, SINCE THEY DEPEND ON STATUS OF BOTTLE.                
 2086     ALSO VARIOUS SIDE EFFECTS, ETC.                                     
 2087  */                                                                     
 2088                                                                         
Aug 31, 2026  16:33     /***              ADVENTURE  -  PL/1 VERSION 4.0                  ***/                          
1.4.1                                               Source Listing                                           Page 37    
 2089  L9010:  IF TOTING(OBJ) THEN GOTO L2011;                                
 2090          SPK=25;                                                        
 2091          IF OBJ = RUBY & ^DARK(0)                                       
 2092          THEN DO;                                                       
 2093               IF HERE(LADDER) & PROP(LADDER) = 0 THEN GO TO L8331;      
 2094               CALL RSPEAK(202);                                         
 2095               GO TO L99;                                                
 2096               END;                                                      
 2097          IF OBJ = PLANT & PROP(PLANT) <= 0 THEN SPK=115;                
 2098          IF OBJ = BEAR & PROP(BEAR) = 1 THEN SPK=169;                   
 2099          IF OBJ = CHAIN & PROP(BEAR) ^= 0 THEN SPK=170;                 
 2100          IF FIXED(OBJ) ^= 0 THEN GOTO L2011;                            
 2101          IF OBJ ^= WATER & OBJ ^= OIL THEN GOTO L9017;                  
 2102          IF HERE(BOTTLE) & LIQ(0) = OBJ THEN GOTO L9018;                
 2103          OBJ=BOTTLE;                                                    
 2104          IF TOTING(BOTTLE) & PROP(BOTTLE) = 1 THEN GOTO L9220;          
 2105          IF PROP(BOTTLE) ^= 1 THEN SPK=105;                             
 2106          IF ^TOTING(BOTTLE) THEN SPK=104;                               
 2107          GOTO L2011;                                                    
 2108  L9018:  OBJ=BOTTLE;                                                    
 2109  L9017:  IF HOLDNG < 7 THEN GOTO L9016;                                 
 2110          CALL RSPEAK(92);                                               
 2111          GOTO L2012;                                                    
 2112  L9016:  IF OBJ ^= BIRD THEN GOTO L9014;                                
 2113          IF PROP(BIRD) ^= 0 THEN GOTO L9014;                            
 2114          IF ^TOTING(ROD) THEN GOTO L9013;                               
 2115          CALL RSPEAK(26);                                               
 2116          GOTO L2012;                                                    
 2117  L9013:  IF TOTING(CAGE) THEN GOTO L9015;                               
 2118          CALL RSPEAK(27);                                               
 2119          GOTO L2012;                                                    
 2120  L9015:  PROP(BIRD)=1;                                                  
 2121  L9014:  IF (OBJ = BIRD | OBJ = CAGE) & PROP(BIRD) ^= 0                 
 2122              THEN CALL CARRY(BIRD+CAGE-OBJ,LOC);                        
 2123          IF OBJ = BRACELET & LOC = 144 THEN PROP(BRACELET)=0;           
 2124          CALL CARRY(OBJ,LOC);                                           
 2125          K=LIQ(0);                                                      
 2126          IF OBJ = BOTTLE & K ^= 0 THEN PLACE(K)=-1;                     
 2127          GOTO L2009;                                                    
 2128                                                                         
 2129  /*                                                                     
 2130     DISCARD OBJECT.  "THROW" ALSO COMES HERE FOR MOST                   
 2131     OBJECTS.  SPECIAL CASES FOR BIRD (MIGHT ATTACK SNAKE OR             
 2132     DRAGON) AND CAGE (MIGHT CONTAIN BIRD) AND VASE.  DROP               
 2133     COINS AT VENDING MACHINE FOR EXTRA BATTERIES.                       
 2134  */                                                                     
 2135                                                                         
 2136  L9020:  IF TOTING(ROD2) & OBJ = ROD &  ^ TOTING(ROD) THEN OBJ=ROD2;    
 2137          IF ^TOTING(OBJ) THEN GOTO L2011;                               
 2138          IF OBJ ^= BIRD |  ^ HERE(SNAKE) THEN GOTO L9024;               
 2139          CALL RSPEAK(30);                                               
 2140          IF CLOSED THEN GOTO L19000;                                    
 2141          CALL DSTROY(SNAKE);                                            
 2142                                                                         
 2143  /* SET PROP FOR USE BY TRAVEL OPTIONS */                               
 2144                                                                         
 2145          PROP(SNAKE)=1;                                                 
 2146  L9021:  K=LIQ(0);                                                      
Aug 31, 2026  16:33     /***              ADVENTURE  -  PL/1 VERSION 4.0                  ***/                          
1.4.1                                               Source Listing                                           Page 38    
 2147          IF K = OBJ THEN OBJ=BOTTLE;                                    
 2148          IF OBJ = BOTTLE & K ^= 0 THEN PLACE(K)=0;                      
 2149          IF OBJ = CAGE & PROP(BIRD) ^= 0 THEN CALL DROP(BIRD,LOC);      
 2150          IF OBJ = BIRD THEN PROP(BIRD)=0;                               
 2151          CALL DROP(OBJ,LOC);                                            
 2152          GOTO L2012;                                                    
 2153                                                                         
 2154  L9024:  IF OBJ ^= COINS |  ^ HERE(VEND) THEN GOTO L9025;               
 2155          CALL DSTROY(COINS);                                            
 2156          CALL DROP(BATTER,LOC);                                         
 2157          CALL PSPEAK(BATTER,0);                                         
 2158          GOTO L2012;                                                    
 2159                                                                         
 2160  L9025:  IF OBJ ^= BIRD |  ^ AT(DRAGON) | PROP(DRAGON) ^= 0             
 2161                 THEN GOTO L9026;                                        
 2162          CALL RSPEAK(154);                                              
 2163          CALL DSTROY(BIRD);                                             
 2164          PROP(BIRD)=0;                                                  
 2165          IF PLACE(SNAKE) = PLAC(SNAKE) THEN TALLY2=TALLY2+1;            
 2166          GOTO L2012;                                                    
 2167                                                                         
 2168  L9026:  IF OBJ ^= BEAR |  ^AT(TROLL) THEN GOTO L9027;                  
 2169          CALL RSPEAK(163);                                              
 2170          CALL MOVE(TROLL,0);                                            
 2171          CALL MOVE(TROLL+100,0);                                        
 2172          CALL MOVE(TROLL2,PLAC(TROLL));                                 
 2173          CALL MOVE(TROLL2+100,FIXD(TROLL));                             
 2174          CALL JUGGLE(CHASM);                                            
 2175          PROP(TROLL)=2;                                                 
 2176          GOTO L9021;                                                    
 2177                                                                         
 2178  L9027:  IF OBJ = VASE & LOC ^= PLAC(PILLOW) THEN GOTO L9028;           
 2179          IF OBJ = BRACELET & LOC = 144 THEN PROP(BRACELET) = 1;         
 2180          CALL RSPEAK(54);                                               
 2181          GOTO L9021;                                                    
 2182                                                                         
 2183  L9028:  PROP(VASE)=2;                                                  
 2184          IF AT(PILLOW) THEN PROP(VASE)=0;                               
 2185          CALL PSPEAK(VASE,PROP(VASE)+1);                                
 2186          IF PROP(VASE) ^= 0 THEN FIXED(VASE)=-1;                        
 2187          GOTO L9021;                                                    
 2188                                                                         
 2189  /* SAY.  ECHO WD2 (OR WD1 IF NO WD2 (SAY WHAT?, ETC.).)                
 2190     MAGIC WORDS OVERRIDE.  */                                           
 2191                                                                         
 2192  L9030:  CALL A5TOA1(WD2,WD2X,TKWORD,K);                                
 2193          IF WD2 = '     ' THEN CALL A5TOA1(WD1,WD1X,TKWORD,K);          
 2194          IF WD2 ^= '     ' THEN WD1=WD2;                                
 2195          I=VOCAB(WD1,-1);                                               
 2196          IF I = 62 | I = 65 | I = 71 | I = 2025 THEN GO TO L9035;       
 2197          IF I = 1066 | I = 2036 & HERE(ORAC) THEN GO TO L9035;          
 2198          CALL LINESKP;                                                  
 2199          INHIB = 'Y';                                                   
 2200          CALL RSPEAK(221);                              /* OKAY, ".. */ 
 2201          PUT STRING (OUTSTR) EDIT                                       
 2202                 (OUTSTR,(TKWORD(I) DO I=1 TO K),'".') (A(7),20 A);      
 2203          INHIB = 'N';                                                   
 2204          CALL LINEOUT;                                                  
Aug 31, 2026  16:33     /***              ADVENTURE  -  PL/1 VERSION 4.0                  ***/                          
1.4.1                                               Source Listing                                           Page 39    
 2205          GOTO L2012;                                                    
 2206                                                                         
 2207  L9035:  WD2='     ';                                                   
 2208          OBJ=0;                                                         
 2209          IF I = 1066 THEN SUBSTR(WD1,5,1) = '?';            /* ORAC? */ 
 2210          GOTO L2630;                                                    
 2211                                                                         
 2212  /* LOCK, UNLOCK, NO OBJECT GIVEN.  ASSUME VARIOUS THINGS IF            
 2213     PRESENT.  */                                                        
 2214                                                                         
 2215  L8040:  SPK=28;                                                        
 2216          IF HERE(CLAM) THEN OBJ=CLAM;                                   
 2217          IF HERE(OYSTER) THEN OBJ=OYSTER;                               
 2218          IF AT(DOOR) THEN OBJ=DOOR;                                     
 2219          IF AT(GRATE) THEN OBJ=GRATE;                                   
 2220          IF OBJ ^= 0 & HERE(CHAIN) THEN GOTO L8000;                     
 2221          IF HERE(CHAIN) THEN OBJ=CHAIN;                                 
 2222          IF OBJ = 0 THEN GOTO L2011;                                    
 2223                                                                         
 2224  /* LOCK, UNLOCK OBJECT.  SPECIAL STUFF FOR OPENING                     
 2225     CLAM/OYSTER AND FOR CHAIN.  */                                      
 2226                                                                         
 2227  L9040:  IF OBJ = CLAM | OBJ = OYSTER THEN GOTO L9046;                  
 2228          IF OBJ = DOOR THEN SPK=111;                                    
 2229          IF OBJ = DOOR & PROP(DOOR) = 1 THEN SPK=54;                    
 2230          IF OBJ = CAGE THEN SPK=32;                                     
 2231          IF OBJ = KEYS THEN SPK=55;                                     
 2232          IF OBJ = GRATE | OBJ = CHAIN THEN SPK=31;                      
 2233          IF SPK ^= 31 |  ^ HERE(KEYS) THEN GOTO L2011;                  
 2234          IF OBJ = CHAIN THEN GOTO L9048;                                
 2235          IF ^CLOSNG THEN GOTO L9043;                                    
 2236          K=130;                                                         
 2237          IF ^PANIC THEN CLOCK2=15;                                      
 2238          PANIC='1'B;                                                    
 2239          GOTO L2010;                                                    
 2240                                                                         
 2241  L9043:  K=34+PROP(GRATE);                                              
 2242          PROP(GRATE)=1;                                                 
 2243          IF VERB = LOCK THEN PROP(GRATE)=0;                             
 2244          K=K+2*PROP(GRATE);                                             
 2245          GOTO L2010;                                                    
 2246                                                                         
 2247  /* CLAM/OYSTER. */                                                     
 2248                                                                         
 2249  L9046:  K=0;                                                           
 2250          IF OBJ = OYSTER THEN K=1;                                      
 2251          SPK=124+K;                                                     
 2252          IF TOTING(OBJ) THEN SPK=120+K;                                 
 2253          IF ^TOTING(TRIDNT) THEN SPK=122+K;                             
 2254          IF VERB = LOCK THEN SPK=61;                                    
 2255          IF SPK ^= 124 THEN GOTO L2011;                                 
 2256          CALL DSTROY(CLAM);                                             
 2257          CALL DROP(OYSTER,LOC);                                         
 2258          CALL DROP(PEARL,105);                                          
 2259          GOTO L2011;                                                    
 2260                                                                         
 2261  /* CHAIN. */                                                           
 2262                                                                         
Aug 31, 2026  16:33     /***              ADVENTURE  -  PL/1 VERSION 4.0                  ***/                          
1.4.1                                               Source Listing                                           Page 40    
 2263  L9048:  IF VERB = LOCK THEN GOTO L9049;                                
 2264          SPK=171;                                                       
 2265          IF PROP(BEAR) = 0 THEN SPK=41;                                 
 2266          IF PROP(CHAIN) = 0 THEN SPK=37;                                
 2267          IF SPK ^= 171 THEN GOTO L2011;                                 
 2268          PROP(CHAIN)=0;                                                 
 2269          FIXED(CHAIN)=0;                                                
 2270          IF PROP(BEAR) ^= 3 THEN PROP(BEAR)=2;                          
 2271          FIXED(BEAR)=2-PROP(BEAR);                                      
 2272          GOTO L2011;                                                    
 2273                                                                         
 2274  L9049:  SPK=172;                                                       
 2275          IF PROP(CHAIN) ^= 0 THEN SPK=34;                               
 2276          IF LOC ^= PLAC(CHAIN) THEN SPK=173;                            
 2277          IF SPK ^= 172 THEN GOTO L2011;                                 
 2278          PROP(CHAIN)=2;                                                 
 2279          IF TOTING(CHAIN) THEN CALL DROP(CHAIN,LOC);                    
 2280          FIXED(CHAIN)=-1;                                               
 2281          GOTO L2011;                                                    
 2282                                                                         
 2283  /* LIGHT LAMP */                                                       
 2284                                                                         
 2285  L9070:  IF ^HERE(LAMP) THEN GOTO L2011;                                
 2286          SPK=184;                                                       
 2287          IF LIMIT < 0 THEN GOTO L2011;                                  
 2288          PROP(LAMP)=1;                                                  
 2289          CALL RSPEAK(39);                                               
 2290          IF WZDARK THEN GOTO L2000;                                     
 2291          GOTO L2012;                                                    
 2292                                                                         
 2293  /* LAMP OFF */                                                         
 2294                                                                         
 2295  L9080:  IF ^HERE(LAMP) THEN GOTO L2011;                                
 2296          PROP(LAMP)=0;                                                  
 2297          CALL RSPEAK(40);                                               
 2298          IF DARK(0) THEN CALL RSPEAK(16);                               
 2299          GOTO L2012;                                                    
 2300                                                                         
 2301  /* WAVE.  NO EFFECT UNLESS WAVING ROD AT FISSURE. */                   
 2302                                                                         
 2303  L9090:  IF (^TOTING(OBJ)) & (OBJ ^= ROD |  ^ TOTING(ROD2))             
 2304           THEN SPK=29;                                                  
 2305          IF OBJ ^= ROD |  ^ AT(FISSUR) |  ^ TOTING(OBJ)                 
 2306           | CLOSNG THEN GOTO L2011;                                     
 2307          PROP(FISSUR)=1-PROP(FISSUR);                                   
 2308          CALL PSPEAK(FISSUR,2-PROP(FISSUR));                            
 2309          GOTO L2012;                                                    
 2310                                                                         
 2311  /*                                                                     
 2312     ATTACK.  ASSUME TARGET IF UNAMBIGUOUS.  "THROW" ALSO                
 2313     LINKS HERE.  ATTACKABLE OBJECTS FALL INTO TWO CATEGORIES:           
 2314     ENEMIES (SNAKE, DWARF, ETC.) AND OTHERS (BIRD, CLAM).               
 2315     AMBIGUOUS IF TWO ENEMIES, OR IF NO ENEMIES BUT TWO                  
 2316     OTHERS.                                                             
 2317  */                                                                     
 2318                                                                         
 2319  L9120:  DO I=1 TO 5;                                                   
 2320              IF DLOC(I) = LOC & DFLAG >= 2 THEN GOTO L9122;             
Aug 31, 2026  16:33     /***              ADVENTURE  -  PL/1 VERSION 4.0                  ***/                          
1.4.1                                               Source Listing                                           Page 41    
 2321              END;                                                       
 2322          I=0;                                                           
 2323  L9122:  IF OBJ ^= 0 THEN GOTO L9124;                                   
 2324          IF I ^= 0 THEN OBJ=DWARF;                                      
 2325          IF HERE(SNAKE) THEN OBJ=OBJ*100+SNAKE;                         
 2326          IF AT(DRAGON) & PROP(DRAGON) = 0 THEN OBJ=OBJ*100+DRAGON;      
 2327          IF AT(TROLL) THEN OBJ=OBJ*100+TROLL;                           
 2328          IF HERE(BEAR) & PROP(BEAR) = 0 THEN OBJ=OBJ*100+BEAR;          
 2329          IF OBJ > 100 THEN GOTO L8000;                                  
 2330          IF OBJ ^= 0 THEN GOTO L9124;                                   
 2331                                                                         
 2332  /* CAN'T ATTACK BIRD BY THROWING AXE. */                               
 2333                                                                         
 2334          IF HERE(BIRD) & VERB ^= THROW THEN OBJ=BIRD;                   
 2335                                                                         
 2336  /* CLAM AND OYSTER BOTH TREATED AS CLAM FOR INTRANSITIVE               
 2337     CASE- NO HARM DONE.  */                                             
 2338                                                                         
 2339          IF HERE(CLAM) | HERE(OYSTER) THEN OBJ=100*OBJ+CLAM;            
 2340          IF OBJ > 100 THEN GOTO L8000;                                  
 2341  L9124:  IF OBJ ^= BIRD THEN GOTO L9125;                                
 2342          SPK=137;                                                       
 2343          IF CLOSED THEN GOTO L2011;                                     
 2344          CALL DSTROY(BIRD);                                             
 2345          PROP(BIRD)=0;                                                  
 2346          IF PLACE(SNAKE) = PLAC(SNAKE) THEN TALLY2=TALLY2+1;            
 2347          SPK=45;                                                        
 2348  L9125:  IF OBJ = 0 THEN SPK=44;                                        
 2349          IF OBJ = CLAM | OBJ = OYSTER THEN SPK=150;                     
 2350          IF OBJ = SNAKE THEN SPK=46;                                    
 2351          IF OBJ = DWARF THEN SPK=49;                                    
 2352          IF OBJ = DWARF & CLOSED THEN GOTO L19000;                      
 2353          IF OBJ = DRAGON THEN SPK=167;                                  
 2354          IF OBJ = TROLL THEN SPK=157;                                   
 2355          IF OBJ = BEAR THEN SPK=165+(PROP(BEAR)+1)/2;                   
 2356          IF OBJ ^= DRAGON | PROP(DRAGON) ^= 0 THEN GOTO L2011;          
 2357  /*                                                                     
 2358     FUN STUFF FOR DRAGON.  IF HE INSISTS ON ATTACKING IT,               
 2359     WIN!  SET PROP TO DEAD, MOVE DRAGON TO CENTRAL LOC (STILL           
 2360     FIXED), MOVE RUG THERE (NOT FIXED), AND MOVE HIM THERE,             
 2361     TOO.  THEN DO A NULL MOTION TO GET NEW DESCRIPTION.                 
 2362  */                                                                     
 2363          CALL RSPEAK(49);                                               
 2364          VERB=0;                                                        
 2365          OBJ=0;                                                         
 2366          CALL GETIN(WD1,WD1X,WD2,WD2X);                                 
 2367          IF WD1 ^= 'Y' & WD1 ^= 'YES' THEN GOTO L2608;                  
 2368          CALL PSPEAK(DRAGON,1);                                         
 2369          PROP(DRAGON)=2;                                                
 2370          PROP(RUG)=0;                                                   
 2371          K=(PLAC(DRAGON)+FIXD(DRAGON))/2;                               
 2372          CALL MOVE(DRAGON+100,-1);                                      
 2373          CALL MOVE(RUG+100,0);                                          
 2374          CALL MOVE(DRAGON,K);                                           
 2375          CALL MOVE(RUG,K);                                              
 2376          DO OBJ=1 TO 100;                                               
 2377          IF PLACE(OBJ) = PLAC(DRAGON) | PLACE(OBJ) = FIXD(DRAGON)       
 2378               THEN CALL MOVE(OBJ,K);                                    
Aug 31, 2026  16:33     /***              ADVENTURE  -  PL/1 VERSION 4.0                  ***/                          
1.4.1                                               Source Listing                                           Page 42    
 2379              END;                                                       
 2380          LOC=K;                                                         
 2381          K=NULLX;                                                       
 2382          GOTO L8;                                                       
 2383                                                                         
 2384  /*                                                                     
 2385     POUR.  IF NO OBJECT, OR OBJECT IS BOTTLE, ASSUME CONTENTS           
 2386     OF BOTTLE.  SPECIAL TESTS FOR POURING WATER OR OIL ON               
 2387     PLANT OR RUSTY DOOR.                                                
 2388  */                                                                     
 2389                                                                         
 2390  L9130:  IF OBJ = BOTTLE | OBJ = 0 THEN OBJ=LIQ(0);                     
 2391          IF OBJ = 0 THEN GOTO L8000;                                    
 2392          IF ^TOTING(OBJ) THEN GOTO L2011;                               
 2393          SPK=78;                                                        
 2394          IF OBJ ^= OIL & OBJ ^= WATER THEN GOTO L2011;                  
 2395          PROP(BOTTLE)=1;                                                
 2396          PLACE(OBJ)=0;                                                  
 2397          SPK=77;                                                        
 2398          IF ^(AT(PLANT) | AT(DOOR)) THEN GOTO L2011;                    
 2399                                                                         
 2400          IF AT(DOOR) THEN GOTO L9132;                                   
 2401          SPK=112;                                                       
 2402          IF OBJ ^= WATER THEN GOTO L2011;                               
 2403          CALL PSPEAK(PLANT,PROP(PLANT)+1);                              
 2404          PROP(PLANT)=MOD(PROP(PLANT)+2,6);                              
 2405          PROP(PLANT2)=PROP(PLANT)/2;                                    
 2406          K=NULLX;                                                       
 2407          GOTO L8;                                                       
 2408                                                                         
 2409  L9132:  PROP(DOOR)=0;                                                  
 2410          IF OBJ = OIL THEN PROP(DOOR)=1;                                
 2411          SPK=113+PROP(DOOR);                                            
 2412          GOTO L2011;                                                    
 2413                                                                         
 2414  /*                                                                     
 2415     EAT.  INTRANSITIVE:  ASSUME FOOD IF PRESENT, ELSE ASK               
 2416     WHAT.  TRANSITIVE:  FOOD OK, SOME THINGS LOSE APPETITE,             
 2417     REST ARE RIDICULOUS.                                                
 2418  */                                                                     
 2419                                                                         
 2420  L8140:  IF ^HERE(FOOD) THEN GOTO L8000;                                
 2421  L8142:  CALL DSTROY(FOOD);                                             
 2422          SPK=72;                                                        
 2423          GOTO L2011;                                                    
 2424                                                                         
 2425  L9140:  IF OBJ = FOOD THEN GOTO L8142;                                 
 2426          IF OBJ = BIRD | OBJ = SNAKE | OBJ = CLAM | OBJ = OYSTER        
 2427           | OBJ = DWARF | OBJ = DRAGON | OBJ = TROLL                    
 2428           | OBJ = BEAR THEN SPK=71;                                     
 2429          GOTO L2011;                                                    
 2430                                                                         
 2431  /*                                                                     
 2432     DRINK.  IF NO OBJECT, ASSUME WATER AND LOOK FOR IT HERE.            
 2433     IF WATER IS IN THE BOTTLE, DRINK THAT, ELSE MUST BE AT A            
 2434     WATER LOC, SO DRINK STREAM.                                         
 2435  */                                                                     
 2436                                                                         
Aug 31, 2026  16:33     /***              ADVENTURE  -  PL/1 VERSION 4.0                  ***/                          
1.4.1                                               Source Listing                                           Page 43    
 2437  L9150:  IF OBJ = 0 & LIQLOC(LOC) ^= WATER & (LIQ(0) ^= WATER           
 2438           |  ^ HERE(BOTTLE)) THEN GOTO L8000;                           
 2439          IF OBJ ^= 0 & OBJ ^= WATER THEN SPK=110;                       
 2440          IF SPK = 110 | LIQ(0) ^= WATER |  ^ HERE(BOTTLE)               
 2441               THEN GOTO L2011;                                          
 2442          PROP(BOTTLE)=1;                                                
 2443          PLACE(WATER)=0;                                                
 2444          SPK=74;                                                        
 2445          GOTO L2011;                                                    
 2446                                                                         
 2447  /* RUB.  YIELDS VARIOUS SNIDE REMARKS. */                              
 2448                                                                         
 2449  L9160:  IF OBJ ^= LAMP THEN SPK=76;                                    
 2450          GOTO L2011;                                                    
 2451                                                                         
 2452  /*                                                                     
 2453     THROW.  SAME AS DISCARD UNLESS AXE.  THEN SAME AS ATTACK            
 2454     EXCEPT IGNORE BIRD, AND IF DWARF IS PRESENT THEN ONE                
 2455     MIGHT BE KILLED.  (ONLY WAY TO DO SO!) AXE ALSO SPECIAL             
 2456     FOR DRAGON, BEAR, AND TROLL.  TREASURES SPECIAL FOR                 
 2457     TROLL.                                                              
 2458  */                                                                     
 2459                                                                         
 2460  L9170:  IF TOTING(ROD2) & OBJ = ROD &  ^ TOTING(ROD) THEN OBJ=ROD2;    
 2461          IF ^TOTING(OBJ) THEN GOTO L2011;                               
 2462          IF OBJ >= 50 & OBJ <= MAXTRS & AT(TROLL) THEN GOTO L9178;      
 2463          IF OBJ = FOOD & HERE(BEAR) THEN GOTO L9177;                    
 2464          IF OBJ ^= AXE THEN GOTO L9020;                                 
 2465          DO I=1 TO 5;                                                   
 2466                                                                         
 2467  /* NEEDN'T CHECK DFLAG IF AXE IS HERE. */                              
 2468                                                                         
 2469              IF DLOC(I) = LOC THEN GOTO L9172;                          
 2470              END;                                                       
 2471          SPK=152;                                                       
 2472          IF AT(DRAGON) & PROP(DRAGON) = 0 THEN GOTO L9175;              
 2473          SPK=158;                                                       
 2474          IF AT(TROLL) THEN GOTO L9175;                                  
 2475          IF HERE(BEAR) & PROP(BEAR) = 0 THEN GOTO L9176;                
 2476          OBJ=0;                                                         
 2477          GOTO L9120;                                                    
 2478                                                                         
 2479  L9172:  SPK=48;                                                        
 2480                                                                         
 2481                                                                         
 2482          IF RAN(3) = 0 THEN GO TO L9175;                                
 2483          DSEEN(I)='0'B;                                                 
 2484          DLOC(I)=0;                                                     
 2485          SPK=47;                                                        
 2486          DKILL=DKILL+1;                                                 
 2487          IF DKILL = 1 THEN SPK=149;                                     
 2488  L9175:  CALL RSPEAK(SPK);                                              
 2489          CALL DROP(AXE,LOC);                                            
 2490          K=NULLX;                                                       
 2491          GOTO L8;                                                       
 2492                                                                         
 2493  /* THIS'LL TEACH HIM TO THROW THE AXE AT THE BEAR! */                  
 2494                                                                         
Aug 31, 2026  16:33     /***              ADVENTURE  -  PL/1 VERSION 4.0                  ***/                          
1.4.1                                               Source Listing                                           Page 44    
 2495  L9176:  SPK=164;                                                       
 2496          CALL DROP(AXE,LOC);                                            
 2497          FIXED(AXE)=-1;                                                 
 2498          PROP(AXE)=1;                                                   
 2499          CALL JUGGLE(BEAR);                                             
 2500          GOTO L2011;                                                    
 2501                                                                         
 2502  /* BUT THROWING FOOD IS ANOTHER STORY. */                              
 2503                                                                         
 2504  L9177:  OBJ=BEAR;                                                      
 2505          GOTO L9210;                                                    
 2506                                                                         
 2507  L9178:  SPK=159;                                                       
 2508                                                                         
 2509  /* SNARF A TREASURE FOR THE TROLL. */                                  
 2510                                                                         
 2511          CALL DROP(OBJ,0);                                              
 2512          CALL MOVE(TROLL,0);                                            
 2513          CALL MOVE(TROLL+100,0);                                        
 2514          CALL DROP(TROLL2,PLAC(TROLL));                                 
 2515          CALL DROP(TROLL2+100,FIXD(TROLL));                             
 2516          CALL JUGGLE(CHASM);                                            
 2517          GOTO L2011;                                                    
 2518                                                                         
 2519  /* QUIT.  INTRANSITIVE ONLY.  VERIFY INTENT AND EXIT IF                
 2520     THAT'S WHAT HE WANTS.  */                                           
 2521                                                                         
 2522  L8180:  CALL CLRSCRN;                                                  
 2523          GAVEUP=YES(22,54,54);                                          
 2524  L8185:  IF GAVEUP THEN GOTO L20000;                                    
 2525          GOTO L2012;                                                    
 2526                                                                         
 2527  /* FIND.  MIGHT BE CARRYING IT, OR IT MIGHT BE HERE.  ELSE             
 2528     GIVE CAVEAT.  */                                                    
 2529                                                                         
 2530  L9190:  IF AT(OBJ) | (LIQ(0) = OBJ & AT(BOTTLE))                       
 2531           | K = LIQLOC(LOC) THEN SPK=94;                                
 2532          DO I=1 TO 5;                                                   
 2533              IF DLOC(I) = LOC & DFLAG >= 2 & OBJ = DWARF THEN SPK=94;   
 2534              END;                                                       
 2535          IF CLOSED THEN SPK=138;                                        
 2536          IF TOTING(OBJ) THEN SPK=24;                                    
 2537          GOTO L2011;                                                    
 2538                                                                         
 2539  /* INVENTORY.  IF OBJECT, TREAT SAME AS FIND.  ELSE REPORT             
 2540     ON CURRENT BURDEN.  */                                              
 2541                                                                         
 2542  L8200:  SPK=98;                                                        
 2543          DO I=1 TO 100;                                                 
 2544             IF I = BEAR |  ^ TOTING(I) THEN GOTO L8201;                 
 2545             IF SPK = 98 THEN CALL RSPEAK(99);                           
 2546             BLKLIN='0'B;                                                
 2547             CALL PSPEAK(I,-1);                                          
 2548             BLKLIN='1'B;                                                
 2549             SPK=0;                                                      
 2550  L8201:     END;                                                        
 2551          IF TOTING(BEAR) THEN SPK=141;                                  
 2552          GOTO L2011;                                                    
Aug 31, 2026  16:33     /***              ADVENTURE  -  PL/1 VERSION 4.0                  ***/                          
1.4.1                                               Source Listing                                           Page 45    
 2553                                                                         
 2554  /*                                                                     
 2555  FEED.  IF BIRD, NO SEED.  SNAKE, DRAGON, TROLL:  QUIP.  IF             
 2556     DWARF, MAKE HIM MAD.  BEAR, SPECIAL.                                
 2557  */                                                                     
 2558                                                                         
 2559  L9210:  IF OBJ ^= BIRD THEN GOTO L9212;                                
 2560          SPK=100;                                                       
 2561          GOTO L2011;                                                    
 2562                                                                         
 2563  L9212:  IF OBJ ^= SNAKE & OBJ ^= DRAGON & OBJ ^= TROLL THEN GOTO L9213;
 2564          SPK=102;                                                       
 2565          IF OBJ = DRAGON & PROP(DRAGON) ^= 0 THEN SPK=110;              
 2566          IF OBJ = TROLL THEN SPK=182;                                   
 2567          IF OBJ ^= SNAKE | CLOSED |  ^ HERE(BIRD) THEN GOTO L2011;      
 2568          SPK=101;                                                       
 2569          CALL DSTROY(BIRD);                                             
 2570          PROP(BIRD)=0;                                                  
 2571          TALLY2=TALLY2+1;                                               
 2572          GOTO L2011;                                                    
 2573                                                                         
 2574  L9213:  IF OBJ ^= DWARF THEN GOTO L9214;                               
 2575          IF ^HERE(FOOD) THEN GOTO L2011;                                
 2576          SPK=103;                                                       
 2577          DFLAG=DFLAG+1;                                                 
 2578          GOTO L2011;                                                    
 2579                                                                         
 2580  L9214:  IF OBJ ^= BEAR THEN GOTO L9215;                                
 2581          IF PROP(BEAR) = 0 THEN SPK=102;                                
 2582          IF PROP(BEAR) = 3 THEN SPK=110;                                
 2583          IF ^HERE(FOOD) THEN GOTO L2011;                                
 2584          CALL DSTROY(FOOD);                                             
 2585          PROP(BEAR)=1;                                                  
 2586          FIXED(AXE)=0;                                                  
 2587          PROP(AXE)=0;                                                   
 2588          SPK=168;                                                       
 2589          GOTO L2011;                                                    
 2590                                                                         
 2591  L9215:  SPK=14;                                                        
 2592          GOTO L2011;                                                    
 2593                                                                         
 2594  /* FILL.  BOTTLE MUST BE EMPTY, AND SOME LIQUID AVAILABLE.             
 2595     (VASE IS NASTY.) */                                                 
 2596                                                                         
 2597  L9220:  IF OBJ = VASE THEN GOTO L9222;                                 
 2598          IF OBJ ^= 0 & OBJ ^= BOTTLE THEN GOTO L2011;                   
 2599          IF OBJ = 0 &  ^ HERE(BOTTLE) THEN GOTO L8000;                  
 2600          SPK=107;                                                       
 2601          IF LIQLOC(LOC) = 0 THEN SPK=106;                               
 2602          IF LIQ(0) ^= 0 THEN SPK=105;                                   
 2603          IF SPK ^= 107 THEN GOTO L2011;                                 
 2604          PROP(BOTTLE)=MOD(COND(LOC),4)/2;                               
 2605          PROP(BOTTLE)=PROP(BOTTLE)*2;                                   
 2606          K=LIQ(0);                                                      
 2607          IF TOTING(BOTTLE) THEN PLACE(K)=-1;                            
 2608          IF K = OIL THEN SPK=108;                                       
 2609          GOTO L2011;                                                    
 2610                                                                         
Aug 31, 2026  16:33     /***              ADVENTURE  -  PL/1 VERSION 4.0                  ***/                          
1.4.1                                               Source Listing                                           Page 46    
 2611  L9222:  SPK=29;                                                        
 2612          IF LIQLOC(LOC) = 0 THEN SPK=144;                               
 2613          IF LIQLOC(LOC) = 0 |  ^TOTING(VASE) THEN GOTO L2011;           
 2614          CALL RSPEAK(145);                                              
 2615          PROP(VASE)=2;                                                  
 2616          FIXED(VASE)=-1;                                                
 2617          GOTO L9024;                                                    
 2618                                                                         
 2619  /* BLAST.  NO EFFECT UNLESS YOU'VE GOT DYNAMITE, WHICH IS A            
 2620     NEAT TRICK!  */                                                     
 2621                                                                         
 2622  L9230:  IF PROP(ROD2) < 0 |  ^ CLOSED THEN GOTO L2011;                 
 2623          BONUS=133;                                                     
 2624          IF LOC = 115 THEN BONUS=134;                                   
 2625          IF HERE(ROD2) THEN BONUS=135;                                  
 2626          CALL RSPEAK(BONUS);                                            
 2627          GOTO L20000;                                                   
 2628                                                                         
 2629  /* SCORE.  GO TO SCORING SECTION, WHICH WILL RETURN TO 8241            
 2630     IF SCORNG IS TRUE.  */                                              
 2631                                                                         
 2632  L8240:  SCORNG='1'B;                                                   
 2633          GOTO L20000;                                                   
 2634                                                                         
 2635  L8241:  SCORNG='0'B;                                                   
 2636          CALL CLRSCRN;                                                  
 2637          INHIB = 'Y';                                                   
 2638          CALL RSPEAK(213);            /* IF YOU WERE TO QUIT NOW ... */ 
 2639          PUT STRING (INSTR) EDIT (SCORE,MXSCOR) (F(4),F(4));            
 2640          SUBSTR(OUTSTR,41,4) = SUBSTR(INSTR,1,4);                       
 2641          SUBSTR(OUTSTR,63,4) = SUBSTR(INSTR,5,4);                       
 2642          INHIB = 'N';                                                   
 2643          CALL LINEOUT;                                                  
 2644          GAVEUP=YES(143,54,54);                                         
 2645          GOTO L8185;                                                    
 2646                                                                         
 2647  /*                                                                     
 2648     FEE FIE FOE FOO (AND FUM).  ADVANCE TO NEXT STATE IF GIVEN          
 2649     IN PROPER ORDER.  LOOK UP WD1 IN SECTION 3 OF VOCAB TO              
 2650     DETERMINE WHICH WORD WE'VE GOT.  LAST WORD ZIPS THE EGGS            
 2651     BACK TO THE GIANT ROOM (UNLESS ALREADY THERE).                      
 2652  */                                                                     
 2653                                                                         
 2654  L8250:  K=VOCAB(WD1,3);                                                
 2655          SPK=42;                                                        
 2656          IF FOOBAR = 1-K THEN GOTO L8252;                               
 2657          IF FOOBAR ^= 0 THEN SPK=151;                                   
 2658          GOTO L2011;                                                    
 2659                                                                         
 2660  L8252:  FOOBAR=K;                                                      
 2661          IF K ^= 4 THEN GOTO L2009;                                     
 2662          FOOBAR=0;                                                      
 2663          IF PLACE(EGGS) = PLAC(EGGS)                                    
 2664           | (TOTING(EGGS) & LOC = PLAC(EGGS)) THEN GOTO L2011;          
 2665                                                                         
 2666  /* BRING BACK TROLL IF WE STEAL THE EGGS BACK FROM HIM                 
 2667     BEFORE CROSSING.  */                                                
 2668                                                                         
Aug 31, 2026  16:33     /***              ADVENTURE  -  PL/1 VERSION 4.0                  ***/                          
1.4.1                                               Source Listing                                           Page 47    
 2669          IF PLACE(EGGS) = 0 & PLACE(TROLL) = 0 & PROP(TROLL) = 0        
 2670          THEN PROP(TROLL)=1;                                            
 2671          K=2;                                                           
 2672          IF HERE(EGGS) THEN K=1;                                        
 2673          IF LOC = PLAC(EGGS) THEN K=0;                                  
 2674          CALL MOVE(EGGS,PLAC(EGGS));                                    
 2675          CALL PSPEAK(EGGS,K);                                           
 2676          GOTO L2012;                                                    
 2677                                                                         
 2678  /* BRIEF.  INTRANSITIVE ONLY.  SUPPRESS LONG DESCRIPTIONS              
 2679     AFTER FIRST TIME.  */                                               
 2680                                                                         
 2681  L8260:  SPK=156;                                                       
 2682          ABBNUM=10000;                                                  
 2683          DETAIL=3;                                                      
 2684          GOTO L2011;                                                    
 2685                                                                         
 2686  /* READ.  MAGAZINES IN DWARFISH, MESSAGE WE'VE SEEN, AND .             
 2687     .  .  OYSTER?  */                                                   
 2688                                                                         
 2689  L8270:  IF HERE(MAGZIN) THEN OBJ=MAGZIN;                               
 2690          IF HERE(TABLET) THEN OBJ=OBJ*100+TABLET;                       
 2691          IF HERE(MESSAG) THEN OBJ=OBJ*100+MESSAG;                       
 2692          IF CLOSED & TOTING(OYSTER) THEN OBJ=OYSTER;                    
 2693          IF OBJ > 100 | OBJ = 0 | DARK(0) THEN GOTO L8000;              
 2694                                                                         
 2695  L9270:  IF DARK(0) THEN GOTO L5190;                                    
 2696          IF OBJ = MAGZIN THEN SPK=190;                                  
 2697          IF OBJ = TABLET THEN SPK=196;                                  
 2698          IF OBJ = MESSAG THEN SPK=191;                                  
 2699          IF OBJ = OYSTER & HINTED(2) & TOTING(OYSTER) THEN SPK=194;     
 2700          IF OBJ ^= OYSTER | HINTED(2) |  ^TOTING(OYSTER)                
 2701           |  ^CLOSED THEN GOTO L2011;                                   
 2702          HINTED(2)=YES(192,193,54);                                     
 2703          GOTO L2012;                                                    
 2704                                                                         
 2705  /* BREAK.  ONLY WORKS FOR MIRROR IN REPOSITORY AND, OF                 
 2706     COURSE, THE VASE.  */                                               
 2707                                                                         
 2708  L9280:  IF OBJ = MIRROR THEN SPK=148;                                  
 2709          IF OBJ = VASE & PROP(VASE) = 0 THEN GOTO L9282;                
 2710          IF OBJ ^= MIRROR |  ^CLOSED THEN GOTO L2011;                   
 2711          CALL RSPEAK(197);                                              
 2712          GOTO L19000;                                                   
 2713                                                                         
 2714  L9282:  SPK=198;                                                       
 2715          IF TOTING(VASE) THEN CALL DROP(VASE,LOC);                      
 2716          PROP(VASE)=2;                                                  
 2717          FIXED(VASE)=-1;                                                
 2718          GOTO L2011;                                                    
 2719                                                                         
 2720  /* WAKE.  ONLY USE IS TO DISTURB THE DWARFS. */                        
 2721                                                                         
 2722  L9290:  IF OBJ ^= DWARF |  ^CLOSED THEN GOTO L2011;                    
 2723          CALL RSPEAK(199);                                              
 2724          GOTO L19000;                                                   
 2725                                                                         
 2726  /*                                                                     
Aug 31, 2026  16:33     /***              ADVENTURE  -  PL/1 VERSION 4.0                  ***/                          
1.4.1                                               Source Listing                                           Page 48    
 2727     SUSPEND.  OFFER TO EXIT LEAVING THINGS RESTARTABLE, BUT             
 2728     REQUIRING A DELAY BEFORE RESTARTING (SO CAN'T SAVE THE              
 2729     WORLD BEFORE TRYING SOMETHING RISKY).  UPON RESTARTING,             
 2730     SETUP=-1 CAUSES RETURN TO 8305 TO PICK UP AGAIN.                    
 2731  */                                                                     
 2732                                                                         
 2733  L8300:  IF DEMOGM                                                      
 2734          THEN CALL RSPEAK(201);                                         
 2735          ELSE DO;                                                       
 2736               IF SUSPEND# = 10                                          
 2737               THEN DO;             /* LIMIT OF TEN SUSPENDS PER GAME */ 
 2738                    CALL MSPEAK(40);                                     
 2739                    GO TO L2012;                                         
 2740                    END;                                                 
 2741               CALL CIAO;                                                
 2742               CALL MSPEAK(41);                /* NO ROOM FOR SUSPEND */ 
 2743               CALL LINESKP;                                             
 2744               END;                                                      
 2745          GO TO L2012;                                                   
 2746                                                                         
 2747  /* HOURS.  REPORT CURRENT NON-PRIME-TIME HOURS. */                     
 2748                                                                         
 2749  L8310:  CALL MSPEAK(6);                                                
 2750          CALL HOURFMT;                                                  
 2751          GOTO L2012;                                                    
 2752                                                                         
 2753  /* LOG.  TOGGLE LOGGIN EITHER ON OR OFF */                             
 2754                                                                         
 2755  L8320:  LOGON = ^ LOGON;                                               
 2756          IF LOGON THEN CALL MSPEAK(42);          /* LOG ON */           
 2757                   ELSE CALL MSPEAK(43);          /* LOG OFF */          
 2758          CALL LINESKP;                                                  
 2759          GO TO L2012;                                                   
 2760                                                                         
 2761  L8330:  IF ^TOTING(RUBY) THEN GO TO L2011;                             
 2762  L8331:  IF HERE(LADDER) & PROP(LADDER) = 0                             
 2763          THEN DO;                                                       
 2764               PROP(LADDER) = 2;                                         
 2765               SPK = 225;                                                
 2766               END;                                                      
 2767          IF HERE(FFIELD) & PROP(FFIELD) = 0                             
 2768          THEN DO;                                                       
 2769               PROP(FFIELD) = 1;                                         
 2770               SPK = 226;                                                
 2771               END;                                                      
 2772          CALL RSPEAK(SPK);                                              
 2773          GO TO L2000;                                                   
 2774                                                                         
 2775  L8340:  CALL PUTBACK;                                                  
 2776          GO TO L31;                                                     
 2777                                                                         
 2778  L8350:  IF TTYPE ^= 'V' THEN GO TO L2011;                              
 2779          CALL WIZPROC;                                                  
 2780          GO TO L2012;                                                   
 2781                                                                         
 2782  L8360:  IF ^HERE(ORAC)           /* LET ORAC PROVIDE ASSISTANCE (IF */ 
 2783          THEN DO;         /* PIRATE HASN'T STOLEN HIM) IN NAVIGATING */ 
 2784               SPK = 29;  /* THE DIFFICULT MAZE, AND IN SOME TELEPORT */ 
Aug 31, 2026  16:33     /***              ADVENTURE  -  PL/1 VERSION 4.0                  ***/                          
1.4.1                                               Source Listing                                           Page 49    
 2785               GO TO L2011;  /* OPERATIONS (VIA DATA LINK TO ZEN, THE */ 
 2786               END;        /* SHIP'S COMPUTER, OF COURSE), ESPECIALLY */ 
 2787          INHIB = 'Y';        /* IF OUR POOR FRIEND HAS INADVERTENTLY */ 
 2788          CALL RSPEAK(228);      /* MELTED THE WROUGHT IRON LADDER IN */ 
 2789          INHIB = 'N';       /* HIS GREED TO GRASP THE BLOOD RED RUBY */ 
 2790          SELECT (LOC);                                                  
 2791              WHEN (41)  JUNK2 = 'south';                                
 2792              WHEN (42)  JUNK2 = 'east!';                                
 2793              WHEN (43)  JUNK2 = 'south';                                
 2794              WHEN (44)  JUNK2 = 'south';                                
 2795              WHEN (50)  JUNK2 = 'south';                                
 2796              WHEN (52)  JUNK2 = 'north';                                
 2797              WHEN (55)  JUNK2 = 'east!';                                
 2798              WHEN (57)  JUNK2 = 'east!';                                
 2799              WHEN (141) JUNK2 = 'TELEP';       /* BEAM ME UP, SCOTTY */ 
 2800              WHEN (144) JUNK2 = 'TRICK';       /* GET ME OUT OF THIS */ 
 2801              OTHERWISE  JUNK2 = '     ';                                
 2802              END;                                                       
 2803          IF SUBSTR(JUNK2,1,1) = 'T' & ^TOTING(BRACELET)                 
 2804          THEN JUNK2 = '     ';                                          
 2805          IF JUNK2 = 'TELEP'                                             
 2806          THEN DO;                                                       
 2807               LOC = 144;                    /* BACK TO TELEPORT ROOM */ 
 2808               GO TO L2000;                                              
 2809               END;                                                      
 2810          IF JUNK2 = 'TRICK'                                             
 2811          THEN DO;                                                       
 2812               IF PROP(LADDER) = 2                                       
 2813               THEN LOC = 106;  /* PROVIDE AN ESCAPE IF LADDER MELTED */ 
 2814               ELSE LOC = 142;  /* ELSE ORAC JUST GIVES US A TELEPORT */ 
 2815               GO TO L2000;                                              
 2816               END;                                                      
 2817          IF JUNK2 = '     '                                             
 2818          THEN CALL RSPEAK(227);                                         
 2819          ELSE DO;                                                       
 2820               SUBSTR(OUTSTR,55,5) = JUNK2;                              
 2821               CALL LINEOUT;                                             
 2822               END;                                                      
 2823          GO TO L2012;                                                   
 2824                                                                         
 2825  /*                                                                     
 2826     HINTS                                                               
 2827                                                                         
 2828     COME HERE IF HE'S BEEN LONG ENOUGH AT REQUIRED LOC(S) FOR           
 2829     SOME UNUSED HINT.  HINT NUMBER IS IN VARIABLE "HINT".               
 2830     BRANCH TO QUICK TEST FOR ADDITIONAL CONDITIONS, THEN COME           
 2831     BACK TO DO NEAT STUFF.  GOTO 40010 IF CONDITIONS ARE MET            
 2832     AND WE WANT TO OFFER THE HINT.  GOTO 40020 TO CLEAR                 
 2833     HINTLC BACK TO ZERO, 40030 TO TAKE NO ACTION YET.                   
 2834  */                                                                     
 2835                                                                         
 2836  L40000: SELECT (HINT-4);                                               
 2837              WHEN (00)  GO TO L40400;        /* CAVE */                 
 2838              WHEN (01)  GO TO L40500;        /* BIRD */                 
 2839              WHEN (02)  GO TO L40600;        /* SNAKE */                
 2840              WHEN (03)  GO TO L40700;        /* MAZE */                 
 2841              WHEN (04)  GO TO L40800;        /* DARK */                 
 2842              WHEN (05)  GO TO L40900;        /* WITT */                 
Aug 31, 2026  16:33     /***              ADVENTURE  -  PL/1 VERSION 4.0                  ***/                          
1.4.1                                               Source Listing                                           Page 50    
 2843              WHEN (06)  GO TO L41000;        /* RUBY */                 
 2844              OTHERWISE  CALL BUG(27);                                   
 2845              END;                                                       
 2846                                                                         
 2847  L40010: HINTLC(HINT)=0;                                                
 2848          IF ^YES(HINTS(HINT,3),0,54) THEN GOTO L2602;                   
 2849          CALL LINESKP;                                                  
 2850          INHIB = 'Y';                                                   
 2851          CALL RSPEAK(214);                                              
 2852          PUT STRING (KKWORD) EDIT (HINTS(HINT,2)) (F(2));               
 2853          SUBSTR(OUTSTR,56,2) = KKWORD;                                  
 2854          INHIB = 'N';                                                   
 2855          CALL LINEOUT;                                                  
 2856          HINTED(HINT)=YES(175,HINTS(HINT,4),54);                        
 2857          IF HINTED(HINT) & LIMIT > 30                                   
 2858                 THEN LIMIT=LIMIT+30*HINTS(HINT,2);                      
 2859  L40020: HINTLC(HINT)=0;                                                
 2860  L40030: GOTO L2602;                                                    
 2861                                                                         
 2862  /* NOW FOR THE QUICK TESTS.  SEE DATABASE DESCRIPTION FOR              
 2863     ONE-LINE NOTES.  */                                                 
 2864                                                                         
 2865  L40400: IF PROP(GRATE) = 0 &  ^ HERE(KEYS) THEN GOTO L40010;           
 2866          GOTO L40020;                                                   
 2867                                                                         
 2868  L40500: IF HERE(BIRD) & TOTING(ROD) & OBJ = BIRD THEN GOTO L40010;     
 2869          GOTO L40030;                                                   
 2870                                                                         
 2871  L40600: IF HERE(SNAKE) &  ^ HERE(BIRD) THEN GOTO L40010;               
 2872          GOTO L40020;                                                   
 2873                                                                         
 2874  L40700: IF ATLOC(LOC) = 0 & ATLOC(OLDLOC) = 0                          
 2875           & ATLOC(OLDLC2) = 0 & HOLDNG > 1 THEN GOTO L40010;            
 2876          GOTO L40020;                                                   
 2877                                                                         
 2878  L40800: IF PROP(EMRALD) ^= -1 & PROP(PYRAM) = -1 THEN GOTO L40010;     
 2879          GOTO L40020;                                                   
 2880                                                                         
 2881  L40900: GOTO L40010;                                                   
 2882                                                                         
 2883  L41000: IF HERE(RUBY) & ^TOTING(RUBY) THEN GOTO L40010;                
 2884          GOTO L40020;                                                   
 2885                                                                         
 2886  /*                                                                     
 2887     CAVE CLOSING AND SCORING                                            
 2888                                                                         
 2889                                                                         
 2890     THESE SECTIONS HANDLE THE CLOSING OF THE CAVE.  THE CAVE            
 2891     CLOSES "CLOCK1" TURNS AFTER THE LAST TREASURE HAS BEEN              
 2892     LOCATED (INCLUDING THE PIRATE'S CHEST, WHICH MAY OF                 
 2893     COURSE NEVER SHOW UP).  NOTE THAT THE TREASURES NEED NOT            
 2894     HAVE BEEN TAKEN YET, JUST LOCATED.  HENCE CLOCK1 MUST BE            
 2895     LARGE ENOUGH TO GET OUT OF THE CAVE (IT ONLY TICKS WHILE            
 2896     INSIDE THE CAVE).  WHEN IT HITS ZERO, WE BRANCH TO 10000            
 2897     TO START CLOSING THE CAVE, AND THEN SIT BACK AND WAIT FOR           
 2898     HIM TO TRY TO GET OUT.  IF HE DOESN'T WITHIN CLOCK2                 
 2899     TURNS, WE CLOSE THE CAVE- IF HE DOES TRY, WE ASSUME HE              
 2900     PANICS, AND GIVE HIM A FEW ADDITIONAL TURNS TO GET                  
Aug 31, 2026  16:33     /***              ADVENTURE  -  PL/1 VERSION 4.0                  ***/                          
1.4.1                                               Source Listing                                           Page 51    
 2901     FRANTIC BEFORE WE CLOSE.  WHEN CLOCK2 HITS ZERO, WE                 
 2902     BRANCH TO 11000 TO TRANSPORT HIM INTO THE FINAL PUZZLE.             
 2903     NOTE THAT THE PUZZLE DEPENDS UPON ALL SORTS OF RANDOM               
 2904     THINGS.  FOR INSTANCE, THERE MUST BE NO WATER OR OIL,               
 2905     SINCE THERE ARE BEANSTALKS WHICH WE DON'T WANT TO BE ABLE           
 2906     TO WATER, SINCE THE CODE CAN'T HANDLE IT.  ALSO, WE CAN             
 2907     HAVE NO KEYS, SINCE THERE IS A GRATE (HAVING MOVED THE              
 2908     FIXED OBJECT!) THERE SEPARATING HIM FROM ALL THE                    
 2909     TREASURES.  MOST OF THESE PROBLEMS ARISE FROM THE USE OF            
 2910     NEGATIVE PROP NUMBERS TO SUPPRESS THE OBJECT DESCRIPTIONS           
 2911     UNTIL HE'S ACTUALLY MOVED THE OBJECTS.                              
 2912                                                                         
 2913     WHEN THE FIRST WARNING COMES, WE LOCK THE GRATE, DESTROY            
 2914     THE BRIDGE, KILL ALL THE DWARFS (AND THE PIRATE), REMOVE            
 2915     THE TROLL AND BEAR (UNLESS DEAD), AND SET "CLOSNG" TO               
 2916     TRUE.  LEAVE THE DRAGON- TOO MUCH TROUBLE TO MOVE IT.               
 2917     FROM NOW UNTIL CLOCK2 RUNS OUT, HE CANNOT UNLOCK THE                
 2918     GRATE, MOVE TO ANY LOCATION OUTSIDE THE CAVE (LOC<9), OR            
 2919     CREATE THE BRIDGE.  NOR CAN HE BE RESURRECTED IF HE DIES.           
 2920     NOTE THAT THE SNAKE IS ALREADY GONE, SINCE HE GOT TO THE            
 2921     TREASURE ACCESSIBLE ONLY VIA THE HALL OF THE MT.  KING.             
 2922     ALSO, HE'S BEEN IN GIANT ROOM (TO GET EGGS), SO WE CAN              
 2923     REFER TO IT.  ALSO ALSO, HE'S GOTTEN THE PEARL, SO WE               
 2924     KNOW THE BIVALVE IS AN OYSTER.  *AND*, THE DWARFS MUST              
 2925     HAVE BEEN ACTIVATED, SINCE WE'VE FOUND CHEST.                       
 2926  */                                                                     
 2927                                                                         
 2928  L10000: PROP(GRATE)=0;                                                 
 2929          PROP(FISSUR)=0;                                                
 2930          DO I=1 TO 6;                                                   
 2931              DSEEN(I)='0'B;                                             
 2932              END;                                                       
 2933          CALL MOVE(TROLL,0);                                            
 2934          CALL MOVE(TROLL+100,0);                                        
 2935          CALL MOVE(TROLL2,PLAC(TROLL));                                 
 2936          CALL MOVE(TROLL2+100,FIXD(TROLL));                             
 2937          CALL JUGGLE(CHASM);                                            
 2938          IF PROP(BEAR) ^= 3 THEN CALL DSTROY(BEAR);                     
 2939          PROP(CHAIN)=0;                                                 
 2940          FIXED(CHAIN)=0;                                                
 2941          PROP(AXE)=0;                                                   
 2942          FIXED(AXE)=0;                                                  
 2943          CALL RSPEAK(129);                                              
 2944          CLOCK1=-1;                                                     
 2945          CLOSNG='1'B;                                                   
 2946          GOTO L19999;                                                   
 2947                                                                         
 2948  /*                                                                     
 2949     ONCE HE'S PANICKED, AND CLOCK2 HAS RUN OUT, WE COME HERE            
 2950     TO SET UP THE STORAGE ROOM.  THE ROOM HAS TWO LOCS,                 
 2951     HARDWIRED AS 115 (NE) AND 116 (SW).  AT THE NE END, WE              
 2952     PLACE EMPTY BOTTLES, A NURSERY OF PLANTS, A BED OF                  
 2953     OYSTERS, A PILE OF LAMPS, RODS WITH STARS, SLEEPING                 
 2954     DWARFS, AND HIM.  AND THE SW END WE PLACE GRATE OVER                
 2955     TREASURES, SNAKE PIT, COVEY OF CAGED BIRDS, MORE RODS,              
 2956     AND PILLOWS.  A MIRROR STRETCHES ACROSS ONE WALL.  MANY             
 2957     OF THE OBJECTS COME FROM KNOWN LOCATIONS AND/OR STATES              
 2958     (E.G.  THE SNAKE IS KNOWN TO HAVE BEEN DESTROYED AND                
Aug 31, 2026  16:33     /***              ADVENTURE  -  PL/1 VERSION 4.0                  ***/                          
1.4.1                                               Source Listing                                           Page 52    
 2959     NEEDN'T BE CARRIED AWAY FROM ITS OLD "PLACE"), MAKING THE           
 2960     VARIOUS OBJECTS BE HANDLED DIFFERENTLY.  WE ALSO DROP ALL           
 2961     OTHER OBJECTS HE MIGHT BE CARRYING (LEST HE HAVE SOME               
 2962     WHICH COULD CAUSE TROUBLE, SUCH AS THE KEYS).  WE                   
 2963     DESCRIBE THE FLASH OF LIGHT AND TRUNDLE BACK.                       
 2964  */                                                                     
 2965                                                                         
 2966  L11000: PROP(BOTTLE)=PUT(BOTTLE,115,1);                                
 2967          PROP(PLANT)=PUT(PLANT,115,0);                                  
 2968          PROP(OYSTER)=PUT(OYSTER,115,0);                                
 2969          PROP(LAMP)=PUT(LAMP,115,0);                                    
 2970          PROP(ROD)=PUT(ROD,115,0);                                      
 2971          PROP(DWARF)=PUT(DWARF,115,0);                                  
 2972          LOC=115;                                                       
 2973          OLDLOC=115;                                                    
 2974          NEWLOC=115;                                                    
 2975                                                                         
 2976  /* LEAVE THE GRATE WITH NORMAL (NON-NEGATIVE PROPERTY). */             
 2977                                                                         
 2978          FOO=PUT(GRATE,116,0);                                          
 2979          PROP(SNAKE)=PUT(SNAKE,116,1);                                  
 2980          PROP(BIRD)=PUT(BIRD,116,1);                                    
 2981          PROP(CAGE)=PUT(CAGE,116,0);                                    
 2982          PROP(ROD2)=PUT(ROD2,116,0);                                    
 2983          PROP(PILLOW)=PUT(PILLOW,116,0);                                
 2984                                                                         
 2985          PROP(MIRROR)=PUT(MIRROR,115,0);                                
 2986          FIXED(MIRROR)=116;                                             
 2987                                                                         
 2988          DO I=1 TO 100;                                                 
 2989              IF TOTING(I) THEN CALL DSTROY(I);                          
 2990              END;                                                       
 2991                                                                         
 2992          CALL RSPEAK(132);                                              
 2993          CLOSED='1'B;                                                   
 2994          GOTO L2;                                                       
 2995                                                                         
 2996  /*                                                                     
 2997     ANOTHER WAY WE CAN FORCE AN END TO THINGS IS BY HAVING              
 2998     THE LAMP GIVE OUT.  WHEN IT GETS CLOSE, WE COME HERE TO             
 2999     WARN HIM.  WE GO TO 12000 IF THE LAMP AND FRESH BATTERIES           
 3000     ARE HERE, IN WHICH CASE WE REPLACE THE BATTERIES AND                
 3001     CONTINUE.  12200 IS FOR OTHER CASES OF LAMP DYING.  12400           
 3002     IS WHEN IT GOES OUT, AND 12600 IS IF HE'S WANDERED                  
 3003     OUTSIDE AND THE LAMP IS USED UP, IN WHICH CASE WE FORCE             
 3004     HIM TO GIVE UP.                                                     
 3005  */                                                                     
 3006                                                                         
 3007  L12000: CALL RSPEAK(188);                                              
 3008          PROP(BATTER)=1;                                                
 3009          IF TOTING(BATTER) THEN CALL DROP(BATTER,LOC);                  
 3010          LIMIT=LIMIT+2500;                                              
 3011          LMWARN='0'B;                                                   
 3012          GOTO L19999;                                                   
 3013                                                                         
 3014  L12200: IF LMWARN |  ^HERE(LAMP) THEN GOTO L19999;                     
 3015          LMWARN='1'B;                                                   
 3016          SPK=187;                                                       
Aug 31, 2026  16:33     /***              ADVENTURE  -  PL/1 VERSION 4.0                  ***/                          
1.4.1                                               Source Listing                                           Page 53    
 3017          IF PLACE(BATTER) = 0 THEN SPK=183;                             
 3018          IF PROP(BATTER) = 1 THEN SPK=189;                              
 3019          CALL RSPEAK(SPK);                                              
 3020          GOTO L19999;                                                   
 3021                                                                         
 3022  L12400: LIMIT=-1;                                                      
 3023          PROP(LAMP)=0;                                                  
 3024          IF HERE(LAMP) THEN CALL RSPEAK(184);                           
 3025          GOTO L19999;                                                   
 3026                                                                         
 3027  L12600: CALL RSPEAK(185);                                              
 3028          GAVEUP='1'B;                                                   
 3029          GOTO L20000;                                                   
 3030                                                                         
 3031  /* OH DEAR, HE'S DISTURBED THE DWARFS. */                              
 3032                                                                         
 3033  L19000: CALL RSPEAK(136);                                              
 3034                                                                         
 3035  /*                                                                     
 3036     EXIT CODE.  WILL EVENTUALLY INCLUDE SCORING.  FOR NOW, HOWEVER, ... 
 3037                                                                         
 3038     THE PRESENT SCORING ALGORITHM IS AS FOLLOWS:                        
 3039        OBJECTIVE:          POINTS:        PRESENT TOTAL POSSIBLE:       
 3040     GETTING WELL INTO CAVE   25                    25                   
 3041     EACH TREASURE < CHEST    12                    60                   
 3042     TREASURE CHEST ITSELF    14                    14                   
 3043     EACH TREASURE > CHEST    16                   144                   
 3044     SURVIVING             (MAX-NUM)*10             30                   
 3045     NOT QUITTING              4                     4                   
 3046     REACHING "CLOSNG"        25                    25                   
 3047     "CLOSED": QUIT/KILLED    10                                         
 3048               KLUTZED        25                                         
 3049               WRONG WAY      30                                         
 3050               SUCCESS        45                    45                   
 3051     CAME TO WITT'S END        1                     1                   
 3052     ROUND OUT THE TOTAL       2                     2                   
 3053                                          TOTAL:   350                   
 3054     (POINTS CAN ALSO BE DEDUCTED FOR USING HINTS.)                      
 3055  */                                                                     
 3056                                                                         
 3057  L20000: SCORE=0;                                                       
 3058          MXSCOR=0;                                                      
 3059                                                                         
 3060  /*                                                                     
 3061     FIRST TALLY UP THE TREASURES.  MUST BE IN BUILDING AND              
 3062     NOT BROKEN.  GIVE THE POOR GUY 2 POINTS JUST FOR FINDING            
 3063     EACH TREASURE.                                                      
 3064  */                                                                     
 3065                                                                         
 3066          DO I=50 TO MAXTRS;                                             
 3067              IF PTEXT(I) ^= 0 THEN DO;                                  
 3068                  K=12;                                                  
 3069                  IF I = CHEST THEN K=14;                                
 3070                  IF I > CHEST THEN K=16;                                
 3071                  IF PROP(I) >= 0 THEN SCORE=SCORE+2;                    
 3072                  IF PLACE(I) = 3 & PROP(I) = 0 THEN SCORE=SCORE+K-2;    
 3073                  MXSCOR=MXSCOR+K;                                       
 3074                  END;                                                   
Aug 31, 2026  16:33     /***              ADVENTURE  -  PL/1 VERSION 4.0                  ***/                          
1.4.1                                               Source Listing                                           Page 54    
 3075              END;                                                       
 3076                                                                         
 3077  /*                                                                     
 3078     NOW LOOK AT HOW HE FINISHED AND HOW FAR HE GOT.  MAXDIE             
 3079     AND NUMDIE TELL US HOW WELL HE SURVIVED.  GAVEUP SAYS               
 3080     WHETHER HE EXITED VIA QUIT.  DFLAG WILL TELL US IF HE               
 3081     EVER GOT SUITABLY DEEP INTO THE CAVE.  CLOSNG STILL                 
 3082     INDICATES WHETHER HE REACHED THE ENDGAME.  AND IF HE GOT            
 3083     AS FAR AS "CAVE CLOSED" (INDICATED BY "CLOSED"), THEN               
 3084     BONUS IS ZERO FOR MUNDANE EXITS OR 133, 134, 135 IF HE              
 3085     BLEW IT (SO TO SPEAK).                                              
 3086  */                                                                     
 3087                                                                         
 3088          SCORE=SCORE+(MAXDIE-NUMDIE)*10;                                
 3089          MXSCOR=MXSCOR+MAXDIE*10;                                       
 3090          IF ^(SCORNG | GAVEUP) THEN SCORE=SCORE+4;                      
 3091          MXSCOR=MXSCOR+4;                                               
 3092          IF DFLAG ^= 0 THEN SCORE=SCORE+25;                             
 3093          MXSCOR=MXSCOR+25;                                              
 3094          IF CLOSNG THEN SCORE=SCORE+25;                                 
 3095          MXSCOR=MXSCOR+25;                                              
 3096          IF ^CLOSED THEN GOTO L20020;                                   
 3097          IF BONUS = 0 THEN SCORE=SCORE+10;                              
 3098          IF BONUS = 135 THEN SCORE=SCORE+25;                            
 3099          IF BONUS = 134 THEN SCORE=SCORE+30;                            
 3100          IF BONUS = 133 THEN SCORE=SCORE+45;                            
 3101  L20020: MXSCOR=MXSCOR+45;                                              
 3102                                                                         
 3103  /* DID HE COME TO WITT'S END AS HE SHOULD? */                          
 3104                                                                         
 3105          IF PLACE(MAGZIN) = 108 THEN SCORE=SCORE+1;                     
 3106          MXSCOR=MXSCOR+1;                                               
 3107                                                                         
 3108  /* ROUND IT OFF. */                                                    
 3109                                                                         
 3110          SCORE=SCORE+2;                                                 
 3111          MXSCOR=MXSCOR+2;                                               
 3112                                                                         
 3113  /* DEDUCT POINTS FOR HINTS.  HINTS < 4 ARE SPECIAL- SEE                
 3114     DATABASE DESCRIPTION.  */                                           
 3115                                                                         
 3116          DO I=1 TO HNTMAX;                                              
 3117              IF HINTED(I) THEN SCORE=SCORE-HINTS(I,2);                  
 3118              END;                                                       
 3119                                                                         
 3120  /* RETURN TO SCORE COMMAND IF THAT'S WHERE WE CAME FROM. */            
 3121                                                                         
 3122          IF SCORNG THEN GOTO L8241;                                     
 3123                                                                         
 3124  /* THAT SHOULD BE GOOD ENOUGH.  LET'S TELL HIM ALL ABOUT IT. */        
 3125                                                                         
 3126          CALL LINESKP;                                                  
 3127          CALL LINESKP;                                                  
 3128          CALL LINESKP;                                                  
 3129          M = PIC_HH * 60 + PIC_MM;                                      
 3130          TIME_CHR = TIME();                                             
 3131          ELAPSED = PIC_HH * 60 + PIC_MM + ELAPSED - M;                  
 3132          INHIB = 'Y';                                                   
Aug 31, 2026  16:33     /***              ADVENTURE  -  PL/1 VERSION 4.0                  ***/                          
1.4.1                                               Source Listing                                           Page 55    
 3133          CALL RSPEAK(215);                         /* YOU SCORED ... */ 
 3134          PUT STRING (INSTR) EDIT (SCORE,MXSCOR,TURNS,ELAPSED)           
 3135                                     (F(4),F(4),F(4),F(4));              
 3136          SUBSTR(OUTSTR,11,4) = SUBSTR(INSTR,1,4);                       
 3137          SUBSTR(OUTSTR,33,4) = SUBSTR(INSTR,5,4);                       
 3138          SUBSTR(OUTSTR,44,4) = SUBSTR(INSTR,9,4);                       
 3139          SUBSTR(OUTSTR,57,4) = SUBSTR(INSTR,13,4);                      
 3140          INHIB = 'N';                                                   
 3141          CALL LINEOUT;                                                  
 3142                                                                         
 3143          DO I=1 TO CLSSES;                                              
 3144              IF CVAL(I) >= SCORE THEN GOTO L20210;                      
 3145              END;                                                       
 3146          CALL LINESKP;                                                  
 3147          CALL RSPEAK(216);            /* YOU JUST WENT OFF MY SCALE! */ 
 3148          GOTO L25000;                                                   
 3149                                                                         
 3150  L20210: CALL SPEAK(CTEXT(I));                                          
 3151          IF I = CLSSES-1 THEN GOTO L20220;                              
 3152          K=CVAL(I)+1-SCORE;                                             
 3153          KKWORD='s.';                                                   
 3154          IF K = 1 THEN KKWORD='. ';                                     
 3155          CALL LINESKP;                                                  
 3156          INHIB = 'Y';                                                   
 3157          CALL RSPEAK(217);    /* FOR NEXT HIGHER RATING YOU NEED ... */ 
 3158          PUT STRING (JUNK1) EDIT (K) (F(3));                            
 3159          SUBSTR(OUTSTR,44,3) = SUBSTR(JUNK1,1,3);                       
 3160          SUBSTR(OUTSTR,58,2) = KKWORD;                                  
 3161          INHIB = 'N';                                                   
 3162          CALL LINEOUT;                                                  
 3163          GOTO L25000;                                                   
 3164                                                                         
 3165  L20220: CALL LINESKP;                                                  
 3166          CALL RSPEAK(218);                                              
 3167          /* TO ACHIEVE THE NEXT HIGHER RATING WOULD BE A NEAT TRICK! */ 
 3168          CALL LINESKP;                                                  
 3169          CALL RSPEAK(219);                      /* CONGRATULATIONS!! */ 
 3170                                                                         
 3171  L25000: CALL LINESKP;                                                  
 3172          GOTO DEALLOC;                                                  
 3173                                                                         
 3174  /*  SUBROUTINES/FUNCTIONS                                              
 3175                                                                         
 3176                                                                         
 3177     TOTING(OBJ)  = TRUE IF THE OBJ IS BEING CARRIED                     
 3178     HERE(OBJ)    = TRUE IF THE OBJ IS AT "LOC" (OR IS BEING CARRIED)    
 3179     AT(OBJ)      = TRUE IF ON EITHER SIDE OF TWO-PLACED OBJECT          
 3180     LIQ(DUMMY)   = OBJECT NUMBER OF LIQUID IN BOTTLE                    
 3181     LIQLOC(LOC)  = OBJECT NUMBER OF LIQUID (IF ANY) AT LOC              
 3182     BITSET(L,N)  = TRUE IF COND(L) HAS BIT N SET (BIT 0 IS UNITS BIT)   
 3183     FORCED(LOC)  = TRUE IF LOC MOVES WITHOUT ASKING FOR INPUT (COND=2)  
 3184     DARK(DUMMY)  = TRUE IF LOCATION "LOC" IS DARK                       
 3185     PCT(N)       = TRUE N% OF THE TIME (N INTEGER FROM 0 TO 100)        
 3186                                                                         
 3187  */                                                                     
 3188                                                                         
 3189  TOTING: PROCEDURE (OBJ) RETURNS (BIT(1));                              
 3190                                                                         
Aug 31, 2026  16:33     /***              ADVENTURE  -  PL/1 VERSION 4.0                  ***/                          
1.4.1                                               Source Listing                                           Page 56    
 3191          DCL OBJ FIXED BIN(31);                                         
 3192                                                                         
 3193          RETURN(PLACE(OBJ) = -1);                                       
 3194          END TOTING;                                                    
 3195                                                                         
 3196  HERE:   PROCEDURE (OBJ) RETURNS (BIT(1));                              
 3197                                                                         
 3198          DCL OBJ FIXED BIN(31);                                         
 3199                                                                         
 3200          RETURN(PLACE(OBJ) = LOC | TOTING(OBJ));                        
 3201          END HERE;                                                      
 3202                                                                         
 3203  AT:     PROCEDURE (OBJ) RETURNS (BIT(1));                              
 3204                                                                         
 3205          DCL OBJ FIXED BIN (31);                                        
 3206                                                                         
 3207          RETURN(PLACE(OBJ) = LOC | FIXED (OBJ) = LOC);                  
 3208          END AT;                                                        
 3209                                                                         
 3210  LIQ:    PROCEDURE (DUMMY) RETURNS (FIXED BIN(31));                     
 3211                                                                         
 3212          DCL DUMMY FIXED BIN(31);                                       
 3213                                                                         
 3214          RETURN(LIQ2(MAX(PROP(BOTTLE),-1-PROP(BOTTLE))));               
 3215          END LIQ;                                                       
 3216                                                                         
 3217  LIQ2:   PROCEDURE (PBOTL) RETURNS (FIXED BIN(31));                     
 3218                                                                         
 3219          DCL PBOTL FIXED BIN(31);                                       
 3220          DCL LIQ2TEMP FIXED BIN(31);                                    
 3221                                                                         
 3222          LIQ2TEMP=PBOTL/2;                                              
 3223          RETURN((1-PBOTL)*WATER+(LIQ2TEMP)*(WATER+OIL));                
 3224          END LIQ2;                                                      
 3225                                                                         
 3226  LIQLOC: PROCEDURE (LOC) RETURNS (FIXED BIN(31));                       
 3227                                                                         
 3228          DCL LOC FIXED BIN(31);                                         
 3229          DCL (LIQTEMP1,LIQTEMP2) FIXED BIN(31);                         
 3230                                                                         
 3231          LIQTEMP1=COND(LOC)/2;                                          
 3232          LIQTEMP1=LIQTEMP1*2;                                           
 3233          LIQTEMP2=COND(LOC)/4;                                          
 3234          RETURN(LIQ2((MOD(LIQTEMP1,8)-5)*MOD(LIQTEMP2,2)+1));           
 3235          END LIQLOC;                                                    
 3236                                                                         
 3237  BITSET: PROCEDURE (L,N) RETURNS (BIT(1));                              
 3238                                                                         
 3239          DCL (L,N) FIXED BIN(31);                                       
 3240          DCL BITTEMP FIXED BIN(31) STATIC;                              
 3241                                                                         
 3242          BITTEMP=COND(L)/2**N;                                          
 3243          RETURN(MOD(BITTEMP,2) ^= 0);                                   
 3244          END BITSET;                                                    
 3245                                                                         
 3246  FORCED: PROCEDURE (LOC) RETURNS (BIT(1));                              
 3247                                                                         
 3248          DCL LOC FIXED BIN(31);                                         
Aug 31, 2026  16:33     /***              ADVENTURE  -  PL/1 VERSION 4.0                  ***/                          
1.4.1                                               Source Listing                                           Page 57    
 3249                                                                         
 3250          RETURN(COND(LOC) = 2);                                         
 3251          END FORCED;                                                    
 3252                                                                         
 3253  DARK:   PROCEDURE (DUMMY) RETURNS (BIT(1));                            
 3254                                                                         
 3255          DCL DUMMY FIXED BIN(31);                                       
 3256                                                                         
 3257          RETURN(MOD(COND(LOC),2) = 0 &                                  
 3258               (PROP(LAMP) = 0 | ^ HERE(LAMP)));                         
 3259          END DARK;                                                      
 3260                                                                         
 3261  PCT:    PROCEDURE (N) RETURNS (BIT(1));                                
 3262                                                                         
 3263          DCL N FIXED BIN(31);                                           
 3264                                                                         
 3265          RETURN(RAN(100) < N);                                          
 3266          END PCT;                                                       
 3267  /* I/O ROUTINES (SPEAK, PSPEAK, RSPEAK, MSPEAK, A5TOA1, GETIN, YES) */ 
 3268                                                                         
 3269                                                                         
 3270  SPEAK:  PROCEDURE (N);                                                 
 3271                                                                         
 3272          DCL N FIXED BIN(31);                                           
 3273          DCL (I,K,L) FIXED BIN (31);                                    
 3274                                                                         
 3275  /*                                                                     
 3276     PRINT THE MESSAGE WHICH STARTS AT LINES(N).  PRECEDE IT             
 3277     WITH A BLANK LINE UNLESS BLKLIN IS FALSE.                           
 3278     INHERENT MESSAGE TEXT WORD LIMIT INCREASED FROM 9999 TO 49999 -     
 3279                                                (GP 12/82)               
 3280  */                                                                     
 3281                                                                         
 3282          IF N = 0 THEN RETURN;                                          
 3283          IF LINES(N+1) = '>$<' THEN RETURN;                             
 3284          IF (BLKLIN) THEN CALL LINESKP;                                 
 3285          K=N;                                                           
 3286  L1:     YDCHR=LINES(K);                                                
 3287          L=MOD(YDPIC,50000)-1;                                          
 3288          K=K+1;                                                         
 3289          PUT STRING (OUTSTR) EDIT ((LINES(I) DO I=K TO L)) (14 A(5));   
 3290          IF INHIB = 'Y' THEN RETURN;                                    
 3291          CALL LINEOUT;                                                  
 3292          K=L+1;                                                         
 3293          IF SUBSTR(LINES(K),1,1) < '5' THEN GOTO L1;                    
 3294          RETURN;                                                        
 3295          END SPEAK;                                                     
 3296                                                                         
 3297                                                                         
 3298                                                                         
 3299  PSPEAK: PROCEDURE (MSG,SKIP);                                          
 3300                                                                         
 3301          DCL (MSG,SKIP) FIXED BIN(31);                                  
 3302          DCL (I,M) FIXED BIN (31);                                      
 3303                                                                         
 3304  /*                                                                     
 3305     FIND THE SKIP+1ST MESSAGE FROM MSG AND PRINT IT.  MSG               
 3306     SHOULD BE THE INDEX OF THE INVENTORY MESSAGE FOR OBJECT.            
Aug 31, 2026  16:33     /***              ADVENTURE  -  PL/1 VERSION 4.0                  ***/                          
1.4.1                                               Source Listing                                           Page 58    
 3307     (INVEN+N+1 MESSAGE IS PROP=N MESSAGE).                              
 3308  */                                                                     
 3309                                                                         
 3310          M=PTEXT(MSG);                                                  
 3311          IF SKIP < 0 THEN GOTO L9;                                      
 3312          DO I=0 TO SKIP;                                                
 3313  L1:         YDCHR=LINES(M);                                            
 3314              M=MOD(YDPIC,50000);                                        
 3315              IF SUBSTR(LINES(M),1,1) < '5' THEN GOTO L1;                
 3316              END;                                                       
 3317  L9:     CALL SPEAK(M);                                                 
 3318          RETURN;                                                        
 3319          END PSPEAK;                                                    
 3320                                                                         
 3321                                                                         
 3322                                                                         
 3323  RSPEAK: PROCEDURE (I);                                                 
 3324                                                                         
 3325          DCL I FIXED BIN(31);                                           
 3326                                                                         
 3327  /* PRINT THE I-TH "RANDOM" MESSAGE (SECTION 6 OF DATABASE). */         
 3328                                                                         
 3329          IF I ^= 0 THEN CALL SPEAK(RTEXT(I));                           
 3330          RETURN;                                                        
 3331          END RSPEAK;                                                    
 3332                                                                         
 3333  MSPEAK: PROCEDURE (I);                                                 
 3334                                                                         
 3335          DCL I FIXED BIN(31);                                           
 3336                                                                         
 3337  /* PRINT THE I-TH "MAGIC" MESSAGE (SECTION 12 OF DATABASE). */         
 3338                                                                         
 3339          IF I ^= 0 THEN CALL SPEAK(MTEXT(I));                           
 3340          RETURN;                                                        
 3341          END MSPEAK;                                                    
 3342                                                                         
 3343  GETIN:  PROCEDURE (WORD1,WORD1X,WORD2,WORD2X);                         
 3344                                                                         
 3345  /*                                                                     
 3346     GET A COMMAND FROM THE ADVENTURER.  SNARF OUT THE FIRST             
 3347     WORD, PAD IT WITH BLANKS, AND RETURN IT IN WORD1.  CHARS            
 3348     6 THRU 10 ARE RETURNED IN WORD1X, IN CASE WE NEED TO                
 3349     PRINT OUT THE WHOLE WORD IN AN ERROR MESSAGE.  ANY NUMBER           
 3350     OF BLANKS MAY FOLLOW THE WORD.  IF A SECOND WORD APPEARS,           
 3351     IT IS RETURNED IN WORD2 (CHARS 6 THRU 10 IN WORD2X), ELSE           
 3352     WORD2 IS SET TO ZERO.                                               
 3353  */                                                                     
 3354                                                                         
 3355          DCL (WORD1,WORD1X,WORD2,WORD2X) CHAR(5);                       
 3356                                                                         
 3357          WORD1,WORD1X,WORD2,WORD2X='     ';                             
 3358          IF LOGON THEN PUT SKIP;                                        
 3359          WORDSTRT=0;                                                    
 3360          DO WHILE (WORDSTRT = 0);                                       
 3361              IF BLKLIN THEN CALL LINESKP;                               
 3362              CALL TREAD(INSTR,0,INSTR,INLEN,CCODE);                     
 3363              IF PLIRETV() = 0                                           
 3364              THEN DO;                                                   
Aug 31, 2026  16:33     /***              ADVENTURE  -  PL/1 VERSION 4.0                  ***/                          
1.4.1                                               Source Listing                                           Page 59    
 3365                   IF CCODE > 0 & CCODE ^= 13                            
 3366                   THEN DO;                    /* VDU AND NOT <ENTER> */ 
 3367                        WD2 = ' ';                                       
 3368                        CALL CLRSCRN;                                    
 3369                        SELECT (CCODE);                                  
 3370                        WHEN (01) WD1 = 'H    ';                         
 3371                        WHEN (02) WD1 = 'I    ';                         
 3372                        WHEN (03) WD1 = 'Q    ';                         
 3373                        WHEN (04) WD1 = 'LOG  ';                         
 3374                        WHEN (09) IF WIZARD THEN WD1 = 'SWAP ';          
 3375                        WHEN (12) WD1 = 'EXIT ';                         
 3376                        WHEN (14) DO;               /* RESHOW FOR PA2 */ 
 3377                                  OUTSTR = RETRYSTR;                     
 3378                                  CALL LINEOUT;                          
 3379                                  GO TO RETRY;                           
 3380                                  END;                                   
 3381                        OTHERWISE GO TO ENTER;                           
 3382                        END;                                             
 3383                        RETURN;                                          
 3384                        END;                                             
 3385  ENTER:          OUTSTR=SUBSTR(INSTR,1,INLEN);                          
 3386                  WORDSTRT=VERIFY(OUTSTR,' ');                           
 3387                  END;                                                   
 3388              ELSE DO;                                                   
 3389                  IF BLKLIN THEN CALL LINESKP;                           
 3390                  PUT STRING (OUTSTR) EDIT                               
 3391                     ('Terminal error..reenter.') (A);                   
 3392                  CALL LINEOUT;                                          
 3393                  END;                                                   
 3394  RETRY:      END;                                 /* END OF DO WHILE */ 
 3395          IF LOGON THEN PUT SKIP EDIT (OUTSTR) (A);                      
 3396          OUTSTR=SUBSTR(OUTSTR,WORDSTRT);                                
 3397          WORDEND=INDEX(OUTSTR,' ')-1;                                   
 3398          IF WORDEND=-1 THEN WORDEND=LENGTH(OUTSTR);                     
 3399          WORDSIZE=MIN(WORDEND,5);                                       
 3400          WORD1=SUBSTR(OUTSTR,1,WORDSIZE);                               
 3401          IF WORDEND > 5 THEN DO;                                        
 3402              WORDSIZE=MIN(WORDEND-5,5);                                 
 3403              WORD1X=SUBSTR(OUTSTR,6,WORDSIZE);                          
 3404              END;                                                       
 3405          IF WORDEND=LENGTH(OUTSTR) THEN RETURN;                         
 3406          OUTSTR=SUBSTR(OUTSTR,WORDEND+1);                               
 3407          WORDSTRT=VERIFY(OUTSTR,' ');                                   
 3408          IF WORDSTRT = 0 THEN RETURN;                                   
 3409          OUTSTR=SUBSTR(OUTSTR,WORDSTRT);                                
 3410          WORDEND=INDEX(OUTSTR,' ')-1;                                   
 3411          IF WORDEND = -1 THEN WORDEND=LENGTH(OUTSTR);                   
 3412          WORDSIZE=MIN(WORDEND,5);                                       
 3413          WORD2=SUBSTR(OUTSTR,1,WORDSIZE);                               
 3414          IF WORDEND > 5 THEN DO;                                        
 3415              WORDSIZE=MIN(WORDEND-5,5);                                 
 3416              WORD2X=SUBSTR(OUTSTR,6,WORDSIZE);                          
 3417              END;                                                       
 3418          RETURN;                                                        
 3419          END GETIN;                                                     
 3420                                                                         
 3421                                                                         
 3422                                                                         
Aug 31, 2026  16:33     /***              ADVENTURE  -  PL/1 VERSION 4.0                  ***/                          
1.4.1                                               Source Listing                                           Page 60    
 3423  YES:    PROCEDURE (X,Y,Z) RETURNS (BIT(1));                            
 3424                                                                         
 3425          DCL (X,Y,Z) FIXED BIN(31);                                     
 3426                                                                         
 3427  /*                                                                     
 3428     PRINT MESSAGE X, WAIT FOR YES/NO ANSWER.  IF YES, PRINT Y           
 3429     AND LEAVE YEA TRUE- IF NO, PRINT Z AND LEAVE YEA FALSE.             
 3430  */                                                                     
 3431                                                                         
 3432                                                                         
 3433  L1:     IF X > 0 THEN CALL RSPEAK(X);                                  
 3434          IF X < 0 THEN CALL MSPEAK(-X);                                 
 3435          CALL GETIN(REPLY,JUNK1,JUNK2,JUNK3);                           
 3436          IF REPLY = 'YES' | REPLY = 'Y' THEN GOTO L10;                  
 3437          IF REPLY = 'NO' | REPLY = 'N' THEN GOTO L20;                   
 3438          CALL LINESKP;                                                  
 3439          CALL RSPEAK(206);                                              
 3440          GOTO L1;                                                       
 3441  L10:    IF Y > 0 THEN CALL RSPEAK(Y);                                  
 3442          IF Y < 0 THEN CALL MSPEAK(-Y);                                 
 3443          RETURN('1'B);                                                  
 3444  L20:    IF Z > 0 THEN CALL RSPEAK(Z);                                  
 3445          IF Z < 0 THEN CALL MSPEAK(-Z);                                 
 3446          RETURN('0'B);                                                  
 3447          END YES;                                                       
 3448                                                                         
 3449                                                                         
 3450                                                                         
 3451  A5TOA1: PROCEDURE (A,B,CHARS,LENG);                                    
 3452                                                                         
 3453  /*                                                                     
 3454    A AND B CONTAIN A 1-10 CHARACTER WORD IN A5 FORMAT.                  
 3455    THEY ARE CONCATENATED AND MOVED INTO A CHAR(1)                       
 3456    ARRAY UNTIL A BLANK IS ENCOUNTERED.  THE TOTAL                       
 3457    LENGTH IS RETURNED IN LENG.                                          
 3458                                                                         
 3459  */                                                                     
 3460                                                                         
 3461          DCL (A,B) CHAR(5);                                             
 3462          DCL LENG FIXED BIN(31);                                        
 3463          DCL CHARS(10) CHAR(1) CONNECTED;                               
 3464                                                                         
 3465          DCL WORDS(2) CHAR(5);                                          
 3466                                                                         
 3467          WORDS(1)=TRANSLATE(A,XLATETO,                                  
 3468                               XLATEFR);                                 
 3469          WORDS(2)=TRANSLATE(B,XLATETO,                                  
 3470                               XLATEFR);                                 
 3471          LENG=0;                                                        
 3472          DO WORD=1 TO 2;                                                
 3473              DO CH=1 TO 5;                                              
 3474                  CHARS(LENG+1)=SUBSTR(WORDS(WORD),CH,1);                
 3475                  IF CHARS(LENG+1) = ' ' THEN RETURN;                    
 3476                  LENG=LENG+1;                                           
 3477                  END;                                                   
 3478              END;                                                       
 3479          RETURN;                                                        
 3480          END A5TOA1;                                                    
Aug 31, 2026  16:33     /***              ADVENTURE  -  PL/1 VERSION 4.0                  ***/                          
1.4.1                                               Source Listing                                           Page 61    
 3481  /*                                                                     
 3482     DATA STRUCTURE ROUTINES (VOCAB, DSTROY, JUGGLE, MOVE,               
 3483     PUT, CARRY, DROP)                                                   
 3484  */                                                                     
 3485                                                                         
 3486  VOCAB: PROCEDURE (ID,INIT) RETURNS(FIXED BIN(31));                     
 3487                                                                         
 3488         DCL ID CHAR(5);                                                 
 3489         DCL INIT FIXED BIN(31);                                         
 3490         DCL I    FIXED BIN(31);                                         
 3491         DCL VOCRTN FIXED BIN(31);                                       
 3492         DCL IDB  BIT(40) BASED(ADDR(ID));                               
 3493                                                                         
 3494  /*                                                                     
 3495     LOOK UP ID IN THE VOCABULARY (ATAB) AND RETURN ITS                  
 3496     "DEFINITION" (KTAB), OR -1 IF NOT FOUND.  IF INIT IS NON-           
 3497     NEGATIVE, THIS IS AN INITIALISATION CALL SETTING UP A               
 3498     KEYWORD VARIABLE, AND NOT FINDING IT CONSTITUTES A BUG.             
 3499     IT ALSO MEANS THAT ONLY KTAB VALUES WHICH TAKEN OVER 1000           
 3500     EQUAL INIT MAY BE CONSIDERED.  (THUS "STEPS", WHICH IS A            
 3501     MOTION VERB AS WELL AS AN OBJECT, MAY BE LOCATED AS AN              
 3502     OBJECT.)  AND IT ALSO MEANS THE KTAB VALUE IS TAKEN MOD             
 3503     1000.                                                               
 3504  */                                                                     
 3505                                                                         
 3506                                                                         
 3507          IDB = ^IDB;                                                    
 3508          DO I=1 TO TABSIZ;                                              
 3509              IF KTAB(I) = -1 THEN GOTO L2;                              
 3510              IF INIT >= 0 & KTAB(I)/1000 ^= INIT THEN GOTO L1;          
 3511              IF ATAB(I) = ID THEN GOTO L3;                              
 3512  L1:         END;                                                       
 3513          CALL BUG(21);                                                  
 3514                                                                         
 3515  L2:     IDB = ^IDB;                                                    
 3516          IF INIT < 0 THEN RETURN(-1);                                   
 3517          CALL BUG(5);                                                   
 3518                                                                         
 3519  L3:     VOCRTN=KTAB(I);                                                
 3520          IF INIT >= 0 THEN VOCRTN=MOD(VOCRTN,1000);                     
 3521          IDB = ^IDB;                                                    
 3522          RETURN(VOCRTN);                                                
 3523          END VOCAB;                                                     
 3524                                                                         
 3525                                                                         
 3526                                                                         
 3527  DSTROY: PROCEDURE (OBJECT);                                            
 3528                                                                         
 3529          DCL OBJECT FIXED BIN(31);                                      
 3530                                                                         
 3531  /*                                                                     
 3532     PERMANENTLY ELIMINATE "OBJECT" BY MOVING TO A                       
 3533     NON-EXISTANT LOCATION.                                              
 3534  */                                                                     
 3535                                                                         
 3536                                                                         
 3537          CALL MOVE(OBJECT,0);                                           
 3538          RETURN;                                                        
Aug 31, 2026  16:33     /***              ADVENTURE  -  PL/1 VERSION 4.0                  ***/                          
1.4.1                                               Source Listing                                           Page 62    
 3539          END DSTROY;                                                    
 3540                                                                         
 3541                                                                         
 3542                                                                         
 3543  JUGGLE: PROCEDURE (OBJECT);                                            
 3544                                                                         
 3545          DCL OBJECT FIXED BIN(31);                                      
 3546          DCL (I,J)  FIXED BIN(31);                                      
 3547                                                                         
 3548  /*                                                                     
 3549     JUGGLE AN OBJECT BY PICKING IT UP AND PUTTING IT DOWN               
 3550     AGAIN, THE PURPOSE BEING TO GET THE OBJECT TO THE FRONT             
 3551     OF THE CHAIN OF THINGS AT ITS LOC.                                  
 3552  */                                                                     
 3553                                                                         
 3554          I=PLACE(OBJECT);                                               
 3555          J=FIXED(OBJECT);                                               
 3556          CALL MOVE(OBJECT,I);                                           
 3557          CALL MOVE(OBJECT+100,J);                                       
 3558          RETURN;                                                        
 3559          END JUGGLE;                                                    
 3560                                                                         
 3561                                                                         
 3562                                                                         
 3563  MOVE:   PROCEDURE (OBJECT,WHERE);                                      
 3564                                                                         
 3565          DCL (OBJECT,WHERE) FIXED BIN(31);                              
 3566                                                                         
 3567  /*                                                                     
 3568     PLACE ANY OBJECT ANYWHERE BY PICKING IT UP AND DROPPING             
 3569     IT.  MAY ALREADY BE TOTING, IN WHICH CASE THE CARRY IS A            
 3570     NO-OP.  MUSTN'T PICK UP OBJECTS WHICH ARE NOT AT ANY LOC,           
 3571     SINCE CARRY WANTS TO REMOVE OBJECTS FROM ATLOC CHAINS.              
 3572  */                                                                     
 3573                                                                         
 3574          IF OBJECT > 100 THEN GOTO L1;                                  
 3575          FROM=PLACE(OBJECT);                                            
 3576          GOTO L2;                                                       
 3577  L1:     FROM=FIXED(OBJECT-100);                                        
 3578  L2:     IF FROM > 0 & FROM <= 300 THEN CALL CARRY(OBJECT,FROM);        
 3579          CALL DROP(OBJECT,WHERE);                                       
 3580          RETURN;                                                        
 3581          END MOVE;                                                      
 3582                                                                         
 3583                                                                         
 3584                                                                         
 3585  PUT:    PROCEDURE (OBJECT,WHERE,PVAL) RETURNS(FIXED BIN(31));          
 3586                                                                         
 3587          DCL (OBJECT,WHERE,PVAL) FIXED BIN(31);                         
 3588                                                                         
 3589  /*                                                                     
 3590     PUT IS THE SAME AS MOVE, EXCEPT IT RETURNS A VALUE USED             
 3591     TO SET UP THE NEGATED PROP VALUES FOR THE REPOSITORY                
 3592     OBJECTS.                                                            
 3593  */                                                                     
 3594                                                                         
 3595          CALL MOVE(OBJECT,WHERE);                                       
 3596          RETURN((-1)-PVAL);                                             
Aug 31, 2026  16:33     /***              ADVENTURE  -  PL/1 VERSION 4.0                  ***/                          
1.4.1                                               Source Listing                                           Page 63    
 3597          END PUT;                                                       
 3598                                                                         
 3599                                                                         
 3600                                                                         
 3601  CARRY:  PROCEDURE (OBJECT,WHERE);                                      
 3602                                                                         
 3603          DCL (OBJECT,WHERE) FIXED BIN(31);                              
 3604                                                                         
 3605  /*                                                                     
 3606     START TOTING AN OBJECT, REMOVING IT FROM THE LIST OF                
 3607     THINGS AT ITS FORMER LOCATION.  INCR HOLDNG UNLESS IT WAS           
 3608     ALREADY BEING TOTED.  IF OBJECT>100 (MOVING "FIXED"                 
 3609     SECOND LOC), DON'T CHANGE PLACE OR HOLDNG.                          
 3610  */                                                                     
 3611                                                                         
 3612                                                                         
 3613                                                                         
 3614          IF OBJECT > 100 THEN GOTO L5;                                  
 3615          IF PLACE(OBJECT) = -1 THEN RETURN;                             
 3616          PLACE(OBJECT)=-1;                                              
 3617          HOLDNG=HOLDNG+1;                                               
 3618  L5:     IF ATLOC(WHERE) ^= OBJECT THEN GOTO L6;                        
 3619          ATLOC(WHERE)=LINK(OBJECT);                                     
 3620          RETURN;                                                        
 3621  L6:     TEMP=ATLOC(WHERE);                                             
 3622  L7:     IF LINK(TEMP) = OBJECT THEN GOTO L8;                           
 3623          TEMP=LINK(TEMP);                                               
 3624          GOTO L7;                                                       
 3625  L8:     LINK(TEMP)=LINK(OBJECT);                                       
 3626          RETURN;                                                        
 3627          END CARRY;                                                     
 3628                                                                         
 3629                                                                         
 3630                                                                         
 3631  DROP:   PROCEDURE (OBJECT,WHERE);                                      
 3632                                                                         
 3633          DCL (OBJECT,WHERE) FIXED BIN(31);                              
 3634                                                                         
 3635  /*                                                                     
 3636     PLACE AN OBJECT AT A GIVEN LOC, PREFIXING IT ONTO THE               
 3637     ATLOC LIST.  DECR HOLDNG IF THE OBJECT WAS BEING TOTED.             
 3638  */                                                                     
 3639                                                                         
 3640          IF OBJECT > 100 THEN GOTO L1;                                  
 3641          IF PLACE(OBJECT) = -1 THEN HOLDNG=HOLDNG-1;                    
 3642          PLACE(OBJECT)=WHERE;                                           
 3643          GOTO L2;                                                       
 3644  L1:     FIXED(OBJECT-100)=WHERE;                                       
 3645  L2:     IF WHERE <= 0 THEN RETURN;                                     
 3646          LINK(OBJECT)=ATLOC(WHERE);                                     
 3647          ATLOC(WHERE)=OBJECT;                                           
 3648          RETURN;                                                        
 3649          END DROP;                                                      
 3650                                                                         
 3651  /*  UTILITY ROUTINES (RAN, CIAO, BUG, LINESKP, LINEOUT, HOURFMT) */    
 3652                                                                         
 3653  CIAO:   PROCEDURE;                              /*** SUSPEND GAME ***/ 
 3654                                                                         
Aug 31, 2026  16:33     /***              ADVENTURE  -  PL/1 VERSION 4.0                  ***/                          
1.4.1                                               Source Listing                                           Page 64    
 3655          OPEN FILE (STORAGE) UPDATE;                                    
 3656          STGREC = 0;
 3657          DO J = 1 TO 2;                                                 
 3658             READ FILE (STORAGE) INTO (ADVREC);  /* SKIP FIRST RECORD */ 
 3659             STGREC = STGREC + 1;
 3660             IF NOSTG THEN GO TO BUST;                                   
 3661          END;                                                           
 3662          IF WD2 = ' '                                                   
 3663          THEN NAME = LOW(8);                                            
 3664          ELSE DO;                                                       
 3665               PW = SUBSTR(WD2,1,4);                                     
 3666               TEST_WORD = -TEST_WORD;                                   
 3667               SUBSTR(NAME,1,4) = PW;                                    
 3668               PW = SUBSTR(WD2,5,1) || SUBSTR(WD2X,1,3);                 
 3669               TEST_WORD = -TEST_WORD;                                   
 3670               SUBSTR(NAME,5,4) = PW;                                    
 3671               END;                                                      
 3672  GETRD:  READ FILE (STORAGE) INTO (ADVREC);                             
 3673          STGREC = STGREC + 1;
 3674          IF NOSTG THEN GO TO BUST;                                      
 3675          M = PIC_HH * 60 + PIC_MM;                                      
 3676          DATE_STG = DATETIME();                                         
 3677          TODAY = DATE_PIC;                                              
 3678          HHMM = PIC_HHMM;                                               
 3679          ELAPSED = PIC_HH * 60 + PIC_MM + ELAPSED - M;                  
 3680          IF ELAPSED > 150 & ^WIZARD             /* ALLOW 150 MINUTES */ 
 3681          THEN DO;                                                       
 3682               CALL CLRSCRN;                                             
 3683               CALL MSPEAK(1);                                           
 3684               GO TO L20000;                                             
 3685               END;                                                      
 3686          IF ADVREC = ' ' | SUBSTR(ADVREC,1,16) = NAME || USERID         
 3687          THEN DO;              /* REMOVE TELL-TALE CHARACTER STRINGS */ 
 3688               INSTR,JUNK1,JUNK2,JUNK3,REPLY,WD1,WD1X,WD2,WD2X = ' ';    
 3689               TKWORD = ' ';                                             
 3690               OUTSTR = INSTR;                                           
 3691               SUSPEND# = SUSPEND# + 1;                                  
 3692               CALL STGWR(STGREC, ADDR(ADVARS));
 3693               CLOSE FILE (STORAGE);                                     
 3694               CALL RSPEAK(205);                                         
 3695               CALL LINESKP;                                             
 3696               GOTO DEALLOC;                                             
 3697               END;                                                      
 3698          GO TO GETRD;                                                   
 3699  BUST:   CLOSE FILE (STORAGE);                                          
 3700          NOSTG = '0'B;                                                  
 3701          RETURN;                                                        
 3702          END CIAO;                                                      
 3703                                                                         
 3704  BUG:    PROCEDURE (NUM);                                               
 3705                                                                         
 3706          DCL NUM FIXED BIN(31);                                         
 3707                                                                         
 3708  /*                                                                     
 3709     THE FOLLOWING CONDITIONS ARE CURRENTLY CONSIDERED FATAL             
 3710     BUGS.  NUMBERS < 20 ARE DETECTED WHILE READING THE                  
 3711     DATABASE- THE OTHERS OCCUR AT "RUN TIME".                           
 3712          0       MESSAGE LINE > 70 CHARACTERS                           
Aug 31, 2026  16:33     /***              ADVENTURE  -  PL/1 VERSION 4.0                  ***/                          
1.4.1                                               Source Listing                                           Page 65    
 3713          1       NULL LINE IN MESSAGE                                   
 3714          2       TOO MANY WORDS OF MESSAGES                             
 3715          3       TOO MANY TRAVEL OPTIONS                                
 3716          4       TOO MANY VOCABULARY WORDS                              
 3717          5       REQUIRED VOCABULARY WORD NOT FOUND                     
 3718          6       TOO MANY RTEXT OR MTEXT MESSAGES                       
 3719          7       TOO MANY HINTS                                         
 3720          8       LOCATION HAS COND BIT BEING SET TWICE                  
 3721          9       INVALID SECTION NUMBER IN DATABASE                     
 3722         10       END OF FILE RAISED FOR DATABASE                        
 3723         20       SPECIAL TRAVEL (500>L>300) EXCEEDS GOTO LIST           
 3724         21       RAN OFF END OF VOCABULARY TABLE                        
 3725         22       VOCABULARY TYPE (N/1000) NOT BETWEEN 0 AND 3           
 3726         23       INTRANSITIVE ACTION VERB EXCEEDS GOTO LIST             
 3727         24       TRANSITIVE ACTION VERB EXCEEDS GOTO LIST               
 3728         25       CONDITIONAL TRAVEL ENTRY WITH NO ALTERNATIVE           
 3729         26       LOCATION HAS NO TRAVEL ENTRIES                         
 3730         27       HINT NUMBER EXCEEDS GOTO LIST                          
 3731         28       INVALID MONTH RETURNED BY DATE FUNCTION                
 3732         35       OPERATOR REPLIED "OK" (SVC 35)                         
 3733         93       UNRECOVERABLE TERMINAL I/O ERROR (SVC 93)              
 3734         99       PL/1 ERROR (SEE SYSPRINT OUTPUT)                       
 3735  */                                                                     
 3736                                                                         
 3737                                                                         
 3738          PUT STRING (OUTSTR) EDIT ('Fatal error # ',NUM) (A,F(2));      
 3739          IF NUM = 93                                                    
 3740          THEN PUT SKIP EDIT (OUTSTR) (A);                               
 3741          ELSE CALL LINEOUT;                                             
 3742          GOTO DEALLOC;                                                  
 3743          END BUG;                                                       
 3744                                                                         
 3745  LINESKP: PROCEDURE;                         /* OUTPUTS A BLANK LINE */ 
 3746                                                                         
 3747          OUTSTR=' ';                                                    
 3748          CALL LINEOUT;                                                  
 3749          RETURN;                                                        
 3750          END LINESKP;                                                   
 3751                                                                         
 3752  LINEOUT: PROCEDURE;                      /* OUTPUT A LINE TO MILTEN */ 
 3753                                                                         
 3754          INSTR=OUTSTR;                                                  
 3755          IF OUTSTR ^= ' '                                               
 3756          THEN DO;                                                       
 3757               IF LOGON THEN PUT SKIP EDIT (OUTSTR) (A);                 
 3758               RETRYSTR = OUTSTR;                                        
 3759               END;                                                      
 3760          DO L = 1 TO 50;                                                
 3761              CALL TWRITE(INSTR,LENGTH(OUTSTR),CCODE);                   
 3762              IF CCODE = 0 THEN RETURN;                                  
 3763              END;                                                       
 3764          CALL BUG(93);                                                  
 3765          END LINEOUT;                                                   
 3766                                                                         
 3767  RAN:    PROCEDURE (N) RETURNS (FIXED BIN(31));                         
 3768                                                                         
 3769                           /* RETURNS RANDOM NUMBER BETWEEN 0 AND N-1 */ 
 3770                                                                         
Aug 31, 2026  16:33     /***              ADVENTURE  -  PL/1 VERSION 4.0                  ***/                          
1.4.1                                               Source Listing                                           Page 66    
 3771          DCL N      FIXED BIN(31);                                      
 3772          DCL RANRTN FIXED BIN(31);                                      
 3773                                                                         
 3774          RANRTN=N;                                                      
 3775          DO WHILE (RANRTN = N);                                         
 3776              CALL RANDU(IX,IY,Y);                                       
 3777              IX=IY;                                                     
 3778              RANRTN=Y*N;                                                
 3779              END;                                                       
 3780          RETURN(RANRTN);                                                
 3781          END RAN;                                                       
 3782                                                                         
 3783  HOURFMT: PROCEDURE;                           /* DISPLAY OPEN HOURS */ 
 3784                                                                         
 3785          OUTSTR = 'before ' ||                                          
 3786          SUBSTR(TIMES(1),1,2) || ':' || SUBSTR(TIMES(1),3,2) || ', ' || 
 3787          SUBSTR(TIMES(2),1,2) || ':' || SUBSTR(TIMES(2),3,2) || ' to '  
 3788    || SUBSTR(TIMES(3),1,2) || ':' || SUBSTR(TIMES(3),3,2) || ', after ' 
 3789       || SUBSTR(TIMES(4),1,2) || ':' || SUBSTR(TIMES(4),3,2)            
 3790       || ', and at weekends.';                                          
 3791          CALL LINEOUT;                                                  
 3792          RETURN;                                                        
 3793          END HOURFMT;                                                   
 3794                                                                         
 3795  /*  WIZARD ROUTINES (REVERT, WIZPROC, DEMOCHK, PUTBACK, SCANSTG) */    
 3796                                                                         
 3797  REVERT: PROCEDURE;                                                     
 3798          IF SUBSTR(CARD,2,2) = 'EN'                                     
 3799          THEN DO;                                                       
 3800               COLS(4) = -COLS(4);                                       
 3801               SUBSTR(CARD,33,20) = ' ';                                 
 3802               END;                                                      
 3803          ELSE DO I = 3 TO 36;                                           
 3804               IF COLS(I) = 0                                            
 3805               THEN SUBSTR(CARD,I*2-1,2) = ' ';                          
 3806               ELSE COLS(I) = - COLS(I);                                 
 3807               END;                                                      
 3808          SUBSTR(CARD,1,4) = ' ';                                        
 3809          IF SUBSTR(CARD,73,2) = 'PR'                                    
 3810          THEN SUBSTR(CARD,73,2) = ' ';                                  
 3811          ELSE COLS(37) = -COLS(37);                                     
 3812          IF SUBSTR(CARD,75,2) = 'OG'                                    
 3813          THEN SUBSTR(CARD,75,2) = ' ';                                  
 3814          ELSE COLS(38) = -COLS(38);                                     
 3815          IF SUBSTR(CARD,77,2) >= '00'                                   
 3816          THEN SUBSTR(CARD,77,2) = ' ';                                  
 3817          ELSE COLS(39) = -COLS(39);                                     
 3818          IF SUBSTR(CARD,79,2) >= '00'                                   
 3819          THEN SUBSTR(CARD,79,2) = ' ';                                  
 3820          ELSE COLS(40) = -COLS(40);                                     
 3821          RETURN;                                                        
 3822          END REVERT;                                                    
 3823                                                                         
 3824  WIZPROC: PROCEDURE;                                                    
 3825                                                                         
 3826          DCL CANMSG           CHARACTER(43);                            
 3827          DCL MSGUID           CHARACTER (8);                            
 3828                                                                         
Aug 31, 2026  16:33     /***              ADVENTURE  -  PL/1 VERSION 4.0                  ***/                          
1.4.1                                               Source Listing                                           Page 67    
 3829          IF WIZARD                                                      
 3830          THEN DO;                                /* BEEN HERE BEFORE */ 
 3831               CALL RSPEAK(205);                                         
 3832               GO TO GETCMD;                                             
 3833               END;                                                      
 3834          CALL MSPEAK(17);                                               
 3835  REASK1: CALL WHISPER;                    /* SUPPLY ECHO SUPPRESSION */ 
 3836          CALL TREAD(INSTR,0,INSTR,INLEN,CCODE);                         
 3837          TEST_WORD = PLIRETV();                  /* SAVE RETURN CODE */ 
 3838          CALL CLRSCRN;                                                  
 3839          IF TEST_WORD ^= 0 THEN GO TO REASK1;                           
 3840          IF CCODE = 11 & SUBSTR(INSTR,1,5) = 'RC=04'                    
 3841          THEN;                      /* SORRY TO HAVE BOTHERED YOU... */ 
 3842          ELSE DO;                                                       
 3843               IF SUBSTR(INSTR,1,5) = 'RC=04'                            
 3844               THEN DO;                  /* LET HIM PLAY IN OFF HOURS */ 
 3845                    CALL MSPEAK(20);                                     
 3846                    TURNS = TURNS + 1;                                   
 3847                    RETURN;                                              
 3848                    END;                                                 
 3849               CALL MSPEAK(18);               /* GIVE HIM ANOTHER TRY */ 
 3850  REASK2:      CALL WHISPER;                                             
 3851               CALL TREAD(INSTR,0,INSTR,INLEN,CCODE);                    
 3852               TEST_WORD = PLIRETV();             /* SAVE RETURN CODE */ 
 3853               CALL CLRSCRN;                                             
 3854               IF TEST_WORD ^= 0 THEN GO TO REASK2;                      
 3855               IF CCODE = 11 & SUBSTR(INSTR,1,5) = 'RC=04'               
 3856               THEN;                 /* SORRY TO HAVE BOTHERED YOU... */ 
 3857               ELSE DO;                                                  
 3858                    CALL MSPEAK(20);                                     
 3859                    IF SUBSTR(INSTR,1,5) = 'RC=04'                       
 3860                    THEN DO;             /* LET HIM PLAY IN OFF HOURS */ 
 3861                         TURNS = TURNS + 1;                              
 3862                         RETURN;                                         
 3863                         END;                                            
 3864                    INHIB = 'Y';                                         
 3865                    CALL MSPEAK(33);                                     
 3866                    SUBSTR(OUTSTR,24,8) = TSOID;     /* PLEASE CANCEL */ 
 3867                    CANMSG = OUTSTR;                                     
 3868                    CALL BUG(35);
 3869                    END;                                                 
 3870               END;                                                      
 3871          CALL MSPEAK(19);                                               
 3872          WIZARD = '1'B;                                                 
 3873                                                                         
 3874  GETCMD: CALL GETIN(WD1,WD1X,WD2,WD2X);         /* GET WIZARD'S WISH */ 
 3875                                                                         
 3876          J = VOCAB(WD1,-1);                                             
 3877          SELECT (J);                                                    
 3878              WHEN (0011) GO TO DEALLOC;               /* LEAVE */       
 3879              WHEN (0057) GO TO L31;                   /* LOOK  */       
 3880              WHEN (2002) GO TO DUMP;                  /* DROP  */       
 3881              WHEN (2003) GO TO SEND;                  /* SAY   */       
 3882              WHEN (2008) WIZARD = '0'B;               /* OFF   */       
 3883              WHEN (2011) GO TO EXPLORE;               /* GO TO */       
 3884              WHEN (2019) GO TO DESCRIBE;              /* WHERE */       
 3885              WHEN (2027) CALL GETMSGS(TSOID,'W');     /* READ  */       
 3886              WHEN (2031) GO TO HOURS;                 /* HOURS */       
Aug 31, 2026  16:33     /***              ADVENTURE  -  PL/1 VERSION 4.0                  ***/                          
1.4.1                                               Source Listing                                           Page 68    
 3887              WHEN (2035) GO TO ACTION;                /* SWAP  */       
 3888              WHEN (2032) GO TO SETLOG;                /* HARDC */       
 3889              WHEN (3051) CALL MSPEAK(52);             /* HELP  */       
 3890              WHEN (3142) GO TO HISTORY;               /* INFO  */       
 3891              OTHERWISE GO TO WDCMPR;                                    
 3892              END;                                                       
 3893          GO TO GETCMD;                                                  
 3894                                                                         
 3895  WDCMPR: SELECT (WD1);                                                  
 3896              WHEN ('ACTIO') GO TO ACTION;                               
 3897              WHEN ('ADD  ') GO TO ADDUSER;                              
 3898              WHEN ('DECOD') GO TO DECODE;                               
 3899              WHEN ('DLOCS') GO TO DLOCS;                                
 3900              WHEN ('DEL  ') GO TO DELUSER;                              
 3901              WHEN ('ENCOD') GO TO ENCODE;                               
 3902              WHEN ('HIST ') GO TO HISTORY;                              
 3903              WHEN ('LISTB') CALL GETMSGS(TSOID,'A');                    
 3904              WHEN ('LISTI') GO TO LISTIDS;                              
 3905              WHEN ('LOGOF') SIGNAL ATTENTION;                           
 3906              WHEN ('SAUCE') GO TO SAUCE;                                
 3907              WHEN ('SCAN ') CALL SCANSTG;                               
 3908              WHEN ('SEND ') GO TO SEND;                                 
 3909              WHEN ('STG  ') GO TO PUTBLNK;                              
 3910              OTHERWISE DO;                                              
 3911                        SPK=60;                                          
 3912                        IF PCT(20) THEN SPK=61;                          
 3913                        IF PCT(20) THEN SPK=13;                          
 3914                        CALL RSPEAK(SPK);                                
 3915                        END;                                             
 3916              END;                                                       
 3917          GO TO GETCMD;                                                  
 3918                                                                         
 3919  LISTIDS:                                   /* LIST AUTHORIZED USERS */ 
 3920          OPEN FILE (STORAGE) INPUT;                                     
 3921          READ FILE (STORAGE) INTO (ADVREC);                             
 3922          CLOSE FILE (STORAGE);                                          
 3923          IF NOSTG                                                       
 3924          THEN DO;                                                       
 3925               CALL MSPEAK(34);                         /* EMPTY FILE */ 
 3926               NOSTG = '0'B;                                             
 3927          GO TO GETCMD;                                                  
 3928          END;                                                           
 3929          IF WD2 = ' '                                                   
 3930          THEN DO M = 0 TO 74;                             /* LISTIDS */ 
 3931               OUTSTR = SUBSTR(ADVREC,M*64+1,64);                        
 3932                    DO KQ = 0 TO 7;                                      
 3933                    IF SUBSTR(OUTSTR,KQ*8+1,1) ^= ' '                    
 3934                    THEN DO;                                             
 3935                         PW = SUBSTR(OUTSTR,KQ*8+1,4);                   
 3936                         TEST_WORD = -TEST_WORD;                         
 3937                         SUBSTR(OUTSTR,KQ*8+1,4) = PW;                   
 3938                         PW = SUBSTR(OUTSTR,KQ*8+5,3) || ' ';            
 3939                         TEST_WORD = -TEST_WORD;                         
 3940                         SUBSTR(PW,4,1) = ' ';                           
 3941                         SUBSTR(OUTSTR,KQ*8+5,4) = PW;                   
 3942                         END;                                            
 3943                    END;                                                 
 3944                    IF M = 74 THEN OUTSTR = SUBSTR(OUTSTR,1,48);         
Aug 31, 2026  16:33     /***              ADVENTURE  -  PL/1 VERSION 4.0                  ***/                          
1.4.1                                               Source Listing                                           Page 69    
 3945                    IF OUTSTR ^= ' ' THEN CALL LINEOUT;                  
 3946               END;                                                      
 3947          ELSE DO;                                /* OPERAND SUPPLIED */ 
 3948               IF WD2 = 'ALL  '                                          
 3949               THEN DO M = 0 TO 597;        /* LIST ALL USERS & STATS */ 
 3950                    IF SUBSTR(ADVREC,M*8+1,1) = ' '                      
 3951                    THEN GO TO NOUSER;                                   
 3952                    MSGUID = SUBSTR(ADVREC,M*8+1,7) || ' ';              
 3953                    PW = SUBSTR(MSGUID,1,4);                             
 3954                    TEST_WORD = -TEST_WORD;                              
 3955                    SUBSTR(MSGUID,1,4) = PW;                             
 3956                    PW = SUBSTR(MSGUID,5,4);                             
 3957                    TEST_WORD = -TEST_WORD;                              
 3958                    SUBSTR(MSGUID,5,3) = SUBSTR(PW,1,3);                 
 3959                    BYTE_NUM = SUBSTR(ADVREC,M*8+8,1);                   
 3960                    PUT STRING (OUTSTR) EDIT (MSGUID,INTEGER)            
 3961                                             (A,F(3));                   
 3962                    CALL LINEOUT;                                        
 3963  NOUSER:           END;                                    /* NEXT M */ 
 3964               ELSE DO;                     /* LIST A PARTICULAR USER */ 
 3965                    PW = SUBSTR(WD2,1,4);                                
 3966                    TEST_WORD = -TEST_WORD;                              
 3967                    SUBSTR(MSGUID,1,4) = PW;                             
 3968                    PW = SUBSTR(WD2,5,1) || SUBSTR(WD2X,1,2) || ' ';     
 3969                    TEST_WORD = -TEST_WORD;                              
 3970                    SUBSTR(MSGUID,5,4) = PW;                             
 3971                    M = INDEX(ADVREC,SUBSTR(MSGUID,1,7));                
 3972                    IF M = 0                                             
 3973                    THEN DO;                      /* USERID NOT FOUND */ 
 3974                         CALL A5TOA1(WD2,WD2X,TKWORD,K);                 
 3975                         INHIB = 'Y';                                    
 3976                         CALL RSPEAK(220);                               
 3977                         PUT STRING (OUTSTR) EDIT                        
 3978                              (OUTSTR,(TKWORD(I) DO I=1 TO K),' here!')  
 3979                             (A(9),20 A);                                
 3980                         INHIB = 'N';                                    
 3981                         CALL LINEOUT;                                   
 3982                         END;                                            
 3983                    ELSE DO;                                             
 3984                         BYTE_NUM = SUBSTR(ADVREC,M+7,1);                
 3985                         PUT STRING (OUTSTR) EDIT (WD2,WD2X,INTEGER)     
 3986                                                  (A,A,F(3));            
 3987                         CALL LINEOUT;                                   
 3988                         END;                                            
 3989                    END;                                                 
 3990               END;                                                      
 3991          ADVREC = ' ';                                                  
 3992          GO TO GETCMD;                                                  
 3993                                                                         
 3994  DLOCS:                                 /* DISPLAY DWARFS' LOCATIONS */ 
 3995          DO M = 1 TO 6;                                                 
 3996               PIC_VECTOR(M).PLOC = DLOC(M);                             
 3997          END;                                                           
 3998          OUTSTR = LOC_LINE;                                             
 3999          CALL LINEOUT;                                                  
 4000          GO TO GETCMD;                                                  
 4001                                                                         
 4002  HOURS:  IF YES(-10,-6,0)                                               
Aug 31, 2026  16:33     /***              ADVENTURE  -  PL/1 VERSION 4.0                  ***/                          
1.4.1                                               Source Listing                                           Page 70    
 4003          THEN DO;                                       /* SEE HOURS */ 
 4004               CALL HOURFMT;                                             
 4005               GO TO GETCMD;                                             
 4006               END;                                                      
 4007          IF ^YES(-11,-21,-7)                                            
 4008          THEN GO TO GETCMD;                                             
 4009          CALL GETIN(WD1,WD1X,WD2,WD2X);              /* CHANGE HOURS */ 
 4010          TIMES(1) = SUBSTR(WD1,1,4);                                    
 4011          TIMES(2) = SUBSTR(WD2,1,4);                                    
 4012          CALL GETIN(WD1,WD1X,WD2,WD2X);                                 
 4013          TIMES(3) = SUBSTR(WD1,1,4);                                    
 4014          TIMES(4) = SUBSTR(WD2,1,4);                                    
 4015          OPEN FILE (STORAGE) UPDATE;                                    
 4016          READ FILE (STORAGE) INTO (ADVREC);                             
 4017          IF NOSTG THEN GO TO NO_STORAGE;                                
 4018          DO M = 1 TO 4;                                                 
 4019               PW = TIMES(M);                                            
 4020               TEST_WORD = -TEST_WORD;                                   
 4021               SUBSTR(ADVREC,4781+M*4,4) = PW;                           
 4022          END;                                                           
 4023          REWRITE FILE (STORAGE) FROM (ADVREC);                          
 4024          CLOSE FILE (STORAGE);                                          
 4025          CALL LINESKP;                                                  
 4026          CALL MSPEAK(22);                                               
 4027          CALL HOURFMT;                                                  
 4028          GO TO GETCMD;                                                  
 4029                                                                         
 4030  EXPLORE:                        /* ZAP THE WIZARD TO A NEW LOCATION */ 
 4031          GET STRING (WD2) EDIT (L) (F(5));                              
 4032          IF L < 0 | L > 300                                             
 4033          THEN CALL RSPEAK(25);            /* INVALID LOCATION NUMBER */ 
 4034          ELSE DO;                                                       
 4035               LOC = L;                                                  
 4036               OLDLOC = 0;                                               
 4037               OLDLC2 = 0;                                               
 4038               CALL RSPEAK(205);                                         
 4039               END;                                                      
 4040          GO TO GETCMD;                                                  
 4041                                                                         
 4042  DUMP:                                             /* DROP AN OBJECT */ 
 4043          IF WD2 = ' '                                                   
 4044          THEN DO;                                                       
 4045               OUTSTR = 'OBJ?';                                          
 4046               CALL LINEOUT;                                             
 4047               CALL GETIN(WD1,WD1X,WD2,WD2X);                            
 4048               WD2 = WD1;                                                
 4049               END;                                                      
 4050          OBJ = VOCAB(WD2,-1);                                           
 4051          IF OBJ < 1001 | OBJ > 1100                                     
 4052          THEN DO;                                                       
 4053               IF OBJ = -1                                               
 4054               THEN CALL RSPEAK(60);                                     
 4055               ELSE CALL RSPEAK(12);                                     
 4056               GO TO GETCMD;                                             
 4057               END;                                                      
 4058          OBJ = OBJ - 1000;                                              
 4059          OUTSTR = 'LOC?';                                               
 4060          CALL LINEOUT;                                                  
Aug 31, 2026  16:33     /***              ADVENTURE  -  PL/1 VERSION 4.0                  ***/                          
1.4.1                                               Source Listing                                           Page 71    
 4061          CALL GETIN(WD1,WD1X,WD2,WD2X);                                 
 4062          GET STRING (WD1) EDIT (L) (F(5));                              
 4063          IF L < 0 | L > 300                                             
 4064          THEN DO;                                                       
 4065               CALL RSPEAK(25);            /* INVALID LOCATION NUMBER */ 
 4066               GO TO GETCMD;                                             
 4067               END;                                                      
 4068          CALL MOVE(OBJ,L);                            /* DUMP OBJECT */ 
 4069          CALL RSPEAK(205);                                              
 4070          GO TO GETCMD;                                                  
 4071                                                                         
 4072  DESCRIBE:                                    /* DESCRIBE A LOCATION */ 
 4073          GET STRING (WD2) EDIT (L) (F(5));                              
 4074          IF L < 0 | L > 300                                             
 4075          THEN DO;                                                       
 4076               CALL RSPEAK(25);            /* INVALID LOCATION NUMBER */ 
 4077               GO TO GETCMD;                                             
 4078               END;                                                      
 4079          IF L = 0                                                       
 4080          THEN DO;                                                       
 4081               PUT STRING (OUTSTR) EDIT (LOC) (F(3));                    
 4082               CALL LINEOUT;                                             
 4083               END;                                                      
 4084          ELSE CALL SPEAK(LTEXT(L));                                     
 4085          GO TO GETCMD;                                                  
 4086                                                                         
 4087  SETLOG:                                                                
 4088          LOGON = ^ LOGON;          /* TOGGLE SYSPRINT LOGGING SWITCH */ 
 4089          IF LOGON THEN CALL MSPEAK(42);          /* LOG ON */           
 4090                   ELSE CALL MSPEAK(43);          /* LOG OFF */          
 4091          GO TO GETCMD;                                                  
 4092                                                                         
 4093  ENCODE:                                          /* ENCODE DATABASE */ 
 4094          OPEN FILE (OBJECT) UPDATE;                                     
 4095          CARD# = 0;                                                     
 4096  RD1:    READ FILE (OBJECT) INTO (CARD);                                
 4097          IF EOCARD THEN GO TO SHUT1;                                    
 4098          CARD# = CARD# + 1;                                             
 4099  /*                                                                     
 4100       DATABASE IS DISGUISED AS AN OBJECT DECK:                          
 4101     ESD'S ARE REAL.  (COULD PROMOTE SECTION 4 TO TOP OF DECK & USE IT.) 
 4102     TXT'S ARE SECTIONS 1 TO 11.                                         
 4103     RLD'S ARE SECTION 12.                                               
 4104     END IS SECTION 0.                                                   
 4105                                                                         
 4106  */                                                                     
 4107          IF SUBSTR(CARD,1,1) = HEX02         /* IGNORE ENCODED CARDS */ 
 4108          THEN GO TO RD1;                                                
 4109          IF SUBSTR(CARD,6,11) = ' 12        '                           
 4110          THEN RLD = '1'B;                                               
 4111          SUBSTR(CARD,1,1) = HEX02;                                      
 4112          IF RLD                                                         
 4113          THEN IF SUBSTR(CARD,7,3) = ' 0 '                               
 4114               THEN DO;                                                  
 4115                    CALL DECDATE(YYDDD);  /* GET DATE IN YYDDD FORMAT */ 
 4116                    SUBSTR(CARD,2,1) = SUBSTR(XLATEFR,5,1);              
 4117                    SUBSTR(CARD,3,1) = SUBSTR(XLATEFR,14,1);             
 4118                    SUBSTR(CARD,4,1) = SUBSTR(XLATEFR,4,1);              
Aug 31, 2026  16:33     /***              ADVENTURE  -  PL/1 VERSION 4.0                  ***/                          
1.4.1                                               Source Listing                                           Page 72    
 4119                    YDPIC = YYDDD;                                       
 4120                    SUBSTR(CARD,33,6) = '15734-';                        
 4121                    SUBSTR(CARD,39,1) = SUBSTR(XLATEFR,16,1);            
 4122                    SUBSTR(CARD,40,1) = SUBSTR(XLATEFR,12,1);            
 4123                    SUBSTR(CARD,41,7) = '1  0400';                       
 4124                    SUBSTR(CARD,48,5) = YDPIC;                           
 4125                    END;                                                 
 4126               ELSE DO;                                                  
 4127                    SUBSTR(CARD,2,1) = SUBSTR(XLATEFR,18,1);             
 4128                    SUBSTR(CARD,3,1) = SUBSTR(XLATEFR,12,1);             
 4129                    SUBSTR(CARD,4,1) = SUBSTR(XLATEFR,4,1);              
 4130                    END;                                                 
 4131          ELSE DO;                                                       
 4132               SUBSTR(CARD,2,1) = SUBSTR(XLATEFR,20,1);                  
 4133               SUBSTR(CARD,3,1) = SUBSTR(XLATEFR,24,1);                  
 4134               SUBSTR(CARD,4,1) = SUBSTR(XLATEFR,20,1);                  
 4135               END;                                                      
 4136          IF SUBSTR(CARD,2,2) = 'EN'                                     
 4137          THEN COLS(4) = -COLS(4);                                       
 4138          ELSE DO I = 3 TO 36;                                           
 4139               IF SUBSTR(CARD,I*2-1,2) = ' '                             
 4140               THEN COLS(I) = 0;                                         
 4141               ELSE COLS(I) = -COLS(I);                                  
 4142               END;                                                      
 4143          IF SUBSTR(CARD,73,2) = '  '                                    
 4144          THEN SUBSTR(CARD,73,2) = 'PR';                                 
 4145          ELSE COLS(37) = -COLS(37);                                     
 4146          IF SUBSTR(CARD,75,2) = '  '                                    
 4147          THEN SUBSTR(CARD,75,2) = 'OG';                                 
 4148          ELSE COLS(38) = -COLS(38);                                     
 4149          IF SUBSTR(CARD,77,2) = '  '                                    
 4150          THEN SUBSTR(CARD,77,2) = SUBSTR(SEQ#,1,2);                     
 4151          ELSE COLS(39) = -COLS(39);                                     
 4152          IF SUBSTR(CARD,79,2) = '  '                                    
 4153          THEN SUBSTR(CARD,79,2) = SUBSTR(SEQ#,3,2);                     
 4154          ELSE COLS(40) = -COLS(40);                                     
 4155          REWRITE FILE (OBJECT) FROM (CARD);                             
 4156          GO TO RD1;                                                     
 4157  SHUT1:  CLOSE FILE (OBJECT);                                           
 4158          EOCARD = '0'B;                                                 
 4159          CALL RSPEAK(205);                                              
 4160          GO TO GETCMD;                                                  
 4161                                                                         
 4162  DECODE:                              /* DECODE DATABASE FOR EDITING */ 
 4163          OPEN FILE (OBJECT) UPDATE;                                     
 4164  RD2:    READ FILE (OBJECT) INTO (CARD);                                
 4165          IF EOCARD THEN GO TO SHUT2;                                    
 4166          IF SUBSTR(CARD,2,2) = 'ES'              /* IGNORE ESD CARDS */ 
 4167          THEN GO TO RD2;                                                
 4168          IF SUBSTR(CARD,1,1) = HEX02         /* IGNORE DECODED CARDS */ 
 4169          THEN CALL REVERT;                                              
 4170          REWRITE FILE (OBJECT) FROM (CARD);                             
 4171          GO TO RD2;                                                     
 4172  SHUT2:  CLOSE FILE (OBJECT);                                           
 4173          EOCARD = '0'B;                                                 
 4174          CALL RSPEAK(205);                                              
 4175          GO TO GETCMD;                                                  
 4176                                                                         
Aug 31, 2026  16:33     /***              ADVENTURE  -  PL/1 VERSION 4.0                  ***/                          
1.4.1                                               Source Listing                                           Page 73    
 4177  SAUCE:                                                                 
 4178          OPEN FILE (SOURCE) UPDATE;                                     
 4179  RD3:    READ FILE (SOURCE) INTO (CARD);                                
 4180          IF EOCARD THEN GO TO SHUT3;                                    
 4181          DO I = 1 TO 40;                                                
 4182               IF SUBSTR(CARD,I*2-1,2) = ' '                             
 4183               THEN COLS(I) = 0;                                         
 4184               ELSE DO;                                                  
 4185                    IF COLS(I) = 0                                       
 4186                    THEN SUBSTR(CARD,I*2-1,2) = ' ';                     
 4187                    ELSE COLS(I) = -COLS(I);                             
 4188                    END;                                                 
 4189               END;                                                      
 4190          REWRITE FILE (SOURCE) FROM (CARD);                             
 4191          GO TO RD3;                                                     
 4192  SHUT3:  CLOSE FILE (SOURCE);                                           
 4193          EOCARD = '0'B;                                                 
 4194          CALL RSPEAK(205);                                              
 4195          GO TO GETCMD;                                                  
 4196                                                                         
 4197  HISTORY:                           /* DISPLAY PROGRAM & D/B HISTORY */ 
 4198          OPEN FILE (OBJECT) INPUT;                                      
 4199  RD4:    READ FILE (OBJECT) INTO (CARD);                                
 4200          IF EOCARD THEN GO TO SHUT4;                                    
 4201          IF SUBSTR(CARD,2,2) = 'EN'                                     
 4202          THEN DO;                                                       
 4203               OUTSTR = 'DB: V' || SUBSTR(CARD,44,2) || '.' ||           
 4204                   SUBSTR(CARD,46,2) || ' last updated on ' ||           
 4205                   SUBSTR(CARD,48,2) || '.' || SUBSTR(CARD,50,3) ||      
 4206                   ' and has ' || SUBSTR(CARD,77,4) || ' cards';         
 4207               CALL LINEOUT;                                             
 4208               END;                                                      
 4209          ELSE GO TO RD4;                                                
 4210  SHUT4:  CLOSE FILE (OBJECT);                                           
 4211          EOCARD = '0'B;                                                 
 4212          OUTSTR = 'Program was compiled on ' || MACROTIME;              
 4213          CALL LINEOUT;                                                  
 4214          GO TO GETCMD;                                                  
 4215                                                                         
 4216  SEND:                                               /* SEND MESSAGE */ 
 4217          OPEN FILE (STORAGE) UPDATE;                                    
 4218          DO I = 1 TO 2;                                                 
 4219               READ FILE (STORAGE) INTO (ADVREC);                        
 4220               IF NOSTG THEN GO TO NO_STORAGE;                           
 4221          END;                                                           
 4222          CALL MSPEAK(23);                                               
 4223          DO J = 0 TO 79;                                                
 4224               CARD = SUBSTR(ADVREC,J*80+1,80);                          
 4225               IF SUBSTR(CARD,1,1) ^= ' '                                
 4226               THEN DO;                                                  
 4227                    DO L = 1 TO 40;                                      
 4228                    COLS(L) = -COLS(L);                                  
 4229                    END;                                                 
 4230                    IF WD2 = ' '                                         
 4231                    THEN IF SUBSTR(CARD,80,1) ^= '*' THEN GO TO NXT_J;   
 4232                         ELSE;                                           
 4233                    ELSE IF SUBSTR(CARD,73,7) ^= WD2 || SUBSTR(WD2X,1,2) 
 4234                         THEN GO TO NXT_J;                               
Aug 31, 2026  16:33     /***              ADVENTURE  -  PL/1 VERSION 4.0                  ***/                          
1.4.1                                               Source Listing                                           Page 74    
 4235                    END;                                                 
 4236               OUTSTR = SUBSTR(CARD,1,79);                               
 4237  SEND_RETRY:  CALL LINEOUT;                                             
 4238  SENDRD:      CALL TREAD(INSTR,0,INSTR,INLEN,CCODE);                    
 4239               IF CCODE = 14 THEN GO TO SEND_RETRY;                      
 4240               IF CCODE = 3 THEN GO TO DSPTCH;                           
 4241               IF INLEN > 79                                             
 4242               THEN DO;                                                  
 4243                    CALL MSPEAK(24);                                     
 4244                    GO TO SENDRD;                                        
 4245                    END;                                                 
 4246               IF INLEN > 0                                              
 4247               THEN SUBSTR(CARD,1,INLEN) = SUBSTR(INSTR,1,INLEN);        
 4248               IF WD2 = ' '                                              
 4249               THEN SUBSTR(CARD,80,1) = '*';                             
 4250               ELSE SUBSTR(CARD,73,8) = WD2 || SUBSTR(WD2X,1,3);         
 4251               DO L = 1 TO 40;                                           
 4252                    COLS(L) = -COLS(L);                                  
 4253                    END;                                                 
 4254               SUBSTR(ADVREC,J*80+1,80) = CARD;                          
 4255  NXT_J:  END;                                                           
 4256          CALL MSPEAK(25);                                               
 4257  DSPTCH: REWRITE FILE (STORAGE) FROM (ADVREC);                          
 4258          CLOSE FILE (STORAGE);                                          
 4259          CALL RSPEAK(205);                                              
 4260          GO TO GETCMD;                                                  
 4261                                                                         
 4262  PUTBLNK:                 /* INCREASE MAX # OF SIMIULT. STORED GAMES */ 
 4263          GET STRING (WD2) EDIT (M) (F(5));                              
 4264          INHIB = 'Y';                                                   
 4265          CALL MSPEAK(48);               /* ADDING TO MOD FILE, OKAY? */ 
 4266          SUBSTR(OUTSTR,8,5) = WD2;                                      
 4267          INHIB = 'N';                                                   
 4268          CALL LINEOUT;                                                  
 4269          CALL GETIN(REPLY,JUNK1,JUNK2,JUNK3);                           
 4270          IF SUBSTR(REPLY,1,1) = 'N'                                     
 4271          THEN GO TO GETCMD;                                             
 4272          ADVREC = ' ';                                                  
 4273          OPEN FILE (STORAGE) OUTPUT;                                    
 4274          DO I = 1 TO M;                                                 
 4275               WRITE FILE (STORAGE) FROM (ADVREC);                       
 4276          END;                                                           
 4277          CLOSE FILE (STORAGE);                                          
 4278          CALL RSPEAK(205);                                              
 4279          GO TO GETCMD;                                                  
 4280                                                                         
 4281  ADDUSER:                      /* AUTHORIZE A USER TO PLAY ADVENTURE */ 
 4282          OPEN FILE (STORAGE) UPDATE;                                    
 4283          READ FILE (STORAGE) INTO (ADVREC);                             
 4284          IF NOSTG THEN GO TO NO_STORAGE;                                
 4285          PW = SUBSTR(WD2,1,4);                                          
 4286          TEST_WORD = -TEST_WORD;                                        
 4287          SUBSTR(MSGUID,1,4) = PW;                                       
 4288          PW = SUBSTR(WD2,5,1) || SUBSTR(WD2X,1,3);                      
 4289          TEST_WORD = -TEST_WORD;                                        
 4290          SUBSTR(MSGUID,5,4) = PW;                                       
 4291          DO I = 0 TO 599;                                               
 4292               IF SUBSTR(ADVREC,I*8+1,7) = SUBSTR(MSGUID,1,7)            
Aug 31, 2026  16:33     /***              ADVENTURE  -  PL/1 VERSION 4.0                  ***/                          
1.4.1                                               Source Listing                                           Page 75    
 4293               THEN DO;                                                  
 4294                    M = 36;                                              
 4295                    GO TO ADDEND;                                        
 4296                    END;                                                 
 4297               IF SUBSTR(ADVREC,I*8+1,8) = ' '                           
 4298               THEN DO;                                                  
 4299                    SUBSTR(ADVREC,I*8+1,7) = SUBSTR(MSGUID,1,7);         
 4300                    SUBSTR(ADVREC,I*8+8,1) = LOW(1);                     
 4301                    REWRITE FILE (STORAGE) FROM (ADVREC);                
 4302                    M = 39;                                              
 4303                    GO TO ADDEND;                                        
 4304                    END;                                                 
 4305          END;                                                           
 4306          M = 37;                                                        
 4307  ADDEND: CLOSE FILE (STORAGE);                                          
 4308          CALL MSPEAK(M);                                                
 4309          GO TO GETCMD;                                                  
 4310                                                                         
 4311  DELUSER:                         /* WITHDRAW A USER'S AUTHORIZATION */ 
 4312          OPEN FILE (STORAGE) UPDATE;                                    
 4313          READ FILE (STORAGE) INTO (ADVREC);                             
 4314          IF NOSTG THEN GO TO NO_STORAGE;                                
 4315          PW = SUBSTR(WD2,1,4);                                          
 4316          TEST_WORD = -TEST_WORD;                                        
 4317          SUBSTR(MSGUID,1,4) = PW;                                       
 4318          PW = SUBSTR(WD2,5,1) || SUBSTR(WD2X,1,3);                      
 4319          TEST_WORD = -TEST_WORD;                                        
 4320          SUBSTR(MSGUID,5,4) = PW;                                       
 4321          DO I = 0 TO 597;                                               
 4322               IF SUBSTR(ADVREC,I*8+1,7) = SUBSTR(MSGUID,1,7)            
 4323               THEN DO;                                                  
 4324                    SUBSTR(ADVREC,I*8+1,8) = ' ';                        
 4325                    CALL MSPEAK(38);                       /* DELETED */ 
 4326                    END;                                                 
 4327          END;                                                           
 4328          REWRITE FILE (STORAGE) FROM (ADVREC);                          
 4329          CLOSE FILE (STORAGE);                                          
 4330          MSGUID = WD2 || SUBSTR(WD2X,1,3);                              
 4331          CALL GETMSGS(MSGUID,'M');                                      
 4332          CALL RSPEAK(205);                                              
 4333          GO TO GETCMD;                                                  
 4334                                                                         
 4335  NO_STORAGE:                                                            
 4336          CLOSE FILE (STORAGE);                                          
 4337          CALL MSPEAK(35);                                               
 4338          NOSTG = '0'B;                                                  
 4339          GO TO GETCMD;                                                  
 4340                                                                         
 4341  ACTION:                                           /* LET'S GO PLAY! */ 
 4342          CALL CLRSCRN;                                                  
 4343          CALL MSPEAK(7);                                                
 4344          RETURN;                                                        
 4345                                                                         
 4346          END WIZPROC;                                                   
 4347                                                                         
 4348  DEMOCHK: PROCEDURE;                                                    
 4349                                                                         
 4350          IF TTYPE = 'T'                                                 
Aug 31, 2026  16:33     /***              ADVENTURE  -  PL/1 VERSION 4.0                  ***/                          
1.4.1                                               Source Listing                                           Page 76    
 4351          THEN DO;                                                       
 4352               CALL MSPEAK(3);                                           
 4353               CALL HOURFMT;                                             
 4354               GO TO DEMO;                                               
 4355               END;                                                      
 4356          CALL MSPEAK(4);                                                
 4357          IF YES(-16,0,0)                                                
 4358          THEN DO;                                                       
 4359               CALL WIZPROC;                                             
 4360               GO TO L31;                                                
 4361               END;                                                      
 4362  DEMO:   DEMOGM = YES(-5,-7,-7);                    /* NOT A WIZARD */  
 4363          CALL LINESKP;                                                  
 4364          IF ^DEMOGM THEN GO TO DEALLOC;                                 
 4365          TURNS = TURNS + 1;                                             
 4366          RETURN;                                                        
 4367          END DEMOCHK;                                                   
 4368                                                                         
 4369                                                                         
 4370  PUTBACK: PROCEDURE;                                                    
 4371                                                                         
 4372  /*                                                                     
 4373          RESTORE SUSPENDED GAME:                                        
 4374          CARD# IS USED TO COUNT NUMBER OF SAVED GAMES THIS USER HAS     
 4375          ADVREC IS USED AS A TEMPORARY STORAGE AREA                     
 4376            BYTES  1 -> 8      ENCODED USERID                            
 4377            BYTES  9 -> 16     NAME OF GAME                              
 4378            BYTES 17 -> 24     ENCODED NAME OF GAME                      
 4379  */                                                                     
 4380                                                                         
 4381          CARD# = 0;                                                     
 4382          SUBSTR(ADVREC,1,8) = USERID;                                   
 4383          SUBSTR(ADVREC,9,8) = WD2 || SUBSTR(WD2X,1,3);                  
 4384          IF WD2 = ' '                                                   
 4385          THEN SUBSTR(ADVREC,17,8) = LOW(8);                             
 4386          ELSE DO;                                                       
 4387               PW = SUBSTR(ADVREC,9,4);                                  
 4388               TEST_WORD = -TEST_WORD;                                   
 4389               SUBSTR(ADVREC,17,4) = PW;                                 
 4390               PW = SUBSTR(ADVREC,13,4);                                 
 4391               TEST_WORD = -TEST_WORD;                                   
 4392               SUBSTR(ADVREC,21,4) = PW;                                 
 4393               END;                                                      
 4394          OPEN FILE (STORAGE) UPDATE;                                    
 4395          STGREC = 0;
 4396  BRWSE:  READ FILE (STORAGE) INTO (ADVARS);                             
 4397          STGREC = STGREC + 1;
 4398          IF NOSTG                                                       
 4399          THEN DO;                                                       
 4400               CLOSE FILE (STORAGE);                                     
 4401               CALL CLRSCRN;                                             
 4402               CALL MSPEAK(47);           /* SUSPENDED GAME NOT FOUND */ 
 4403               INHIB = 'Y';                                              
 4404               CALL MSPEAK(49);       /* REPORT NUMBER OF GAMES FOUND */ 
 4405               SUBSTR(OUTSTR,1,4) = SEQ#;                                
 4406               SUBSTR(OUTSTR,22,8) = TSOID;                              
 4407               CALL LINEOUT;                                             
 4408               IF SUBSTR(ADVREC,9,1) ^= ' '         /* NAME WAS GIVEN */ 
Aug 31, 2026  16:33     /***              ADVENTURE  -  PL/1 VERSION 4.0                  ***/                          
1.4.1                                               Source Listing                                           Page 77    
 4409               THEN DO;                                                  
 4410                    INHIB = 'Y';                                         
 4411                    CALL MSPEAK(50);                /* GAME NOT SAVED */ 
 4412                    SUBSTR(OUTSTR,1,8) = SUBSTR(ADVREC,9,8);             
 4413                    SUBSTR(OUTSTR,29,8) = TSOID;                         
 4414                    INHIB = 'N';                                         
 4415                    CALL LINEOUT;                                        
 4416                    END;                                                 
 4417               CALL LINESKP;                                             
 4418               GOTO DEALLOC;                                             
 4419               END;                                                      
 4420          IF USERID ^= SUBSTR(ADVREC,1,8) THEN GO TO BRWSE;              
 4421          CARD# = CARD# + 1;                                             
 4422          IF NAME ^= SUBSTR(ADVREC,17,8) THEN GO TO BRWSE;               
 4423                                                                         
 4424          IF VERSION ^= 'V4.0'                      /*** FOUND GAME ***/ 
 4425          THEN DO;                            /** INCOMPATIBLE LEVEL **/ 
 4426               CLOSE FILE (STORAGE);                                     
 4427               CALL MSPEAK(46);                                          
 4428               CALL LINESKP;                                             
 4429               GOTO DEALLOC;                                             
 4430               END;                                                      
 4431          IF DATE_PIC = TODAY                                            
 4432          THEN DO;                        /* GAME WAS SUSPENDED TODAY */ 
 4433               IF PIC_HHMM - HHMM < 100                                  
 4434               THEN DO;                      /* LESS THAN AN HOUR AGO */ 
 4435                    CLOSE FILE (STORAGE);                                
 4436                    CALL CLRSCRN;                                        
 4437                    CALL MSPEAK(2);                                      
 4438                    CALL MSPEAK(9);                                      
 4439                    CALL LINESKP;                                        
 4440                    GOTO DEALLOC;                                        
 4441                    END;                                                 
 4442               IF PIC_HHMM - HHMM < 200 & ^ WIZARD                       
 4443               THEN DO;                      /* LESS THAN 2 HOURS AGO */ 
 4444                    CLOSE FILE (STORAGE);                                
 4445                    CALL CLRSCRN;                                        
 4446                    CALL MSPEAK(8);                                      
 4447                    CALL MSPEAK(9);                                      
 4448                    CALL LINESKP;                                        
 4449                    GOTO DEALLOC;                                        
 4450                    END;                                                 
 4451               END;                                                      
 4452          ADVREC = ' ';                                                  
 4453          CALL STGWR(STGREC, ADDR(ADVREC));
 4454          CLOSE FILE (STORAGE);                                          
 4455          INHIB = 'Y';                                                   
 4456          CALL MSPEAK(51);                    /* REPORT RESTORE STATS */ 
 4457          PUT STRING (INSTR) EDIT (SUSPEND#,TURNS,ELAPSED)               
 4458                                          (F(3),F(4),F(4));              
 4459          SUBSTR(OUTSTR,12,3) = SUBSTR(INSTR,1,3);                       
 4460          SUBSTR(OUTSTR,21,4) = SUBSTR(INSTR,4,4);                       
 4461          SUBSTR(OUTSTR,34,4) = SUBSTR(INSTR,8,4);                       
 4462          INHIB = 'N';                                                   
 4463          CALL LINEOUT;                                                  
 4464          CALL LINESKP;                                                  
 4465          CARD# = 0;                                                     
 4466          RETURN;                                                        
Aug 31, 2026  16:33     /***              ADVENTURE  -  PL/1 VERSION 4.0                  ***/                          
1.4.1                                               Source Listing                                           Page 78    
 4467          END PUTBACK;                                                   
 4468                                                                         
 4469  GETMSGS: PROCEDURE (UID,X);                                            
 4470                                                                         
 4471          DCL UID   CHARACTER(8);                                        
 4472          DCL X     CHARACTER(1);                                        
 4473          DCL UPDTE CHARACTER(1);                                        
 4474                                                                         
 4475  /*                                                                     
 4476        UPDTE SAYS WHETHER THE MESSAGE RECORD HAS TO BE REWRITTEN.       
 4477        X: A - ALL MESSAGES                    (MAIL, NOTICES)           
 4478           B - BROADCAST MESSAGES ONLY         (NOMAIL, NOTICES)         
 4479           M - MAIL ONLY                       (MAIL, NONOTICES)         
 4480           W - WIZARD LISTING MSG USE  (EVERYBODY'S MAIL, NOTICES)       
 4481                                                                      */ 
 4482                                                                         
 4483          UPDTE = 'N';                                                   
 4484          OPEN FILE (STORAGE) UPDATE;                                    
 4485          DO J = 1 TO 2;                                                 
 4486               READ FILE (STORAGE) INTO (ADVREC);                        
 4487               IF NOSTG                                                  
 4488               THEN DO;                                                  
 4489                    NOSTG = '0'B;                                        
 4490                    CLOSE FILE (STORAGE);                                
 4491                    IF J = 1                                             
 4492                    THEN CALL MSPEAK(34);               /* EMPTY FILE */ 
 4493                    ELSE CALL MSPEAK(35);               /* NO STORAGE */ 
 4494                    RETURN;                                              
 4495                    END;                                                 
 4496          END;                                                           
 4497          DO J = 0 TO 59;                                                
 4498               CARD = SUBSTR(ADVREC,J*80+1,80);                          
 4499               IF SUBSTR(CARD,1,1) = ' ' THEN GO TO NOMAIL; /* NEXT J */ 
 4500               DO L = 1 TO 40;                                           
 4501                    COLS(L) = -COLS(L);                                  
 4502                    END;                                                 
 4503               IF X = 'M' THEN GO TO MAIL;                               
 4504               IF SUBSTR(CARD,80,1) = '*' |     /* BROADCAST MESSAGES */ 
 4505                 (X = 'W' & SUBSTR(CARD,73,1) ^= ' ')  /* ALL FOR WIZ */ 
 4506               THEN DO;                                                  
 4507                    OUTSTR = SUBSTR(CARD,1,79);                          
 4508                    CALL LINEOUT;                                        
 4509                    END;                                                 
 4510               IF X = 'B' THEN GO TO NOMAIL;       /* NOTICES, NOMAIL */ 
 4511  MAIL:        IF SUBSTR(CARD,73,7) = SUBSTR(UID,1,7)                    
 4512               THEN DO;                                                  
 4513                    OUTSTR = SUBSTR(CARD,1,72);                          
 4514                    CALL LINEOUT;                                        
 4515                    SUBSTR(ADVREC,J*80+1,80) = ' ';                      
 4516                    UPDTE = 'Y';                                         
 4517                    END;                                                 
 4518  NOMAIL:      END;                                                      
 4519          IF UPDTE = 'Y'                                                 
 4520          THEN REWRITE FILE (STORAGE) FROM (ADVREC);                     
 4521          CLOSE FILE (STORAGE);                                          
 4522          RETURN;                                                        
 4523                                                                         
 4524          END GETMSGS;                                                   
Aug 31, 2026  16:33     /***              ADVENTURE  -  PL/1 VERSION 4.0                  ***/                          
1.4.1                                               Source Listing                                           Page 79    
 4525                                                                         
 4526   /*  CONVERT THE SUPPLIED DATE TO AN EDCDIC STRING OF FORM:         */ 
 4527   /*  WWWWWW---  DD MMM------ YYYY    EX:  FRIDAY  31 DECEMBER 1999  */ 
 4528   /*  ZELLERS CONGRUENCE FORMULA IS USED TO DETERMINE THE DAY OF THE */ 
 4529   /*  WEEK: INDEX-INTO-WEEKDAY-NAME-TABLE (0-6) =                    */ 
 4530   /*    MOD((MM-2) * 2.6 - 0.2 + DD + YY + (CC/4) - (CC * 2)),7)     */ 
 4531   /*  NOTE: INTEGER ARITHMETIC IS USED IN ALL CALCULATIONS THUS      */ 
 4532   /*        DROPPING ANY FRACTIONS/REMAINDERS                        */ 
 4533                                                                         
 4534  THISDAY: PROCEDURE (RSTRING);                                          
 4535                                                                         
 4536     DCL RSTRING                  CHARACTER(133)  VARYING;               
 4537     DCL DAY                      FIXED DEC(3,0),                        
 4538         MONTH                    CHARACTER  (9)  VARYING,               
 4539         YEAR                     FIXED DEC(5,0),                        
 4540         (IM, MM, DD, CC, YY)     FIXED BIN(15,0);                       
 4541     DCL (WORKBIN1, WORKBIN2, WORKBIN3, WORKBIN4) FIXED BIN (15,0);      
 4542                                                                         
 4543     YY = PIC_YEAR;                                                      
 4544     IM = PIC_MONTH;                                                     
 4545     DAY = PIC_DAY;                                                      
 4546     MONTH = CMONTH(IM);          /* EBCDIC MONTH            */          
 4547                                                                         
 4548    /*   ZELLERS CONGRUENCE USED TO DETERMINE DAY OF WEEK            */  
 4549     DD = DAY;                                                           
 4550     CC = YY / 100;           /* CENTURY       */                        
 4551     YY = YY - (CC * 100);    /* YEAR IN CENTURY */                      
 4552     MM = IM - 2;                                                        
 4553     IF MM <= 0 THEN                                                     
 4554     DO;                                                                 
 4555       MM = MM + 12;          /* MONTHS + 12   */                        
 4556       YY = YY - 1;           /* YEAR - 1      */                        
 4557       IF YY < 0 THEN                                                    
 4558       DO;                                                               
 4559         YY = 99;                                                        
 4560         CC = CC - 1;         /* CENTURY - 1   */                        
 4561       END;                                                              
 4562     END;                                                                
 4563     WORKBIN1 = (((MM * 26) - 2) / 10);                                  
 4564     WORKBIN2 = (YY / 4);                                                
 4565     WORKBIN3 = (CC / 4);                                                
 4566     WORKBIN4 = (CC * 2);                                                
 4567     DAY# = MOD((WORKBIN1 + DD + YY + WORKBIN2 + WORKBIN3 - WORKBIN4),7);
 4568     PUT STRING(RSTRING) EDIT(WEEK_DAY(DAY#),DAY,MONTH,PIC_YEAR)         
 4569                             (A,P'Z9',X(1),A,X(1),A);                    
 4570                                                                         
 4571     END THISDAY;                                                        
 4572                                                                         
 4573  SCANSTG: PROCEDURE;                                                    
 4574                                                                         
 4575          OPEN FILE (STORAGE) UPDATE;                                    
 4576          READ FILE (STORAGE) INTO (ADVREC);                             
 4577          IF NOSTG                                                       
 4578          THEN DO;                                                       
 4579               CLOSE FILE (STORAGE);                                     
 4580               CALL MSPEAK(34);                         /* EMPTY FILE */ 
 4581               RETURN;                                                   
 4582               END;                                                      
Aug 31, 2026  16:33     /***              ADVENTURE  -  PL/1 VERSION 4.0                  ***/                          
1.4.1                                               Source Listing                                           Page 80    
 4583          DO M = 0 TO 74;                                                
 4584               OUTSTR = SUBSTR(ADVREC,M*64+1,64);                        
 4585               DO KQ = 0 TO 7;                                           
 4586                    IF SUBSTR(OUTSTR,KQ*8+1,1) ^= ' '                    
 4587                    THEN DO;                                             
 4588                         PW = SUBSTR(OUTSTR,KQ*8+1,4);                   
 4589                         TEST_WORD = -TEST_WORD;                         
 4590                         SUBSTR(OUTSTR,KQ*8+1,4) = PW;                   
 4591                         IF M = 74 & (KQ = 6 | KQ = 7)                   
 4592  /* HOURS */            THEN DO;                                        
 4593                              PW = SUBSTR(OUTSTR,KQ*8+5,4);              
 4594                              TEST_WORD = -TEST_WORD;                    
 4595                              SUBSTR(OUTSTR,KQ*8+5,4) = PW;              
 4596                              END;                                       
 4597  /* USERS */            ELSE DO;                                        
 4598                              PW = SUBSTR(OUTSTR,KQ*8+5,3) || ' ';       
 4599                              TEST_WORD = -TEST_WORD;                    
 4600                              SUBSTR(PW,4,1) = ' ';                      
 4601                              SUBSTR(OUTSTR,KQ*8+5,4) = PW;              
 4602                              END;                                       
 4603                         END;                                            
 4604                    END;                                                 
 4605               IF OUTSTR ^= ' ' THEN CALL LINEOUT;                       
 4606               END;                                                      
 4607          READ FILE (STORAGE) INTO (ADVREC);                             
 4608          IF NOSTG THEN GO TO LOOPND;                                    
 4609          CARD = SUBSTR(ADVREC,1,80);     /* FIRST BIT OF MSG RECORD */  
 4610          IF CARD ^= ' '                                                 
 4611          THEN DO L = 1 TO 40;                                           
 4612               COLS(L) = -COLS(L);                                       
 4613               END;                                                      
 4614          OUTSTR = SUBSTR(CARD,1,79);                                    
 4615          CALL LINEOUT;                                                  
 4616          ADVREC = ' ';                                                  
 4617          CALL GETIN(REPLY,JUNK1,JUNK2,JUNK3);                           
 4618          L = VOCAB(REPLY,-1);                                           
 4619          IF SUBSTR(REPLY,1,3) = 'DEL' | L =1028 | L = 2012              
 4620          THEN DO;                                                       
 4621               REWRITE FILE (STORAGE) FROM (ADVREC);                     
 4622               CALL MSPEAK(38);                            /* DELETED */ 
 4623               CALL LINESKP;                                             
 4624               END;                                                      
 4625  RDLOOP: READ FILE (STORAGE) INTO (ADVARS);                             
 4626          IF NOSTG THEN GO TO LOOPND;                                    
 4627          IF USERID = ' '                                                
 4628          THEN DO;                                                       
 4629               CALL MSPEAK(44);                       /* EMPTY RECORD */ 
 4630               GO TO RDLOOP;                                             
 4631               END;                                                      
 4632          PW = SUBSTR(USERID,1,4);                                       
 4633          TEST_WORD = -TEST_WORD;                                        
 4634          SUBSTR(TSOID,1,4) = PW;                                        
 4635          PW = SUBSTR(USERID,5,4);                                       
 4636          TEST_WORD = -TEST_WORD;                                        
 4637          SUBSTR(TSOID,5,4) = SUBSTR(PW,1,3) || SUBSTR(USERID,8,1);      
 4638          PW = SUBSTR(NAME,1,4);                                         
 4639          TEST_WORD = -TEST_WORD;                                        
 4640          SUBSTR(TEMPNAME,1,4) = PW;                                     
Aug 31, 2026  16:33     /***              ADVENTURE  -  PL/1 VERSION 4.0                  ***/                          
1.4.1                                               Source Listing                                           Page 81    
 4641          PW = SUBSTR(NAME,5,4);                                         
 4642          TEST_WORD = -TEST_WORD;                                        
 4643          SUBSTR(TEMPNAME,5,4) = PW;                                     
 4644          DATE_PIC = TODAY;                                              
 4645          PIC_HHMM = HHMM;                                               
 4646          SUBSTR(PUTDATE,1,4) = SUBSTR(DATE_STG,1,4);                    
 4647          SUBSTR(PUTDATE,6,2) = SUBSTR(DATE_STG,5,2);                    
 4648          SUBSTR(PUTDATE,9,2) = SUBSTR(DATE_STG,7,2);                    
 4649          SUBSTR(PUTHHMM,1,2) = SUBSTR(DATE_STG,9,2);                    
 4650          SUBSTR(PUTHHMM,4,2) = SUBSTR(DATE_STG,11,2);                   
 4651          PUT STRING (OUTSTR) EDIT (TSOID,TEMPNAME,' suspend no.',       
 4652          SUSPEND#,' on ',PUTDATE,' at ',PUTHHMM,' at location ',LOC)    
 4653           (A,A,A,F(2),A,A,A,A,A,F(3));                                  
 4654          CALL LINEOUT;                                                  
 4655          PUT STRING (OUTSTR) EDIT ('   after',ELAPSED,' minutes and',   
 4656          TURNS,' turns?') (A,F(4),A,F(4),A);                            
 4657          IF DEMOGM THEN OUTSTR = OUTSTR || '?';                         
 4658          IF WIZARD THEN OUTSTR = OUTSTR || '!';                         
 4659          CALL LINEOUT;                                                  
 4660          CALL GETIN(REPLY,JUNK1,JUNK2,JUNK3);                           
 4661          L = VOCAB(REPLY,-1);                                           
 4662          IF L = 2027 THEN GO TO RDLOOP;   /* DO NOT UPDATE DISK FILE */ 
 4663          IF L = 57 | L = 2001                                           
 4664          THEN DO;                                                       
 4665               CLOSE FILE (STORAGE);                                     
 4666               RETURN;                                                   
 4667               END;                                                      
 4668          IF SUBSTR(REPLY,1,3) = 'DEL' | L =1028 | L = 2012              
 4669          THEN DO;                                                       
 4670               REWRITE FILE (STORAGE) FROM (ADVREC);                     
 4671               CALL MSPEAK(38);                            /* DELETED */ 
 4672               CALL LINESKP;                                             
 4673               GO TO RDLOOP;                                             
 4674               END;                                                      
 4675          IF REPLY = 'DEMO '                                             
 4676          THEN DO;                  /* GAME CANNOT BE SUSPENDED AGAIN */ 
 4677               DEMOGM = '1'B;                                            
 4678               END;                                                      
 4679          IF REPLY = '^DEMO'                                             
 4680          THEN DO;                                   /* UNDO A "DEMO" */ 
 4681               DEMOGM = '0'B;                                            
 4682               END;                                                      
 4683          IF L = 2008                                                    
 4684          THEN DO;                               /* RESET WIZARD FLAG */ 
 4685               WIZARD = '0'B;                                            
 4686               END;                                                      
 4687          INSTR,JUNK1,JUNK2,JUNK3,REPLY,WD1,WD1X,WD2,WD2X = ' ';         
 4688          TKWORD = ' ';                                                  
 4689          OUTSTR = INSTR;                                                
 4690          REWRITE FILE (STORAGE) FROM (ADVARS);                          
 4691          CALL MSPEAK(7);                                                
 4692          CALL LINESKP;                                                  
 4693          GO TO RDLOOP;                                                  
 4694  LOOPND: CALL MSPEAK(45);                     /* END OF FILE REACHED */ 
 4695          CLOSE FILE (STORAGE);                                          
 4696          CALL LINESKP;                                                  
 4697          GOTO DEALLOC;                                                  
 4698          END SCANSTG;                                                   
Aug 31, 2026  16:33     /***              ADVENTURE  -  PL/1 VERSION 4.0                  ***/                          
1.4.1                                               Source Listing                                           Page 82    
 4699                                                                         
 4700  DEALLOC:                              /* DEALLOCATE FILES AND STOP. */ 
 4701      DDNAME = 'STORAGE ';                                               
 4702      CALL R062A10(PARMLIST);                                            
 4703      DDNAME = 'OBJECT  ';                                               
 4704      CALL R062A10(PARMLIST);                                            
 4705      CALL PLIRETC(0);                        /***  COND CODE 0000  ***/ 
 4706                                                                         
 4707      END PROGRAM;                                                       
 4708 

End of compilation. 
