301010367740
747455163720
721006127544
335367030100
613624045336
643344051736
613376464726
203035662100
513234364302
713104041312
647174566010
064246220222
721014170340
627036271500
723214172100
723215171500
647464067336
721014167100
677454464734
607457120350
627314570320
677354527100
202036320350
643124062322
667124061730
607355371432
053235672336
203515062500
617375167100
613377026100
723214520344
677375520346
703235671500
607455772734
621006134140
203114563744
627136327010
064246320220
727354771362
261014564176
020321232100
503314560746
625014764754
625014167100
627616066322
617236420304
727504061736
673075171712
203137070330
607354172322
677344067714
203635772744
203416267704
663135527032
051072430410
064246520222
203575772730
621304061352
721015667704
677117120312
663474520222
203275667756
203115762746
203236420322
671014264734
607457127010
064246620176
201011120310
677344772100
657355773500
737214172100
723214172100
667134167346
270101505156
202635772744
203314563500
613134367732
627464073702
713324060746
203635772500
713135464712
733124074736
727456362730
631340406424
341004020100
201004043330
607334571500
663134170100
633455766500
723214520314
663375771100
607354420346
617376261720
203635772744
203154562750
271345606424
201004020100
201004020100
201004020100
202635772516
713124070344
627476364734
635017167752
711015472706
655340406424
345010467500
747376520344
627035466362
203574167350
203515720342
727236437500
202517170312
203634571500
677444067336
270101505142
301012367732
627375662500
717134566746
203515720320
607554520302
663454560710
745000406424
305424040500
663376562100
737215171344
647354720304
627175167346
203054566336
735017167752
203035662100
723214567100
717515770346
270101505142
311011120346
627124067336
200101505142
315004064312
713125602032
051426420262
677524060744
625014360744
713635167316
203515062500
633375466336
737235663564
020321230552
202635772500
607454520302
663454560710
745014360744
713635167316
203515062500
020321230554
202635772500
607454520350
677364064312
607555166362
203056571310
627354562100
723364070322
617264072740
203515062500
020321230556
201016460726
627345602032
051427020100
623455770340
627105602032
051427120262
677524060744
625014566740
723625564302
673114562134
020321231140
202635772500
617035620346
627124072320
625014667730
663376764734
635640406424
311424052322
667124070302
717474571500
607464074736
725016473722
623115462500
747376571100
723216566704
715344352142
271072430534
216506127010
064246231100
423375662534
020321231146
202075464706
655340406424
311504054736
727444071706
677454520322
715000406424
305426620100
677536420336
631000406424
311524020340
677235672346
203235620010
064246233100
203335773312
020321231156
202224061736
727314467116
721014664734
621014167362
723215167316
270101505144
341013167752
203036262500
673376420306
607456274722
673164060734
747515064734
635340406424
311624054736
725014171312
203355772100
617036271362
647354720010
064246330100
663234764350
200101505146
305015464750
200101505146
311015770312
671000406424
315464067740
627354562100
020321231550
202635772500
617035667336
721016460726
625000406424
315524041312
617036571712
203635772500
607454520106
471340406424
315544053312
713055771712
203335762312
271004046336
673164062312
717076264740
723235767346
270101505146
335010271322
627145602032
051467020100
647464067336
721014120306
677356460722
673136227010
064246334500
203236320334
677504067740
627345602032
051506020222
721014367734
723035167346
350101505150
305004073736
671176420314
647505602032
051506220100
703536427010
064246431500
723536267100
677154620010
064246432100
723536267312
621015763314
200101505150
325015567754
625000406424
321544066736
733134420010
064246433500
547376520306
607344772100
723234520350
643124071720
627136420350
675000406424
321604064750
717135463134
020321232162
202515062744
625015171500
605014464746
637536372322
673164072320
647354720336
671017167752
711015462716
270101505152
301014366336
717124002032
051526120306
663376362710
200101505152
311004020100
202635772500
717074166740
627444072740
203515062500
623454164734
703236062500
607354420314
647354427134
270321206424
216506102032
051526320032
052214166314
202574174500
423376767032
050321220100
201004020100
202635772500
607454520334
677564064302
663144073702
745014467756
671016464312
203215766312
271004052320
647464064746
203235662312
627104060500
713036464312
710321271750
713035663712
203375662530
203236420322
715015464734
627104073722
723204061752
703055760744
623465620100
447504060740
703134171346
203036320322
631016367732
627375662500
667035362746
203215171432
053215766712
203214571312
270101505142
201072431432
051004020100
201004020262
677524771312
203516260754
627315464734
635016467736
203154171750
205004041702
671176420346
723376027134
271341505032
050101505152
321013167752
203056571334
203635772744
203155167316
627456320302
723514566740
723235663500
723215171500
633134172100
677144061736
677454464734
607515167734
270101505152
325012762712
673234527100
202635772500
623234420322
721014163702
647344120100
547376520336
613555167752
717317120356
627454520334
677504066712
607356420314
677444072320
625016264716
677456320336
630321243322
716265620100
547376520346
643376566310
203516274500
717375562750
643235663500
663136371500
623135560734
623235663530
203315165712
202174567740
643636364706
715340406424
325544006424
463136420332
625016362712
271345627100
202275662712
613375662500
617375667312
617514562100
723364072320
625016364322
673055767312
271345627032
051004020100
271345621650
304321221630
020321232556
202224061312
663234573312
203635772500
643036662500
637376472312
671017167752
713474566314
203275166330
627105620100
517075771312
203375662500
633376220350
643124064732
703314566712
673514571346
270321206424
473364070344
677055462732
203515067752
637204120100
433376272352
673036462730
745014667744
203635772500
445014467500
657355773500
605014662756
203515064734
637464060704
677536406424
703536472322
673164070312
677415462500
613034365500
723374762750
643136227100
202575772730
621017167752
203315165712
203334520350
675016471362
203515720344
627036371712
667055462432
053515062500
737376272320
663136371500
703234561712
715015763100
747376571100
667536464730
607514562100
613374474410
064246534100
523214520346
723455167316
203054563722
673464072336
203056571334
270101505152
345012464312
203334172306
641014272744
673464062336
737344060734
621014767712
715015772750
270101505154
301011767312
203374620350
643124066702
723075062746
203476460744
723464072336
203056571334
270101505154
305012464312
713124060744
627344772100
607357120330
627156427010
064246631100
447504066336
677276320330
647274520302
671015771310
647354171362
200101505154
315011567754
647354720350
643124070336
713516260722
721016262754
627035471500
605014367732
613235660750
647375620346
607154527100
202057120346
677334520352
673275667756
670321263336
713074520350
643124061336
677274360746
625015770312
673464067752
723574171310
203515720344
627554560730
203024071750
607236273702
745015167100
723214520334
677456464100
737035466134
020321233150
202236420322
715016467736
203114171326
203515720346
627125620100
445015067740
625017167752
203275667756
203215773500
623035663712
713376571500
647504064746
203515720356
607315306424
607455772734
621015167100
723214520310
607455327010
064246632500
445016760744
673134420362
677524102032
051546620222
721015171500
723375720310
607455320322
671015062744
625016467500
717134527010
064246633500
517376271362
261015062730
701015171500
677355474500
607554164730
607055462500
607504072320
625016372302
713504067714
203515062500
637035562534
020321233160
202236420322
715014566740
723625602032
051547120206
677334520302
637035167176
020321233540
201771667500
673376567100
647344061736
667334167310
374101505156
305011120306
607344067734
663620406424
335444020336
673124072320
647354720302
721014120350
647334527010
064246731500
417375566702
673104061736
673515167352
627464060714
723136220302
703414171312
673504062734
621005526500
723457120330
627036664734
635015772750
203515062500
663036372100
737376262100
677444072356
675340406424
335504060500
365007127160
203325771534
201013167752
203154166330
270321221630
020321233552
201012464312
203354171750
745015464750
723314520332
607344064746
203475720310
627315163720
723134420350
643036420346
677334567734
625016362734
721015064732
203334164730
261016464302
721015062432
053474562732
715016467500
643036662500
633376263736
723514567100
607055772750
203635772534
201000406424
335544052320
625015560734
203035674322
677536366362
203376062734
715016464312
203314572350
627445420304
727504060746
203214520310
677136320346
675304072320
625015462750
723136220120
747376506424
717215772730
621014166356
607636320306
643134365500
713136472744
671014162310
713136371712
715224062760
703315762312
715340406424
335564040746
203635772500
627356462744
203515062500
713375766530
203024070752
607235672100
667035620356
607315371500
727404072336
203635772530
203214167310
715017167752
203024062312
663234360750
624321273720
647514520314
663376762744
261014167310
203474174746
201051064530
202224766500
443036271362
261015060754
625017167752
203334572100
407314167176
211004052320
627344064312
203155462712
714321263344
677324072320
625016267736
665014171500
633455766500
723214520340
663034772712
270101505156
341013167752
711015062702
621015171500
717136060744
607514562100
633455766500
747376571100
673134365500
613624072320
625015462750
723136220304
677334227010
064246734500
407464074736
725015462702
733124072320
625015467734
627317120344
677375526100
747376520320
627036220302
671014574340
663376364736
671014262720
647354420362
677525627134
020321234140
202036320362
677524062344
677404072320
625014666336
737136220352
703375620350
643124061736
713416362500
677144072320
625015467734
627317120340
627456367734
261014120356
607455520362
627315467756
064254766336
735014664730
663464072320
625016267736
665344020250
643124062322
717514167350
203475772734
621015763100
613135466346
203454571736
727354471500
607076267746
715016464312
203236366302
673105406424
607354420350
643124061336
623624073302
673236364312
715344020222
671014167100
647356372302
673505420350
643124063330
677574571116
715016062750
607316320304
627175167100
723361505306
713636372302
663315175312
271004053720
627454520350
643124061336
623624063336
713334571330
745015460762
261016464312
713124064746
203355773500
605014667744
723535662500
647344062322
607335767310
715340406424
341424020316
647554567134
020321234144
202215773500
617035620222
203115160730
201044353144
375044020250
713624060500
673535561312
711340406424
341464040746
203635772500
727516462744
203635772744
203416267714
607355172362
261014120316
713134172100
617315772710
203155771332
715014161336
733124074736
727444064312
607105606424
447356372302
673515474530
203024073336
647074520304
627315467756
715014667744
723204063344
677324072320
625014366336
727107206424
064244020100
201004020100
201004020100
201004020100
201004020100
201052444236
525012344202
462504047236
521012440626
425012444212
202350146612
064244020100
201004020100
201004020100
201004020100
201004020100
201011743100
522210520230
476450420250
442624043636
421011147100
532031147104
064241505214
647354166330
745304060500
637454560750
203315163720
723355167316
203055766350
203476471312
607336320314
713375520350
643124064312
607554567346
203035662100
717516264726
627464074736
725014462702
621341505032
051001505100
201004020100
201004020100
201004020100
201004020100
201004020100
251245225124
251241505100
201004020100
201004020100
201004020100
201004020100
201005225124
251245206424
201004020100
201004020100
201004020100
201004020100
201004020124
251245225124
064244020100
201004020100
201004020100
201004020100
201004025124
251245206424
201004020100
201004020100
201004020100
201004020100
251245206424
201004020100
201004020100
201004020100
201004020124
250321220100
201004020100
201004020100
201004020100
201240406424
341504021100
647464067336
721014120354
627454227010
064247032500
523214520330
647516466312
203334167100
627034762744
663624071734
607514364312
715016570100
723214520330
627516462744
270101505160
331004064746
203355772100
605016062744
717375627010
064247033500
445015067740
625017167752
237454520320
607555167316
203156567100
703314174722
673164073722
723204072320
625000406424
341604051302
623234172322
677344071736
607276320350
643455772716
641017167752
711016071312
703417120306
663376464312
715014167310
203156264712
715017167752
711014267710
745016467500
605014371302
617275474432
053076272734
617205602032
051607120236
727504063344
677324072320
625016364302
623376771500
613135064734
621017167752
203415772734
617136320302
203054560744
623134420340
647454172312
205004021220
607445420220
607445421032
053214520306
643376272330
627465420104
445175466100
653536372100
723035362500
607315420350
643236320304
677376474500
607354420320
647114520322
721014173702
745016764750
641015562432
053075062746
721014462712
701015167100
723214520332
607654520504
201011062500
717354172306
643136320362
677536220350
713134171752
713124060734
621016660734
647475062746
203235672336
064256464312
203175467736
665340406424
345404053722
723204073720
607507702032
051626120234
647074520350
713625602032
051626220262
677524064302
733124070336
727454562100
723214520356
607514571100
677344072320
625014771336
727354427010
064247131500
537214172100
605016372344
607354762500
647114560534
020321234550
202515062500
703314167350
203176267756
715014574340
663376364754
627317127100
202236420330
677375371500
663235362500
605016662734
727464063330
747516260740
270321244750
203134172346
203635772502
020321234552
201013167752
203454167316
374101505162
331004053736
735015560734
261014367746
667234326100
663235362500
723215171500
607314272732
202224067734
617124064312
607454427032
051071402032
051626720100
427036420346
643236420302
673104062322
625340406424
345604020262
677536220332
677515062744
203515766310
203635772500
723214172100
747376520356
677535462100
637455773500
647144074736
725014172312
203635772744
203056262702
623076272746
721341505106
460101505162
345004044516
621016471362
261014272750
202224062336
671176420326
673376720350
675016764336
665340406424
305406020100
445014467734
237504072734
623136271750
607354427010
064246130142
200170120332
607476364754
625016373712
607517120320
607354420344
627034364312
715014467756
671014671336
665016464312
203214560754
627356320302
673104063744
607056320362
677525620100
547376506424
717516272716
637314520302
673104071742
727236266566
203155167302
663317120350
643124064302
673104071312
663134171712
715017167752
270160406424
305406220236
673317120302
203416374706
643376060750
641016767752
663104072344
745016467500
657235466100
605014462714
627356362730
627476320010
064246130146
202035460734
203115762316
627464070752
647075366362
203035662100
723214567100
713536364312
715016467756
607454420362
677525620100
443124062732
613454161712
715017167752
203555167730
627356466362
260321265734
677075364734
635014166330
203374620362
677536220340
677476362746
717235767346
203156267732
203635772744
203214167310
715304060734
621014262716
715017167752
203515720304
625015064746
064254671322
627354427010
064246130150
202515062500
623374720322
715016467736
203154171750
203155771100
747376527100
202214520306
643136771500
747376520352
701014167310
203476064750
715015772750
203635772744
203055767312
715340406424
305406520214
647175072322
673164073720
647314520352
673036266712
621015171500
733136274500
633375766322
717205602032
051426033100
523214520304
677375361702
717124071756
647354771500
613034365534
020321230540
335007721100
202516274500
607174164734
270101505142
301604044500
617035623750
203334165712
203214560710
203376220350
607235471500
677144074736
727444066322
717504067714
203374265312
617516327010
064246130162
201044064746
203355772100
607344067704
653134372134
020321230542
301011120306
607344772100
633235662100
607357120316
677374671534
020321230542
305012060744
607355764710
261015072720
374101505142
305444054736
725016471362
203515720350
607274520350
643124071756
677454426100
613536420314
647354420362
677524061702
673355772100
623236366336
623174520322
721014671336
665016464312
203476467734
625341505250
643124071702
667536260722
203036070344
677034364312
715017167752
261015464714
723464064322
715016373736
713105420302
673104063744
607074563352
663317120346
627414171302
723136320362
677536206424
643134162100
633455766500
723214520344
627476420336
631017167752
711014267710
745340406424
305426320262
677524063322
713335474500
637454171740
203515062500
643035662330
625014167310
203416566330
203515062500
717575771310
203156267732
203515062500
717314161134
201012764750
641014120314
663036364032
053374620304
663534520330
647175072100
723214520346
737376262100
613536271750
715015167350
675014666302
667125620100
523214520346
607336571302
645176320312
747136320336
703135620356
647114535500
643121505304
677576320304
627155771312
203635772500
607354420316
647554571500
747376520320
647464071756
677454427100
202215171500
613374474500
633454562764
627464064734
723364071736
663234420316
677314427010
064246130550
202515062500
717035572744
607224073702
715015761354
647376571730
745015667750
203416572100
643136262500
633376220330
677375371534
201011062500
627554162312
715017167752
711016373722
673165406424
617375562746
203235620306
663376362530
203035662100
623236664710
627464074736
727444061336
623624064734
723364072356
675014570752
607304071712
617515167734
715340406424
305426520250
643124071702
667536260722
203574171500
677056664736
727475474500
703536420320
627454520350
675014772702
713104072320
625016472734
673135427100
202214520310
713036771500
643236320346
737376262032
053035662100
673134172330
745015060730
733136320302
673104070752
607456462744
715017167752
270101505142
305564046336
677276320322
673514571312
717515167316
201345627100
202224072320
647355320350
643236320310
627474571354
627464060500
617315771712
711015467736
655344020232
607634262500
747376506424
717215772730
621014767500
723214571312
374101505142
305604044516
665014367734
633536362710
270101505142
305624052320
625014467736
711016366302
667464071720
727504061312
643235662100
747376527010
064246131140
202575062744
625760406424
305446120222
203115767116
721015367336
735016764322
617204002032
051426231100
203515702032
051426231500
203335167352
723120406424
305446420256
643364061702
713136337410
064246131152
202635772500
617035623750
203115720350
643036427100
202635772500
643034420304
627516462744
203516274500
605014464714
633136262734
721015562750
643374427010
064246131154
201015171500
607316262702
623624064734
203515062500
020321230544
335013167752
203516571334
201426720346
643034462746
203374620340
727456066312
261017167752
711014660706
625014271312
607276320336
727504064734
203476570340
727454167350
203475771312
715304060734
621017167752
064255362712
661015773312
711014462702
621014671336
665016464312
203235671722
623235772746
202316563736
673234167100
703314163752
625340406424
305447020100
673376420350
674101505142
311624054736
725015060754
625015667750
643235663500
723364061702
713457120350
643124073702
723136220356
647515027010
064246131540
202155166312
203354166712
203355772100
717414561722
633234562134
020321230546
305012464312
203174171310
627344061352
713476471500
647356467500
617375467744
633535420316
713376772320
271004040734
203137072344
627334566362
203514166330
203415460734
721014170340
627036271432
053075464732
613034266312
270101505142
315444052320
625016262710
203334161720
647354520306
677534764346
203536020350
737364070752
607456462744
715304073720
647075020314
607315420350
675016464312
203155467736
711340406424
305466320250
643124061330
727124066702
617215167312
203476064750
715015772750
203024071752
613574174500
723375362734
270101505142
315504020306
607344772100
613124073736
713345602032
051426332500
547376520302
713124060730
713134162362
203574560744
647354720350
643124002032
051426333100
203416572100
677345602032
051426333500
473376420302
637035167102
020321230546
341013167752
203214173312
203254166732
627104072320
625000406424
305467120246
727075362744
270101505142
321404054736
725014171312
200101505142
321424022500
643134166350
643625602032
051426431100
202515060750
203314171750
203055467756
203574171500
723375720332
727075020314
677444074736
725340406424
305506320202
715017167752
203256566740
203115773734
203375672336
203515062500
723454161726
715304072320
625016471302
647344061312
637235671500
723364071336
663305620100
547376520350
713621505310
627476060744
607514566362
203515720306
663235561100
613034365500
727404072336
203515062500
703314172314
677455527106
521425621650
305344352142
271072430500
202515062500
723454164734
203476060750
723136271500
747376571032
053055467736
621014161744
677476320350
643124073702
663316320302
673104070336
717514571346
271004052320
625010174702
723375466302
641176320306
643134565746
203514165712
203375620302
203455771762
064254766336
735340406424
305506420202
715017167752
203454560706
641014667744
203515062500
703536271712
261017167752
711014171332
203056272746
643136320302
637035167346
203515062500
627314561750
713234664712
620321272320
647454420344
607235427010
064246132152
202515062744
625014171312
203575167310
677576320334
677504064734
203515062500
637534571750
203054562344
677375527010
064246132154
202575172320
203575060750
375004054736
727444061302
713124064302
673116337410
064246132156
202215773500
607116662734
723536262746
677334527010
064246132160
201016460726
627344067714
631340406424
305507120262
677524060744
627344772100
737134171322
673164002032
051426530100
477376071534
201011172100
663375765746
203315165712
203635772500
737136262500
617036271362
647354720350
677364066752
617205620100
547376520310
713376070312
621015172134
020321230552
305012464312
203056566500
663134170346
203375672336
203515062500
723454161726
715014163350
627444072320
625015567734
627625620100
443124072302
657136320350
643124070752
607456462744
064254167310
203516571334
715014260706
655014667744
203515062500
703314172314
677455527100
202515062734
203215171500
637454562710
745014574712
715016370362
203515062500
703536271712
271004044312
064254262734
623464062336
737344060734
621016064706
657464064750
203536026100
613536420352
673155771350
727354172312
663624063336
711015064732
261016464312
203516260722
671014262716
647356320350
674321271336
663305620100
443124060750
723135570350
715016467500
713134760722
671016464312
203476561356
607624070330
607514667744
665344020220
625016464344
677576320320
647464060744
667464072740
064255767350
675016464312
203415460750
633376266500
607354420350
713234571500
723364070352
663304064322
667474566314
203536027106
521565621650
305344352142
271072430500
202515062500
723454164734
203415161726
715015064732
203374663130
064256370330
607516462744
647354720350
643124073702
663316320356
647515020304
663375762134
201011064746
203474573312
713134420314
677454560744
667464063302
663304061302
617264067734
723364072320
624321272344
607075371530
203376572100
677144071722
637216426100
663134173322
673164072320
625016072744
717124060734
621016464312
203436560744
723136220304
627215167310
270101505142
325444052320
607504073702
715016372352
703234427010
064246132546
202024063744
727354774500
613535520302
703414560744
715014671336
665015772750
203374620350
643124073736
677116767744
655014167310
203054563722
673464072336
203137162500
747376571032
053436560744
723136271500
243334174704
625015062500
737035672346
203515062732
203155771100
605014372740
203374620306
677154662712
245340406424
305526420250
747414520362
677536220352
717136220334
607334520314
677315467756
627104061362
203635772744
203334571746
607174527100
202635772500
667037120352
717124071712
733136260730
064255464734
627465620100
427354420356
647515020302
203074171344
647034762532
713136472744
671014667730
663376762710
203057120302
202072451230
266645602032
051426532500
064252464302
673264074736
725340406424
305526620210
677344772100
613454560726
203236426100
703136264302
703464074736
725014360734
203536362500
647505602032
051426533500
203134172312
671340406424
305527020262
677524063312
627304066322
657124060500
216465765722
673165770752
627135627500
607316262702
623625602032
051426534500
202636566500
747535527010
064246133140
202036320362
677524071312
607075020350
643124064302
663145573702
745016067722
673504067734
203515062500
713376062530
203516767500
747376567316
203334567100
737134171322
673161505246
723035663336
713104072132
717215171350
715015272732
701015772750
203156267732
203515062500
617455773710
271004052320
627624063744
607044072320
625016267740
625015460710
623136226032
053634566330
647354726100
212635772500
623375623750
203214173312
203035466100
723214520340
677235672346
271004054736
725014171312
203355772100
607315467756
627104064734
723364072320
624321262734
623174166712
271044020214
647354166330
745304072320
627624074712
663305420104
423234526100
737134567322
625304062322
625024220302
673104072320
625014371336
737104065336
647356306424
723214566500
647344071720
607275167316
203515062500
713376062534
201013167752
203154166330
203515720302
671015163734
677335167322
677536320310
627036464134
020321230554
305001505202
715017167752
203454560706
641016464312
203515770100
677144072320
625016267740
625304074736
725014262716
647344072336
203154562730
203574560726
271004051750
713375663530
064254267734
745015060734
623464066322
633504074736
725016570100
613624072320
625016364336
727314462744
715344020202
203574572100
643035662326
627454364322
627144064746
203515071352
717504064734
723361505362
677536220314
607074527100
202515062500
713375766500
717415167346
201345627100
737214567100
747376520356
607274520352
701017167752
203155167310
203635772744
717135463100
717516260740
703134406424
723364060500
713034365534
064241505246
703035664746
641011167342
727236364750
647375606424
201004020120
445014262750
203635772500
737136262734
237504062760
703134372322
673164064750
271224020250
643124071336
677324064746
203156566330
203374620314
713536372344
607514562032
052155171626
627456327100
202515062762
203574167350
203035671756
627456320350
675014166330
203374620350
643135171100
707534571750
647375671500
677344064336
735016467500
737235620302
720321243322
716265620100
523214574500
617035620350
627315420322
631017167752
203036262500
737455767316
261016367500
747376520332
727476420302
673476762744
203476561706
627476363352
663317106424
647344067744
623136220350
675014262500
713135462702
717134427032
050101505142
331444053720
607504062336
627464072320
625016771322
723235663500
677344072320
625014767730
621016264734
635015562702
671760406424
305546320222
671014667752
711016767744
623464067744
203154573712
711304073720
607504064746
203515062500
667134167322
673164067714
201050664746
455047702032
051426632100
537214172100
643036070312
673134420336
671016464312
203114172312
201545731542
275567120176
020321230556
301010767736
621340406424
305566120244
647115161752
663376571534
201012464312
202155171626
627456320350
677476320362
677524064734
723364060500
703236427100
202224062336
671176420350
643235665500
747376506424
623136362744
733124072336
203054520344
627414164744
627105620100
413634527010
064246133544
202355772100
663235362730
745304063752
627476320302
637035167134
020321230556
315012464312
203414167320
607354466312
711014573302
623136320362
677536220314
727515166312
203416567306
641304070352
663316320302
203275664714
625014671336
665015064746
203415761726
627505406424
607354420346
663234362746
203635772500
723364071322
613055767346
271004044500
623375623750
203154562730
203315165712
203416572350
647354720362
677524061302
617264072336
637136464312
711340406424
305566420250
643124043322
716274571346
203355762100
723214564744
203214560710
715016367730
627335666362
203036320350
643137120344
627035464764
625016464302
721017167752
203036262432
053454560710
745016467500
617375672322
673534520362
677536220324
677536267312
745344020250
643137120304
627075766712
203535661736
673516267730
663034266362
203254560730
677536306424
607354420304
627036420362
677524071712
673474566312
717465627134
271004053720
627344074736
725016760726
625016570130
203635772500
633235662100
747376571346
627314620322
671016464312
020321230556
325004053720
627344074736
725016262706
677554571100
747376571100
613035460734
617125420362
677524071312
607315175312
203515060750
203635772500
643036662500
713134161720
627104072320
624321272730
723235560750
625014767702
661015763100
607315420214
647471362744
715344020222
721015171500
723235562500
633376220362
677524072336
203175720320
677334520302
673104061702
723075020352
701015767032
053035466100
723214172100
717075067736
663575771326
203635772500
643036662500
613134567100
673134766312
617515167316
270101505142
335544041730
647075327100
202075464706
655345627134
201011667750
643235663500
643036070312
673465602032
051426733500
445016362712
203355772320
647354720320
627454520350
675014464702
661340406424
305567020222
237324071736
713457126100
613536420322
721015171500
723234562100
733136274500
723234764350
261014167310
203337120314
647354762744
715014171312
203515767500
723236262710
203036406424
723215171500
663036462500
717514163712
203235620350
643124063702
667124072336
203535662336
203236427010
064246133562
202214171344
745015060746
203454572352
713354562130
203036070302
713135672330
745014667744
203215171500
737036461720
271004044312
203374663312
713464072336
203476460762
203035662032
053514166326
203515720202
663035620322
631017167752
203175173312
203236420350
675015064732
270101505142
341404044302
713457120350
643035665746
203635772500
607354420304
627175167346
203514166326
647354720350
675010166302
671304073720
675014667744
637136471500
607055772750
203635772534
020321230560
305011060744
713624062312
617234462746
203515060750
203236420322
715016464732
625016467500
663134173312
270101505142
341444052320
625014464746
637536372322
673164072320
647354720346
663236464312
713464060714
723136220362
677525602032
051427031500
523214520310
647474772746
723235663500
723215167316
203036472302
617214571500
647516362730
631016467500
747376571100
663134727010
064246134150
202515062744
625015171500
605014464746
637536372322
673164072320
647354720336
671017167752
711015462716
270101505142
341524052320
627454520322
715014120310
647474772746
723235663500
723215167316
203475464750
643136264734
635014171336
727354420334
627036261362
270101505142
341544052320
625016464322
673164061322
723136320362
677524064734
203454572302
663234172322
677345602032
051427033500
064250171500
747376520302
713124071750
607354464734
635015062744
625304060734
203135462312
713317120332
607234420356
607315371500
647356467500
723214520344
677375520302
673104061312
637235671432
053515720350
647117120322
721016570134
201010667744
723535660750
627317120350
643136262500
647475623750
203035674750
643235663500
663635167316
203036267752
673104064312
713125620100
517214506424
623536372346
203374663100
747376571100
717215762746
261016473712
627276320362
677536220306
643134565500
607354420302
623256571750
715015062744
202174564716
627444061736
727356462744
203375606424
723214520356
607624067752
721015763100
723214520344
677375527010
064246134160
202036320350
643124061744
747476460730
715016467752
617204064750
715016366322
667624063330
627475026100
723214520350
643235663500
613134764734
715016467500
717216264754
627304072740
270321244336
737315167316
261015172100
723536267346
203515720310
727476420302
673104061330
677576320302
737037127010
064246134162
202115767116
721014262500
717235466362
270101505142
345404006424
407344062730
623136266362
203334164710
203256571750
203574166326
627104064734
723364072320
625016267736
665304060734
621014262716
607344072336
203515162362
203236420352
701344020246
643121505346
627135571500
723364064302
733124073702
663274562100
677154620356
647515020302
663304072320
625016464322
673176320362
677524064302
621014360744
627314571746
663624066312
633501505330
747235663500
607055772750
270101505142
345424006424
407464074736
725014171312
203315767726
647354720302
613376572130
203035620312
663114571330
745015460710
745016762702
713235663500
605015560722
621176320352
673234667744
665014567350
627456306424
723214520344
677375520302
673104061312
637235671500
723364072322
623624072740
271004051752
623114567330
745016364312
203355772322
617136320362
677524071750
607354464734
635015167100
723214506424
617135672312
711015763100
723214520344
677375526100
613134771500
747376571100
703036262336
671014167310
203314560754
627464072320
625016267736
665016764750
643376572100
607355772320
627441505356
677454427010
064246134544
202156267732
203515062500
633036220312
673104067714
203515062500
713375766500
617375562746
203024066322
723515462500
677314420330
607117127100
202236420302
703414560744
715016364312
064255171500
617036271362
647354720302
200101505142
345464020356
647515020320
627445620100
517214520332
727334266312
715016367732
627515064734
634321260704
677536420350
643124070330
607074520304
627235663500
717534364100
605015562746
715304062344
677416320322
721014172100
747376571100
633134572100
607354420330
627036662746
270101505142
345504040500
633234772744
625014366302
621015167100
605014266352
625014167310
203454562100
717535172100
663375766746
203054563336
713124074736
725344020240
713235672312
621015767100
643236306424
717215171350
203036262500
723214520330
627516462744
715004245242
271044020222
721014170340
627036271500
607464064714
203214520356
647315420334
677504066312
721017167752
203414171746
271004044312
064256067730
647514566362
203036365746
203635772500
673376420350
675016066302
745016764312
671011447650
515015171500
617455773710
627105420322
717476562746
203024070336
741015767100
703135770330
625016764336
064254464702
661015167100
723364070330
607624063702
667136326100
623375671500
643236320306
607414526100
607354420310
647474170340
627036271500
647356467500
723214520346
727356362750
271004044312
627115167316
064255064746
203574171334
647354726100
747376520330
677574571100
747376571100
643134162100
647344062312
717414164744
203454560730
647655167316
203515060750
203136662734
202155171626
627456320302
713121505346
727055262706
721016467500
637035562746
203075062706
657136271534
064240406424
305626520032
050321220100
201004020100
201004020100
201004020100
201004020100
201004020100
201004020100
537135461736
667124072336
202155171626
064241505100
201004020100
201004020100
201004020100
201004020100
201004020214
677444064734
717516272706
723235767346
261016474740
625004264312
663405621032
050321202032
051427133100
547376520302
713124061312
637235667322
673164072336
203154562730
203024061322
721016172712
607477126100
613536420322
721176320340
713374260704
663624067336
723215167316
203474571322
677536327010
064246134556
202635772744
203214560710
203236320302
617215167316
203035662100
747376571100
737215766312
203055762362
203236320304
713134165722
673164067752
721015167100
605014367730
621016373712
607505602032
051427134100
547376520302
713124063712
723515167316
203154573312
713236364100
607354420362
677536220320
627036272100
647464070336
727354464734
635015060744
621014567336
727175020350
675015560726
625017167752
710321271750
677334161720
203034364312
270101505142
345624052320
625016267736
665015171500
717415167334
647354720302
613376572100
747376520302
673104074736
725014360734
203054171312
663624071750
607354420352
701344020262
677524061702
671176420316
675015767032
053336561720
203315767316
627444066322
657124072320
647465602032
051446030100
547376520302
713124073336
667236464734
635016664736
663135672330
745304061330
677374420322
715014471322
703415167316
203156267732
203635772744
203134171346
261014167310
203176262712
670321270352
715015171500
633315773722
673164063344
677324074736
727444062762
627465620100
445176662500
717134567100
623134162100
667135620356
643364066336
677274562100
613136472312
711016464302
671017167752
270101505144
301424021606
463374162322
673164062352
667044065336
657136320314
713375520214
647471327350
743505420340
663134171712
203574164750
271072430534
270321246336
607115167316
203115767312
270101505144
301444042312
723134372322
673164066736
713514166100
623035663712
711304052336
673624073702
657136320352
701344020246
723235466100
637455763716
745304064312
203416572346
203035620302
713325566336
617261505336
671017167752
711016264716
643504060744
665014167310
203416267706
627134471500
723364061312
673104064750
203235620302
203215163720
663624072734
673036472744
607304062322
713134372322
677345606424
537214567100
747376571100
607175767322
753134420346
617454560732
715014262716
647344072336
203035667336
745015064732
261015062500
633234772744
625334667752
711176320362
677536220320
627034427032
052535663336
713516567302
723135474500
633376220362
677525420250
677357120302
723124060500
663376420336
631014262702
673464063336
711015472734
617207320320
625014660744
723464062336
737344074736
727441505334
677474520352
673515166100
747376520310
647124063344
677324063702
715015167320
607314172322
677345602032
051446031500
547376520302
713124067336
721014161336
607454420302
673636464322
673165602032
051446032100
523214571312
203236367116
721014167362
723215167316
203214571312
203515720304
677036262134
020321231140
325010171500
747376520304
677036262100
723214520350
713035167100
723214520302
727515766702
723234320310
677376271500
717314166500
717216572100
613135064734
621017167752
271004044750
237464060432
053175767710
203515064734
635017167752
203115162334
237504062302
737115462500
637136472322
673164067734
271004052320
625016471302
647344065312
713276320350
675014120346
723036272100
607354420340
727315471432
053036760762
203156267732
203515062500
717514172322
677345602032
051446033100
216304352142
523214520350
713035167100
617375562746
203515720302
203476562310
627344071750
677404060734
621016464312
203115767744
715014666362
203376062734
270101505144
301564006424
522031342530
436132420170
476051242606
521744027100
271005620134
201344027100
271005620134
201344027100
503234365746
203536020350
643124067302
667134420336
613254561750
064250451236
501007447604
452130352174
201344027100
271005620134
201344027100
271005620134
201344027100
271010471336
703464064750
064251547654
425007447604
452130352174
201344027100
271005620134
201344027100
271005620134
201344027100
271011567754
627464064750
064251750212
471007447604
452130352174
201344027100
271005620134
201344027100
271005620134
201344027100
271011770312
673464064750
064250346236
516124036236
412250541650
371004027100
271005620134
201344027100
271005620134
201344027100
271010366336
717136320322
720321250252
462305420230
446152420170
476051242606
521744027100
271005620134
201344027100
271005620134
201344050352
663316320336
671015172032
052412552100
362370245212
416507620336
671007447604
452130352174
201005620134
201344027100
271005620134
202415460706
627464060734
203374265312
617504067734
203035620336
613254561750
064250744654
425007447604
452130352174
203515720170
502132251636
471744027100
271005620134
201344027100
271010764754
627464060734
203374265312
617504072336
203024070312
713475767032
052311747626
261011420134
201344027100
271005620134
201344027100
271005620134
201344027100
271005620134
202114571706
713234262746
203024071336
677321505244
426030426100
462371745500
406505420212
542031544634
425007447604
452130352174
201344027100
271005620210
627474371322
613136320302
671015761324
627076406424
462371745500
446344036206
476352440622
472132237100
271005620134
201344027100
271005620134
201344027100
463236372346
203515062500
617375672312
673516320336
631014120306
677356460722
673136206424
522212247656
201711741224
426072437100
201344027100
271005620134
201344027100
271005620134
201344027100
463235362500
623455770340
647354726100
613536420350
643124067704
653134372100
723454173312
663461505100
201004020100
201004020100
201004020100
201004020100
201004020100
201004020100
201004020100
201004020304
627155771312
203314167310
647354706424
426032420170
476051242606
521744020134
201344027100
271005620134
201344027100
271005620134
201344027100
417375671752
667136320302
671015761324
627076406424
412370151210
262131541202
512264020134
201344027100
271005620134
201344027100
271005620134
201344027100
413374171310
715014120354
627215161730
624321242222
516131541202
512265420230
426032642500
201344027100
271005620134
201344027100
271005620134
201344042760
647516320314
713375520322
720321242222
406304036222
472510543612
511744020134
201344027100
271005620134
201344027100
271005620134
201344042322
607316320302
203356566704
627444067734
203035620336
613254561750
064251344630
461007447604
452130352174
201344027100
271005620134
201344027100
271005620134
201344027100
271010172350
607075371500
607344060716
637454571746
677441505234
262465442530
535311642530
516125447256
262472726252
262104027100
271005620134
201344027100
271005620232
677554571500
747376520322
671016464312
203175173312
671014464744
627076464736
670321246222
436212420134
201344027100
271005620134
201344027100
271005620134
201344027100
271005620134
201344046322
637216471500
723214520330
607336020302
673104064734
633314166732
607055462500
677055262706
723461505212
542511147216
526232344100
201344027100
271005620134
201344027100
271005620134
201344027100
271005620250
643124067740
703376364750
625015763100
663234764350
064252242646
522032252100
271005620134
201344027100
271005620134
201344027100
271005620134
201344027100
271012372302
713516320302
203354573500
637035562432
052432544650
201005620134
201344027100
271005620134
201344027100
271005620134
201344027100
271005620134
202314560754
627464072320
625014760732
624321250220
476511720134
201344027100
271005620134
201344027100
271005620134
201344027100
271005620134
201344051312
617376262346
203635772744
203174166712
203235620314
647475327340
643361505252
472411047650
475005620134
201344027100
271005620134
201344027100
271005620134
201344027100
271005620246
723376071500
703215772336
647354706424
462370720134
201344027100
271005620134
201344027100
271005620134
201344027100
271005620134
201344027100
417376064712
715017167752
711014367732
667035662346
203235672336
203155171726
273315763432
052531646236
435005620134
201344027100
271005620134
201344027100
271005620134
201344027100
271005620134
202476467740
715015467716
637235663432
052452547214
446310520104
633235462504
271005620134
201344027100
271005620134
201344027100
271005620134
202514165712
715014367732
667035662346
203156267732
201054664730
625045663346
654321244212
462404020134
201344027100
271005620134
201344027100
271005620134
201344027100
271005620134
201344052362
703136320350
643124064312
663404063322
663121505206
476331540634
422464020134
201344027100
271005620134
201344027100
271005620134
201344027100
271005620250
747414571500
723215171500
667136371702
637120406424
311407020100
647464067336
721015167350
627454571750
627105602032
051446034500
547376520302
713124073712
607455167316
350101505144
305404054736
727444065712
745015171500
723375720304
647164072336
203155172100
723214520330
677075335500
747376520320
607104061312
723514571100
723457120346
677334572320
647354720334
607456267756
627445602032
051446130500
547376520356
647315420320
607554520350
675016462730
661015562500
737214172100
723364062322
607305602032
051446131100
547376520356
647315420320
607554520350
675014464702
661016464312
203075766704
647354172322
677345602032
051446131500
527474520342
727376460750
647375620332
607455371500
241045120302
713376567310
203575060750
203635772500
737035672100
723364071702
745340406424
311426420262
677524064302
733124071312
607075062710
203515062500
433236345500
627354463702
667125620100
413134667744
625017167752
203075767350
647356562530
203635772500
717215772730
620321266702
657124074736
727456362730
631014120340
607476373736
713105420346
675016464302
721015163100
747376520302
713124065722
663314562100
647344072320
625014567310
637035562500
747376520356
677344772032
053214173312
203515720344
627415460762
203515062500
627356464744
625014760732
625344020250
643236320340
607476373736
713104064746
203114570312
673114567350
203375620362
677536220302
617075772734
720321267302
667125420346
675015163100
747376520120
452424063336
713055162122
203415460762
203375620302
673376464312
711016062744
717375623746
203034361736
727356420322
721016767734
237504073736
713265606424
523364063712
721017167752
711016060746
717575771310
203256571750
203175173312
203515062500
633375466336
737235663500
617375566702
673107206424
064247664734
617035672100
213035674756
677454421100
201324073720
627454520302
673636767744
621015171500
607357120356
677454420362
677524073702
673505606424
064252464312
203416267716
713035520356
647315420350
643135620316
647554520362
677524060500
703036371756
677454420322
671016464312
203155771332
203374606424
406353153636
512104050202
516472747644
421004020100
201005520356
643136262500
607357173736
713104064746
203515062500
737376262100
747376520350
747414562100
647345420302
673104070302
717476767744
620321220100
201004020100
201004020100
201004020100
201004020100
203236320350
643124071712
617375662100
643035463100
677144072320
625016060746
717575771310
270321206424
433455766500
723214567100
677345420356
643135662754
627444074736
725016760734
721016467500
637364072336
203515062500
627354463702
667124071702
745641505174
647354360734
721004260734
747575771310
203414171746
737376262104
064252464322
715016764730
661016471302
673476067744
721017167752
203115171312
617515474500
723364072320
625014567310
637035562534
201010767736
621015472706
655341505010
064246230552
201004021506
201012464312
203315760710
203236320316
627516464734
635015064716
641304073720
745014467734
237504074736
725014467500
717375562750
643235663500
617375671750
713534372322
733127720106
215000406424
311426620032
052036320362
677524060744
625016372302
673115167316
203235620350
643124066722
623115462500
677144072320
625016267736
665304060500
643136262100
677144061352
633154166336
203476460732
703134462432
053515773702
713104074736
725344020204
627074172746
625016464312
203315760710
203236320346
675015064716
641304072320
625014367732
703536462744
203074167334
677504071312
607076420322
671016464732
625016467432
053335773312
203635772500
677536420336
631016464312
203574174534
201013167752
203036262500
723454166740
663134420350
675014462702
723204061362
203515062500
727357164712
663115167316
203035664732
607316327032
052414571320
607416320362
677524071720
677535462100
723457120214
647471364734
635016764312
671016464312
203315760710
203236320302
203315172350
663124066336
737136227032
050101505144
305564047336
723215167316
203214170340
627356327010
064246230560
202635772500
623236360740
703134171100
647344060500
617315772710
203374620340
727456066312
203475567726
625344020256
643135620362
677524071312
607416062702
711304074736
725014664734
620321274736
727456362730
631015167100
723214502032
051446134500
523214520302
673235560730
715014262716
647344072336
201056767730
631044062336
737344072320
625016360734
623575161720
203555771302
617235772746
663625620100
413536420302
715016464312
744321272302
657124072320
627236220314
647456372100
613236462746
261016464312
745014171312
203454562352
617134420350
675016064730
627464067714
203455772350
647354720314
663136364100
613624072320
624321264732
703314161702
613314520230
727175767322
607344070330
607176562534
201012464312
647444071752
703416571302
723235663500
617036261702
717474571500
633235466100
723214520344
677375520356
647515006424
605015660752
717134172322
673164071750
627354364134
020321231144
301004064746
203355772100
643535663744
745340406424
311446120250
643124070352
667404073720
627137262746
203535662312
711017167752
711014563314
677456471500
607354420306
677534764346
203536020310
727476427010
064246231144
202024072344
647075366312
203374620356
607514571100
633315773746
203156267732
203515062500
703535570100
020321231144
315014167310
203155166330
715016570100
723214520346
647355327010
064246231150
203035662100
633315773746
203115773734
203515062500
623454164734
270101505144
311524052320
625016072732
701015060746
203456567100
623457127010
064246231154
202515062500
737036462744
203116260722
673464063344
677324072320
625016364734
655340406424
311446720262
677524061702
671176420350
647124072320
677474520350
737364072320
647354771500
723374762750
643136227010
064246231160
202236420322
715015667750
203515162710
203515720010
064246231162
202515062500
633235462500
673035562500
667536372100
613124071722
741014364302
713034372312
713464067744
203154573712
711344020222
721015572746
721014262500
647344070752
677514172322
677341505332
607455371500
607354420350
643124062760
723135671722
677345420356
643234364100
747376520310
677344772100
723636062530
203336571750
203054520104
273156365504
270101505144
315404020302
673104072320
625000406424
311466120100
243515162710
203515720350
643124002032
051446331100
427354420336
631000406424
311466320250
643136262500
647464060500
663376562100
717076260740
647354720346
677535662100
613135467756
270101505144
315504020322
715016464712
621016467500
717375562750
643235663500
723214172100
737375623750
203056562316
625344020262
677524762100
613136472312
711014471336
701015172032
053054563336
713124072344
747235663500
723364063736
203035674756
643136262534
020321231146
325013167752
203074167334
677504072322
625016464312
203455770312
203515720010
064246231554
202635772500
667536372100
717414561722
633624060500
633235462500
673035562500
647344070752
677514172322
677344066702
713276327100
202635772500
717215772730
621015767330
745016474740
624321264734
203515062500
667035167100
703036272100
677144072320
625014664730
625015660732
625344020214
677444064734
717514167306
625304064714
203515062500
633235462500
647464021346
727056760762
273156365504
064257167752
203475067752
663104072362
703124021346
727056760762
211344020212
733135620350
643376563720
203635772500
623375623750
203517170312
203236420322
671304072320
625014574350
627356364736
670321267734
203515062500
633235462500
667536372100
613124021134
633475321134
020321231146
335010171500
747376520350
607274520356
643036420306
677535462100
613124074736
727444066302
717504061344
627036464100
607354420314
607315420350
675016464312
203176267752
673104071712
673474566312
717465406424
605004351536
703454572350
745017167752
673164066302
623625773720
647514520326
673234764350
275015272732
703464063344
677324072320
625016364302
623376771534
201004351536
517214527620
625364060710
667236372312
713464066722
673376220314
647456372100
607234420302
673101505332
677536464132
723365566736
727515020344
627476571706
647514172322
677345420344
627476467744
647354720362
677524072336
203315163312
270101505144
315604054736
725014360734
237504021654
305000406424
311467120262
677524071712
627324072336
203054520336
671016464312
203554571316
625015763100
623134172320
271004043336
711015767330
745006130100
703375167350
715011120306
607344063712
721016264710
203374606424
723214520332
627035620306
677375327100
202575772730
621017167752
203315165712
203334520350
675014467500
723215171576
020321231150
301012464312
203075767726
203554167322
717214571502
020321231150
305004066736
733120406424
311506220100
607354402032
051446431500
513136370336
673115167316
203515720362
677536220306
607315426100
723214520312
663136660750
677444062312
717074567310
715015667722
717235474500
647344072320
625016364302
633505602032
051446432100
447504064746
203035471312
607117120350
647134420350
675016464312
200101505144
321524044500
643036662500
673136662744
203156561726
627104071752
617204060500
723215167316
203054563336
713124071736
202224073736
727314467116
721015367336
735015067756
270101505144
321544052320
625016267740
625016366322
623136320310
677575620350
643124070322
721340406424
311506720100
643035663722
673164062336
737344072320
625016064750
020321231150
341013167752
203336571750
203514566330
203334520356
643036420362
677524073702
673504072336
203535672322
625000406424
311507120100
633455766534
020321231152
301011163100
747376520302
713124072344
747235663500
723364072734
663374365500
723214520346
607154526100
723214567100
717037120104
623234166100
363356566704
627447627104
020321231152
305004073722
663304067336
721014764754
625014167362
723215167316
203054161726
270101505144
325444040746
203635772500
703036371500
723216267752
637204072320
625014760750
625017167752
203355772322
617124060500
717334166330
261016071312
723517120304
663375662312
203175171330
261016764336
064255171500
737134171322
673164063744
627135620314
607515163752
627464060734
621014120304
607174774500
717574560750
717215171350
271004051720
625015667750
647074571500
747376571100
713034763712
620321261736
727356462734
607354362530
203076264712
715004242712
655024040500
703136273312
713504121100
607354420344
727356320346
737234672330
745014173702
745304061702
713135462746
717317106424
623455770340
647354720302
203175766310
627344070302
713074566134
201010171500
717214520310
647474170340
627036271500
677554571100
723214520320
677455175336
671304074736
725015062702
711015062744
064254760746
701304021236
641015667502
201011667750
203035667750
643136220310
627034420306
677564121010
064246232546
202215773500
623364074736
725014574340
627076420332
625016467500
216546120010
064246232550
201064320222
721015171500
607315567746
721016464732
625016467500
717515770100
703314174722
673164063702
667136327100
202635772500
643034420304
627516462744
203576260740
203515064746
203536027100
215060406424
311526520222
203515064734
655011120324
727476420330
677476420332
745014571312
617515167734
270101505144
325544021506
202515062744
625014171312
203536362744
715016760722
723235663500
647344072320
625016172712
727124063336
711014120350
627455564734
607305620100
547376520332
607624067336
721016066302
744321243322
716265620106
214101505144
325564021506
202155171626
203415460762
647354720322
715015667750
203035466336
737134420302
721016464322
715016464732
625015763100
623037127100
215060406424
311527020106
215012464312
713124060744
625016571712
713464073702
647515167316
203235620350
643124070752
627534520314
677444060500
723136266722
673035427100
202234620350
643124070752
627534520316
627516306424
607357120330
677354762744
203635772500
737235466100
643036662500
723364071750
677404043322
716275167316
271004321410
064246232562
201064320250
643124062322
607305564734
203315167312
715014171312
203515767500
617455773710
627105620100
547376520332
607624067336
721010664746
455015667756
271004321410
064246233140
201064320250
643124062322
607305564734
203315167312
715014171312
203475464716
643515474500
617455773710
627105620100
447144072320
647464061736
673115172322
677344063712
723464073736
713474506424
747376520356
647315420320
607554520350
675016372336
701016066302
747235663534
201064302032
051446630500
215064052320
647464064746
203024070346
627534467500
723136266722
673035435500
747376520332
607624067336
721016571712
203236420350
675016066302
745010664746
455344321410
064246233144
201064320250
643124046236
522464071750
607154620320
607464061736
667124072740
203575172320
203024067312
735016262702
717375626100
727355367336
737344072336
203515062432
053235570330
627334567350
627456320336
631010664746
455304063336
711016764322
617204074736
725015560762
203355772100
703314174500
637035562746
203355773534
201012367744
713625620106
214101505144
331464052320
627454520302
713124071336
617276320302
613376662534
201011172100
737376566310
203054520314
677375464746
641016467500
717536263302
617125602032
051446632100
447504064746
203515767500
717214166330
677564072336
203115173312
203214571312
270101505144
331524020100
201010171500
747376520340
727475020350
643124021212
466132243612
472073120252
516124047634
462624220304
727516467734
261014167100
677055667760
647376571500
723036062710
064254662732
607314520354
677234362500
627075067712
715016464344
677534764100
723214520314
607444071312
607075062746
203374620350
643124071720
647405620100
212635772500
643036662500
677056664736
727475474432
053075067746
627344072336
203416567350
203375620146
713104062336
737345421100
717214520346
607636327100
201044052320
647464071720
647404073722
663304071712
663145562312
717516272706
721015167100
324321271712
617375662346
271004043736
677114274712
202474164730
677444121032
050101505144
331544006424
201004025124
251245225124
251245225124
251245225124
251245225124
251245225124
251245225124
251245225124
251245225124
251245225124
251245225032
050321220100
202264020100
455004020100
405004020100
201004020100
202050241204
411004020230
201004020100
201004040500
201004046500
201004020100
202321505100
201011320100
455004020100
405010120100
201004020100
201010220100
201010220100
461004020100
201004040500
405004020232
465004020100
202331506424
201004045500
455004020100
405004020202
201004020100
201004041100
201004041100
202304020100
201004040500
201010120100
465011520100
202324046432
051004020226
455004020100
202024020100
405004020100
201004020204
412050241100
201011420100
201004020202
201004040500
202324020232
202324020232
064244020100
455011320100
201010140602
406024020172
365727536500
411344027100
411004046100
201004020100
406030140602
201011520100
202324020100
464321220100
202264020226
201004040500
201010120100
201004020100
202044027100
202044020230
201004020100
202024020100
405004046500
201004020100
202321505100
201011320100
202264020202
201004040500
201004020100
201010256276
275010220100
461004020100
201010120100
202024020232
201004020100
201011506424
201004045500
201004045500
405004020202
201004020100
201004041204
412050220100
202311446230
462304040500
201010120100
465004020100
201004046432
050321220100
201005225124
251245225124
251245225124
251245225124
251245225124
251245225124
251245225124
251245225124
251245225124
251245225124
251245206424
020321231154
335013167752
203074167334
677504071750
607354420336
671000406424
311547020202
713124074736
725015060754
647354720314
727344065352
667415167316
203536020302
673104062336
737344066322
657124060500
633375766176
020321231154
345013167752
203076260746
641016467500
723214520316
713376567310
203036420350
627455564734
607304073312
663374364750
745304061344
627035364734
635014573312
713624061336
673124064734
203635772744
064254267710
745340406424
311566020262
677524062322
733124063744
607074563352
663317120322
673515720350
643124061336
723515766730
627476320340
647505620100
407156462744
203024063312
735015564734
727514571500
747376506424
713134166322
753124072320
607504074736
725015560762
203476062734
621016464312
203454571750
203374620362
677536220330
647154520350
643236320356
607624060734
621014262716
647344072336
203575171720
064256464302
721017167752
203574571312
203114560710
271004043336
713516567302
723135474500
633376220362
677525420350
643236320340
647504064302
715016367732
625014161344
727416420336
727505506424
617455770340
647354771534
201010171500
747376520344
627034364100
633376220336
673124067714
203515062732
261017167752
711015062702
621014367730
663234462746
203174567350
663624073722
723204064750
064254167310
203137070330
677114571500
647356467500
605016464336
727474167310
203415162706
627464066322
657124060500
633454163722
663124061736
673075027100
202635772744
203515771346
674321261736
673515167352
627464072336
203154166330
261014267752
673075167316
203214170320
607654171310
663624067714
631016464312
203475162312
715015763100
723214520340
647507320322
671016464732
624321274736
725014171312
203454562352
617134420350
675014120310
647474772746
723235663530
203055467736
623624070352
663405602032
051446730500
547376520356
647315420320
607554520350
675016462730
661015562500
737215161720
203115171312
617515167734
203515720306
663235561134
020321231156
311013167752
203074167116
721014366322
667044002032
051446731500
607357172320
647354727010
064246233550
201016367302
713154562134
020321231156
325010171312
203635772500
667035462500
677444063312
667035462530
203415462702
717127702032
051446733100
413124071712
713235772746
355015767330
745004246602
462124220302
673104021214
426330146212
211014171312
203034361712
703514161330
625014167346
737136271534
020321231156
335013167752
203074167116
721016072750
203375620350
643124064312
607557126100
617316566746
745014766336
733136320356
647515020362
677536220320
607354471500
633535466134
020321231156
341013167752
203074167116
721016064706
655016570100
607357172320
647354720312
663474520356
643235462500
737134171322
673164074736
727444064312
607557126100
617316566746
745014766336
733136327010
064246233562
202224062336
671176420326
673376720320
677564072336
203334165712
201072631134
020321231160
301011120306
607344772100
667035362500
747376520106
531465602032
051447030500
547376520302
663454560710
745014171312
203024021646
277055774536
637236266136
270101505144
341444044516
665016262702
663317120344
627316561750
607356420350
675014467500
723215171500
717376272100
677144072320
647354727100
202575074500
623375623750
203635772500
723457120356
627036264734
634321221646
275376767536
667135623746
203075467750
643235663500
633376220350
627344066736
673515071530
203155171346
721344020222
631017167752
237454520346
723235466100
717536262500
747376520356
607356420350
674321263736
203515071336
727175020356
647515020350
643124067740
627454172322
677344060714
723136273702
713116326100
717134520362
677536220310
677076467744
270101505144
341464021646
276355161712
203075766740
727514571346
203115726100
613536420222
203115767116
721345746702
647304060500
713134362734
721016064336
723364067714
203635772744
717135463100
723364041336
741007132544
305304051750
607354667744
621344020210
677344772100
617035466100
727467306424
737124766330
203074166330
203635772534
274101505144
341504047626
271004050336
677145420362
677524771312
203114560710
270101505144
341524054736
725014360734
237504063736
203515060750
203574174534
020321231160
331012464312
713124064746
203355772320
647354720320
627454520350
675015460752
673075027010
064246234160
202414571320
607416320362
677524071720
677535462100
613374171310
203155171346
721340406424
311606720250
643124071752
613334171322
673124064302
715014166344
627034474500
613134567100
663036567306
643134427010
064246234162
202635772500
617035623750
203314167310
203214571312
270101505144
345404054736
727444072336
713414562336
203476062712
623464067754
627444072320
625016372744
633034362500
677144072320
625016760750
627444072336
737036262346
203515062500
617315163314
715341505222
721004341136
717075771312
715016464312
203056566330
715334574712
261016262710
727075167316
203515062500
617315163314
715016467500
713534261330
625014167310
203114166732
647354720350
643121505344
647554571136
627616066336
623136320320
607455566312
717475474536
270101505144
345424054736
725014171312
203035471312
607117120302
613374171310
270101505144
345444054736
727444072336
713414562336
203476062712
623464067754
627444072320
625016372744
633034362500
677144072320
625016760750
627444072336
737036262346
203515062500
617315163314
715341505222
721004341136
717075771312
715016464312
203056566330
715334574712
277137070330
677114571500
607174164734
717504072320
627325726100
623136372344
677635167316
203136662744
747515064734
635015167100
723214520322
667334562322
607514506424
607454560530
203235661730
727115167316
203635772534
020321231162
315013167752
711016467744
703134467500
717414562710
715014173702
745014167310
203115171702
703414560744
715340406424
311626420236
727075020410
064246234552
202075767316
713036472730
607515167734
715344020262
677524064302
733124061344
727236362710
203635772744
203314563534
020321231162
331012764312
713124074736
727444063336
677504071750
713235362746
203236420302
203475560730
661015067730
625014170340
627036271500
647344072320
625015560706
643235662566
203515062500
643375462432
053135564750
715014120316
677314420310
677315460744
203035662100
723214567100
617315771712
715016570100
607174164734
270101505144
345564052320
607504073702
715016372352
703234427100
202635772500
643036662500
607354762744
627104072320
625016260750
715304073720
647075020340
713374362712
621016467500
637354173500
747376520350
675014106424
703535470134
020321231162
341004063302
663316320322
673515720336
613315173322
677345602032
051447134500
203236320322
671000406424
315406020202
715017167752
203075472732
717235474500
667376662500
723214520316
677314420304
663374365530
203515062500
623375771100
717314166746
203475072750
203035662100
607536467732
607515161702
663317106424
663374365746
270101505146
301424040746
203635772500
613135662100
677554571100
723214520304
663374365500
677144063736
663104060734
621014262716
647344071750
713534763730
647354720356
647515020322
723464063744
627036406424
667036371530
203515062500
617375765500
717354560726
715016570100
613135064734
621017167752
261014271302
673115171720
647354720302
203475064746
641335362704
607044071726
627574571166
203054563336
713121505362
677524061702
671016262702
617505420320
625015166740
607314571500
747376520304
713536460730
663625602032
051466031100
547376520306
607344772100
637136420302
721000406424
315406320262
677524070344
677054161330
745016464336
727175072100
723214172100
747376520356
627454520340
713136472362
203475560744
721016571722
673164072320
625016267740
625016467500
637361505310
677575620350
643124070322
721344020220
677574573312
711304074736
725014667744
637376420336
673124064732
703376272302
673504062312
723035166134
271345602032
051466032100
547376520306
607344772100
723234520350
643235663746
203515720350
643124066722
623115462500
677144072320
625016267740
625340406424
315406520100
643035663722
673164067752
721016464312
203575167310
677560406424
315406620250
643124065722
723125420206
643036266322
625010271336
737344071750
747314526100
617375562746
203655767732
647354720310
677575620336
727504067714
203515062500
717277120302
673101505334
627036266362
203275667706
657464074736
725015763314
203635772744
203154562750
270101505146
301564054736
725014360734
237504072322
625016464312
203476471322
673164072336
200101505146
301604044336
735014467500
747376520312
743414561750
200101505146
301624020350
675014666362
203575172320
677536420356
647354771576
020321231542
301011667500
667036472312
711015067756
203214171310
203635772500
633314170100
747376571100
737235663746
261017167752
203575166330
203354573312
711014666362
270101505146
305424052320
627454520322
715015667750
203135667752
637204073722
673104064312
713124072336
203155474500
723214520326
647514527010
064246330544
202635772500
667035362500
605016272734
673235663500
653535570100
607354420324
727476420304
607454566362
203334165712
203236420350
675016464312
203376464312
711016364710
625015763032
053515062500
617035674736
671340406424
315426320262
677524071352
671014672730
661016370312
627104072336
737036262100
723214520306
663234663130
203514165712
203024071352
673355167316
203256566740
261014167310
203115767116
720321266702
657124064750
203034371336
717465620100
477376071534
020321231542
321012464312
203275172312
203514165712
715015763314
203536020322
673515720350
643124073722
663104061330
727124074736
673114571134
201013167752
203074167100
633134566100
723214506424
717516262734
637515020336
631016464312
203575167310
203354560744
663624070352
663315167316
203635772500
677154620350
643124063744
677535662100
607464074736
725015067730
621016464312
203275172312
270101505146
305524040746
203635772500
663136420316
675015763100
723214520346
723455167316
203515062500
657236462500
713236362746
203536020322
673515720350
643124060722
711344020202
715015172100
607416071336
617214571432
053515062500
717515771332
203075467752
623464060500
667036371722
733124066322
637216467322
673164061336
663504071750
713235362746
203515062500
657137171500
723536267322
673161505350
643135520322
673515720302
203475766322
621014767730
621014467710
627074164312
623455767130
203575064706
641014660730
663464072336
203635772744
203154562750
270101505146
305544040746
203635772500
663136420316
675015763100
723214520346
723455167316
261014167100
627614362740
723235767330
745016372344
677354720316
727476420336
631016764734
621014360744
713234571432
053515062500
657236462500
727404064734
723364072320
625016365762
203035662100
677536420336
631016364716
643505602032
051466133500
537036462744
203476172722
713516320336
727504067714
203515062500
677515062744
203135662100
677144072320
625015067746
625340406424
315427020250
643124070330
607354520350
607274571500
677154620302
673104063330
647136320302
727515766702
723234360730
663624072336
202135661722
673365420206
607315163336
713355160534
020321231542
345012062744
643036071500
747376520346
643376566310
203476460744
721016464312
203135663722
673124063322
713476427010
064246331140
202635772500
607454520356
627314367732
627104061362
203024064352
637124072322
617274571100
723036062500
703036260710
625014172350
627354462710
203057120302
663304067714
203635772744
064254671322
627354471534
020321231544
305012567314
677456472734
607514566362
203155771100
747376526100
523375674500
433236345500
737036320302
737035362734
627104061362
203515062500
717376567310
203374620350
643124070330
607354523746
064256460726
627374663100
607354420320
625014360730
663134420302
643134162100
723364060730
627456420320
647464066702
633234120320
647504071742
727034427100
202515062500
667134572100
747376520302
721016464312
064250567306
647355720302
647456372344
647404060734
621014664730
661017167752
203156566330
203374620330
627034427010
064246331144
202515062500
717214562750
203214167316
715015772750
203515062500
737235662336
735340406424
315446320222
203474562500
673376464322
673164064312
713124072320
607504044500
737376566310
203574167350
203515720346
723036272134
020321231544
321011764100
667624120100
523375674500
433236345500
617375562746
203456567334
647354720352
701016467500
747376526100
607354420320
625015467736
657464066702
621344020202
663304074736
724321267336
723234362500
647464064322
715016762750
203154161712
203035662100
643236320304
727314764734
635015572746
617314571500
613134667744
625015062500
703455761712
627116320350
675014262702
721017167752
064255167350
675016460706
675014664730
663235663534
020321231544
325012464312
203135663722
673124071750
607456471500
643535566722
673165602032
051466233100
203135662100
637035562410
064246331156
202224061736
727314467116
721014664734
621014167362
270101505146
311604054736
725014171312
203355772100
617036271362
647354720302
673625602032
051466234500
064244020100
202376572100
677144072320
625014766336
677324061736
667136320302
203354165712
621016264710
627444072740
677344060500
737215172312
203475062712
701344020104
537215720310
607454571432
053515720350
713035570330
625016570336
671016464312
203176267752
673104067714
203515062500
717074171312
621764220320
625014171726
627465620100
443124070336
647356471500
607344060706
617536364734
634321263322
673174571100
607504074736
725014167310
203635772500
717534462312
673317120344
627035464764
625010367726
625015171500
647504020534
271345620100
407464074736
725014660730
661016467432
053515062500
637455772734
621014262716
637235663500
633376220332
627454374530
203515062500
713234462744
203454566736
733136320320
647464064312
607104060734
621017167752
203474562432
053515060750
203515064746
203236320334
675015771310
647354171362
203455162312
711304061352
721015767312
203374620350
643124063302
667376571500
613236426704
713035167346
203374620336
663105406424
453375067100
212515062500
407074372746
627444220246
663374267750
647265620100
064241121236
673074520222
203214162100
717137020356
647515020362
677536220350
747414527104
203214520346
617376766346
261004261352
721304067336
735015574500
643376266736
673136306424
643036662500
713535620336
727505620100
423234526100
633376566100
617454560750
727454526100
423234520504
064241153722
723215167100
517134367734
623464072320
625016365762
203516571334
715014266302
617265420302
673104063344
677324072320
625014366336
727116320314
607315471500
604321263744
627036420304
677316420336
631015464716
643515664734
635016372344
647275167316
203635772500
717364062312
607105620256
647474566362
261017167752
203314560744
671016464302
720321243322
716264064746
203054574736
673104074736
727444066712
607356327100
503215166330
647415167336
715014467500
703314174500
433236345534
201010767736
623057162534
020321231546
301013167752
203036262500
607316262702
623624063330
747235663500
723214520326
647514527010
064246331542
202371326100
210101505146
315444006424
064252247636
465011147100
405011540664
424321220100
201004020100
265005526500
264321220100
471004020102
020321231546
315004106424
535004020212
201020406424
315466420102
064244020246
201004020410
064246331552
201021505100
201004020100
201324026532
201320406424
315466620134
271344352142
020321231546
335007637174
020321231546
341011464734
625016467736
203315767316
201325520322
673416572100
647175667744
627105602032
051466334500
432232345500
412530735100
200101505146
321404050330
627036362500
727474520350
643124041252
435014367732
667035662100
723364071312
703376272100
723215171534
020321231550
305011167314
647355172312
203315767740
203114572312
617514562100
647344040710
622536027010
064246332144
202235663322
673236462500
663375770100
623136462706
723134420322
671011171622
722235627010
064246332146
202315167312
203515767500
663375663500
265324061736
673515167352
647354727010
064246332150
202515062500
633375466336
737235663500
647356072750
203575166330
203054520322
637355771312
621640406424
315506520134
210101505146
321544044734
633235664750
625015467736
701014462750
627076462710
203235620240
446352642634
270101505146
321564052320
607504064746
203355772100
605016660730
647104071336
677324067352
667054571134
020321231550
341011662716
607515173312
203455767732
203356566704
627445602032
051466434500
445014360734
237504063322
673104072320
607504071336
677325602032
051466530100
523214520306
677335560734
621016374734
723037020322
715011642656
512371746500
363356566704
627447620336
711011642656
512371746500
211715660732
625744202032
051466530500
523214520306
677335560734
621016374734
723037020322
715011542646
516030742500
363356566704
627447602032
051466531100
523214172100
647464067336
721014120354
607315162100
667136371702
637124067352
667054571134
020321231552
315012442660
522772047622
472510551100
365000406424
315526420240
442231442630
426350752220
201007520010
064246332552
202114561352
637175167316
203356566704
627444067752
721015763100
613376567310
715340406424
315526620210
627056563716
647354720334
727334262744
203355772100
717414561722
633234562134
020321231552
335011745410
064246332560
202515062744
625015171500
673364070344
677074562352
713124063336
711004221654
305344202032
051466534500
216546320010
064246333140
202635772500
737235466100
643036662500
723364063322
673104064750
203635772744
717135463134
020321231554
305012464352
621344020250
643534427100
201072430634
675015767312
203035671756
627456327010
064246333144
202515062744
625015171500
605000406424
315546320100
643136262534
020321231554
321013167752
203074167116
721014762750
203036420010
064240526550
202515064746
203474367744
625015560726
627464074736
725016464312
203575771346
721010664746
455016066302
747136220322
671016464312
203215171750
677457120336
631016464312
203174166712
270321243736
677114274712
270101505132
315011060754
625017167752
203075767346
647114571312
621016272734
673235663500
633376220316
677554571334
677447702032
051326220256
647515020302
203474367744
625015464726
625016464322
715017167752
203475067752
663104066736
733124072336
202354573500
453136271712
745340406424
265424044516
733124071712
627344061736
617276267702
617214571500
623364061312
723514571100
723214167100
747376527010
064246020250
643236320346
617376262500
637236662746
203635772500
723214520344
607355320336
631014162354
627356472744
627445620100
443034420362
677524071706
677454562100
723215171432
053215163720
203375620362
677536220246
406504771530
203635772500
617376566310
203214173312
203174164734
627104060710
667236472302
673074520350
675010262744
657135462762
270101505142
202635772500
643036662500
723214520222
272425620336
631014120332
607456364332
607315467756
270101505144
202515064746
203474367744
625014764754
627464074736
725016464312
203454167326
203374620352
673236662744
717236474500
703454571722
623135672134
020321231500
547376520320
607554520350
643124044534
505344067714
203024070322
673165570336
673164061302
663305602032
051504054736
727444061344
607235620322
715015560710
625015763100
617454560732
203374620356
643134172134
020321232500
547376520302
713124060500
737134567322
625340406424
331013167752
203214173312
203134171334
627104072320
625016260734
655015763100
517035472100
467036271720
202214171354
627476420232
677536362534
020321233500
547376520334
677564064302
733124072320
625011127242
203374620302
202311752246
203075767346
727316460734
721340406424
341012464322
715014567350
647515462746
203635772500
723364072320
625011750212
512032447644
203414171746
737376262134
020321234500
547376520336
613555167752
717317120310
675015667750
203136662734
203214173312
203515062500
445352127100
677144060500
723374171750
627444067754
627345620100
242056572100
723214567032
053515760746
723136220336
733135671500
617035620350
627315420350
647334527122
020321230540
202635772500
607454520346
667036272312
711016464302
671016464312
203075767726
270101505142
305013167752
203036262500
703454572350
745014767736
621340406424
305444054736
725014171312
203554571362
203454571740
627076460704
663125602032
051426320262
677524060744
625015166740
713136371722
733125602032
051426420250
643236320316
647554571500
747376520350
643124071302
673264067714
203334171750
627445602032
051426520250
643236320316
647554571500
747376520350
643124071302
673264067714
203176260734
621015560746
723136227010
064246133100
523215171500
637236662746
203635772500
723214520344
607355320336
631016764764
607454427010
064246133500
523215171500
637236662746
203635772500
723214520344
607355320336
631015564734
677444062312
647517127010
064246134100
523215171500
637236662746
203635772500
723214520344
607355320336
631016764734
673136227010
064240530100
405016260722
673116267740
203075772730
621015364730
661017167752
203235620362
677536220306
677354464750
647375627010
064246120262
677524061736
727314467116
721014262702
721016570100
605015560744
717215560730
663376727010
064246220210
677344772100
617455771746
203035674500
627036272320
737376266746
355011120356
677344772100
633234764350
203155771100
747376527010
064246320256
643036420302
203575166740
270101505150
202224766500
717214165722
673164064734
203337120304
677376471534
020321232500
547376520302
713124060704
663124072336
203575172320
717514167310
203024063312
735015367336
617276327010
064246620262
677524060744
625014161330
625016467500
737236464346
723035662100
605014662756
203275667706
657465602032
051564054736
725014367752
663104072302
657124061312
647354720326
673374365712
621014171336
727354427010
064247020262
677524061736
727314420350
607274520304
627235663500
657355761726
627104060744
677535662134
020321234500
547376520320
607554520350
643124071750
713135663750
641015763100
605015560746
723374467734
270101505142
301013167752
203214173312
203515062500
717516262734
637515020336
631014120332
607476467710
677345602032
051426120262
677536220246
607336367734
267315165712
203476471312
673176464100
663234571500
673376420322
671017167752
711015060722
711304061352
721015167100
723214520336
623376206424
747376520316
647554520336
633145602032
051426220262
677524060744
625016464312
203334560734
627476420346
677344067714
203024061322
723075020322
671016464312
203174166712
270101505012
315567134500
202515062500
617375765500
723216267756
715016473736
203334560750
203075462702
733136271500
703036372100
747376571100
643134162100
265324072320
627624071750
647075320314
607476420322
670321272320
625016760730
661014262720
647354420362
677525602032
051466734560
201012464312
203075767726
203414171350
715017167752
711015060722
711016764750
641014120306
607456664734
635015367322
633125620100
523214172100
737036320306
663376362534
020321231556
345564020202
203334560750
203075462702
733136220356
643237275312
715014274500
607354420316
713037262746
203635772744
203134171134
020321231556
345544020250
643124061720
627144061344
727236362746
203635772744
203155771312
643134162100
737236464100
605015672750
667134727100
202024073712
663504061312
637235671500
723364071322
717125602032
051466734552
201012464312
203075767726
203515771746
627464060500
667134172100
633376265534
201011172100
717515161726
715015167100
747376571100
607455520314
677444060500
667375562734
721304061352
720321274736
725016072730
661015172100
677536420302
673104072320
713376720322
721014260706
655344020262
677524063312
627304073712
607274571100
607464064750
203054171312
663624066722
717474571534
020321231556
345504020202
203314162312
661014371302
717214571500
647356467500
723214520346
647114520336
631017167752
711014660706
625014167310
203475560746
643136320362
677536220324
607574267734
625301505330
627036664734
635017167752
203476062712
617215462746
715340406424
315567131500
202515062500
617375765500
623376571712
715017167752
203575172320
203055764730
647354720356
607514571134
201011772706
641020406424
315567131100
202515062500
617375765500
667376662746
203235620306
663376362500
607354420316
677534762746
203635772744
203075062712
655016764750
641014120306
677455371706
713136727100
202055467736
620321273712
663316320314
713375520362
677536220314
607074527010
064246333562
305004052320
625014367736
655016071336
623534362746
203024061720
607235671702
735014671336
665015172346
203215162322
673164070330
607074520302
673104070344
677074562710
715016467432
053475464706
625014120332
627036466336
607144063344
677324074736
727444072320
647175027100
202055467736
621016372344
627035571500
623376767100
747376571100
663134720302
673104064734
723364074736
727441505346
643374527010
064246333562
301004052320
625014367736
655016373722
673176320302
203334560750
643375765500
607354420322
721014360750
617214571500
747376520322
671016464312
203335162310
663124067714
203635772744
064254364312
717505620100
547376520350
607476462500
613315767710
203455171722
673164064734
203635772744
203515071336
607504060746
203635772500
623136370312
713036462730
745016262732
677554506424
723214520356
627036067734
270101505146
341406020100
523214520306
677375320346
663535570346
203376662744
203375620350
643124071750
677554526100
717515767312
203114560710
271004044322
715014267710
745016262750
727455671500
633455766432
053575062734
617124064750
203074166712
270101505146
341406120100
473234362500
723457126100
613536420362
677536220346
723034220332
647476362746
203515062500
717315166762
203054171750
607454420304
745014120332
647314527010
064246334140
311004052320
625014367736
655016764734
617136320302
715017167752
711014462714
721015367322
633124071750
713375362500
617036461720
627464064322
665015767100
723214520302
713325602032
051467030146
201010266336
677104067736
753136320316
627356466362
203156267732
203515062500
617375765516
715015462714
721014171332
203036320362
677536220326
673234662500
637454175312
715015172134
020321231560
301504020202
203175767710
203415765712
205004054736
725014471302
735014266336
677104063344
677324072320
625014367736
655176320350
643234764134
020321231560
301524020202
203056272750
607304071730
647074520500
202635772500
713135567754
625015064746
203456562322
727464066702
743235572746
270101505146
341406620100
547376571100
657355163312
203074172306
643136320350
643124061736
677264061312
723574562734
203515062500
713234271530
203056572100
643124071312
723454560750
715014262714
677454506424
747376520306
607344072356
647476420302
673104072320
713536372134
020321231560
301564020262
677536220350
643456571750
203314167310
715015767100
723214520306
677375323746
203475766302
711016066312
743536335500
723214520326
673234662500
717515161726
715015167100
633376206424
605015567732
627356420302
673104063302
663316320350
675016464312
203155467736
711344020262
677524064302
717515166362
203454561736
733136220350
643124073712
607415767100
607464072320
625014367736
654321272352
713356320304
663534520302
673104062312
717414571302
723135474500
607516462732
703516320350
675016262706
677554571100
643236320304
713134172320
270101505146
341407020100
407464072320
625014367736
655014367732
627464063336
711017167752
261017167752
203154564734
203214566340
663136371734
627476320304
745014471336
703415167316
203635772744
203275664714
625301505350
643135620350
727455620336
671015064732
203575172320
203024061344
677274567100
613376472330
625014167310
203315762316
625015172100
647344064322
715016464344
677036427100
202635772432
053214171750
647317120344
627075773312
711017167752
711015367322
633124060734
621014173702
647504064322
715015662760
721015567754
625005064714
203035674522
270101505146
341407120262
677524071720
677564074736
727444072344
727124072302
663135672100
607464074736
725014460744
647354766362
203335773312
203235620306
663376362530
203114563350
663624071730
647404074736
727441505326
673234662500
703036372100
723214520306
677375323746
203114563312
673474571530
203035662100
717215773312
203236420322
671014462712
701014262750
737134567100
643236320344
647056327100
202635772432
053516764746
721016464312
203055460710
625014167310
203515071352
717504064750
203235620310
627136062744
203036320350
643124061736
677264063302
663316320304
607075373702
713116320336
727504067714
064254367734
723455766134
201011062500
617035623750
203314171750
203336561720
203315767316
627445602032
051467030540
201013167752
203075766712
203235620330
677564060734
621016366322
617124072320
713134526742
727036272312
713464067714
203515062500
737037120350
643455772716
641016464312
203075767726
237461505330
627165620100
447504064746
203375666362
203214167316
647354720336
671014274500
605016372344
647354727100
202175767710
203475067750
270101505012
301004020100
201004020100
201004025124
251245225124
252132251236
511011647500
512371746500
442132242500
251245225124
251245225010
064245530500
547376520306
607344772100
637364072320
713376563720
203515062500
617135166322
673165602032
051326220250
643136262500
607454567116
721014167362
203215766312
715015167100
723214520314
663375771100
737215161720
203036262500
613234720312
673376563720
203515720340
627455564750
203414171746
607174527010
064245531500
523214571312
203236320302
203476462712
661014760750
625015167100
723214520356
607625602032
051326420250
643136262500
647464067336
723215167316
203056572100
677074560734
203235620350
643036420310
647454561750
647375627010
064245532500
547376520306
607355667750
203076267746
715016464312
203154567306
625340406424
265544052320
625014467736
711015171500
617315771712
621340406424
265564052320
625014467736
711015171500
663374365712
621014167310
203074167334
677504061312
203376062734
627105602032
051327020250
643136262500
647464060500
613375765706
607474520350
643136262534
020321226562
202515062500
617375765500
737235466100
673376420330
627504074736
725014274534
020321226542
301012464312
203315767312
663624070312
713475767100
737375623750
203314572100
747376520336
727505620100
447504060740
703134171346
203036320322
631015062500
737035672346
203635772432
053515720326
627136020320
647324061736
667414167362
270101505132
305424042312
607104042734
621344020222
237324063736
647354720304
607075327010
064245530544
202515062744
625015171500
605016760730
661016464312
713125602032
051326131500
523214571312
203236320302
203454164730
647354720350
643136262534
020321226542
321012464312
713124064746
203024070322
721016464312
713124060734
621011120302
665015667750
203476571312
203234620222
203075772730
621015560726
625015172100
623376767134
064251163100
747376520244
426031446262
203574167350
203515720316
675016464312
713125420362
677524061736
727314420350
713624065352
667415167316
270101505132
305524047336
203334172350
627444064336
735015060744
621017167752
203155460740
261017167752
203575767116
721014666362
270101505132
305544044750
237464060500
663375663500
737037120310
677575620410
064245530556
202635772500
617035623750
203175720350
643036420356
607625602032
051326134100
523214520310
713034767734
203054566330
677576320314
663035562500
607354420340
713136662734
723464074736
725014671336
665016060746
717235663534
020321226542
345012464312
203455173312
711015171500
723375720310
607354762744
677536320314
677444071756
647335564734
635340406424
265446020262
677524061702
671176420316
627504070302
717504072320
625016472744
673476464730
625340406424
265446220250
643124070302
673214167310
663136220316
713034271500
747376571100
607455520302
673104072344
647136320350
675016071362
203515062500
623235562500
633455766500
747376571032
053515163720
723317120306
663376362710
203155171750
271004054736
725016370752
647455520302
737037126100
613536420320
625016071312
733135672346
203635772500
633455766500
627356462744
647354706424
723214520340
643375662500
613375772320
270101505132
311464051736
667136464322
673164074736
725014171312
203074171344
747235663500
737375623750
203155172134
020321226544
321004020100
202515064746
203236320350
643124062734
623174166712
203455767732
271004052320
627454520302
713124072320
677536360734
623464067714
203414567740
663124064312
713121505306
677354771302
723535460750
647354720362
677524060734
621016364302
657235663500
747376571100
643035662134
201012464312
713124064746
203024066752
713336571100
677144021256
643364064746
203515064746
064244351536
637537127756
677334167136
203035662100
737217120320
607554567116
721011120320
627036262100
677144021646
277215166536
643136227500
613134667744
625764220344
647475167316
203156267732
203035567734
635016464312
665344020250
643136262432
053236320302
203115767744
203375620350
643124067336
713515026100
607354420302
203314171316
625016267740
625015460710
623136220330
627034464734
635016570134
064241505100
201004052320
625016062736
703314520334
677515161712
203515062500
623236363752
717515167316
203515064734
635015767100
747376571100
663134720302
673104072320
713376720362
677524061302
617265602032
051326232500
523214520310
677376220322
715016372352
617264060734
621014360734
673376420304
625015770312
673134427010
064245531154
202515062500
717574166740
203236320352
673076267746
717034266312
270101505132
311564052320
627454520322
715015667500
723536267322
673164061302
617264067336
735340406424
265447020222
203115767116
721015367336
735015167100
633455766500
677536420320
627454527010
064245531162
202515062500
737375473312
715016367302
713304060734
621016262714
727474520350
675015462750
203635772500
703036372134
020321226546
301012464312
203215766312
203236320350
677364064322
637204072336
203454560706
641340406424
265466120222
631017167752
203036262500
667134167322
673164072336
203075464732
611016464312
203455770312
261017167752
203214162100
613136472312
711014471336
701016764302
721017167752
203036262432
053074171344
747235663500
633236271750
203475720350
643036420362
677524061702
671015067730
621015767134
020321226546
311012464312
713124064746
203355720356
607624067752
721340406424
265466320250
643124071322
733136220322
715016467736
203475060730
663376720350
675016062744
667236420340
607476360716
625340406424
265466420250
643136262500
607454520306
663234663346
203515062744
625340406424
265466520250
643124071322
733136220310
677136320334
677504071352
671015167100
723214172100
623236262706
723235767134
020321226546
331012464312
203414171746
607174520322
715014266336
617274562100
613624060500
613455161726
203574166330
270101505132
315564044714
203635772500
637364072320
607504073702
745017167752
203575166330
203215172100
723214520344
677075374500
713236662744
203055772350
677325602032
051326334100
547376523744
625015167100
605016372704
667036264734
625304067336
721014167100
607236270330
607354527010
064245531562
202414571320
607416320362
677524071720
677535462100
663036567306
641016464312
203476561100
633236271750
270101505132
321404050312
713214170346
203635772500
717215772730
621015460734
621016464312
203476561100
633236271750
270101505132
321424054736
725016767752
663104062344
677575627010
064245532144
202515062500
637375462100
613315761726
203236320350
677364066302
713174520350
675014664750
203515071336
727175020350
643124064302
723075027010
064245532146
202515062744
625015171500
605014360734
747375620350
643136262534
201011172100
663375765746
203315165712
203635772500
607315567746
721015564716
643504061312
203034266312
064256467500
653535570100
607076267746
715015172134
020321226550
321012464312
203475167316
663124071720
627136420320
607354764734
635014467756
671014671336
665016464312
203575167310
677564064746
203515767500
717215771350
203515720344
627034364032
053515062500
637455772734
621340406424
305010462746
627456402032
051546020240
627355167346
727314102032
051546120240
627355167346
727314102032
051546220250
607315420210
727354502032
051546320240
627355167346
727314102032
051526732500
517234462756
607315302032
051467020220
647175020220
647315402032
051426720250
607315420210
727354502032
051467120230
677564051740
677500406424
321504051322
617274572362
202215772746
624101505150
305011667744
723204051722
623124067714
202455161726
627517120220
677536362410
064246431100
517376572320
202475162312
203374620244
647075362750
745011067752
717120406424
321464041302
617264067714
202455161726
627517120320
677536362410
064246434500
523376020336
631016464312
203116260722
673415170312
020321232540
202455767714
020321232542
202455767714
020321232540
301010172350
647060406424
325446020204
627116267736
664101505152
311424041312
623455767732
020321232542
331011364750
617214567010
064246530560
202315173322
673164051336
677320406424
325446520250
627036220210
727076402032
051444042312
717136272010
064246320210
627474571350
020321232100
423136362744
720101505152
202114571712
713500406424
331010462746
627456402032
051564042312
717136272010
064247020210
627474571350
020321234500
423136362744
720101505142
301010462746
627456402032
051506020216
607454462734
020321232544
202415771306
640101505152
315012567310
627444052320
625011062710
637120406424
325504044302
663156760762
202536002032
051526520222
671012464312
202075467752
623460406424
325564047734
202515062500
413036271312
660101505152
301444044302
663144053702
745010467756
670101505152
301464041336
723515766500
677144044336
663120406424
325406420216
713134172100
443035466010
064246530542
202436562712
671176320216
607454462734
020321232544
331004340536
463375662730
745012267736
665372567330
677354566362
202455767732
274101505152
305444042734
723454167306
625016467500
667037262410
064246530546
202137064750
203515720332
607654502032
051526132100
513036420244
607074502032
051526631100
503477161720
202314161010
064246230144
202451747632
202231620202
202330155212
020321231556
341012247636
465011147100
405011540664
424101505152
311624053302
713234563702
723134420206
607357167734
020321232546
301012372312
627404044734
617315167312
020321232546
305011772750
717234462500
463034760744
627135360410
064246531544
201050667736
621044066322
673120406424
325446320210
647355167316
202455767732
020321232546
315010464734
647354720220
607315402032
051526332100
457236461720
627340406424
325546320216
663036371500
417135166322
673164051336
677324002032
051526233500
467035566736
723204051336
677320406424
325406620212
673104067714
203515062500
523535667312
661015763100
423036265734
627476302032
051526032500
453036060734
627474520216
607315462744
744101505152
301604052352
673354566100
677144042302
713275662746
714101505152
301624042734
623174166712
202455767732
020321232556
331011772750
717234462500
517534273702
744101505152
335564051752
613574174500
517514172322
677340406424
325567120246
727056760762
202476467740
020321232554
341010471302
637375620244
677375502032
051526730500
413036362732
627356402032
051526731100
433377162744
020321232556
315011467702
623235663500
623374365410
064246534140
202414166302
617120406424
325606120246
727056760762
202415460750
633376266410
064246534144
202575766314
202455767732
020321232560
315011560744
745176320244
677375502032
051426120250
677404067714
202475060714
720101505142
311012062734
647356372730
604101505142
315012062734
647356372730
604101505142
321012062734
647356372730
604101505142
331011772750
717234462500
437036462410
064246132500
447356364710
625010760750
624101505142
341010262702
617200406424
305624041312
607075002032
051446020204
627034364010
064246230500
413134161720
020321231144
202054560706
640101505144
315010262702
617200406424
311504041312
607075002032
051446520204
627034364010
064246233100
417374171750
607304051336
607100406424
311564041736
607476460730
202455760710
020321231160
202075760746
723035420244
677034402032
051447120206
677036372302
661012267702
620101505146
301010367702
717514166100
513374162010
064246330500
417374171750
607304051336
607100406424
315444041736
607476460730
202455760710
020321231546
202075760746
723035420244
677034402032
051466420206
677036372302
661012267702
620101505146
325010367702
717514166100
513374162010
064246333100
513534261330
624101505146
335012272704
613314502032
051506520234
535010367744
673136202032
051506620234
425010367744
673136202032
051506720246
535010367744
673136202032
051507020246
425010367744
673136202032
051526132500
413376472336
665015763100
717514164744
715000406424
325566420212
673114760732
625012267736
664101505152
335404041302
723216267736
664101505152
331624044302
663300406424
321406120206
727054520244
677375502032
051506031100
503215767312
202055767750
641000406424
321406320246
727056760762
202516260722
670101505150
301504043752
627476420204
627116267736
664101505150
301524046702
717514571100
413134471336
677320406424
321406620230
607354464734
635012372344
647400406424
321406720202
647456066302
673124041736
617276064750
020321232560
325012367752
723204051720
607314520250
727355662730
020321232560
331011667744
723204051720
607314520250
727355662730
020321232560
335010267750
723375520336
631012364302
633500406424
325607020204
677535462312
711012060746
714101505152
341624041336
727314462744
202414171746
020321232562
301012471302
617276320244
677375502032
051527130500
463374162322
673164042336
617260406424
325626220236
671016464312
202455770312
020321232562
315011767100
723214520244
677414502032
051527132100
437454562734
202455767732
020321232562
325011067750
202476067750
020321232562
331012467740
203374620212
663136660750
677444051720
607156402032
051527133500
413376472336
665015763100
427314573302
723376220246
643034672010
064246534560
202335162310
663124066312
733135402032
051527134500
417535473312
713504071336
677320406424
331406020204
677516467732
203374620246
723375662500
517514570346
020321233140
305012467740
203374620246
723375662500
517514570346
020321233140
311010566312
733036467744
202475060706
654101505154
301464051752
613334171322
673124041302
717120406424
331406420244
647554571010
064246630152
202535662312
713574172312
710101505154
301544041730
647154620240
607476360716
624101505154
301564052734
623136273702
723136202032
051546034100
413535466346
267137162500
533234573410
064246630162
202455173312
711010567310
020321233142
301012373702
667400406424
331426120216
677455167100
513375766410
064246630544
202476760732
700101505154
305464041336
723515766500
677144051750
677354520246
723136071410
064246630550
202515770100
677144051750
677354520246
723136071410
064246630552
202414171746
607174502032
051546133100
503036371702
637120406424
331426720240
607476360716
624101505154
305604044302
663304067714
203515062500
407354364712
673504052336
703375467716
647476471410
064246532540
202135462706
723455161702
661012267736
664101505012
305004020100
201004054736
725014171312
203235620350
643124066722
623115462500
677144060500
733036372100
623136362744
721016372344
627514364322
673164067752
721015167100
607315406424
623236262706
723235767346
270101505146
341013167752
203036262500
607515770100
605015064730
661015167100
723214520332
647114466312
203374620302
203114571712
713505620100
407055773312
203635772530
203024072320
727354462744
643134162032
053236320314
677455564734
635664066336
673164071750
713134165746
203374620330
647175072334
647354720314
663036364100
623376767100
633455766500
723214520320
627036662734
715344020246
723454167316
627317106424
627355772716
641304072320
677534764130
203515062500
663234764350
673235663500
623374571500
673376420346
627135520350
675014262500
717516264726
647354720350
643124063744
677535662134
020321230556
201004020100
202635772500
607454520336
671016464312
203515770100
677144060500
723035466100
623535662500
647344072320
625014462746
627456427100
202515062744
625015171500
064244020100
201014120346
723455767316
203575167310
203075766732
647354720314
713375520350
643124061702
673635767100
677344074736
727444071322
637216427100
020321231562
201004020100
547376520302
713124064734
203024063752
663317127010
064246432100
201004020100
547376520302
713124067734
203515062500
737136372100
717234462500
677144067714
203035620336
663104064336
727474527100
202035466100
723214520312
673516260734
617136320302
713121505304
677036262312
621016570100
607354420322
721014170340
627036271500
607464064714
203515062744
625015171500
673364073702
745016467500
627356462744
203236427100
202515062744
625014171312
064256372312
703464064312
713124066312
607115167316
203536020350
675014120340
677454364134
020321232142
201004020100
202635772516
713124067734
203515062500
673376272320
203475162312
203374620350
643124064336
727474527100
202515062744
625015171500
605016372312
627304062336
677444064312
713125602032
051506220100
201004020262
677524771312
203375620350
643124071736
727515020346
647114520336
631016464312
203215772746
625344020250
643136262500
647464060500
643375462500
647344072320
625016760730
660321267714
203515062500
643376571712
203214571312
261014170340
607454567350
663624063344
677324060500
633456571750
713036462710
202155171626
627444771500
723134171322
673164060500
623375771100
633455766432
053236471500
643235663712
715340406424
321464020100
201004054736
725014171312
203235620304
607075320336
631016464312
203375462100
643376571712
271004040730
661016464312
203575167310
677576320302
713124061730
677474562134
201010106424
663036263712
203116260722
673415170312
261014367754
627454562100
737236464100
633375772340
713235672346
261015462702
623464063344
677324060500
737375762312
671016260722
673054171344
627301505336
671016464312
203176267752
673104072336
203515062500
713375763134
201010120340
607515020330
627034471500
607574174500
633455766500
723214520320
677536362500
723364072320
625014560746
721340406424
321624020100
201004054736
725014171312
203375620350
643124071336
677144067714
203515062500
677314420320
677536362530
203515062500
723235561312
713464061312
663376720362
677524061744
627035306424
607354420316
713374167100
633455766500
747376571100
737135163720
721345627010
064246530100
201004020100
547376520302
713124067734
203515062500
713375763100
677144072320
625015766310
203056564730
623235663534
020321232542
201004020100
202635772500
607454520336
671016464312
203455767714
203374620350
643124067730
621014272722
663115167316
271004040750
203635772744
203154562750
261014120330
607454762432
053476172702
713124064746
203076572100
647344072320
625016364322
673175462746
271004052320
627454520322
715014120320
607354466312
203375620350
643124071742
727036262534
020321232540
301004020100
202635772500
607454520322
671016464312
203036472322
615015763100
723214520336
663104061352
647314464734
635344020250
607454167350
727314120346
703234462744
715014460746
640321264734
723364072320
625014367744
673136271500
607504072320
625014271322
637216467312
717464067714
203515062500
663234764350
271004040500
717514164744
737037120330
627034471500
623376767134
020321232544
301004020100
202515064746
203024072322
673624061312
623455767732
271004052320
627454520322
715014167100
627615172100
677344072320
625014560746
721340406424
325446120100
201004052320
647464060500
723235674500
613134471336
677325620100
523214571312
203236320302
671014574322
721015767100
723214520356
627476420302
673104060500
663036263712
064255067730
625015167100
723214520306
627235464734
635014660744
203034267754
625017167752
711016262702
617205602032
051526133100
201004020262
677524060744
625015167100
723214520326
647514364312
671015763100
723214520336
663104064336
727474527100
202236420322
715015761354
647376571500
723214172100
673361505336
673124066322
733136320320
627454520304
745016464312
203314174712
711015763100
623536372100
737215161720
203075773312
713464062754
627457172320
647354727100
202375620350
643124067336
713515006424
737035466130
203256571750
203034267754
625014120332
627514166100
717235665530
203236320302
671015766310
203574172312
711016072732
701304067704
733235772746
663624072734
727474562100
717235661712
064256464312
203176262702
721014471336
727175072100
607354420340
713374260704
663624072746
627314571746
271004052320
627454520302
713124062760
647516320350
675016464312
203355771350
641304071736
727515006424
607354420356
627476427010
064246530560
201004020100
523215171500
647464072320
625015464754
647354720344
677375520336
631016464312
203375462100
643376571712
271004047734
203375662500
737035466100
647464060500
663036263712
064256067744
723454164750
203374620222
272325620214
647471320310
607514562100
331366330536
335625620100
527354667744
723535660750
627317126100
723214520314
677455562744
203376767312
713464067714
064256464312
203215772746
625015060710
203554571362
203415767744
203514171750
625304071722
673074520350
643124070336
713516260722
721176320346
727055262706
721016362712
667464072336
203214173312
203054562734
064255167100
607344067710
621015567736
621016764322
663124070336
717235663534
201005044500
637534571746
203214520316
677504071722
617264067714
203475172350
647354720346
723235466134
271341505320
627335771344
643375162346
203036262500
673376420352
673214560744
621015763100
647344072320
625014462746
627456427122
201012464312
203475763302
203035662100
723214520344
727164062336
203355772032
053334172306
641014564750
643136226100
677354520344
627105420302
673104072320
625015772320
627444061344
647175072100
703536270330
625344020236
671016464312
203475772750
641016364710
625015763100
723214506424
713375766500
717514167310
203516767500
663036263712
261014272750
203075472750
723136262710
261015560720
677174167362
203055767726
717214566354
627465420302
673104061312
723574562734
064256464312
665015171500
605015460744
637124066336
677275167316
267175460746
715344020222
673075472710
627104064734
203515062500
663234271302
713624064746
203024071740
607074520314
677444072320
624321263302
667235474500
617376074500
677144021214
446471321100
613624044534
465344043322
716265420302
673104061312
673134172320
203236420322
715014120304
727476420336
631016464312
064254172750
643376227100
202515062744
625014171312
203137064750
715016467500
723214520312
607476426100
673376272320
627036372130
203035662100
673376272320
737136372134
201004350136
523214506424
613375765706
607474520320
607464067740
627354562100
677536473702
713104072336
203454573312
607304060500
673376272320
203476460722
713574174500
663134162322
673164062336
737345627536
020321232544
325004020100
202515064746
203236320302
203315767316
203077166322
673116264706
607304061736
713455162336
711344020230
677354720346
723454560726
715015560744
655016464312
203574166330
714321273720
627454520336
727514360746
721015467754
627456320320
607554520306
713234562100
723214564744
203214560744
723464067752
721344020204
627074172746
625015763100
723214506424
617376271322
623376223746
203374462100
717214170312
261017167752
203074167100
717515166330
203154164734
723317120320
627036220350
643124071312
733136261312
713036464736
673461505336
631016367704
715016764322
617204073712
713124072750
723136262710
203114561702
623136320302
637365620100
523214571312
203036262500
703036371702
637136320330
627034464734
635016467432
053515062500
627036372100
607354420356
627476427010
064246220100
201004020100
547376520302
713124064734
203515062500
667234462330
625015763100
605016660746
721014462746
627456420346
723454572306
643235663500
677536420322
671014166330
064254464744
627076464736
673465602032
051464020100
201004020262
677524060744
625015167100
723214520332
647114466312
203374620302
203554171750
203114571712
713504071750
713136461720
647354720336
727504064734
203035466032
053115171312
617515167734
715340406424
321004020100
201004054736
725014171312
203235620350
643124066722
623115462500
677144060500
733036372100
623136362744
721016372344
627514364322
673164067752
721015167100
607315406424
623236262706
723235767346
270101505152
201004020100
201013167752
203036262500
647344072320
625015564710
623314520336
631014120354
607476420310
627474571350
203476471312
723075064734
635015772750
203235620302
663301505310
647454561750
647375671534
201012464312
713124064746
203024072302
663304063312
673074520350
675016464312
203355771350
643134171750
270101505154
201004020100
201013167752
203036262500
647344072320
625015564710
623314520336
631014120354
607476420310
627474571350
203476471312
723075064734
635015772750
203235620302
663301505310
647454561750
647375671534
201012464312
713124064746
203024072302
663304063312
673074520350
675016464312
203355771350
641340406424
335004020100
201004054736
725014171312
203235620350
643124066722
623115462500
677144060500
733036372100
623136362744
721344020250
643136262500
647464060500
723035466032
053154567306
625016467500
723214520334
677456464312
607476420302
673104072302
663304061344
677575620320
627114762500
723364072320
625016367752
723205602032
051604020100
201004020262
677524060744
625015167100
723214520332
647114466312
203374620302
203554171750
203114571712
713504071750
713136461720
647354720336
727504064734
203035466032
053115171312
617515167734
715344020250
675016464312
203134171750
203635772500
617035620310
647474362744
671016464312
203376572330
647354571500
677144060500
613535166310
647354727010
064247120100
201004020100
547376520302
713124064734
203515062500
667234462330
625015763100
605016660746
721014462746
627456420346
723454572306
643235663500
677536420322
671014166330
064254464744
627076464736
673465620100
547376520306
607344071712
625016464312
203374362702
671016467500
723214520346
677536464312
607476427010
064246130100
201004020100
547376520302
713124064734
203515062500
667234462330
625015763100
605016660746
721014462746
627456420346
723454572306
643235663500
677536420322
671014166330
064254464744
627076464736
673465602032
051526732500
201004020250
643236320322
715014120306
677354371312
723124070302
723204073720
647075020344
627474566704
663136320302
203475162312
737035465534
201010120346
647175620320
607354764734
634321264312
713124071702
747464021232
627516267534
211004052320
627454520322
715014120340
607515020330
627034464734
635014560746
721014167310
203476460722
713574174500
663134162322
673164062336
737345602032
051506020100
201004020106
525372464322
715015171500
737214172100
647464066312
633504067714
203575060750
203574171500
677354362500
605014760744
623135620314
677444072320
625016264706
657136474432
053215772746
625344020222
721016760746
203374273322
677536366362
203375661712
203316571720
203035662100
637454562734
261014272750
203355773500
607315420350
643036420344
627334164734
714321264746
203056571334
721014167310
203056267756
671344020202
203475071322
733135462710
203056267756
671015062710
637124071352
673464060730
677354720350
643124067336
713515020312
673104067714
064256464312
203174171310
627345420302
673104064750
203036070312
607456320302
715015163100
677354520306
677535462100
673134171330
745014371302
737304072734
623136220322
721304064734
723361505302
203334171746
203374620310
713234562100
613454167306
643136327100
202515062500
663036263712
203516262712
715016764322
617204067734
617124071750
677374420320
627454506424
607454520334
607274562130
203056572130
203234620332
745014264736
663374774500
647464061736
713454561750
261014120316
677374420310
677536362500
677144073702
723136220332
647175072032
053056264734
635016367732
625015763100
723214566500
613034365500
723364066322
633125627650
643236320322
715016464312
203174171310
627344063336
711016464312
203455161726
627517120320
677536362534
201010166350
643376563720
203236420322
715016467750
607315474432
053535665712
667416426100
723214571312
203036262500
717234767346
203374620330
647154520322
671015172134
201010120346
643455173312
663134420304
713376767100
643134463712
203456567346
203035467734
634321264750
715015667744
723204062734
621304060734
621015172100
607416062702
713464060746
203234620336
673124061736
727314420334
627036266362
203076260756
661016567310
627444064750
261015167350
675014106424
667036371500
677144062344
647134420304
713035661720
627465620100
405016060744
723234372730
607455474500
663036263712
203415460734
721014170340
627036271500
617315166704
607055462534
274101505152
315004020100
201012464312
203056260734
617214571500
677144072320
625015062710
637124060744
625016662744
745016464322
617264064312
713125420302
673104072320
627454506424
647464060500
663036263712
203215766312
203214571312
203114571706
627354464734
635015167350
675014460744
657354571746
270101505152
335004020100
201004020262
677524060744
625016372302
673115167316
203375620350
643124061302
713454566100
647344061302
617264067714
203515062500
433236345500
667035671722
677345620100
523214571312
064255171500
673376464322
673164067714
203235672312
713136372100
643136262530
203035662100
723214520336
673317120356
607624072336
203175720322
715014467756
671340406424
325406220100
201004054736
725014171312
203355773500
643035463100
737037120310
677575620350
643124064336
663125620100
523215171500
647464064734
623134562100
605016260750
643136206424
717516260734
637124067734
625304064750
203236320330
647354562100
737236464100
617536061336
607454471534
201011172100
607416062702
713464060746
203234620346
677334567734
625015560726
627464064322
714321264336
667124064312
713125602032
051526031500
201004020250
643236320322
715016464312
203055772350
677324067714
203515062500
717214163350
271004054736
725014171312
203235620350
643124066722
623115462500
677144060432
053216563712
203415166312
203374620314
627036464312
713464073720
647075020336
613555167752
717317120302
713124072746
627104072336
203076571720
647375620350
643124063302
663316320336
630321272320
677474520356
643364062734
723136220314
713375520350
643124072336
701344020250
643136262500
647464060500
703036371702
637136760762
203314560710
647354720356
627476427010
064246530150
201004020100
547376520302
713124071750
607354464734
635015167100
723214520306
627356462744
203374620350
643124043744
627036420220
607315427100
202515062500
617135166322
673176306424
643136262500
607454520336
733136220142
301404063312
627504064322
637205420336
613555167752
717317120336
727504067714
203454560706
641014667744
203635772534
201011767100
723214506424
673376272320
203475162312
203374620350
643124071336
677324064746
203024033104
203335772746
625015067730
625304060734
621015272746
721016467500
723214520330
627156420336
631015172032
053236320302
203076274746
723035420350
607055462534
201012464312
713124060744
625016372312
703464066312
607115167316
203536020320
627454520350
675016464312
203134171750
271004040750
203515062432
053055772350
677324067714
203515062500
717514570346
203475766712
203336571720
713375766746
203036262500
637455773722
673165620100
405016060750
641015462702
623464071736
727515027010
064246530542
201004020100
547376520302
713124064734
203515062500
707534562734
237464063702
713114567134
201011472746
641016662716
627514172322
677344066322
673136320322
723461505340
607515071534
201011172100
717134566746
203036320350
643376563720
203414567740
663124064302
733124061312
627344064312
713124071312
617135672330
745304061312
617036571712
203515062432
053176260746
715015171500
717515166330
203414161726
627104063344
677324063336
677516071322
673516327100
202515062744
625014171312
203414172320
715014767722
673164062702
717505420334
677456464100
607354406424
717376572320
270101505152
311004020100
202635772500
607454520336
671016464312
203415771306
641015763100
723214520320
677536362534
201012464312
203156267734
721014467736
711015763100
723214520320
677536362432
053236320330
677075362710
270101505152
321004020100
202635772500
607454520320
607314620356
607624072740
203375662500
677144072320
625016460730
663136372130
203476471336
673174571750
203415460734
723464064734
203515062432
052155171626
203154166722
663624063702
713114567134
020321232552
201004020100
547376520302
713124061730
647354764734
635016467500
723214520350
677404067714
203024072302
663305420346
663235520340
663035672134
020321232544
331004020100
201070127636
633144064734
203375662500
617376267312
711015763100
723214520344
677375520346
647516320302
203354171750
745015464750
723314520332
607345620100
447504060740
703134171346
064256464302
721015062500
647464073312
713624066336
673135474534
201011167100
633034372130
202224062336
671176420304
627315162754
625015062500
647464063736
647354720350
675015462750
203536306424
677536420336
631015062744
625304060730
723215772716
641016464312
713124060744
625015761354
647376571500
627615172346
203515720350
643124073712
717504060734
621016464312
203134171750
270321244302
673175167316
203024071720
677456420310
647476460734
617124060704
677554520320
647464071750
677375420322
715014120330
647516466312
203475163734
203074171354
627104064734
723364072320
624321271336
617264072320
607504071312
607116335032
050321220100
201004020100
201004020100
201004020100
201004020100
201007440630
406347606424
064252464312
203315172350
663124066702
671015171500
713535667322
673164064322
715014664734
637136271500
723216267752
637204064322
715014262702
713104060734
621015467736
657235663500
733136274432
053115171750
713136371712
621345752320
627454520322
715014120330
647516466312
203475163734
203214571312
203515060750
203454560710
715641505032
051004020100
201004020100
201004020100
201004020100
201004020100
362031440634
201764037032
051360406424
325426220100
201004052320
647464064746
203515062500
627356471302
673074520350
675016464312
203155171346
721016471352
625015560764
625015167100
607344064734
723136260706
723236662432
053416267716
713035520330
647274520350
643236320336
673125620100
447344067744
623136220350
675015362712
701016464322
673176320346
647336066312
261011120356
647315420344
627154571032
053515720344
677375571500
647344072320
625014667730
663376764734
635016760762
350321206424
201004020100
201004020100
201004020100
201004020100
201004020116
251244720172
203024073702
663305606424
201004020100
201004020100
201004020100
201004020100
201004020116
201004720172
203024071336
677324064734
723364073720
647075020362
677524061702
671015567754
625341505032
052515062500
677355474500
733035464710
203115171312
617515167734
715014171312
202345420246
261010526100
535341505032
052515062500
713375766500
747376520302
713124064734
203315767726
715015464726
625016464322
715641505100
201004020100
201004020100
201004020100
201004020100
201004020524
251245206424
201004020100
201012172712
627344771500
437036262312
671004020102
677361505100
201004020100
201004020100
201004020100
201004020100
201004020524
250321254736
725014171312
203235620350
643124071336
677324066302
613314562100
737236464100
607344023736
675160406424
325426320100
201004052320
647464064746
203515062500
627615172100
633455766500
723214520332
607654527032
050321220100
201004020100
201245220100
251241505100
201004020100
201005225336
675245206424
201004020100
201004026532
265325526432
051004020100
201004020244
607504051302
617120406424
311406220100
201004020100
201324026532
201321505100
202344020100
205245225124
251244106424
535004020212
201024020336
675004020432
051004051500
201004125124
201005225102
064244020100
201004020132
201325520132
020321231556
341004020100
201004020132
201325520132
064244020234
201004020524
251004025124
204321253500
201010520102
251255767524
251021505100
202464020100
205245220100
251244106424
201004020100
201005520132
265005502032
051526132100
201004020262
677524060744
625016372744
713376567310
627104061362
203314171316
625016764322
723124071302
723464060734
621014567336
713335772746
203056262702
623076272746
723465602032
051526631100
201004020262
677524060744
625015167100
503455763312
717475771100
553235561302
713115723746
201012071762
617215766336
637624066302
611344020236
671015767312
203374620350
643121505350
607055462746
203236320302
203475560730
661015560764
625344020250
643136262500
647464060500
717514562730
203115767744
203474572100
677344064312
607557120346
703455167316
715015767032
053515062500
673376272320
203574166330
270101505152
311624020100
201013167752
203036262500
647344060500
667535472322
267075766336
713134420306
607357167734
270101505152
315404020100
201013167752
203036262500
717074166322
673164060500
717514562740
203235661730
647354527010
064246531542
201004020100
547376520302
713124067752
723475162312
203515062500
463034760744
627135360500
433375762100
517136273322
617125420346
723455767316
203374467744
715014171312
064254566702
673036464734
635014671336
665016764750
643235620322
723464073702
663316327100
202515062500
627356471302
673074520322
715016467500
723214520334
677456464134
201012464312
713121505322
715014120340
607515020330
627034464734
635014467756
671014120346
723134570100
647354366322
673124060756
607624063344
677324064312
713125602032
051526331100
201004020250
643236320322
715016464312
201054667736
621044066322
673124060750
202314163702
713134565702
271004052734
633376272352
673036462730
745304064750
203036070312
607456320302
714321264714
203515062500
617375765500
623234467116
721016066302
671014164312
607105420314
677444072320
627624071712
627324072336
203054520336
727504067714
203136662744
747515064734
635344020250
643136262432
053036262500
627615172346
203515720350
643124062702
717504060734
621015667744
723205602032
051526231500
201004020250
643136262500
607454520312
743236471500
723364072320
625014560746
721304073712
717505420302
673104067336
713515073712
717505602032
051526331500
201004020250
643236320322
715015560722
671014464734
647354720320
607315427100
202515062744
625015171500
605016364716
671015060734
637235663500
677344072320
625014560746
723136267032
053574166330
203515060750
203474174746
350321206424
201004020100
201004020100
201004020100
201004020100
201007420226
446510344212
471007602032
051526332100
201004020262
677524060744
625015167100
723214520326
647514364312
671015763100
723214520230
607174171312
627274120310
647355167316
203214166330
271004052320
627454520302
713121505330
607454762500
717515767312
203574166330
715015767100
607315420314
677536220346
647114571500
677144072320
625016267736
665344020202
671014574322
721015171500
723364072320
624321273712
717504060734
621014120310
677376220322
715016467500
723214520312
607476427100
201070727650
643124062336
677444064746
203416267740
703134420336
703135620304
745014120304
663374365500
677141505316
677314427650
643124062336
677444064746
203475072750
203035662100
663374365712
621365602032
051526631500
201004020262
677524060744
625015167100
605016267736
665016764750
641014120320
647175020316
663036371500
617135166322
673164071752
703415771350
627104061362
203155772744
203314171316
624321270322
663314171346
271004047312
607444072320
625015667744
723204073702
663304060744
625016367732
625014567336
713335772746
203336571720
713375766746
271004052320
627454520322
715014120316
607415167316
064255067730
625015062744
625015167100
723214520334
677456464100
737035466134
020321232544
335004020100
202515064746
203236320350
643124066702
667335772320
203455767732
271004042344
607575620336
671016464312
203074564730
647354726100
243034267752
721006130140
203154562750
203536024432
053036262500
717136662744
607304071726
627514364312
715015763100
703454564322
717515771322
615014167322
667035471534
201012464312
713124064746
203024071750
627034474500
737235662100
613315773722
673161505320
627454526100
737215161720
203236320340
713374260704
663624062352
625016467500
723214520312
673376266736
727475662746
715015763100
723214520344
677375527100
202515064746
203455767732
203214171432
053414171746
607174571500
663134162322
673164067714
631015167100
627554571362
203075767306
627236660704
663124062322
713134372322
677345602032
051526033100
201004020106
535373167752
203036262500
607504072320
625014567310
203374620302
203176262702
721016472734
673135420346
723454572306
643235663500
677536420350
675016464312
064256367752
723205620100
437534171310
647354720350
643236320312
673104067714
203515062500
723535667312
661015171500
605016360732
727454164500
737036271322
677444062344
627476362710
064255167100
633535466100
613036472330
625014171332
677445620100
447344064322
715016264716
643504064302
673104064312
203215766310
715015064746
203315767316
203076571354
627101505326
647315464734
635016373736
713105620100
517315163720
723317120336
633144072336
203375662500
717234462500
677144072320
625016267736
665015171500
605015460744
637124063744
607355172312
064256366302
611344020210
627136066362
203135561312
623114562100
647344072320
625016366302
611015171500
605016373736
713104067336
721016567330
647274520350
643036420336
631016464312
064256760744
713235771130
203056572100
633036220332
677454520312
663134760734
721015167100
717214170312
203035662100
717517166312
271004044750
203236320314
607475064736
673134420356
647515006424
605014767730
621014266302
623125420302
673104066336
677276320330
647274520334
675004351536
667035627756
677334167136
203314571746
203515060734
203024021646
277275167316
277436562712
671364062312
717136273312
715016467500
727474520322
721345754736
725014171312
203036420336
673124062734
621015763100
605014771312
607504072352
673354566100
663134162322
673164071736
727515020322
673515720310
607455367312
717465606424
477154620350
675015767312
203475162312
203236320302
671014567336
713335772746
203455761726
271360406424
325406520100
201004054736
725014171312
203235620356
643036420344
627334164734
715015763100
605011260740
607354571712
203574171330
677454423746
203154572710
607304064336
667125606424
473134171330
745016464312
203135672322
713124064336
727474520320
607464061312
627344062312
717516267762
627104061362
203335767346
677375671534
020321232540
341004020100
202635772500
607454520322
671014167100
627616471312
667135474500
623036265500
723535667312
661344020250
643136262500
607454520330
647175072346
203036420350
643124067336
713515006424
607354420346
677536464100
627354471534
020321232540
345004020100
202515064746
203236320350
643124062734
623174166712
203455767732
271004052320
627454520302
713124072320
677536360734
623464067714
203414567740
663124064312
713121505356
647515020310
727055167752
715015467736
657464067734
203515062722
711014660706
627465620100
523214571312
203236320302
203336571332
727444067714
201052764336
203236320350
643236320106
515374772762
277575766702
671361505302
673104073720
745014467712
715004351536
643125771720
625364072320
647355320106
515375062536
717214527516
715014767722
673164072336
203174572100
647356467500
723214520312
673114760732
625764220344
647475167316
203156267732
203035567734
634321272320
627325620100
523214571312
203236320302
203115767744
203375620350
643124067336
713515026100
607354420302
203314171316
625016267740
625015460710
623136220330
627034464734
635016570134
020321232556
331004020100
201012467500
723214520356
627476420322
715014120340
607476360716
627574174500
613137167734
621016764322
617204074736
725014360734
203214560744
203515062500
617375671750
607356406424
713535561330
647354720336
631016471302
647356327010
064246533556
201004020100
202515062500
737035466346
203214571312
203036262500
617376662744
627104073722
723204062344
647134420304
663375762100
607354420340
677476462744
715015763100
407634172336
663314164032
052275067732
627235664534
201012467500
723214520356
627476420302
713124072344
607235620350
713034365746
203575172320
203024072344
607235620344
627034474500
723364062312
703036272134
064250120350
727455671750
647314520340
713136662734
723464074736
725014671336
665016262702
617215167316
203515062500
723454164734
261014272750
203635772500
617035620316
627504072336
203515062432
053516260706
657464061362
203175764734
635014467756
671344020202
203475560730
661016364716
671016360762
715641505104
423035663712
711024020210
675015667750
203175720334
627036220350
643124072344
607075371502
210101505152
335624020100
201004052320
647464071750
677404064746
203515772302
663317120304
607456262734
271004052320
627454520322
715304064336
737136662744
261014120306
677456264710
677444066312
607115167316
064254560746
721344020250
643136262500
647464060500
723454164734
203214571312
203575172320
203236471500
623375771346
203376062734
270101505152
331604020100
201010120340
607476360716
625015462702
623464067336
713515062702
717505420304
727504064750
203236320316
727036262312
621014274500
605015072716
625304063744
627135626100
633234571306
624321262344
607175767134
201013167752
203074167100
663134173312
203515720350
643124073712
717505602032
051526730500
201004054736
725014171312
203235620350
643124061302
717135562734
721015763100
723214520336
663104064336
727474527100
202515062744
625015171500
605016060746
717034762432
053314560710
647354720356
627476420302
673104071750
607236271500
663134162322
673164072740
270101505152
335444020100
201012464322
715015171500
723214520314
677634571100
677144072320
625015766310
203215772746
625344020250
643136262500
647464060734
203137064750
203515720350
643124071736
727515027010
064246533546
202024071732
607315420346
647175620346
607636335032
050221104676
576773757676
576773757676
576773757676
576773757676
576773757676
576773757676
574321204422
047704020100
517075062710
727314562100
633376220344
627355773302
723235767346
201017406424
044221176022
044224020100
201004020370
064241104422
761010664746
455010367734
717516272706
723235767100
537376265746
202235661534
203704006424
044221176276
576773757676
576773757676
576773757676
576773757676
576773757676
576773757770
064241505250
643124066336
607115167316
203115761726
203236320346
727456267752
673114562100
613624060500
713236662744
261014167310
203515062500
657236461720
627344064746
203515720350
643121505356
627476427010
064246534140
202515064746
203236320302
203314171316
625016060730
607074526100
737236464100
607344062760
647504064746
203515720350
643124071736
727515073712
717505620100
523214506424
216465765722
673165770752
627135627500
717134566746
203515720304
625015772750
271004040500
713134362734
721014560744
723216172702
657124064302
715015770312
673134420352
701014106424
703036371702
637124072336
203515062500
627036372134
020321232560
305013167752
203036262500
673376720336
671016464312
203476561356
607624070330
607514667744
665344020222
671014671336
673504067714
203635772500
647464060500
717534273702
744321272344
607235620356
647515020322
723464062336
677456320336
703135627100
202374663100
723364067734
625016364710
625016372302
673116320302
203314171316
625016364716
671016764322
617201505344
627034471564
064241505032
051325526532
265325526532
265325526532
265325526532
265325526532
265325526532
265325526532
265325526532
265325526532
265325526532
265325526532
265325526532
265325526532
265325526532
265325526532
265321505100
201004020100
201004020100
201004020100
201004020100
201004043322
716264040744
627024051302
703234420250
713035671722
720321253712
663075766712
203515720350
643124073736
713314423746
203154171750
627476420302
673104066736
717504062734
627454774532
627154664706
647135672100
717534273702
745016471302
647344120100
523215171432
052155171626
203414172312
673514562100
717534273702
745014462746
647175620334
627134471500
677355474500
605014274750
625015763100
627354571316
745016467500
657134570100
647504071352
673355167316
270321252320
647464072344
607235620322
715016467750
607315474500
607536467732
607515161564
202575062734
203515062500
623375771346
203376062734
261016360762
201054267702
713104220350
675014567350
627447306424
737214567100
747376520310
627075162312
203515720330
627036662530
203474174500
213115171712
667054171326
211015771100
213314560754
625344220100
523214167326
203635772500
633376220344
647115167316
064256764750
641010664746
455304060734
621015060740
703624066302
673115167316
715021505032
051325526532
265325526532
265325526532
265325526532
265325526532
265325526532
265325526532
265325526532
265325526532
265325526532
265325526532
265325526532
265325526532
265325526532
265325526532
265321505032
050321220100
201004020100
202515062744
625015171500
605016471302
647344064312
713124073722
723204064750
715014467736
713464067740
627345602032
051527031100
523214571312
203036262500
627615172346
203515720350
643124062702
717504060734
621016762746
721344020250
643124062702
717514571334
203375662500
647464070302
713515474432
053055467706
657134420304
745014120340
607236220336
631016767730
733136327010
064246534146
202635772500
643036662500
633376567310
203515062500
737037120304
607075320350
675016464312
203375462100
643376571712
271004052320
647464071336
677325420310
627075771302
723134406424
607315420322
671016064734
655014167310
203414571314
627076466362
203036271302
673174562130
201015761354
647376571730
745014262730
677354771500
723364060500
663236472330
625014764744
661341505262
677524066702
745014462746
617135662100
723216267752
637204060500
643375462500
647344072320
625014666336
677445420304
727504044500
623375623750
203515064734
655017167752
203075772730
620321263712
721014260706
655016570134
201010120340
607476360716
625015462702
733136320350
675016464312
203574571750
270101505142
305013167752
203036262500
607504072320
625016467740
203374620302
203475060714
721015462702
623235663500
623376767100
647356467500
605016360730
721015564734
625340406424
305444054736
725014171312
203375620302
203176260746
717624070330
607235620336
671014120340
627355167346
727314120336
631016464312
203236366302
673105620100
523214520336
617134167100
647464072336
064256464312
203574571750
203035662100
723214571312
203236320302
203154567306
625016467500
723214520346
677536464134
020321230550
202635772500
607454520336
671016464312
203415460722
671015167100
633455767350
203374620302
203475560730
661016364302
617265620100
437454574500
633455766500
747134171346
064255763100
737134172320
627455167316
261016464312
203054172350
627454562100
613535166310
647354720330
677375371500
607464072320
677534764100
647504073722
663304063302
663304062336
737344060734
744321266722
673536462534
201011172346
203314171316
625014467736
713464064302
733124063302
663314567100
677154626100
607354420350
643124063702
703235663500
643375462500
723364072320
625016762746
721016764730
660321270312
713335172100
627036374500
627356471362
270101505142
315013167752
203036262500
677344060500
637454171746
745016066302
647344067734
203024070312
673235671752
663024067714
203515062500
647475460734
621344020250
643136262500
647464060734
064255761712
607344067734
203515062500
673376272320
270101505154
301013167752
203036262500
677344060500
703135664734
717535460500
677144072320
625015171730
607354427100
202515062500
677074560734
203236320350
675016464312
203355771350
641014167310
064256464312
713124064746
203024061702
673635767100
723364072320
625014560746
721340406424
331464054736
725014171312
203375620350
643124062702
717504071722
623124067714
203515062500
617035674736
671344020250
643136262500
647464060500
633135661712
203515720350
643124071736
727515020032
053035662100
723214520336
617134167100
647464067734
203515062500
627036372134
020321233144
202635772500
607454520336
671016467740
203374620302
203514166330
203116567312
203375620350
643124062702
717504071722
623124067714
203515062500
617035674736
671344020222
721015171432
053554571362
203575167310
745016570100
643136262502
020321233142
202635772500
607454520336
671016464312
203134171750
203475162312
203374620350
643124061702
673635767134
201012464312
203374362702
671015171500
627036372100
607354420334
677456464134
020321230552
202635772500
607454520336
671016464312
203355771350
641016364710
625015763100
605015560746
717236662500
717514562730
203174172312
271004052320
627454520322
715014120306
607357167734
064255767100
747376571100
713234764350
270101505142
331013167752
203036262500
677344072320
625016367752
723204071722
623124067714
203024066702
717475173312
203476462712
661014760750
625340406424
305604054736
725014171312
203375620302
203055460706
655016360734
623464061312
607075027100
202515062744
625015171500
677074560734
203375620350
643124067336
713515020302
673104067734
203515062432
053574571750
270101505142
345013167752
203036262500
677344060500
613314161726
203474167310
715014262702
617205620100
523214571312
203236320336
617134167100
723364072320
625015667744
723205602032
051446020262
677524060744
625015767100
605014266302
617264071702
673116320304
627034364134
201012464312
713124064746
203374362702
671016467500
723214520334
677456464134
020321231142
202635772500
607454520336
671014120304
663034365500
717035662346
203054560706
641344020250
643136262500
647464067706
627035620350
675016464312
203355771350
641014167310
203375620350
643121505312
607476427010
064246231100
547376520302
713124067734
203024061330
607075320346
607354471500
613134161720
271004052320
627454520322
715015761712
607344072336
203515062500
673376272320
203035662100
677344072320
624321273712
717505602032
051446320262
677524060744
625015767100
605014266302
617264071702
673116320304
627034364134
201012464312
713124064746
203374362702
671016467500
723214520356
627476427010
064246232100
547376520302
713124067734
203024061330
607075320346
607354471500
613134161720
271004052320
627454520322
715015761712
607344072336
203515062500
737136372134
020321231152
202635772500
607454520336
671014120304
663034365500
717035662346
203054560706
641344020250
643136262500
647464067706
627035620350
675016464312
203574571750
270101505144
331013167752
203036262500
677344060500
613314161726
203474167310
715014262702
617205620100
523214571312
203236320336
617134167100
723364072320
625016762746
721014167310
203475772750
641340406424
311564054736
725014171312
203375620302
203455760710
203575064706
641016272734
715014166336
673164072320
625016367752
723204071720
677454520336
631016464312
203236366302
673105602032
051447020262
677524060744
625015767100
605016267702
621016764322
617204071352
673464060730
677354720350
643124071736
727515020346
643376262500
677144072320
625015171730
607354427010
064246234500
547376520302
713124067734
203024071336
607104073720
647075020344
727356320302
663375663500
723214520346
677536464100
717215771312
203374620350
643124064746
663035662134
020321231540
202635772500
607454520336
671014120344
677034420356
643234364100
713535671500
607315767316
203515062500
717376572320
203475067744
625015763100
723214520322
717314167310
270101505146
305013167752
203036262500
677344060500
713374162100
737215161720
203456567346
203036267752
673104072320
625016367752
723214560746
721014367744
673136220336
631016464312
203236366302
673105602032
051466220262
677524060744
625015767100
605016267702
621016764322
617204071352
673464060730
677354720350
643124062702
717504071720
677454520336
631016464312
203236366302
673105602032
051466320262
677524060744
625015767100
605016267702
621016764322
617204071352
673464060730
677354720350
643124062702
717504071720
677454520336
631016464312
203236366302
673105602032
051466420262
677524060744
625015767100
605016267702
621016764322
617204071352
673464060730
677354720350
643124062702
717504071720
677454520336
631016464312
203236366302
673105602032
051466520262
677524060744
625015767100
605016267702
621016764322
617204071352
673464060730
677354720350
643124062702
717504071720
677454520336
631016464312
203236366302
673105620100
523214571312
064255171500
605014662734
617124072336
203515062500
673376272320
203515060750
203036070312
607456320350
675014262500
727354371336
717474161330
625340406424
315544054736
725014171312
203235620302
203415166312
203374620344
727054266312
271004052320
625016262732
607235671500
677144060734
203375462100
613535166310
647354727010
064246333500
547376520302
713124064734
203024070322
663124067714
203456561304
663125620100
523214520344
627334164734
715015763100
607344067730
621014272722
663115167316
270321252320
625015761712
607344066322
627464072336
203515062500
717376572320
270101505150
325013167752
203036262500
607504072320
625015667744
723216762746
721014367744
673136220336
631016464312
203215772746
625340406424
321544054736
725014171312
203036420350
643124067336
713515062702
717504061736
713354571100
677144072320
625015067752
717125602032
051506720262
677524060744
625014172100
723214520346
677536464356
627476420306
677455662744
203374620350
643124064336
727474527010
064246434100
547376520302
713124060750
203515062500
717376572320
627036372100
617376267312
711015763100
723214520320
677536362534
020321232554
345013167752
203036262500
647344060500
643035466356
607625620100
523214571312
203036262500
623375771346
203235620302
663335771750
203035466100
623236262706
723235767346
270101505152
335404052320
647464064746
203515062500
613036464344
677375520336
631016464312
203375462100
643376571712
271004052320
627454520322
715014167100
627615172100
677344072320
625016367752
723205602032
051526132500
547376520302
713124060750
203515062500
613376472336
665015763100
605014666322
637216420336
631016372302
647456327100
202024070302
717474163712
203314560710
715016367752
723205602032
051526732100
201004020250
643236320322
715016464312
203135662316
607334520344
677375527100
202515062744
625014171312
203515067752
717035662346
203374620340
627376066312
203214571312
064254367734
637454172352
663036464734
635017167752
203035662100
717214165722
673164074736
727444064302
673105620100
523214571312
203236320302
203336571332
727444067714
201052764336
203236320350
643236306424
216465763752
745376767732
607345720302
673104073720
745015060754
627344772100
445015062702
713104067714
201072327720
647325764312
711364061312
633376262576
211016264746
647354720314
713375520302
667375663500
723214566534
201012464312
713121505322
715014120310
677376220336
671016464312
203355771350
641304060734
621014120330
607454762500
713376062500
663034462312
711015462702
623235663500
727405602032
051506030500
201013167752
203036262500
647344072320
625014362734
723136220336
631014120346
667035466100
617534264706
663125620100
477344072320
625015667744
723204071722
623124067714
203515062432
053455767732
203515062744
625015171500
607344067730
621336464732
625016760730
655335167100
703215767312
203055767750
641344020204
627516762712
671017167752
203035662100
723214506424
613375772320
261015067756
627554571130
203236320302
203176262702
717624070302
673214167310
663136226100
737215720346
627135571500
723364061312
203574172306
643235663500
747376506424
733136274500
617036262714
727315474534
201012464312
713124064746
203355720356
607624067752
721340406424
321406220100
547376520302
713124064734
717234462500
605016064336
673124061336
677515027100
202515062744
625015171500
605016064336
673124064302
673175167316
203214571312
270101505150
301504052320
647464061312
623455767732
203036070312
607456320350
675014262500
727356571712
621344020222
671014660706
721304067734
625015564716
643504063752
627476320350
643036406424
673364067750
643136220312
743415467744
627444064302
621014573312
711014567350
627454562100
647505620100
517516260734
637135474500
627355772716
641304072320
627454520322
715015667432
053054562100
643136262534
201012464312
713124060744
625014120310
677376273702
745016467500
723214520312
607476426100
605016064336
673124061336
677515020350
675016464312
064256367752
723205420302
673104060500
737235662336
735015167100
723214520334
677456464100
737035466134
020321232140
325010167100
627616471312
667135474500
667536361752
663036220362
677535663500
667035620322
715015474722
673164067734
203515062500
613134426100
607416060744
627356466362
203036366312
627405621620
274321244734
203215171500
667376572320
203236320336
673124062734
621015763100
605015067746
625016464302
721015462702
623464067752
721016464312
203115767744
203235672336
203515062500
673137072100
713375766534
275361505202
617075771310
647354720350
675016464312
203137072312
673475173312
203454560710
647354771500
445016760746
203454570752
647454562100
723364062336
203375620214
647471320316
627354567730
677177126032
053515062500
747376567316
203334167100
647464044534
465344771500
673136064312
735014167310
203375666362
203476571354
647555167316
203454566302
723236662530
202515767362
201052464312
202515771350
727454571104
064250664746
455304060500
633376266712
711016767744
663104070344
677154571746
647375660730
203576262746
723315167316
203075060732
703235767134
201012464312
713124064746
203024062336
677456760762
203515706424
723214520356
627476427010
064246430154
202515064746
203236320350
643124043322
716264070344
647554172312
203314167310
647354720346
723455170134
201012464312
202155171626
203154166722
663624060722
713415460734
625015171500
677344072320
624321271750
713236026100
713134672712
663134420302
673104071312
607117120350
675014767534
216325720100
433535562746
203036262500
703376571322
673164067752
721015763100
723214520312
743214172746
721016064740
625345727432
052515062744
625015171500
605014660752
617136420320
627454521614
275304073722
723204073702
723136220314
663376764734
635014671336
665015172136
271360406424
321406720262
677524060744
625015167346
647114520350
643124070330
607354527100
202515062744
625014171312
203475766712
203235671750
713534372322
677356320320
627454527010
064246630542
201013167752
203036262500
717514167310
647354720322
671016464312
203074567350
627444067714
203024066302
713174520344
677375527100
202374663100
647344072320
625014367744
673136206424
663234571500
605015072716
625010526704
727464043736
713124061736
733136262710
203575172320
203056563746
203035662100
637376263722
673164064322
667474566314
203375620332
607175662750
647064072302
703125606424
447504060740
703134171346
203036320322
631015062500
643036320346
663236070312
621014120310
647475326100
633376220320
647464071762
717514566500
623374571734
237504071712
627324072336
203054506424
713535667322
673165620100
413236471500
677144064322
665014171312
203474360750
723136262710
203034267752
721016464312
203455767732
271004052320
625010526704
727464043736
713124064746
064254364302
713175167316
203455163720
721014667744
203635772534
201012464312
713124064746
203024070302
723204066312
607115167316
203376572100
723364072320
625016367752
723205602032
051506031500
201004020100
523214520346
727056760762
203574166330
715014171312
203114561736
713036462710
203575172320
203176260714
633236464500
607354420302
623554571350
647474566712
673516320314
677441505232
616115767302
663116327100
202515062500
717134172346
203214173312
203035466100
613134567100
623136372344
677634562166
203635772516
663304064302
733124072336
203476460734
621340406424
325606520100
202635772500
607454520322
671014120350
727355662730
267315165712
203414171746
607174573702
745014360744
733134420322
673515720350
643124071736
633504071720
607314506424
713374365500
677144072320
625015761712
607344061312
621344020250
643124073702
663316320336
631016464312
203516567334
627304060744
625016767744
671016366736
677515026100
607416060744
627356466362
064256464312
203454571752
663504067714
203634560744
715015763100
737036462744
203136267746
647375627100
202515062500
723535667312
661014367734
723235672712
715016467500
723214520334
677456464130
064254167310
203376062734
715015772750
203515720350
643124071736
727515027010
064246534154
201004054736
725014171312
203235620302
203516567334
627305566322
657124070302
717474163712
737037120306
607456662710
203235672336
203515062500
717374672100
717214166312
064256267706
655015763100
723214520336
617134167100
613134427100
202515062500
737035466346
203374620350
643124072352
673354566100
607454520356
677455620346
667375772320
261014170340
607454567350
663621505350
643124071312
717535472100
677144074712
607456320336
631016760750
627444062744
677475167734
271004052320
625014164744
203214571312
203236320316
627516464734
635015667750
647074560704
663621505332
677454520320
727335162130
203035662100
605015464716
643504061344
627137262500
617035620304
625014662730
721014266336
737235663500
623376767100
723214520350
727355662730
203156267732
064256464312
203355771350
641340406424
325606720100
201004054736
725014171312
203036420350
643124061336
723515766500
677144073720
607504073702
715015767306
625014120346
643034672100
633376220302
203475166354
627444066722
673125606424
477154620350
675015767312
203475162312
261015464716
643504070336
727456320310
677575620350
643124071720
607156420336
631014120320
727174520312
663136660750
677444073720
647075006424
607416060744
627356466362
203574171500
727474562100
633376220350
713035671740
677456464734
635016767744
657136271500
607354420332
607514571322
607316320322
671014167310
203376572100
677141505350
643124066722
673125620100
523364072320
625014560746
721017167752
203074167100
717134520302
203216563712
203055772730
623136226100
737236464100
605016372352
713117120346
617454573532
627634506424
623455166330
627104064734
723364064750
261016764322
617204071750
713136461720
627464060730
661016464312
203574174500
647356467500
723214520334
627616420344
677375527100
202375620336
673121505356
607315420322
715014120346
647354766312
203455772734
621014272750
723375627100
202535663336
713516567302
723135474530
203515062500
613536472336
671015171500
663034262730
627104064734
064255761346
617536262500
607354420352
673235672312
663315163722
613314520232
727114466312
351004044650
515015560744
657235663746
203036262500
667134167322
673175462746
715344020240
607515071432
053314560710
203374663100
723364072320
625016367752
723205420312
607476426100
607354420334
677456464134
020321232560
341004020100
202635772500
607454520304
607454566362
201526020314
627136420314
713375520350
643124061336
723515766500
677144072320
625015564734
625016364302
633505420304
727504072320
624321270302
717474163712
737037120322
715014266336
617274562100
613624072320
625014267752
663114571134
201010120340
607476360716
625015462702
623464073712
717505602032
051527034500
201004020262
677524060744
625014260744
627317120152
301014662712
721014671336
665016464312
203055772350
677324067714
203515062500
667235662500
717214163350
355016464312
064254267752
663114571100
643036320304
627135620332
677554562100
305564064734
617214571500
633455766500
647516320336
713234764734
607304070336
717236464736
671304072734
617376662744
647354720302
064255664706
643124064734
203515062500
637455772734
621014167310
203454573312
607315167316
203515062500
737136372312
713344062710
637124067714
203024062312
627404070322
721014671336
665016764322
617201505312
667035660750
627464060500
613036262730
745016664746
647055462500
637454562734
203315163720
721344020214
677444072320
625015462746
715014271302
733125420350
643136262500
647464060730
717364060432
053414171746
607174520330
627034464734
635016762746
721304060756
607624063344
677324072320
625016064750
270101505152
345404020100
201013167752
203036262500
647344060734
203137072344
627334566362
203575162312
203355771350
641336367752
723204070302
717474163712
737037127100
202024072344
607235620332
727476406424
643036662500
713535620310
677575620350
643236320340
607476360716
627574174500
607504067734
625016464732
625304071722
673074520350
713034365746
203456567100
723216267752
637204064312
713125606424
523214571312
203236320302
203315163720
721016467500
723214520346
677536464134
020321232562
305004020100
202635772500
607454520302
723376020350
643124071312
667035167346
203374620302
671015766310
203315760710
647354720310
677075327100
202515720350
643124067336
713515006424
647464060500
733036372100
717574166740
271004044750
203036070312
607456320302
715015163100
723214520346
737035570100
737036320336
673074520306
677554571312
621016764750
640321273702
723136220350
675014667744
665014120330
607274526100
613536420350
643036420350
643124073702
723136271500
643036662500
713134362710
627105620100
216045740500
713236662744
203476464730
660321271352
673464064734
723364072320
625016373702
667404063344
677324072320
625015667744
723205420320
677574573312
711304066702
657235663500
723214520346
737035570032
053535661744
677476360704
663125620100
523214571312
203236320302
203115166302
703234460750
627104066702
617215167312
203476472706
655015167100
723214520304
713376767100
677377262432
053374620350
643124071756
607336020304
677516467732
261016071336
613034266362
203314563350
203156267732
203515166712
715016764312
671016464322
715014171312
605016362744
733134420302
714321260500
663374162322
673164062336
617264063336
711016464312
203475166354
627444066722
673125620100
523214520336
673317120340
607476360716
625014173702
745014671336
665015062744
624321266312
607116320346
677536464134
276024070302
717474163712
064255462702
623464071736
727515027136
020321232562
311004020100
202515062500
737037120310
677575620322
715015464750
203057120302
203154164734
721014771312
627344066322
637216420314
713375520304
627315773534
020321232562
315004020100
202515062500
637454562734
203315163720
721015060746
203054561736
667124060500
613236420304
713234764350
627445602032
051527132100
201004020220
607555167316
203454560706
643134420350
643124062734
621015763100
747376571100
713376062530
203635772500
633235662100
747376571346
627314620302
721014167100
677414567322
673161505322
671016464312
203475162312
203374620350
643124070322
721304073720
627454520340
643376370320
677454571706
627356420344
677075371500
717074172350
627444064322
623135772746
203176262712
670321266322
637216420352
703375620350
643135171100
717536271336
727354464734
637465620100
405016472734
673135420330
627034471500
737136372130
203035662100
723214520340
647504061736
673515167352
627461505310
677575620322
673515720310
607455367312
717465602032
051527132500
201004020250
643124070320
677476067744
627474362734
617124061312
617375562746
203154164734
723136220302
715017167752
203454560706
641016464312
203135662100
677144072320
624321272352
673354566134
201012464344
677534764100
723214520350
643234365500
717515767312
203574166330
715017167752
203214560744
203337171750
627455167752
715304070322
723234672730
203574164730
647354771534
064252367732
625014460734
637136267752
715015467736
657235663500
717515767312
203476462740
715014171706
627354420346
723454164716
643504072740
203235672336
203474566722
267114171326
673136371534
020321232562
331004020100
202635772500
607454520322
671016464312
203135462754
607515771100
607504072320
625016467740
203374620350
643124071720
607156427100
200101505152
345564020100
201013167752
203036262500
647344072320
625014566312
733036467744
203036420350
643124061336
723515766500
677144072320
625016364302
633505620100
477536471722
623124064746
203515062432
053055772350
677324067714
203024066722
673124071720
607156427010
064246534560
201004020100
523214571312
203236320302
203516567334
627304066312
607115167316
203036760762
203515720350
643124073712
717505620100
523214520356
677454471500
212135570330
677634562746
064251767330
745304220302
713124062750
617214562100
647344060500
717234767100
643035663722
673164063344
677324072320
625014362722
663235663534
201012464312
203135462754
607515771100
717214163350
064254767712
715014267750
641016570100
607354420310
677575627010
064246534562
201004020100
523215171500
647464060734
203375462100
617535473312
713504072320
607504062312
617135662346
203235672336
203114171326
673136371534
201010120346
647175620344
627034471432
051052567310
627444041736
673476471352
617515167734
201325520234
675012060746
717034762500
527356464730
202156571350
643136220234
677515161712
271044020246
677334520346
723134570100
717515767312
064256372312
703464062312
617135662100
647356467500
623036265734
627476326100
607354420302
203414171746
607174520330
627034471500
627036372134
020321233140
301004020100
202515062500
717514570346
203135662100
643136262500
607174164734
717504060500
717375464710
203056264706
655016760730
661016764750
641014120314
607235672100
637454562734
647475006424
637315773534
201011172100
607416062702
713464060746
203234620350
643124070302
717474163712
203214171500
613134567100
617315771712
621016467500
703454573312
673504062734
723457127100
202515062744
624321264746
261015067756
627554571130
203024071732
607315420320
677314520322
671016464312
203074567350
627444067714
203515062500
737035466134
020321233140
305012464312
203476462740
715014567310
203214571312
203034760722
673476420302
203475766322
621014271322
617264073702
663304073722
723204060500
633035167350
203176262712
673236364032
053175467756
271004044750
203036070312
607456320302
715015163100
723214520340
607476360716
625015060746
203054562734
203075467746
627104072336
203416262754
627356420312
673516274534
201012464312
713121505302
713125420320
677574573312
711304060500
717334166330
203215766312
203235620350
643124061712
673514571100
677144072320
625016760730
661014167310
203024067302
713455773500
703036371702
637121505330
627034464734
635016367752
723205602032
051546031100
547376520302
713124064734
717234462500
737214172100
713135560722
673464067714
203035620336
663104062730
627554172336
711016364302
633505620100
523214571312
064255171500
605014462712
701016364302
633504064312
713124064734
723364073720
647075020350
643124062730
627554172336
711016272734
715340406424
331406320262
677524060744
625015167100
723214520256
535011144622
203476561332
607455167312
261014172100
647516320320
677334520304
607474527010
064246630150
202635772500
607354420350
643124071752
613334171322
673124060744
625014666336
607515167316
203375620350
643124071322
733136235500
723214520226
737035260730
627235620306
663234663346
064254171312
203515720350
643124071736
727515027010
064246630152
202515062744
625014171312
203455761726
715014262730
677564074736
725014167310
203574172312
711015767100
607315420336
723214571100
717234462746
271004042352
625016367752
723201505362
677524061702
671016362712
203024071702
633124070302
717474163712
203535662312
711016464312
203075464714
633465602032
051546033100
523214520306
663234663346
203036262500
607055773312
203035662100
723214520344
647554571100
613376472336
665015171500
613135467756
270101505154
301564054736
725014171312
203535662312
713574172312
711304060750
203515062500
717376572320
627455620304
607474520336
631016464312
202276760724
607314564734
203075464714
633465602032
051546034100
547376520302
713124071322
637216420334
627616420350
675016464312
203475772750
641014660706
625015763100
723214520226
737035260730
627235620306
663234663346
271004021604
276035606424
673376266736
727464061352
663316326712
747124072302
713174572100
643036320304
627135620340
607235672312
621015767100
647505752320
627621505320
607554520304
627135620344
627116561712
621016467500
713534261330
625365602032
051546034500
547376520320
607554520344
627034364312
621016464312
203135662100
677144072320
625016264754
627445620100
547376520306
607344071750
647315420346
627124072320
625004341136
613535466346
267137162432
053375620350
643124061730
647154671500
723364072320
625015667744
723205627706
663234663346
203515706424
723214520334
677456464134
274101505154
305404052320
625016372704
203236320322
671014120346
737035570134
020321233142
311011172100
607416062702
713464060746
203234620350
643124071756
607336020356
607464067734
617124061736
733136262710
203575172320
203574172312
711016467500
633376266500
604321266302
657125420302
673104072320
607504060500
713236662744
203375661712
621014666336
737134420350
643455772716
641015172134
201012464312
713124064746
203021505310
647314170322
623036462710
203334161720
647354520346
723534365500
647344072320
625014271336
737344067736
753124067714
203515062500
717574166740
203055772350
677325406424
703455761302
613317120330
627156420314
713375520350
647334571500
737214567100
723215171500
607454560500
717136273312
621014171500
605015467702
623235663500
623374365500
633376206424
605016364730
733136220332
647354527100
202635772500
667037120312
743236420350
675016464312
203475772750
641340406424
331426320250
643124070320
677476064336
713136361712
673074520350
643235671500
677536420320
627454527100
202034267754
625017167752
261016464312
203176262712
673236364100
637315773500
647461505350
677364062322
665016467500
717134520304
745344020250
643124071750
627416320306
677356464734
727124072740
270101505154
305504054736
725014171312
203036420350
643124072336
701015763100
605016372336
673124071750
607236261702
717125420356
643234364100
663134162346
203115773734
203235672336
064254460744
657354571746
271004052320
625016760730
663464064302
733124060500
633035167350
203176262712
673236364100
617375467744
270101505154
305524054736
725014171312
203235620302
203516561312
663235362500
673376272320
277475772750
641016060746
717034762534
020321233142
331013167752
203036262500
647344060500
723534262730
647274520334
677456464136
717376572320
203414171746
607174527010
064246630556
202635772500
607454520322
671014120350
727054566322
657124067336
713515027746
677536464100
703036371702
637125602032
051546134100
547376520302
713124064734
203024066336
673165420304
647654171344
625015060730
661344020250
643124062702
717504073702
663304064746
203075773312
713134420356
647515006424
703454564322
717515771322
615014360754
625016771322
723235663746
261014167310
203515062500
737136372100
737035466100
647464062312
617376260750
627104073722
723204062336
673536471432
053035662100
617374663312
625014372740
715344020250
643124071736
727515020312
673104067714
203515062500
643035466100
647464063322
663314562100
613624060734
203135667744
667376571432
053476064312
713234360730
203474372730
703516571312
203515060750
203574171500
703454571752
667034266362
203536362710
203235620350
643124071312
663234764736
727464071322
723136320336
630321273720
677136662744
203235664302
613236462710
203515064746
203535662312
713176267752
673104067312
647175061336
713215767710
271004052320
625015060730
661015060746
203035606424
677414567322
673164072336
203515062500
673376272320
270101505152
325404052320
647464064746
203024061302
713454567100
713375766534
201012464312
203074564730
647354720302
673104072320
625016760730
663464060744
625014367754
627454562100
737236464100
617455171746
264321261744
677476362710
203135462706
723455161702
661014771302
723235663746
270101505012
311406006424
201004020100
201004020100
201004020100
201647235164
351647235164
351647235164
351647235164
351647235164
351647235164
351647235164
064244020100
201004020100
201004020100
201004035164
201004020100
201004020100
201004020100
201004020100
201004020100
201004020100
351641505100
201004020100
201004020100
201004020100
351644020100
201004020100
201004020100
201004020100
201004020100
201004020100
201007235032
051004020100
201004020100
201004020100
201007235100
201004020100
201004020100
201004020100
201004020100
201004020100
201004020164
350321220100
201004020100
201004020100
201004020164
351004020100
201004020100
201004020100
201004020100
201004020100
201004020100
201647206424
201004020100
201004020100
201004020100
201647220100
201004020100
201004020100
201004020100
201004020100
201004020100
201004035164
064244020100
201004020100
201004020100
201004035164
201004020100
201004020100
201004020100
201004020100
201004020100
201004020100
351641505100
201004020100
201004020100
201004020100
351644020100
201004020100
201004020100
201004020100
201004020100
201004020100
201007235032
051004020100
201004020100
201004020100
201007235100
201004020100
201004020100
201010664746
455004020100
201004020100
201004020164
350321220100
201004020100
201004020100
201004020164
351004020100
201004020100
201004020100
201004020100
201004020100
201004020100
201647206424
201004020100
201004020100
201004020100
201647220100
201004020100
605014660732
647317120320
647476467744
745344020100
201004035164
064244020100
201004020100
201004020100
201004035164
201004020100
201004020100
201004020100
201004020100
201004020100
201004020100
351641505100
201004020100
201004020100
201004020100
351644020100
201004020100
201004020100
201004020100
201004020100
201004020100
201007235032
051004020100
201004020100
201004020100
201007235100
201004020100
201004020100
201004020100
201004020100
201004020100
201004020164
350321220100
201004020100
201004020100
201004020164
351004020100
201004020100
201004020100
201004020100
201004020100
201004020100
201647206424
201004020100
201004020100
201004020100
201647220100
201004020100
201004020100
201004020100
201004020100
201004020100
201004035164
064244020100
201004020100
201004020100
201004035164
201004020100
201004020100
201004020100
201004020100
201004020100
201004020100
351641505100
201004020100
201004020100
201004020100
351647235164
351647235164
351647235164
351647235164
351647235164
351647235164
351647235010
064246230142
201004020100
201004020100
201345627134
271345627134
271345627134
271345627134
271345627134
271345627134
201004020134
271345627134
271345627134
271345627134
271345627134
271345627134
271341505100
201004020100
201005720100
201004020100
201004020100
201004020100
201004020100
201004020100
201004020270
275004020100
201004020100
201004020100
201004020100
201004020100
201004020100
202701505100
201004020100
201004120100
305004020100
201004020100
201004020100
201004020100
201004020100
201004020102
205004020100
201004020100
201004020100
201004020100
201004020100
201004031100
201021505100
201004020100
201004120100
201004020100
201004020100
433236345500
201004020100
201004020100
201004020102
205004020100
201004020100
201004020100
201004020100
201004020100
201004020100
201021505100
201004020100
201004120100
201004020100
201004020100
201004020100
201004020100
201004020100
201004020102
205004020100
201004020302
673376464312
711014771312
607504020100
201004020100
201021505100
201004020100
201004120100
201004020100
201004020100
201004020100
201004020100
201004020100
201004020102
205004020100
201004020316
607334520304
713376563720
721004020100
201004020100
201021505100
201004020100
201004120100
201004020100
201004020100
203057120100
201004020100
201004020100
201004020102
205004020100
201004020100
201016467500
747376520100
201004020100
201004020100
201021505100
201004020100
201004120100
201004020100
201004020100
201004020100
201004020100
201004020100
201004020102
205004020100
201004020100
201004020304
745004020100
201004020100
201004020100
201021505100
201004020100
201004120100
201004020100
513234364302
713104041312
647174566100
201004020100
201004020102
205004020100
201004020100
201004020100
201004020100
201004020100
201004020100
201021505100
201004020100
201004120100
201004020100
201004020100
201004020100
201004020100
201004020100
201004020102
205004020100
201004020100
201004020100
201004020100
201004020100
201004020100
201021505100
201004020100
201004120100
201004020100
201004020100
203035662100
201004020100
201004020100
201004020102
205004020100
201004020100
201004046236
522464020100
201004020100
201004020100
201021505100
201004020100
201004120100
201004020100
201004020100
201004020100
201004020100
201004020100
201004020102
205004020100
201004020100
201004020100
201004020100
201004020100
201004020100
201021505100
201004020100
201004120100
201004020100
202255764334
202475761336
723235320100
201004020100
201004020102
205004020100
201004020100
201004020100
201004020100
201004020100
201004020100
201021505100
201004020100
201004120100
201004020100
201004020100
201004020100
201004020100
201004020100
201004020102
205004020100
201004020100
201004020100
201004020100
201004020100
201004020100
201021505100
201004020100
201004120100
201004020100
201004020100
201004020100
201004020100
201004020100
201004020102
205004020100
201004020100
201004020100
201004020100
201004020100
201004020100
201021505100
201004020100
201004120100
201004020100
201004020100
201004020100
201004020100
201004020100
201004020102
205004020100
201004020100
201004020100
201004020100
201004020100
201004020100
201021505100
201004020100
201013427134
271345627134
271345627134
271345627134
271345627134
271345627134
271345627500
202705627134
271345627134
271345627134
271345627134
271345627134
271345627134
271360406424
311406220100
201004020100
201004020134
271345627134
271345627134
271345627134
271345627134
271345627134
271345620100
201005627134
271345627134
271345627134
271345627134
271345627134
271345627134
064244020100
201004020100
275004020100
201004020100
201004020100
201004020100
201004020100
201004020100
201013427500
201004020100
201004020100
201004020100
201004020100
201004020100
201004020270
064244020100
201004020100
205004031500
201004020100
201004020100
201004020100
201004020100
201004020100
201004120500
201004020100
201004020100
201004020100
201004020100
201004020100
201006420102
064244020100
201004020100
205004020100
201004020100
201004020100
201004020100
201004020100
201004020100
201004120500
201004020100
201004020100
201004020100
201004020100
201004020100
201004020102
064244020100
201004020100
205004020100
523214167326
715016467500
467235362500
503134566312
711004020100
201004120500
201004020100
201004020100
433236345500
203236320100
201004020100
201004020102
064244020100
201004020100
205004020100
201004020100
413374220226
607354563346
657624020100
201004020100
201004120500
201004020100
203076571344
627356466362
203054564734
635004020100
201004020102
064244020100
201004020100
205004020100
201004020302
673104045336
627304041322
677344020100
201004020100
201004120500
201004020100
201015560722
673514164734
627104061362
201004020100
201004020102
064244020100
201004020100
205004020100
201004063336
711016660744
647376571500
633035166100
201004020100
201004120500
201004020100
201004020204
607456420246
627036271500
201004020100
201004020102
064244020100
201004020100
205004020100
201004020100
717534271336
727515167312
715004020100
201004020100
201004120500
201004020100
201004020100
201014167310
201004020100
201004020100
201004020102
064244020100
201004020100
205004020100
201004020100
201004020100
201004020100
201004020100
201004020100
201004120500
201004020100
201004045336
643344051736
613376464726
201004020100
201004020102
064244020100
201004020100
205004020100
201004020100
201004020100
201004020100
201004020100
201004020100
201004120500
201004020100
201004020100
201004020100
201004020100
201004020100
201004020102
064244020100
201004020100
205004020100
201004020100
201004020100
201004020100
201004020100
201004020100
201004120500
201004020100
201004020100
201004020100
201004020100
201004020100
201004020102
064244020100
201004020100
205004020100
201004020100
201004020100
201004020100
201004020100
201004020100
201004120500
201004020100
201004020100
201004020100
201004020100
201004020100
201004020102
064244020100
201004020100
205004020100
201004020100
201004020100
201004020100
201004020100
201004020100
201004120500
201004020100
201004020100
201004020100
201004020100
201004020100
201004020102
064244020100
201004020100
205004020100
201004020100
201004020100
201004020100
201004020100
201004020100
201004120500
201004020100
201004020100
201004020100
201004020100
201004020100
201004020102
064244020100
201004020100
205004020100
201004020100
201004020100
201004020100
201004020100
201004020100
201004120500
201004020100
201004020100
201004020100
201004020100
201004020100
201004020102
064244020100
201004020100
561345627134
271345627134
271345627134
271345627134
271345627134
271345627134
271364020270
271345627134
271345627134
271345627134
271345627134
271345627134
271345627136
020321231140
315004020100
201004020100
201004027134
271345627134
271345627134
271345627134
271345627134
271345627134
271344020100
201345627134
271345627134
271345627134
271345627134
271345627134
271345627032
051004020100
201004020136
201004020100
201004020100
201004020100
201004020100
201004020100
201004020100
202705720100
201004020100
201004020100
201004020100
201004020100
201004020100
201004056032
051004020100
201004020102
201524020100
201004020100
201004020100
201004020100
201004020100
201004020100
201024120100
201004020100
201004020100
201004020100
201004020100
201004020100
201544020432
051004020100
201004020102
202155171626
202575167334
627456335100
201004020100
201004020100
201004020100
201024120100
201004020100
201004020100
201004020100
201004020100
201004020100
201004020432
051004020100
201004020102
201004020100
201004020100
201004020100
201004020100
201004020100
201004020100
201024120100
201004020100
201004020100
201004020100
201004020100
201004020100
201004020432
051004020100
201004020102
201011227224
703055167734
201004020100
453374566100
413235767100
201004020100
201024120100
202245645356
627476420100
201011560750
721012367702
713136320100
201004020432
051004020100
201004020102
201011227224
717244020100
201004020100
453134663100
453035665736
737475374500
201024120100
202245645312
201004020100
201011262744
713624041744
677334161726
201004020432
051004020100
201004020102
201010227204
747514520100
201004020100
423375660730
621011163730
627214171350
201024120100
202045641336
727104020100
201010166302
671010267752
623376571742
727234520432
051004020100
201004020102
201010227204
627455464734
201004020100
513234364302
713104041312
713315167100
201024120100
202265645744
665004020100
201011362754
647344046702
643375662762
201004020432
051004020100
201004020102
201011527232
727474366312
201004020100
513374262744
721010527100
473374266312
201024120100
202065641746
647324020100
201010271352
617124041344
647114762746
201004020432
051004020100
201004020102
201013127262
627476367316
715004020100
423036662500
457135066312
721004020100
201024120100
202025640744
607175771334
201011267720
671011462702
713624020100
201004020432
051004020100
201004020102
201010527212
663134372344
677314161346
202515766500
437455167312
711004020100
201024120100
202345647302
731004020100
201011267744
637124047302
733036271312
723124020432
051004020100
201004020102
201010327206
643534262744
721004020100
407314262744
721010364352
201004020100
201024120100
202345647302
753176566100
201012027214
271012067740
715004020100
201004020432
051004020100
201004020102
201011027220
647334120100
201004020100
443036271362
202474166712
717215166702
201024120100
202465651750
607344020100
201011267720
671011562734
673235663712
711004020432
051004020100
201004020102
201010227204
627136464336
733135620100
503215166100
517516262734
717275120100
201024120100
202065641720
713236320100
201010364344
647464051722
613235466302
201004020432
051004020100
201004020102
201011327326
627244020100
201004020100
457136664734
202255764334
717375620100
201024120100
202465651702
713535560734
201010364344
647464053722
663475767100
201004020432
051004020100
201004020270
271345627134
271345627134
271345627134
271345627134
271345627134
271345627134
275004056134
271345627134
271345627134
271345627134
271345627134
271345627134
271345627410
064246230150
201004020100
201004020100
201345627134
271345627134
271345627134
271345627134
271345627134
271345627134
201004020134
271345627134
271345627134
271345627134
271345627134
271345627134
271341505100
201004020100
201005720100
201004020100
201004020100
201004020100
201004020100
201004020100
201004020270
275004020100
201004020100
201004020100
201004020100
201004020100
201004020100
202701505100
201004020100
201004120156
201004020100
201004020100
201004020100
201004020100
201004020100
201004020102
205004020100
201004020100
201004020100
201004020100
201004020100
201004020160
201021505100
201004020100
201004120100
201004020100
201004020100
201004020100
201004020100
201004020100
201004020102
205004020100
201004020100
201004020100
201004020100
201004020100
201004020100
201021505100
201004020100
201004120100
535352764730
663234166500
202575166330
647035520206
607456062734
723136220102
205004040534
407634172352
663314164100
202065620240
727456264734
637515767100
201021505100
201004020100
201004120100
511352262702
637035620100
202445620250
647335772320
745012262702
637035620102
205004041534
417214571720
647454520100
202056260710
202036266746
723455767316
201021505100
201004020100
201004120100
421350460754
647114120100
202114173322
621012360720
663235620100
201004020102
205004051134
513234663344
607154620100
202056272706
625010360744
663476462734
201021505100
201004020100
201004120100
431350666336
713235620100
202155467744
647344043720
627376263720
647524020102
205004041134
413036362704
607315420100
202474367750
721011460752
713135661712
201021505100
201004020100
201004120100
411350260704
613236472100
202454167310
745010260704
613236472100
201004020102
205004053534
537034462500
201004020100
202574162312
202575767710
717375620100
201021505100
201004020100
201004120100
435350771322
633155767100
202035460734
202214171350
633376262100
201004020102
205004042134
423235332100
201004020100
202075071322
715010667744
621004020100
201021505100
201004020100
201004120100
415350364322
617364020100
202474367750
721011460740
625004020100
201004020102
205004041134
413235466306
677375320100
202055166330
202075767726
201004020100
201021505100
201004020100
201004120100
405350160702
201004020100
202254166712
715010472702
713504020100
201004020102
205004052134
523454174500
201004020100
202156262710
627455161726
202054561726
201021505100
201004020100
201004120100
415350330542
305546120100
202074171330
202216520100
201004020100
201004020102
205004046134
463376472746
201004020100
202254563314
713137120250
607635467744
201021505100
201004020100
201004120100
451351267720
671004020100
202255764334
202574167316
201004020100
201004020102
205004053534
537454620100
201004020100
202055166330
202156267730
647264020100
201021505100
201004020100
201004120100
515352372336
673124020100
202455161720
607454420246
723375662500
201004020102
205004041534
417035362746
201004020100
202335161720
607135420220
607355660734
201021505100
201004020100
201004120100
465351572744
623136220100
202214174712
715010166312
743035662312
711004020102
205004040534
407574120100
201004020100
202035460734
202035662312
713475767100
201021505100
201004020100
201013427134
271345627134
271345627134
271345627134
271345627134
271345627134
271345627500
202705627134
271345627134
271345627134
271345627134
271345627134
271345627134
271360406424
311406520100
201004020100
201004020134
271345627134
271345627134
271345627134
271345627134
271345627134
271345620100
201005627134
271345627134
271345627134
271345627134
271345627134
271345627134
064244020100
201004020100
275004020100
201004020100
201004020100
201004020100
201004020100
201004020100
201013427500
201004020100
201004020100
201004020100
201004020100
201004020100
201004020270
064244020100
201004020100
205007120100
201004020100
201004020100
201004020100
201004020100
201004020100
201004120500
201004020100
201004020100
201004020100
201004020100
201004020100
201426020102
064244020100
201004020100
205004020100
201004020100
201004020100
201004020100
201004020100
201004020100
201004120500
201004020100
201004020100
201004020100
201004020100
201004020100
201004020102
064244020100
201004020100
205004051134
513374272336
201004020244
677054571350
675010772750
723234571312
751004120500
202045641302
721004020246
727654167334
625012361720
737135161726
607454420102
064244020100
201004020100
205004050134
503215166330
201004020224
677135420240
643235466322
703464020100
201004120500
202065641744
647464020206
713236320212
271011267720
673475767100
201004020102
064244020100
201004020100
205004050134
503134760746
727464020240
627174774500
537235466322
607336320100
201004120500
202405650302
647344020210
607555162100
503037167312
201004020100
201004020102
064244020100
201004020100
205004040534
407354471336
647104020224
677215620220
647114520100
201004020100
201004120500
202325646500
201004020224
607334571500
467036464312
717375620100
201004020102
064244020100
201004020100
205004041134
413455773734
201004020250
643375560746
202565620204
713376767100
201004120500
202105642302
731004020210
607555162100
427416071750
627235620100
201004020102
064244020100
201004020100
205004053134
533235766322
671004020224
677215620230
607574166330
201004020100
201004120500
202165643740
715004020216
663135667100
517075062722
723456566500
201004020102
064244020100
201004020100
205004050134
503454571706
677516420250
677324046702
663236365702
201004020100
201004120500
202045641340
625004020204
607456262750
721010574734
677344020100
201004020102
064244020100
201004020100
205004041534
417214573712
745004020206
643535162532
537135120262
727135620100
201004120500
202105642336
635004020216
713134720256
607456764706
655004020100
201004020102
064244020100
201004020100
205004052134
523135466336
701004020246
617376472100
463036571312
673074520100
201004120500
202325646702
711004020232
607455320244
677055161720
627264020100
201004020102
064244020100
201004020100
205004041134
413035665336
201004020250
643375560746
202374271322
627344020100
201004120500
202245645306
635004020224
627154671312
745010327100
437235465712
745004020102
064244020100
201004020100
205004040534
407334175322
673164020216
713034362500
433314566722
673164020100
201004120500
202365647744
671004020232
607455320230
747375671500
201004020100
201004020102
064244020100
201004020100
205004045534
457235661720
201004020256
647315464702
665011364734
617214566336
625004120500
202265645730
631004020226
647455320214
713624020100
201004020100
201004020102
064244020100
201004020100
561345627134
271345627134
271345627134
271345627134
271345627134
271345627134
271364020270
271345627134
271345627134
271345627134
271345627134
271345627134
271345627136
020321231140
331004020100
201004020100
201005627134
271345627134
271345627134
271345627134
271345627134
271345627134
271004020100
271345627134
271345627134
271345627134
271345627134
271345627134
271345606424
201004020100
201004027500
201004020100
201004020100
201004020100
201004020100
201004020100
201004020100
561364020100
201004020100
201004020100
201004020100
201004020100
201004020100
201013406424
201004020100
201004020500
305424020100
201004020100
201004020100
201004020100
201004020100
201004020100
205024020100
201004020100
201004020100
201004020100
201004020100
201004020142
311004106424
201004020100
201004020500
201004020100
201004020100
201004020100
201004020100
201004020100
201004020100
205024020100
201004020100
201004020100
201004020100
201004020100
201004020100
201004106424
201004020100
201004020500
202025640754
627457120100
201011462736
671010173312
713624020100
201004020100
205024020224
272254167334
201004053302
673136371702
202334161630
607454567100
201004106424
201004020100
201004020500
202065641762
617315770346
201012467732
202054566330
607555160500
201004020100
205024020264
272655771336
201004042302
671012062750
627456367734
201004020100
201004106424
201004020100
201004020500
202125642744
673136372100
201010571334
627476420202
623035571500
201004020100
205024020246
272474164750
675004042710
737235620246
271010472712
713444020100
201004106424
201004020100
201004020500
202245645356
647316367734
201011260762
202575166346
677344020100
201004020100
205024020226
272274167334
635004045712
673354572320
202075072500
201004020100
201004106424
201004020100
201004020500
202225644754
607355067712
201012267734
605010467734
607216562500
201004020100
205024020246
272474271724
711004041302
713504051712
607456320100
201004020100
201004106424
201004020100
201004020500
202325646736
673135167100
201010460754
647104050312
713274566100
201004020100
205024020210
272116565712
715004042302
733234420244
677116264716
727137220100
201004106424
201004020100
201004020500
202065641702
703634260744
605012062750
627444043744
627135620100
201004020100
205024020232
272334566326
607444043702
713624040730
663135620100
201004020100
201004106424
201004020100
201004020500
202245645352
637175462500
201011262744
713624051720
727455560734
201004020100
205024020204
272056571720
201004042336
673035462100
463634362750
723124020100
201004106424
201004020100
201004020500
202145643352
723536262746
201011662702
661012372336
727175072336
671004020100
205024020216
272174171304
627444045336
673036464336
671010627100
437036261312
711004106424
201004020100
201004020500
202105642336
627354364100
201011267746
627415020210
677135661720
201004020100
205024020246
272474574362
201004051706
677516420212
623574171310
715004020100
201004106424
201004020100
201004020500
202165643736
677155763314
201011260734
625010267744
627514120100
201004020100
205024020230
272314562500
201004042730
637235620230
627124020100
201004020100
201004106424
201004020100
201004020500
202025640744
623554171326
201012464732
202575060730
627344020100
201004020100
205024020260
272616260762
201004042312
673355171500
423534365756
677456464100
201004106424
201004020100
201004056134
271345627134
271345627134
271345627134
271345627134
271345627134
271345627136
201013427134
271345627134
271345627134
271345627134
271345627134
271345627134
271345702032
051446033500
201004020100
201004020134
271345627134
271345627134
271345627134
271345627134
271345627134
271345620100
201005627134
271345627134
271345627134
271345627134
271345627134
271345627134
064244020100
201004020100
275004020100
201004020100
201004020100
201004020100
201004020100
201004020100
201013427500
201004020100
201004020100
201004020100
201004020100
201004020100
201004020270
064244020100
201004020100
205006131500
201004020100
201004020100
201004020100
201004020100
201004020100
201004120500
201004020100
201004020100
201004020100
201004020100
201004020100
201426420102
064244020100
201004020100
205004020100
201004020100
201004020100
201004020100
201004020100
201004020100
201004120500
201004020100
201004020100
201004020100
201004020100
201004020100
201004020102
064244020100
201004020100
205004041534
417036266100
201004041702
713304041720
713236372336
633154571346
677344120500
202465651702
637035620100
201004020100
517215171322
717204042302
723124020102
064244020100
201004020100
205004046534
467316020100
201004046722
657124050362
663334167100
201004020100
201004120500
202465651750
673154420100
201004020100
523215766702
715012772500
201004020102
064244020100
201004020100
205004041534
416344020100
201004046722
617214162730
202415062730
703464020100
201004120500
202465651750
677516471500
201004020100
417635672320
647024051750
677516471502
064244020100
201004020100
205004051134
513234567100
201004041702
713316467734
202515067732
703475767100
201004120500
202505652302
663035367500
201004020100
423036664710
202335172744
605004020102
064244020100
201004020100
205004042134
423537020100
201004040734
623454573500
423537061352
713624020100
201004120500
202505652344
677536463134
271344020100
457135620232
616075460722
671004020102
064244020100
201004020100
205004045534
456144020100
201004045744
647474167100
433455762730
647075020100
201004120500
202025640746
717215766312
201004020100
423036664710
202475564750
641004020102
200321220100
201004020100
201024020250
272516764734
657234520224
677137120216
647376660706
617215167322
201004020502
201012627254
647455660752
201004020100
202116760762
673124053322
713354172500
204321220100
201004020100
201024020206
272074562344
647064020210
607555162100
443135662344
647075371500
201004020502
201012727256
607315672750
201004020100
202255166500
537035466346
723455766500
204321220100
201004020100
201024020206
272076260722
637464020206
713035163500
467375466312
713476472712
671004020502
201010227204
627036467322
617264020100
202254563314
627457120246
667236464100
204321220100
201004020100
201024020210
272114173312
715004020210
607554520246
617215662740
703136220100
201004020502
201011127222
667036471302
673474662744
202255764334
202055772350
647355120100
204321220100
201004020100
201024020214
272155767730
201004020244
677054571350
202175767316
637537120100
201004020502
201010327206
607324020100
201004020100
202315772722
715010360732
713036320100
204321220100
201004020100
201024020210
272111220100
201004020210
607555162100
451344046702
713376472302
201004020502
201012027240
643034562344
727464020100
202335165712
202334340752
663037120100
204321220100
201004020100
202705627134
271345627134
271345627134
271345627134
271345627134
271345627134
271345720100
561345627134
271345627134
271345627134
271345627134
271345627134
271345627134
274101505144
301604020100
201004020100
201005627134
271345627134
271345627134
271345627134
271345627134
271345627134
271004020100
271345627134
271345627134
271345627134
271345627134
271345627134
271345606424
201004020100
201004027500
201004020100
201004020100
201004020100
201004020100
201004020100
201004020100
561364020100
201004020100
201004020100
201004020100
201004020100
201004020100
201013406424
201004020100
201004020500
305524020100
201004020100
201004020100
201004020100
201004020100
201004020100
205024020100
201004020100
201004020100
201004020100
201004020100
201004020142
331004106424
201004020100
201004020500
201004020100
201004020100
201004020100
201004020100
201004020100
201004020100
205024020100
201004020100
201004020100
201004020100
201004020100
201004020100
201004106424
201004020100
201004020500
202065641752
617135320100
201004046722
657124041752
617135320100
201004020100
205024020100
201004020100
201004020100
201004020100
201004020100
201004020100
201004106424
201004020100
201004020500
202505652320
713374261322
673164042302
671012361720
677135663312
663104020100
205024020100
201004020100
201004020100
201004020100
201004020100
201004020100
201004106424
201004020100
201004020500
202125642746
321407120100
201004042302
733234420230
727135661312
713174571100
205024020100
201004020100
201004020100
201004020100
201004020100
201004020100
201004106424
201004020100
201004020500
201004020100
201004020100
201004020100
201004020100
201004020100
201004020100
205024020100
201004020100
201004020100
201004020100
201004020100
201004020100
201004106424
201004020100
201004020500
201004020100
201004020100
201004020100
201004020100
201004020100
201004020100
205024020100
201004020100
201004020100
201004020100
201004020100
201004020100
201004106424
201004020100
201004020500
201004020100
201004020100
201004020100
201004020100
201004020100
201004020100
205024020100
201004020100
201004020100
201004020100
201004020100
201004020100
201004120032
051004020100
201004020102
201004020100
201004020100
201004020100
201004020100
201004020100
201004020100
201024120100
201004020100
201004020100
201004020100
201004020100
201004020100
201004020432
051004020100
201004020102
201004020100
201004020100
201004020100
201004020100
201004020100
201004020100
201024120100
201004020100
201004020100
201004020100
201004020100
201004020100
201004020432
051004020100
201004020102
201004020100
201004020100
201004020100
201004020100
201004020100
201004020100
201024120100
201004020100
201004020100
201004020100
201004020100
201004020100
201004020432
051004020100
201004020102
201004020100
201004020100
201004020100
201004020100
201004020100
201004020100
201024120100
201004020100
201004020100
201004020100
201004020100
201004020100
201004020432
051004020100
201004020102
201004020100
201004020100
201004020100
201004020100
201004020100
201004020100
201024120100
201004020100
201004020100
201004020100
201004020100
201004020100
201004020432
051004020100
201004020102
201004020100
201004020100
201004020100
201004020100
201004020100
201004020100
201024120100
201004020100
201004020100
201004020100
201004020100
201004020100
201004020432
051004020100
201004020270
271345627134
271345627134
271345627134
271345627134
271345627134
271345627134
275004056134
271345627134
271345627134
271345627134
271345627134
271345627134
271345627410
064246230162
064244020100
201004020100
201004020100
201004035164
351647235164
351647235164
351647235164
351647235164
351647235164
351647235164
351641505100
201004020100
201004020100
201004020100
351644020100
201004020100
201004020100
201004020100
201004020100
201004020100
201007235032
051004020100
201004020100
201004020100
201007235100
201004020100
201004020100
201004020100
201004020100
201004020100
201004020164
350321220100
201004020100
201004020100
201004020164
351004020100
201004020100
201004020100
201004020100
201004020100
201004020100
201647206424
201004020100
201004020100
201004020100
201647220100
201004020100
201004020100
201004020100
201004020100
201004020100
201004035164
064244020100
201004020100
201004020100
201004035164
201004020100
201004020100
201004020100
201004020100
201004020100
201004020100
351641505100
201004020100
201004020100
201004020100
351644020100
201004020100
201004020100
201004020100
201004020100
201004020100
201007235032
051004020100
201004020100
201004020100
201007235100
201004020100
201004020100
201004020100
201004020100
201004020100
201004020164
350321220100
201004020100
201004020100
201004020164
351004020100
201004020100
201004020100
723214520100
201004020100
201004020100
201647206424
201004020100
201004020100
201004020100
201647220100
201004020100
201004020100
201004020100
201004020100
201004020100
201004035164
064244020100
201004020100
201004020100
201004035164
201004020100
201004020100
201004020312
673104020100
201004020100
201004020100
351641505100
201004020100
201004020100
201004020100
351644020100
201004020100
201004020100
201004020100
201004020100
201004020100
201007235032
051004020100
201004020100
201004020100
201007235100
201004020100
201004020100
201004020100
201004020100
201004020100
201004020164
350321220100
201004020100
201004020100
201004020164
351004020100
201004020100
201004020100
201004020100
201004020100
201004020100
201647206424
201004020100
201004020100
201004020100
201647220100
201004020100
201004020100
201004020100
201004020100
201004020100
201004035164
064244020100
201004020100
201004020100
201004035164
201004020100
201004020100
201004020100
201004020100
201004020100
201004020100
351641505100
201004020100
201004020100
201004020100
351644020100
201004020100
201004020100
201004020100
201004020100
201004020100
201007235032
051004020100
201004020100
201004020100
201007235164
351647235164
351647235164
351647235164
351647235164
351647235164
351647235164
350101505144
325004020100
201004020100
251245225124
251245225124
251245225124
251245225124
251245225124
251245225124
251245225124
251245225124
251245225124
251245225032
051004020100
201004020124
201004020100
201004020100
201004020100
201004020100
201004020100
201004020100
201004020100
201004020100
201004020100
201005206424
201004020100
201004025100
201004020100
202155171726
202415472750
677355172732
202415773712
713134420230
607356462744
671004020100
201004020100
201241505100
201004020100
201005220100
201004020100
201004020100
201004020100
201004020100
201004020100
201004020100
201004020100
201004020100
201004020100
250321220100
201004020100
201244020100
201004020222
673476471352
617515167734
715015767100
677414571302
723235663500
723215171500
663035570100
201004020124
064244020100
201004020100
251004020100
201004020100
201004020100
201004020100
201004020100
201004020100
201004020100
201004020100
201004020100
201004025032
051004020100
201004020124
201004020100
201016467500
663234764350
203314166740
203474174500
351007466322
637216420330
607336037100
201004020100
201005206424
201004020100
201004025100
201004072336
203516571334
203314166740
203374663100
717037120164
201714574350
647354772722
717204066302
667407620100
201241505100
201004020100
201005220100
201004020100
201004020100
201004020100
201004020100
201004020100
201004020100
201004020100
201004020100
201004020100
250321220100
201004020100
201244020100
201004020216
727036260734
723134535100
202515064746
203314166740
203236320316
727036260734
723134562100
201004020124
064244020100
201004020100
251004020100
673376420350
675014272744
671015772750
203535662312
711015667744
667035420352
717125620100
447504064302
715004025032
051004020100
201004020124
201004020302
671014571750
647334172312
621015060730
631015464714
625015763100
321406026140
301404074712
607456327100
201005206424
201004020100
201004025100
201004052320
647464073702
713454167350
627124064746
203555764710
203234620350
643124061702
717124067714
203515062500
201241505100
201004020100
201005220100
201015460732
701015060746
203054562734
203376062734
627104067744
203514166740
627454562100
737236464134
201004020100
250321220100
201004020100
201244020100
201004041602
526511147634
351012464322
715015460732
701015171500
703316572336
673236566500
703376762744
627104020124
064244020100
201004020100
251004020100
457134570100
677536420336
631016262702
617204067714
203075064730
623454567134
201011163100
723035362734
201004025032
051004020100
201004020124
201004020322
673514571334
607315474530
203235662352
617124073336
667236464734
635304062344
647355320230
476512320100
201005206424
201004020100
201004025100
201004067714
203155472722
623465420302
673104062336
671176420356
677456274500
607055772750
203515062500
201004020100
201241505100
201004020100
201005220100
201015567744
673235663534
201004020100
201004020100
201004020100
201004020100
201004020100
201004020100
201004020100
250321220100
201004020100
201244020100
201004020100
201004020100
201004020100
201004020100
201004020100
201004020100
201004020100
201004020100
201004020124
064244020100
201004020100
251004020100
405010664746
455016071336
623534372100
201004020100
201004020100
201004020100
201004020100
201004020100
201004025032
051004020100
201004020124
251245225124
251245225124
251245225124
251245225124
251245225124
251245225124
251245225124
251245225124
251245225124
251245202032
051426420100
201004020100
201004026532
265325526532
265325526532
265325526532
265325526532
265325526532
265325526532
265325526532
265325526532
265325526532
265325526532
265325506424
201004020100
201004020500
202634171722
711010171302
633036420100
201004020100
201004020100
201004020100
201004020100
201004020100
201004020100
201005526532
265324020102
064244020100
201004020100
205004050134
461351727100
443134162342
727036272312
713464020100
201004020100
201004020100
201004020100
201004020100
201004020102
201424020500
201021505100
201004020100
201004120100
317454420204
727355362744
203156267732
203515062500
663134672100
201004020100
201004020100
201004020100
201004020100
201325526532
265004020432
051004020100
201004020102
201010262722
713536426100
463134260734
677345620100
201004020100
201004020100
201004020100
201004020100
201004020100
201004020100
201004020100
204321220100
201004020100
201024020100
201004020100
201004020100
201004020100
201004020100
201004020100
201004020100
201004020100
201004020100
201004020100
201004020100
201004106424
201004020100
201004020100
201004020100
201004020100
201004020100
201004020100
201004020100
201004020100
201004020100
201004020100
201004020100
201004020100
201004020102
065004020100
201004020102
201004020100
201004020100
201004020100
201004020100
216341505100
201004020100
201004120100
201004020100
201004020100
201004020100
201004061536
675010664746
455004020100
201004020100
201004020100
201004020100
201004020100
201004020432
051004020100
201004020102
201004020100
201004020100
201004020100
201004020100
512444030500
202515062500
467035166304
677604020100
201004020100
201004020100
201004020100
204321220100
201004020100
201024020100
201004020100
201004020100
201004020100
201012264706
657136474500
443376571712
201004020100
201004020100
201004020100
201004020100
201004106424
201004020100
201004020500
201004020100
201004020100
201004020100
201004020246
723035663336
713105420206
405004034550
315406520100
201004020100
201004020100
201004020102
064244020100
201004020100
205004020100
201004020100
201004020100
201004020100
201004020100
201004020100
201004020100
201004020100
201004020100
201004020100
201004020100
201021505100
201004020100
201004120100
201004020100
201004020100
201004020100
201004020100
201004020100
201004020100
201004020100
201004020100
201004020100
201004020100
201004020432
051004020100
201004020100
265325526532
265325526532
265325526532
265325526532
265325526532
265325526532
265325526532
265325526532
265325526532
265325526532
265325526532
020321232500
201004020100
201004020100
201004020100
201004020100
201004020132
265325526532
064244020100
201004020100
201004020100
201004020100
201004020136
201004020100
201004056032
051004020100
201004020100
201004020100
201004020100
201004024100
201004020100
201005106424
201004020100
201004020100
201004020100
201004020100
201005020100
201011520100
201221505100
201004020100
201004020100
201004020100
201004020100
201204020100
201004020100
244321220100
201004020100
201004020100
201004020100
201004020100
241004020100
341004020122
064244020100
201004020100
201004020100
201004020100
201004020120
201004020140
201004024432
051004020100
201004020100
201004020100
201004020100
201004024100
201004020100
201005106424
201004020100
201004020100
201004020100
201004020100
201013420100
201004020100
201361505100
201004020100
201004020100
201004020100
201004020100
201004026532
265325526410
064246020222
721015467736
657464070312
713154561750
663624067744
623235660744
745340406424
305004020100
201004020100
251245225124
251245225124
251245225124
251245225124
251245225124
251245225124
251245225124
251245225124
250321220100
201004020100
201253757676
206773757502
576773720676
576770664746
455016471302
703115767744
715015167306
272773757676
575241505100
201004020100
201005257676
575033757676
206773757502
576773720676
576764157676
575033757676
206773757502
576773720676
576765206424
201004020100
201004025276
576764157676
575033757676
206773757502
576773720676
576764157676
575033757676
206773757502
576773725032
051004020100
201004020124
576773720676
576764157676
575033757676
206773757502
576773720676
576764157676
575033757676
206773757524
064244020100
201004020100
252773757502
576773720676
576764157676
575033757676
206773757502
576773720676
576764157676
575033757676
250321220100
201004020100
201253757676
206773757502
576773720676
576764157676
575033757676
206773757502
576773720676
576764157676
575241505100
201004020100
201005257676
575033757676
206773757502
576773720676
576764157676
575033757676
206773757502
576773720676
576765206424
201004020100
201004025276
576764157676
575033757676
206773757502
576773720676
576764157676
575033757676
206773757502
576773725032
051004020100
201004020124
576773720676
576764157676
575033757676
206773757502
576773720676
576764157676
575033757676
206773757524
064244020100
201004020100
252773757502
576773720676
576764157676
575033757676
206773757502
576773720676
576764157676
575033757676
250321220100
201004020100
201253757676
206773757502
576773720676
576764157676
575033757676
206773757502
576773720676
576764157676
575241505100
201004020100
201005257676
575033757676
206773757502
576773720676
576764157676
575033757676
206773757502
576773720676
576765206424
201004020100
201004025100
201004120100
201024020100
205004020102
205325526532
265024120100
201024020100
205004020102
201004025032
051004020100
201004020124
251245225124
251245225124
251245225124
251245225124
251245225124
251245225124
251245225124
251245225124
020321230542
200321220100
201004020100
201004020100
201004020100
201004020100
201367536572
365727536572
365727536572
365733406424
201004020100
201004030132
301326026540
265405530132
301335420100
201004053622
462310151210
201004020100
661326026540
265405530132
301326026540
265405530132
414321220100
201004020100
201004020100
201004020100
201004020100
202707536572
365727536572
365727536572
365725702032
051466520124
251245225124
251245225124
251245225124
251245225124
251245225124
251245225124
251245225124
251245225032
051004020100
201004020100
201004020100
201004020100
201004020100
201005225100
201004020100
201004020124
250321225124
201005225124
251245225124
251244020124
251245220100
251244020124
251004025124
251245225100
201245206424
251244020124
251004020100
201004020100
201245225124
201005225100
201245220100
251244020100
201004025124
064245225100
201004025124
251245225124
251245225124
251244020124
251004025124
201005225100
201245220100
251241505124
251004025124
201004020100
201004025124
201004020100
201245220100
201004020124
251004025124
201005225032
051245220100
251244020124
251245220100
251245225124
251245225124
251245225124
251245220100
251244020124
250321225124
201005225100
201245225124
201004020100
201004020100
201004020100
201004020100
201005225100
201245206424
251244020124
251004025124
201005225124
251245225124
251245225124
251245225124
251245225124
251004025124
064245225100
201245220100
251244020100
201004020100
201004020100
201004020100
201004020100
201004020100
251241505124
251004025124
201005225124
251245225124
251245225124
251245225124
251245225124
251245225124
251245225032
051245220100
251244020100
201004020100
201004020100
201004020100
201004020100
201004020100
201004020124
250321225124
201005225124
251245225124
251245225124
251245225124
251245225100
201245225124
251245225100
201245206424
251244020100
201004020100
201004020100
201004025124
251245225124
251004025124
201004020100
201004025124
064245225100
201245225124
251245225124
251245220100
251244020100
201004020100
251245225124
251245225124
251241505124
251004025124
201005225100
201004020100
201005225100
201245225124
251244020100
201004020100
201005225032
051245220100
251244020124
251004025124
251245225124
251004020100
201004020100
201245225124
251244020124
250321225124
201005225100
201245220100
201004020100
201245225124
251245225124
251245225100
201005225100
201245206424
251244020100
201004025124
251245225124
251004020100
201004020100
201004020100
201004020124
251004025124
064245225124
251245225124
251245225124
251245225124
251245225124
251245225124
251245225124
251245220100
251240406424
315624044312
203315767726
715015464726
625015767312
203515772716
641016367734
267374626702
267176567134
020321232154
202415767744
202035460734
261015062500
663375765746
203475720314
677455467744
671345627010
064246334100
523214520306
677375320346
723036262746
203035663744
647317120304
607075327010
064246333500
523214574500
663375765500
627115161330
625016467500
667125627134
020321230546
202236420322
715014120340
647076472744
625015763100
605014262702
727515163352
661015460734
623474360740
625304071736
667136764312
713124064734
203355771350
643136267100
453036060734
270101505160
202236420320
607464071736
667124073744
647515167316
203375620322
721016764322
617204071312
607116320104
673474167360
673176165100
747504064756
633316471760
271040406424
345011172100
643036320346
677334520356
713236464734
635015767100
647504073720
647075020344
627034471500
213216475346
747256763320
747604066350
707224073734
717305621010
064246132500
523214574500
663375765500
733136274500
733035472702
613314527010
064246234100
447504064746
203024071740
627075160730
203535561344
627315460566
203515062744
625015171500
605016060744
713376420306
607456662710
203235672336
203515062500
627354420336
631016464312
064255060734
623314527010
064246134100
447504771500
605014762734
727235662500
413376764712
203275664714
625340406424
331004020100
201004020100
201325526532
265325526532
265325526532
264321220100
201004020100
201024043344
627124120502
201004020100
201004106424
201004020100
201004020500
202075062702
701011527222
272504020102
064244020100
201004020100
205004041736
667416572312
711004020100
201021505100
201004020100
201004120100
443034365722
673164020100
201004020432
051004020100
201004020102
201010367752
713474527100
201004020100
204321220100
201004020100
201024020100
201004020100
201004020100
201004106424
201004020100
201004020172
365727536572
365727536572
365727536432
051004020100
201004020102
201004020100
201004020100
201004020100
204321220100
201004020100
201024020246
627354420314
677444020100
201004106424
201004020100
201004020500
201010651212
425004020100
201004020102
064244020100
201004020100
205004061344
677075072744
625004020100
201021505100
201004020100
201004120100
201004020100
201004020100
201004020432
051004020100
201004020102
201004020100
201004020100
201004020100
204321220100
201004020100
201005526532
265325526532
265325526532
265320406424
321011172100
647464060500
703234561712
203374620346
723455167316
203376662744
201426030100
747036262346
203315767316
270101505144
301011667750
643235663500
613536420302
203175460746
715014267750
723314527134
270101505144
321011172100
647464071722
723515167316
203375620302
203415771750
261014161336
727504030540
301014662712
721014671336
665016464312
203215772746
625340406424
321424044750
203236320302
203334171746
647554520310
677376226100
717236472322
673164067734
203214560754
745016372312
627304071740
713235663746
271004052320
627454520302
713124067336
064254464746
617136267322
613314520320
607354466312
715015771100
657137164336
663136320336
671015172134
020321230562
202236420322
715014120330
677354720246
607336571302
645015364730
663235663500
717575771310
270101505146
331012464312
745015467736
655016262702
663317120346
723035462534
020321230556
202236420322
715014671312
717204071740
713235663500
737036462744
203156267732
202574172726
627475060500
537236361736
673475167134
020321230540
202515062762
203036262500
717274566312
723375620326
627636327010
064246331100
447504064746
203024061736
667055167302
723235767100
717034662534
020321232156
202236420322
715014120346
643235674500
673136720342
727036272312
711014460750
627104030562
341405602032
051507020222
721015171500
605014472746
723624067730
621016172702
713514571100
623036462710
201427133140
270101505150
345011172100
647464060500
717516260734
637125566336
677275167316
203554567310
647354720332
607075064734
625304073722
723204070752
607456462744
715015167100
723214520356
647354467756
270101505152
301010120346
647175620336
671016464312
203334161720
647354520346
607636326100
212476561356
607624072336
657135671530
201446520306
627356471534
210101505152
305012464322
715016472744
673476464730
625015171500
623136364716
673134420350
675016071312
733135672100
607357167734
625014671336
665014267702
713115167316
203515062500
717534273702
744321273722
723215772750
203155171346
723235663500
647356362744
723235663500
605016372704
737037120350
677274567134
020321232544
202236420322
715014120310
647474772746
723235663530
203574572130
203035662100
717315166762
203515064734
635340406424
325464044312
237464061752
723125602032
051526420222
721015171500
605011472716
677355160734
203054562714
203474167310
737234364134
020321232554
202236420322
715014120320
727174526100
637454562734
261014664712
713074520310
713034767734
270101505152
325001505100
576773757676
576773757676
576773757676
576773757676
576773757676
576773757676
576773757676
576773757676
576773757676
576773757676
576773757676
576773757676
576773757676
576773757676
574321220500
201004020100
432150643100
446231144500
201012351646
515004020226
201004045500
201004020100
202344020100
202344020212
426130520100
535004020100
202564020100
516472351500
201004020100
204321220500
201004020100
431004020100
202231120100
202464020100
201004020226
202271320100
201004020100
202351620100
202344020212
201004020100
535004020100
202564020246
201004020100
201004020100
204321220500
201004020100
432150620100
202231120100
201004051646
201004020226
456264020100
201004020100
202344047100
202344020212
426124020100
535004053500
202564020100
202472320100
201004020100
204321220500
201004020100
431004020100
202231120100
201004020100
202464020226
201011320100
201004020100
202344020234
202344020212
201004020100
535012720256
202564020100
201004020246
201004020100
204321220500
201004020100
431004020100
446231144500
202472351646
515004020226
201004045500
201004020100
202344020100
472344020212
426130520100
202564020100
535004020246
516472351500
201004020100
204321220500
201004020132
265325526532
265325526532
265325526532
265325526532
265325526532
265325526532
265325526532
265325526532
265325526532
265325526532
265325526532
265325526532
265004020100
204321220500
201004041736
703636264716
643504024206
245010664746
455012071312
717474571500
447354367744
703376260750
627105620100
201004020100
201004045352
663624031162
261006134560
311004020100
204321220500
201004020100
201004020100
201004020100
201004020100
201004020100
201004020100
201004020100
201004020100
201004020100
201004020100
201004020100
201004020100
201004020100
201004020100
204321220500
201004042660
522450120500
202133052244
405024020250
643124062734
621334760732
625015060746
203054562734
203235570344
677554562134
201004020100
201004020100
201004020100
201004020100
205004020100
064244120100
201004020100
201004020100
201004020100
201004020100
201004020100
201004020100
201004020100
201004020100
201004020100
201004020100
201004020100
201004020100
201004020100
201004020102
064244120100
201004020100
202535662312
713176267752
673104073702
723136220340
713136371752
713124064302
715014272722
663504072740
203515720350
643124070336
647356420100
201004020100
201004020102
064244120100
201016764312
713124064750
203214171500
677414567312
621014120340
607476360716
625016467500
723214520346
727454660706
625344020250
643236320320
607464061744
627036462710
201004020102
064244120100
201014120334
627564061702
673635767100
677344072320
625016062734
647356372730
605344020250
643136262500
607454520302
663475720346
677334520346
723455767316
203575167310
715004020102
064244120100
201014167310
203476467744
665014366336
727116320336
671016367732
625016060744
723464067714
203515062500
647475460734
621344020212
743415467744
625016464312
203236366302
673105420102
064244120100
201016464312
713124060744
625016367732
625015662756
203515064734
637464024330
647274520346
723455167316
203235620350
643124071352
613055462522
271004020100
201004020100
201004020102
064244120100
201004020100
201004020100
201004020100
201004020100
201004020100
201004020100
201004020100
201004020100
201004020100
201004020100
201004020100
201004020100
201004020100
201004020102
064244120100
201004020100
202024071750
713035663712
203055774100
643036320302
703414560744
627104064734
203515062500
633377162744
271004020100
201004020100
201004020100
201004020100
201004020102
064244120100
201004020100
201004020100
201004020100
201004020100
201004020100
201004020100
201004020100
201004020100
201004020100
201004020100
201004020100
201004020100
201004020100
201004020102
064244120100
201004020100
201004020100
517134520336
727444061730
607476364714
647134420302
623464061362
203376062734
647354720350
643124067312
737476060740
627444020100
201004020100
201004020102
064244157676
576773757676
576773757676
576773757676
576773757676
576773757676
576773757676
576773757676
576773757676
576773757676
576773757676
576773757676
576773757676
576773757676
576773757502
020321226546
200321226532
265325526532
265325526532
265325526532
265325526532
265325526532
265325526532
265325526532
265325526532
265325526532
265325526532
265325526532
265325526532
265325526532
265325526532
264321220500
201004020100
201004020100
201004020100
201004020100
201004020100
201004041630
406472344614
446130420100
201004020100
201004020100
201004020100
201004020100
201004020100
201004020100
204321220500
201004020100
201004020100
201004020100
201004020100
201004020100
201004026532
265325526532
265325520100
201004020100
201004020100
201004020100
201004020100
201004020100
201004020100
204321220500
201004020100
201004020100
201004020100
201004020100
201004020100
201004020100
201004020100
201004020100
201004020100
201004020100
201004020100
201004020100
201004020100
201004020100
204321220500
201004020100
201004020100
201245225124
251245225124
251245225124
251245225124
251245225124
251245225124
251245225124
251245225124
251245225124
251004020100
201004020100
201004020100
204321220500
201004020100
201004020100
201244020234
426130420202
202251741176
201004053712
203036262500
663375765722
673164063336
711016367732
627375662500
251004020100
201004020100
201004020100
204321220422
201004020100
250221120100
201004020350
675015364730
661015763314
203515062500
717134367734
621004020100
201241104502
064244104500
201004020124
044224020100
201004061736
677265604422
045005204422
204321220422
201004020100
250221104532
513135464716
647376571500
433035660750
647076304500
250221120432
051021120100
201004025124
251245225124
251245225124
251245225124
251245225124
251245225124
251245225124
251245225124
251245225124
251245204422
204321220422
044221104422
044221120432
051024020100
201004020100
201004020124
251245225124
251245225124
251245225124
251245225124
251245225124
251245225124
251245225124
251245225124
251245225100
201004020100
201004020100
201004020432
051024020100
201004020100
201004020124
201010147234
476531641612
466131652164
201011560734
745015167350
627455660730
203075060734
637136320100
201004025100
201004020100
201004020100
201004020432
051024020100
201004020100
201004020124
201015060754
625014262712
671015560710
625016467500
433236345534
201012066312
607474520344
627415771350
201004025100
201004020100
201004020100
201004020432
051024020100
201004020100
201004020124
201014167362
203056563746
271004020100
201004020100
201004020100
201004020100
201004020100
201004020100
201004025100
201004020100
201004020100
201004020432
051024020100
201004020100
201004020124
251245225124
251245225124
251245225124
251245225124
251245225124
251245225124
251245225124
251245225124
251245225100
201004020100
201004020100
201004020432
051024020100
201004020100
201004020100
201004020100
201004020100
201004020100
201004020100
201004020100
201004020100
201004020100
201004020100
201004020100
201004020100
201004020100
201004020432
051024020100
201004020100
201004020124
251245225124
251245225124
251245225124
251245225124
251245225124
251245225124
251245225124
251245225124
251245225100
201004020100
201004020100
201004020432
051024020100
201004020100
201004020124
201004020100
201004020100
202511151212
421011743100
412131147216
201072327632
406310537500
201370642632
406310537536
201004020100
201004020100
251004020100
201004020100
201004020100
204321220500
201004020100
201004020100
201244020100
201004020100
201004020100
201004020100
201004020100
201004020100
201004020100
201004020100
201004020100
251004020100
201004020100
201004020100
204321220500
201004020100
201004020100
201244020100
201010767500
633376220302
203474574132
617214167316
625015770312
713036464736
671344020224
727476420100
251004020100
201004020100
201004020100
204321220500
201004020100
201004020100
201244020346
607625420104
667035362500
667124021646
277154566702
663125621136
667035462534
211004027500
201004020100
201004020100
201004020100
201004025100
201004020100
201004020100
201004020432
051024020100
201004020100
201004020124
251245225124
251245225124
251245225124
251245225124
251245225124
251245225124
251245225124
251245225124
251245225100
201004020100
201004020100
201004020432
051024020100
201004020100
201004020100
201004020100
201004020100
201004020100
201004020100
201004020100
201004020100
201004020100
201004020100
201004020100
201004020100
201004020100
201004020432
051325526532
265325526532
265325526532
265325526532
265325526532
265325526532
265325526532
265325526532
265325526532
265325526532
265325526532
265325526532
265325526532
265325526532
265325526410
064246220222
721015171500
605015464730
745340406424
315011172100
663375765746
203315165712
203515064746
203176574500
673136662744
203175772100
607214560710
203235620330
647154527010
064246131100
463375765746
203036320310
727334220302
715016464312
203454571750
203374620362
677525602032
051426620222
721015171500
605016367730
647104063736
663104071750
607516562500
677144060500
305556464100
617135672352
713624071702
667536260722
203574171344
647376227010
064246133500
447504066336
677276320330
647274520302
671015761712
607345420336
673317120346
667035466312
711340406424
311424052320
625016767744
623464021240
647657260500
427616071312
717464220302
713124073744
647516462734
203235620306
643134571712
203375620350
643124072336
701340406424
311544044500
737376566310
671176420346
703135662100
723375720332
727075020350
647334520312
743035564734
647354720322
721015163100
445016762744
625017167752
271345602032
051446720222
721015171500
605016464322
617265420346
723536262362
203214566740
203455770312
270101505144
345012464322
715015171500
605016767744
723215462746
715016064744
607514523746
203075062746
721304067704
733235772746
663624060500
713135262706
721014671336
665014162354
627356472744
625340406424
315404044750
237464060500
723235674500
703314167350
203336571332
727455167316
201054662712
621015562530
203154562710
203334527104
020321231542
202236420322
715014120332
607345562702
723235663500
733135672746
203155474750
713036027010
064246331500
447504771500
607344067744
623235660744
745014360744
623055760744
621336372730
703216571100
667036461720
270101505146
321011172116
715016460744
673236364312
621016764750
641014664734
637136270344
647356471534
020321232140
202236420322
715014120210
677054571332
607344050322
673474364312
711014170340
607454567350
663624072344
607235662710
203057120350
643124060744
667624072336
203275166330
064256471312
717414171746
627456327010
064246432500
433035567752
715014667736
714321220100
201004020100
633375720100
201007520120
633525120314
727075362710
203536027032
051004020100
201004071734
607155767500
365016364750
727036464736
671015667744
667035426100
607315420314
727075362710
203536027032
051004020100
201004063336
677054171100
365014672706
657134420352
701014262762
677354420302
663304071312
703035171134
020321232556
202236420322
715014120142
345506720330
647054571350
745014464732
625340406424
325604006424
201004020100
201004020100
201004020100
201004020100
201325526532
265325526532
265325526532
265325526532
265325526532
064244020100
201004020100
201004020100
201004020100
201004120100
201004020100
201004020100
201004020100
201004020100
201004106424
201004020100
201004020100
201004020100
201004020100
205004020222
673474571350
203115166712
203035662100
201004020100
204321220100
201004020100
201004020100
201004020100
201004020500
201016760722
721014667744
203115160730
723375662534
201004020432
051004020100
201004020100
201004020100
201004020100
201024020100
201004020100
201004020100
201004020100
201004020172
365727536572
064244020100
201004020100
201004020100
201004020100
201004120100
201004020102
305024020544
205004131502
201004020120
201004020100
201221505100
201004020100
201004020100
201004020100
201004020102
201004020100
201026420500
205524120102
331024020100
201204020100
201004024432
051004020100
201004020100
201004020100
201004020100
201024020100
201004020556
205004134102
201027120500
201004020172
201004020172
064244020100
201004020100
201004020100
201004020100
201004120100
201004020102
215064120102
301024020512
205004020100
201004120100
204321220100
201004020100
201004020100
201004020100
201004020500
201004020100
201004020100
201004020100
201004020100
201004120100
204321220100
201004020100
201004020100
201004020100
201004020500
201004020100
201004020100
201004020100
201004020100
201724020100
201721505100
201004020100
201004020100
201004020100
201004020102
201011167346
723456561750
647375671564
201004020100
201204020100
201004024432
051004020100
201004020100
201004020100
201004020100
201024020100
203474174500
212115160730
203344220100
201004024100
201004020100
244321220100
201004020100
201004020100
201004020100
201004020500
201004073720
627454520334
203236320302
671004020100
201724020100
201721505100
201004020100
201004020100
201004020100
201004020102
201004020322
673514563712
711014262750
737134567100
201004036572
365721505100
201004020100
201004020100
201004020100
201004020102
201004020140
203035662100
345344020100
201004020100
201004020122
244321220100
201004020100
201004020100
201004020100
201004020500
201004020100
201004020100
201004020100
201004020100
201004020432
051004020100
201004020100
201004020100
201004020100
201024020100
201004040500
467024041312
663304050344
677116561750
201021505100
201004020100
201004020100
201004020100
201004020100
265325526532
265325526532
265325526532
265325526532
265325526410
064246534500
523214574500
607454520202
663036365702
671012464732
613136220356
677316662746
270101505154
301011172100
647464060500
311524061712
673504071752
613574174500
723375362734
203155771100
433236345500
717534273702
747464044734
615345602032
051546120222
721015171500
605016366702
663304071750
647154620356
647454527010
064246631100
447504066336
677276320330
647274520302
203355771332
607304061302
637175162534
020321233146
202236423746
203024061720
677075766302
723125561736
733136262710
203155767500
613036227010
064246632100
447504064746
203115160732
677354420346
723534462312
621304060734
621015761354
647376571730
745016660730
727034266312
270101505154
325011172116
715014120314
647354566362
203135663744
607554562100
637375462100
617455773734
270101505154
331011172100
663375765746
203315165712
203035620302
733136260716
625006220336
727354362500
617375466312
617515167734
203374620346
667035466100
473030366100
617457171750
607316327010
064246633500
447504064746
203256571750
203024070322
663124067714
203535672746
607055462500
653535665534
020321233160
202236420322
715014120356
677374462734
203334562322
617235662500
617214571750
203575172320
203024062336
677444067734
203236471500
633455767350
270101505154
345012464312
203074161322
673136471500
647344072320
625015364750
617214567100
607454520302
663304067702
655340406424
335404044750
203236320302
203077161730
677354520314
627354362500
637036462534
020321233542
202214520322
715014167100
607554571302
637124063744
727354774500
613535527010
064246731100
523214520340
607355060734
623314571100
663375765746
203315165712
203515062500
667236371722
673164062754
677316572322
677354171362
203315167326
203054572356
627135620350
643121505316
713535663762
203056566500
607354420320
677335720346
607415162734
715340406424
335464030540
301406030540
305406030540
301426130142
301426030142
301426030142
305406030140
301406030010
064246732100
523214574500
607454520350
627456264704
663124061736
667416572312
711014272716
715340406424
335524044750
203236320302
671014567336
713335772746
201214272750
203076572312
245014767730
623135620350
627114474500
613134171134
020321233554
202515062500
625334272746
203236320304
663235665722
673164067734
203035662100
677154620302
673104061720
607454764734
635015064732
717135463100
633455766500
605016760730
661016367706
657136427010
064246734500
523215171500
613235466100
663375765746
203476472740
647104060734
621016767744
723215462746
715641505032
051004020100
201004020100
265325526532
265325526532
265325526532
265325526532
265325526532
265325526532
265325526532
265325526532
265325526532
265325526532
265325526532
265325506424
201004020100
201004020500
331366720100
201004020100
201004020100
201004043312
623136260730
202415067734
745011667750
625004020100
201004020100
201004020100
532225753222
445004106424
201004020100
201004020500
201004020100
201004020100
201004020100
201004020100
265325526532
265325526532
265325526500
201004020100
201004020100
201004020100
201004020100
201004106424
201004020100
201004020500
201004020100
201004020100
201004020100
201004020132
201004020100
201004020100
201004020132
201004020100
305412347212
305764020100
201004020100
201004106424
201004020100
201004020500
201004020100
201004020100
201325526500
201004026500
201004020100
203375720100
201004020100
265004020100
201004020100
201004020100
201004020100
201004106424
201004020100
201004020500
201004020100
201004020100
205012320102
201004026500
201004020100
201727520100
201004020100
265004020100
203475174100
201004020100
201004020100
201004106424
201004020100
201004020500
201004020100
201004020100
201325526500
201004026500
201004020100
201004020100
201004020100
265004020100
201325526500
201004020100
201004020100
201004106424
201004020100
201004020500
201004020100
201004020100
201004020100
201004026500
201004044534
465344043322
716264020100
265004020100
717136662734
201004020100
201004020100
201004106424
201004020100
201004020500
201004020100
201426051634
425427720100
201004020132
201015167100
723214520310
607455320132
201004020100
201004020100
201004020100
201004020100
201004106424
201004020100
201004020500
201004020100
201004020100
201004020100
201004020100
265325526532
265325526532
265325526500
201004020100
201004020100
201004020100
201004020100
201004106424
201004020100
201004020500
532225753222
445004020100
201004020100
202471154132
516132642634
522212320236
431011747212
202630547100
201004020100
201004020100
201004033136
335004106424
201004020100
201004020132
265325526532
265325526532
265325526532
265325526532
265325526532
265325526532
265325526532
265325526532
265325526532
265325526532
265325526532
265320406424
341404044750
203236320334
607235462710
203475072750
203035662100
617376566310
203355772100
613124067740
627354562100
613624072320
625012361720
663236475100
467035472100
463236172736
710321241352
663304024304
727504072320
627344064312
203575772730
623344772100
613124062352
667044062734
677534764100
723364072344
745225602032
051606120250
643137120302
713124061322
635304067302
717517126730
677375364734
635016260750
715340406424
341444044750
203236320302
203554571362
203515064706
655014360734
733036326730
677375364734
635015260706
657136427010
064247031500
523214574500
607454520312
673376266736
727465420350
677534764100
667536364344
677375571530
203454560706
643235663500
607315567746
721016467500
723214520306
627235464734
635014167310
064254764754
647354720336
633144060734
203376464312
711336767744
663115474500
677115771134
020321234150
202236420322
715014120350
713234167316
727314171100
613536472336
671340406424
341524044750
203236320302
203455772734
621014272750
723375627010
064247033100
523214564744
203175460746
717625420312
743416262746
717235767330
627476320312
747136320346
723036262500
627136264730
745014260706
655014172100
747376527010
064247033500
447504064746
203024062312
663234360750
625014364322
673024062336
663305420356
647515020346
643376566310
627445566312
673176464100
637375462312
671015060722
711014167310
064255167354
647515167316
203055472712
203137162746
270101505160
341010120346
667035466100
723034720346
607636320104
467034462500
647344050302
663364040730
723365420350
675016571712
203474174500
236416566740
203416566740
271164202032
051607120222
721015060746
203024061344
677274567100
633036561712
721014167310
203024071732
607315420310
713035167134
020321234540
202236420330
677375371500
663235362500
623235667312
711014172100
433375762100
517136273322
617125602032
051626120250
643137120302
713124067744
623235660744
745016471302
647344072344
607075371534
020321234544
202236420322
715014120320
727174520304
677535462312
711344020246
723454167316
627317120312
673376563720
261014120346
617454573532
627634520322
715014172350
607075062710
203515720322
721340406424
345464044750
203236320302
671015766310
633036364322
677354562100
627314573302
723376226100
737236464100
717314172346
203456567334
647354720352
701016464312
203475162312
715344020250
643121505340
607235672100
647464073736
713344067714
631016464312
203376572346
647114520336
631015172130
203036070302
713135672330
745014671336
665015060754
647354720350
677375471500
723234562100
723361505322
721014667744
203515062500
723455170100
723364072320
625016467740
270101505162
321011172100
647464060500
613134172750
647156566100
637375462312
671014563716
270101505162
325011172100
663375765746
203315165712
203635772744
203036662744
607174520312
607175462516
715015662746
721340406424
345544044750
203236320302
203155460750
203516767500
647354364100
723215161726
203054167310
261014664714
723134567100
647354364312
715015167100
623234166712
723136227100
202334162312
203156267732
064254766336
737235663500
637454562734
203476467734
625304061730
627036266362
203355772100
677144072320
647464062702
713515026100
647504064746
203374620322
667334560746
727454161330
625016660730
727125602032
051626720222
721015171500
673036271336
735014371312
733234362500
647344072320
625014560744
723205602032
051627020222
721015171500
605016367730
647104071722
663554571100
613036227010
064247134500
447504064746
203024062312
627404070322
721016764750
641014167100
677335167336
727464063744
627135620316
663376727010
064246130140
202236420322
715014120350
643234365500
607354420346
723536262362
203236267734
203474371312
735334574712
270101505142
301424040746
202224071702
647104061312
633376262530
203236423746
203024071322
617274572362
203375462100
643376571712
261014167310
203515062744
625015171500
673364067704
733235772746
203574174432
053515720316
627504064734
717234462534
020321230540
311012464312
203175460746
715015171500
667236371722
673164060734
621014166330
203515060750
203454566702
647356320322
715016464312
203575767710
627344063344
607334527010
064246130146
202515062762
203036262500
643035662132
617454163350
627104067702
655014372740
613374171310
715340406424
305406420250
643137120302
713124071322
617274572362
261015766310
203575767710
627344071750
607236271534
020321230540
325011172100
647464060500
717375464710
203175766310
203476460750
727124067714
203024061702
721344020202
617075771310
647354720350
675014120332
647356572312
203235671706
713236072322
677341505336
671015172346
203054566330
745304064750
203236320322
673514567310
627104060746
203035620312
733136266302
717515167316
203516264704
727514520350
675014120314
647354520340
627504067302
667134406424
473374164100
413134562134
020321230540
331004020100
201004020100
576773757676
576773757676
576773757676
576773757676
576773757676
576773757676
576773757676
576773706424
201004020100
201004026532
265325526532
265325526532
265325526532
265325526532
265325526532
265325526532
265325526532
264321220100
201004020100
201044220100
201004020100
201004020100
201004020100
201004020100
201004020100
201004020100
201004221032
051004020100
201004020104
211004020100
201004020100
201004020100
201004020100
201004020100
201004020100
201004020100
211041505100
201004020100
201004221100
201004020100
201004020100
201004221104
211044221100
201004020100
201004020100
201004021104
064244020100
201004020100
211044020100
201004020100
201004020170
243365120120
675227620100
201004020100
201004020100
201044206424
201004020100
201004021104
201004020100
201004020100
201004023500
201764020116
201004020100
201004020100
201004020104
210321220100
201004020100
201044220100
201004020100
201004020100
201005026532
265224020100
201004020100
201004020100
201004221032
051004020100
201004020104
211004020100
201004020276
576773757500
201245225100
576773757676
201004020100
201004020100
211041505100
201004020100
201004221100
201004020100
201364020100
201004020100
251004020100
201004056100
201004020100
201004021104
064244020100
201004020100
211044020100
201004020102
576773757676
576773757676
576773757676
575024020100
201004020100
201044206424
201004020100
201004021104
201004020100
201013457676
576773757676
575033757676
576773757536
201004020100
201004020104
210321220100
201004020100
201044220100
201004020100
201004020102
201004020100
201004020500
201004020100
201004020100
201004221032
051004020100
201004020104
211004020100
201004020100
201004020100
201004020100
201004020100
201004020100
201004020100
211041505100
201004020100
201004221100
201004020100
201004020100
201004020100
201004020100
201004020100
201004020100
201004021104
064244020100
201004020100
211044020100
201004020100
201004020100
201004020100
201004020100
201004020100
201004020100
201044206424
201004020100
201004026532
265325526532
265325526532
265325526532
265325526532
265325526532
265325526532
265325526532
264321220100
201004020100
201004020100
201004020100
201004020100
201010664746
455004020100
201004020154
275466127556
344321220100
201004020100
201325526532
265325526532
265325526532
265325526532
265325526532
265325526532
265325526532
265325526432
050321220100
201004020100
201004020100
201005020252
637317120312
673376563720
203155771100
747376537500
244101505142
301564052320
625014360754
625016771322
723235663746
203036262500
737455172350
627344064734
203515062500
607354364712
673504066302
673176560716
625015763100
473374572320
627455160734
260321261352
721014667744
723535660750
627317120222
203035520314
607335166322
607444073722
723204064750
271004052734
633376272352
673036462730
745304067734
663624072320
625016570340
627441505330
627156420320
607354420306
677455662744
203374620350
643124061702
733124073744
647515167316
715014171312
203476464730
661016664746
647055462566
203515062500
713135560722
673114571032
053214171500
613134567100
627455762312
621014274500
723214520314
677454362746
203374620350
647334527032
050321220100
201004020100
202175173312
671016420346
727075020350
643036406424
201004020100
201004060734
621016424214
245007520226
064244020100
201004020100
723214571312
203137064432
051004020100
201004020346
020321230540
341011172100
647464060500
717334166330
203215766312
203034267752
721006421100
647344062322
607334572312
711340406424
305407120222
721015171500
623134570100
713134420302
673104066702
673624063302
617136462710
270101505142
305404044750
203236320302
202525651534
203476571340
663536320334
727075462702
711016372704
667036264734
625344020250
643136262500
647464060500
717334166330
203376062734
647354720322
671016464312
064256372302
713055760744
621016364710
625015560744
657134420104
432530546104
203035662100
605014366312
607504060750
203515062500
717514571334
355017167752
203075772730
621014260744
627317120346
707534562764
624321272320
713376563720
203515062500
643036461720
203234620362
677524072344
745340406424
305426120222
721015171500
607344067730
621014464730
607415162302
723134420332
607075064734
625304061352
721011120304
627504064750
203236320314
727315420336
631015567734
627625602032
051426131100
447504064746
203416264706
627314571746
201426734552
203115772704
663125562702
637314520316
677314420310
677315460744
270101505142
305464044750
203236320302
203475560730
661014272750
723375620350
643036420346
607636326100
212151151212
271040406424
305426420222
721015171500
605016366702
663304061352
723515767100
723214172100
717037171530
201050546612
512170547206
545012551612
202371646262
271040406424
305426520250
643124064312
663334572100
717134566746
203036320350
643376563720
203236420356
677535462100
633236420354
627457120346
673534766362
271004044750
203236320354
627457120320
627036674534
020321230542
331012464312
717124060744
625016370312
617234166100
663134162100
637315773312
715344020250
643137120356
627234764100
607055772750
201464070336
727354471500
627034364134
020321230542
335012464312
745014171312
203554571362
203514166330
203055767750
715304067336
721016567330
647274520350
643124073702
623136271500
723214172100
633236364312
713334167100
737134171134
064252464312
745014171312
261015067756
627554571130
203515767500
643134173362
203155771100
633236364312
713334167116
715014267736
723465602032
051426134100
447504064746
203024061312
607536464714
727304060734
621014672734
617515167734
607304061702
673115462534
020321230542
345011172100
647464060500
733136274500
663375663500
607354420354
627457120350
607315420306
747075467734
625014662734
617125602032
051426230100
447504064746
203035620336
663104061302
713454566130
203056564730
721014260706
655015167100
723214520310
607636320356
643135620304
607456262730
715016762744
625016372352
713117106424
627355772716
641016467500
717514167310
203375627010
064246131142
202236420322
715014120330
677354726100
637455767754
627104062344
607235670322
703125420306
677554571312
621016764750
641014667736
723416264734
723465602032
051426231100
523214520332
607235620304
677117120336
631016464312
203474372730
703516571312
203236320302
203314171316
625015771322
627356460730
203476064312
713125620100
407516460706
643134406424
723364064750
203036262500
305564064302
673115462746
261016367732
625014767722
673164064734
203035662100
717375562500
617375564734
635015772750
271004052320
625016764336
663124072320
647354706424
647464061736
733136262710
203057120302
203075766740
607076426100
315336364312
627514562100
667035664714
677314420350
643036420306
713376371712
715015172346
627314620322
671016362754
627454166032
053415460706
627465620100
407504060704
677536420326
673134520330
627554566100
605014464746
655015060746
203054562734
203454566736
733134420314
713375520350
643124071740
643136262530
064256764322
617204064746
203036070302
713135672330
745015067730
663376735500
647144074736
725016471362
203515720362
677524066702
745014262500
607055462500
723364071712
625015167346
647114527010
064246131146
202024066722
673234172352
713124064734
717076264740
723235767100
717037171500
213216475346
747256763320
747604074324
707265621010
064246131150
202236420322
715014167100
677454464734
607457120346
663034221656
275016764750
641014120332
607175664714
647074567350
203476767744
621014566704
627114462710
203235620322
721365727010
064246131152
202236420322
715014120332
677376264734
635014366312
607505602032
051426233100
447504064746
203024066302
713174520316
677314420304
663374365530
203334560746
727455167316
201424720304
745006323500
613624031516
355014120144
211015067730
625015060746
203054562734
064254267744
627104072320
713376563720
203375662500
617376267312
711340406424
305446720222
721015171500
733136274500
643134173362
203115767744
203575172320
203415773712
713156566100
717416264734
637464064734
723135662312
621016467500
717216572100
647501505302
727515766702
723234360730
663625602032
051426234100
447504064746
203035620336
663105420336
733136226746
723534663312
621016367714
605340406424
305447120106
405364020100
201004020100
362031440634
371364020100
201004020100
362031440634
201767627410
064246131540
202236420322
715014120344
607515062744
203476471302
673174520330
647175072356
627234764350
203055774100
737236464100
673364072336
701015771100
613376472336
665014167310
200321260500
613035662100
667236371722
673164063344
677324072320
625015564710
623314527100
202515062744
625015171500
717375562500
737455172322
673164067734
203515062500
717234462534
064251567746
721015763100
647504064746
203475562702
713134420304
627635767310
203454561736
637355172322
677345420320
677574573312
711014274500
617315771712
203137060732
647354172322
677341505362
677524063322
673104072320
607504064750
203474562732
715016467500
613124071312
633136264734
635016467500
417214171330
647124041344
677575627134
271340406424
305466120222
721015171500
605014462712
701015660744
713376720306
607357167734
203575172320
203137072344
627035566362
203476462712
701016760730
663464067734
203135172320
627444071722
623125606424
447344072320
625014267750
723375520336
631016464312
203074167362
677344074736
725014360734
203474562500
605016373702
667404073722
723204060500
713236662744
203075766722
673164063344
677321505322
721014167310
203175764734
635014467756
671016464312
203074167362
677345620100
447504066336
677276320330
647274520350
643124061702
673635767100
647464060730
667376372100
673036271336
734321262734
677534764100
723364065352
667404060706
713376371534
020321230546
311011172100
647464060500
717375464710
203175766310
203115762312
617035062710
713375620340
607414571100
737135163720
721016764750
641014120310
647154662744
627356420332
677356464100
064255167346
617455161312
621015767100
627034364100
677144064750
715006131100
717234462746
270101505142
315464044750
203236320302
203554166352
607055462500
423536064712
202376264716
647354166100
617375564706
203476471322
701340406424
305466420222
721015171500
605016264706
657136474500
677314420340
677454364134
020321230546
325011172100
647464060500
733136274500
663375663500
637454562734
203174171310
627344064336
717125620100
527354667744
723535660750
627317126100
723214520312
673104067714
203515062500
643376362432
053214171500
613134567100
613034466362
203056571334
627104061362
203554167310
607316320336
711016367732
627476561720
261014167310
203236420306
607344772100
613124060750
723034364312
621016467432
053515062500
633036561712
721340406424
305466620222
721015171500
605016372352
713117120326
647354726746
647654520304
627105602032
051426333500
443124064746
203024061322
635304072336
727175020346
677345567714
267025561322
723075027010
064246131560
202236420322
715014167100
677454464734
607457126730
677375364734
635014471312
717474571134
020321230546
345011172100
647464072320
625015460750
627476420332
677114566130
203156566330
745014172750
677334172322
615011462702
711011262750
270101505142
321404044750
203236320302
203574172312
711014660752
617136420356
647515020350
643454560710
715014667744
203036472302
617215167316
203024064336
717125602032
051426430500
547376520306
607344772100
663375765500
607504074736
727444067756
671015567752
723205420314
677375427010
064246132144
202236420322
715014264716
261016267752
673105420302
673104072716
663625602032
051426431500
447504064746
203024070330
607235620356
643236462500
717214562750
270101505142
321501104422
201004020236
502132240650
446350720222
472472451252
416511147634
514321252336
203476460744
721014567316
647354526100
717037120104
717514171350
271041505250
675016460726
625015763314
261016360762
201054666362
271040406424
305506520106
465372464312
713124060744
625014672732
627464070336
727455167316
203376572100
677144064750
271371172100
663375765746
203376262322
673036274536
020321202544
321010120344
627104066702
647314267760
203476460734
623464064734
203156267734
721015763100
723214520320
677536362534
020321232552
202024067312
737476060740
627444064746
203317164734
635015767100
723214520310
677376271750
627405602032
051426332500
405014760744
623135620320
677474526100
703455761302
613317120352
717134420314
677444073702
717215167316
203115773734
203515062500
703314167312
203236320330
747235663500
643136262534
020321230546
341010120310
713136371712
711015171500
717514167310
647354720322
671016464312
203075771334
627444067714
203515062500
713375766534
020321202524
251245225124
251245225124
251245225124
251245225032
051004020100
201004020100
201004020124
201004020100
250321225100
251245225124
201245220124
201244025124
251005206424
251005220100
201004025124
201244025100
251004020124
064245220100
251245225124
251244025100
251005220124
201241505124
201244020100
201244020100
251004020124
201244025032
051244025100
251244025124
251245225124
251244025100
250321225100
251005225100
201004020100
201004020100
251005206424
251005220124
201245225124
251245225124
251245220124
064245220124
201244020100
201004020100
201004020100
201241505124
201244025124
251245225124
251245225124
251245225032
051244025100
201004020100
201004020100
201004020100
250321225100
251245225124
251245225124
251005225124
251005206424
251004020100
201004020124
251245220124
201004020124
064245220124
251245225124
201244020100
201245225124
251241505124
201244025100
201004025100
251245220100
201004025032
051244025100
251005225124
251004020100
201245225100
250321225100
251005220100
201005225124
251245225100
251005206424
251004020124
251245220100
201004020100
201005220124
064245225124
251245225124
251245225124
251245225124
201241505032
051004020100
201004020262
677524060744
625015767100
605016362732
645334260744
713135620240
607075163322
615015171730
607354420302
723376020350
643124045756
607254166312
647344060750
677305606424
407074367744
623235663500
723364066312
637135662130
202225646534
201010664746
455304063302
667376571500
607116662734
723536262744
261016760746
203375661712
203516260740
703134420352
703375606424
723215171500
733136274500
647475460734
621344020220
625014360732
625016467500
663235362500
723214520340
663034362500
717364066752
617204072320
607504064312
203056564730
721014120320
677334506424
643136262530
203575062744
625015062500
663236662710
203535672322
661015064746
203114560750
641015167100
723214520314
607315420336
631006134556
345344020246
647354362500
643124064302
621015667432
053214564744
715304064312
203575166330
627104072320
607504064322
715015067732
625014262500
723536267312
621015167350
675014167100
627616066336
713136223746
203414171302
623236362534
201011062432
053415460706
627104066702
673624067714
203215171500
703455175312
621016471312
607476571312
715015167100
733036264736
727464070330
607074571500
607055773312
203035662100
613135467756
203515062432
053176267752
673104060734
621015462714
721015072732
607356326100
613134171750
715304060734
621016462746
723464067714
203075462754
627455662746
715016467500
637534171310
203515062732
064254163702
647356372100
647354570350
203376220336
723214571356
647474520352
673575771350
643624062760
703315771312
713465606424
064244020100
201004020100
433376220312
743035570330
625304044534
465344066312
633504064322
715015067752
717124071712
713554167350
715015062744
625664061312
647354720206
607304063744
607116560750
627465406424
723214574500
617035620304
625015761334
677615167752
715014167310
203555161722
677536327100
202234620336
673124067714
203515062732
203036472302
617276320362
677525420304
625016262702
623624072336
064254462714
627354420362
677536271712
663145420336
711014262500
713134162362
203515720310
647125620100
467445620100
433236345516
715015560722
621016372322
663304073702
673114571346
203034267752
720321272320
625015171730
607354420340
647075364734
635016570100
607156462744
203516260754
627315462744
715304071736
203234620362
677524062344
677404071736
667136464322
673165420346
643124065352
717501505332
647175072100
737035662312
711016464344
677534764100
723214520344
677375520322
671016764322
617204074736
725015462714
721015172100
607354420340
727504064750
203054161726
203575062744
625015172032
053054566336
673176327032
050321220100
201004020100
202155167302
663317126100
723214520340
607515020336
633144072320
625015171730
607354420322
715014772702
713114562100
613624060500
517035572744
607224073702
713455167744
203575067432
053236320354
627457120346
723455767316
203035662100
623234663322
617535472100
723364065722
663305620100
447354574340
627455162734
617134420302
623554567350
727454571346
203475067752
663115623750
064255562746
715016764750
641015064732
270321206424
201004020100
201004044500
607324074736
727444070302
713474571134
201012764312
673136662744
203635772500
737035672100
723364062336
203475766712
723215167316
261017167752
203256571750
203214173312
064256467500
723135466100
667125420302
663515067752
637204060750
203155171346
721017167752
203575166330
203416267704
607055474500
633235662100
723214172100
623236262706
723235663500
667124064746
064255767312
203374620350
643124066736
717504062322
633155161752
663504060746
703134372346
203374620350
643124063702
667125620100
445015060754
625014120344
627036367734
607055462432
053075766740
713135062734
717235767100
677144042734
637315171720
203035662100
617035620302
617074570350
203154164744
663624066336
673164061736
667334167310
715664064336
737136662744
261015567746
720321267714
203515062500
617375566702
673116320362
677524073722
663304067312
627104060744
625014172100
667376372100
633376571100
737376262346
203315767316
203035662100
667035674500
607454520336
673121505336
711016473736
203575771310
715015467734
635341505032
051004020100
201004020250
675015567754
625014161336
727505420324
727476420346
703134364714
745016464312
203115171312
617515167734
203515060750
203635772500
737035672100
723364063736
271004043336
710321262760
607336066312
261016467500
623136361712
673104060500
717514164744
737037120336
711014120320
677314520346
607624021310
677575626104
203035662100
723364063736
203355771350
641016360762
064244267336
713515027104
064241505100
201004020100
201011772320
627444061736
667334167310
715014171312
203035466736
717504064734
733036264702
613317120336
631016464312
203155771332
201716662744
611744036336
613254561750
243465137130
064254272750
203074167100
613134367732
625015567744
625014367732
703315161702
723134420120
645354527130
201056072750
201715761324
627076424346
245744061352
721007467704
653134372120
715227620322
670321236306
677356460722
673136237134
245344020262
677524061702
671016362740
607454172312
203024066322
717504067714
203374265312
617516320356
647515020306
677335560746
261015771100
213035662116
715045406424
607354420222
203575166330
203514165712
203035466100
723215771712
203515064734
637464074736
725016370312
617234674534
201011163100
747376520356
607356420350
675016460726
624321262754
627457172320
647354720322
671014120344
677375520346
607624021250
607274520302
663305421100
677444064714
203515062744
625015171500
653536372100
677354520350
643235663530
203516274432
051056460726
625015172134
211004024222
203035473702
747464072344
745016467500
713135562732
613136220350
643124066302
717504072320
647354720362
677524067744
202224066712
673515167734
627105420304
727501505222
203035520322
667414571314
627076420302
673104061702
671176420344
627034420362
677536220332
647354427122
064241505100
201004020100
201010667744
203024070302
713515160730
203315171750
203374620306
677335560734
623464072320
607504044500
727354462744
717514167310
261016360762
201054367732
667035662346
355041505350
643136262500
607454520346
677334520336
723214571346
203056572100
747376520346
643376566310
203054520302
613314520350
675014664716
727454520350
643135520336
727505620100
447144044500
637136406424
617375663352
717134420304
745016764302
721017167752
203574167350
203515720310
675016464312
671016471362
203454570312
607515167316
203635772744
203075766732
607354420352
717235663432
053115163314
627454567350
203575771310
715664064714
203515064746
203115762746
671176420356
677455320350
643135620340
627455060740
715017167752
203036262500
607516462732
703515167316
064256367732
627515064734
635016464302
721017167752
203256571750
203074167116
721014467534
201011167100
677454462744
203515720316
627504071736
667124064710
627036320336
631016764302
721017167752
064254360734
203376220346
643376566310
203115726100
647504064746
203024063736
677104064710
627024072336
201054574302
667235662504
203376220104
663375765500
607504220350
643124067704
653134372346
064257167752
203155167310
203375620350
643124064746
663035662134
064241505100
201004020100
201010171500
747376520316
627504066736
713124070336
647356471500
243515720306
643134365500
723215171500
717037120104
717075771312
211225420362
677536220346
723454567316
723201505356
647315420322
673076262702
717125420350
643536320312
673034266322
673164074736
725016467500
633234764350
203476471336
673174571100
607354420346
723455767316
627444067740
703375662734
723465606424
547376520356
647315420302
663475720314
647175072100
613136472312
711015163100
747376520302
713124067336
721014360744
713635167316
203214560754
745015761324
627076471534
201011163100
747376506424
633234764350
203475766712
677354520302
673104064312
203474562732
715016467500
613124073722
673355167316
261016464312
671015172116
715014120316
677374420322
623134120350
675015462702
733124072320
624321271336
677325620100
523364061720
627075320362
677536220320
627035472320
261016360762
201055062702
663515035504
203056572100
717235661712
203515064746
203514165712
715014120350
727455626032
053115767116
721014467500
647504064734
203515062500
667234462330
625015763100
605014664716
643504024362
677536220336
703415767312
673504073722
663304072320
627344063712
721014120314
713134506424
717215772100
607504074736
725225606424
064244020100
201004020100
427034364100
723454560746
727454520320
607464060500
733035472712
203036371736
617234172312
621016764750
641015172134
201013167752
203174572100
643035463100
677144064750
714321273302
663534520314
677444063322
673115167316
203236426100
607354420314
727315420306
713134464750
203155771100
657134570322
673164064750
203235620350
643124071702
633124024362
677524063322
673101505350
643124071702
633125127032
050321220100
201004020100
202315165712
203035466100
617375570352
723136220340
713374771302
667334571346
261016464312
203235570330
627334567350
627456320336
631010664746
455014171312
203476561324
627076406424
243454171312
663625120350
675014571344
677445620100
447144074736
725016364336
727314420314
647354420336
673125420340
663134171712
203454570336
713504064750
203555160500
723214520104
613534721032
053075766732
607354427100
202515064746
203075766732
607354420302
727515766702
723234360730
663624071712
673116320332
607235420350
675016571530
203465671736
613376464726
203035662032
053465671704
717256227100
202415462702
717124062760
703314164734
203575062744
625017167752
203574571312
203035662100
627614161750
663624073720
607504074736
725014464710
203515720332
607274520350
643121505304
727164060740
703134171134
201013167752
711016071312
617236364736
671015062730
703464072746
203515720314
647354420350
643124061352
637467320362
677536220354
607176562734
627476320336
673317106424
617375663352
717136320352
715344020206
677335562734
723464060734
621016372716
637136372322
677356320332
607624060730
717364061312
203474567350
203536364734
635016464312
201054272716
210321261736
667334167310
270321206424
201004020100
201004040500
643236372336
713234360730
203355772312
351004043322
716264073702
715015771322
637235660730
663624073744
647516462734
203235620142
345567120304
745016473736
202476460734
633376262032
052535664754
627456364750
745016567310
627454771302
623534172312
715304045336
643344051736
613376464726
203035662100
513234364302
713104041312
647174566134
201012464312
203376264716
647354166032
053174166712
203574171500
723235674500
647344061736
667414171322
717375620350
675016464312
203416262746
627356420354
627456364736
671304073720
647075020322
715016464312
203454571752
663504067714
064255560734
745015460750
625015664716
643516320302
721016464312
203075766740
727514571100
617135672312
711014472744
647354720350
643124061736
727456362500
677144072320
625015662760
721016473736
064257162702
713465620100
407114464750
647375671500
723364072320
625014760732
625014171312
203137070312
617514562100
723364061736
673515167352
625014171500
663375663500
607464051750
607354667744
621176306424
462372451500
617375570352
723136220306
627356462744
271004052320
625016071312
717135672100
647336066312
667135672312
713464067714
202155171626
203036262500
453375067100
517374267750
647264060734
620321260734
677515062744
202476460734
633376262100
727354462744
637454162352
607514526100
413036272100
517134171346
270321202032
050000000000
