/* images.c - generated by mkimages.py from src_original; do not edit */
#include "images.h"

/* procedure segment ADVEN (ID >01) of .GAMES.PROG, loaded at >0000 (ADVEN.proc.bin, md5 7750f9aabd3ba23e833e2ca44632a241) */
const unsigned char adven_proc[45716] = {
    0xB2,0xB0,0x01,0xE8,0x5D,0x48,0x28,0x27,0x30,0x54,0x68,0x65,0x72,0x65,0x20,0x61,
    0x72,0x65,0x20,0x27,0x2C,0x49,0x31,0x2C,0x27,0x20,0x74,0x68,0x72,0x65,0x61,0x74,
    0x65,0x6E,0x69,0x6E,0x67,0x20,0x6C,0x69,0x74,0x74,0x6C,0x65,0x20,0x64,0x77,0x61,
    0x72,0x76,0x65,0x73,0x20,0x69,0x6E,0x20,0x74,0x68,0x65,0x27,0x2C,0x27,0x20,0x72,
    0x6F,0x6F,0x6D,0x20,0x77,0x69,0x74,0x68,0x20,0x79,0x6F,0x75,0x2E,0x27,0x29,0x20,
    0x28,0x27,0x30,0x27,0x2C,0x49,0x31,0x2C,0x27,0x20,0x6F,0x66,0x20,0x74,0x68,0x65,
    0x6D,0x20,0x74,0x68,0x72,0x6F,0x77,0x20,0x6B,0x6E,0x69,0x76,0x65,0x73,0x20,0x61,
    0x74,0x20,0x79,0x6F,0x75,0x21,0x27,0x29,0x28,0x27,0x30,0x27,0x2C,0x49,0x31,0x2C,
    0x27,0x20,0x6F,0x66,0x20,0x74,0x68,0x65,0x6D,0x20,0x67,0x65,0x74,0x20,0x79,0x6F,
    0x75,0x21,0x27,0x29,0x28,0x27,0x30,0x57,0x68,0x61,0x74,0x20,0x64,0x6F,0x20,0x79,
    0x6F,0x75,0x20,0x77,0x61,0x6E,0x74,0x20,0x74,0x6F,0x20,0x64,0x6F,0x20,0x77,0x69,
    0x74,0x68,0x20,0x74,0x68,0x65,0x20,0x27,0x2C,0x35,0x41,0x32,0x2C,0x27,0x20,0x3F,
    0x27,0x29,0x28,0x27,0x30,0x49,0x20,0x73,0x65,0x65,0x20,0x6E,0x6F,0x20,0x27,0x2C,
    0x35,0x41,0x32,0x2C,0x27,0x20,0x68,0x65,0x72,0x65,0x2E,0x27,0x29,0x20,0x28,0x27,
    0x30,0x27,0x2C,0x35,0x41,0x32,0x2C,0x27,0x20,0x77,0x68,0x61,0x74,0x20,0x3F,0x27,
    0x29,0x20,0x28,0x27,0x30,0x4F,0x6B,0x61,0x79,0x2C,0x20,0x22,0x27,0x2C,0x35,0x41,
    0x32,0x2C,0x27,0x22,0x2E,0x27,0x29,0x20,0x28,0x27,0x30,0x49,0x20,0x63,0x61,0x6E,
    0x20,0x73,0x75,0x73,0x70,0x65,0x6E,0x64,0x20,0x79,0x6F,0x75,0x72,0x20,0x61,0x64,
    0x76,0x65,0x6E,0x74,0x75,0x72,0x65,0x20,0x66,0x6F,0x72,0x20,0x79,0x6F,0x75,0x20,
    0x73,0x6F,0x20,0x74,0x68,0x61,0x74,0x20,0x79,0x6F,0x75,0x20,0x63,0x61,0x6E,0x27,
    0x2C,0x27,0x20,0x72,0x65,0x73,0x75,0x6D,0x65,0x20,0x6C,0x61,0x74,0x65,0x72,0x2C,
    0x20,0x62,0x75,0x74,0x27,0x2C,0x2F,0x2C,0x27,0x20,0x79,0x6F,0x75,0x20,0x77,0x69,
    0x6C,0x6C,0x20,0x68,0x61,0x76,0x65,0x20,0x74,0x6F,0x20,0x77,0x61,0x69,0x74,0x20,
    0x61,0x74,0x20,0x6C,0x65,0x61,0x73,0x74,0x27,0x2C,0x49,0x33,0x2C,0x27,0x20,0x6D,
    0x69,0x6E,0x75,0x74,0x65,0x73,0x20,0x62,0x65,0x66,0x6F,0x72,0x65,0x20,0x63,0x6F,
    0x6E,0x74,0x69,0x6E,0x75,0x69,0x6E,0x67,0x2E,0x27,0x29,0x20,0x28,0x27,0x30,0x49,
    0x20,0x61,0x6D,0x20,0x70,0x72,0x65,0x70,0x61,0x72,0x65,0x64,0x20,0x74,0x6F,0x20,
    0x67,0x69,0x76,0x65,0x20,0x79,0x6F,0x75,0x20,0x61,0x20,0x68,0x69,0x6E,0x74,0x2C,
    0x20,0x62,0x75,0x74,0x20,0x69,0x74,0x20,0x77,0x69,0x6C,0x6C,0x20,0x63,0x6F,0x73,
    0x74,0x27,0x2C,0x27,0x20,0x79,0x6F,0x75,0x27,0x2C,0x49,0x32,0x2C,0x27,0x20,0x70,
    0x6F,0x69,0x6E,0x74,0x73,0x2E,0x27,0x29,0x06,0xA0,0x76,0xCA,0x24,0x4D,0x41,0x49,
    0x4E,0x20,0x10,0x7A,0xC3,0x0B,0x06,0xA0,0x5D,0x54,0x00,0x01,0xB2,0xF8,0xC0,0x20,
    0xB2,0xFA,0xC0,0x90,0x0A,0x12,0x88,0x22,0xCB,0x90,0xCA,0xF4,0x13,0x06,0xC0,0xD0,
    0x0A,0x13,0x88,0x23,0xC8,0x2E,0xCA,0xF4,0x16,0x02,0x07,0x00,0x10,0x01,0x04,0xC0,
    0xC2,0xE0,0xB2,0xF8,0x04,0x5B,0xC3,0x0B,0x06,0xA0,0x5D,0x54,0x00,0x01,0xB2,0xFC,
    0xC0,0xA0,0xCA,0xF4,0x0A,0x12,0xC0,0x22,0x9D,0x72,0x02,0x40,0x00,0x01,0x16,0x16,
    0xC0,0xE0,0xA2,0x5A,0x0A,0x13,0xC0,0x63,0xCC,0x10,0x13,0x0E,0xC1,0x20,0xA2,0x5A,
    0x0A,0x14,0x88,0x24,0xCB,0x90,0xCA,0xF4,0x13,0x09,0xC1,0x60,0xA2,0x5A,0x0A,0x15,
    0x88,0x25,0xCB,0x90,0x3A,0x88,0x13,0x02,0x07,0x06,0x10,0x01,0x04,0xC6,0xC0,0x06,
    0xC2,0xE0,0xB2,0xFC,0x04,0x5B,0xC3,0x0B,0x06,0xA0,0x5D,0x54,0x00,0x01,0xB3,0x00,
    0xC0,0x20,0xB3,0x02,0xC0,0x90,0x0A,0x12,0x88,0x22,0xCB,0x90,0xCA,0xF4,0x13,0x06,
    0xC0,0xD0,0x0A,0x13,0x88,0x23,0xCB,0x90,0x3A,0x88,0x16,0x02,0x07,0x00,0x10,0x01,
    0x04,0xC0,0xC2,0xE0,0xB3,0x00,0x04,0x5B,0xC3,0x0B,0x06,0xA0,0x5D,0x54,0x00,0x01,
    0xB3,0x04,0x02,0x00,0x00,0x01,0xC0,0x60,0xB3,0x06,0x60,0x11,0x38,0x20,0xB2,0x90,
    0xC0,0xA0,0xB3,0x06,0xC0,0x12,0x06,0xA0,0x5D,0xA0,0x3A,0x8A,0xC0,0xE0,0xB2,0x90,
    0xA0,0xE0,0xA3,0xE2,0xC8,0x01,0xB3,0x08,0x38,0x03,0xA0,0x60,0xB3,0x08,0xC0,0x01,
    0xC2,0xE0,0xB3,0x04,0x04,0x5B,0x10,0x02,0x04,0x60,0x03,0x72,0xC3,0x0B,0x06,0xA0,
    0x5D,0x54,0x00,0x01,0xB3,0x0A,0xC0,0xA0,0x9D,0x58,0x0A,0x12,0xC8,0x02,0xB3,0x0E,
    0x02,0x22,0xCC,0x10,0xC8,0x02,0xB3,0x10,0x02,0x00,0xFF,0xFF,0xC0,0xA0,0xB3,0x0E,
    0x60,0x22,0xCC,0x10,0xC8,0x00,0xB3,0x12,0x04,0x20,0x5A,0xE0,0x00,0x02,0xB3,0x11,
    0xB3,0x12,0xC8,0x00,0xB3,0x14,0x06,0xA0,0x02,0xA8,0x00,0x01,0xB3,0x14,0xC2,0xE0,
    0xB3,0x0A,0x04,0x5B,0xC3,0x0B,0x06,0xA0,0x5D,0x54,0x00,0x01,0xB3,0x16,0xC0,0x20,
    0xB3,0x18,0xC0,0x90,0x0A,0x12,0xC0,0x62,0x9D,0x72,0x02,0x41,0x00,0x06,0x02,0x21,
    0xFF,0xFB,0xC0,0xE2,0x9D,0x72,0x09,0x23,0x02,0x43,0x00,0x01,0x38,0x43,0x05,0x82,
    0xC8,0x02,0xB3,0x1A,0x06,0xA0,0x02,0xA8,0x00,0x01,0xB3,0x1A,0xC2,0xE0,0xB3,0x16,
    0x04,0x5B,0x04,0x20,0x71,0x2C,0x9D,0x60,0x04,0x20,0x71,0x2C,0x9D,0x62,0xC8,0x20,
    0x3A,0x8C,0xD6,0xD0,0x04,0x20,0x3B,0xEC,0x00,0x02,0xB2,0x82,0xD6,0xD0,0x04,0x20,
    0x72,0x0A,0x00,0x04,0x9D,0x68,0xD6,0xD0,0x3A,0x8A,0xB2,0xEC,0x88,0x20,0xB2,0xEC,
    0x3A,0x8E,0x11,0x05,0x13,0x04,0x04,0x20,0x3C,0x16,0x00,0x01,0x3A,0x90,0x04,0xE0,
    0xCD,0x88,0xC8,0x20,0xA5,0x96,0xCD,0x8A,0x04,0x20,0x74,0x92,0x00,0x05,0x9D,0x68,
    0xCD,0x88,0xD4,0x4E,0xA5,0x98,0xB2,0xEC,0x88,0x20,0xB2,0xEC,0x3A,0x8E,0x11,0x05,
    0x13,0x04,0x04,0x20,0x3C,0x16,0x00,0x01,0x3A,0x90,0xC8,0x20,0x3A,0x8E,0xB2,0xEE,
    0xC0,0xA0,0xB2,0xEE,0x0A,0x12,0xC0,0x22,0xD4,0x4C,0x28,0x20,0x3A,0x92,0xC8,0x80,
    0xD4,0x4C,0x05,0xA0,0xB2,0xEE,0x88,0x20,0xB2,0xEE,0xA5,0x98,0x12,0xF1,0x04,0x20,
    0x56,0x02,0x00,0x01,0x3A,0x94,0xC0,0x00,0x13,0x02,0x07,0x00,0x10,0x01,0x04,0xC0,
    0xC8,0x00,0xC7,0x8E,0x04,0x20,0x4B,0x68,0x00,0x01,0x3A,0x96,0x02,0x01,0x00,0x80,
    0x02,0x21,0xA3,0xFC,0xC8,0x01,0xB3,0x1C,0x04,0x20,0x46,0xBA,0x00,0x03,0xB3,0x1D,
    0xA3,0xFC,0x3A,0x94,0xC0,0x00,0x13,0x02,0x07,0x00,0x10,0x01,0x04,0xC0,0xC8,0x00,
    0xC8,0xBA,0xC0,0x20,0xC8,0xBA,0x13,0x03,0xC8,0x20,0x3A,0x98,0xC9,0x5C,0x88,0x20,
    0xCA,0xF8,0x3A,0x9A,0x15,0x1C,0xC0,0x20,0xCA,0xF8,0x13,0x19,0xC0,0x60,0xC7,0x8A,
    0x13,0x16,0x02,0x00,0x01,0x02,0x02,0x20,0xA3,0xFC,0xC8,0x00,0xB3,0x1C,0x04,0x20,
    0x54,0x78,0x00,0x01,0xB3,0x1D,0xC8,0x20,0xCA,0xF4,0xCA,0xF8,0xC0,0x60,0xCB,0x10,
    0x16,0x03,0xC8,0x20,0x3A,0x9C,0xC7,0x86,0xC8,0x20,0x3A,0x9E,0xCB,0x10,0x88,0x20,
    0xCA,0xF8,0xCA,0xF4,0x13,0x33,0xC0,0xA0,0xCA,0xF4,0x0A,0x12,0x88,0x22,0x9D,0x72,
    0x3A,0x8A,0x13,0x2C,0xC0,0xE0,0xCA,0xF4,0x0A,0x13,0xC0,0x23,0x9D,0x72,0x02,0x40,
    0x00,0x08,0x16,0x24,0xC8,0x20,0x3A,0x8E,0xB2,0xEE,0xC0,0xA0,0xB2,0xEE,0x0A,0x12,
    0x88,0x22,0xCA,0xFC,0xCA,0xF8,0x16,0x14,0xC0,0xE0,0xB2,0xEE,0x0A,0x13,0xC0,0x23,
    0xC7,0xA0,0x13,0x0E,0xC8,0x20,0xCA,0xF4,0xCA,0xF8,0x02,0x01,0x00,0x02,0x02,0x21,
    0xA3,0xFC,0xC8,0x01,0xB3,0x1C,0x04,0x20,0x54,0x78,0x00,0x01,0xB3,0x1D,0x10,0x06,
    0x05,0xA0,0xB2,0xEE,0x88,0x20,0xB2,0xEE,0x3A,0xA0,0x12,0xDF,0xC8,0x20,0xCA,0xF8,
    0xCA,0xF4,0xC0,0x20,0xCA,0xF4,0x13,0x75,0xC0,0x80,0x0A,0x12,0x88,0x22,0x9D,0x72,
    0x3A,0x8A,0x13,0x71,0xC0,0xE0,0xCA,0xF8,0x0A,0x13,0xC0,0x23,0x9D,0x72,0x02,0x40,
    0x00,0x08,0x16,0x6B,0xC0,0x60,0xC7,0x92,0x16,0x09,0x88,0x20,0xCA,0xF4,0x3A,0xA2,
    0x11,0x04,0x13,0x03,0xC8,0x20,0x3A,0x8E,0xC7,0x92,0x10,0x61,0x88,0x20,0xC7,0x92,
    0x3A,0x8E,0x16,0x5F,0x88,0x20,0xCA,0xF4,0x3A,0x9C,0x11,0x5D,0x04,0x20,0x3B,0x94,
    0x00,0x01,0x3A,0xA4,0x02,0x80,0x00,0x5F,0x11,0x58,0xC8,0x20,0x3A,0x8A,0xC7,0x92,
    0xC0,0x60,0xA3,0x7E,0x06,0x01,0xC8,0x01,0xB2,0xEC,0x88,0x20,0xCD,0x12,0x3A,0x88,
    0x16,0x14,0xC8,0x20,0x3A,0x8E,0xB2,0xEE,0x04,0x20,0x3B,0x94,0x00,0x01,0xB2,0xEC,
    0x05,0x80,0xC8,0x00,0xB2,0xF0,0xC0,0x80,0x0A,0x12,0x04,0xE2,0xC7,0x94,0x05,0xA0,
    0xB2,0xEE,0x88,0x20,0xB2,0xEE,0xB2,0xEC,0x12,0xEF,0xC8,0x20,0x3A,0x8E,0xB2,0xEE,
    0xC0,0xA0,0xB2,0xEE,0x0A,0x12,0x88,0x22,0xC7,0x94,0xCA,0xF4,0x16,0x06,0xC0,0xE0,
    0xB2,0xEE,0x0A,0x13,0xC8,0xE0,0xC7,0x8C,0xC7,0x94,0xC0,0xA0,0xB2,0xEE,0x0A,0x12,
    0xC8,0xA2,0xC7,0x94,0xCA,0xFC,0x05,0xA0,0xB2,0xEE,0x88,0x20,0xB2,0xEE,0xB2,0xEC,
    0x12,0xE7,0x02,0x00,0x00,0x04,0x02,0x20,0xA3,0xFC,0xC8,0x00,0xB3,0x1C,0x04,0x20,
    0x54,0x78,0x00,0x01,0xB3,0x1D,0x04,0x20,0x3D,0x90,0x00,0x02,0x9D,0x4C,0xCA,0xF4,
    0x10,0x06,0x04,0x60,0x0B,0x30,0x04,0x60,0x0B,0x30,0x04,0x60,0x0B,0x30,0x04,0x60,
    0x0B,0x30,0x04,0x60,0x06,0x0E,0x04,0x60,0x0B,0x30,0x04,0x60,0x0B,0x30,0x04,0xE0,
    0xC7,0xAE,0x04,0xE0,0xC7,0x7C,0x04,0xE0,0xCD,0x1E,0xC8,0x20,0x3A,0x8E,0xB2,0xEE,
    0xC0,0xA0,0xB2,0xEE,0x0A,0x12,0xC0,0x22,0xC7,0x94,0x13,0x7B,0xC8,0x20,0x3A,0x8E,
    0xB2,0xF0,0xC0,0xE0,0xB2,0xEE,0x0A,0x13,0xC8,0x23,0xC7,0x94,0xB2,0xF2,0xC1,0x20,
    0xB2,0xF2,0x0A,0x14,0xC8,0x24,0x9E,0xE4,0xB2,0xF2,0xC0,0x60,0xB2,0xF2,0x13,0x6B,
    0xC0,0xA0,0xB2,0xF2,0x0A,0x22,0x02,0x22,0xA6,0xB8,0xC8,0x02,0xB3,0x1C,0x04,0x20,
    0x5B,0xFC,0x00,0x01,0xB3,0x1D,0x04,0x20,0x5E,0xCE,0xA3,0xE4,0xC8,0x00,0xB3,0x1E,
    0xC8,0x01,0xB3,0x20,0x04,0x20,0x5B,0x50,0x00,0x02,0xB3,0x1E,0xA3,0xE4,0xC8,0x01,
    0xCA,0xF8,0x02,0x81,0x01,0x2C,0x15,0x51,0x02,0x81,0x00,0x0F,0x11,0x50,0xC0,0xA0,
    0xB2,0xEE,0x0A,0x12,0x88,0x81,0xCA,0xFC,0x13,0x4C,0x88,0x20,0xB2,0xF0,0x3A,0x8E,
    0x11,0x07,0x13,0x06,0xC0,0xE0,0xB2,0xF0,0x0A,0x13,0x88,0xC1,0xCD,0x20,0x13,0x43,
    0x88,0x20,0xB2,0xF0,0x3A,0xA6,0x15,0x41,0xC1,0x20,0xB2,0xEE,0x0A,0x14,0x89,0x20,
    0xCA,0xF8,0xC7,0x94,0x13,0x3C,0xC1,0x60,0xCA,0xF8,0x0A,0x15,0x88,0x25,0x9D,0x72,
    0x3A,0x8A,0x13,0x37,0x88,0x20,0xB2,0xEE,0xA3,0x7E,0x16,0x08,0xC1,0xA0,0xCA,0xF8,
    0x0A,0x16,0xC0,0x26,0x9D,0x72,0x02,0x40,0x00,0x08,0x16,0x2D,0xC1,0xE0,0xB2,0xF2,
    0x0A,0x27,0x02,0x27,0xA6,0xB8,0xC8,0x07,0xB3,0x22,0x04,0x20,0x5B,0xFC,0x00,0x01,
    0xB3,0x23,0x04,0x20,0x5E,0xCE,0x3A,0xA8,0x04,0x20,0x5E,0x88,0x3A,0xAC,0x04,0x20,
    0x5F,0xB0,0x13,0x1B,0xC1,0xE0,0xB2,0xF0,0x0A,0x17,0xC9,0xE0,0xCA,0xF8,0xCD,0x22,
    0x10,0x16,0x04,0x60,0x0A,0x36,0x04,0x60,0x07,0x76,0x04,0x60,0x07,0x52,0x04,0x60,
    0x07,0x52,0x04,0x60,0x07,0x52,0x04,0x60,0x07,0x52,0x04,0x60,0x07,0x52,0x04,0x60,
    0x07,0x52,0x04,0x60,0x07,0x52,0x04,0x60,0x07,0x52,0x04,0x60,0x07,0x52,0x05,0xA0,
    0xB2,0xF0,0x05,0xA0,0xB2,0xF2,0xC0,0xA0,0xB2,0xF2,0x0A,0x22,0x02,0x22,0xA6,0xB4,
    0xC8,0x02,0xB3,0x1C,0x04,0x20,0x5E,0x7A,0xB3,0x1D,0x04,0x20,0x5E,0x88,0x3A,0xB0,
    0x04,0x20,0x5F,0xB0,0x15,0x7C,0xC0,0xA0,0xB2,0xF0,0x0A,0x12,0xC0,0xE0,0xB2,0xEE,
    0x0A,0x13,0xC8,0xA3,0xCA,0xFC,0xCD,0x22,0x88,0x20,0xB2,0xF0,0x3A,0x8E,0x11,0x03,
    0x13,0x02,0x06,0x20,0xB2,0xF0,0x04,0x20,0x3B,0x94,0x00,0x01,0xB2,0xF0,0x05,0x80,
    0xC8,0x00,0xB2,0xF0,0xC0,0xA0,0xB2,0xEE,0x0A,0x12,0xC8,0xA2,0xC7,0x94,0xCA,0xFC,
    0xC0,0xC0,0x0A,0x13,0xC8,0xA3,0xCD,0x22,0xC7,0x94,0x88,0x20,0xCA,0xF4,0x3A,0xA2,
    0x15,0x11,0xC0,0x22,0xC7,0xA0,0x13,0x00,0xC1,0x20,0xB2,0xEE,0x0A,0x14,0x88,0x24,
    0xC7,0x94,0xCA,0xF4,0x13,0x07,0xC1,0x60,0xB2,0xEE,0x0A,0x15,0x88,0x25,0xCA,0xFC,
    0xCA,0xF4,0x16,0x02,0x07,0x01,0x10,0x01,0x04,0xC1,0xC8,0x81,0xC7,0xA0,0xC1,0xA0,
    0xB2,0xEE,0x0A,0x16,0xC0,0x26,0xC7,0xA0,0x13,0x3C,0xC9,0xA0,0xCA,0xF4,0xC7,0x94,
    0x88,0x20,0xB2,0xEE,0xA3,0x7E,0x16,0x37,0x88,0x20,0xCA,0xF4,0xC7,0x80,0x13,0x35,
    0xC1,0xE0,0x9D,0x6C,0x0A,0x17,0x88,0x27,0xCC,0x10,0x3A,0x88,0x15,0x30,0x04,0xE0,
    0xB2,0xF4,0xC8,0x20,0x3A,0xB4,0xB2,0xF0,0x88,0x20,0xB2,0xF0,0xA3,0xF4,0x16,0x0E,
    0xC0,0xA0,0xA3,0xF4,0x0A,0x12,0x88,0xA0,0xCA,0xF4,0xCB,0x10,0x13,0x0E,0xC0,0xE0,
    0x9E,0xC0,0x0A,0x13,0x88,0xE0,0xCA,0xF4,0xCB,0x10,0x13,0x07,0xC1,0x20,0xB2,0xF0,
    0x0A,0x14,0x88,0x24,0xCB,0x90,0x3A,0x88,0x13,0x14,0x06,0xA0,0x02,0x76,0x00,0x01,
    0xB2,0xF0,0xC0,0x00,0x13,0x03,0xC8,0x20,0x3A,0x8E,0xB2,0xF4,0x10,0x0C,0x04,0x60,
    0x06,0x50,0x04,0x60,0x0A,0x36,0x04,0x60,0x09,0xF4,0x04,0x60,0x0A,0x36,0x04,0x60,
    0x0A,0x36,0x04,0x60,0x09,0x00,0x05,0xA0,0xB2,0xF0,0x88,0x20,0xB2,0xF0,0xA3,0x88,
    0x12,0xCB,0x02,0x00,0x00,0x01,0xA0,0x20,0xCD,0x22,0x80,0x20,0xCD,0x20,0x16,0x16,
    0xC0,0x60,0xB2,0xF4,0x16,0x13,0xC0,0xA0,0x9D,0x6C,0x0A,0x12,0xC0,0xE2,0xCB,0x90,
    0x16,0x0D,0x06,0xA0,0x02,0x76,0x00,0x01,0xA2,0x5A,0xC0,0x00,0x13,0x07,0xC0,0xA0,
    0xA2,0x5A,0x0A,0x12,0x88,0x22,0xCC,0x10,0x3A,0x8E,0x13,0x6D,0xC0,0xE0,0xA3,0x7E,
    0x0A,0x13,0x88,0xE3,0xCA,0xFC,0xC7,0x94,0x13,0x12,0x04,0x20,0x3B,0x94,0x00,0x01,
    0x3A,0xA4,0x02,0x80,0x00,0x14,0x15,0x0B,0x13,0x0A,0x02,0x01,0x00,0xFC,0x02,0x21,
    0xA3,0xFC,0xC8,0x01,0xB3,0x1C,0x04,0x20,0x54,0x78,0x00,0x01,0xB3,0x1D,0x10,0x55,
    0x02,0x00,0x00,0xFE,0x02,0x20,0xA3,0xFC,0xC8,0x00,0xB3,0x1C,0x04,0x20,0x54,0x78,
    0x00,0x01,0xB3,0x1D,0xC0,0xA0,0xA3,0x8E,0x0A,0x12,0xC0,0x62,0xCB,0x90,0x16,0x05,
    0x04,0x20,0x4C,0xFC,0x00,0x02,0x9D,0x6C,0xC7,0x80,0x04,0x20,0x4C,0xFC,0x00,0x02,
    0xA3,0x8E,0xC7,0x82,0xC8,0x20,0x3A,0xB4,0xB2,0xF0,0x88,0x20,0xB2,0xF0,0xA3,0xF4,
    0x16,0x0E,0xC0,0xA0,0xA3,0xF4,0x0A,0x12,0x88,0xA0,0xCA,0xF4,0xCB,0x10,0x13,0x24,
    0xC0,0xE0,0x9E,0xC0,0x0A,0x13,0x88,0xE0,0xCA,0xF4,0xCB,0x10,0x13,0x1D,0x06,0xA0,
    0x01,0xF4,0x00,0x01,0xB2,0xF0,0xC0,0x00,0x13,0x0B,0xC0,0xA0,0xB2,0xF0,0x0A,0x12,
    0xC0,0x22,0xC8,0x2E,0x16,0x05,0x04,0x20,0x3C,0xB8,0x00,0x02,0xB2,0xF0,0xCA,0xF4,
    0xC0,0xA0,0xB2,0xF0,0x0A,0x12,0x88,0x22,0xCB,0x90,0x3A,0x88,0x16,0x05,0x04,0x20,
    0x3D,0x90,0x00,0x02,0xB2,0xF0,0xC7,0x80,0x05,0xA0,0xB2,0xF0,0x88,0x20,0xB2,0xF0,
    0xA3,0x88,0x12,0xCB,0x10,0x04,0x04,0x60,0x09,0xB2,0x04,0x60,0x0A,0x36,0x04,0x60,
    0x09,0xDA,0x02,0x00,0x01,0x72,0x02,0x20,0xA3,0xFC,0xC8,0x00,0xB3,0x1C,0x04,0x20,
    0x54,0x78,0x00,0x01,0xB3,0x1D,0x04,0x20,0x4C,0xFC,0x00,0x02,0x9D,0x6C,0xC7,0x80,
    0x04,0x20,0x4C,0xFC,0x00,0x02,0xA3,0x8E,0xC7,0x82,0xC0,0xA0,0xA3,0x7E,0x0A,0x12,
    0xC8,0xA0,0xC7,0x80,0xC7,0x94,0xC8,0xA0,0xC7,0x80,0xCA,0xFC,0xC8,0xA0,0x3A,0x96,
    0xC7,0xA0,0x10,0xDB,0x05,0xA0,0xC7,0xAE,0xC0,0xA0,0xB2,0xEE,0x0A,0x12,0x88,0xA2,
    0xCA,0xFC,0xC7,0x94,0x16,0x18,0x05,0xA0,0xC7,0x7C,0x88,0x20,0xC9,0x5A,0x3A,0x88,
    0x11,0x04,0x13,0x03,0xC8,0x20,0xCA,0xF4,0xC9,0x5A,0x04,0x20,0x3B,0x94,0x00,0x01,
    0x3A,0x98,0xC0,0x60,0xC7,0x92,0x06,0x41,0x38,0x60,0x3A,0xB6,0x80,0x80,0x15,0x03,
    0x13,0x02,0x05,0xA0,0xCD,0x1E,0x05,0xA0,0xB2,0xEE,0x88,0x20,0xB2,0xEE,0xA3,0x7E,
    0x12,0x5E,0xC0,0x20,0xC7,0xAE,0x13,0x5D,0x02,0x80,0x00,0x01,0x13,0x0A,0x04,0x20,
    0x75,0xBA,0x9D,0x62,0x00,0x06,0x04,0x20,0x75,0xFA,0xC7,0xAE,0x04,0x20,0x76,0x16,
    0x10,0x0A,0x02,0x00,0x00,0x06,0x02,0x20,0xA3,0xFC,0xC8,0x00,0xB3,0x1C,0x04,0x20,
    0x54,0x78,0x00,0x01,0xB3,0x1D,0xC0,0x20,0xC7,0x7C,0x13,0x45,0x88,0x20,0xC7,0x92,
    0x3A,0x8A,0x16,0x03,0xC8,0x20,0x3A,0xB8,0xC7,0x92,0x88,0x20,0xCD,0x12,0x3A,0x88,
    0x13,0x03,0xC8,0x20,0x3A,0xBA,0xC7,0x92,0x88,0x20,0xC7,0x7C,0x3A,0x8E,0x13,0x0D,
    0x04,0x20,0x75,0xBA,0x9D,0x62,0x00,0x50,0x04,0x20,0x75,0xFA,0xC7,0x7C,0x04,0x20,
    0x76,0x16,0xC8,0x20,0x3A,0xBC,0xB2,0xF4,0x10,0x0D,0x02,0x00,0x00,0x08,0x02,0x20,
    0xA3,0xFC,0xC8,0x00,0xB3,0x1C,0x04,0x20,0x54,0x78,0x00,0x01,0xB3,0x1D,0xC8,0x20,
    0x3A,0xBE,0xB2,0xF4,0x88,0x20,0xCD,0x1E,0x3A,0x8E,0x15,0x17,0xC0,0x20,0xCD,0x1E,
    0xA0,0x20,0xB2,0xF4,0x0A,0x10,0x02,0x20,0xA3,0xFA,0xC8,0x00,0xB3,0x1C,0x04,0x20,
    0x54,0x78,0x00,0x01,0xB3,0x1D,0xC0,0x60,0xCD,0x1E,0x13,0x09,0x10,0x0A,0x04,0x60,
    0x06,0x20,0x04,0x60,0x0B,0x30,0x04,0x60,0x0B,0x30,0x04,0x60,0x0B,0x16,0x04,0x60,
    0x0B,0x30,0x04,0x60,0x0B,0x28,0x04,0x20,0x75,0xBA,0x9D,0x62,0x00,0x78,0x04,0x20,
    0x75,0xFA,0xCD,0x1E,0x04,0x20,0x76,0x16,0xC8,0x20,0xCA,0xF4,0xCB,0x0A,0x10,0x7B,
    0xC0,0x20,0xCA,0xF4,0x13,0x7A,0xC0,0x80,0x0A,0x12,0xC8,0x22,0xA5,0x9A,0xB2,0xF2,
    0x02,0x22,0xC5,0x48,0xC8,0x02,0xB3,0x1C,0x04,0x20,0x5C,0xB8,0x00,0x02,0xB3,0x1D,
    0xC6,0x62,0xC0,0x00,0x13,0x03,0xC0,0x60,0xB2,0xF2,0x16,0x06,0xC0,0xA0,0xCA,0xF4,
    0x0A,0x12,0xC8,0x22,0xA2,0x5E,0xB2,0xF2,0xC0,0xA0,0xCA,0xF4,0x0A,0x12,0x88,0x22,
    0x9D,0x72,0x3A,0x8A,0x13,0x14,0x06,0xA0,0x02,0x26,0x00,0x01,0x3A,0x94,0xC0,0x00,
    0x13,0x0E,0x04,0x20,0x3B,0x94,0x00,0x01,0x3A,0xA4,0x02,0x80,0x00,0x23,0x15,0x04,
    0x13,0x03,0xC0,0x60,0xCD,0x84,0x16,0x4B,0xC8,0x20,0xA4,0x1A,0xB2,0xF2,0xC0,0xA0,
    0x9D,0x52,0x0A,0x12,0x88,0x22,0xCB,0x90,0x3A,0x88,0x16,0x0A,0x02,0x00,0x01,0x18,
    0x02,0x20,0xA3,0xFC,0xC8,0x00,0xB3,0x1C,0x04,0x20,0x54,0x78,0x00,0x01,0xB3,0x1D,
    0x04,0x20,0x54,0x78,0x00,0x01,0xB2,0xF2,0xC8,0x20,0x3A,0x8E,0xB2,0xF4,0xC0,0xA0,
    0xCA,0xF4,0x0A,0x12,0x88,0x22,0x9D,0x72,0x3A,0x8A,0x13,0x2B,0x88,0x20,0xCA,0xF4,
    0x3A,0xC0,0x16,0x15,0x04,0x20,0x3B,0x94,0x00,0x01,0x3A,0xA4,0x02,0x80,0x00,0x19,
    0x15,0x0E,0x13,0x0D,0xC0,0x60,0xC7,0x8A,0x16,0x0A,0x02,0x01,0x00,0x0E,0x02,0x21,
    0xA3,0xFC,0xC8,0x01,0xB3,0x1E,0x04,0x20,0x54,0x78,0x00,0x01,0xB3,0x1F,0x06,0xA0,
    0x02,0x26,0x00,0x01,0x3A,0x94,0xC0,0x00,0x16,0x0E,0xC0,0xA0,0xCA,0xF4,0x0A,0x12,
    0x05,0xA2,0xC5,0x48,0x10,0x0A,0x04,0x60,0x1A,0x62,0x04,0x60,0x1A,0x62,0x04,0x60,
    0x1A,0x48,0x04,0x60,0x13,0x7E,0x04,0x60,0x0D,0x3E,0xC8,0x22,0xC6,0x62,0xB2,0xEE,
    0xC0,0x20,0xB2,0xEE,0x13,0x62,0xC8,0x00,0xA3,0xE0,0x88,0x20,0xA3,0xE0,0x3A,0xA4,
    0x11,0x04,0x13,0x03,0x68,0x20,0x3A,0xA4,0xA3,0xE0,0x88,0x20,0xA3,0xE0,0xA5,0x9A,
    0x16,0x07,0xC0,0xA0,0xA3,0xDC,0x0A,0x12,0x88,0x22,0xCB,0x90,0x3A,0x88,0x13,0x46,
    0xC0,0xE0,0xA3,0xE0,0x0A,0x13,0x88,0x23,0xCC,0x10,0x3A,0x88,0x15,0x26,0xC0,0x20,
    0xC7,0x88,0x16,0x3C,0xC1,0x20,0xA3,0xE0,0x0A,0x14,0x04,0xE4,0xCC,0x10,0x88,0x20,
    0xA3,0xE0,0xA5,0x8E,0x13,0x04,0x88,0x20,0xA3,0xE0,0x9D,0x5E,0x16,0x06,0xC1,0x60,
    0xA3,0xE0,0x0A,0x15,0xC9,0x60,0x3A,0x8E,0xCC,0x10,0x06,0x20,0xCD,0x20,0x88,0x20,
    0xCD,0x20,0xCD,0x22,0x16,0x0A,0xC0,0x20,0xCD,0x20,0x13,0x07,0x04,0x20,0x5B,0x02,
    0x00,0x02,0x3A,0xC2,0xC9,0x5C,0xC8,0x00,0xC9,0x5C,0xC0,0xA0,0xA3,0xE0,0x0A,0x12,
    0xC8,0x22,0xCC,0x10,0xB2,0xF2,0x88,0x20,0xA3,0xE0,0xA5,0x9A,0x16,0x0A,0xC0,0xE0,
    0xA5,0x9A,0x0A,0x13,0x88,0xE0,0xCA,0xF4,0xC8,0x2E,0x16,0x03,0xC8,0x20,0x3A,0x8E,
    0xB2,0xF2,0x04,0x20,0x4F,0x1E,0x00,0x02,0xA3,0xE0,0xB2,0xF2,0xC0,0xA0,0xB2,0xEE,
    0x0A,0x12,0xC8,0x22,0xC9,0x5C,0xB2,0xEE,0x10,0x9B,0x04,0x60,0x0D,0x3E,0xC8,0x20,
    0x3A,0xC4,0xB2,0xF4,0xC8,0x20,0xB2,0xF4,0xCD,0x1C,0xC0,0x20,0xCD,0x1C,0x11,0x0F,
    0x13,0x0E,0x88,0x00,0xA3,0x86,0x15,0x0B,0xC0,0xA0,0xCD,0x1C,0x0A,0x12,0x02,0x22,
    0xA3,0xFA,0xC8,0x02,0xB3,0x1C,0x04,0x20,0x54,0x78,0x00,0x01,0xB3,0x1D,0x04,0xE0,
    0xCD,0x4E,0x04,0xE0,0xA3,0xE0,0x10,0x23,0xC8,0x20,0x3A,0xC6,0xCD,0x1C,0x04,0x20,
    0x3B,0x94,0x00,0x01,0x3A,0xA4,0x02,0x80,0x00,0x14,0x15,0x03,0x13,0x02,0x05,0xA0,
    0xCD,0x1C,0x04,0x20,0x3B,0x94,0x00,0x01,0x3A,0xA4,0x02,0x80,0x00,0x14,0x15,0x04,
    0x13,0x03,0xC8,0x20,0x3A,0xC8,0xCD,0x1C,0xC0,0xA0,0xCD,0x1C,0x0A,0x12,0x02,0x22,
    0xA3,0xFA,0xC8,0x02,0xB3,0x1C,0x04,0x20,0x54,0x78,0x00,0x01,0xB3,0x1D,0xC8,0x20,
    0x3A,0xCA,0xC8,0xB4,0xC0,0xA0,0xC8,0xB4,0x0A,0x12,0xC0,0x22,0xC8,0xB4,0x16,0x1B,
    0xC0,0xE0,0xCA,0xF4,0x0A,0x13,0x04,0x20,0x5F,0xFC,0x3A,0x8A,0xC8,0xB4,0xC0,0x63,
    0x9D,0x72,0x05,0x41,0x40,0x01,0x16,0x05,0xC1,0x20,0xC8,0xB4,0x0A,0x14,0x07,0x24,
    0xC8,0xDC,0xC0,0xA0,0xC8,0xB4,0x0A,0x12,0x05,0xA2,0xC8,0xDC,0x88,0xA2,0xC8,0xDC,
    0xC9,0x04,0x15,0x7B,0x13,0x7A,0x05,0xA0,0xC8,0xB4,0x88,0x20,0xC8,0xB4,0xA3,0x80,
    0x12,0xD9,0xC0,0x20,0xC7,0x88,0x13,0x33,0xC0,0xA0,0xA3,0xE8,0x0A,0x12,0xC0,0x62,
    0xCC,0x10,0x15,0x0D,0x13,0x0C,0xC0,0xE0,0xA3,0xE8,0x0A,0x13,0x88,0x23,0xCB,0x90,
    0x3A,0x88,0x16,0x05,0x04,0x20,0x4F,0x1E,0x00,0x02,0xA3,0xE8,0x3A,0x8E,0xC8,0x20,
    0x3A,0x8E,0xB2,0xEE,0xC0,0xA0,0xB2,0xEE,0x0A,0x12,0x88,0x22,0xCB,0x90,0x3A,0x88,
    0x16,0x10,0xC0,0xE0,0xB2,0xEE,0x0A,0x13,0xC0,0x23,0xCC,0x10,0x15,0x0A,0x13,0x09,
    0xC1,0x20,0xB2,0xEE,0x0A,0x14,0x02,0x01,0xFF,0xFF,0x60,0x64,0xCC,0x10,0xC9,0x01,
    0xCC,0x10,0x05,0xA0,0xB2,0xEE,0x88,0x20,0xB2,0xEE,0xA3,0x88,0x12,0xE3,0x06,0xA0,
    0x02,0x26,0x00,0x01,0x3A,0x94,0xC0,0x00,0x13,0x02,0x07,0x00,0x10,0x01,0x04,0xC0,
    0xC8,0x00,0xCD,0x84,0xC0,0x20,0xC9,0x5A,0x11,0x06,0x13,0x05,0x88,0x00,0xCA,0xF4,
    0x13,0x02,0x04,0xE0,0xC9,0x5A,0x04,0x20,0x3E,0x12,0x00,0x00,0xC0,0x20,0xC8,0xB0,
    0x05,0x00,0xC8,0x00,0xB3,0x1C,0x04,0x20,0x5B,0x02,0x00,0x02,0x3A,0x94,0xB3,0x1C,
    0xC8,0x00,0xC8,0xB0,0xC0,0x60,0xCD,0x4C,0x16,0x0F,0x04,0x20,0x47,0x80,0x00,0x00,
    0x88,0x20,0xCD,0x54,0xB2,0xE0,0x16,0x08,0x88,0x20,0xCD,0x56,0xB2,0xE2,0x16,0x04,
    0x88,0x20,0xCD,0x58,0xB2,0xE4,0x13,0x0B,0x05,0xA0,0xCD,0x4C,0x88,0x20,0xCD,0x4C,
    0xD6,0xCA,0x11,0x07,0xC0,0x20,0xC7,0x8E,0x10,0x06,0x04,0x60,0x35,0x10,0x04,0x60,
    0x34,0xCC,0x04,0x60,0x0E,0xD8,0x16,0x7A,0x88,0x20,0xCD,0x4E,0xA5,0x90,0x16,0x05,
    0xC0,0x20,0xCD,0x6A,0x13,0x02,0x04,0xE0,0xCD,0x4E,0x88,0x20,0xCD,0x4E,0xA5,0x90,
    0x13,0x6F,0xC0,0x20,0xCD,0x20,0x16,0x0B,0x88,0x20,0xCA,0xF4,0x3A,0xA2,0x11,0x07,
    0x13,0x06,0x88,0x20,0xCA,0xF4,0x3A,0xC0,0x13,0x02,0x06,0x20,0xC7,0x84,0xC0,0x20,
    0xC7,0x84,0x13,0x60,0x15,0x03,0x13,0x02,0x06,0x20,0xC7,0x86,0xC0,0x20,0xC7,0x86,
    0x13,0x5B,0xC0,0xA0,0xA2,0x5A,0x0A,0x12,0x88,0x22,0xCC,0x10,0x3A,0x8E,0x16,0x02,
    0x06,0x20,0xC9,0x5C,0x88,0x20,0xC9,0x5C,0x3A,0xCC,0x15,0x13,0x13,0x12,0x06,0xA0,
    0x02,0x76,0x00,0x01,0x9D,0x50,0xC0,0x00,0x13,0x0C,0xC0,0xA0,0x9D,0x50,0x0A,0x12,
    0xC0,0x22,0xCC,0x10,0x16,0x06,0x06,0xA0,0x02,0x76,0x00,0x01,0xA2,0x5A,0xC0,0x00,
    0x16,0x3D,0xC0,0x20,0xC9,0x5C,0x13,0x3C,0x15,0x05,0x13,0x04,0x88,0x20,0xCA,0xF4,
    0x3A,0xCE,0x11,0x38,0x88,0x20,0xC9,0x5C,0x3A,0xCC,0x11,0x36,0xC8,0x20,0x3A,0xD0,
    0xB2,0xF4,0x06,0xA0,0x03,0x34,0x00,0x01,0xCA,0xF4,0x88,0x00,0xB2,0x90,0x16,0x03,
    0xC8,0x20,0x3A,0xD2,0xB2,0xF4,0x88,0x20,0xCD,0x50,0x9E,0xD6,0x16,0x0B,0x88,0x20,
    0xCD,0x6A,0xA6,0xB4,0x13,0x23,0x02,0x00,0x03,0xE8,0xA0,0x20,0xB2,0x90,0x80,0x20,
    0xCD,0x6A,0x13,0x1E,0x88,0x20,0xCD,0x50,0x9E,0xD6,0x16,0x03,0xC0,0x60,0xCD,0x6A,
    0x16,0x19,0x02,0x01,0x03,0xE8,0xA0,0x60,0xB2,0x90,0x10,0x16,0x04,0x60,0x3A,0x46,
    0x04,0x60,0x11,0x66,0x04,0x60,0x36,0xC2,0x04,0x60,0x37,0xF8,0x04,0x60,0x39,0x5C,
    0x04,0x60,0x39,0xFA,0x04,0x60,0x3A,0x2A,0x04,0x60,0x39,0x9E,0x04,0x60,0x0D,0x14,
    0x04,0x60,0x0D,0x14,0x04,0x60,0x10,0x42,0x80,0x60,0xCD,0x50,0x13,0x07,0x02,0x02,
    0x03,0xE8,0xA0,0xA0,0xA3,0xE2,0x80,0xA0,0xCD,0x50,0x16,0x32,0x02,0x03,0x03,0xE8,
    0xA0,0xE0,0xA3,0xEE,0x80,0xE0,0xCD,0x6A,0x13,0x07,0x02,0x04,0x03,0xE8,0xA1,0x20,
    0x9E,0xB4,0x81,0x20,0xCD,0x6A,0x16,0x24,0x06,0xA0,0x01,0xF4,0x00,0x01,0xCD,0x6C,
    0xC0,0x00,0x13,0x06,0x02,0x00,0x07,0xD0,0xA0,0x20,0xA3,0xF2,0xC8,0x00,0xCD,0x6A,
    0x10,0x17,0xC8,0x20,0xCD,0x6A,0xCD,0x50,0xC8,0x20,0x3A,0x8E,0xB2,0xEE,0xC0,0xA0,
    0xB2,0xEE,0x0A,0x12,0xC8,0xA2,0xCD,0x6C,0xCD,0x52,0x05,0xA0,0xB2,0xEE,0x88,0x20,
    0xB2,0xEE,0x3A,0xA0,0x12,0xF4,0xC8,0x20,0xCD,0x82,0xCD,0x68,0x04,0xE0,0xCD,0x6A,
    0x88,0x20,0xCD,0x50,0xB2,0x92,0x16,0x10,0x05,0xA0,0xC9,0x58,0x88,0x20,0xC9,0x58,
    0x3A,0xD4,0x16,0x0A,0x02,0x00,0x00,0x20,0x02,0x20,0xA3,0xFC,0xC8,0x00,0xB3,0x1C,
    0x04,0x20,0x54,0x78,0x00,0x01,0xB3,0x1D,0xC8,0x20,0xCD,0x50,0xB2,0xEE,0x88,0x20,
    0xB2,0xEE,0x3A,0x88,0x13,0x61,0x04,0x20,0x5C,0xB8,0x00,0x02,0xB2,0xEE,0x3A,0x98,
    0xC8,0x00,0xB2,0xF4,0xC0,0x60,0xB2,0xEE,0x06,0xA0,0x5D,0xA8,0x3A,0x98,0x05,0x81,
    0xC8,0x01,0xB2,0xEE,0x06,0xA0,0x5D,0x16,0xB2,0xEE,0x00,0x04,0x13,0x7E,0x11,0xBA,
    0x10,0xDC,0x0D,0x14,0x04,0x20,0x3C,0x16,0x00,0x01,0x3A,0xD6,0xC8,0x20,0xB2,0xF4,
    0xCD,0x4E,0xC0,0xA0,0xCD,0x4E,0x0A,0x12,0xC8,0x22,0x96,0x02,0xCD,0x1C,0xC0,0x20,
    0xCD,0x6A,0x13,0x08,0x88,0x20,0xCD,0x4E,0xA5,0x90,0x13,0x04,0x88,0x20,0xCD,0x4E,
    0xA6,0xB6,0x16,0x9F,0x88,0x20,0xCD,0x4E,0xA5,0x90,0x16,0x03,0xC8,0x20,0xCD,0x6A,
    0xA3,0xE0,0xC0,0x20,0xA3,0xE0,0x16,0x27,0x06,0xA0,0x5D,0x16,0xCD,0x4E,0x00,0x1F,
    0x1B,0xB8,0x1B,0x7E,0x1B,0x7E,0x21,0x88,0x0D,0x0E,0x21,0x88,0x24,0x78,0x24,0xBA,
    0x1B,0x7E,0x1B,0x7E,0x0D,0x1A,0x25,0xA4,0x28,0xC4,0x29,0xF4,0x2A,0x62,0x1B,0x7E,
    0x1B,0x7E,0x3A,0x6A,0x1B,0x7E,0x2E,0x1E,0x1B,0x7E,0x2F,0xC4,0x30,0xD6,0x3A,0x6A,
    0x31,0x2A,0x32,0x38,0x32,0x4E,0x1B,0x7E,0x1B,0x7E,0x34,0x44,0x34,0xF2,0x04,0x20,
    0x3C,0x16,0x00,0x01,0x3A,0xD8,0x10,0x02,0x04,0x60,0x0D,0x48,0x06,0xA0,0x5D,0x16,
    0xCD,0x4E,0x00,0x1F,0x1C,0x08,0x1D,0xF4,0x20,0xD6,0x22,0x00,0x0D,0x0E,0x22,0x00,
    0x24,0x78,0x24,0xBA,0x25,0x06,0x0D,0x1A,0x0D,0x1A,0x25,0xA4,0x28,0xC4,0x2A,0x12,
    0x2A,0x62,0x2A,0xFA,0x2B,0x0C,0x0D,0x1A,0x2D,0x82,0x2D,0x82,0x2E,0x8C,0x2F,0xC4,
    0x30,0xD6,0x0D,0x1A,0x0D,0x1A,0x0D,0x1A,0x32,0xCC,0x33,0xA8,0x34,0x20,0x0D,0x1A,
    0x0D,0x1A,0x04,0x20,0x3C,0x16,0x00,0x01,0x3A,0xDA,0xC8,0x20,0xB2,0xF4,0xA3,0xE0,
    0xC0,0xA0,0xB2,0xF4,0x0A,0x12,0x88,0x22,0xC8,0x2E,0xCA,0xF4,0x13,0x06,0x06,0xA0,
    0x02,0x76,0x00,0x01,0xB2,0xF4,0xC0,0x00,0x13,0x21,0xC0,0x20,0xCD,0x6A,0x16,0x7B,
    0xC0,0x60,0xCD,0x4E,0x16,0xC0,0x04,0x20,0x75,0xBA,0x9D,0x62,0x00,0x94,0xC8,0x20,
    0x3A,0x8E,0xB2,0xEE,0xC0,0xA0,0xB2,0xEE,0x0A,0x12,0x02,0x22,0xCD,0x52,0xC8,0x02,
    0xB3,0x1C,0x04,0x20,0x75,0xFA,0xB3,0x1D,0x05,0xA0,0xB2,0xEE,0x88,0x20,0xB2,0xEE,
    0x3A,0xA0,0x12,0xF0,0x04,0x20,0x76,0x16,0x04,0x60,0x0D,0x8E,0x88,0x20,0xB2,0xF4,
    0x9E,0xE0,0x16,0x20,0x88,0x20,0xCA,0xF4,0x3A,0x8E,0x13,0x08,0x88,0x20,0xCA,0xF4,
    0x3A,0xCA,0x13,0x04,0x88,0x20,0xCA,0xF4,0x3A,0xDC,0x16,0x03,0xC8,0x20,0x9E,0xB6,
    0xB2,0xF4,0x88,0x20,0xCA,0xF4,0x3A,0xCE,0x11,0x09,0x13,0x08,0x88,0x20,0xCA,0xF4,
    0x3A,0x9C,0x15,0x04,0x13,0x03,0xC8,0x20,0x9E,0xD8,0xB2,0xF4,0x88,0x20,0xB2,0xF4,
    0x9E,0xE0,0x16,0x3B,0x88,0x20,0xB2,0xF4,0x9E,0xBC,0x16,0x14,0xC8,0x20,0x3A,0x8E,
    0xB2,0xEE,0xC0,0xA0,0xB2,0xEE,0x0A,0x12,0x88,0x22,0xC7,0x94,0xCA,0xF4,0x16,0x04,
    0x88,0x20,0xC7,0x92,0x3A,0x8E,0x15,0xA9,0x05,0xA0,0xB2,0xEE,0x88,0x20,0xB2,0xEE,
    0x3A,0xA0,0x12,0xEF,0x06,0xA0,0x02,0xEC,0x00,0x01,0x3A,0x94,0x88,0x00,0xB2,0xF4,
    0x16,0x06,0x06,0xA0,0x02,0x76,0x00,0x01,0x9D,0x58,0xC0,0x00,0x16,0x96,0x06,0xA0,
    0x03,0x34,0x00,0x01,0xCA,0xF4,0x80,0x20,0xB2,0xF4,0x13,0x8F,0x88,0x20,0xA3,0xE0,
    0xA3,0xEE,0x16,0x0D,0x06,0xA0,0x01,0xF4,0x00,0x01,0xA3,0xF0,0xC0,0x00,0x13,0x09,
    0xC0,0xA0,0xA3,0xF0,0x10,0x08,0x04,0x60,0x10,0x42,0x04,0x60,0x13,0x7E,0x04,0x60,
    0x12,0xF8,0x04,0x60,0x12,0xF8,0x0A,0x12,0xC0,0x22,0xCC,0x10,0x13,0x05,0xC8,0x20,
    0xA3,0xF0,0xA3,0xE0,0x04,0x60,0x11,0xDA,0x88,0x20,0xA3,0xE0,0xA0,0x00,0x16,0x0B,
    0x88,0x20,0xC9,0x5A,0xCA,0xF4,0x16,0x07,0x07,0x20,0xC9,0x5A,0xC8,0x20,0x3A,0xDE,
    0xCD,0x1C,0x04,0x60,0x0D,0x1A,0x88,0x20,0xA3,0xE0,0xA3,0xF8,0x16,0x0A,0x06,0xA0,
    0x02,0x76,0x00,0x01,0xA3,0xFA,0xC0,0x00,0x13,0x04,0xC8,0x20,0xA3,0xFA,0xA3,0xE0,
    0x10,0xE1,0x88,0x20,0xCD,0x4E,0x9E,0xDA,0x13,0x04,0x88,0x20,0xCD,0x4E,0x9E,0xE4,
    0x16,0x03,0xC0,0x20,0xCD,0x6A,0x13,0x7A,0x04,0x20,0x75,0xBA,0x9D,0x62,0x00,0xC2,
    0xC8,0x20,0x3A,0x8E,0xB2,0xEE,0xC0,0xA0,0xB2,0xEE,0x0A,0x12,0x02,0x22,0xCD,0x52,
    0xC8,0x02,0xB3,0x1C,0x04,0x20,0x75,0xFA,0xB3,0x1D,0x05,0xA0,0xB2,0xEE,0x88,0x20,
    0xB2,0xEE,0x3A,0xA0,0x12,0xF0,0x04,0x20,0x76,0x16,0x04,0x60,0x0D,0x3E,0xC0,0xA0,
    0xCA,0xF4,0x0A,0x12,0xC8,0x22,0x9E,0xE4,0xB2,0xF2,0xC8,0x20,0xCA,0xF4,0xCA,0xF8,
    0xC0,0x20,0xB2,0xF2,0x16,0x04,0x04,0x20,0x3C,0x16,0x00,0x01,0x3A,0xE0,0x88,0x20,
    0xB2,0xF4,0xA3,0xDE,0x13,0x4D,0x88,0x20,0xB2,0xF4,0x9D,0x4E,0x13,0x4B,0x88,0x20,
    0xB2,0xF4,0xA2,0x5E,0x13,0x49,0x88,0x20,0xB2,0xF4,0x9D,0x5C,0x13,0x47,0xC8,0x20,
    0xCB,0x0C,0xCB,0x0A,0xC8,0x20,0xCA,0xF4,0xCB,0x0C,0xC0,0xA0,0xB2,0xF2,0x0A,0x22,
    0x02,0x22,0xA6,0xB8,0xC8,0x02,0xB3,0x1C,0x04,0x20,0x5B,0xFC,0x00,0x01,0xB3,0x1D,
    0xC8,0x00,0xCA,0xF0,0xC8,0x01,0xCA,0xF2,0x04,0x20,0x5B,0x50,0x00,0x02,0xCA,0xF0,
    0xA3,0xE4,0x04,0x20,0x5E,0x88,0x3A,0xE2,0x04,0x20,0x5F,0xB0,0x13,0x29,0x04,0x20,
    0x5B,0x50,0x00,0x02,0xCA,0xF0,0xA3,0xE4,0xC8,0x00,0xB3,0x1E,0xC8,0x01,0xB3,0x20,
    0x04,0x20,0x60,0x7C,0xB2,0xF4,0x04,0x20,0x5E,0x88,0xB3,0x1E,0x04,0x20,0x5F,0xB0,
    0x13,0x19,0xC0,0xA0,0xB2,0xF2,0x0A,0x22,0x02,0x22,0xA6,0xB8,0xC8,0x02,0xB3,0x22,
    0x04,0x20,0x5E,0x7A,0xB3,0x23,0x04,0x20,0x5F,0xB0,0x10,0x0E,0x04,0x60,0x11,0xDA,
    0x04,0x60,0x04,0x4E,0x04,0x60,0x17,0x82,0x04,0x60,0x19,0x18,0x04,0x60,0x19,0x4C,
    0x04,0x60,0x14,0x60,0x04,0x60,0x14,0x60,0x11,0x64,0x05,0xA0,0xB2,0xF2,0x10,0xB5,
    0x04,0x20,0x5E,0x7A,0xCA,0xF0,0x04,0x20,0x5E,0xCE,0xA3,0xE4,0xC8,0x00,0xCA,0xF0,
    0xC8,0x01,0xCA,0xF2,0x04,0x20,0x5E,0x7A,0xCA,0xF0,0x04,0x20,0x5E,0xCE,0xA3,0xE4,
    0xC8,0x01,0xCA,0xF8,0x04,0x20,0x5C,0xB8,0x00,0x02,0xCA,0xF8,0x3A,0xA4,0xC8,0x00,
    0xB2,0xF4,0x02,0x81,0x01,0x2D,0x11,0x47,0xC0,0x80,0x0A,0x12,0x06,0xA0,0x5D,0xA8,
    0x3A,0xA4,0x02,0x21,0xFF,0xFD,0x80,0x62,0xCC,0x10,0x16,0x3F,0xC0,0xA0,0xB2,0xF2,
    0x0A,0x22,0x02,0x22,0xA6,0xB8,0xC8,0x02,0xB3,0x1C,0x04,0x20,0x5E,0x7A,0xB3,0x1D,
    0x04,0x20,0x5F,0xB0,0x15,0x05,0x13,0x04,0x04,0x20,0x3C,0x16,0x00,0x01,0x3A,0xE6,
    0x05,0xA0,0xB2,0xF2,0xC0,0xA0,0xB2,0xF2,0x0A,0x22,0x02,0x22,0xA6,0xB8,0xC8,0x02,
    0xB3,0x1E,0x04,0x20,0x5B,0xFC,0x00,0x01,0xB3,0x1F,0x04,0x20,0x5E,0xCE,0xA3,0xE4,
    0x04,0x20,0x5E,0x88,0xCA,0xF0,0x04,0x20,0x5F,0xB0,0x13,0xD8,0xC0,0xA0,0xB2,0xF2,
    0x0A,0x22,0x02,0x22,0xA6,0xB8,0xC8,0x02,0xB3,0x20,0x04,0x20,0x5B,0xFC,0x00,0x01,
    0xB3,0x21,0x04,0x20,0x5E,0xCE,0xA3,0xE4,0xC8,0x00,0xCA,0xF0,0xC8,0x01,0xCA,0xF2,
    0x10,0xA9,0x04,0x60,0x19,0x8A,0x04,0x60,0x15,0x2E,0x04,0x60,0x15,0x70,0x88,0x20,
    0xCA,0xF8,0x3A,0xE8,0x11,0x13,0xC0,0xA0,0xB2,0xF4,0x0A,0x12,0x88,0x22,0xCB,0x90,
    0x3A,0x88,0x13,0x16,0x88,0x20,0xCA,0xF8,0x3A,0xEA,0x11,0x07,0x13,0x06,0x06,0xA0,
    0x01,0xF4,0x00,0x01,0xB2,0xF4,0xC0,0x00,0x16,0x0B,0x10,0xA8,0xC0,0x20,0xCA,0xF8,
    0x13,0x07,0x04,0x20,0x3B,0x94,0x00,0x01,0x3A,0xA4,0x88,0x00,0xCA,0xF8,0x15,0x9E,
    0x04,0x20,0x5B,0x50,0x00,0x02,0xCA,0xF0,0xA3,0xE4,0xC8,0x01,0xCA,0xF8,0x02,0x81,
    0x01,0x2D,0x11,0x7B,0x02,0x81,0x01,0xF5,0x11,0x10,0xC0,0xA0,0xCA,0xF8,0x0A,0x12,
    0x02,0x22,0xA0,0x12,0xC8,0x02,0xB3,0x1C,0x04,0x20,0x54,0x78,0x00,0x01,0xB3,0x1D,
    0xC8,0x20,0xCA,0xF4,0xCA,0xF8,0x04,0x60,0x04,0x4E,0x68,0x20,0x3A,0xEC,0xCA,0xF8,
    0x06,0xA0,0x5D,0x16,0xCA,0xF8,0x00,0x03,0x15,0xC6,0x16,0x08,0x16,0x16,0x04,0x20,
    0x3C,0x16,0x00,0x01,0x3A,0xBA,0x02,0x00,0x00,0xC7,0x60,0x20,0xCA,0xF4,0xC8,0x00,
    0xCA,0xF8,0xC0,0x60,0xC9,0x56,0x13,0x53,0x02,0x81,0x00,0x01,0x16,0x07,0xC0,0xA0,
    0x9E,0xC0,0x0A,0x12,0x88,0x22,0xCB,0x90,0x3A,0x88,0x13,0x4B,0xC8,0x20,0xCA,0xF4,
    0xCA,0xF8,0x02,0x00,0x00,0xE8,0x02,0x20,0xA3,0xFC,0xC8,0x00,0xB3,0x1C,0x04,0x20,
    0x54,0x78,0x00,0x01,0xB3,0x1D,0x10,0xCF,0x04,0x20,0x3D,0x90,0x00,0x02,0x9E,0xC0,
    0xCA,0xF4,0x04,0x60,0x14,0xAC,0xC0,0xA0,0xB2,0x76,0x0A,0x12,0x88,0x22,0xCC,0x10,
    0x3A,0x8E,0x16,0x31,0x04,0x20,0x4F,0x1E,0x00,0x02,0xB2,0x76,0x3A,0x8E,0xC0,0xE0,
    0xB2,0x76,0x0A,0x13,0x04,0xE3,0xCC,0x10,0x04,0x20,0x4C,0xFC,0x00,0x02,0xB2,0x78,
    0x9E,0xBA,0x02,0x01,0x00,0x64,0xA0,0x60,0xB2,0x78,0xC8,0x01,0xB3,0x1C,0x04,0x20,
    0x4C,0xFC,0x00,0x02,0xB3,0x1C,0x9E,0xBA,0xC1,0x20,0xB2,0x76,0x0A,0x14,0x02,0x24,
    0xCB,0x10,0xC8,0x04,0xB3,0x1E,0x04,0x20,0x4C,0xFC,0x00,0x02,0xB2,0x76,0xB3,0x1F,
    0x02,0x04,0x00,0x64,0xA1,0x20,0xB2,0x76,0x10,0x08,0x04,0x60,0x04,0x4E,0x04,0x60,
    0x04,0x4E,0x04,0x60,0x04,0x4E,0x04,0x60,0x16,0xEC,0xC8,0x04,0xB3,0x20,0xC1,0x60,
    0xB2,0x76,0x0A,0x15,0x02,0x25,0xC7,0xAE,0xC8,0x05,0xB3,0x22,0x04,0x20,0x4C,0xFC,
    0x00,0x02,0xB3,0x20,0xB3,0x23,0xC1,0x60,0x9D,0x6A,0x0A,0x15,0x02,0x25,0xCB,0x10,
    0xC8,0x05,0xB3,0x24,0x04,0x20,0x4C,0xFC,0x00,0x02,0x9D,0x6A,0xB3,0x25,0x02,0x05,
    0x00,0x64,0xA1,0x60,0x9D,0x6A,0xC8,0x05,0xB3,0x26,0xC1,0xA0,0x9D,0x6A,0x0A,0x16,
    0x02,0x26,0xC7,0xAE,0xC8,0x06,0xB3,0x28,0x04,0x20,0x4C,0xFC,0x00,0x02,0xB3,0x26,
    0xB3,0x29,0xC8,0x20,0xCA,0xF4,0xCA,0xF8,0x04,0x60,0x04,0x4E,0xC0,0xA0,0xB2,0x76,
    0x0A,0x12,0xC0,0x22,0xCB,0x10,0xA0,0x22,0xC7,0xAE,0x60,0x20,0xCA,0xF4,0xC8,0x00,
    0xCA,0xF8,0xC0,0x62,0xCC,0x10,0x16,0x06,0xC0,0xE0,0xB2,0x76,0x0A,0x13,0xC8,0xE0,
    0x3A,0x8E,0xCC,0x10,0xC0,0xA0,0x9D,0x52,0x0A,0x12,0x88,0x22,0xCB,0x90,0x3A,0x88,
    0x16,0x7C,0x02,0x00,0x01,0x42,0x02,0x20,0xA3,0xFC,0xC8,0x00,0xB3,0x1C,0x04,0x20,
    0x54,0x78,0x00,0x01,0xB3,0x1D,0xC0,0xE0,0x9D,0x6A,0x0A,0x13,0xC8,0xE0,0x3A,0x8E,
    0xCC,0x10,0xC1,0x20,0xB2,0x76,0x0A,0x14,0xC9,0x20,0x3A,0x8A,0xCC,0x10,0x04,0x20,
    0x3D,0x90,0x00,0x02,0x9D,0x52,0xCA,0xF8,0xC1,0x60,0x9D,0x52,0x0A,0x15,0x07,0x25,
    0xC8,0x2E,0xC9,0x60,0x3A,0xB8,0xCC,0x10,0xC1,0xA0,0xA5,0x94,0x0A,0x16,0xC0,0x66,
    0xCC,0x10,0x15,0x03,0x13,0x02,0x05,0xA0,0xCD,0x22,0xC8,0x20,0xCA,0xF8,0xCB,0x0A,
    0x10,0x4E,0xC8,0x20,0xCB,0x0C,0xB2,0xF4,0xC0,0xA0,0xB2,0xF4,0x0A,0x12,0x88,0x22,
    0x9D,0x72,0x3A,0x8A,0x16,0x03,0xC8,0x20,0xCB,0x0A,0xB2,0xF4,0xC8,0x20,0xCB,0x0C,
    0xCB,0x0A,0xC8,0x20,0xCA,0xF4,0xCB,0x0C,0x04,0xE0,0xB2,0xF6,0x88,0x20,0xB2,0xF4,
    0xCA,0xF4,0x16,0x0B,0x02,0x00,0x00,0xB4,0x02,0x20,0xA3,0xFC,0xC8,0x00,0xB3,0x1C,
    0x04,0x20,0x54,0x78,0x00,0x01,0xB3,0x1D,0x10,0x8F,0xC0,0xA0,0xB2,0xF2,0x0A,0x22,
    0x02,0x22,0xA6,0xB8,0xC8,0x02,0xB3,0x1C,0x04,0x20,0x5B,0xFC,0x00,0x01,0xB3,0x1D,
    0x04,0x20,0x5E,0xCE,0xA3,0xE4,0xC8,0x00,0xB3,0x1E,0xC8,0x01,0xB3,0x20,0x04,0x20,
    0x5B,0x50,0x00,0x02,0xB3,0x1E,0xA3,0xE4,0xC8,0x00,0xCA,0xF0,0xC8,0x01,0xCA,0xF2,
    0x04,0x20,0x60,0x7C,0xB2,0xF4,0x04,0x20,0x5E,0x88,0xCA,0xF0,0x04,0x20,0x5F,0xB0,
    0x13,0x08,0x04,0x20,0x5E,0x7A,0xCA,0xF0,0x10,0x06,0x04,0x60,0x04,0x4E,0x04,0x60,
    0x1A,0x62,0x04,0x60,0x18,0xDC,0x04,0x20,0x5E,0x88,0x3A,0xEE,0x04,0x20,0x5F,0xB0,
    0x15,0x33,0x04,0x20,0x5E,0x7A,0xCA,0xF0,0x0A,0x11,0xC0,0x81,0xC8,0x22,0x9E,0xE4,
    0xB2,0xF0,0x88,0x22,0x9D,0x72,0x3A,0x8A,0x16,0x27,0xC0,0xE0,0xB2,0xF0,0x0A,0x23,
    0x02,0x23,0xA6,0xB8,0xC8,0x03,0xB3,0x22,0x04,0x20,0x5B,0xFC,0x00,0x01,0xB3,0x23,
    0x04,0x20,0x5E,0xCE,0xA3,0xE4,0xC8,0x00,0xB3,0x24,0xC8,0x01,0xB3,0x26,0x04,0x20,
    0x5B,0x50,0x00,0x02,0xB3,0x24,0xA3,0xE4,0xC8,0x00,0xB3,0x28,0xC8,0x01,0xB3,0x2A,
    0x04,0x20,0x60,0x7C,0xB2,0xF4,0x04,0x20,0x5E,0x88,0xB3,0x28,0x04,0x20,0x5F,0xB0,
    0x16,0x03,0xC8,0x20,0xB2,0xF2,0xB2,0xF6,0xC0,0xA0,0xB2,0xF2,0x0A,0x22,0x02,0x22,
    0xA6,0xB8,0xC8,0x02,0xB3,0x1C,0x04,0x20,0x5E,0x7A,0xB3,0x1D,0x04,0x20,0x5F,0xB0,
    0x11,0x03,0x05,0xA0,0xB2,0xF2,0x10,0x89,0xC8,0x20,0xB2,0xF6,0xB2,0xF2,0xC0,0x20,
    0xB2,0xF2,0x16,0x0C,0x02,0x00,0x01,0x16,0x02,0x20,0xA3,0xFC,0xC8,0x00,0xB3,0x1C,
    0x04,0x20,0x54,0x78,0x00,0x01,0xB3,0x1D,0x04,0x60,0x04,0x4E,0xC0,0xA0,0xB2,0xF2,
    0x0A,0x22,0x02,0x22,0xA6,0xB8,0xC8,0x02,0xB3,0x1C,0x04,0x20,0x5B,0xFC,0x00,0x01,
    0xB3,0x1D,0xC8,0x00,0xB3,0x1E,0xC8,0x01,0xB3,0x20,0x04,0x20,0x5B,0x50,0x00,0x02,
    0xB3,0x1E,0xA3,0xE4,0xC8,0x01,0xB2,0xF4,0xC0,0xA0,0xCA,0xF4,0x0A,0x12,0xC8,0x22,
    0x9E,0xE4,0xB2,0xF2,0x04,0x60,0x13,0xCA,0x88,0x20,0xC7,0x90,0x3A,0xB8,0x15,0x0B,
    0x13,0x0A,0x02,0x00,0x00,0x1C,0x02,0x20,0xA3,0xFC,0xC8,0x00,0xB3,0x1C,0x04,0x20,
    0x54,0x78,0x00,0x01,0xB3,0x1D,0x05,0xA0,0xC7,0x90,0xC8,0x20,0x3A,0x96,0xCD,0x84,
    0xC0,0xA0,0xCA,0xF4,0x0A,0x12,0x04,0xE2,0xC5,0x48,0x10,0xC6,0x88,0x20,0xCA,0xF4,
    0x3A,0x9A,0x15,0x0B,0x13,0x0A,0x02,0x00,0x00,0x70,0x02,0x20,0xA3,0xFC,0xC8,0x00,
    0xB3,0x1C,0x04,0x20,0x54,0x78,0x00,0x01,0xB3,0x1D,0x88,0x20,0xCA,0xF4,0x3A,0xDC,
    0x11,0x0B,0x13,0x0A,0x02,0x00,0x00,0x72,0x02,0x20,0xA3,0xFC,0xC8,0x00,0xB3,0x1E,
    0x04,0x20,0x54,0x78,0x00,0x01,0xB3,0x1F,0x10,0xA7,0xC8,0x20,0x3A,0xF2,0xCD,0x1C,
    0x88,0x20,0xB2,0xF4,0x3A,0xF4,0x11,0x09,0x13,0x08,0x88,0x20,0xB2,0xF4,0x3A,0xF6,
    0x15,0x04,0x13,0x03,0xC8,0x20,0x3A,0xCE,0xCD,0x1C,0x88,0x20,0xB2,0xF4,0x3A,0xF8,
    0x13,0x04,0x88,0x20,0xB2,0xF4,0x3A,0x90,0x16,0x03,0xC8,0x20,0x3A,0xCE,0xCD,0x1C,
    0x88,0x20,0xB2,0xF4,0x3A,0xDC,0x13,0x08,0x88,0x20,0xB2,0xF4,0x3A,0xFA,0x13,0x04,
    0x88,0x20,0xB2,0xF4,0x3A,0xFC,0x16,0x03,0xC8,0x20,0x3A,0xD4,0xCD,0x1C,0x88,0x20,
    0xB2,0xF4,0x3A,0xFE,0x13,0x04,0x88,0x20,0xB2,0xF4,0x3A,0xA6,0x16,0x03,0xC8,0x20,
    0x3A,0xFE,0xCD,0x1C,0x88,0x20,0xCD,0x4E,0x9E,0xDA,0x13,0x04,0x88,0x20,0xCD,0x4E,
    0x9E,0xE4,0x16,0x03,0xC8,0x20,0x3B,0x00,0xCD,0x1C,0x88,0x20,0xB2,0xF4,0x3B,0x02,
    0x13,0x04,0x88,0x20,0xB2,0xF4,0x3B,0x04,0x16,0x03,0xC8,0x20,0x3A,0xF4,0xCD,0x1C,
    0x88,0x20,0xB2,0xF4,0x3B,0x06,0x16,0x03,0xC8,0x20,0x3B,0x08,0xCD,0x1C,0xC0,0xA0,
    0xCD,0x1C,0x0A,0x12,0x02,0x22,0xA3,0xFA,0xC8,0x02,0xB3,0x1C,0x04,0x20,0x54,0x78,
    0x00,0x01,0xB3,0x1D,0x04,0x60,0x04,0x4E,0x02,0x00,0x00,0x2C,0x02,0x20,0xA3,0xFC,
    0xC8,0x00,0xB3,0x1C,0x04,0x20,0x54,0x78,0x00,0x01,0xB3,0x1D,0xC8,0x20,0xCA,0xF4,
    0xCB,0x0A,0xC0,0x20,0xC7,0x8A,0x16,0x75,0xC0,0x60,0xCA,0xFC,0x0A,0x11,0xC8,0x01,
    0xB3,0x1C,0x02,0x21,0x00,0x51,0x0A,0x11,0xC0,0xA0,0xB3,0x1C,0x02,0x22,0x00,0x52,
    0x0A,0x12,0x02,0x21,0xA3,0xFA,0xC8,0x01,0xB3,0x1E,0x02,0x22,0xA3,0xFA,0xC8,0x02,
    0xB3,0x20,0x02,0x01,0x00,0x6A,0x02,0x21,0xA3,0xFC,0xC8,0x01,0xB3,0x22,0x04,0x20,
    0x46,0xBA,0x00,0x03,0xB3,0x1F,0xB3,0x21,0xB3,0x23,0xC0,0x00,0x16,0x02,0x07,0x00,
    0x10,0x01,0x04,0xC0,0xC8,0x00,0xC8,0xB2,0x05,0xA0,0xCA,0xFC,0x88,0x20,0xCA,0xFC,
    0xA3,0x7C,0x13,0x49,0xC0,0x20,0xC8,0xB2,0x16,0x48,0xC0,0xA0,0xB2,0x90,0x0A,0x12,
    0x04,0xE2,0xCB,0x90,0xC0,0xE0,0xA3,0xE2,0x0A,0x13,0x04,0xE3,0xCB,0x90,0xC1,0x20,
    0xA2,0x5A,0x0A,0x14,0x88,0x24,0xCB,0x90,0x3A,0x88,0x16,0x05,0xC1,0x60,0xA2,0x5A,
    0x0A,0x15,0x04,0xE5,0xCC,0x10,0xC8,0x20,0x3A,0x8E,0xB2,0xF0,0x02,0x00,0x00,0x01,
    0xA0,0x20,0xA3,0x88,0x60,0x20,0xB2,0xF0,0xC8,0x00,0xB2,0xEE,0xC0,0x80,0x0A,0x12,
    0x88,0x22,0xCB,0x90,0x3A,0x88,0x16,0x0F,0xC8,0x20,0xCB,0x0A,0xB2,0xF4,0x88,0x20,
    0xB2,0xEE,0xA2,0x5A,0x16,0x03,0xC8,0x20,0x3A,0x8E,0xB2,0xF4,0x04,0x20,0x3D,0x90,
    0x00,0x02,0xB2,0xEE,0xB2,0xF4,0x05,0xA0,0xB2,0xF0,0x88,0x20,0xB2,0xF0,0xA3,0x88,
    0x12,0xDD,0xC8,0x20,0x3A,0xB8,0xCA,0xF4,0xC8,0x20,0xCA,0xF4,0xCB,0x0C,0x04,0x60,
    0x0B,0x30,0x04,0x60,0x1B,0x5E,0x04,0x60,0x3A,0x6A,0x04,0x60,0x3A,0x6A,0x02,0x00,
    0x01,0x04,0x02,0x20,0xA3,0xFC,0xC8,0x00,0xB3,0x1C,0x04,0x20,0x54,0x78,0x00,0x01,
    0xB3,0x1D,0x05,0xA0,0xCA,0xFC,0xC8,0x20,0x3A,0x9E,0xC8,0xB2,0x10,0x7A,0x04,0x20,
    0x75,0xBA,0x9D,0x62,0x00,0xDE,0xC8,0x20,0x3A,0x8E,0xB2,0xEE,0xC0,0xA0,0xB2,0xEE,
    0x0A,0x12,0x02,0x22,0xCD,0x52,0xC8,0x02,0xB3,0x1C,0x04,0x20,0x75,0xFA,0xB3,0x1D,
    0x05,0xA0,0xB2,0xEE,0x88,0x20,0xB2,0xEE,0x3A,0xA0,0x12,0xF0,0x04,0x20,0x76,0x16,
    0x04,0xE0,0xA3,0xE0,0x04,0x60,0x0D,0x8E,0xC0,0xA0,0xCA,0xF4,0x0A,0x12,0x02,0x00,
    0x00,0x02,0x38,0x22,0xC6,0x62,0xC0,0x22,0xC6,0x62,0x13,0xD9,0xC1,0x01,0xC0,0xE4,
    0xC9,0x5C,0x16,0xD5,0xC8,0x20,0x3A,0x8E,0xB2,0xEE,0xC0,0xA0,0xB2,0xEE,0x0A,0x12,
    0x88,0x22,0xC7,0x94,0xCA,0xF4,0x16,0x04,0x88,0x20,0xC7,0x92,0x3A,0x8E,0x15,0xC7,
    0x05,0xA0,0xB2,0xEE,0x88,0x20,0xB2,0xEE,0x3A,0xA0,0x12,0xEF,0xC0,0xE0,0xCA,0xF4,
    0x0A,0x13,0xC8,0x23,0xC6,0x62,0xA3,0xE0,0xC0,0xA0,0xA3,0xE0,0x0A,0x12,0x88,0x22,
    0xCB,0x90,0x3A,0x88,0x13,0x30,0xC8,0x20,0x3A,0xE6,0xCD,0x1C,0x88,0x20,0xA3,0xE0,
    0xA3,0xEE,0x16,0x0B,0xC0,0xE0,0xA3,0xEE,0x0A,0x13,0x88,0x23,0xCC,0x10,0x3A,0x8E,
    0x15,0x04,0x13,0x03,0xC8,0x20,0x3B,0x0A,0xCD,0x1C,0x88,0x20,0xA3,0xE0,0x9D,0x52,
    0x16,0x0A,0xC0,0xA0,0x9D,0x52,0x0A,0x12,0x88,0x22,0xCC,0x10,0x3A,0x8E,0x16,0x03,
    0xC8,0x20,0x3B,0x0C,0xCD,0x1C,0x88,0x20,0xA3,0xE0,0x9D,0x5E,0x16,0x09,0xC0,0xA0,
    0x9D,0x52,0x0A,0x12,0xC0,0x22,0xCC,0x10,0x13,0x03,0xC8,0x20,0x3B,0x0E,0xCD,0x1C,
    0x10,0x04,0x04,0x60,0x3A,0x6A,0x04,0x60,0x0D,0x1A,0xC0,0xA0,0xA3,0xE0,0x0A,0x12,
    0xC0,0x22,0xC8,0x2E,0x16,0x63,0x88,0x20,0xA3,0xE0,0xB2,0x90,0x13,0x04,0x88,0x20,
    0xA3,0xE0,0xA3,0xE2,0x16,0x2F,0x06,0xA0,0x02,0x76,0x00,0x01,0x9D,0x58,0xC0,0x00,
    0x13,0x07,0x06,0xA0,0x02,0xEC,0x00,0x01,0x3A,0x94,0x88,0x00,0xA3,0xE0,0x13,0x1F,
    0xC8,0x20,0x9D,0x58,0xA3,0xE0,0xC0,0xA0,0x9D,0x58,0x0A,0x12,0x88,0x22,0xCB,0x90,
    0x3A,0x88,0x16,0x07,0xC0,0xE0,0x9D,0x58,0x0A,0x13,0x88,0x23,0xCC,0x10,0x3A,0x8E,
    0x13,0x3F,0xC8,0x20,0x3B,0x10,0xCD,0x1C,0xC1,0x20,0x9D,0x58,0x0A,0x14,0x88,0x24,
    0xCB,0x90,0x3A,0x88,0x13,0x02,0x06,0x20,0xCD,0x1C,0x04,0x60,0x0D,0x1A,0xC8,0x20,
    0x9D,0x58,0xA3,0xE0,0x88,0x20,0xC9,0x56,0x3A,0xDC,0x11,0x0C,0x02,0x00,0x00,0xB6,
    0x02,0x20,0xA3,0xFC,0xC8,0x00,0xB3,0x1C,0x04,0x20,0x54,0x78,0x00,0x01,0xB3,0x1D,
    0x04,0x60,0x0D,0x3E,0x88,0x20,0xA3,0xE0,0x9D,0x54,0x16,0x1C,0xC0,0xA0,0x9D,0x54,
    0x0A,0x12,0xC0,0x22,0xCC,0x10,0x16,0x18,0xC0,0xE0,0xA3,0xF8,0x0A,0x13,0x88,0x23,
    0xCB,0x90,0x3A,0x88,0x16,0x13,0x02,0x01,0x00,0x32,0x02,0x21,0xA3,0xFC,0xC8,0x01,
    0xB3,0x1C,0x04,0x20,0x54,0x78,0x00,0x01,0xB3,0x1D,0x10,0xE2,0x04,0x60,0x0D,0x1A,
    0x04,0x60,0x2F,0xC4,0x04,0x60,0x1D,0x90,0x04,0x60,0x1D,0x90,0x04,0x60,0x1D,0x60,
    0xC0,0xA0,0x9D,0x5A,0x0A,0x12,0x88,0x22,0xCB,0x90,0x3A,0x88,0x13,0x0B,0x02,0x00,
    0x00,0x34,0x02,0x20,0xA3,0xFC,0xC8,0x00,0xB3,0x1C,0x04,0x20,0x54,0x78,0x00,0x01,
    0xB3,0x1D,0x10,0xC6,0xC0,0xA0,0x9D,0x54,0x0A,0x12,0xC8,0xA0,0x3A,0x8E,0xCC,0x10,
    0x88,0x20,0xA3,0xE0,0x9D,0x54,0x13,0x04,0x88,0x20,0xA3,0xE0,0x9D,0x5A,0x16,0x13,
    0xC0,0xA0,0x9D,0x54,0x0A,0x12,0xC0,0x22,0xCC,0x10,0x13,0x0D,0xC0,0x60,0x9D,0x54,
    0xA0,0x60,0x9D,0x5A,0x60,0x60,0xA3,0xE0,0xC8,0x01,0xB3,0x1C,0x04,0x20,0x3C,0xB8,
    0x00,0x02,0xB3,0x1C,0xCA,0xF4,0x04,0x20,0x3C,0xB8,0x00,0x02,0xA3,0xE0,0xCA,0xF4,
    0x06,0xA0,0x02,0xEC,0x00,0x01,0x3A,0x94,0xC8,0x00,0xB2,0xF4,0x88,0x20,0xA3,0xE0,
    0x9D,0x58,0x16,0x06,0xC0,0x00,0x13,0x04,0xC0,0x80,0x0A,0x12,0x07,0x22,0xCB,0x90,
    0x04,0x60,0x0D,0x0E,0xC0,0xA0,0xA3,0xFA,0x0A,0x12,0x88,0x22,0xCB,0x90,0x3A,0x88,
    0x16,0x0E,0x88,0x20,0xA3,0xE0,0xA3,0xF8,0x16,0x0A,0xC0,0xE0,0xA3,0xF8,0x0A,0x13,
    0x88,0x23,0xCB,0x90,0x3A,0x88,0x13,0x03,0xC8,0x20,0xA3,0xFA,0xA3,0xE0,0xC0,0xA0,
    0xA3,0xE0,0x0A,0x12,0x88,0x22,0xCB,0x90,0x3A,0x88,0x16,0x58,0x88,0x20,0xA3,0xE0,
    0x9D,0x54,0x16,0x56,0x06,0xA0,0x02,0x76,0x00,0x01,0xA5,0x92,0xC0,0x00,0x13,0x52,
    0x02,0x00,0x00,0x3A,0x02,0x20,0xA3,0xFC,0xC8,0x00,0xB3,0x1C,0x04,0x20,0x54,0x78,
    0x00,0x01,0xB3,0x1D,0xC0,0x60,0xC7,0x88,0x16,0x47,0x04,0x20,0x4C,0xFC,0x00,0x02,
    0xA5,0x92,0x9E,0xBA,0xC0,0xA0,0xA5,0x92,0x0A,0x12,0xC8,0xA0,0x3A,0x8E,0xCC,0x10,
    0x06,0xA0,0x02,0xEC,0x00,0x01,0x3A,0x94,0xC8,0x00,0xB2,0xF4,0x88,0x00,0xA3,0xE0,
    0x16,0x03,0xC8,0x20,0x9D,0x58,0xA3,0xE0,0x88,0x20,0xA3,0xE0,0x9D,0x58,0x16,0x07,
    0xC0,0x20,0xB2,0xF4,0x13,0x04,0xC0,0x80,0x0A,0x12,0x04,0xE2,0xCB,0x90,0x88,0x20,
    0xA3,0xE0,0x9D,0x5A,0x16,0x0B,0xC0,0xA0,0x9D,0x54,0x0A,0x12,0xC0,0x22,0xCC,0x10,
    0x13,0x05,0x04,0x20,0x3D,0x90,0x00,0x02,0x9D,0x54,0xCA,0xF4,0x88,0x20,0xA3,0xE0,
    0x9D,0x54,0x16,0x05,0xC0,0xA0,0x9D,0x54,0x0A,0x12,0x04,0xE2,0xCC,0x10,0x04,0x20,
    0x3D,0x90,0x00,0x02,0xA3,0xE0,0xCA,0xF4,0x04,0x60,0x0D,0x3E,0x04,0x60,0x0D,0x1A,
    0x04,0x60,0x1E,0xEC,0x04,0x60,0x1E,0xEC,0x04,0x60,0x3A,0x56,0x88,0x20,0xA3,0xE0,
    0x9D,0x72,0x16,0x16,0x06,0xA0,0x02,0x76,0x00,0x01,0xB2,0x8E,0xC0,0x00,0x13,0x10,
    0x04,0x20,0x4C,0xFC,0x00,0x02,0x9D,0x72,0x9E,0xBA,0x04,0x20,0x3D,0x90,0x00,0x02,
    0x9D,0x50,0xCA,0xF4,0x04,0x20,0x4F,0x1E,0x00,0x02,0x9D,0x50,0x3A,0x94,0x10,0xDC,
    0x88,0x20,0xA3,0xE0,0x9D,0x54,0x16,0x2A,0x06,0xA0,0x01,0xF4,0x00,0x01,0x9E,0xB8,
    0xC0,0x00,0x13,0x24,0xC0,0xA0,0x9E,0xB8,0x0A,0x12,0xC0,0x22,0xCC,0x10,0x16,0x1E,
    0x02,0x01,0x01,0x32,0x02,0x21,0xA3,0xFC,0xC8,0x01,0xB3,0x1C,0x04,0x20,0x54,0x78,
    0x00,0x01,0xB3,0x1D,0x04,0x20,0x4C,0xFC,0x00,0x02,0x9D,0x54,0x9E,0xBA,0xC0,0xE0,
    0x9D,0x54,0x0A,0x13,0x04,0xE3,0xCC,0x10,0xC1,0x20,0xA5,0x92,0x0A,0x14,0x89,0x24,
    0xCB,0x90,0xCB,0x10,0x16,0x02,0x05,0xA0,0xCD,0x22,0x10,0xAE,0x88,0x20,0xA3,0xE0,
    0x9D,0x52,0x16,0x64,0x06,0xA0,0x01,0xF4,0x00,0x01,0xB2,0x76,0xC0,0x00,0x13,0x60,
    0x02,0x00,0x01,0x44,0x02,0x20,0xA3,0xFC,0xC8,0x00,0xB3,0x1C,0x04,0x20,0x54,0x78,
    0x00,0x01,0xB3,0x1D,0x04,0x20,0x4C,0xFC,0x00,0x02,0xB2,0x76,0x9E,0xBA,0x02,0x01,
    0x00,0x64,0xA0,0x60,0xB2,0x76,0xC8,0x01,0xB3,0x1E,0x04,0x20,0x4C,0xFC,0x00,0x02,
    0xB3,0x1E,0x9E,0xBA,0xC0,0xA0,0xB2,0x76,0x0A,0x12,0x02,0x22,0xCB,0x10,0xC8,0x02,
    0xB3,0x20,0x04,0x20,0x4C,0xFC,0x00,0x02,0xB2,0x78,0xB3,0x21,0x02,0x02,0x00,0x64,
    0xA0,0xA0,0xB2,0x78,0xC8,0x02,0xB3,0x22,0xC0,0xE0,0xB2,0x76,0x0A,0x13,0x02,0x23,
    0xC7,0xAE,0xC8,0x03,0xB3,0x24,0x04,0x20,0x4C,0xFC,0x00,0x02,0xB3,0x22,0xB3,0x25,
    0xC0,0xE0,0x9D,0x6A,0x0A,0x13,0x02,0x23,0xCB,0x10,0xC8,0x03,0xB3,0x26,0x04,0x20,
    0x4C,0xFC,0x00,0x02,0x9D,0x6A,0xB3,0x27,0x02,0x03,0x00,0x64,0xA0,0xE0,0x9D,0x6A,
    0xC8,0x03,0xB3,0x28,0xC1,0x20,0x9D,0x6A,0x0A,0x14,0x02,0x24,0xC7,0xAE,0xC8,0x04,
    0xB3,0x2A,0x04,0x20,0x4C,0xFC,0x00,0x02,0xB3,0x28,0xB3,0x2B,0xC1,0x20,0xB2,0x76,
    0x0A,0x14,0xC9,0x20,0x3A,0x8A,0xCC,0x10,0x04,0x60,0x1E,0x70,0x04,0x60,0x20,0x54,
    0x04,0x60,0x20,0x54,0x88,0x20,0xA3,0xE0,0xB2,0x8A,0x16,0x07,0xC0,0xA0,0xA3,0xEC,
    0x0A,0x12,0x88,0xA0,0xCA,0xF4,0xCB,0x10,0x16,0x0B,0x02,0x00,0x00,0x6A,0x02,0x20,
    0xA3,0xFC,0xC8,0x00,0xB3,0x1C,0x04,0x20,0x54,0x78,0x00,0x01,0xB3,0x1D,0x10,0xE4,
    0xC0,0xA0,0xB2,0x8A,0x0A,0x12,0xC8,0xA0,0x3A,0x8A,0xCC,0x10,0xC8,0x02,0xB3,0x1C,
    0x06,0xA0,0x01,0xF4,0x00,0x01,0xA3,0xEC,0xC0,0x00,0x13,0x04,0xC0,0xA0,0xB3,0x1C,
    0x04,0xE2,0xCC,0x10,0xC0,0xA0,0xB2,0x8A,0x0A,0x12,0xC0,0x22,0xCC,0x10,0x05,0x80,
    0xC8,0x00,0xB3,0x1E,0x04,0x20,0x4F,0x1E,0x00,0x02,0xB2,0x8A,0xB3,0x1E,0xC0,0xE0,
    0xB2,0x8A,0x0A,0x13,0xC0,0x63,0xCC,0x10,0x13,0x05,0xC1,0x20,0xB2,0x8A,0x0A,0x14,
    0x07,0x24,0xC8,0x2E,0x10,0xB9,0xC0,0x20,0xCD,0x6A,0x13,0x03,0xC8,0x20,0xCD,0x6A,
    0xCD,0x50,0xC8,0x20,0xCD,0x50,0xB2,0xEE,0x88,0x20,0xB2,0xEE,0x3B,0x02,0x13,0x46,
    0x88,0x20,0xB2,0xEE,0x3B,0x04,0x13,0x42,0x88,0x20,0xB2,0xEE,0x3B,0x12,0x13,0x3E,
    0x88,0x20,0xB2,0xEE,0x3B,0x14,0x13,0x3A,0xC0,0x20,0xCD,0x6A,0x16,0x19,0x04,0x20,
    0x75,0xBA,0x9D,0x62,0x00,0xF2,0xC8,0x20,0x3A,0x8E,0xB2,0xEE,0xC0,0xA0,0xB2,0xEE,
    0x0A,0x12,0x02,0x22,0xCD,0x52,0xC8,0x02,0xB3,0x1C,0x04,0x20,0x75,0xFA,0xB3,0x1D,
    0x05,0xA0,0xB2,0xEE,0x88,0x20,0xB2,0xEE,0x3A,0xA0,0x12,0xF0,0x04,0x20,0x76,0x16,
    0xC0,0x20,0xCD,0x6A,0x13,0x19,0x04,0x20,0x75,0xBA,0x9D,0x62,0x00,0xF2,0xC8,0x20,
    0x3A,0x8E,0xB2,0xEE,0xC0,0xA0,0xB2,0xEE,0x0A,0x12,0x02,0x22,0xCD,0x6C,0xC8,0x02,
    0xB3,0x1E,0x04,0x20,0x75,0xFA,0xB3,0x1F,0x05,0xA0,0xB2,0xEE,0x88,0x20,0xB2,0xEE,
    0x3A,0xA0,0x12,0xF0,0x04,0x20,0x76,0x16,0x04,0x60,0x0D,0x3E,0x04,0xE0,0xCD,0x6A,
    0x04,0xE0,0xA3,0xE0,0x04,0x60,0x10,0x98,0xC8,0x20,0x3B,0x16,0xCD,0x1C,0x06,0xA0,
    0x02,0x76,0x00,0x01,0x9D,0x6E,0xC0,0x00,0x13,0x03,0xC8,0x20,0x9D,0x6E,0xA3,0xE0,
    0x06,0xA0,0x02,0x76,0x00,0x01,0xA3,0xE8,0xC0,0x00,0x13,0x03,0xC8,0x20,0xA3,0xE8,
    0xA3,0xE0,0x06,0xA0,0x01,0xF4,0x00,0x01,0x9E,0xB4,0xC0,0x00,0x13,0x03,0xC8,0x20,
    0x9E,0xB4,0xA3,0xE0,0x06,0xA0,0x01,0xF4,0x00,0x01,0x9E,0xE0,0xC0,0x00,0x13,0x03,
    0xC8,0x20,0x9E,0xE0,0xA3,0xE0,0xC0,0x20,0xA3,0xE0,0x13,0x06,0x06,0xA0,0x02,0x76,
    0x00,0x01,0x9D,0x5E,0xC0,0x00,0x16,0x61,0x06,0xA0,0x02,0x76,0x00,0x01,0x9D,0x5E,
    0xC0,0x00,0x13,0x03,0xC8,0x20,0x9D,0x5E,0xA3,0xE0,0xC0,0x20,0xA3,0xE0,0x13,0x57,
    0x88,0x20,0xA3,0xE0,0x9D,0x6E,0x13,0x55,0x88,0x20,0xA3,0xE0,0xA3,0xE8,0x13,0x53,
    0x88,0x20,0xA3,0xE0,0x9E,0xB4,0x16,0x03,0xC8,0x20,0x3B,0x18,0xCD,0x1C,0x88,0x20,
    0xA3,0xE0,0x9E,0xB4,0x16,0x0A,0xC0,0xA0,0x9E,0xB4,0x0A,0x12,0x88,0x22,0xCC,0x10,
    0x3A,0x8E,0x16,0x03,0xC8,0x20,0x3A,0xC4,0xCD,0x1C,0x88,0x20,0xA3,0xE0,0x9D,0x5A,
    0x16,0x03,0xC8,0x20,0x3B,0x1A,0xCD,0x1C,0x88,0x20,0xA3,0xE0,0x9F,0xFE,0x16,0x03,
    0xC8,0x20,0x3B,0x1C,0xCD,0x1C,0x88,0x20,0xA3,0xE0,0x9E,0xE0,0x13,0x04,0x88,0x20,
    0xA3,0xE0,0x9D,0x5E,0x16,0x03,0xC8,0x20,0x3A,0xCC,0xCD,0x1C,0x88,0x20,0xCD,0x1C,
    0x3A,0xCC,0x16,0x23,0x06,0xA0,0x02,0x76,0x00,0x01,0x9F,0xFE,0xC0,0x00,0x13,0x1F,
    0x88,0x20,0xA3,0xE0,0x9D,0x5E,0x13,0x1D,0xC0,0x20,0xC7,0x8A,0x13,0x1C,0xC8,0x20,
    0x3B,0x1E,0xB2,0xF4,0xC0,0x60,0xCB,0x10,0x16,0x03,0xC8,0x20,0x3A,0x9C,0xC7,0x86,
    0xC8,0x20,0x3A,0x9E,0xCB,0x10,0x04,0x60,0x0D,0x14,0x04,0x60,0x1B,0x7E,0x04,0x60,
    0x0D,0x1A,0x04,0x60,0x23,0x0C,0x04,0x60,0x23,0x0C,0x04,0x60,0x0D,0x1A,0x04,0x60,
    0x0D,0x1A,0x04,0x60,0x23,0x96,0x04,0x60,0x22,0xCA,0xC0,0xA0,0x9E,0xE0,0x0A,0x12,
    0xC0,0x22,0xCC,0x10,0x02,0x20,0x00,0x22,0xC8,0x00,0xB2,0xF4,0xC8,0xA0,0x3A,0x8E,
    0xCC,0x10,0x88,0x20,0xCD,0x4E,0xA2,0x5C,0x16,0x05,0xC0,0xE0,0x9E,0xE0,0x0A,0x13,
    0x04,0xE3,0xCC,0x10,0xC0,0xA0,0x9E,0xE0,0x0A,0x12,0x02,0x00,0x00,0x02,0x38,0x22,
    0xCC,0x10,0xA0,0x60,0xB2,0xF4,0xC8,0x01,0xB2,0xF4,0x10,0xCD,0x04,0xE0,0xB2,0xF4,
    0x88,0x20,0xA3,0xE0,0xA3,0xE8,0x16,0x03,0xC8,0x20,0x3A,0x8E,0xB2,0xF4,0x02,0x00,
    0x00,0x7C,0xA0,0x20,0xB2,0xF4,0xC8,0x00,0xCD,0x1C,0xC0,0xA0,0xA3,0xE0,0x0A,0x12,
    0x88,0x22,0xCB,0x90,0x3A,0x88,0x16,0x06,0x02,0x01,0x00,0x78,0xA0,0x60,0xB2,0xF4,
    0xC8,0x01,0xCD,0x1C,0xC0,0xA0,0xB2,0x74,0x0A,0x12,0x88,0x22,0xCB,0x90,0x3A,0x88,
    0x13,0x06,0x02,0x00,0x00,0x7A,0xA0,0x20,0xB2,0xF4,0xC8,0x00,0xCD,0x1C,0x88,0x20,
    0xCD,0x4E,0xA2,0x5C,0x16,0x03,0xC8,0x20,0x3B,0x20,0xCD,0x1C,0x88,0x20,0xCD,0x1C,
    0x3B,0x22,0x16,0x7B,0x04,0x20,0x4C,0xFC,0x00,0x02,0x9D,0x6E,0x9E,0xBA,0x04,0x20,
    0x3D,0x90,0x00,0x02,0xA3,0xE8,0xCA,0xF4,0x04,0x20,0x3D,0x90,0x00,0x02,0xA3,0xEA,
    0x3B,0x10,0x04,0x60,0x0D,0x1A,0x88,0x20,0xCD,0x4E,0xA2,0x5C,0x13,0x37,0xC8,0x20,
    0x3B,0x24,0xCD,0x1C,0xC0,0xA0,0x9D,0x52,0x0A,0x12,0xC0,0x22,0xCC,0x10,0x16,0x03,
    0xC8,0x20,0x3B,0x26,0xCD,0x1C,0xC0,0xA0,0x9D,0x5E,0x0A,0x12,0xC0,0x22,0xCC,0x10,
    0x16,0x03,0xC8,0x20,0x3A,0xFC,0xCD,0x1C,0x88,0x20,0xCD,0x1C,0x3B,0x24,0x16,0x4F,
    0xC0,0xA0,0x9D,0x5E,0x0A,0x12,0x04,0xE2,0xCC,0x10,0x04,0xE2,0xC8,0x2E,0xC0,0xE0,
    0x9D,0x52,0x0A,0x13,0x88,0x23,0xCC,0x10,0x3A,0xB8,0x13,0x06,0xC1,0x20,0x9D,0x52,
    0x0A,0x14,0xC9,0x20,0x3A,0x8A,0xCC,0x10,0xC0,0xA0,0x9D,0x52,0x0A,0x12,0x02,0x00,
    0x00,0x02,0x60,0x22,0xCC,0x10,0xC8,0x80,0xC8,0x2E,0x10,0xC3,0xC8,0x20,0x3B,0x28,
    0xCD,0x1C,0xC0,0xA0,0x9D,0x5E,0x0A,0x12,0xC0,0x22,0xCC,0x10,0x13,0x03,0xC8,0x20,
    0x3B,0x2A,0xCD,0x1C,0xC0,0xA0,0x9D,0x5E,0x0A,0x12,0x88,0xA0,0xCA,0xF4,0xCB,0x10,
    0x13,0x03,0xC8,0x20,0x3B,0x2C,0xCD,0x1C,0x88,0x20,0xCD,0x1C,0x3B,0x28,0x16,0x19,
    0xC0,0xA0,0x9D,0x5E,0x0A,0x12,0xC8,0xA0,0x3A,0x8A,0xCC,0x10,0x88,0x22,0xCB,0x90,
    0x3A,0x88,0x16,0x05,0x04,0x20,0x3D,0x90,0x00,0x02,0x9D,0x5E,0xCA,0xF4,0xC0,0xA0,
    0x9D,0x5E,0x0A,0x12,0x07,0x22,0xC8,0x2E,0x10,0x06,0x04,0x60,0x0D,0x1A,0x04,0x60,
    0x0D,0x1A,0x04,0x60,0x0D,0x1A,0x10,0x8D,0x06,0xA0,0x02,0x76,0x00,0x01,0xA2,0x5A,
    0xC0,0x00,0x13,0x7A,0xC8,0x20,0x3B,0x2E,0xCD,0x1C,0xC0,0x20,0xC9,0x5C,0x11,0x76,
    0xC0,0xA0,0xA2,0x5A,0x0A,0x12,0xC8,0xA0,0x3A,0x8E,0xCC,0x10,0x02,0x00,0x00,0x4C,
    0x02,0x20,0xA3,0xFC,0xC8,0x00,0xB3,0x1C,0x04,0x20,0x54,0x78,0x00,0x01,0xB3,0x1D,
    0xC0,0x60,0xCD,0x84,0x16,0x65,0x04,0x60,0x0D,0x3E,0x06,0xA0,0x02,0x76,0x00,0x01,
    0xA2,0x5A,0xC0,0x00,0x13,0x5F,0xC0,0xA0,0xA2,0x5A,0x0A,0x12,0x04,0xE2,0xCC,0x10,
    0x02,0x00,0x00,0x4E,0x02,0x20,0xA3,0xFC,0xC8,0x00,0xB3,0x1C,0x04,0x20,0x54,0x78,
    0x00,0x01,0xB3,0x1D,0x06,0xA0,0x02,0x26,0x00,0x01,0x3A,0x94,0xC0,0x00,0x13,0x0A,
    0x02,0x00,0x00,0x1E,0x02,0x20,0xA3,0xFC,0xC8,0x00,0xB3,0x1E,0x04,0x20,0x54,0x78,
    0x00,0x01,0xB3,0x1F,0x10,0xD8,0xC0,0xA0,0xA3,0xE0,0x0A,0x12,0x88,0x22,0xCB,0x90,
    0x3A,0x88,0x13,0x0E,0x88,0x20,0xA3,0xE0,0xA3,0xF8,0x16,0x07,0xC0,0xE0,0xA3,0xFA,
    0x0A,0x13,0x88,0x23,0xCB,0x90,0x3A,0x88,0x13,0x03,0xC8,0x20,0x3A,0xF8,0xCD,0x1C,
    0x88,0x20,0xA3,0xE0,0xA3,0xF8,0x16,0x28,0x06,0xA0,0x01,0xF4,0x00,0x01,0x9E,0xDC,
    0xC0,0x00,0x13,0x24,0xC0,0xA0,0xA3,0xE0,0x0A,0x12,0x88,0x22,0xCB,0x90,0x3A,0x88,
    0x16,0x1F,0xC0,0x20,0xC7,0x8A,0x16,0x1E,0xC0,0xE0,0x9E,0xDC,0x0A,0x13,0x02,0x01,
    0x00,0x01,0x60,0x63,0xCC,0x10,0xC8,0xC1,0xCC,0x10,0x02,0x00,0x00,0x02,0x60,0x23,
    0xCC,0x10,0xC8,0x00,0xB3,0x1C,0x10,0x10,0x04,0x60,0x0D,0x1A,0x04,0x60,0x0D,0x1A,
    0x04,0x60,0x0B,0x30,0x04,0x60,0x0D,0x1A,0x04,0x60,0x0D,0x1A,0x04,0x60,0x0D,0x1A,
    0x04,0x60,0x0D,0x1A,0x04,0x60,0x0D,0x1A,0x04,0x20,0x4F,0x1E,0x00,0x02,0x9E,0xDC,
    0xB3,0x1C,0x10,0x89,0xC8,0x20,0x3A,0x8E,0xB2,0xEE,0xC0,0xA0,0xB2,0xEE,0x0A,0x12,
    0x88,0x22,0xC7,0x94,0xCA,0xF4,0x16,0x04,0x88,0x20,0xC7,0x92,0x3A,0x8E,0x15,0x08,
    0x05,0xA0,0xB2,0xEE,0x88,0x20,0xB2,0xEE,0x3A,0xA0,0x12,0xEF,0x04,0xE0,0xB2,0xEE,
    0xC0,0x20,0xA3,0xE0,0x16,0x76,0xC0,0x60,0xB2,0xEE,0x13,0x03,0xC8,0x20,0x9E,0xBC,
    0xA3,0xE0,0x06,0xA0,0x02,0x76,0x00,0x01,0xA5,0x92,0xC0,0x00,0x13,0x08,0xC0,0x20,
    0xA3,0xE0,0x38,0x20,0x3A,0xA4,0xA0,0x60,0xA5,0x92,0xC8,0x01,0xA3,0xE0,0x06,0xA0,
    0x01,0xF4,0x00,0x01,0x9E,0xB8,0xC0,0x00,0x13,0x0E,0xC0,0xA0,0x9E,0xB8,0x0A,0x12,
    0xC0,0x22,0xCC,0x10,0x16,0x08,0xC0,0x20,0xA3,0xE0,0x38,0x20,0x3A,0xA4,0xA0,0x60,
    0x9E,0xB8,0xC8,0x01,0xA3,0xE0,0x06,0xA0,0x01,0xF4,0x00,0x01,0xB2,0x76,0xC0,0x00,
    0x13,0x08,0xC0,0x20,0xA3,0xE0,0x38,0x20,0x3A,0xA4,0xA0,0x60,0xB2,0x76,0xC8,0x01,
    0xA3,0xE0,0x06,0xA0,0x02,0x76,0x00,0x01,0x9D,0x52,0xC0,0x00,0x13,0x0E,0xC0,0xA0,
    0x9D,0x52,0x0A,0x12,0xC0,0x22,0xCC,0x10,0x16,0x08,0xC0,0x20,0xA3,0xE0,0x38,0x20,
    0x3A,0xA4,0xA0,0x60,0x9D,0x52,0xC8,0x01,0xA3,0xE0,0x88,0x20,0xA3,0xE0,0x3A,0xA4,
    0x15,0x7A,0xC0,0x20,0xA3,0xE0,0x16,0x25,0x06,0xA0,0x02,0x76,0x00,0x01,0x9D,0x54,
    0xC0,0x00,0x13,0x07,0x88,0x20,0xCD,0x4E,0xA6,0xBA,0x13,0x03,0xC8,0x20,0x9D,0x54,
    0xA3,0xE0,0x06,0xA0,0x02,0x76,0x00,0x01,0x9D,0x6E,0xC0,0x00,0x16,0x06,0x06,0xA0,
    0x02,0x76,0x00,0x01,0xA3,0xE8,0xC0,0x00,0x13,0x08,0xC0,0x20,0xA3,0xE0,0x38,0x20,
    0x3A,0xA4,0xA0,0x60,0x9D,0x6E,0xC8,0x01,0xA3,0xE0,0x88,0x20,0xA3,0xE0,0x3A,0xA4,
    0x15,0x54,0x88,0x20,0xA3,0xE0,0x9D,0x54,0x16,0x1C,0xC8,0x20,0x3B,0x30,0xCD,0x1C,
    0xC0,0x20,0xC7,0x88,0x16,0x4C,0x04,0x20,0x4C,0xFC,0x00,0x02,0x9D,0x54,0x9E,0xBA,
    0xC0,0xA0,0x9D,0x54,0x0A,0x12,0x04,0xE2,0xCC,0x10,0xC0,0xE0,0xA5,0x92,0x0A,0x13,
    0x88,0xE3,0xCB,0x90,0xCB,0x10,0x16,0x02,0x05,0xA0,0xCD,0x22,0xC8,0x20,0x3B,0x32,
    0xCD,0x1C,0xC0,0x20,0xA3,0xE0,0x16,0x03,0xC8,0x20,0x3B,0x34,0xCD,0x1C,0x88,0x20,
    0xA3,0xE0,0x9D,0x6E,0x13,0x04,0x88,0x20,0xA3,0xE0,0xA3,0xE8,0x16,0x03,0xC8,0x20,
    0x3B,0x36,0xCD,0x1C,0x88,0x20,0xA3,0xE0,0xA5,0x92,0x16,0x03,0xC8,0x20,0x3B,0x38,
    0xCD,0x1C,0x88,0x20,0xA3,0xE0,0x9E,0xBC,0x16,0x03,0xC8,0x20,0x3B,0x3A,0xCD,0x1C,
    0x88,0x20,0xA3,0xE0,0x9E,0xBC,0x16,0x03,0xC0,0x20,0xC7,0x88,0x16,0x12,0x88,0x20,
    0xA3,0xE0,0x9E,0xB8,0x16,0x03,0xC8,0x20,0x3B,0x3C,0xCD,0x1C,0x88,0x20,0xA3,0xE0,
    0xB2,0x76,0x16,0x09,0x10,0x0A,0x04,0x60,0x1B,0x7E,0x04,0x60,0x1B,0x7E,0x04,0x60,
    0x0D,0x1A,0x04,0x60,0x3A,0x56,0x04,0x60,0x27,0x80,0xC8,0x20,0x3B,0x3E,0xCD,0x1C,
    0x88,0x20,0xA3,0xE0,0x9D,0x52,0x16,0x0D,0xC0,0xA0,0x9D,0x52,0x0A,0x12,0xC0,0x22,
    0xCC,0x10,0x05,0x80,0x06,0xA0,0x5D,0xA0,0x3A,0x8A,0x02,0x20,0x00,0xA5,0xC8,0x00,
    0xCD,0x1C,0x88,0x20,0xA3,0xE0,0x9E,0xB8,0x16,0x7B,0xC0,0xA0,0x9E,0xB8,0x0A,0x12,
    0xC0,0x22,0xCC,0x10,0x16,0x77,0x02,0x01,0x00,0x60,0x02,0x21,0xA3,0xFC,0xC8,0x01,
    0xB3,0x1C,0x04,0x20,0x54,0x78,0x00,0x01,0xB3,0x1D,0x04,0xE0,0xCD,0x4E,0x04,0xE0,
    0xA3,0xE0,0x04,0x20,0x3E,0x12,0x00,0x00,0x88,0x20,0xCD,0x54,0xB2,0xE6,0x16,0x04,
    0x88,0x20,0xCD,0x56,0xB2,0xE8,0x13,0x04,0x88,0x20,0xCD,0x54,0xB2,0xEA,0x16,0x5C,
    0x04,0x20,0x4F,0x1E,0x00,0x02,0x9E,0xB8,0x3A,0x8E,0xC0,0xE0,0x9E,0xB8,0x0A,0x13,
    0xC8,0xE0,0x3A,0x8A,0xCC,0x10,0xC1,0x20,0xA5,0x8E,0x0A,0x14,0x04,0xE4,0xCC,0x10,
    0xC0,0x63,0xCB,0x10,0xA0,0x63,0xC7,0xAE,0x06,0xA0,0x5D,0xA8,0x3A,0x8A,0xC8,0x01,
    0xB2,0xF4,0x02,0x01,0x00,0x64,0xA0,0x60,0x9E,0xB8,0xC8,0x01,0xB3,0x1E,0x04,0x20,
    0x4C,0xFC,0x00,0x02,0xB3,0x1E,0x3A,0x88,0x02,0x05,0x00,0x64,0xA1,0x60,0xA5,0x8E,
    0xC8,0x05,0xB3,0x20,0x04,0x20,0x4C,0xFC,0x00,0x02,0xB3,0x20,0x9E,0xBA,0x04,0x20,
    0x4C,0xFC,0x00,0x02,0x9E,0xB8,0xB2,0xF4,0x04,0x20,0x4C,0xFC,0x00,0x02,0xA5,0x8E,
    0xB2,0xF4,0xC8,0x20,0x3A,0x8E,0xA3,0xE0,0xC0,0xA0,0xA3,0xE0,0x0A,0x12,0xC0,0xE0,
    0x9E,0xB8,0x0A,0x13,0x88,0xE2,0xCB,0x90,0xCB,0x10,0x13,0x0A,0xC1,0x20,0xA3,0xE0,
    0x0A,0x14,0xC1,0x60,0x9E,0xB8,0x0A,0x15,0x89,0x64,0xCB,0x90,0xC7,0xAE,0x16,0x05,
    0x04,0x20,0x4C,0xFC,0x00,0x02,0xA3,0xE0,0xB2,0xF4,0x05,0xA0,0xA3,0xE0,0x10,0x06,
    0x04,0x60,0x0D,0x1A,0x04,0x60,0x0D,0x1A,0x04,0x60,0x0E,0x7C,0x88,0x20,0xA3,0xE0,
    0xA3,0x88,0x12,0xDA,0xC8,0x20,0xB2,0xF4,0xCA,0xF4,0xC8,0x20,0xA3,0xDE,0xB2,0xF4,
    0x04,0x60,0x13,0x7E,0x88,0x20,0xA3,0xE0,0x9D,0x58,0x13,0x03,0xC0,0x20,0xA3,0xE0,
    0x16,0x06,0x06,0xA0,0x02,0xEC,0x00,0x01,0x3A,0x94,0xC8,0x00,0xA3,0xE0,0xC0,0x20,
    0xA3,0xE0,0x13,0x62,0xC0,0x80,0x0A,0x12,0x88,0x22,0xCB,0x90,0x3A,0x88,0x16,0x5E,
    0xC8,0x20,0x3A,0x8C,0xCD,0x1C,0x88,0x20,0xA3,0xE0,0xA3,0xE2,0x13,0x04,0x88,0x20,
    0xA3,0xE0,0xB2,0x90,0x16,0x55,0xC0,0xE0,0x9D,0x58,0x0A,0x13,0xC8,0xE0,0x3A,0x8E,
    0xCC,0x10,0xC1,0x20,0xA3,0xE0,0x0A,0x14,0x04,0xE4,0xCB,0x90,0xC8,0x20,0x3B,0x40,
    0xCD,0x1C,0x06,0xA0,0x01,0xF4,0x00,0x01,0xA3,0xEE,0xC0,0x00,0x16,0x06,0x06,0xA0,
    0x01,0xF4,0x00,0x01,0x9E,0xB4,0xC0,0x00,0x13,0x3D,0x06,0xA0,0x01,0xF4,0x00,0x01,
    0x9E,0xB4,0xC0,0x00,0x16,0x39,0xC8,0x20,0x3B,0x42,0xCD,0x1C,0x88,0x20,0xA3,0xE0,
    0xB2,0x90,0x16,0x34,0xC0,0xA0,0xA3,0xEE,0x0A,0x12,0xC0,0x22,0xCC,0x10,0x05,0x80,
    0xC8,0x00,0xB3,0x1C,0x04,0x20,0x4F,0x1E,0x00,0x02,0xA3,0xEE,0xB3,0x1C,0xC0,0xE0,
    0xA3,0xEE,0x0A,0x13,0xC0,0x63,0xCC,0x10,0x05,0xC1,0xC8,0x01,0xB3,0x1E,0x04,0x20,
    0x5C,0xB8,0x00,0x02,0xB3,0x1E,0x3A,0xBC,0xC8,0xC0,0xCC,0x10,0xC1,0x20,0xA3,0xF0,
    0x0A,0x14,0xC1,0x63,0xCC,0x10,0x06,0xA0,0x5D,0xD0,0x3A,0x8A,0xC9,0x05,0xCC,0x10,
    0xC8,0x20,0xA3,0xDE,0xB2,0xF4,0x10,0x8C,0x04,0x60,0x1B,0x7E,0x04,0x60,0x0D,0x1A,
    0x04,0x60,0x0D,0x1A,0x04,0x60,0x0D,0x1A,0x04,0x60,0x29,0xC0,0x04,0x60,0x0D,0x1A,
    0xC0,0xA0,0x9E,0xB4,0x0A,0x12,0x04,0xE2,0xCC,0x10,0x88,0x20,0xA3,0xE0,0xA3,0xE2,
    0x16,0x06,0xC0,0xE0,0x9E,0xB4,0x0A,0x13,0xC8,0xE0,0x3A,0x8E,0xCC,0x10,0xC0,0xA0,
    0x9E,0xB4,0x0A,0x12,0xC0,0x22,0xCC,0x10,0x02,0x20,0x00,0x71,0xC8,0x00,0xCD,0x1C,
    0x04,0x60,0x0D,0x1A,0x06,0xA0,0x02,0x76,0x00,0x01,0x9E,0xDE,0xC0,0x00,0x13,0x71,
    0x04,0x20,0x4C,0xFC,0x00,0x02,0x9E,0xDE,0x9E,0xBA,0xC8,0x20,0x3B,0x44,0xCD,0x1C,
    0x10,0xEF,0x88,0x20,0xA3,0xE0,0x9E,0xDE,0x13,0xF3,0x88,0x20,0xA3,0xE0,0x9D,0x54,
    0x13,0x1C,0x88,0x20,0xA3,0xE0,0xA5,0x92,0x13,0x18,0x88,0x20,0xA3,0xE0,0x9D,0x6E,
    0x13,0x14,0x88,0x20,0xA3,0xE0,0xA3,0xE8,0x13,0x10,0x88,0x20,0xA3,0xE0,0x9E,0xBC,
    0x13,0x0C,0x88,0x20,0xA3,0xE0,0x9E,0xB8,0x13,0x08,0x88,0x20,0xA3,0xE0,0xB2,0x76,
    0x13,0x04,0x88,0x20,0xA3,0xE0,0x9D,0x52,0x16,0x03,0xC8,0x20,0x3B,0x12,0xCD,0x1C,
    0x10,0xC7,0xC0,0x20,0xA3,0xE0,0x16,0x14,0x06,0xA0,0x03,0x34,0x00,0x01,0xCA,0xF4,
    0x88,0x00,0xB2,0x90,0x13,0x0D,0x06,0xA0,0x02,0xEC,0x00,0x01,0x3A,0x94,0x88,0x00,
    0xB2,0x90,0x16,0x31,0x06,0xA0,0x02,0x76,0x00,0x01,0x9D,0x58,0xC0,0x00,0x13,0x2D,
    0xC0,0x20,0xA3,0xE0,0x13,0x06,0x88,0x00,0xB2,0x90,0x13,0x03,0xC8,0x20,0x3B,0x46,
    0xCD,0x1C,0x88,0x20,0xCD,0x1C,0x3B,0x46,0x13,0x22,0x06,0xA0,0x02,0xEC,0x00,0x01,
    0x3A,0x94,0x88,0x00,0xB2,0x90,0x16,0x1D,0x06,0xA0,0x02,0x76,0x00,0x01,0x9D,0x58,
    0xC0,0x00,0x13,0x19,0xC0,0xA0,0x9D,0x58,0x0A,0x12,0xC8,0xA0,0x3A,0x8E,0xCC,0x10,
    0xC0,0xE0,0xB2,0x90,0x0A,0x13,0x04,0xE3,0xCB,0x90,0xC8,0x20,0x3B,0x48,0xCD,0x1C,
    0x10,0x87,0x04,0x60,0x1B,0x7E,0x04,0x60,0x1B,0x7E,0x04,0x60,0x1B,0x7E,0x04,0x60,
    0x0D,0x1A,0x04,0x60,0x0D,0x1A,0x04,0x60,0x0D,0x1A,0x88,0x20,0xA3,0xE0,0xA2,0x5A,
    0x13,0x03,0xC8,0x20,0x3B,0x4A,0xCD,0x1C,0x04,0x60,0x0D,0x1A,0xC0,0xA0,0xA3,0xFA,
    0x0A,0x12,0x88,0x22,0xCB,0x90,0x3A,0x88,0x16,0x0E,0x88,0x20,0xA3,0xE0,0xA3,0xF8,
    0x16,0x0A,0xC0,0xE0,0xA3,0xF8,0x0A,0x13,0x88,0x23,0xCB,0x90,0x3A,0x88,0x13,0x03,
    0xC8,0x20,0xA3,0xFA,0xA3,0xE0,0xC0,0xA0,0xA3,0xE0,0x0A,0x12,0x88,0x22,0xCB,0x90,
    0x3A,0x88,0x16,0x7C,0x88,0x20,0xA3,0xE0,0x3B,0x3A,0x11,0x0B,0x13,0x0A,0x88,0x20,
    0xA3,0xE0,0xA3,0x88,0x15,0x06,0x06,0xA0,0x01,0xF4,0x00,0x01,0xB2,0x76,0xC0,0x00,
    0x16,0x6F,0x88,0x20,0xA3,0xE0,0x9E,0xDE,0x16,0x06,0x06,0xA0,0x02,0x76,0x00,0x01,
    0x9D,0x52,0xC0,0x00,0x16,0x67,0x88,0x20,0xA3,0xE0,0x9D,0x4C,0x16,0x65,0xC8,0x20,
    0x3A,0x8E,0xB2,0xEE,0xC0,0xA0,0xB2,0xEE,0x0A,0x12,0x88,0x22,0xC7,0x94,0xCA,0xF4,
    0x13,0x2E,0x05,0xA0,0xB2,0xEE,0x88,0x20,0xB2,0xEE,0x3A,0xA0,0x12,0xF3,0xC8,0x20,
    0x3B,0x4C,0xCD,0x1C,0x06,0xA0,0x01,0xF4,0x00,0x01,0x9E,0xB8,0xC0,0x00,0x13,0x06,
    0xC0,0xA0,0x9E,0xB8,0x0A,0x12,0xC0,0x22,0xCC,0x10,0x13,0x3A,0xC8,0x20,0x3B,0x4E,
    0xCD,0x1C,0x06,0xA0,0x01,0xF4,0x00,0x01,0xB2,0x76,0xC0,0x00,0x16,0x31,0x06,0xA0,
    0x02,0x76,0x00,0x01,0x9D,0x52,0xC0,0x00,0x13,0x06,0xC0,0xA0,0x9D,0x52,0x0A,0x12,
    0xC0,0x22,0xCC,0x10,0x13,0x33,0x04,0xE0,0xA3,0xE0,0x04,0x60,0x25,0xA4,0xC8,0x20,
    0x3B,0x50,0xCD,0x1C,0x04,0x20,0x3B,0x94,0x00,0x01,0x3A,0xB8,0xC0,0x00,0x13,0x18,
    0x88,0x20,0xCD,0x12,0x3A,0x88,0x16,0x14,0xC0,0xA0,0xB2,0xEE,0x0A,0x12,0xC8,0xA0,
    0x3A,0x96,0xC7,0xA0,0x04,0xE2,0xC7,0x94,0xC8,0x20,0x3B,0x52,0xCD,0x1C,0x05,0xA0,
    0xC7,0x94,0x88,0x20,0xC7,0x94,0x3A,0x8E,0x16,0x03,0xC8,0x20,0x3B,0x54,0xCD,0x1C,
    0xC0,0xA0,0xCD,0x1C,0x0A,0x12,0x02,0x22,0xA3,0xFA,0x10,0x0A,0x04,0x60,0x0D,0x1A,
    0x04,0x60,0x2C,0xD8,0x04,0x60,0x2C,0xD0,0x04,0x60,0x1D,0xF4,0x04,0x60,0x2C,0x70,
    0xC8,0x02,0xB3,0x1C,0x04,0x20,0x54,0x78,0x00,0x01,0xB3,0x1D,0x04,0x20,0x3D,0x90,
    0x00,0x02,0x9D,0x4C,0xCA,0xF4,0xC8,0x20,0xA3,0xDE,0xB2,0xF4,0x04,0x60,0x13,0x7E,
    0xC8,0x20,0x3B,0x56,0xCD,0x1C,0x04,0x20,0x3D,0x90,0x00,0x02,0x9D,0x4C,0xCA,0xF4,
    0xC0,0xA0,0x9D,0x4C,0x0A,0x12,0x07,0x22,0xC8,0x2E,0xC8,0xA0,0x3A,0x8E,0xCC,0x10,
    0xC0,0xE0,0x9D,0x52,0x0A,0x13,0x02,0x23,0xCB,0x90,0xC8,0x03,0xB3,0x1C,0x04,0x20,
    0x4C,0xFC,0x00,0x02,0x9D,0x52,0xB3,0x1D,0x02,0x01,0x00,0x64,0xA0,0x60,0x9D,0x52,
    0xC8,0x01,0xB3,0x1E,0xC0,0xE0,0x9D,0x52,0x0A,0x13,0x02,0x23,0xC8,0x2E,0xC8,0x03,
    0xB3,0x20,0x04,0x20,0x4C,0xFC,0x00,0x02,0xB3,0x1E,0xB3,0x21,0x04,0x60,0x0D,0x1A,
    0xC8,0x20,0x9D,0x52,0xA3,0xE0,0x10,0x7C,0xC8,0x20,0x3B,0x58,0xCD,0x1C,0x04,0x20,
    0x3D,0x90,0x00,0x02,0xA3,0xE0,0x3A,0x94,0x04,0x20,0x4C,0xFC,0x00,0x02,0xB2,0x76,
    0x9E,0xBA,0x02,0x01,0x00,0x64,0xA0,0x60,0xB2,0x76,0xC8,0x01,0xB3,0x1C,0x04,0x20,
    0x4C,0xFC,0x00,0x02,0xB3,0x1C,0x9E,0xBA,0xC0,0xA0,0xB2,0x76,0x0A,0x12,0x02,0x22,
    0xCB,0x10,0xC8,0x02,0xB3,0x1E,0x04,0x20,0x3D,0x90,0x00,0x02,0xB2,0x78,0xB3,0x1F,
    0x02,0x02,0x00,0x64,0xA0,0xA0,0xB2,0x78,0xC8,0x02,0xB3,0x20,0xC0,0xE0,0xB2,0x76,
    0x0A,0x13,0x02,0x23,0xC7,0xAE,0xC8,0x03,0xB3,0x22,0x04,0x20,0x3D,0x90,0x00,0x02,
    0xB3,0x20,0xB3,0x23,0xC0,0xE0,0x9D,0x6A,0x0A,0x13,0x02,0x23,0xCB,0x10,0xC8,0x03,
    0xB3,0x24,0x04,0x20,0x4C,0xFC,0x00,0x02,0x9D,0x6A,0xB3,0x25,0x02,0x03,0x00,0x64,
    0xA0,0xE0,0x9D,0x6A,0xC8,0x03,0xB3,0x26,0xC1,0x20,0x9D,0x6A,0x0A,0x14,0x02,0x24,
    0xC7,0xAE,0xC8,0x04,0xB3,0x28,0x04,0x20,0x4C,0xFC,0x00,0x02,0xB3,0x26,0xB3,0x29,
    0x10,0xA5,0x06,0xA0,0x01,0xF4,0x00,0x01,0xA3,0xE0,0xC0,0x00,0x16,0x14,0x06,0xA0,
    0x02,0xEC,0x00,0x01,0x3A,0x94,0x88,0x00,0xA3,0xE0,0x16,0x06,0x06,0xA0,0x01,0xF4,
    0x00,0x01,0x9D,0x58,0xC0,0x00,0x16,0x07,0x06,0xA0,0x03,0x34,0x00,0x01,0xCA,0xF4,
    0x80,0x20,0xB2,0xF4,0x16,0x03,0xC8,0x20,0x3B,0x5A,0xCD,0x1C,0xC8,0x20,0x3A,0x8E,
    0xB2,0xEE,0xC0,0xA0,0xB2,0xEE,0x0A,0x12,0x88,0x22,0xC7,0x94,0xCA,0xF4,0x10,0x02,
    0x04,0x60,0x2E,0x8C,0x16,0x0C,0x88,0x20,0xC7,0x92,0x3A,0x8E,0x11,0x08,0x13,0x07,
    0x88,0x20,0xA3,0xE0,0x9E,0xBC,0x16,0x03,0xC8,0x20,0x3B,0x5A,0xCD,0x1C,0x05,0xA0,
    0xB2,0xEE,0x88,0x20,0xB2,0xEE,0x3A,0xA0,0x12,0xE4,0xC0,0x20,0xC7,0x88,0x13,0x03,
    0xC8,0x20,0x3B,0x5C,0xCD,0x1C,0xC0,0xA0,0xA3,0xE0,0x0A,0x12,0x88,0x22,0xCB,0x90,
    0x3A,0x88,0x16,0x03,0xC8,0x20,0x3A,0xDA,0xCD,0x1C,0x04,0x60,0x0D,0x1A,0xC8,0x20,
    0x3B,0x5E,0xCD,0x1C,0xC8,0x20,0x3A,0x8E,0xB2,0xEE,0x88,0x20,0xB2,0xEE,0x9D,0x52,
    0x13,0x1C,0xC0,0xA0,0xB2,0xEE,0x0A,0x12,0x88,0x22,0xCB,0x90,0x3A,0x88,0x16,0x15,
    0x88,0x20,0xCD,0x1C,0x3B,0x5E,0x16,0x0A,0x02,0x00,0x00,0xC4,0x02,0x20,0xA3,0xFC,
    0xC8,0x00,0xB3,0x1C,0x04,0x20,0x54,0x78,0x00,0x01,0xB3,0x1D,0x04,0x20,0x4F,0x1E,
    0x00,0x02,0xB2,0xEE,0x3A,0x88,0x04,0xE0,0xCD,0x1C,0x05,0xA0,0xB2,0xEE,0x88,0x20,
    0xB2,0xEE,0xA3,0x88,0x12,0xDA,0xC0,0xA0,0x9D,0x52,0x0A,0x12,0x88,0x22,0xCB,0x90,
    0x3A,0x88,0x16,0x03,0xC8,0x20,0x3B,0x60,0xCD,0x1C,0x10,0xC7,0x88,0x20,0xA3,0xE0,
    0x9D,0x54,0x16,0x04,0xC8,0x20,0x3A,0xA4,0xCD,0x1C,0x10,0xBF,0x88,0x20,0xA3,0xE0,
    0xA5,0x92,0x13,0x08,0x88,0x20,0xA3,0xE0,0x9E,0xB8,0x13,0x04,0x88,0x20,0xA3,0xE0,
    0xB2,0x76,0x16,0x35,0xC8,0x20,0x3B,0x62,0xCD,0x1C,0x88,0x20,0xA3,0xE0,0x9E,0xB8,
    0x16,0x09,0xC0,0xA0,0x9E,0xB8,0x0A,0x12,0xC0,0x22,0xCC,0x10,0x13,0x03,0xC8,0x20,
    0x3B,0x46,0xCD,0x1C,0x88,0x20,0xA3,0xE0,0xB2,0x76,0x16,0x03,0xC8,0x20,0x3B,0x64,
    0xCD,0x1C,0x88,0x20,0xA3,0xE0,0xA5,0x92,0x16,0x5D,0xC0,0x20,0xC7,0x88,0x16,0x5C,
    0x06,0xA0,0x02,0x76,0x00,0x01,0x9D,0x54,0xC0,0x00,0x13,0x58,0xC8,0x20,0x3A,0xE8,
    0xCD,0x1C,0x04,0x20,0x4C,0xFC,0x00,0x02,0x9D,0x54,0x9E,0xBA,0xC0,0xA0,0x9D,0x54,
    0x0A,0x12,0x04,0xE2,0xCC,0x10,0x05,0xA0,0xCD,0x22,0x04,0x60,0x0D,0x1A,0x88,0x20,
    0xA3,0xE0,0x9E,0xBC,0x16,0x0C,0x06,0xA0,0x02,0x76,0x00,0x01,0x9E,0xDE,0xC0,0x00,
    0x13,0x3F,0xC8,0x20,0x3B,0x66,0xCD,0x1C,0x05,0xA0,0xC7,0x92,0x10,0xEE,0x88,0x20,
    0xA3,0xE0,0x9D,0x52,0x16,0x37,0xC0,0xA0,0x9D,0x52,0x0A,0x12,0xC0,0x22,0xCC,0x10,
    0x16,0x03,0xC8,0x20,0x3B,0x62,0xCD,0x1C,0xC0,0xA0,0x9D,0x52,0x0A,0x12,0x88,0x22,
    0xCC,0x10,0x3A,0xB8,0x16,0x03,0xC8,0x20,0x3B,0x46,0xCD,0x1C,0x06,0xA0,0x02,0x76,
    0x00,0x01,0x9E,0xDE,0xC0,0x00,0x13,0x20,0x04,0x20,0x4C,0xFC,0x00,0x02,0x9E,0xDE,
    0x9E,0xBA,0xC0,0xA0,0x9D,0x52,0x0A,0x12,0xC8,0xA0,0x3A,0x8E,0xCC,0x10,0xC0,0xE0,
    0x9D,0x4C,0x0A,0x13,0x04,0xE3,0xC8,0x2E,0x04,0xE3,0xCC,0x10,0xC8,0x20,0x3B,0x68,
    0xCD,0x1C,0x10,0xBB,0x04,0x60,0x0D,0x1A,0x04,0x60,0x0D,0x1A,0x04,0x60,0x0D,0x1A,
    0x04,0x60,0x0D,0x1A,0x04,0x60,0x2F,0xBC,0x04,0x60,0x0D,0x1A,0xC8,0x20,0x3A,0xA2,
    0xCD,0x1C,0x10,0xAB,0x88,0x20,0xA3,0xE0,0xB2,0x8A,0x13,0x4E,0xC0,0x20,0xA3,0xE0,
    0x13,0x03,0x88,0x00,0x9D,0x58,0x16,0x75,0xC0,0x20,0xA3,0xE0,0x16,0x06,0x06,0xA0,
    0x02,0x76,0x00,0x01,0x9D,0x58,0xC0,0x00,0x13,0x6E,0xC8,0x20,0x3B,0x6A,0xCD,0x1C,
    0x06,0xA0,0x03,0x34,0x00,0x01,0xCA,0xF4,0xC0,0x00,0x16,0x02,0x06,0x20,0xCD,0x1C,
    0x06,0xA0,0x02,0xEC,0x00,0x01,0x3A,0x94,0xC0,0x00,0x13,0x03,0xC8,0x20,0x3B,0x10,
    0xCD,0x1C,0x88,0x20,0xCD,0x1C,0x3B,0x6A,0x16,0x58,0xC0,0xA0,0x9D,0x58,0x0A,0x12,
    0xC0,0xE0,0xCA,0xF4,0x0A,0x13,0xC0,0x23,0x9D,0x72,0x02,0x40,0x00,0x02,0xC8,0x80,
    0xCC,0x10,0xC8,0x02,0xB3,0x1C,0x06,0xA0,0x02,0xEC,0x00,0x01,0x3A,0x94,0xC8,0x00,
    0xB2,0xF4,0xC0,0xA0,0xB3,0x1C,0x88,0x22,0xCB,0x90,0x3A,0x88,0x16,0x04,0xC0,0xC0,
    0x0A,0x13,0x07,0x23,0xCB,0x90,0x88,0x20,0xB2,0xF4,0xA3,0xE2,0x16,0x03,0xC8,0x20,
    0x3B,0x6C,0xCD,0x1C,0x04,0x60,0x0D,0x1A,0xC8,0x20,0x3A,0xF8,0xCD,0x1C,0x06,0xA0,
    0x03,0x34,0x00,0x01,0xCA,0xF4,0xC0,0x00,0x16,0x03,0xC8,0x20,0x3B,0x6E,0xCD,0x1C,
    0x06,0xA0,0x03,0x34,0x00,0x01,0xCA,0xF4,0xC0,0x00,0x13,0x21,0xC0,0xA0,0xB2,0x8A,
    0x0A,0x12,0x88,0x22,0xCB,0x90,0x3A,0x88,0x16,0x1C,0x02,0x01,0x01,0x20,0x02,0x21,
    0xA3,0xFC,0xC8,0x01,0xB3,0x1C,0x04,0x20,0x54,0x78,0x00,0x01,0xB3,0x1D,0xC0,0xE0,
    0xB2,0x8A,0x0A,0x13,0xC8,0xE0,0x3A,0x8A,0xCC,0x10,0x07,0x23,0xC8,0x2E,0x04,0x60,
    0x1E,0xEC,0x04,0x60,0x0D,0x1A,0x04,0x60,0x1B,0x7E,0x04,0x60,0x0D,0x1A,0x04,0x60,
    0x0D,0x1A,0x04,0x60,0x0D,0x1A,0xC0,0xA0,0xA3,0xFA,0x0A,0x12,0xC0,0x22,0xCC,0x10,
    0x11,0x7B,0xC0,0x60,0xC7,0x88,0x13,0x7A,0xC8,0x20,0x3B,0x70,0xC7,0x7E,0x88,0x20,
    0xCA,0xF4,0x3B,0x0A,0x16,0x02,0x05,0xA0,0xC7,0x7E,0x06,0xA0,0x02,0x76,0x00,0x01,
    0xA3,0xFA,0xC0,0x00,0x13,0x03,0xC8,0x20,0x3B,0x72,0xC7,0x7E,0xC0,0xA0,0xC7,0x7E,
    0x0A,0x12,0x02,0x22,0xA3,0xFA,0xC8,0x02,0xB3,0x1C,0x04,0x20,0x54,0x78,0x00,0x01,
    0xB3,0x1D,0xC8,0x20,0x3A,0x9E,0xC8,0xB2,0x10,0x5B,0x07,0x20,0xB2,0xF4,0x88,0x20,
    0xCD,0x52,0x3A,0x88,0x13,0x06,0xC0,0x20,0xCD,0x52,0x02,0x20,0xF4,0x48,0xC8,0x00,
    0xB2,0xF4,0xC8,0x20,0x3A,0xF4,0xCD,0x1C,0x02,0x00,0x00,0x01,0x60,0x20,0xB2,0xF4,
    0x80,0x20,0xC8,0xB0,0x13,0x07,0xC0,0x60,0xC8,0xB0,0x13,0x03,0xC8,0x20,0x3B,0x74,
    0xCD,0x1C,0x10,0x80,0xC8,0x20,0xB2,0xF4,0xC8,0xB0,0x88,0x20,0xB2,0xF4,0x3A,0xCA,
    0x16,0x39,0x04,0xE0,0xC8,0xB0,0xC0,0xA0,0x9E,0xBE,0x0A,0x12,0x88,0xA2,0xCB,0x90,
    0xCB,0x10,0x13,0x32,0xC0,0xE0,0x9E,0xBE,0x0A,0x13,0x88,0x23,0xCB,0x90,0x3A,0x88,
    0x16,0x07,0xC1,0x20,0x9E,0xBE,0x0A,0x14,0x89,0x20,0xCA,0xF4,0xCB,0x10,0x13,0x26,
    0xC0,0xA0,0x9E,0xBE,0x0A,0x12,0xC0,0x22,0xCB,0x90,0x16,0x12,0xC1,0x60,0xB2,0x76,
    0x0A,0x15,0xC0,0x65,0xCB,0x90,0x16,0x0C,0xC1,0xA0,0xB2,0x76,0x0A,0x16,0xC1,0xE6,
    0xCC,0x10,0x16,0x06,0xC2,0x20,0xB2,0x76,0x0A,0x18,0xCA,0x20,0x3A,0x8E,0xCC,0x10,
    0xC8,0x20,0x3A,0x8A,0xB2,0xF4,0x10,0x0C,0x04,0x60,0x0D,0x1A,0x04,0x60,0x0D,0x1A,
    0x04,0x60,0x3A,0x6A,0x04,0x60,0x0D,0x0E,0x04,0x60,0x0D,0x1A,0x04,0x60,0x0D,0x1A,
    0x06,0xA0,0x02,0x76,0x00,0x01,0x9E,0xBE,0xC0,0x00,0x13,0x02,0x06,0x20,0xB2,0xF4,
    0xC0,0xA0,0x9E,0xBE,0x0A,0x12,0x88,0xA0,0xCA,0xF4,0xCB,0x10,0x16,0x02,0x04,0xE0,
    0xB2,0xF4,0xC0,0xA0,0x9E,0xBE,0x0A,0x12,0x02,0x22,0xCB,0x10,0xC8,0x02,0xB3,0x1C,
    0x04,0x20,0x4C,0xFC,0x00,0x02,0x9E,0xBE,0xB3,0x1D,0x04,0x20,0x4F,0x1E,0x00,0x02,
    0x9E,0xBE,0xB2,0xF4,0x04,0x60,0x0D,0x3E,0xC8,0x20,0x3B,0x76,0xCD,0x1C,0xC8,0x20,
    0x3B,0x78,0xC6,0x62,0xC8,0x20,0x3A,0xB8,0xC7,0x90,0x04,0x60,0x0D,0x1A,0x06,0xA0,
    0x02,0x76,0x00,0x01,0xA3,0x78,0xC0,0x00,0x13,0x03,0xC8,0x20,0xA3,0x78,0xA3,0xE0,
    0x06,0xA0,0x02,0x76,0x00,0x01,0xA6,0xB8,0xC0,0x00,0x13,0x08,0xC0,0x20,0xA3,0xE0,
    0x38,0x20,0x3A,0xA4,0xA0,0x60,0xA6,0xB8,0xC8,0x01,0xA3,0xE0,0x06,0xA0,0x02,0x76,
    0x00,0x01,0xA3,0x8E,0xC0,0x00,0x13,0x08,0xC0,0x20,0xA3,0xE0,0x38,0x20,0x3A,0xA4,
    0xA0,0x60,0xA3,0x8E,0xC8,0x01,0xA3,0xE0,0xC0,0xA0,0xA3,0xE8,0x0A,0x12,0x88,0x22,
    0xCB,0x90,0x3A,0x88,0x16,0x06,0xC0,0x20,0xC7,0x88,0x13,0x03,0xC8,0x20,0xA3,0xE8,
    0xA3,0xE0,0x88,0x20,0xA3,0xE0,0x3A,0xA4,0x15,0x67,0xC0,0x20,0xA3,0xE0,0x13,0x66,
    0x06,0xA0,0x02,0x26,0x00,0x01,0x3A,0x94,0xC0,0x00,0x16,0x62,0x06,0xA0,0x02,0x26,
    0x00,0x01,0x3A,0x94,0xC0,0x00,0x16,0x5E,0x88,0x20,0xA3,0xE0,0xA3,0x78,0x16,0x03,
    0xC8,0x20,0x3B,0x7A,0xCD,0x1C,0x88,0x20,0xA3,0xE0,0xA6,0xB8,0x16,0x03,0xC8,0x20,
    0x3B,0x7C,0xCD,0x1C,0x88,0x20,0xA3,0xE0,0xA3,0x8E,0x16,0x03,0xC8,0x20,0x3B,0x7E,
    0xCD,0x1C,0x88,0x20,0xA3,0xE0,0xA3,0xE8,0x16,0x0D,0xC0,0x20,0xC8,0xB8,0x13,0x0A,
    0xC0,0xA0,0xA3,0xE8,0x0A,0x12,0x88,0x22,0xCB,0x90,0x3A,0x88,0x16,0x03,0xC8,0x20,
    0x3B,0x80,0xCD,0x1C,0x88,0x20,0xA3,0xE0,0xA3,0xE8,0x16,0x36,0xC0,0x20,0xC8,0xB8,
    0x16,0x35,0xC0,0xA0,0xA3,0xE8,0x0A,0x12,0x88,0x22,0xCB,0x90,0x3A,0x88,0x16,0x30,
    0xC0,0x60,0xC7,0x88,0x13,0x2F,0x02,0x03,0x01,0x7E,0x02,0x23,0xA3,0xFC,0xC8,0x03,
    0xB3,0x1C,0x02,0x03,0x01,0x80,0x02,0x23,0xA3,0xFC,0xC8,0x03,0xB3,0x1E,0x02,0x03,
    0x00,0x6A,0x02,0x23,0xA3,0xFC,0xC8,0x03,0xB3,0x20,0x04,0x20,0x46,0xBA,0x00,0x03,
    0xB3,0x1D,0xB3,0x1F,0xB3,0x21,0xC0,0x00,0x13,0x02,0x07,0x00,0x10,0x01,0x04,0xC0,
    0xC8,0x00,0xC8,0xB8,0x04,0x60,0x0D,0x3E,0x04,0x60,0x1B,0x7E,0x04,0x60,0x1B,0x7E,
    0x04,0x60,0x1B,0x7E,0x04,0x60,0x13,0x32,0x04,0x60,0x0D,0x1A,0x04,0x60,0x0D,0x1A,
    0x04,0x60,0x0D,0x1A,0x04,0x60,0x0D,0x1A,0x88,0x20,0xA3,0xE0,0xA3,0x90,0x16,0x03,
    0xC8,0x20,0x3B,0x82,0xCD,0x1C,0x88,0x20,0xA3,0xE0,0xB2,0x8A,0x16,0x06,0xC0,0xA0,
    0xB2,0x8A,0x0A,0x12,0xC0,0x22,0xCC,0x10,0x13,0x12,0x88,0x20,0xA3,0xE0,0xA3,0x90,
    0x16,0x6D,0xC0,0x60,0xC7,0x88,0x13,0x6C,0x02,0x01,0x01,0x88,0x02,0x21,0xA3,0xFC,
    0xC8,0x01,0xB3,0x1C,0x04,0x20,0x54,0x78,0x00,0x01,0xB3,0x1D,0x10,0x63,0xC8,0x20,
    0x3B,0x84,0xCD,0x1C,0xC0,0xA0,0xB2,0x8A,0x0A,0x12,0x88,0x22,0xCB,0x90,0x3A,0x88,
    0x16,0x05,0x04,0x20,0x3D,0x90,0x00,0x02,0xB2,0x8A,0xCA,0xF4,0xC0,0xA0,0xB2,0x8A,
    0x0A,0x12,0xC8,0xA0,0x3A,0x8A,0xCC,0x10,0x07,0x22,0xC8,0x2E,0x04,0x60,0x0D,0x1A,
    0x88,0x20,0xA3,0xE0,0x9E,0xBC,0x16,0x48,0xC0,0x20,0xC7,0x88,0x13,0x47,0x02,0x00,
    0x01,0x8C,0x02,0x20,0xA3,0xFC,0xC8,0x00,0xB3,0x1C,0x04,0x20,0x54,0x78,0x00,0x01,
    0xB3,0x1D,0x10,0x38,0xC8,0x20,0x3B,0x86,0xCD,0x1C,0xC0,0x20,0xC7,0x8E,0x16,0x38,
    0x04,0x20,0x75,0xBA,0x9D,0x62,0x01,0x08,0x04,0x20,0x75,0xFA,0xD4,0x68,0x04,0x20,
    0x76,0x16,0x02,0x01,0x01,0x8E,0x02,0x21,0xA3,0xFC,0xC8,0x01,0xB3,0x1C,0x02,0x01,
    0x00,0x6A,0x02,0x21,0xA3,0xFC,0xC8,0x01,0xB3,0x1E,0x02,0x01,0x00,0x6A,0x02,0x21,
    0xA3,0xFC,0xC8,0x01,0xB3,0x20,0x04,0x20,0x46,0xBA,0x00,0x03,0xB3,0x1D,0xB3,0x1F,
    0xB3,0x21,0xC0,0x00,0x13,0x17,0x04,0x20,0x3D,0x5A,0x00,0x02,0xCD,0x12,0xCD,0x14,
    0x07,0x20,0xCD,0x1A,0x04,0x20,0x58,0x28,0x00,0x00,0x10,0x0E,0x04,0x60,0x0D,0x1A,
    0x04,0x60,0x0D,0x1A,0x04,0x60,0x3A,0x56,0x04,0x60,0x0D,0x1A,0x04,0x60,0x0D,0x1A,
    0x04,0x60,0x0D,0x1A,0x04,0x60,0x0D,0x3E,0x04,0x60,0x3A,0x76,0x04,0x20,0x45,0x28,
    0x00,0x00,0x04,0x20,0x56,0x02,0x00,0x01,0x3A,0x94,0xC0,0x00,0x13,0x02,0x07,0x00,
    0x10,0x01,0x04,0xC0,0xC8,0x00,0xCD,0x86,0xC8,0x20,0xA3,0xDE,0xB2,0xF4,0x04,0x60,
    0x13,0x7E,0x02,0x00,0x00,0x0A,0x02,0x20,0xA3,0x9C,0xC8,0x00,0xB3,0x1C,0x04,0x20,
    0x54,0x78,0x00,0x01,0xB3,0x1D,0x04,0x20,0x42,0xFA,0x00,0x00,0x04,0x60,0x0D,0x3E,
    0xC0,0x20,0xC8,0xB4,0x02,0x20,0xFF,0xFD,0xC8,0x00,0xB2,0xEE,0x06,0xA0,0x5D,0x16,
    0xB2,0xEE,0x00,0x06,0x36,0x1A,0x36,0x38,0x36,0x5C,0x36,0x76,0x36,0xA4,0x35,0x38,
    0x04,0x20,0x3C,0x16,0x00,0x01,0x3B,0x88,0xC0,0xA0,0xC8,0xB4,0x0A,0x12,0x04,0xE2,
    0xC8,0xDC,0xC8,0x22,0xC9,0x2C,0xB2,0xEE,0xC0,0xE0,0xB2,0xEE,0x0A,0x13,0x02,0x23,
    0xA3,0xFA,0xC8,0x03,0xB3,0x1C,0x02,0x00,0x00,0x6A,0x02,0x20,0xA3,0xFC,0xC8,0x00,
    0xB3,0x1E,0x04,0x20,0x46,0xBA,0x00,0x03,0xB3,0x1D,0x3A,0x94,0xB3,0x1F,0xC0,0x00,
    0x13,0x61,0x04,0x20,0x75,0xBA,0x9D,0x62,0x01,0x9C,0xC0,0xE0,0xC8,0xB4,0x0A,0x13,
    0xC8,0x03,0xB3,0x20,0x02,0x23,0xC9,0x18,0xC8,0x03,0xB3,0x22,0x04,0x20,0x75,0xFA,
    0xB3,0x23,0x04,0x20,0x76,0x16,0xC0,0xE0,0xB3,0x20,0xC8,0x23,0xC9,0x40,0xB2,0xEE,
    0x02,0x00,0x01,0x5C,0x02,0x20,0xA3,0xFC,0xC8,0x00,0xB3,0x24,0xC1,0x20,0xB2,0xEE,
    0x0A,0x14,0x02,0x24,0xA3,0xFA,0xC8,0x04,0xB3,0x26,0x02,0x00,0x00,0x6A,0x02,0x20,
    0xA3,0xFC,0xC8,0x00,0xB3,0x28,0x04,0x20,0x46,0xBA,0x00,0x03,0xB3,0x25,0xB3,0x27,
    0xB3,0x29,0xC0,0x00,0x13,0x02,0x07,0x00,0x10,0x01,0x04,0xC0,0xC8,0xC0,0xC8,0xB4,
    0xC0,0xA0,0xC8,0xB4,0x0A,0x12,0x88,0x20,0xC9,0x5C,0x3A,0x90,0x11,0x0F,0x13,0x0E,
    0xC0,0x22,0xC8,0xB4,0x13,0x0B,0xC1,0x20,0xC8,0xB4,0x0A,0x14,0x02,0x00,0x00,0x1E,
    0x38,0x24,0xC9,0x18,0xA0,0x60,0xC9,0x5C,0xC8,0x01,0xC9,0x5C,0xC0,0xA0,0xC8,0xB4,
    0x0A,0x12,0x04,0xE2,0xC8,0xDC,0x04,0x60,0x0D,0xD6,0xC0,0xA0,0x9E,0xE0,0x0A,0x12,
    0xC0,0x22,0xCC,0x10,0x16,0x06,0x06,0xA0,0x02,0x76,0x00,0x01,0x9F,0xFE,0xC0,0x00,
    0x13,0x83,0x10,0xEC,0x04,0x60,0x0D,0xD6,0x06,0xA0,0x02,0x76,0x00,0x01,0x9D,0x54,
    0xC0,0x00,0x13,0x0B,0xC0,0xA0,0xA3,0xF8,0x0A,0x12,0x88,0x22,0xCB,0x90,0x3A,0x88,
    0x16,0x04,0x88,0x20,0xA3,0xE0,0x9D,0x54,0x13,0x79,0x10,0xDD,0x06,0xA0,0x02,0x76,
    0x00,0x01,0xA5,0x92,0xC0,0x00,0x13,0x06,0x06,0xA0,0x02,0x76,0x00,0x01,0x9D,0x54,
    0xC0,0x00,0x13,0x6E,0x10,0xCB,0xC0,0xA0,0xCA,0xF4,0x0A,0x12,0xC0,0x22,0xC6,0x62,
    0x16,0x10,0xC0,0xE0,0xCB,0x0C,0x0A,0x13,0xC0,0x63,0xC6,0x62,0x16,0x0A,0xC1,0x20,
    0xCB,0x0A,0x0A,0x14,0xC1,0x64,0xC6,0x62,0x16,0x04,0x88,0x20,0xC9,0x56,0x3A,0x8E,
    0x15,0x59,0x10,0xB4,0xC0,0xA0,0x9E,0xC0,0x0A,0x12,0x88,0x22,0xCC,0x10,0x3A,0x88,
    0x13,0x07,0xC0,0xE0,0xA3,0xF4,0x0A,0x13,0x88,0x23,0xCC,0x10,0x3A,0x88,0x13,0x4C,
    0x10,0xA5,0xC0,0xA0,0x9E,0xE0,0x0A,0x12,0x04,0xE2,0xCC,0x10,0xC0,0xE0,0x9E,0xDC,
    0x0A,0x13,0x04,0xE3,0xCC,0x10,0xC8,0x20,0x3A,0x8E,0xB2,0xEE,0xC0,0xA0,0xB2,0xEE,
    0x0A,0x12,0xC8,0xA0,0x3A,0x96,0xC7,0xA0,0x04,0xE2,0xC7,0x94,0x05,0xA0,0xB2,0xEE,
    0x88,0x20,0xB2,0xEE,0x3A,0xBC,0x12,0xF2,0x04,0x20,0x4C,0xFC,0x00,0x02,0xB2,0x76,
    0x9E,0xBA,0x02,0x01,0x00,0x64,0xA0,0x60,0xB2,0x76,0xC8,0x01,0xB3,0x1C,0x04,0x20,
    0x4C,0xFC,0x00,0x02,0xB3,0x1C,0x9E,0xBA,0xC0,0xE0,0xB2,0x76,0x0A,0x13,0x02,0x23,
    0xCB,0x10,0xC8,0x03,0xB3,0x1E,0x04,0x20,0x4C,0xFC,0x00,0x02,0xB2,0x78,0xB3,0x1F,
    0x02,0x03,0x00,0x64,0xA0,0xE0,0xB2,0x78,0xC8,0x03,0xB3,0x20,0xC1,0x20,0xB2,0x76,
    0x0A,0x14,0x02,0x24,0xC7,0xAE,0xC8,0x04,0xB3,0x22,0x10,0x08,0x04,0x60,0x35,0x38,
    0x04,0x60,0x35,0x38,0x04,0x60,0x35,0x38,0x04,0x60,0x35,0x38,0x04,0x20,0x4C,0xFC,
    0x00,0x02,0xB3,0x20,0xB3,0x23,0xC1,0x20,0x9D,0x6A,0x0A,0x14,0x02,0x24,0xCB,0x10,
    0xC8,0x04,0xB3,0x24,0x04,0x20,0x4C,0xFC,0x00,0x02,0x9D,0x6A,0xB3,0x25,0x02,0x04,
    0x00,0x64,0xA1,0x20,0x9D,0x6A,0xC8,0x04,0xB3,0x26,0xC1,0x60,0x9D,0x6A,0x0A,0x15,
    0x02,0x25,0xC7,0xAE,0xC8,0x05,0xB3,0x28,0x04,0x20,0x4C,0xFC,0x00,0x02,0xB3,0x26,
    0xB3,0x29,0xC1,0x60,0x9D,0x52,0x0A,0x15,0x88,0x25,0xCC,0x10,0x3A,0xB8,0x13,0x05,
    0x04,0x20,0x4C,0xFC,0x00,0x02,0x9D,0x52,0x9E,0xBA,0xC0,0xA0,0x9D,0x5E,0x0A,0x12,
    0x04,0xE2,0xCC,0x10,0x04,0xE2,0xC8,0x2E,0xC0,0xE0,0x9D,0x4C,0x0A,0x13,0x04,0xE3,
    0xCC,0x10,0x04,0xE3,0xC8,0x2E,0x02,0x00,0x01,0x00,0x02,0x20,0xA3,0xFC,0xC8,0x00,
    0xB3,0x2A,0x04,0x20,0x54,0x78,0x00,0x01,0xB3,0x2B,0x07,0x20,0xC7,0x84,0xC8,0x20,
    0x3A,0x9E,0xC7,0x8A,0x04,0x60,0x0F,0x7C,0x04,0x20,0x4C,0xFC,0x00,0x02,0x9D,0x58,
    0x3B,0x0A,0xC0,0xA0,0x9D,0x58,0x0A,0x12,0xC8,0xA0,0x3B,0x8A,0xCC,0x10,0x04,0x20,
    0x4C,0xFC,0x00,0x02,0xA3,0xEE,0x3B,0x0A,0xC0,0xE0,0xA3,0xEE,0x0A,0x13,0x07,0x23,
    0xCC,0x10,0x04,0x20,0x4C,0xFC,0x00,0x02,0xA3,0xE8,0x3B,0x0A,0xC1,0x20,0xA3,0xE8,
    0x0A,0x14,0x07,0x24,0xCC,0x10,0x04,0x20,0x4C,0xFC,0x00,0x02,0xA2,0x5A,0x3B,0x0A,
    0xC1,0x60,0xA2,0x5A,0x0A,0x15,0x07,0x25,0xCC,0x10,0x04,0x20,0x4C,0xFC,0x00,0x02,
    0xA3,0xF8,0x3B,0x0A,0xC1,0xA0,0xA3,0xF8,0x0A,0x16,0x07,0x26,0xCC,0x10,0x04,0x20,
    0x4C,0xFC,0x00,0x02,0x9E,0xBC,0x3B,0x0A,0xC1,0xE0,0x9E,0xBC,0x0A,0x17,0x07,0x27,
    0xCC,0x10,0xC8,0x20,0x3B,0x0A,0xCA,0xF4,0xC8,0x20,0x3B,0x0A,0xCB,0x0C,0xC8,0x20,
    0x3B,0x0A,0xCA,0xF8,0x04,0x20,0x4C,0xFC,0x00,0x02,0x9E,0xE0,0x3A,0xDE,0x07,0x20,
    0xB2,0xEE,0x04,0x20,0x4C,0xFC,0x00,0x02,0xA5,0x92,0x3A,0xDE,0xC2,0x20,0xA5,0x92,
    0x0A,0x18,0xCA,0x20,0x3B,0x8A,0xCC,0x10,0x04,0x20,0x4C,0xFC,0x00,0x02,0x9D,0x54,
    0x3A,0xDE,0xC2,0x60,0x9D,0x54,0x0A,0x19,0xCA,0x60,0x3B,0x8A,0xCC,0x10,0x04,0x20,
    0x4C,0xFC,0x00,0x02,0x9D,0x5A,0x3A,0xDE,0xC2,0xA0,0x9D,0x5A,0x0A,0x1A,0x07,0x2A,
    0xCC,0x10,0x04,0x20,0x4C,0xFC,0x00,0x02,0xA3,0xFA,0x3A,0xDE,0xC0,0xA0,0xA3,0xFA,
    0x0A,0x12,0x07,0x22,0xCC,0x10,0x04,0x20,0x4C,0xFC,0x00,0x02,0xA3,0xEC,0x3A,0xDE,
    0xC0,0xA0,0xA3,0xEC,0x0A,0x12,0x07,0x22,0xCC,0x10,0x04,0x20,0x4C,0xFC,0x00,0x02,
    0xA3,0x90,0x3B,0x0A,0xC0,0xA0,0xA3,0x90,0x0A,0x12,0x07,0x22,0xCC,0x10,0xC8,0xA0,
    0x3A,0xDE,0xC8,0x2E,0xC8,0x20,0x3A,0x8E,0xB2,0xEE,0xC0,0xA0,0xB2,0xEE,0x0A,0x12,
    0x88,0x22,0xCB,0x90,0x3A,0x88,0x16,0x05,0x04,0x20,0x4C,0xFC,0x00,0x02,0xB2,0xEE,
    0x9E,0xBA,0x05,0xA0,0xB2,0xEE,0x88,0x20,0xB2,0xEE,0xA3,0x88,0x12,0xEE,0x02,0x00,
    0x01,0x06,0x02,0x20,0xA3,0xFC,0xC8,0x00,0xB3,0x1C,0x04,0x20,0x54,0x78,0x00,0x01,
    0xB3,0x1D,0xC8,0x20,0x3A,0x9E,0xC7,0x88,0x04,0x60,0x04,0x4E,0x02,0x00,0x01,0x76,
    0x02,0x20,0xA3,0xFC,0xC8,0x00,0xB3,0x1C,0x04,0x20,0x54,0x78,0x00,0x01,0xB3,0x1D,
    0xC0,0xA0,0x9D,0x50,0x0A,0x12,0xC8,0xA0,0x3A,0x8E,0xCC,0x10,0x88,0x22,0xCB,0x90,
    0x3A,0x88,0x16,0x05,0x04,0x20,0x3D,0x90,0x00,0x02,0x9D,0x50,0xCA,0xF4,0xA8,0x20,
    0x3B,0x8C,0xC9,0x5C,0xC8,0x20,0x3A,0x96,0xCA,0xEE,0x04,0x60,0x0F,0x7C,0x06,0xA0,
    0x02,0x76,0x00,0x01,0xA2,0x5A,0xC0,0x00,0x13,0x69,0xC0,0x20,0xCA,0xEE,0x16,0x68,
    0xC8,0x20,0x3A,0x9E,0xCA,0xEE,0xC8,0x20,0x3B,0x8E,0xCD,0x1C,0xC0,0xA0,0x9D,0x50,
    0x0A,0x12,0xC0,0x22,0xCB,0x90,0x16,0x03,0xC8,0x20,0x3B,0x90,0xCD,0x1C,0xC0,0xA0,
    0x9D,0x50,0x0A,0x12,0x88,0x22,0xCC,0x10,0x3A,0x8E,0x16,0x03,0xC8,0x20,0x3B,0x92,
    0xCD,0x1C,0xC0,0xA0,0xCD,0x1C,0x0A,0x12,0x02,0x22,0xA3,0xFA,0xC8,0x02,0xB3,0x1C,
    0x04,0x20,0x54,0x78,0x00,0x01,0xB3,0x1D,0x10,0xD0,0x07,0x20,0xC9,0x5C,0xC0,0xA0,
    0xA2,0x5A,0x0A,0x12,0x04,0xE2,0xCC,0x10,0x06,0xA0,0x02,0x76,0x00,0x01,0xA2,0x5A,
    0xC0,0x00,0x13,0x0A,0x02,0x00,0x01,0x6E,0x02,0x20,0xA3,0xFC,0xC8,0x00,0xB3,0x1C,
    0x04,0x20,0x54,0x78,0x00,0x01,0xB3,0x1D,0x10,0xB8,0x02,0x00,0x01,0x70,0x02,0x20,
    0xA3,0xFC,0xC8,0x00,0xB3,0x1C,0x04,0x20,0x54,0x78,0x00,0x01,0xB3,0x1D,0xC8,0x20,
    0x3A,0x9E,0xC8,0xB2,0x10,0x12,0x04,0x20,0x54,0x78,0x00,0x01,0xA3,0x9C,0xC8,0x20,
    0x3A,0x9E,0xC8,0xB2,0x10,0x0A,0x02,0x00,0x01,0x0E,0x02,0x20,0xA3,0xFC,0xC8,0x00,
    0xB3,0x1C,0x04,0x20,0x54,0x78,0x00,0x01,0xB3,0x1D,0x04,0x20,0x50,0x6E,0x00,0x00,
    0xC0,0x60,0xCD,0x86,0x13,0x07,0x04,0x20,0x76,0x2C,0x00,0x01,0x04,0x60,0x0F,0x7C,
    0x04,0x60,0x0F,0x7C,0x04,0x60,0x0D,0x3E,0xFF,0xFF,0x00,0x02,0x00,0x4E,0x00,0x01,
    0x00,0x1E,0xC6,0x81,0x00,0x00,0x00,0x00,0x03,0xE8,0x00,0x08,0x00,0x0F,0xFF,0xFF,
    0x00,0x05,0x00,0x0E,0x00,0x64,0x00,0x13,0x00,0x0F,0x42,0x40,0x00,0x00,0x00,0x64,
    0xFF,0xFF,0xFF,0xFF,0x00,0x32,0x00,0x5F,0x00,0x03,0x00,0x14,0x00,0x06,0x00,0x34,
    0x00,0x21,0x00,0x23,0x00,0x36,0x00,0x3C,0x00,0x0D,0x00,0x04,0x00,0x1F,0x00,0x09,
    0x00,0x2B,0x00,0x46,0x00,0x0A,0x00,0x16,0x00,0x17,0x00,0x18,0x00,0x07,0x00,0x74,
    0x00,0x1A,0x00,0x00,0x00,0x01,0x00,0x19,0x00,0x65,0x00,0xC8,0x01,0x2C,0x00,0x00,
    0x01,0x2C,0x00,0x0C,0x00,0x2A,0x00,0x33,0x00,0x1D,0x00,0x24,0x00,0x25,0x00,0x0B,
    0x00,0x3B,0x00,0x3E,0x00,0x41,0x00,0x11,0x00,0x50,0x00,0x73,0x00,0xA9,0x00,0xAA,
    0x00,0x69,0x00,0x47,0x07,0xE9,0x00,0x1C,0x00,0x6F,0x00,0x20,0x00,0x37,0x00,0x82,
    0x00,0x3D,0x00,0x7C,0x00,0xAB,0x00,0x29,0x00,0xAC,0x00,0x22,0x00,0xAD,0x00,0xB8,
    0x00,0x89,0x00,0x2D,0x00,0x2C,0x00,0x96,0x00,0x2E,0x00,0x31,0x00,0xA7,0x00,0x9D,
    0x00,0x4D,0x00,0x70,0x00,0x48,0x00,0x6E,0x00,0x4A,0x00,0x4C,0x00,0x98,0x00,0x9E,
    0x00,0x30,0x00,0x2F,0x00,0x95,0x00,0xA4,0x00,0x9F,0x00,0x5E,0x00,0x8A,0x00,0x62,
    0x00,0x8D,0x00,0x66,0x00,0xB6,0x00,0x67,0x00,0xA8,0x00,0x6B,0x00,0x6C,0x00,0x90,
    0x00,0x85,0x00,0x87,0x00,0x97,0x00,0x9C,0x27,0x10,0x00,0xBE,0x00,0xC4,0x00,0xBF,
    0x00,0xC2,0x00,0x94,0x00,0xC6,0x00,0xC9,0x00,0x1B,0xFF,0xFE,0x09,0xC4,0x00,0xBB,
    0x00,0xB7,0x00,0xBD,0xB3,0x2C,0x3B,0x98,0x06,0xA0,0x60,0xEA,0x00,0x01,0xB3,0x52,
    0x52,0x41,0x4E,0x44,0x4F,0x4D,0xC0,0xE0,0x3B,0xBE,0x16,0x0B,0x02,0x00,0x03,0x00,
    0x02,0x01,0x3B,0xB8,0x2F,0xC0,0x10,0xF7,0x00,0x00,0x00,0x00,0x00,0x00,0x00,0x00,
    0x00,0x00,0x38,0xE0,0x3B,0xBE,0x0A,0x14,0xA1,0x20,0x3B,0xC0,0xC8,0x20,0x3B,0xBE,
    0x3B,0xC0,0xC8,0x04,0x3B,0xBE,0x02,0x44,0xFF,0x0F,0x06,0xC4,0x04,0xC3,0xC0,0xA0,
    0xB3,0x52,0xC0,0x92,0x05,0x82,0x3C,0xC2,0xC7,0x44,0x03,0x80,0xB3,0x2C,0x3B,0xF0,
    0x06,0xA0,0x60,0xEA,0x00,0x02,0xB3,0x52,0x4D,0x41,0x50,0x53,0x20,0x20,0x04,0x20,
    0x61,0x68,0xC0,0x60,0xB3,0x52,0x05,0x81,0xC0,0xA0,0xB3,0x54,0x05,0x82,0x04,0x20,
    0x62,0x46,0x01,0x02,0x03,0x80,0xB3,0x56,0x3C,0x92,0x28,0x27,0x20,0x46,0x41,0x54,
    0x41,0x4C,0x20,0x45,0x52,0x52,0x4F,0x52,0x2C,0x20,0x53,0x45,0x45,0x20,0x53,0x4F,
    0x55,0x52,0x43,0x45,0x20,0x43,0x4F,0x44,0x45,0x20,0x46,0x4F,0x52,0x20,0x49,0x4E,
    0x54,0x45,0x52,0x50,0x52,0x45,0x54,0x41,0x54,0x49,0x4F,0x4E,0x2E,0x27,0x2F,0x27,
    0x20,0x50,0x52,0x4F,0x42,0x41,0x42,0x4C,0x59,0x20,0x43,0x41,0x55,0x53,0x45,0x3A,
    0x20,0x45,0x52,0x52,0x4F,0x4E,0x45,0x4F,0x55,0x53,0x20,0x49,0x4E,0x46,0x4F,0x20,
    0x49,0x4E,0x20,0x44,0x41,0x54,0x41,0x42,0x41,0x53,0x45,0x2E,0x27,0x2F,0x27,0x20,
    0x45,0x52,0x52,0x4F,0x52,0x20,0x43,0x4F,0x44,0x45,0x20,0x3D,0x27,0x2C,0x49,0x32,
    0x2F,0x29,0x06,0xA0,0x60,0xEA,0x00,0x01,0xB3,0x86,0x42,0x55,0x47,0x20,0x20,0x20,
    0x04,0x20,0x75,0xBA,0x9D,0x62,0x3C,0x1A,0x04,0x20,0x75,0xFA,0xB3,0x87,0x04,0x20,
    0x76,0x16,0x04,0x20,0x76,0x2C,0x00,0x00,0xB3,0x88,0x3C,0xBC,0x06,0xA0,0x60,0xEA,
    0x00,0x02,0xB3,0xBA,0x43,0x41,0x52,0x52,0x59,0x20,0xC0,0x20,0xB3,0xBA,0x88,0x10,
    0x3D,0x56,0x15,0x0F,0xC0,0x90,0x0A,0x12,0x88,0x22,0xCB,0x90,0x3D,0x58,0x16,0x01,
    0x03,0x80,0xC0,0x20,0xB3,0xBA,0xC0,0x90,0x0A,0x12,0x07,0x22,0xCB,0x90,0x05,0xA0,
    0xC9,0x56,0xC0,0x20,0xB3,0xBC,0xC0,0x90,0x0A,0x12,0xC0,0x60,0xB3,0xBA,0x84,0x62,
    0xC6,0x62,0x16,0x08,0xC0,0xD0,0x0A,0x13,0xC1,0x11,0x0A,0x14,0xC8,0xE4,0xC9,0x5C,
    0xC6,0x62,0x03,0x80,0xC0,0x20,0xB3,0xBC,0xC0,0x90,0x0A,0x12,0xC8,0x22,0xC6,0x62,
    0xB3,0xB8,0xC0,0xA0,0xB3,0xB8,0x0A,0x12,0xC0,0x20,0xB3,0xBA,0x84,0x22,0xC9,0x5C,
    0x13,0x07,0xC0,0xE0,0xB3,0xB8,0x0A,0x13,0xC8,0x23,0xC9,0x5C,0xB3,0xB8,0x10,0xF1,
    0xC0,0xA0,0xB3,0xB8,0x0A,0x12,0xC0,0x20,0xB3,0xBA,0xC0,0xD0,0x0A,0x13,0xC8,0xA3,
    0xC9,0x5C,0xC9,0x5C,0x03,0x80,0x00,0x64,0xFF,0xFF,0xB3,0xBE,0x3D,0x5E,0x06,0xA0,
    0x60,0xEA,0x00,0x02,0xB3,0xF8,0x44,0x41,0x54,0x59,0x4D,0x45,0x04,0x20,0x77,0x18,
    0x00,0x01,0xB3,0xEE,0xC0,0x60,0xB3,0xF8,0xC4,0x60,0xB3,0xF0,0x02,0x00,0x00,0x3C,
    0x38,0x20,0xB3,0xF2,0xA0,0x60,0xB3,0xF4,0xC0,0x20,0xB3,0xFA,0xC4,0x01,0x03,0x80,
    0xB3,0xFC,0x3D,0x94,0x06,0xA0,0x60,0xEA,0x00,0x02,0xB4,0x2C,0x44,0x52,0x4F,0x50,
    0x20,0x20,0xC0,0x20,0xB4,0x2C,0x88,0x10,0x3E,0x0C,0x15,0x11,0xC0,0x90,0x0A,0x12,
    0x88,0x22,0xCB,0x90,0x3E,0x0E,0x16,0x02,0x06,0x20,0xC9,0x56,0xC0,0x20,0xB4,0x2C,
    0xC0,0x90,0x0A,0x12,0xC0,0x60,0xB4,0x2E,0xC8,0x91,0xCB,0x90,0x10,0x08,0xC0,0x20,
    0xB4,0x2C,0xC0,0x90,0x0A,0x12,0xC0,0x60,0xB4,0x2E,0xC8,0x91,0xC7,0x66,0xC0,0x20,
    0xB4,0x2E,0x88,0x10,0x3E,0x10,0x15,0x02,0x13,0x01,0x03,0x80,0xC0,0x20,0xB4,0x2C,
    0xC0,0x90,0x0A,0x12,0xC0,0x60,0xB4,0x2E,0xC0,0xD1,0x0A,0x13,0xC8,0xA3,0xC6,0x62,
    0xC9,0x5C,0xC1,0x11,0x0A,0x14,0xC9,0x10,0xC6,0x62,0x03,0x80,0x00,0x64,0xFF,0xFF,
    0x00,0x01,0xB4,0x30,0x3E,0x26,0x28,0x27,0x30,0x5B,0x3D,0x5D,0x20,0x27,0x29,0x20,
    0x28,0x38,0x30,0x41,0x31,0x29,0x06,0xA0,0x60,0xEA,0x00,0x00,0x47,0x45,0x54,0x49,
    0x4E,0x20,0x04,0xE0,0xCD,0x50,0xC8,0x20,0x42,0xDC,0xCD,0x68,0x04,0xE0,0xCD,0x6A,
    0x04,0xE0,0xCD,0x6C,0xC8,0x20,0x42,0xDC,0xCD,0x82,0xC8,0x20,0x42,0xDC,0xB4,0x76,
    0x88,0x20,0xB4,0x76,0x42,0xDE,0x15,0x14,0xC0,0xA0,0xB4,0x76,0x0A,0x12,0x04,0xE2,
    0xCD,0x52,0x04,0xE2,0xCD,0x6C,0x88,0x20,0xB4,0x76,0x42,0xE0,0x15,0x09,0xC0,0xE0,
    0xB4,0x76,0x0A,0x13,0xC8,0xE0,0x9D,0x56,0xB4,0x5E,0xC8,0xE0,0x9D,0x56,0xB4,0x64,
    0xC0,0xA0,0xB4,0x76,0x0A,0x12,0xC8,0xA0,0x9D,0x56,0xD6,0xCE,0x05,0xA0,0xB4,0x76,
    0x88,0x20,0xB4,0x76,0xB4,0x6C,0x12,0xDC,0x04,0x20,0x75,0xBA,0x9D,0x62,0x3E,0x16,
    0x04,0x20,0x76,0x16,0x04,0x20,0x75,0xDA,0x9D,0x60,0x3E,0x20,0x04,0x20,0x75,0xDE,
    0xD6,0xD0,0x42,0xE2,0x04,0x20,0x76,0x16,0xC8,0x20,0x42,0xDC,0xB4,0x76,0xC0,0xA0,
    0xB4,0x76,0x0A,0x12,0x88,0x22,0xD6,0xCE,0x9D,0x56,0x16,0x07,0x05,0xA0,0xB4,0x76,
    0x88,0x20,0xB4,0x76,0xB4,0x6C,0x12,0xF3,0x10,0xDF,0xC8,0x20,0xB4,0x76,0xB4,0x76,
    0xC0,0xA0,0xB4,0x76,0x0A,0x12,0x88,0x22,0xD6,0xCE,0x9D,0x56,0x13,0x7B,0x88,0x20,
    0xCD,0x68,0xB4,0x6E,0x15,0x79,0x05,0xA0,0xCD,0x68,0xC0,0xE0,0xB4,0x76,0x0A,0x13,
    0x88,0x23,0xD6,0xCE,0x42,0xE4,0x11,0x0F,0x13,0x0E,0xC1,0x20,0xB4,0x76,0x0A,0x14,
    0x88,0x24,0xD6,0xCE,0x42,0xE6,0x15,0x07,0x13,0x06,0xC1,0x60,0xB4,0x76,0x0A,0x15,
    0xA9,0x60,0x42,0xE8,0xD6,0xCE,0xC0,0x20,0xCD,0x68,0x02,0x40,0x00,0x01,0x16,0x0D,
    0xC0,0x60,0xCD,0x68,0x06,0xA0,0x5D,0xA8,0x42,0xEA,0x0A,0x11,0xC0,0xA0,0xB4,0x76,
    0x0A,0x12,0xC0,0xC1,0xC8,0xE2,0xD6,0xCE,0xCD,0x52,0xC0,0x20,0xCD,0x68,0x02,0x40,
    0x00,0x01,0x13,0x14,0xC0,0x60,0xCD,0x68,0x06,0xA0,0x5D,0xA8,0x42,0xEA,0x0A,0x11,
    0xC0,0xC1,0xC0,0xA3,0xCD,0x52,0x02,0x42,0x7F,0x00,0xC1,0x20,0xB4,0x76,0x0A,0x14,
    0xC0,0x64,0xD6,0xCE,0x09,0x81,0xE0,0x81,0xC8,0xC2,0xCD,0x52,0x88,0x20,0xCD,0x68,
    0x42,0xEC,0x15,0x34,0x04,0xE0,0xB4,0x78,0xC0,0x20,0xCD,0x68,0x06,0xA0,0x5D,0xA0,
    0x42,0xEA,0x0A,0x10,0xC0,0x80,0xC0,0x62,0xCD,0x52,0x02,0x41,0x7F,0x00,0x02,0x81,
    0x5F,0x00,0x11,0x04,0x13,0x03,0xC8,0x20,0x42,0xE8,0xB4,0x78,0xC0,0x20,0xCD,0x68,
    0x06,0xA0,0x5D,0xA0,0x42,0xEA,0x0A,0x10,0xC0,0x80,0xC0,0x62,0xCD,0x52,0x02,0x41,
    0x00,0x7F,0x02,0x81,0x00,0x5F,0x11,0x04,0x13,0x03,0xA8,0x20,0x42,0xEE,0xB4,0x78,
    0xC0,0x20,0xCD,0x68,0x06,0xA0,0x5D,0xA0,0x42,0xEA,0x0A,0x10,0xC0,0x80,0xC0,0x62,
    0xCD,0x52,0x10,0x06,0x04,0x60,0x40,0x06,0x04,0x60,0x3F,0xF8,0x04,0x60,0x3F,0xF8,
    0x60,0x60,0xB4,0x78,0xC8,0x81,0xB4,0x5E,0x05,0xA0,0xB4,0x76,0x88,0x20,0xB4,0x76,
    0xB4,0x6C,0x12,0x79,0x10,0x7A,0xC8,0x20,0xB4,0x76,0xB4,0x76,0xC0,0xA0,0xB4,0x76,
    0x0A,0x12,0x88,0x22,0xD6,0xCE,0x9D,0x56,0x16,0x07,0x05,0xA0,0xB4,0x76,0x88,0x20,
    0xB4,0x76,0xB4,0x6C,0x12,0xF3,0x10,0x69,0xC8,0x20,0xB4,0x76,0xB4,0x76,0xC0,0xA0,
    0xB4,0x76,0x0A,0x12,0x88,0x22,0xD6,0xCE,0x9D,0x56,0x13,0x61,0x88,0x20,0xCD,0x82,
    0xB4,0x6E,0x15,0x5F,0x05,0xA0,0xCD,0x82,0xC0,0xE0,0xB4,0x76,0x0A,0x13,0x88,0x23,
    0xD6,0xCE,0x42,0xE4,0x11,0x0F,0x13,0x0E,0xC1,0x20,0xB4,0x76,0x0A,0x14,0x88,0x24,
    0xD6,0xCE,0x42,0xE6,0x15,0x07,0x13,0x06,0xC1,0x60,0xB4,0x76,0x0A,0x15,0xA9,0x60,
    0x42,0xE8,0xD6,0xCE,0xC0,0x20,0xCD,0x82,0x02,0x40,0x00,0x01,0x16,0x0D,0xC0,0x60,
    0xCD,0x82,0x06,0xA0,0x5D,0xA8,0x42,0xEA,0x0A,0x11,0xC0,0xA0,0xB4,0x76,0x0A,0x12,
    0xC0,0xC1,0xC8,0xE2,0xD6,0xCE,0xCD,0x6C,0xC0,0x20,0xCD,0x82,0x02,0x40,0x00,0x01,
    0x13,0x14,0xC0,0x60,0xCD,0x82,0x06,0xA0,0x5D,0xA8,0x42,0xEA,0x0A,0x11,0xC0,0xC1,
    0xC0,0xA3,0xCD,0x6C,0x02,0x42,0x7F,0x00,0xC1,0x20,0xB4,0x76,0x0A,0x14,0xC0,0x64,
    0xD6,0xCE,0x09,0x81,0xE0,0x81,0xC8,0xC2,0xCD,0x6C,0x88,0x20,0xCD,0x82,0x42,0xEC,
    0x15,0x1A,0x04,0xE0,0xB4,0x78,0xC0,0x20,0xCD,0x82,0x06,0xA0,0x5D,0xA0,0x42,0xEA,
    0x0A,0x10,0xC0,0x80,0xC0,0x62,0xCD,0x6C,0x02,0x41,0x7F,0x00,0x02,0x81,0x5F,0x00,
    0x11,0x0C,0x13,0x0B,0x10,0x0C,0x04,0x60,0x3E,0xE0,0x04,0x60,0x42,0x18,0x04,0x60,
    0x41,0x5E,0x04,0x60,0x41,0x52,0x04,0x60,0x41,0x52,0x04,0x60,0x41,0x14,0xC8,0x20,
    0x42,0xE8,0xB4,0x78,0xC0,0x20,0xCD,0x82,0x06,0xA0,0x5D,0xA0,0x42,0xEA,0x0A,0x10,
    0xC0,0x80,0xC0,0x62,0xCD,0x6C,0x02,0x41,0x00,0x7F,0x02,0x81,0x00,0x5F,0x11,0x04,
    0x13,0x03,0xA8,0x20,0x42,0xEE,0xB4,0x78,0xC0,0x20,0xCD,0x82,0x06,0xA0,0x5D,0xA0,
    0x42,0xEA,0x0A,0x10,0xC0,0x80,0xC0,0x62,0xCD,0x6C,0x60,0x60,0xB4,0x78,0xC8,0x81,
    0xB4,0x64,0x05,0xA0,0xB4,0x76,0x88,0x20,0xB4,0x76,0xB4,0x6C,0x12,0x7A,0x07,0x20,
    0xCD,0x6A,0x07,0x20,0xCD,0x6C,0xC0,0x20,0xB4,0x66,0x28,0x20,0xB4,0x70,0xC8,0x00,
    0xB4,0x66,0xC0,0x60,0xB4,0x68,0x28,0x60,0xB4,0x72,0xC8,0x01,0xB4,0x68,0xC0,0x20,
    0xB4,0x6A,0x28,0x20,0xB4,0x74,0xC8,0x00,0xB4,0x6A,0xC8,0x20,0x42,0xDC,0xB4,0x76,
    0xC0,0x20,0xB4,0x76,0xA0,0x00,0xA0,0x20,0xB4,0x76,0xC8,0x00,0xB4,0x78,0xC0,0x80,
    0x0A,0x12,0x88,0x22,0x96,0x3E,0xB4,0x66,0x16,0x31,0xC0,0xE0,0xB4,0x78,0x0A,0x13,
    0x88,0x23,0x96,0x40,0xB4,0x68,0x16,0x2A,0xC1,0x20,0xB4,0x78,0x0A,0x14,0x88,0x24,
    0x96,0x42,0xB4,0x6A,0x16,0x23,0x88,0x20,0xCD,0x6A,0x42,0xF0,0x16,0x06,0xC1,0x60,
    0xB4,0x76,0x0A,0x15,0xC8,0x25,0xA0,0x00,0xCD,0x6A,0xC0,0xA0,0xB4,0x76,0x0A,0x12,
    0x88,0x22,0xA0,0x00,0x42,0xF2,0x11,0x12,0x13,0x11,0xC0,0xE0,0xB4,0x76,0x0A,0x13,
    0x88,0x23,0xA0,0x00,0x42,0xF4,0x15,0x0A,0x13,0x09,0xC1,0x20,0xB4,0x76,0x0A,0x14,
    0xC0,0x24,0xA0,0x00,0x02,0x20,0xF8,0x30,0xC8,0x00,0xCD,0x6C,0x05,0xA0,0xB4,0x76,
    0x88,0x20,0xB4,0x76,0xB2,0x8C,0x12,0xBC,0x07,0x20,0xCD,0x50,0x07,0x20,0xCD,0x52,
    0xC0,0x20,0xB4,0x60,0x28,0x20,0xB4,0x70,0xC8,0x00,0xB4,0x60,0xC0,0x60,0xB4,0x62,
    0x28,0x60,0xB4,0x72,0xC8,0x01,0xB4,0x62,0xC0,0x20,0xB4,0x64,0x28,0x20,0xB4,0x74,
    0xC8,0x00,0xB4,0x64,0xC8,0x20,0x42,0xDC,0xB4,0x76,0xC0,0x20,0xB4,0x76,0xA0,0x00,
    0x10,0x02,0x04,0x60,0x40,0x2E,0xA0,0x20,0xB4,0x76,0xC8,0x00,0xB4,0x78,0xC0,0x80,
    0x0A,0x12,0x88,0x22,0x96,0x3E,0xB4,0x60,0x16,0x2E,0xC0,0xE0,0xB4,0x78,0x0A,0x13,
    0x88,0x23,0x96,0x40,0xB4,0x62,0x16,0x27,0xC1,0x20,0xB4,0x78,0x0A,0x14,0x88,0x24,
    0x96,0x42,0xB4,0x64,0x16,0x20,0x88,0x20,0xCD,0x50,0x42,0xF0,0x16,0x06,0xC1,0x60,
    0xB4,0x76,0x0A,0x15,0xC8,0x25,0xA0,0x00,0xCD,0x50,0xC0,0xA0,0xB4,0x76,0x0A,0x12,
    0x88,0x22,0xA0,0x00,0x42,0xF6,0x11,0x0F,0x13,0x0E,0xC0,0xE0,0xB4,0x76,0x0A,0x13,
    0x88,0x23,0xA0,0x00,0x42,0xF8,0x15,0x07,0x13,0x06,0xC1,0x20,0xB4,0x76,0x0A,0x14,
    0xC8,0x24,0xA0,0x00,0xCD,0x52,0x05,0xA0,0xB4,0x76,0x88,0x20,0xB4,0x76,0xB2,0x8C,
    0x12,0xBC,0x06,0x20,0xCD,0x68,0x06,0x20,0xCD,0x82,0x03,0x80,0x00,0x01,0x00,0x05,
    0x00,0x03,0x00,0x28,0x40,0x20,0x5B,0x20,0x20,0x00,0x00,0x02,0x00,0x07,0x00,0x20,
    0xFF,0xFF,0x03,0xE7,0x07,0xD0,0x0B,0xB7,0x0F,0xA0,0xB4,0x7A,0x43,0xBE,0x28,0x31,
    0x30,0x58,0x2C,0x35,0x41,0x32,0x2C,0x27,0x20,0x20,0x4F,0x70,0x65,0x6E,0x20,0x61,
    0x6C,0x6C,0x20,0x64,0x61,0x79,0x27,0x29,0x28,0x31,0x30,0x58,0x2C,0x35,0x41,0x32,
    0x2C,0x27,0x20,0x31,0x3A,0x30,0x30,0x20,0x20,0x74,0x6F,0x27,0x2C,0x49,0x33,0x2C,
    0x27,0x3A,0x30,0x30,0x20,0x20,0x20,0x31,0x32,0x3A,0x30,0x30,0x20,0x20,0x74,0x6F,
    0x20,0x20,0x31,0x33,0x3A,0x30,0x30,0x27,0x2C,0x49,0x36,0x2C,0x27,0x3A,0x30,0x30,
    0x20,0x20,0x74,0x6F,0x20,0x20,0x32,0x34,0x3A,0x30,0x30,0x27,0x29,0x20,0x28,0x27,
    0x30,0x54,0x6F,0x64,0x61,0x79,0x20,0x69,0x73,0x20,0x61,0x20,0x68,0x6F,0x6C,0x69,
    0x64,0x61,0x79,0x2C,0x20,0x6E,0x61,0x6D,0x65,0x6C,0x79,0x20,0x27,0x2C,0x31,0x30,
    0x41,0x32,0x29,0x20,0x28,0x27,0x30,0x54,0x68,0x65,0x20,0x6E,0x65,0x78,0x74,0x20,
    0x68,0x6F,0x6C,0x69,0x64,0x61,0x79,0x20,0x77,0x69,0x6C,0x6C,0x20,0x62,0x65,0x20,
    0x69,0x6E,0x27,0x2C,0x49,0x33,0x2C,0x27,0x20,0x64,0x61,0x79,0x73,0x2C,0x20,0x6E,
    0x61,0x6D,0x65,0x6C,0x79,0x20,0x27,0x2C,0x31,0x30,0x41,0x32,0x29,0x20,0x06,0xA0,
    0x60,0xEA,0x00,0x00,0x48,0x4F,0x55,0x52,0x53,0x20,0xC0,0x20,0xD6,0xCC,0x16,0x0B,
    0x04,0x20,0x75,0xBA,0x9D,0x62,0x42,0xFE,0x04,0x20,0x75,0xDE,0xB4,0xAA,0x45,0x24,
    0x04,0x20,0x76,0x16,0x10,0x1B,0xC0,0x20,0xD6,0xCC,0x09,0x80,0xC8,0x00,0xB4,0xC8,
    0xC0,0x60,0xD6,0xCC,0x02,0x41,0x00,0xFF,0xC8,0x01,0xB4,0xCA,0x04,0x20,0x75,0xBA,
    0x9D,0x62,0x43,0x18,0x04,0x20,0x75,0xDE,0xB4,0xAA,0x45,0x24,0x04,0x20,0x75,0xFA,
    0xB4,0xC8,0x04,0x20,0x75,0xFA,0xB4,0xCA,0x04,0x20,0x76,0x16,0xC0,0x20,0xD6,0xCE,
    0x16,0x0B,0x04,0x20,0x75,0xBA,0x9D,0x62,0x42,0xFE,0x04,0x20,0x75,0xDE,0xB4,0xB4,
    0x45,0x24,0x04,0x20,0x76,0x16,0x10,0x1B,0xC0,0x20,0xD6,0xCE,0x09,0x80,0xC8,0x00,
    0xB4,0xC8,0xC0,0x60,0xD6,0xCE,0x02,0x41,0x00,0xFF,0xC8,0x01,0xB4,0xCA,0x04,0x20,
    0x75,0xBA,0x9D,0x62,0x43,0x18,0x04,0x20,0x75,0xDE,0xB4,0xB4,0x45,0x24,0x04,0x20,
    0x75,0xFA,0xB4,0xC8,0x04,0x20,0x75,0xFA,0xB4,0xCA,0x04,0x20,0x76,0x16,0xC0,0x20,
    0xD4,0x66,0x16,0x0B,0x04,0x20,0x75,0xBA,0x9D,0x62,0x42,0xFE,0x04,0x20,0x75,0xDE,
    0xB4,0xBE,0x45,0x24,0x04,0x20,0x76,0x16,0x10,0x1B,0xC0,0x20,0xD6,0xCC,0x09,0x80,
    0xC8,0x00,0xB4,0xC8,0xC0,0x60,0xD6,0xCC,0x02,0x41,0x00,0xFF,0xC8,0x01,0xB4,0xCA,
    0x04,0x20,0x75,0xBA,0x9D,0x62,0x43,0x18,0x04,0x20,0x75,0xDE,0xB4,0xBE,0x45,0x24,
    0x04,0x20,0x75,0xFA,0xB4,0xC8,0x04,0x20,0x75,0xFA,0xB4,0xCA,0x04,0x20,0x76,0x16,
    0x04,0x20,0x3D,0x5A,0x00,0x02,0xB4,0xCC,0xB4,0xCE,0x88,0x20,0xD4,0x64,0xB4,0xCC,
    0x11,0x05,0x88,0x20,0xD4,0x64,0xD4,0x62,0x15,0x02,0x13,0x01,0x03,0x80,0x88,0x20,
    0xD4,0x62,0xB4,0xCC,0x15,0x0B,0x04,0x20,0x75,0xBA,0x9D,0x62,0x43,0x5E,0x04,0x20,
    0x75,0xDE,0xD4,0x4E,0x45,0x26,0x04,0x20,0x76,0x16,0x03,0x80,0xC0,0x20,0xD4,0x62,
    0x60,0x20,0xB4,0xCC,0xC8,0x00,0xB4,0xCC,0x04,0x20,0x75,0xBA,0x9D,0x62,0x43,0x84,
    0x04,0x20,0x75,0xFA,0xB4,0xCC,0x04,0x20,0x75,0xDE,0xD4,0x4E,0x45,0x26,0x04,0x20,
    0x76,0x16,0x03,0x80,0x00,0x05,0x00,0x0A,0xB4,0xD0,0x45,0xB2,0x28,0x27,0x30,0x45,
    0x72,0x72,0x6F,0x72,0x20,0x27,0x2C,0x5A,0x34,0x2C,0x27,0x20,0x6F,0x6E,0x20,0x6F,
    0x70,0x65,0x6E,0x69,0x6E,0x67,0x20,0x79,0x6F,0x75,0x72,0x20,0x66,0x69,0x6C,0x65,
    0x2E,0x27,0x29,0x20,0x28,0x27,0x30,0x45,0x72,0x72,0x6F,0x72,0x20,0x27,0x2C,0x5A,
    0x34,0x2C,0x27,0x20,0x6F,0x6E,0x20,0x72,0x65,0x61,0x64,0x69,0x6E,0x67,0x20,0x79,
    0x6F,0x75,0x72,0x20,0x66,0x69,0x6C,0x65,0x2E,0x27,0x29,0x20,0x28,0x27,0x30,0x59,
    0x6F,0x75,0x72,0x20,0x73,0x61,0x76,0x65,0x64,0x20,0x76,0x65,0x72,0x73,0x69,0x6F,
    0x6E,0x20,0x77,0x69,0x6C,0x6C,0x20,0x6E,0x6F,0x74,0x20,0x72,0x75,0x6E,0x20,0x6F,
    0x6E,0x20,0x74,0x68,0x69,0x73,0x20,0x76,0x65,0x72,0x73,0x69,0x6F,0x6E,0x2E,0x27,
    0x29,0x20,0x06,0xA0,0x60,0xEA,0x00,0x00,0x4C,0x44,0x43,0x4F,0x4D,0x4E,0xC8,0x20,
    0x46,0xAE,0xB5,0x00,0xC8,0x20,0x46,0xB0,0xD6,0xD0,0x04,0x20,0x3B,0xEC,0x00,0x02,
    0xB2,0x7A,0xD6,0xD0,0x04,0x20,0x72,0x0A,0x00,0x04,0x9D,0x66,0xD6,0xD0,0x46,0xB2,
    0xB5,0x02,0x88,0x20,0xB5,0x02,0x46,0xB4,0x11,0x0C,0x04,0x20,0x75,0xBA,0x9D,0x62,
    0x45,0x2C,0x04,0x20,0x75,0xFA,0xB5,0x02,0x04,0x20,0x76,0x16,0x04,0x20,0x76,0x2C,
    0x00,0x00,0x04,0xE0,0xCD,0x8A,0xC8,0x20,0x46,0xB6,0xB5,0x04,0xC8,0x20,0x46,0xB8,
    0xB5,0x06,0xC0,0x20,0xB5,0x04,0xA0,0x20,0xB5,0x06,0x80,0x20,0xB5,0x00,0x15,0x09,
    0x13,0x08,0x02,0x01,0x00,0x01,0xA0,0x60,0xB5,0x00,0x60,0x60,0xB5,0x04,0xC8,0x01,
    0xB5,0x06,0xC0,0xA0,0xB5,0x04,0x0A,0x12,0x02,0x22,0xC5,0x48,0xC8,0x02,0xB5,0x08,
    0x04,0x20,0x74,0x92,0x00,0x05,0x9D,0x66,0xCD,0x88,0xB5,0x09,0xB5,0x06,0xB5,0x02,
    0x05,0xA0,0xCD,0x8A,0x88,0x20,0xB5,0x02,0x46,0xB4,0x11,0x0C,0x04,0x20,0x75,0xBA,
    0x9D,0x62,0x45,0x54,0x04,0x20,0x75,0xFA,0xB5,0x02,0x04,0x20,0x76,0x16,0x04,0x20,
    0x76,0x2C,0x00,0x00,0xA8,0x20,0xB5,0x06,0xB5,0x04,0x88,0x20,0xB5,0x04,0xB5,0x00,
    0x11,0xC8,0x13,0xC7,0x04,0x20,0x72,0x0E,0x00,0x02,0x9D,0x66,0xB5,0x02,0x07,0x20,
    0xCD,0x8A,0x88,0x20,0xCB,0x0E,0x96,0x02,0x16,0x01,0x03,0x80,0x04,0x20,0x75,0xBA,
    0x9D,0x62,0x45,0x7C,0x04,0x20,0x76,0x16,0x04,0x20,0x76,0x2C,0x00,0x00,0x04,0x1F,
    0x00,0x4E,0x00,0x04,0x00,0x02,0x00,0x01,0x00,0x28,0xB5,0x0A,0x46,0xE0,0x28,0x2F,
    0x27,0x20,0x50,0x6C,0x65,0x61,0x73,0x65,0x20,0x61,0x6E,0x73,0x77,0x65,0x72,0x20,
    0x74,0x68,0x65,0x20,0x71,0x75,0x65,0x73,0x74,0x69,0x6F,0x6E,0x2E,0x27,0x29,0x20,
    0x06,0xA0,0x60,0xEA,0x00,0x03,0xB5,0x46,0x4C,0x59,0x45,0x53,0x20,0x20,0xC0,0x60,
    0xB5,0x46,0xC0,0x11,0x13,0x04,0x04,0x20,0x54,0x78,0x00,0x01,0xB5,0x47,0x04,0x20,
    0x3E,0x12,0x00,0x00,0x88,0x20,0xCD,0x54,0xB5,0x3A,0x16,0x04,0x88,0x20,0xCD,0x56,
    0xB5,0x3C,0x13,0x16,0x88,0x20,0xCD,0x54,0xB5,0x3E,0x13,0x12,0x88,0x20,0xCD,0x54,
    0xB5,0x42,0x16,0x03,0xC0,0x20,0xCD,0x56,0x13,0x1A,0x88,0x20,0xCD,0x54,0xB5,0x44,
    0x13,0x16,0x04,0x20,0x75,0xBA,0x9D,0x62,0x46,0xBE,0x04,0x20,0x76,0x16,0x10,0xD7,
    0xC8,0x20,0x47,0x7C,0xB5,0x40,0xC0,0x60,0xB5,0x48,0xC0,0x11,0x13,0x04,0x04,0x20,
    0x54,0x78,0x00,0x01,0xB5,0x49,0xC0,0x20,0xB5,0x40,0xC7,0x40,0x03,0x80,0xC8,0x20,
    0x47,0x7E,0xB5,0x40,0xC0,0x60,0xB5,0x4A,0xC0,0x11,0x13,0x04,0x04,0x20,0x54,0x78,
    0x00,0x01,0xB5,0x4B,0xC0,0x20,0xB5,0x40,0xC7,0x40,0x03,0x80,0xFF,0xFF,0x00,0x00,
    0xB5,0x4C,0x47,0xF4,0x28,0x49,0x36,0x29,0x28,0x34,0x30,0x41,0x32,0x29,0x28,0x27,
    0x20,0x4C,0x65,0x6E,0x67,0x74,0x68,0x20,0x6F,0x66,0x20,0x73,0x68,0x6F,0x72,0x74,
    0x20,0x67,0x61,0x6D,0x65,0x20,0x28,0x4E,0x75,0x6C,0x6C,0x20,0x74,0x6F,0x20,0x6C,
    0x65,0x61,0x76,0x65,0x20,0x61,0x74,0x27,0x2C,0x49,0x33,0x2C,0x27,0x29,0x3A,0x27,
    0x29,0x20,0x28,0x27,0x20,0x4C,0x61,0x74,0x65,0x6E,0x63,0x79,0x20,0x66,0x6F,0x72,
    0x20,0x72,0x65,0x73,0x74,0x61,0x72,0x74,0x20,0x28,0x4E,0x75,0x6C,0x6C,0x20,0x74,
    0x6F,0x20,0x6C,0x65,0x61,0x76,0x65,0x20,0x61,0x74,0x27,0x2C,0x49,0x33,0x2C,0x27,
    0x29,0x3A,0x27,0x29,0x06,0xA0,0x60,0xEA,0x00,0x00,0x4D,0x41,0x49,0x4E,0x54,0x20,
    0x88,0x20,0xCD,0x54,0xB5,0x7C,0x16,0x14,0x88,0x20,0xCD,0x56,0xB5,0x7E,0x16,0x10,
    0x88,0x20,0xCD,0x58,0xB5,0x80,0x16,0x0C,0x88,0x20,0xCD,0x6E,0xB5,0x82,0x16,0x08,
    0x88,0x20,0xCD,0x70,0xB5,0x84,0x16,0x04,0x88,0x20,0xCD,0x72,0xB5,0x86,0x13,0x01,
    0x03,0x80,0x04,0x20,0x59,0x70,0x00,0x01,0x4B,0x56,0xC0,0x00,0x16,0x01,0x03,0x80,
    0x02,0x00,0x00,0x12,0x02,0x20,0xA3,0x9C,0xC8,0x00,0xB5,0x96,0x04,0x20,0x46,0xBA,
    0x00,0x03,0xB5,0x97,0x4B,0x56,0x4B,0x56,0xC0,0x00,0x13,0x03,0x04,0x20,0x42,0xFA,
    0x00,0x00,0x02,0x00,0x00,0x14,0x02,0x20,0xA3,0x9C,0xC8,0x00,0xB5,0x98,0x04,0x20,
    0x46,0xBA,0x00,0x03,0xB5,0x99,0x4B,0x56,0x4B,0x56,0xC0,0x00,0x13,0x03,0x04,0x20,
    0x4D,0x58,0x00,0x00,0x02,0x00,0x00,0x32,0x02,0x20,0xA3,0x9C,0xC8,0x00,0xB5,0x9A,
    0x04,0x20,0x46,0xBA,0x00,0x03,0xB5,0x9B,0x4B,0x56,0x4B,0x56,0xC0,0x00,0x13,0x49,
    0x02,0x00,0x00,0x34,0x02,0x20,0xA3,0x9C,0xC8,0x00,0xB5,0x9C,0x04,0x20,0x54,0x78,
    0x00,0x01,0xB5,0x9D,0x04,0x20,0x75,0xDA,0x9D,0x60,0x47,0x84,0x04,0x20,0x75,0xFA,
    0xD4,0x62,0x04,0x20,0x76,0x16,0x02,0x01,0x00,0x36,0x02,0x21,0xA3,0x9C,0xC8,0x01,
    0xB5,0x9E,0x04,0x20,0x54,0x78,0x00,0x01,0xB5,0x9F,0x04,0x20,0x75,0xDA,0x9D,0x60,
    0x47,0x84,0x04,0x20,0x75,0xFA,0xD4,0x64,0x04,0x20,0x76,0x16,0x04,0x20,0x3D,0x5A,
    0x00,0x02,0xB5,0x8C,0xB5,0x8E,0xA8,0x20,0xB5,0x8C,0xD4,0x62,0xC0,0x60,0xD4,0x62,
    0xA0,0x60,0xD4,0x64,0x06,0x01,0xC8,0x01,0xD4,0x64,0x02,0x01,0x00,0x38,0x02,0x21,
    0xA3,0x9C,0xC8,0x01,0xB5,0xA0,0x04,0x20,0x54,0x78,0x00,0x01,0xB5,0xA1,0x04,0x20,
    0x75,0xDA,0x9D,0x60,0x47,0x88,0x04,0x20,0x75,0xDE,0xD4,0x4E,0x4B,0x58,0x04,0x20,
    0x76,0x16,0x04,0x20,0x75,0xBA,0x9D,0x62,0x47,0x8E,0x04,0x20,0x75,0xFA,0xD6,0xCA,
    0x04,0x20,0x76,0x16,0x04,0x20,0x75,0xDA,0x9D,0x60,0x47,0x84,0x04,0x20,0x75,0xFA,
    0xB5,0x90,0x04,0x20,0x76,0x16,0xC0,0x20,0xB5,0x90,0x11,0x03,0x13,0x02,0xC8,0x00,
    0xD6,0xCA,0x02,0x00,0x00,0x16,0x02,0x20,0xA3,0x9C,0xC8,0x00,0xB5,0x96,0x04,0x20,
    0x54,0x78,0x00,0x01,0xB5,0x97,0x04,0x20,0x75,0xDA,0x9D,0x60,0x47,0x88,0x04,0x20,
    0x75,0xDE,0xCD,0x54,0x4B,0x58,0x04,0x20,0x76,0x16,0x88,0x20,0xCD,0x54,0x9D,0x56,
    0x13,0x4B,0xC0,0x60,0xCD,0x54,0x02,0x41,0x7F,0x00,0x02,0x81,0x5F,0x00,0x11,0x04,
    0x13,0x03,0x68,0x20,0x4B,0x5A,0xCD,0x54,0xC0,0x20,0xCD,0x54,0x02,0x40,0x00,0x7F,
    0x02,0x80,0x00,0x5F,0x11,0x04,0x13,0x03,0x68,0x20,0x4B,0x5C,0xCD,0x54,0xC0,0x20,
    0xCD,0x56,0x02,0x40,0x7F,0x00,0x02,0x80,0x5F,0x00,0x11,0x04,0x13,0x03,0x68,0x20,
    0x4B,0x5A,0xCD,0x56,0xC0,0x20,0xCD,0x56,0x02,0x40,0x00,0x7F,0x02,0x80,0x00,0x5F,
    0x11,0x04,0x13,0x03,0x68,0x20,0x4B,0x5C,0xCD,0x56,0xC0,0x20,0xCD,0x58,0x02,0x40,
    0x7F,0x00,0x02,0x80,0x5F,0x00,0x11,0x04,0x13,0x03,0x68,0x20,0x4B,0x5A,0xCD,0x58,
    0xC0,0x20,0xCD,0x58,0x02,0x40,0x00,0x7F,0x02,0x80,0x00,0x5F,0x11,0x04,0x13,0x03,
    0x68,0x20,0x4B,0x5C,0xCD,0x58,0xC8,0x20,0xCD,0x54,0xD4,0x6A,0xC8,0x20,0xCD,0x56,
    0xD4,0x6C,0xC8,0x20,0xCD,0x58,0xD4,0x6E,0x02,0x00,0x00,0x18,0x02,0x20,0xA3,0x9C,
    0xC8,0x00,0xB5,0x96,0x04,0x20,0x54,0x78,0x00,0x01,0xB5,0x97,0x04,0x20,0x75,0xDA,
    0x9D,0x60,0x47,0x84,0x04,0x20,0x75,0xFA,0xB5,0x90,0x04,0x20,0x76,0x16,0xC0,0x60,
    0xB5,0x90,0x11,0x03,0x13,0x02,0xC8,0x01,0xD4,0x70,0x04,0x20,0x75,0xBA,0x9D,0x62,
    0x47,0xC2,0x04,0x20,0x75,0xFA,0xD4,0x68,0x04,0x20,0x76,0x16,0x04,0x20,0x75,0xDA,
    0x9D,0x60,0x47,0x84,0x04,0x20,0x75,0xFA,0xB5,0x90,0x04,0x20,0x76,0x16,0xC0,0x20,
    0xB5,0x90,0x11,0x0F,0x13,0x0E,0x02,0x80,0x00,0x2D,0x15,0x0B,0x13,0x0A,0x02,0x00,
    0x00,0x3A,0x02,0x20,0xA3,0x9C,0xC8,0x00,0xB5,0x98,0x04,0x20,0x54,0x78,0x00,0x01,
    0xB5,0x99,0xC0,0x20,0xB5,0x90,0x11,0x08,0x13,0x07,0x04,0x20,0x5A,0xE0,0x00,0x02,
    0x4B,0x5E,0xB5,0x90,0xC8,0x00,0xD4,0x68,0x02,0x00,0x00,0x1A,0x02,0x20,0xA3,0x9C,
    0xC8,0x00,0xB5,0x9A,0x04,0x20,0x46,0xBA,0x00,0x03,0xB5,0x9B,0x4B,0x56,0x4B,0x56,
    0xC0,0x00,0x13,0x09,0x04,0x20,0x4B,0x68,0x00,0x01,0x4B,0x60,0xC0,0x00,0x13,0x02,
    0x07,0x00,0x10,0x01,0x04,0xC0,0x02,0x00,0x00,0x1C,0x02,0x20,0xA3,0x9C,0xC8,0x00,
    0xB5,0x9C,0x04,0x20,0x54,0x78,0x00,0x01,0xB5,0x9D,0xC8,0x20,0x4B,0x62,0xB5,0x92,
    0xC0,0xA0,0xB5,0x92,0x0A,0x12,0xC0,0x22,0xD4,0x4C,0x28,0x20,0x4B,0x64,0xC8,0x80,
    0xD4,0x4C,0x05,0xA0,0xB5,0x92,0x88,0x20,0xB5,0x92,0xA5,0x98,0x12,0xF1,0xC8,0x20,
    0xA5,0x96,0xCD,0x8A,0x04,0x20,0x74,0x96,0x00,0x05,0x9D,0x68,0xCD,0x88,0xD4,0x4E,
    0xA5,0x98,0xB5,0x94,0x88,0x20,0xB5,0x94,0x4B,0x62,0x11,0x05,0x13,0x04,0x04,0x20,
    0x3C,0x16,0x00,0x01,0x4B,0x66,0x04,0x20,0x72,0x0E,0x00,0x02,0x9D,0x68,0xB5,0x94,
    0x04,0x20,0x76,0x2C,0x00,0x10,0x00,0x00,0x00,0x0A,0x20,0x00,0x00,0x20,0x00,0x2D,
    0xFF,0xFF,0x00,0x01,0xC6,0x81,0x00,0x1F,0xB5,0xA2,0x4B,0x6C,0x06,0xA0,0x60,0xEA,
    0x00,0x01,0xB5,0xD8,0x4D,0x4F,0x54,0x44,0x20,0x20,0xC0,0x60,0xB5,0xD8,0xC0,0x11,
    0x16,0x33,0xC8,0x20,0x4C,0xF8,0xB5,0xD2,0xC0,0xA0,0xB5,0xD2,0x0A,0x12,0xC0,0x22,
    0xD4,0x70,0x06,0x00,0xC8,0x00,0xB5,0xD4,0x02,0x80,0x00,0x01,0x15,0x02,0x13,0x01,
    0x03,0x80,0x04,0x20,0x75,0xBA,0x9D,0x62,0xA3,0x92,0xC8,0x20,0x4C,0xF8,0xB5,0xD6,
    0xC0,0x20,0xB5,0xD2,0xA0,0x20,0xB5,0xD6,0x0A,0x10,0x02,0x20,0xD4,0x70,0xC8,0x00,
    0xB5,0xDA,0x04,0x20,0x75,0xFA,0xB5,0xDB,0x05,0xA0,0xB5,0xD6,0x88,0x20,0xB5,0xD6,
    0xB5,0xD4,0x12,0xEE,0x04,0x20,0x76,0x16,0xC0,0x20,0xB5,0xD2,0xA0,0x20,0xB5,0xD4,
    0x05,0x80,0xC8,0x00,0xB5,0xD2,0x10,0xD0,0xC8,0x20,0x4C,0xF8,0xB5,0xD2,0x02,0x00,
    0x00,0x2C,0x02,0x20,0xA3,0x9C,0xC8,0x00,0xB5,0xDA,0x04,0x20,0x54,0x78,0x00,0x01,
    0xB5,0xDB,0x02,0x00,0x00,0x23,0xA0,0x20,0xB5,0xD2,0xC8,0x00,0xB5,0xD4,0x02,0x01,
    0x00,0x01,0xA0,0x60,0xB5,0xD2,0xC8,0x01,0xB5,0xD6,0x04,0x20,0x75,0xBA,0x9D,0x62,
    0xA3,0x92,0x04,0x20,0x76,0x16,0x04,0x20,0x75,0xDA,0x9D,0x60,0xA3,0x92,0xC8,0x20,
    0xB5,0xD6,0xB5,0xD6,0xC0,0xA0,0xB5,0xD6,0x0A,0x12,0x02,0x22,0xD4,0x70,0xC8,0x02,
    0xB5,0xDA,0x04,0x20,0x75,0xFA,0xB5,0xDB,0x05,0xA0,0xB5,0xD6,0x88,0x20,0xB5,0xD6,
    0xB5,0xD4,0x12,0xF0,0x04,0x20,0x75,0xFA,0xB5,0xD4,0x04,0x20,0x76,0x16,0x88,0x20,
    0xB5,0xD4,0x9D,0x56,0x13,0x0B,0x02,0x00,0x00,0x2E,0x02,0x20,0xA3,0x9C,0xC8,0x00,
    0xB5,0xDA,0x04,0x20,0x54,0x78,0x00,0x01,0xB5,0xDB,0x10,0xC3,0xC8,0x20,0x4C,0xF8,
    0xB5,0xD6,0x02,0x00,0x00,0x24,0xA0,0x20,0xB5,0xD2,0x60,0x20,0xB5,0xD6,0xC8,0x00,
    0xB5,0xD4,0xC0,0x80,0x0A,0x12,0x88,0x22,0xD4,0x70,0x9D,0x56,0x16,0x07,0x05,0xA0,
    0xB5,0xD6,0x88,0x20,0xB5,0xD6,0x4C,0xFA,0x12,0xEC,0x10,0x20,0xC0,0xA0,0xB5,0xD2,
    0x0A,0x12,0x02,0x00,0x00,0x01,0xA0,0x20,0xB5,0xD4,0xC8,0x00,0xB5,0xDA,0x60,0x20,
    0xB5,0xD2,0xC8,0x80,0xD4,0x70,0xC0,0x60,0xB5,0xDA,0xC8,0x01,0xB5,0xD2,0x02,0x21,
    0x00,0x24,0x02,0x81,0x01,0x2D,0x11,0x95,0x02,0x03,0x00,0x30,0x02,0x23,0xA3,0x9C,
    0xC8,0x03,0xB5,0xDC,0x04,0x20,0x54,0x78,0x00,0x01,0xB5,0xDD,0xC0,0xA0,0xB5,0xD2,
    0x0A,0x12,0x07,0x22,0xD4,0x70,0x03,0x80,0x00,0x01,0x00,0x23,0xB5,0xDE,0x4D,0x00,
    0x06,0xA0,0x60,0xEA,0x00,0x02,0xB6,0x10,0x4D,0x4F,0x56,0x45,0x20,0x20,0xC0,0x20,
    0xB6,0x10,0x88,0x10,0x4D,0x56,0x15,0x06,0xC0,0x90,0x0A,0x12,0xC8,0x22,0xCB,0x90,
    0xB6,0x0E,0x10,0x07,0xC0,0x20,0xB6,0x10,0xC0,0x90,0x0A,0x12,0xC8,0x22,0xC7,0x66,
    0xB6,0x0E,0xC0,0x20,0xB6,0x0E,0x11,0x09,0x13,0x08,0x02,0x80,0x01,0x2C,0x15,0x05,
    0x04,0x20,0x3C,0xB8,0x00,0x02,0xB6,0x11,0xB6,0x0E,0x04,0x20,0x3D,0x90,0x00,0x02,
    0xB6,0x11,0xB6,0x13,0x03,0x80,0x00,0x64,0xB6,0x14,0x4D,0x94,0x28,0x27,0x20,0x50,
    0x72,0x69,0x6D,0x65,0x20,0x74,0x69,0x6D,0x65,0x20,0x6F,0x6E,0x20,0x27,0x2C,0x35,
    0x41,0x32,0x2C,0x2F,0x2C,0x31,0x30,0x58,0x2C,0x27,0x46,0x72,0x6F,0x6D,0x3A,0x20,
    0x27,0x29,0x28,0x31,0x30,0x58,0x2C,0x27,0x54,0x49,0x4C,0x4C,0x3A,0x20,0x27,0x29,
    0x28,0x49,0x34,0x29,0x06,0xA0,0x60,0xEA,0x00,0x00,0x4E,0x45,0x57,0x48,0x52,0x53,
    0x02,0x00,0x00,0x28,0x02,0x20,0xA3,0x9C,0xC8,0x00,0xB6,0x66,0x04,0x20,0x54,0x78,
    0x00,0x01,0xB6,0x67,0x04,0x20,0x75,0xBA,0x9D,0x62,0x4D,0x5C,0x04,0x20,0x75,0xDE,
    0xB6,0x44,0x4F,0x1A,0x04,0x20,0x76,0x16,0x04,0x20,0x75,0xDA,0x9D,0x60,0x4D,0x90,
    0x04,0x20,0x75,0xFA,0xB6,0x62,0x04,0x20,0x76,0x16,0xC0,0x60,0xB6,0x62,0x11,0x21,
    0x02,0x81,0x00,0x17,0x15,0x1E,0x04,0x20,0x75,0xBA,0x9D,0x62,0x4D,0x82,0x04,0x20,
    0x76,0x16,0x04,0x20,0x75,0xDA,0x9D,0x60,0x4D,0x90,0x04,0x20,0x75,0xFA,0xB6,0x64,
    0x04,0x20,0x76,0x16,0x88,0x20,0xB6,0x64,0xB6,0x62,0x11,0x0B,0x88,0x20,0xB6,0x64,
    0x4F,0x1C,0x15,0x07,0xC0,0x60,0xB6,0x62,0x0A,0x81,0xE0,0x60,0xB6,0x64,0xC8,0x01,
    0xD6,0xCC,0x04,0x20,0x75,0xBA,0x9D,0x62,0x4D,0x5C,0x04,0x20,0x75,0xDE,0xB6,0x4E,
    0x4F,0x1A,0x04,0x20,0x76,0x16,0x04,0x20,0x75,0xDA,0x9D,0x60,0x4D,0x90,0x04,0x20,
    0x75,0xFA,0xB6,0x62,0x04,0x20,0x76,0x16,0xC0,0x20,0xB6,0x62,0x11,0x21,0x02,0x80,
    0x00,0x17,0x15,0x1E,0x04,0x20,0x75,0xBA,0x9D,0x62,0x4D,0x82,0x04,0x20,0x76,0x16,
    0x04,0x20,0x75,0xDA,0x9D,0x60,0x4D,0x90,0x04,0x20,0x75,0xFA,0xB6,0x64,0x04,0x20,
    0x76,0x16,0x88,0x20,0xB6,0x64,0xB6,0x62,0x11,0x0B,0x88,0x20,0xB6,0x64,0x4F,0x1C,
    0x15,0x07,0xC0,0x20,0xB6,0x62,0x0A,0x80,0xE0,0x20,0xB6,0x64,0xC8,0x00,0xD6,0xCE,
    0x04,0x20,0x75,0xBA,0x9D,0x62,0x4D,0x5C,0x04,0x20,0x75,0xDE,0xB6,0x58,0x4F,0x1A,
    0x04,0x20,0x76,0x16,0x04,0x20,0x75,0xDA,0x9D,0x60,0x4D,0x90,0x04,0x20,0x75,0xFA,
    0xB6,0x62,0x04,0x20,0x76,0x16,0xC0,0x20,0xB6,0x62,0x11,0x21,0x02,0x80,0x00,0x17,
    0x15,0x1E,0x04,0x20,0x75,0xBA,0x9D,0x62,0x4D,0x82,0x04,0x20,0x76,0x16,0x04,0x20,
    0x75,0xDA,0x9D,0x60,0x4D,0x90,0x04,0x20,0x75,0xFA,0xB6,0x64,0x04,0x20,0x76,0x16,
    0x88,0x20,0xB6,0x64,0xB6,0x62,0x11,0x0B,0x88,0x20,0xB6,0x64,0x4F,0x1C,0x15,0x07,
    0xC0,0x20,0xB6,0x62,0x0A,0x80,0xE0,0x20,0xB6,0x64,0xC8,0x00,0xD4,0x66,0x02,0x00,
    0x00,0x2A,0x02,0x20,0xA3,0x9C,0xC8,0x00,0xB6,0x66,0x04,0x20,0x54,0x78,0x00,0x01,
    0xB6,0x67,0x04,0x20,0x42,0xFA,0x00,0x00,0x03,0x80,0x00,0x05,0x00,0x17,0xB6,0x68,
    0x4F,0x22,0x06,0xA0,0x60,0xEA,0x00,0x02,0xB6,0xA4,0x50,0x53,0x50,0x45,0x41,0x4B,
    0xC0,0x20,0xB6,0xA4,0xC0,0x90,0x0A,0x12,0xC8,0x22,0xCC,0x90,0xB6,0x98,0x88,0x20,
    0xB6,0x98,0x50,0x68,0x15,0x02,0x13,0x01,0x03,0x80,0xC0,0x60,0xB6,0xA6,0xC0,0x11,
    0x11,0x6C,0xC8,0x20,0xB6,0x98,0xB6,0x9A,0x04,0xE0,0xB6,0x9C,0xC8,0x20,0x50,0x6A,
    0xB6,0x9E,0xC0,0x20,0xB6,0x9C,0x16,0x28,0xC0,0x60,0xB6,0x9A,0x06,0xA0,0x5D,0xA8,
    0xA3,0xF6,0xC8,0x01,0xB6,0xA0,0x04,0x20,0x5C,0xB8,0x00,0x02,0xB6,0x9A,0xA3,0xF6,
    0xC8,0x00,0xB6,0x9C,0x05,0x81,0x88,0x01,0xCD,0x8A,0x13,0x16,0xC8,0x20,0xB6,0xA0,
    0xCD,0x8A,0x04,0x20,0x74,0x92,0x00,0x05,0x9D,0x68,0xCD,0x88,0xCD,0x8C,0xA3,0xF6,
    0xB6,0xA2,0x05,0xA0,0xCD,0x8A,0x88,0x20,0xB6,0xA2,0x50,0x68,0x11,0x05,0x13,0x04,
    0x04,0x20,0x3C,0x16,0x00,0x01,0x50,0x6C,0xC0,0xA0,0xB6,0x9C,0x0A,0x12,0xC0,0x22,
    0xCD,0x8C,0x07,0x40,0x05,0x80,0xC8,0x00,0xB6,0xA0,0xA8,0x20,0xB6,0xA0,0xB6,0x9A,
    0xA8,0x20,0xB6,0xA0,0xB6,0x9C,0xC0,0xA0,0xB6,0x9C,0x0A,0x12,0xC8,0x22,0xCD,0x8A,
    0xB6,0xA0,0xC0,0x20,0xB6,0xA0,0x15,0xF1,0x11,0x22,0x04,0x20,0x74,0x92,0x00,0x05,
    0x9D,0x68,0xCD,0x88,0xCD,0x8C,0xA3,0xF6,0xB6,0xA2,0x05,0xA0,0xCD,0x8A,0x88,0x20,
    0xB6,0xA2,0x50,0x68,0x11,0x05,0x13,0x04,0x04,0x20,0x3C,0x16,0x00,0x01,0x50,0x6C,
    0xC0,0x20,0xA3,0xF6,0x60,0x20,0xB6,0x9C,0xA0,0x20,0xB6,0x9A,0x05,0x80,0xC8,0x00,
    0xB6,0x9A,0xC8,0x20,0x50,0x68,0xB6,0x9C,0x10,0xD6,0x04,0x60,0x50,0x52,0x04,0x60,
    0x50,0x32,0xC0,0xA0,0xB6,0x9C,0x0A,0x12,0xC0,0x22,0xCD,0x8C,0x11,0x0A,0xC8,0x20,
    0xB6,0x9A,0xB6,0x98,0x05,0xA0,0xB6,0x9E,0xC0,0x60,0xB6,0xA6,0x84,0x60,0xB6,0x9E,
    0x12,0x88,0x02,0x00,0x00,0x01,0xA0,0x20,0xB6,0x98,0xC8,0x00,0xB6,0xA8,0x04,0x20,
    0x54,0x78,0x00,0x01,0xB6,0xA8,0x03,0x80,0x00,0x01,0x00,0x00,0x00,0x1D,0xB6,0xAA,
    0x51,0xC0,0x28,0x27,0x30,0x49,0x66,0x20,0x79,0x6F,0x75,0x20,0x77,0x65,0x72,0x65,
    0x20,0x74,0x6F,0x20,0x71,0x75,0x69,0x74,0x20,0x6E,0x6F,0x77,0x2C,0x20,0x79,0x6F,
    0x75,0x20,0x77,0x6F,0x75,0x6C,0x64,0x20,0x73,0x63,0x6F,0x72,0x65,0x27,0x2C,0x49,
    0x34,0x2C,0x27,0x20,0x6F,0x75,0x74,0x20,0x6F,0x66,0x20,0x61,0x20,0x70,0x6F,0x73,
    0x73,0x69,0x62,0x6C,0x65,0x27,0x2C,0x49,0x34,0x2C,0x27,0x2E,0x27,0x29,0x28,0x27,
    0x30,0x59,0x6F,0x75,0x20,0x73,0x63,0x6F,0x72,0x65,0x64,0x27,0x2C,0x49,0x34,0x2C,
    0x27,0x20,0x6F,0x75,0x74,0x20,0x6F,0x66,0x20,0x61,0x20,0x70,0x6F,0x73,0x73,0x69,
    0x62,0x6C,0x65,0x27,0x2C,0x49,0x34,0x2C,0x27,0x2C,0x20,0x75,0x73,0x69,0x6E,0x67,
    0x27,0x2C,0x49,0x35,0x2C,0x27,0x20,0x74,0x75,0x72,0x6E,0x73,0x2E,0x27,0x29,0x20,
    0x28,0x27,0x30,0x79,0x6F,0x75,0x20,0x6A,0x75,0x73,0x74,0x20,0x77,0x65,0x6E,0x74,
    0x20,0x6F,0x66,0x66,0x20,0x6D,0x79,0x20,0x73,0x63,0x61,0x6C,0x65,0x21,0x21,0x27,
    0x2F,0x29,0x28,0x27,0x30,0x54,0x6F,0x20,0x61,0x63,0x68,0x69,0x65,0x76,0x65,0x20,
    0x74,0x68,0x65,0x20,0x6E,0x65,0x78,0x74,0x20,0x68,0x69,0x67,0x68,0x65,0x72,0x20,
    0x72,0x61,0x74,0x69,0x6E,0x67,0x2C,0x20,0x79,0x6F,0x75,0x20,0x6E,0x65,0x65,0x64,
    0x27,0x2C,0x49,0x33,0x2C,0x27,0x20,0x6D,0x6F,0x72,0x65,0x20,0x70,0x6F,0x69,0x6E,
    0x74,0x73,0x2E,0x27,0x2F,0x29,0x28,0x27,0x30,0x54,0x6F,0x20,0x61,0x63,0x68,0x69,
    0x65,0x76,0x65,0x20,0x74,0x68,0x65,0x20,0x6E,0x65,0x78,0x74,0x20,0x68,0x69,0x67,
    0x68,0x65,0x72,0x20,0x72,0x61,0x74,0x69,0x6E,0x67,0x20,0x27,0x2C,0x27,0x77,0x6F,
    0x75,0x6C,0x64,0x20,0x62,0x65,0x20,0x61,0x20,0x6E,0x65,0x61,0x74,0x20,0x74,0x72,
    0x69,0x63,0x6B,0x21,0x27,0x2C,0x2F,0x2F,0x2C,0x27,0x20,0x43,0x6F,0x6E,0x67,0x72,
    0x61,0x74,0x75,0x6C,0x61,0x74,0x69,0x6F,0x6E,0x73,0x21,0x21,0x27,0x2F,0x29,0x20,
    0x06,0xA0,0x60,0xEA,0x00,0x00,0x52,0x41,0x54,0x49,0x4E,0x47,0x04,0xE0,0xCD,0x16,
    0x04,0xE0,0xCA,0xF6,0xC8,0x20,0x54,0x54,0xB6,0xDA,0xC0,0xA0,0xB6,0xDA,0x0A,0x12,
    0xC0,0x22,0xCC,0x90,0x13,0x32,0xC8,0x20,0x54,0x56,0xB6,0xDC,0x88,0x20,0xB6,0xDA,
    0x9D,0x6C,0x16,0x02,0x05,0xE0,0xB6,0xDC,0x88,0x20,0xB6,0xDA,0x9D,0x6C,0x11,0x04,
    0x13,0x03,0xC8,0x20,0x54,0x58,0xB6,0xDC,0xC0,0xA0,0xB6,0xDA,0x0A,0x12,0x88,0x22,
    0xCC,0x10,0x54,0x5A,0x11,0x03,0x13,0x02,0x05,0xE0,0xCD,0x16,0xC0,0xA0,0xB6,0xDA,
    0x0A,0x12,0x88,0x22,0xCB,0x90,0x54,0x5C,0x16,0x0D,0xC0,0xE0,0xB6,0xDA,0x0A,0x13,
    0xC0,0x23,0xCC,0x10,0x16,0x07,0xC0,0x60,0xCD,0x16,0xA0,0x60,0xB6,0xDC,0x06,0x41,
    0xC8,0x01,0xCD,0x16,0xA8,0x20,0xB6,0xDC,0xCA,0xF6,0x05,0xA0,0xB6,0xDA,0x88,0x20,
    0xB6,0xDA,0xA3,0x88,0x12,0xC2,0xC0,0x20,0xA3,0x7C,0x60,0x20,0xCA,0xFC,0x38,0x20,
    0x54,0x5E,0xA0,0x60,0xCD,0x16,0xC8,0x01,0xCD,0x16,0xC0,0x20,0xA3,0x7C,0x38,0x20,
    0x54,0x5E,0xA0,0x60,0xCA,0xF6,0xC8,0x01,0xCA,0xF6,0xC0,0x20,0xC8,0xB2,0x16,0x03,
    0xA8,0x20,0x54,0x60,0xCD,0x16,0xA8,0x20,0x54,0x60,0xCA,0xF6,0xC0,0x20,0xC7,0x92,
    0x13,0x03,0xA8,0x20,0x54,0x62,0xCD,0x16,0xA8,0x20,0x54,0x62,0xCA,0xF6,0xC0,0x20,
    0xC7,0x8A,0x13,0x03,0xA8,0x20,0x54,0x62,0xCD,0x16,0xA8,0x20,0x54,0x62,0xCA,0xF6,
    0xC0,0x20,0xC7,0x88,0x13,0x1B,0xC0,0x60,0xC7,0x7E,0x16,0x03,0xA8,0x20,0x54,0x5E,
    0xCD,0x16,0x88,0x20,0xC7,0x7E,0x54,0x64,0x16,0x03,0xA8,0x20,0x54,0x62,0xCD,0x16,
    0x88,0x20,0xC7,0x7E,0x54,0x66,0x16,0x03,0xA8,0x20,0x54,0x68,0xCD,0x16,0x88,0x20,
    0xC7,0x7E,0x54,0x6A,0x16,0x03,0xA8,0x20,0x54,0x6C,0xCD,0x16,0xA8,0x20,0x54,0x6C,
    0xCA,0xF6,0xC0,0xA0,0xA3,0x78,0x0A,0x12,0x88,0x22,0xCB,0x90,0x54,0x6E,0x16,0x02,
    0x05,0xA0,0xCD,0x16,0x05,0xA0,0xCA,0xF6,0x05,0xE0,0xCD,0x16,0x05,0xE0,0xCA,0xF6,
    0xC8,0x20,0x54,0x70,0xB6,0xDA,0xC0,0xA0,0xB6,0xDA,0x0A,0x12,0xC0,0x22,0xC8,0xB4,
    0x13,0x03,0x68,0x22,0xC9,0x18,0xCD,0x16,0x05,0xA0,0xB6,0xDA,0x88,0x20,0xB6,0xDA,
    0xA3,0x80,0x12,0xF1,0xC8,0x20,0x54,0x72,0xCD,0x1C,0x88,0x20,0xCD,0x50,0x54,0x74,
    0x16,0x10,0xC8,0x20,0x54,0x76,0xCD,0x1C,0x04,0x20,0x75,0xBA,0x9D,0x62,0x50,0x72,
    0x04,0x20,0x75,0xFA,0xCD,0x16,0x04,0x20,0x75,0xFA,0xCA,0xF6,0x04,0x20,0x76,0x16,
    0x10,0x52,0x04,0x20,0x75,0xBA,0x9D,0x62,0x50,0xBE,0x04,0x20,0x75,0xFA,0xCD,0x16,
    0x04,0x20,0x75,0xFA,0xCA,0xF6,0x04,0x20,0x75,0xFA,0xCD,0x4C,0x04,0x20,0x76,0x16,
    0xC8,0x20,0x54,0x70,0xB6,0xDA,0xC0,0xA0,0xB6,0xDA,0x0A,0x12,0x88,0x22,0x9E,0x9E,
    0xCD,0x16,0x15,0x0E,0x13,0x0D,0x05,0xA0,0xB6,0xDA,0x88,0x20,0xB6,0xDA,0x9D,0x70,
    0x12,0xF2,0x04,0x20,0x75,0xBA,0x9D,0x62,0x51,0x00,0x04,0x20,0x76,0x16,0x10,0x2B,
    0xC0,0xA0,0xB6,0xDA,0x0A,0x12,0x02,0x22,0x9E,0x8A,0xC8,0x02,0xB6,0xDE,0x04,0x20,
    0x54,0x78,0x00,0x01,0xB6,0xDF,0xC0,0x60,0x9D,0x70,0x06,0x01,0x80,0x60,0xB6,0xDA,
    0x13,0x14,0xC0,0xA0,0xB6,0xDA,0x0A,0x12,0xC0,0xE2,0x9E,0x9E,0x05,0x83,0x60,0xE0,
    0xCD,0x16,0xC8,0x03,0xB6,0xDC,0x04,0x20,0x75,0xBA,0x9D,0x62,0x51,0x22,0x04,0x20,
    0x75,0xFA,0xB6,0xDC,0x04,0x20,0x76,0x16,0x10,0x06,0x04,0x20,0x75,0xBA,0x9D,0x62,
    0x51,0x66,0x04,0x20,0x76,0x16,0xC0,0xA0,0xCD,0x1C,0x0A,0x12,0x02,0x22,0xA3,0xFA,
    0xC8,0x02,0xB6,0xDE,0x02,0x00,0x00,0x6A,0x02,0x20,0xA3,0xFC,0xC8,0x00,0xB6,0xE0,
    0x02,0x00,0x00,0x6A,0x02,0x20,0xA3,0xFC,0xC8,0x00,0xB6,0xE2,0x04,0x20,0x46,0xBA,
    0x00,0x03,0xB6,0xDF,0xB6,0xE1,0xB6,0xE3,0xC0,0x00,0x13,0x02,0x07,0x00,0x10,0x01,
    0x04,0xC0,0xC8,0x00,0xCD,0x86,0xC0,0x20,0xC8,0xB2,0x13,0x03,0xC8,0x20,0xC8,0xB2,
    0xCD,0x86,0x03,0x80,0x00,0x32,0x00,0x0C,0x00,0x10,0xFF,0xFF,0x00,0x03,0x00,0x0A,
    0x00,0x04,0x00,0x19,0x00,0x87,0x00,0x86,0x00,0x1E,0x00,0x85,0x00,0x2D,0x00,0x6C,
    0x00,0x01,0x00,0x16,0x07,0xE8,0x00,0x8F,0xB6,0xE4,0x54,0x7C,0x06,0xA0,0x60,0xEA,
    0x00,0x01,0xB7,0x22,0x53,0x50,0x45,0x41,0x4B,0x20,0xC0,0x20,0xB7,0x22,0x88,0x10,
    0x55,0xFC,0x15,0x02,0x13,0x01,0x03,0x80,0xC0,0x60,0xB7,0x22,0xC0,0x11,0x06,0xA0,
    0x5D,0xA0,0xA3,0xF6,0xC8,0x00,0xB7,0x18,0x04,0x20,0x5C,0xB8,0x00,0x02,0xB7,0x23,
    0xA3,0xF6,0xC8,0x00,0xB7,0x1A,0x02,0x02,0x00,0x01,0xA0,0xA0,0xB7,0x18,0x88,0x02,
    0xCD,0x8A,0x13,0x16,0xC8,0x20,0xB7,0x18,0xCD,0x8A,0x04,0x20,0x74,0x92,0x00,0x05,
    0x9D,0x68,0xCD,0x88,0xCD,0x8C,0xA3,0xF6,0xB7,0x1C,0x05,0xA0,0xCD,0x8A,0x88,0x20,
    0xB7,0x1C,0x55,0xFC,0x11,0x05,0x13,0x04,0x04,0x20,0x3C,0x16,0x00,0x01,0x55,0xFE,
    0xC0,0xA0,0xB7,0x1A,0x0A,0x12,0x88,0x22,0xCD,0x8C,0xB7,0x14,0x16,0x08,0xC0,0xE0,
    0xB7,0x1A,0x0A,0x13,0x88,0x23,0xCD,0x8E,0xB7,0x16,0x16,0x01,0x03,0x80,0x04,0xE0,
    0xB7,0x1E,0xC0,0xA0,0xB7,0x1A,0x0A,0x12,0xC0,0x22,0xCD,0x8A,0x07,0x40,0x06,0x00,
    0xC8,0x00,0xB7,0x18,0x02,0x80,0x00,0x01,0x15,0x02,0x13,0x01,0x03,0x80,0xC8,0x20,
    0x55,0xFC,0xB7,0x20,0x05,0xA0,0xB7,0x1E,0x88,0x20,0xB7,0x1E,0x56,0x00,0x11,0x04,
    0x13,0x03,0xC8,0x20,0x55,0xFC,0xB7,0x1E,0xC0,0x20,0xB7,0x1A,0xA0,0x20,0xB7,0x20,
    0x0A,0x10,0xC0,0xA0,0xB7,0x20,0x0A,0x12,0xC0,0xE0,0xB7,0x1E,0x0A,0x13,0xC1,0x00,
    0xC0,0x64,0xCD,0x8A,0x28,0x63,0x9E,0xC0,0xC8,0x81,0xD6,0xCE,0x05,0xA0,0xB7,0x20,
    0x88,0x20,0xB7,0x20,0xB7,0x18,0x12,0xDE,0x04,0x20,0x75,0xBA,0x9D,0x62,0xA3,0x92,
    0xC8,0x20,0x55,0xFC,0xB7,0x20,0xC0,0xA0,0xB7,0x20,0x0A,0x12,0x02,0x22,0xD6,0xCE,
    0xC8,0x02,0xB7,0x24,0x04,0x20,0x75,0xFA,0xB7,0x25,0x05,0xA0,0xB7,0x20,0x88,0x20,
    0xB7,0x20,0xB7,0x18,0x12,0xF0,0x04,0x20,0x76,0x16,0xC0,0x20,0xB7,0x18,0xA0,0x20,
    0xB7,0x1A,0x05,0x80,0xC8,0x00,0xB7,0x1A,0xC0,0xA0,0xB7,0x1A,0x0A,0x12,0xC8,0x22,
    0xCD,0x8A,0xB7,0x18,0xC0,0x20,0xB7,0x18,0x15,0x93,0x11,0x17,0x04,0x20,0x74,0x92,
    0x00,0x05,0x9D,0x68,0xCD,0x88,0xCD,0x8C,0xA3,0xF6,0xB7,0x1C,0x05,0xA0,0xCD,0x8A,
    0x88,0x20,0xB7,0x1C,0x55,0xFC,0x11,0x05,0x13,0x04,0x04,0x20,0x3C,0x16,0x00,0x01,
    0x55,0xFE,0xC8,0x20,0x55,0xFC,0xB7,0x1A,0x10,0xDF,0x03,0x80,0x00,0x01,0x00,0x1D,
    0x00,0x0A,0xB7,0x26,0x56,0x42,0x28,0x27,0x20,0x54,0x68,0x69,0x73,0x20,0x61,0x64,
    0x76,0x65,0x6E,0x74,0x75,0x72,0x65,0x20,0x77,0x61,0x73,0x20,0x73,0x75,0x73,0x70,
    0x65,0x6E,0x64,0x65,0x64,0x20,0x61,0x20,0x6D,0x65,0x72,0x65,0x27,0x2C,0x49,0x33,
    0x2C,0x27,0x20,0x6D,0x69,0x6E,0x75,0x74,0x65,0x73,0x20,0x61,0x67,0x6F,0x2E,0x27,
    0x29,0x20,0x06,0xA0,0x60,0xEA,0x00,0x01,0xB7,0x66,0x53,0x54,0x41,0x52,0x54,0x20,
    0x04,0x20,0x3D,0x5A,0x00,0x02,0xB7,0x58,0xB7,0x5A,0xC8,0x20,0x58,0x1A,0xB7,0x5C,
    0xC8,0x20,0x58,0x1A,0xB7,0x5E,0xC8,0x20,0xD6,0xCC,0xB7,0x60,0x04,0x20,0x5C,0xB8,
    0x00,0x02,0xB7,0x58,0x58,0x1C,0xC8,0x00,0xB7,0x62,0x13,0x03,0x02,0x80,0x00,0x06,
    0x16,0x03,0xC8,0x20,0xD6,0xCE,0xB7,0x60,0x88,0x20,0xB7,0x58,0xD4,0x62,0x11,0x07,
    0x88,0x20,0xB7,0x58,0xD4,0x64,0x15,0x03,0xC8,0x20,0xD4,0x66,0xB7,0x60,0xC0,0x20,
    0xB7,0x5A,0x06,0xA0,0x5D,0xA0,0x58,0x1E,0xC8,0x00,0xB7,0x64,0xC0,0x60,0xB7,0x60,
    0x09,0x81,0x80,0x40,0x11,0x0D,0xC0,0xA0,0xB7,0x60,0x02,0x42,0x00,0xFF,0x80,0x80,
    0x15,0x07,0x13,0x06,0x02,0x80,0x00,0x0C,0x13,0x03,0xC8,0x20,0x58,0x20,0xB7,0x5C,
    0xC0,0x20,0xCD,0x1A,0x15,0x33,0x13,0x32,0xC0,0x60,0xB7,0x58,0x60,0x60,0xCD,0x12,
    0x38,0x60,0x58,0x22,0xC0,0x60,0xB7,0x5A,0x60,0x60,0xCD,0x14,0xA0,0x81,0xC8,0x02,
    0xB7,0x62,0x88,0x02,0xD4,0x68,0x15,0x22,0x13,0x21,0x04,0x20,0x75,0xBA,0x9D,0x62,
    0x56,0x06,0x04,0x20,0x75,0xFA,0xB7,0x62,0x04,0x20,0x76,0x16,0xC8,0x20,0x58,0x20,
    0xB7,0x5E,0xC0,0xE0,0xD4,0x68,0x06,0xA0,0x5D,0xBC,0x58,0x24,0x80,0xC2,0x15,0x0E,
    0x13,0x0D,0x02,0x00,0x00,0x02,0x02,0x20,0xA3,0x9C,0xC8,0x00,0xB7,0x68,0x04,0x20,
    0x54,0x78,0x00,0x01,0xB7,0x69,0x04,0x20,0x76,0x2C,0x00,0x00,0xC8,0x20,0x58,0x1A,
    0xB7,0x56,0xC0,0x20,0xB7,0x5E,0x16,0x4C,0xC0,0x60,0xB7,0x5C,0x16,0x06,0x07,0x20,
    0xCD,0x12,0xC0,0x20,0xB7,0x56,0xC7,0x40,0x03,0x80,0x02,0x00,0x00,0x04,0x02,0x20,
    0xA3,0x9C,0xC8,0x00,0xB7,0x68,0x04,0x20,0x54,0x78,0x00,0x01,0xB7,0x69,0x04,0x20,
    0x42,0xFA,0x00,0x00,0x02,0x01,0x00,0x06,0x02,0x21,0xA3,0x9C,0xC8,0x01,0xB7,0x6A,
    0x04,0x20,0x54,0x78,0x00,0x01,0xB7,0x6B,0x04,0x20,0x59,0x70,0x00,0x01,0x58,0x26,
    0xC0,0x00,0x16,0xDD,0xC0,0x20,0xCD,0x1A,0x11,0x33,0x02,0x01,0x00,0x08,0x02,0x21,
    0xA3,0x9C,0xC8,0x01,0xB7,0x6C,0x02,0x01,0x00,0x0C,0x02,0x21,0xA3,0x9C,0xC8,0x01,
    0xB7,0x6E,0x02,0x01,0x00,0x0C,0x02,0x21,0xA3,0x9C,0xC8,0x01,0xB7,0x70,0x04,0x20,
    0x46,0xBA,0x00,0x03,0xB7,0x6D,0xB7,0x6F,0xB7,0x71,0xC0,0x00,0x13,0x02,0x07,0x00,
    0x10,0x01,0x04,0xC0,0xC8,0x00,0xB7,0x56,0x16,0xBA,0x04,0x20,0x76,0x2C,0x00,0x00,
    0x02,0x00,0x00,0x0E,0x02,0x20,0xA3,0x9C,0xC8,0x00,0xB7,0x68,0x04,0x20,0x54,0x78,
    0x00,0x01,0xB7,0x69,0x04,0x20,0x59,0x70,0x00,0x01,0x58,0x26,0xC0,0x00,0x16,0xA7,
    0x02,0x00,0x00,0x10,0x02,0x20,0xA3,0x9C,0xC8,0x00,0xB7,0x68,0x04,0x20,0x54,0x78,
    0x00,0x01,0xB7,0x69,0x04,0x20,0x76,0x2C,0x00,0x00,0x00,0x00,0x00,0x07,0x00,0x3C,
    0xFF,0xFF,0x05,0xA0,0x00,0x03,0x00,0x00,0xB7,0x72,0x58,0x7C,0x28,0x27,0x30,0x45,
    0x72,0x72,0x6F,0x72,0x20,0x27,0x2C,0x5A,0x34,0x2C,0x27,0x20,0x6F,0x6E,0x20,0x6F,
    0x70,0x65,0x6E,0x69,0x6E,0x67,0x20,0x79,0x6F,0x75,0x72,0x20,0x66,0x69,0x6C,0x65,
    0x2E,0x27,0x29,0x20,0x28,0x27,0x30,0x45,0x72,0x72,0x6F,0x72,0x20,0x27,0x2C,0x5A,
    0x34,0x2C,0x27,0x20,0x6F,0x6E,0x20,0x77,0x72,0x69,0x74,0x69,0x6E,0x67,0x20,0x79,
    0x6F,0x75,0x72,0x20,0x66,0x69,0x6C,0x65,0x2E,0x27,0x29,0x20,0x06,0xA0,0x60,0xEA,
    0x00,0x00,0x53,0x56,0x43,0x4F,0x4D,0x4E,0xC8,0x20,0x96,0x02,0xCB,0x0E,0xC8,0x20,
    0x59,0x64,0xB7,0xA2,0xC8,0x20,0x59,0x66,0xD6,0xD0,0x04,0x20,0x3B,0xEC,0x00,0x02,
    0xB2,0x7A,0xD6,0xD0,0x04,0x20,0x72,0x0A,0x00,0x04,0x9D,0x66,0xD6,0xD0,0x59,0x68,
    0xB7,0xA4,0x88,0x20,0xB7,0xA4,0x59,0x6A,0x11,0x0C,0x04,0x20,0x75,0xBA,0x9D,0x62,
    0x58,0x2C,0x04,0x20,0x75,0xFA,0xB7,0xA4,0x04,0x20,0x76,0x16,0x04,0x20,0x76,0x2C,
    0x00,0x00,0x04,0xE0,0xCD,0x8A,0xC8,0x20,0x59,0x6C,0xB7,0xA6,0xC8,0x20,0x59,0x6E,
    0xB7,0xA8,0xC0,0x20,0xB7,0xA6,0xA0,0x20,0xB7,0xA8,0x80,0x20,0xB7,0xA2,0x15,0x09,
    0x13,0x08,0x02,0x01,0x00,0x01,0xA0,0x60,0xB7,0xA2,0x60,0x60,0xB7,0xA6,0xC8,0x01,
    0xB7,0xA8,0xC0,0xA0,0xB7,0xA6,0x0A,0x12,0x02,0x22,0xC5,0x48,0xC8,0x02,0xB7,0xAA,
    0x04,0x20,0x74,0x96,0x00,0x05,0x9D,0x66,0xCD,0x88,0xB7,0xAB,0xB7,0xA8,0xB7,0xA4,
    0x05,0xA0,0xCD,0x8A,0x88,0x20,0xB7,0xA4,0x59,0x6A,0x11,0x0C,0x04,0x20,0x75,0xBA,
    0x9D,0x62,0x58,0x54,0x04,0x20,0x75,0xFA,0xB7,0xA4,0x04,0x20,0x76,0x16,0x04,0x20,
    0x76,0x2C,0x00,0x00,0xA8,0x20,0xB7,0xA8,0xB7,0xA6,0x88,0x20,0xB7,0xA6,0xB7,0xA2,
    0x11,0xC8,0x13,0xC7,0x04,0x20,0x72,0x0E,0x00,0x02,0x9D,0x66,0xB7,0xA4,0x07,0x20,
    0xCD,0x8A,0x03,0x80,0x04,0x1F,0x00,0x4E,0x00,0x04,0x00,0x02,0x00,0x01,0x00,0x28,
    0xB7,0xAC,0x59,0x7E,0x28,0x2F,0x27,0x20,0x27,0x2C,0x36,0x41,0x31,0x29,0x06,0xA0,
    0x60,0xEA,0x00,0x01,0xB7,0xE8,0x57,0x49,0x5A,0x41,0x52,0x44,0x02,0x00,0x00,0x1E,
    0x02,0x20,0xA3,0x9C,0xC8,0x00,0xB7,0xEA,0x02,0x00,0x00,0x0C,0x02,0x20,0xA3,0x9C,
    0xC8,0x00,0xB7,0xEC,0x04,0x20,0x46,0xBA,0x00,0x03,0xB7,0xEB,0x5A,0xD6,0xB7,0xED,
    0xC0,0x00,0x13,0x02,0x07,0x00,0x10,0x01,0x04,0xC0,0xC8,0x00,0xB7,0xE2,0x16,0x02,
    0xC7,0x40,0x03,0x80,0x02,0x00,0x00,0x20,0x02,0x20,0xA3,0x9C,0xC8,0x00,0xB7,0xEE,
    0x04,0x20,0x54,0x78,0x00,0x01,0xB7,0xEF,0x04,0x20,0x3E,0x12,0x00,0x00,0x88,0x20,
    0xCD,0x54,0xD4,0x6A,0x16,0x67,0x88,0x20,0xCD,0x56,0xD4,0x6C,0x16,0x63,0x88,0x20,
    0xCD,0x58,0xD4,0x6E,0x16,0x5F,0x02,0x01,0x00,0x22,0x02,0x21,0xA3,0x9C,0xC8,0x01,
    0xB7,0xF0,0x04,0x20,0x46,0xBA,0x00,0x03,0xB7,0xF1,0x5A,0xD6,0x5A,0xD6,0xC0,0x00,
    0x16,0x51,0xC8,0x20,0x5A,0xD8,0xB7,0xE4,0x04,0x20,0x3B,0x94,0x00,0x01,0x5A,0xDA,
    0xC8,0x00,0xB7,0xE6,0x02,0x80,0x00,0x61,0x11,0xF7,0x02,0x80,0x00,0x7A,0x15,0xF4,
    0xC0,0xA0,0xB7,0xE4,0x0A,0x12,0x0A,0x80,0xC8,0x80,0xD6,0xCE,0x05,0xA0,0xB7,0xE4,
    0x88,0x20,0xB7,0xE4,0x5A,0xDC,0x12,0xE8,0x04,0x20,0x75,0xBA,0x9D,0x62,0x59,0x74,
    0xC8,0x20,0x5A,0xD8,0xB7,0xE4,0xC0,0xA0,0xB7,0xE4,0x0A,0x12,0x02,0x22,0xD6,0xCE,
    0xC8,0x02,0xB7,0xEA,0x04,0x20,0x75,0xFA,0xB7,0xEB,0x05,0xA0,0xB7,0xE4,0x88,0x20,
    0xB7,0xE4,0x5A,0xDC,0x12,0xF0,0x04,0x20,0x76,0x16,0x04,0x20,0x3E,0x12,0x00,0x00,
    0x88,0x20,0xCD,0x54,0xB7,0xDC,0x16,0x16,0x88,0x20,0xCD,0x56,0xB7,0xDE,0x16,0x12,
    0x88,0x20,0xCD,0x58,0xB7,0xE0,0x16,0x0E,0x02,0x01,0x00,0x24,0x02,0x21,0xA3,0x9C,
    0xC8,0x01,0xB7,0xEA,0x04,0x20,0x54,0x78,0x00,0x01,0xB7,0xEB,0xC0,0x20,0xB7,0xE2,
    0xC7,0x40,0x03,0x80,0x02,0x00,0x00,0x26,0x02,0x20,0xA3,0x9C,0xC8,0x00,0xB7,0xEA,
    0x04,0x20,0x54,0x78,0x00,0x01,0xB7,0xEB,0xC8,0x20,0x5A,0xDE,0xB7,0xE2,0xC0,0x20,
    0xB7,0xE2,0xC7,0x40,0x03,0x80,0x00,0x00,0x00,0x01,0x00,0x80,0x00,0x06,0x00,0x00,
    0xBC,0xE0,0x5A,0xE4,0x06,0xA0,0x5B,0x24,0x5B,0x46,0x06,0xA0,0x5B,0x36,0xC0,0x02,
    0x06,0xA0,0x5B,0x36,0x80,0x02,0x11,0x01,0xC0,0x02,0x06,0x04,0x15,0xF9,0xC7,0x40,
    0x03,0x80,0xBC,0xE0,0x5B,0x06,0x06,0xA0,0x5B,0x24,0x5B,0x4B,0x06,0xA0,0x5B,0x36,
    0xC0,0x02,0x06,0xA0,0x5B,0x36,0x80,0x02,0x15,0x01,0xC0,0x02,0x06,0x04,0x15,0xF9,
    0xC7,0x40,0x03,0x80,0x02,0xAA,0xCA,0xBB,0x00,0x20,0xC1,0x3E,0x06,0x04,0x15,0x02,
    0x04,0x60,0x67,0xF6,0x04,0x5B,0xC0,0xBE,0x20,0xA0,0x5B,0x44,0x16,0x01,0xC0,0x92,
    0xC0,0x92,0x04,0x5B,0x00,0x01,0x04,0x4D,0x41,0x58,0x30,0x04,0x4D,0x49,0x4E,0x30,
    0xBD,0xDA,0x5B,0x54,0x06,0xA0,0x5B,0xAC,0x5B,0xF0,0xCA,0xA0,0x5B,0xFA,0x00,0x24,
    0xC0,0xC3,0x16,0x02,0xC0,0x82,0x13,0x1E,0xC1,0x00,0xC1,0xC7,0x15,0x05,0x13,0x04,
    0x05,0x47,0x05,0x08,0x16,0x01,0x05,0x87,0xC0,0x02,0xC0,0x43,0xC1,0x42,0xC1,0x83,
    0x04,0x20,0x5E,0xCE,0x00,0x0E,0x04,0x20,0x5E,0xAC,0x00,0x0E,0xC0,0x85,0xC0,0xC6,
    0x60,0xC1,0x18,0x01,0x06,0x02,0x60,0x80,0xC1,0x04,0x13,0x04,0x05,0x42,0x05,0x03,
    0x16,0x01,0x05,0x82,0xC2,0x0D,0xCE,0x02,0xC6,0x03,0x03,0x80,0x02,0xAA,0xCA,0xBB,
    0x00,0x20,0x88,0x3E,0x5B,0xF8,0x13,0x02,0x04,0x60,0x67,0xF6,0xC2,0x7E,0x22,0x60,
    0x5B,0xEE,0x16,0x01,0xC2,0x59,0xC0,0xB9,0xC0,0xD9,0x04,0xC0,0xC0,0x82,0x15,0x07,
    0x13,0x06,0xC0,0x20,0x5B,0xF6,0x05,0x42,0x05,0x03,0x16,0x01,0x05,0x82,0xC2,0x7E,
    0x22,0x60,0x5B,0xEE,0x16,0x01,0xC2,0x59,0xC1,0xF9,0xC2,0x19,0x04,0x5B,0x00,0x01,
    0x04,0x4C,0x4D,0x4F,0x44,0x00,0x80,0x00,0x00,0x02,0x00,0x03,0xBC,0xE0,0x5C,0x00,
    0x06,0xA0,0x5C,0x64,0x5C,0xA4,0xC1,0x86,0x15,0x05,0x13,0x04,0x05,0x46,0x05,0x07,
    0x16,0x01,0x05,0x86,0xC2,0x0D,0xCE,0x06,0xC6,0x07,0x03,0x80,0xBC,0xE0,0x5C,0x20,
    0x06,0xA0,0x5C,0x74,0x5C,0xA9,0x60,0x47,0x18,0x01,0x06,0x00,0x60,0x06,0x15,0x03,
    0x13,0x02,0x04,0xC0,0x04,0xC1,0xC2,0x0D,0xCE,0x00,0xC6,0x01,0x03,0x80,0xBC,0xE0,
    0x5C,0x42,0x06,0xA0,0x5C,0x74,0x5C,0xAE,0xC2,0x00,0x02,0x48,0x80,0x00,0xA1,0x88,
    0x15,0x05,0x13,0x04,0x05,0x40,0x05,0x01,0x16,0x01,0x05,0x80,0xC2,0x0D,0xCE,0x00,
    0xC6,0x01,0x03,0x80,0x02,0xAA,0xCA,0xBB,0x00,0x20,0x88,0x3E,0x5C,0xB4,0x13,0x11,
    0x04,0x60,0x67,0xF6,0x02,0xAA,0xCA,0xBB,0x00,0x20,0x88,0x3E,0x5C,0xB6,0x13,0x02,
    0x04,0x60,0x67,0xF6,0xC2,0x7E,0x22,0x60,0x5C,0xA2,0x16,0x01,0xC2,0x59,0xC0,0x39,
    0xC0,0x59,0xC2,0x7E,0x22,0x60,0x5C,0xA2,0x16,0x01,0xC2,0x59,0xC1,0xB9,0xC1,0xD9,
    0x04,0x5B,0x00,0x01,0x04,0x4C,0x41,0x42,0x53,0x04,0x4C,0x44,0x49,0x4D,0x05,0x4C,
    0x53,0x49,0x47,0x4E,0x00,0x01,0x00,0x02,0xBC,0xE0,0x5C,0xBC,0x06,0xA0,0x69,0xB8,
    0x5D,0x12,0x06,0xA0,0x5C,0xEC,0xC1,0x03,0x13,0x0F,0xC2,0xEA,0x00,0x2A,0x13,0x09,
    0x15,0x02,0x05,0x2A,0x00,0x2A,0x04,0xC2,0x3C,0xAA,0x00,0x2A,0x38,0xAA,0x00,0x2A,
    0x61,0x03,0xC0,0x00,0x15,0x01,0x05,0x04,0xC7,0x44,0x03,0x80,0xC2,0x7E,0x22,0x60,
    0x5D,0x10,0x16,0x01,0xC2,0x59,0xC0,0xD9,0xC0,0x03,0x13,0x02,0x15,0x01,0x05,0x03,
    0xC2,0x7E,0x22,0x60,0x5D,0x10,0x16,0x01,0xC2,0x59,0xCA,0x99,0x00,0x2A,0x04,0x5B,
    0x00,0x01,0x03,0x4D,0x4F,0x44,0xC3,0x3B,0x02,0xAA,0x88,0x2A,0x00,0x24,0x5D,0x46,
    0x16,0x01,0xA3,0x0A,0x27,0x20,0x5D,0x44,0x13,0x01,0xC3,0x1C,0xC3,0x1C,0x13,0x06,
    0x86,0xCC,0x1B,0x04,0xA3,0x0C,0xA2,0xCC,0xC2,0xDB,0x04,0x5B,0xC3,0x3B,0xA3,0x0C,
    0xA2,0xCC,0x04,0x5B,0x00,0x01,0x00,0x02,0x02,0x00,0x80,0xEE,0x04,0x20,0xBF,0xE0,
    0x04,0x60,0x81,0x54,0xC0,0xBB,0x05,0xCC,0xC0,0xFB,0x02,0xAA,0x88,0x2A,0x00,0x24,
    0x5D,0x9E,0x13,0x0C,0xC1,0x03,0x05,0xC3,0x06,0x02,0x11,0x16,0xC1,0x7C,0x25,0x60,
    0x5D,0x9C,0x13,0x02,0xCC,0xD5,0x10,0xF8,0xCC,0xC5,0x10,0xF6,0xA0,0xCA,0xC1,0x03,
    0x05,0xC3,0x06,0x02,0x11,0x09,0xC1,0x7C,0xA1,0x4A,0x25,0x60,0x5D,0x9C,0x13,0x02,
    0xCC,0xD5,0x10,0xF7,0xCC,0xC5,0x10,0xF5,0xC5,0x0C,0x04,0x5B,0x00,0x01,0x00,0x02,
    0x02,0xAC,0x04,0xEC,0x00,0x2A,0x10,0x32,0x02,0xAC,0xCB,0x20,0x5E,0x66,0x00,0x2A,
    0x10,0x2D,0x02,0xAC,0xCB,0x20,0x5E,0x68,0x00,0x2A,0x10,0x28,0x02,0xAC,0xCB,0x20,
    0x5E,0x6A,0x00,0x2A,0x10,0x23,0x02,0xAC,0xCB,0x20,0x5E,0x6C,0x00,0x2A,0x10,0x1E,
    0x02,0xAC,0xCB,0x20,0x5E,0x6E,0x00,0x2A,0x10,0x19,0x02,0xAC,0xCB,0x20,0x5E,0x70,
    0x00,0x2A,0x10,0x14,0x02,0xAC,0xCB,0x20,0x5E,0x72,0x00,0x2A,0x10,0x0F,0x02,0xAC,
    0xCB,0x20,0x5E,0x74,0x00,0x2A,0x10,0x0A,0x02,0xAC,0xCB,0x20,0x5E,0x76,0x00,0x2A,
    0x10,0x05,0x02,0xAC,0xCB,0x20,0x5E,0x78,0x00,0x2A,0x10,0x00,0xCB,0x0D,0x00,0x2C,
    0xCB,0x0E,0x00,0x2E,0xC3,0x7B,0x88,0x2C,0x00,0x24,0x5E,0x66,0x16,0x01,0xA3,0x4C,
    0x27,0x60,0x5E,0x64,0x13,0x01,0xC3,0x5D,0xC3,0x5D,0xCB,0x0D,0x00,0x28,0x07,0x6C,
    0x00,0x28,0xAB,0x0C,0x00,0x2A,0xC3,0xAC,0x00,0x2A,0xC3,0x9E,0x2B,0x4E,0xCB,0x0D,
    0x00,0x26,0x07,0x4E,0x04,0xCD,0x3F,0x6C,0x00,0x28,0xC3,0xAC,0x00,0x26,0x15,0x02,
    0x13,0x01,0x05,0x0D,0xC3,0xAC,0x00,0x2A,0xC7,0x8D,0xC3,0x6C,0x00,0x2C,0xC3,0xAC,
    0x00,0x2E,0x04,0x5B,0x00,0x01,0x00,0x02,0x00,0x04,0x00,0x06,0x00,0x08,0x00,0x0A,
    0x00,0x0C,0x00,0x0E,0x00,0x10,0x00,0x12,0x00,0x14,0xBC,0xE0,0x5E,0x7E,0x06,0xA0,
    0x5F,0xC6,0xC4,0x86,0xC4,0xC7,0x03,0x80,0xBC,0xE0,0x5E,0x8C,0x06,0xA0,0x5F,0xC6,
    0x64,0xC7,0x18,0x01,0x06,0x12,0x64,0x86,0x03,0x80,0xBC,0xE0,0x5E,0x9E,0x06,0xA0,
    0x5F,0xC6,0xA4,0xC7,0x17,0x01,0x05,0x86,0xA4,0x86,0x03,0x80,0xBC,0xE0,0x5E,0xB0,
    0x06,0xA0,0x5F,0xC6,0x06,0xA0,0x5E,0xBA,0x03,0x80,0xC2,0x47,0x39,0xD2,0x39,0x93,
    0xA1,0xC8,0xC2,0x09,0x3A,0x13,0xA2,0x07,0xC4,0x88,0xC4,0xC9,0x04,0x5B,0xBC,0xE0,
    0x5E,0xD2,0x06,0xA0,0x5F,0xC6,0xC2,0x12,0xC2,0x53,0xC3,0x06,0x15,0x05,0x13,0x04,
    0x05,0x46,0x05,0x07,0x16,0x01,0x05,0x86,0x2B,0x08,0xC2,0x08,0x15,0x05,0x13,0x04,
    0x05,0x48,0x05,0x09,0x16,0x01,0x05,0x88,0x06,0xA0,0x5F,0x12,0xC3,0x0C,0x15,0x05,
    0x13,0x04,0x05,0x40,0x05,0x01,0x16,0x01,0x05,0x80,0xC2,0x0D,0xCE,0x00,0xC6,0x01,
    0x03,0x80,0x04,0xC0,0x04,0xC1,0xC1,0x06,0xE1,0x07,0x13,0x27,0x82,0x06,0x1B,0x25,
    0x1A,0x02,0x82,0x47,0x1B,0x22,0xC1,0x06,0xC1,0x47,0x04,0xC2,0x02,0x03,0x00,0x01,
    0xCA,0x84,0x00,0x88,0xCA,0x85,0x00,0x8A,0x0A,0x14,0x0A,0x15,0x17,0x01,0x05,0x84,
    0x81,0x08,0x1A,0x08,0x1B,0x02,0x81,0x49,0x1A,0x05,0x0A,0x12,0x0A,0x13,0x17,0xF0,
    0x05,0x82,0x10,0xEE,0xA0,0x43,0x17,0x01,0x05,0x80,0xA0,0x02,0x62,0x6A,0x00,0x8A,
    0x18,0x01,0x06,0x08,0x62,0x2A,0x00,0x88,0x10,0xD9,0x04,0x5B,0xBC,0xE0,0x5F,0x70,
    0xC0,0x8D,0xC0,0xCD,0x05,0xC3,0xC1,0x92,0xC1,0xD3,0x06,0xA0,0x5E,0xBA,0x03,0x80,
    0xBC,0xE0,0x5F,0x84,0xC0,0x8D,0xC0,0xCD,0x05,0xC3,0xC1,0x92,0xC1,0xD3,0x06,0xA0,
    0x5E,0xBA,0xC1,0x88,0xC1,0xC9,0x06,0xA0,0x5E,0xBA,0x03,0x80,0xBC,0xE0,0x5F,0xA0,
    0xC0,0x8D,0xC0,0xCD,0x05,0xC3,0x05,0x52,0x05,0x13,0x16,0x01,0x05,0x92,0x03,0x80,
    0xBC,0xE0,0x5F,0xB4,0xC3,0x1D,0x16,0x05,0xC3,0x2D,0x00,0x02,0x13,0x02,0xC3,0x20,
    0x5F,0xE8,0x02,0xCF,0x03,0x80,0x02,0xAA,0xC2,0x7E,0x88,0x2D,0x00,0x24,0x5F,0xEA,
    0x16,0x01,0xA2,0x4D,0x22,0x60,0x5F,0xE8,0x16,0x01,0xC2,0x59,0xC1,0xB9,0xC1,0xD9,
    0xC0,0x8D,0xC0,0xCD,0x05,0xC3,0x04,0x5B,0x00,0x01,0x00,0x03,0xBC,0xE0,0x5F,0xF0,
    0x06,0xA0,0x6D,0x02,0x60,0x6C,0xC1,0x3C,0xC1,0x5C,0x10,0x08,0xBC,0xE0,0x60,0x00,
    0x06,0xA0,0x6D,0x02,0x60,0x74,0xC1,0x5C,0xC1,0x05,0x08,0xF4,0x04,0xC6,0x04,0xC0,
    0x02,0x01,0x00,0x01,0xC0,0xD9,0x15,0x08,0x11,0x05,0xC1,0x04,0x15,0x03,0x11,0x23,
    0xC1,0x45,0x13,0x21,0x05,0x86,0x05,0x03,0x21,0x41,0x16,0x01,0x05,0x86,0x09,0x16,
    0xC1,0x04,0x11,0x19,0x16,0x02,0xC1,0x45,0x13,0x17,0x02,0x83,0x00,0x01,0x13,0x0F,
    0x09,0x15,0x17,0x02,0xC0,0x01,0x38,0x03,0x09,0x14,0x17,0x02,0x02,0x65,0x80,0x00,
    0xC1,0x45,0x16,0x02,0xC1,0x04,0x13,0x03,0xC0,0x83,0x38,0x82,0x10,0xF1,0xC1,0x86,
    0x13,0x03,0x05,0x01,0x10,0x01,0x04,0xC1,0xC7,0x41,0x03,0x80,0x06,0x49,0x20,0x2A,
    0x2A,0x20,0x45,0x00,0x06,0x49,0x20,0x2A,0x2A,0x20,0x49,0x00,0xBC,0xE0,0x60,0x80,
    0x06,0xA0,0x60,0xCA,0x04,0xC2,0xC0,0xD9,0x15,0x02,0x13,0x01,0x07,0x02,0xC2,0x0D,
    0xCE,0x02,0xC6,0x03,0x03,0x80,0xBC,0xE0,0x60,0x9A,0x06,0xA0,0x60,0xD8,0x04,0xC2,
    0xC0,0xD9,0x13,0x0F,0x15,0x01,0x07,0x02,0xC3,0x0C,0x13,0x0B,0x11,0x04,0x08,0x13,
    0x06,0x0C,0x15,0xFD,0x10,0x06,0x0A,0x12,0x0A,0x13,0x17,0x01,0x05,0x82,0x05,0x8C,
    0x11,0xFA,0xC2,0x0D,0xCE,0x02,0xC6,0x03,0x03,0x80,0x02,0xAA,0xC2,0x7E,0x22,0x60,
    0x60,0xE8,0x16,0x01,0xC2,0x59,0x04,0x5B,0x02,0xAA,0xC2,0x7E,0x22,0x60,0x60,0xE8,
    0x16,0x01,0xC2,0x59,0xC3,0x3E,0x04,0x5B,0x00,0x01,0x02,0xAA,0xCA,0xA0,0x61,0x62,
    0x00,0x24,0xCA,0xAE,0xFF,0xFE,0x00,0x22,0xC0,0x3B,0x11,0x12,0x13,0x01,0xC0,0x7B,
    0xCA,0x8B,0x00,0x20,0x02,0x2B,0x00,0x06,0x8F,0x80,0x16,0x29,0x06,0x00,0x11,0x26,
    0xC0,0xBE,0x24,0xA0,0x61,0x62,0x13,0x02,0xCC,0x52,0x10,0xF8,0xCC,0x42,0x10,0xF6,
    0x05,0xAA,0x00,0x24,0x02,0x40,0x00,0xFF,0x13,0x02,0xC0,0x7B,0xA0,0x4A,0xCA,0x8B,
    0x00,0x20,0x02,0x2B,0x00,0x06,0x8F,0x80,0x16,0x12,0x04,0xC3,0x88,0x2D,0x00,0x24,
    0x61,0x64,0x16,0x01,0xC0,0xCD,0x06,0x00,0x11,0x09,0xC0,0xBE,0xA0,0x83,0x24,0xA0,
    0x61,0x62,0x13,0x02,0xCC,0x52,0x10,0xF7,0xCC,0x42,0x10,0xF5,0x04,0x5B,0x04,0x60,
    0x6D,0x2A,0x00,0x01,0x00,0x02,0x00,0x08,0xBB,0x88,0x61,0x6C,0xC0,0x20,0xBB,0x62,
    0x16,0x1D,0x04,0x20,0x64,0x6A,0x02,0x01,0xB7,0xF2,0xC8,0x01,0xBB,0x62,0xC0,0x20,
    0xBB,0xD6,0x13,0x14,0x04,0xD1,0x06,0xA0,0x62,0x02,0x00,0x00,0x61,0xB2,0x06,0xA0,
    0x62,0x02,0x0A,0x00,0x61,0x9C,0xD2,0x60,0xBB,0x56,0x10,0x01,0x07,0x09,0x06,0xA0,
    0x62,0x02,0x01,0x00,0x61,0xB2,0x02,0x49,0x60,0x00,0x16,0x02,0x04,0xDD,0x03,0x80,
    0x07,0x00,0xC7,0x40,0x03,0x80,0xBB,0x68,0x61,0xBA,0x04,0xDD,0xC0,0x20,0xBB,0xD6,
    0x13,0x1B,0xC0,0x20,0xBB,0x62,0x13,0x15,0xC8,0x20,0xBB,0x5A,0xBB,0x5C,0x06,0xA0,
    0x62,0x02,0x00,0x00,0x61,0xF6,0x06,0xA0,0x62,0x02,0x0C,0x00,0x61,0xE2,0x04,0xC9,
    0x10,0x01,0xC2,0x40,0x06,0xA0,0x62,0x02,0x01,0x00,0x61,0xF6,0xC0,0x09,0x16,0x03,
    0x03,0x80,0x02,0x00,0xFF,0x07,0xC7,0x40,0x03,0x80,0xBB,0x68,0x61,0xFE,0x04,0xDD,
    0x03,0x80,0xD8,0x3B,0xBB,0x54,0x05,0x8B,0x07,0x00,0xC8,0x20,0xBB,0xE8,0xBB,0x60,
    0x11,0x15,0xC8,0x20,0xBB,0x62,0xBB,0x58,0x2F,0xE0,0xBB,0x52,0xD0,0x20,0xBB,0x53,
    0x13,0x0B,0x09,0x80,0x02,0x80,0x00,0x3B,0x13,0x03,0x02,0x80,0x00,0x0B,0x16,0x06,
    0x06,0x4B,0x2F,0xE0,0xBB,0x64,0x10,0xE5,0x05,0xCB,0x04,0x5B,0xC3,0x1B,0x13,0xFC,
    0x04,0x5C,0x30,0x24,0x2E,0x28,0xBB,0x68,0x62,0x4A,0x04,0xDD,0x06,0xA0,0x64,0x56,
    0xD0,0xF1,0x09,0x83,0x13,0x36,0x06,0xA0,0x63,0x36,0xC0,0xC2,0x16,0x33,0x06,0xA0,
    0x64,0x54,0xD0,0x31,0xC0,0x81,0x09,0x80,0x98,0x12,0x62,0x43,0x13,0x03,0x98,0x12,
    0x62,0x42,0x1A,0x03,0x05,0x82,0x06,0x00,0x16,0xF7,0x98,0x12,0x62,0x44,0x13,0x03,
    0x98,0x12,0x62,0x45,0x16,0x1E,0x60,0x81,0x13,0x1C,0xC0,0xC2,0x06,0xA0,0x63,0x36,
    0xC1,0x02,0x13,0x17,0x06,0xA0,0x64,0x54,0xD0,0x14,0xB0,0x11,0x06,0xC3,0x70,0x03,
    0x94,0x80,0x1B,0x16,0xDC,0x80,0xD0,0x34,0x09,0x80,0xDC,0xB4,0x06,0x00,0x16,0xFD,
    0xD0,0x31,0x09,0x80,0x06,0xC3,0x60,0x03,0xA0,0x43,0xDC,0xB1,0x06,0x00,0x16,0xFD,
    0x03,0x80,0x04,0xC3,0x06,0xA0,0x64,0x54,0xC0,0x43,0x06,0xA0,0x63,0x12,0x03,0x80,
    0x02,0x00,0x90,0x1B,0xC7,0x40,0x03,0x80,0xBB,0x68,0x62,0xDC,0x04,0xDD,0x06,0xA0,
    0x64,0x56,0xC0,0x81,0x02,0x01,0xBB,0xC8,0xC8,0x42,0x00,0x02,0xD0,0xF1,0x09,0x83,
    0x06,0xA0,0x63,0x36,0xC0,0xC2,0x06,0xA0,0x64,0x54,0xC0,0x43,0x06,0xA0,0x63,0x12,
    0x03,0x80,0xBB,0x68,0x63,0x06,0x04,0xDD,0x06,0xA0,0x64,0x56,0x06,0xA0,0x63,0x12,
    0x03,0x80,0xC0,0x41,0x16,0x02,0x02,0x01,0x63,0x34,0xD0,0x31,0x94,0x80,0x1B,0x06,
    0xDC,0x80,0x09,0x80,0x13,0x06,0xDC,0xB1,0x06,0x00,0x10,0xFC,0x02,0x00,0x90,0x1B,
    0xC7,0x40,0x04,0x5B,0x00,0x00,0xC2,0x60,0xBB,0x62,0x13,0x1D,0xC0,0x81,0xC2,0x09,
    0xA2,0x29,0x00,0x08,0xC0,0x03,0xD1,0x18,0x13,0x19,0x09,0x84,0x81,0x00,0x16,0x0C,
    0x05,0x88,0xC1,0x48,0xC1,0xC8,0xA1,0xC4,0x06,0x08,0xC1,0x82,0x9D,0x76,0x16,0x04,
    0x81,0xC5,0x1A,0xFC,0xC0,0x87,0x10,0x0B,0xD1,0x38,0x09,0x84,0xA2,0x04,0xD1,0x38,
    0x09,0x84,0xA2,0x04,0x10,0xE8,0x02,0x00,0xFF,0x05,0xC7,0x40,0x04,0xC2,0x04,0x5B,
    0xBB,0x68,0x63,0x84,0x04,0xDD,0x06,0xA0,0x64,0x56,0x06,0xA0,0x63,0xF6,0xC0,0x82,
    0x13,0x04,0xD0,0x12,0x13,0x02,0x06,0xA0,0x63,0x9C,0x03,0x80,0xC2,0x60,0xBB,0x62,
    0x13,0x26,0xC2,0x09,0xA2,0x29,0x00,0x08,0xD1,0xF8,0x09,0x87,0x13,0x02,0xA2,0x07,
    0x10,0xFB,0x06,0x08,0xD1,0xD1,0x09,0x87,0xD1,0x92,0x09,0x86,0xA1,0xC6,0x02,0x27,
    0x00,0x04,0xA1,0xC8,0xC1,0xA9,0x00,0x0A,0xA1,0x89,0x81,0x87,0x14,0x10,0xC1,0x81,
    0xD1,0xD6,0x09,0x87,0xDE,0x36,0x06,0x07,0x15,0xFD,0xDE,0x16,0xC1,0x82,0xD1,0xD6,
    0x09,0x87,0xDE,0x36,0x06,0x07,0x15,0xFD,0xDE,0x16,0x76,0x18,0x04,0x5B,0x02,0x00,
    0xFF,0x06,0xC7,0x40,0x04,0x5B,0xC2,0x60,0xBB,0x62,0x13,0x28,0xC2,0x09,0xA2,0x29,
    0x00,0x08,0xC1,0xC8,0xC2,0x48,0xD1,0x19,0x09,0x84,0x13,0x18,0xC0,0xC1,0x9E,0x73,
    0x16,0x0A,0x06,0x04,0x15,0xFC,0x13,0xFB,0xD0,0x38,0x09,0x80,0xA2,0x00,0xD0,0x38,
    0x09,0x80,0xA2,0x00,0x10,0xEF,0x02,0x06,0x00,0x02,0xD0,0x38,0xDD,0xC0,0x09,0x80,
    0xDD,0xF8,0x06,0x00,0x15,0xFD,0x06,0x06,0x15,0xF8,0x10,0xE4,0xC2,0x60,0xBB,0x62,
    0xA2,0x69,0x00,0x0A,0xDD,0xD8,0x82,0x47,0x1A,0xFD,0x04,0x5B,0x02,0x00,0xFF,0x05,
    0xC7,0x40,0x04,0x5B,0x06,0x4E,0xC0,0xBE,0xC0,0x42,0x09,0x71,0xA0,0x4D,0xC0,0x51,
    0x06,0xC2,0x09,0x72,0xA0,0x8D,0xC0,0x92,0x04,0x5B,0xBB,0x68,0x64,0x6E,0xC7,0x60,
    0xBB,0xD2,0x16,0x3E,0x2F,0xE0,0xBB,0xD4,0xC0,0x60,0xBB,0xD6,0x16,0x10,0xC0,0x20,
    0xBB,0xCC,0x13,0x0D,0x2F,0xE0,0x00,0x00,0xD0,0x60,0x00,0x00,0x09,0x81,0xC0,0x81,
    0xA0,0x82,0xC0,0xA2,0x00,0x00,0xD0,0x62,0x00,0x00,0xC8,0x01,0xBB,0xD6,0xC0,0xC1,
    0x02,0x41,0x00,0x3F,0xC8,0x01,0xBB,0xE8,0x0A,0x43,0x08,0xC3,0xD8,0x20,0xBB,0xD0,
    0xBB,0x55,0x02,0x04,0x42,0x46,0xC8,0x03,0xBB,0xDA,0x13,0x04,0xD8,0x20,0xBB,0xD1,
    0xBB,0x55,0x06,0xC4,0xD8,0x04,0xBB,0xE2,0xC1,0x41,0x39,0x60,0x64,0xF2,0x3D,0x60,
    0x64,0xF4,0xE1,0x46,0x02,0x25,0x30,0x30,0xD8,0x05,0xBB,0xE7,0x06,0xC5,0xD8,0x05,
    0xBB,0xE6,0xC0,0x20,0xBB,0xD8,0x09,0x80,0xC8,0x00,0xBB,0xCE,0x07,0x20,0xBB,0xD2,
    0x03,0x80,0x01,0x00,0x0A,0x00,0x00,0x01,0x12,0x91,0x93,0x00,0x00,0x50,0xBB,0x68,
    0x65,0x02,0x04,0xDD,0xC0,0x60,0xBC,0x12,0x16,0x03,0xC7,0x60,0x67,0x62,0x10,0x26,
    0xC0,0xAD,0x00,0x02,0x13,0x08,0xD8,0x60,0x67,0x6A,0x00,0x02,0xC8,0x60,0xBC,0xD0,
    0x00,0x0A,0x13,0x01,0x2F,0xD1,0x02,0x81,0xBC,0xA8,0x16,0x03,0x04,0xE0,0xBC,0xD0,
    0x10,0x0C,0xD8,0x60,0x67,0x72,0x00,0x02,0x2F,0xD1,0xD8,0x60,0x64,0xF7,0x00,0x02,
    0x2F,0xD1,0xD8,0x60,0x64,0xFA,0x00,0x02,0x2F,0xD1,0x04,0xE0,0xBC,0x12,0x02,0x01,
    0xBC,0xA8,0xC0,0x20,0xBC,0xA4,0x13,0x02,0xC8,0x01,0xBC,0x12,0x03,0x80,0xBB,0x68,
    0x65,0x62,0x04,0xDD,0xC0,0x60,0xBC,0x12,0x02,0x81,0xBB,0xEA,0x13,0x2B,0xC0,0xAD,
    0x00,0x02,0x13,0x02,0xD0,0x12,0x16,0x1B,0x02,0x01,0xBC,0xA8,0xC0,0xA0,0xBB,0xDC,
    0x07,0x20,0xBC,0xD2,0xC0,0x20,0xBC,0xA4,0x16,0x18,0xC0,0x20,0xBB,0xDA,0x15,0x07,
    0x07,0x20,0xBC,0xA4,0xD0,0xE0,0x64,0xF8,0x06,0xA0,0x66,0xCE,0x10,0x0E,0x78,0x61,
    0x00,0x03,0x00,0x03,0xC8,0x01,0xBC,0x12,0x04,0xE0,0xBC,0xD2,0x10,0x06,0x02,0x01,
    0xBB,0xEA,0xD0,0xE0,0x64,0xF6,0x06,0xA0,0x66,0xCE,0x06,0xA0,0x66,0xB6,0x04,0xE0,
    0xBC,0xD0,0x03,0x80,0xC7,0x60,0x67,0x68,0x03,0x80,0xBB,0x68,0x65,0xCE,0x04,0xDD,
    0xC0,0x60,0xBC,0x12,0x16,0x03,0xC7,0x60,0x67,0x62,0x10,0x2C,0xC1,0x20,0xBC,0xA6,
    0x02,0x03,0xBC,0x18,0xC0,0xA0,0xBC,0xD2,0x11,0x02,0x06,0x43,0x05,0xC4,0x05,0x84,
    0x02,0x44,0xFF,0xFE,0x16,0x01,0x05,0xC4,0xC8,0x44,0x00,0x0A,0xC8,0x43,0x00,0x06,
    0xD8,0x60,0x67,0x71,0x00,0x02,0xD8,0x60,0x67,0x74,0x00,0x05,0x2F,0xD1,0xD0,0xA1,
    0x00,0x01,0x09,0x82,0xC7,0x42,0x05,0xA0,0xBC,0xD0,0x04,0xE0,0xBC,0xA6,0x02,0x04,
    0xBC,0x18,0xC8,0x44,0x00,0x06,0xC0,0xA0,0xBC,0x14,0x02,0x03,0x20,0x20,0xDD,0x03,
    0x06,0x02,0x15,0xFD,0x03,0x80,0xBB,0x68,0x66,0x3A,0x04,0xDD,0xC0,0x60,0xBC,0x12,
    0x16,0x03,0xC7,0x60,0x67,0x62,0x10,0x36,0xC1,0xA0,0xBC,0x14,0x02,0x07,0x7F,0x00,
    0xC0,0xAD,0x00,0x04,0x13,0x03,0x15,0x02,0xC0,0xA0,0xBC,0xA6,0x81,0x82,0x12,0x03,
    0xC7,0x60,0x67,0x66,0x10,0x27,0xC0,0x6D,0x00,0x02,0xD0,0xF1,0x09,0x83,0x13,0x22,
    0xD1,0x31,0x91,0xC4,0x16,0x0A,0xD1,0x31,0x09,0x84,0x81,0x82,0x15,0x03,0xD8,0x85,
    0xBC,0x18,0x05,0x82,0x06,0x04,0x15,0xF9,0x10,0x09,0xD1,0x44,0x02,0x84,0x20,0x00,
    0x1A,0x05,0x81,0x82,0x15,0x03,0xD8,0x85,0xBC,0x18,0x05,0x82,0x06,0x03,0x15,0xE8,
    0x88,0x02,0xBC,0xA6,0x11,0x02,0xC8,0x02,0xBC,0xA6,0x81,0xA0,0xBC,0xA6,0x12,0x02,
    0xC7,0x60,0x67,0x64,0x03,0x80,0xC0,0x60,0xBC,0x14,0x02,0x02,0xBC,0x18,0x02,0x03,
    0x20,0x20,0xDC,0x83,0x06,0x01,0x15,0xFD,0x04,0xE0,0xBC,0xA6,0x04,0x5B,0x02,0x05,
    0x06,0x0D,0xC8,0x45,0x00,0x10,0xC8,0x60,0x64,0xFC,0x00,0x08,0xC8,0x42,0x00,0x16,
    0xD8,0x60,0x64,0xF9,0x00,0x02,0x2F,0xD1,0xD0,0x21,0x00,0x01,0x09,0x80,0x16,0x33,
    0xD8,0x43,0x00,0x02,0xD1,0x60,0x67,0x75,0xD8,0x45,0x00,0x05,0x2F,0xD1,0xF8,0x60,
    0x67,0x74,0x00,0x05,0xD0,0x21,0x00,0x01,0x09,0x80,0x16,0x21,0xC0,0xA1,0x00,0x06,
    0xC0,0xC2,0x0B,0x82,0x11,0x08,0x0A,0x83,0x02,0x83,0x04,0x00,0x13,0x12,0x02,0x83,
    0x06,0x00,0x13,0x0F,0x10,0x06,0x09,0x83,0x06,0x03,0x13,0x03,0x06,0x03,0x13,0x01,
    0x10,0x05,0xC8,0x02,0xBC,0xD2,0xC8,0x01,0xBC,0x12,0x04,0x5B,0x02,0x00,0x90,0x26,
    0x10,0x02,0x02,0x00,0x90,0x22,0xD8,0x60,0x64,0xF6,0x00,0x02,0x2F,0xD1,0xD8,0x60,
    0x64,0xFA,0x00,0x02,0x2F,0xD1,0xC0,0x00,0x15,0x02,0x02,0x20,0x01,0x00,0xC7,0x40,
    0x03,0x80,0xFF,0xF8,0xFF,0xFA,0xFF,0xF9,0xFF,0xFB,0x07,0x06,0x80,0x00,0x09,0x0A,
    0x0E,0x0B,0x0D,0x00,0x21,0x00,0x02,0x00,0x02,0x00,0x00,0x00,0x04,0x00,0x00,0x00,
    0xBB,0xA8,0x67,0x84,0xC0,0x6D,0x00,0x02,0xC0,0xED,0x00,0x04,0xC0,0x20,0xBB,0xCC,
    0x13,0x0B,0x02,0x02,0xBC,0xD6,0xC0,0x02,0xC3,0x72,0xC3,0xB2,0xC3,0xF2,0x04,0xD0,
    0xC7,0x41,0xCB,0x43,0x00,0x06,0x03,0x80,0x04,0x20,0x61,0x68,0xC0,0x00,0x16,0x0D,
    0xC0,0xC3,0x13,0x05,0x02,0x02,0x67,0xCE,0x04,0x20,0x63,0x80,0x02,0x03,0xC0,0xA0,
    0xBB,0x62,0xC8,0x81,0x00,0x0E,0x04,0x20,0x61,0xB6,0x2F,0xE0,0xBC,0xD4,0x03,0x00,
    0x00,0x00,0x02,0x01,0x68,0x08,0x10,0x08,0x02,0x01,0x68,0x1B,0x10,0x05,0x02,0x01,
    0x68,0x5E,0x10,0x02,0x02,0x01,0x68,0x70,0xC0,0x2A,0x00,0x20,0x04,0x60,0x81,0x66,
    0x02,0x01,0x68,0x2F,0x10,0x05,0x02,0x01,0x68,0x40,0x10,0x02,0x02,0x01,0x68,0x79,
    0xC0,0x2A,0x00,0x20,0x04,0x60,0x81,0x6C,0x12,0x41,0x52,0x47,0x55,0x4D,0x45,0x4E,
    0x54,0x20,0x54,0x4F,0x4F,0x20,0x4C,0x41,0x52,0x47,0x45,0x13,0x42,0x4F,0x54,0x48,
    0x20,0x41,0x52,0x47,0x55,0x4D,0x45,0x4E,0x54,0x53,0x20,0x5A,0x45,0x52,0x4F,0x10,
    0x44,0x49,0x56,0x49,0x53,0x49,0x4F,0x4E,0x20,0x42,0x59,0x20,0x5A,0x45,0x52,0x4F,
    0x1D,0x49,0x4E,0x43,0x4F,0x52,0x52,0x45,0x43,0x54,0x20,0x4E,0x55,0x4D,0x42,0x45,
    0x52,0x20,0x4F,0x46,0x20,0x41,0x52,0x47,0x55,0x4D,0x45,0x4E,0x54,0x53,0x11,0x4E,
    0x45,0x47,0x41,0x54,0x49,0x56,0x45,0x20,0x41,0x52,0x47,0x55,0x4D,0x45,0x4E,0x54,
    0x08,0x4F,0x56,0x45,0x52,0x46,0x4C,0x4F,0x57,0x0B,0x53,0x49,0x4E,0x47,0x55,0x4C,
    0x41,0x52,0x49,0x54,0x59,0x00,0x04,0xCA,0xC2,0x0B,0x06,0xA0,0x68,0xC2,0x06,0xA0,
    0x6A,0x82,0x10,0x14,0x04,0xCA,0xC2,0x0B,0x06,0xA0,0x68,0xC2,0x06,0xA0,0x6A,0x7C,
    0x10,0x0D,0x04,0xCA,0xC2,0x0B,0x06,0xA0,0x68,0xC2,0x06,0xA0,0x6B,0x3A,0x10,0x06,
    0x04,0xCA,0xC2,0x0B,0x06,0xA0,0x68,0xC2,0x06,0xA0,0x6B,0x72,0xC2,0xEA,0x00,0xE8,
    0x04,0x5B,0xC2,0x78,0xA2,0x4A,0x02,0xAA,0xCA,0x88,0x00,0xE8,0xCA,0xB9,0x00,0x26,
    0xCA,0xB9,0x00,0x28,0xCA,0xB9,0x00,0x2A,0xCA,0x99,0x00,0x2C,0x04,0x5B,0x04,0xCA,
    0xC2,0x7B,0xA2,0x4A,0x02,0xAA,0xC0,0x39,0xC0,0x79,0xC0,0xB9,0xC0,0xD9,0x04,0x5B,
    0xC2,0x7B,0xA2,0x4A,0xCE,0x40,0xCE,0x41,0xCE,0x42,0xC6,0x43,0x04,0x5B,0x04,0xCA,
    0xC2,0x7B,0xA2,0x4A,0x02,0xAA,0xC3,0x3B,0xA3,0x0A,0xCF,0x39,0xCF,0x39,0xCF,0x39,
    0xC7,0x19,0x04,0x5B,0x02,0xAA,0xCA,0xBB,0x00,0x20,0xCA,0x8B,0x00,0xE8,0x06,0xA0,
    0x69,0xC6,0x06,0xA0,0x69,0x54,0x06,0xA0,0x68,0xE0,0x00,0x26,0xC2,0xEA,0x00,0xE8,
    0x04,0x5B,0x02,0xAA,0xCA,0xBB,0x00,0x20,0xCA,0x8B,0x00,0xE8,0x06,0xA0,0x69,0xD2,
    0x06,0xA0,0x69,0x54,0x06,0xA0,0x68,0xE0,0x00,0x26,0x06,0xA0,0x69,0x54,0xC2,0xEA,
    0x00,0xE8,0x04,0x5B,0xCA,0x8B,0x00,0xE6,0xC2,0x7E,0x22,0x60,0x6D,0x22,0x16,0x01,
    0xC2,0x59,0x06,0xA0,0x6C,0x32,0xC2,0xEA,0x00,0xE6,0x04,0x5B,0x02,0xAA,0xCA,0xBB,
    0x00,0x20,0xCA,0x8B,0x00,0xE8,0x06,0xA0,0x69,0xC6,0xC2,0x7E,0x88,0x2D,0x00,0x24,
    0x6D,0x28,0x16,0x01,0xA2,0x4D,0x22,0x60,0x6D,0x22,0x16,0x01,0xC2,0x59,0xC3,0x09,
    0x06,0xA0,0x6C,0x32,0x06,0xA0,0x68,0xE0,0x00,0x26,0xC2,0x4C,0x02,0x29,0x00,0x04,
    0x06,0xA0,0x6C,0x32,0xC2,0xEA,0x00,0xE8,0x04,0x5B,0x02,0xAA,0xCA,0xBB,0x00,0x20,
    0xC3,0x0B,0x06,0xA0,0x69,0xC6,0x04,0x5C,0x02,0xAA,0xCA,0xBB,0x00,0x20,0xC3,0x0B,
    0x06,0xA0,0x69,0xD2,0x04,0x5C,0x88,0x3E,0x6D,0x22,0x13,0x02,0x04,0x60,0x67,0xF6,
    0x04,0x5B,0x88,0x3E,0x6D,0x26,0x13,0x02,0x04,0x60,0x67,0xF6,0x04,0x5B,0xC0,0x82,
    0x11,0x0B,0x16,0x02,0xC0,0xC3,0x13,0x06,0x0A,0x12,0x0A,0x13,0x17,0x01,0x05,0x82,
    0x06,0x01,0x10,0xF5,0x04,0xC1,0x04,0xC0,0x04,0x5B,0xC0,0x82,0x13,0x2B,0x02,0x21,
    0x01,0x00,0x11,0x25,0x02,0x81,0x01,0xFC,0x15,0x1D,0xC3,0x01,0x09,0x21,0x05,0x0C,
    0x02,0x4C,0x00,0x03,0x13,0x08,0x05,0x81,0x09,0x13,0x09,0x12,0x17,0x02,0x02,0x63,
    0x80,0x00,0x06,0x0C,0x15,0xF9,0x02,0x23,0x00,0x80,0x17,0x05,0x05,0x82,0x17,0x03,
    0x02,0x62,0x10,0x00,0x05,0x81,0x06,0xC1,0x06,0xC2,0x06,0xC3,0xD0,0xC2,0xE0,0x40,
    0xD0,0x81,0x10,0x08,0x02,0x02,0x7F,0xFF,0x07,0x03,0xE0,0x80,0x10,0x03,0x04,0xC2,
    0x04,0xC3,0x10,0x00,0xC2,0x0D,0xCE,0x02,0xC6,0x03,0x04,0x5B,0xCA,0x8B,0x00,0xE8,
    0x06,0xA0,0x69,0xFA,0x06,0xA0,0x68,0xE0,0x00,0x26,0x02,0x2D,0x00,0x04,0x06,0xA0,
    0x69,0xFA,0x02,0x2D,0xFF,0xFC,0xC2,0xEA,0x00,0xE8,0x04,0x5B,0xAA,0xA0,0x6D,0x24,
    0x00,0x26,0xCA,0x8B,0x00,0xEA,0xC1,0xEA,0x00,0x2C,0xC1,0xAA,0x00,0x2A,0x13,0x52,
    0xC0,0x82,0x16,0x04,0x06,0xA0,0x68,0xE0,0x00,0x26,0x10,0x4C,0xC3,0x01,0x63,0x2A,
    0x00,0x28,0x13,0x1C,0x15,0x11,0x02,0x8C,0xFF,0xE0,0x15,0x04,0x06,0xA0,0x68,0xE0,
    0x00,0x26,0x10,0x40,0x09,0x13,0x09,0x12,0x17,0x02,0x02,0x63,0x80,0x00,0x05,0x8C,
    0x11,0xF9,0xC0,0x6A,0x00,0x28,0x10,0x0A,0x02,0x8C,0x00,0x20,0x14,0x33,0x09,0x17,
    0x09,0x16,0x17,0x02,0x02,0x67,0x80,0x00,0x06,0x0C,0x15,0xF9,0x8A,0x80,0x00,0x26,
    0x16,0x18,0x04,0xC5,0xA0,0xC7,0x17,0x01,0x05,0x85,0xA0,0x86,0x17,0x04,0xA0,0x85,
    0x06,0xA0,0x6B,0x00,0x10,0x1D,0xA0,0x85,0x17,0x1B,0x06,0xA0,0x6B,0x00,0x10,0x18,
    0x09,0x13,0x09,0x12,0x17,0x02,0x02,0x63,0x80,0x00,0x02,0x62,0x80,0x00,0x05,0x81,
    0x04,0x5B,0x07,0x05,0x60,0xC7,0x18,0x02,0x06,0x02,0x61,0x42,0x60,0x86,0x17,0x02,
    0xC1,0x45,0x16,0x06,0x05,0x42,0x05,0x03,0x16,0x01,0x05,0x82,0xC0,0x2A,0x00,0x26,
    0x06,0xA0,0x69,0xDE,0xC2,0xEA,0x00,0xEA,0x04,0x5B,0xCA,0x8B,0x00,0xEA,0xA0,0x6A,
    0x00,0x28,0x28,0x2A,0x00,0x26,0xC1,0x83,0x39,0xAA,0x00,0x2A,0xCA,0x86,0x00,0x34,
    0xC1,0x82,0x39,0xAA,0x00,0x2C,0x38,0xAA,0x00,0x2A,0xA1,0xAA,0x00,0x34,0x17,0x01,
    0x05,0x82,0xA0,0xC6,0x17,0x01,0x05,0x82,0x06,0xA0,0x69,0xDE,0xC2,0xEA,0x00,0xEA,
    0x04,0x5B,0xCA,0x8B,0x00,0xEA,0x28,0x2A,0x00,0x26,0xC2,0xEA,0x00,0x2A,0x16,0x07,
    0x06,0xA0,0x67,0xF0,0x02,0x01,0x00,0xFC,0x07,0x02,0x07,0x03,0x10,0x1F,0x06,0xA0,
    0x6B,0xD2,0x05,0x81,0x60,0x6A,0x00,0x28,0x3C,0xAA,0x00,0x2A,0xC1,0x82,0x39,0xAA,
    0x00,0x2C,0x07,0x2A,0x00,0x36,0x61,0x83,0x18,0x06,0x05,0x46,0x05,0x07,0x16,0x01,
    0x05,0x86,0x04,0xEA,0x00,0x36,0x3D,0xAA,0x00,0x2A,0xC0,0xC6,0xC2,0xEA,0x00,0x36,
    0x13,0x03,0x05,0x03,0x13,0x01,0x06,0x02,0x06,0xA0,0x69,0xDE,0xC2,0xEA,0x00,0xEA,
    0x04,0x5B,0x09,0x13,0x09,0x12,0x17,0x02,0x02,0x63,0x80,0x00,0x04,0x5B,0xCA,0x80,
    0x00,0x32,0xC2,0x42,0x02,0x00,0x00,0x10,0x60,0x01,0x09,0x09,0xC0,0x2A,0x00,0x32,
    0x0A,0x12,0x0A,0x13,0x17,0x01,0x05,0x82,0x06,0x01,0x15,0xFA,0x04,0x60,0x69,0xDE,
    0x04,0xEA,0x00,0x26,0x04,0xEA,0x00,0x28,0x04,0xEA,0x00,0x2C,0xC1,0x99,0x13,0x0E,
    0x15,0x04,0x05,0x06,0xCA,0xA0,0x6D,0x24,0x00,0x26,0xCA,0xA0,0x6D,0x20,0x00,0x28,
    0xC1,0x86,0x11,0x04,0x0A,0x16,0x06,0x2A,0x00,0x28,0x10,0xFA,0xCA,0x86,0x00,0x2A,
    0x04,0x5B,0xC1,0x99,0x02,0x46,0x80,0x00,0xCA,0x86,0x00,0x26,0xC1,0x99,0x09,0x66,
    0x02,0x46,0x01,0xFC,0x02,0x26,0xFF,0x00,0xCA,0x86,0x00,0x28,0xC1,0xB9,0xC1,0xD9,
    0xD1,0x87,0x02,0x47,0x00,0xFF,0x06,0xC6,0x06,0xC7,0xC1,0x86,0x11,0x0E,0x16,0x02,
    0xC1,0xC7,0x13,0x07,0x0A,0x16,0x0A,0x17,0x17,0x01,0x05,0x86,0x06,0x2A,0x00,0x28,
    0x10,0xF4,0x04,0xEA,0x00,0x26,0x04,0xEA,0x00,0x28,0xCA,0x86,0x00,0x2A,0xCA,0x87,
    0x00,0x2C,0x04,0x5B,0xCA,0x8B,0x00,0xEA,0x06,0xA0,0x6C,0xA2,0xC0,0x83,0xC2,0xEA,
    0x00,0xEA,0x04,0x5B,0xCA,0x8B,0x00,0xEA,0x06,0xA0,0x6C,0xA2,0xC2,0xEA,0x00,0xEA,
    0x04,0x5B,0xCA,0x8B,0x00,0xE8,0xC3,0x01,0x02,0x2C,0xFF,0xE0,0x02,0x8C,0x00,0x2F,
    0x15,0x0D,0x02,0x8C,0xFF,0xE1,0x11,0x0A,0xC3,0x0C,0x15,0x05,0x13,0x0A,0x05,0x0C,
    0x06,0xA0,0x6C,0xE4,0x10,0x06,0x06,0xA0,0x6C,0xF4,0x10,0x03,0x04,0xC2,0x04,0xC3,
    0x10,0x06,0xC0,0x00,0x13,0x04,0x05,0x42,0x05,0x03,0x16,0x01,0x05,0x82,0xC2,0xEA,
    0x00,0xE8,0x04,0x5B,0x09,0x13,0x09,0x12,0x17,0x02,0x02,0x63,0x80,0x00,0x06,0x0C,
    0x15,0xF9,0x04,0x5B,0x0A,0x12,0x0A,0x13,0x17,0x01,0x05,0x82,0x06,0x0C,0x15,0xFA,
    0x04,0x5B,0x02,0xAA,0xCA,0xBB,0x00,0x20,0xC2,0x7E,0x22,0x60,0x6D,0x22,0x16,0x01,
    0xC2,0x59,0xC3,0x3E,0x23,0x20,0x6D,0x22,0x16,0x01,0xC3,0x1C,0xC2,0x0D,0x04,0x5B,
    0x00,0x10,0x00,0x01,0x80,0x00,0x00,0x02,0x00,0x03,0x04,0x20,0x6D,0x2E,0xBE,0xB8,
    0x6D,0x32,0x02,0x00,0x6D,0x60,0x02,0x01,0x6D,0x42,0xC3,0xAD,0x00,0x16,0x04,0x60,
    0x81,0x6C,0x1D,0x49,0x4E,0x43,0x4F,0x52,0x52,0x45,0x43,0x54,0x20,0x4E,0x55,0x4D,
    0x42,0x45,0x52,0x20,0x4F,0x46,0x20,0x41,0x52,0x47,0x55,0x4D,0x45,0x4E,0x54,0x53,
    0x0A,0x53,0x55,0x42,0x50,0x52,0x4F,0x47,0x52,0x41,0x4D,0x00,0x06,0xA0,0x6F,0xD6,
    0x88,0x2A,0x00,0xA6,0x70,0xC0,0x12,0x02,0x04,0x60,0x77,0xDE,0x06,0xA0,0x91,0x1A,
    0xC3,0x2A,0x00,0xD4,0x16,0x67,0x04,0xC5,0x04,0xC6,0x06,0xA0,0x82,0xBC,0xC1,0x00,
    0x06,0xA0,0x91,0xA2,0x98,0x00,0x70,0xB5,0x13,0x0A,0x98,0x00,0x70,0xB8,0x11,0x0D,
    0x98,0x00,0x70,0xBA,0x15,0x0A,0x70,0x20,0x70,0xB8,0x09,0x80,0x10,0x01,0x04,0xC0,
    0x06,0xA0,0x70,0x0C,0xC3,0x00,0x13,0xEC,0x10,0x27,0x98,0x00,0x70,0xB7,0x13,0x05,
    0x98,0x00,0x70,0xB6,0x13,0x02,0x04,0x60,0x6F,0xB8,0xC0,0xAA,0x00,0x8C,0x88,0x2A,
    0x00,0xA6,0x70,0xC0,0x13,0x0D,0xC3,0x05,0x16,0x19,0x02,0x86,0x80,0x00,0x1A,0x04,
    0x1B,0x15,0xC3,0x04,0x13,0x13,0x10,0x0E,0xC3,0x04,0x13,0x0C,0x05,0x06,0x10,0x0A,
    0xC3,0x05,0x11,0x05,0xC3,0x04,0x13,0x05,0x06,0xA0,0x70,0x02,0x10,0x02,0xC3,0x04,
    0x13,0x05,0xCC,0x85,0xC4,0x86,0x10,0x68,0x06,0xA0,0x70,0x5A,0xC0,0x2A,0x00,0xAC,
    0x13,0x04,0x02,0x00,0x00,0x0C,0x04,0x60,0x92,0x46,0x02,0x01,0x70,0x74,0x02,0x00,
    0x70,0x98,0xCA,0x84,0x00,0xDC,0xC0,0xAA,0x01,0x34,0x06,0x92,0xC0,0xAA,0x00,0x8C,
    0x88,0x2A,0x00,0xA6,0x70,0xC0,0x13,0x06,0xC1,0xAA,0x00,0xDC,0x11,0xE3,0x02,0x06,
    0x7F,0xFF,0x10,0xE0,0x04,0xC6,0xC1,0x6A,0x00,0xDC,0x11,0xDB,0x02,0x05,0x7F,0xFF,
    0x07,0x06,0x10,0xD7,0xC1,0x05,0x15,0x03,0x13,0x02,0x06,0xA0,0x70,0x02,0xC2,0x6A,
    0x00,0xD0,0x06,0x09,0x06,0xA0,0x70,0x42,0x06,0xC0,0xB0,0x20,0x70,0xB8,0x06,0xA0,
    0x83,0x12,0xC3,0x05,0xE3,0x06,0x16,0xF6,0x08,0xF4,0x13,0x04,0xD0,0x20,0x70,0xB9,
    0x06,0xA0,0x83,0x12,0xC3,0x09,0x05,0xCC,0x83,0x2A,0x00,0xD2,0x11,0x33,0x04,0x60,
    0x82,0xEA,0x06,0xA0,0x6F,0xD6,0x06,0xA0,0x91,0x1A,0x88,0x2A,0x00,0xA6,0x70,0xC2,
    0x13,0x02,0x04,0x60,0x6F,0xAE,0xC3,0x2A,0x00,0xD4,0x16,0x19,0x04,0xC5,0x06,0xA0,
    0x91,0xA2,0x98,0x00,0x70,0xB7,0x13,0x0D,0x98,0x00,0x70,0xB6,0x13,0x0A,0x98,0x00,
    0x70,0xB4,0x13,0x04,0x98,0x00,0x70,0xB3,0x13,0x02,0x10,0xF1,0x07,0x05,0x06,0xA0,
    0x70,0x5A,0xC0,0xAA,0x00,0x8C,0xC4,0x85,0xC2,0xEA,0x00,0xD6,0x04,0x5B,0xC2,0x6A,
    0x00,0xD0,0x06,0x09,0xD0,0x20,0x70,0xB4,0xC3,0x05,0x16,0x02,0xD0,0x20,0x70,0xB3,
    0x06,0xA0,0x83,0x12,0x04,0x60,0x91,0x2A,0x06,0xA0,0x6F,0xD6,0x06,0xA0,0x91,0x1A,
    0xC3,0x2A,0x00,0xD4,0x16,0x3A,0xC1,0x2A,0x00,0xCE,0x04,0xC5,0x04,0xC6,0x04,0xC7,
    0x04,0xC8,0x06,0xA0,0x91,0xA2,0x98,0x00,0x70,0xB7,0x13,0x22,0x98,0x00,0x70,0xB6,
    0x13,0x1F,0x04,0xC3,0x98,0x00,0x70,0xB5,0x13,0x16,0x98,0x00,0x70,0xB8,0x11,0x44,
    0x98,0x00,0x70,0xBA,0x15,0x04,0x70,0x20,0x70,0xB8,0x09,0x80,0x10,0x0B,0x98,0x00,
    0x70,0xB2,0x11,0x3A,0x98,0x00,0x70,0xB3,0x15,0x37,0x70,0x20,0x70,0xB2,0x09,0x80,
    0xA0,0x20,0x70,0xBC,0xC0,0xC0,0x06,0xA0,0x6F,0xE2,0xA2,0x03,0x06,0x04,0x15,0xD9,
    0xC0,0xAA,0x00,0x8C,0x02,0x0C,0x00,0x08,0x63,0x2A,0x00,0xA4,0x04,0x6C,0x6F,0x70,
    0xCC,0x85,0xCC,0x86,0xCC,0x87,0xC4,0x88,0x10,0xAF,0x88,0x2A,0x00,0xA6,0x70,0xBE,
    0x16,0x01,0xC1,0x46,0xC1,0x2A,0x00,0xA4,0xA1,0x04,0xA2,0x6A,0x00,0xCE,0x62,0x44,
    0x06,0xA0,0x6F,0xE2,0x88,0x00,0x70,0xBC,0x11,0x02,0x02,0x20,0x00,0x07,0x06,0xC0,
    0xB0,0x20,0x70,0xB8,0x06,0xA0,0x91,0xE0,0x06,0x04,0x15,0xF2,0x10,0xA3,0x02,0x01,
    0x70,0xA2,0x02,0x00,0x00,0x0F,0x10,0x04,0x02,0x01,0x70,0x85,0x02,0x00,0x00,0x0E,
    0xC3,0x2A,0x00,0xAC,0x13,0x02,0x04,0x60,0x92,0x46,0x02,0x00,0x70,0x98,0xC0,0xAA,
    0x01,0x36,0x04,0x52,0x04,0x5B,0xC3,0x2A,0x00,0xC8,0x13,0x02,0x04,0x60,0x8B,0x02,
    0x04,0x5B,0xC0,0x05,0x09,0xC0,0x0A,0x45,0xC3,0x06,0x09,0xCC,0xE1,0x4C,0x0A,0x46,
    0xC3,0x07,0x09,0xCC,0xE1,0x8C,0x0A,0x47,0xC3,0x08,0x09,0xCC,0xE1,0xCC,0x0A,0x48,
    0x04,0x5B,0x05,0x45,0x05,0x06,0x16,0x01,0x05,0x85,0x04,0x5B,0xC0,0xC0,0xC0,0x06,
    0x38,0x20,0x70,0xBC,0xC1,0x81,0xC3,0x00,0xA1,0x83,0x17,0x01,0x05,0x8C,0xC0,0x05,
    0x38,0x20,0x70,0xBC,0xC1,0x41,0xA1,0x4C,0x18,0x0A,0xC3,0x00,0x16,0x08,0x02,0x85,
    0x80,0x00,0x1A,0x03,0x1B,0x04,0xC3,0x06,0x16,0x02,0x04,0xC0,0x04,0x5B,0x07,0x00,
    0x04,0x5B,0xC0,0x45,0x04,0xC0,0x3C,0x20,0x70,0xBC,0xC1,0x40,0xC0,0x01,0xC0,0x46,
    0x3C,0x20,0x70,0xBC,0xC1,0x80,0xC0,0x01,0x04,0x5B,0xCA,0x8B,0x00,0xD8,0x06,0xA0,
    0x91,0xA2,0x98,0x00,0x70,0xB7,0x13,0x03,0x98,0x00,0x70,0xB6,0x16,0xF8,0xC2,0xEA,
    0x00,0xD8,0x04,0x5B,0x10,0x49,0x20,0x49,0x4E,0x50,0x55,0x54,0x20,0x4F,0x56,0x45,
    0x52,0x46,0x4C,0x4F,0x57,0x12,0x49,0x4C,0x4C,0x45,0x47,0x41,0x4C,0x20,0x49,0x4E,
    0x50,0x55,0x54,0x20,0x43,0x48,0x41,0x52,0x09,0x46,0x4F,0x52,0x4D,0x41,0x54,0x54,
    0x45,0x44,0x0F,0x4E,0x55,0x4D,0x45,0x52,0x49,0x43,0x2F,0x4C,0x4F,0x47,0x49,0x43,
    0x41,0x4C,0x41,0x46,0x54,0x20,0x2C,0x00,0x30,0x2D,0x39,0x00,0x00,0x0A,0x00,0x00,
    0x00,0x01,0x00,0x05,0xBE,0xB8,0x70,0xC8,0x06,0xA0,0x71,0x4A,0x02,0x01,0x00,0x03,
    0x04,0x2A,0x00,0x28,0x06,0xA0,0x71,0x66,0xC2,0x01,0xC2,0x42,0xC1,0xC3,0x06,0xA0,
    0x85,0xF4,0x06,0xA0,0x71,0x66,0xC0,0x07,0xC0,0x48,0xC0,0x89,0x04,0xC3,0x06,0xA0,
    0x86,0x24,0x06,0xA0,0x71,0x66,0xC2,0x17,0x11,0x01,0x07,0x08,0x05,0x88,0x15,0x06,
    0xC0,0x89,0x06,0xA0,0x85,0xF4,0x06,0xA0,0x71,0x66,0x10,0xF8,0x03,0x80,0xBE,0xB8,
    0x71,0x12,0x06,0xA0,0x71,0x4A,0x02,0x01,0x00,0x04,0x04,0x2A,0x00,0x28,0x06,0xA0,
    0x71,0x60,0x06,0xA0,0x86,0xEC,0x06,0xA0,0x71,0x60,0x03,0x80,0xBE,0xB8,0x71,0x30,
    0x06,0xA0,0x71,0x4A,0x02,0x01,0x00,0x02,0x04,0x2A,0x00,0x28,0x06,0xA0,0x71,0x6C,
    0x06,0xA0,0x86,0xD4,0x06,0xA0,0x71,0x6C,0x03,0x80,0xC0,0x3E,0x88,0x2A,0x00,0x24,
    0x71,0xAA,0x16,0x00,0x24,0x20,0x71,0xA8,0x13,0x01,0xC0,0x10,0xC0,0x10,0x04,0x5B,
    0x02,0x04,0x71,0xB6,0x10,0x05,0x02,0x04,0x71,0xAC,0x10,0x02,0x02,0x04,0x71,0xBF,
    0xC0,0x00,0x16,0x01,0x04,0x5B,0x02,0x01,0x71,0xF9,0x02,0x80,0x00,0x03,0x13,0x11,
    0x02,0x01,0x71,0xE7,0x02,0x80,0x00,0x04,0x13,0x0C,0x02,0x01,0x71,0xC6,0x02,0x80,
    0x00,0x02,0x13,0x07,0x02,0x01,0x71,0xD2,0x02,0x80,0x00,0x05,0x13,0x02,0x02,0x01,
    0x72,0x06,0xC0,0x04,0x04,0x60,0x81,0x6C,0x00,0x01,0x00,0x02,0x09,0x42,0x41,0x43,
    0x4B,0x53,0x50,0x41,0x43,0x45,0x08,0x45,0x4E,0x44,0x20,0x46,0x49,0x4C,0x45,0x06,
    0x52,0x45,0x57,0x49,0x4E,0x44,0x0B,0x45,0x4E,0x44,0x20,0x4F,0x46,0x20,0x46,0x49,
    0x4C,0x45,0x14,0x46,0x49,0x4C,0x45,0x20,0x50,0x52,0x45,0x56,0x49,0x4F,0x55,0x53,
    0x4C,0x59,0x20,0x4F,0x50,0x45,0x4E,0x11,0x49,0x4C,0x4C,0x45,0x47,0x41,0x4C,0x20,
    0x4F,0x50,0x45,0x52,0x41,0x54,0x49,0x4F,0x4E,0x0C,0x49,0x4C,0x4C,0x45,0x47,0x41,
    0x4C,0x20,0x55,0x4E,0x49,0x54,0x03,0x49,0x2F,0x4F,0xBE,0xB8,0x72,0x12,0xBE,0xB8,
    0x73,0x76,0xC0,0x5E,0xC8,0x01,0xBE,0x6A,0x02,0x81,0x00,0x04,0x16,0x08,0x06,0xA0,
    0x60,0xEA,0x00,0x04,0xBE,0x62,0x4F,0x50,0x45,0x4E,0x57,0x20,0x10,0x0A,0x02,0x81,
    0x00,0x03,0x16,0x7D,0x06,0xA0,0x60,0xEA,0x00,0x03,0xBE,0x62,0x4F,0x50,0x45,0x4E,
    0x57,0x20,0xC0,0x60,0xBE,0x62,0x02,0x08,0x00,0x40,0xC0,0x51,0x13,0x70,0x02,0x81,
    0x00,0x63,0x1B,0x6D,0x06,0xC1,0xC1,0x6A,0x00,0xFA,0x99,0x41,0x00,0x00,0x13,0x06,
    0x02,0x25,0x00,0x0A,0x8A,0x85,0x00,0xFC,0x14,0x07,0x10,0xF7,0x02,0x08,0x00,0x41,
    0xC1,0xA5,0x00,0x02,0x16,0x5C,0x10,0x0F,0x02,0x08,0x00,0x42,0xC1,0x6A,0x00,0xFA,
    0xD1,0xA5,0x00,0x00,0x13,0x06,0x02,0x25,0x00,0x0A,0x8A,0x85,0x00,0xFC,0x14,0x4F,
    0x10,0xF7,0xD9,0x41,0x00,0x00,0x05,0xA0,0xBE,0x64,0xC2,0x20,0xBE,0x64,0xD2,0x18,
    0x16,0x03,0xC8,0x25,0x00,0x08,0xBE,0x64,0xC9,0x60,0xBE,0x64,0x00,0x08,0x79,0x65,
    0x00,0x01,0x00,0x01,0x79,0x65,0x00,0x04,0x00,0x04,0x79,0x65,0x00,0x05,0x00,0x05,
    0xC2,0x03,0xC0,0x01,0xC2,0x45,0x06,0xA0,0x84,0xFA,0x04,0xE4,0x00,0x10,0x04,0xE4,
    0x00,0x11,0x02,0x03,0x04,0x00,0xD9,0x03,0x00,0x10,0xD9,0x20,0x74,0x5E,0x00,0x02,
    0xC9,0x20,0xBE,0x64,0x00,0x16,0x2F,0xD4,0xD2,0x24,0x00,0x01,0x09,0x88,0x16,0x3D,
    0x07,0x05,0xDA,0x45,0x00,0x04,0x04,0xC8,0x02,0x08,0x00,0x43,0xC0,0xE0,0xBE,0x66,
    0xC0,0xD3,0x12,0x33,0x02,0x83,0x00,0x04,0x1B,0x30,0x0A,0x13,0xF9,0x23,0x74,0x5F,
    0x00,0x05,0xD9,0x20,0x74,0x5F,0x00,0x02,0x2F,0xD4,0xD2,0x24,0x00,0x01,0x09,0x88,
    0x16,0x24,0x06,0xA0,0x87,0x96,0x07,0x05,0xDA,0x45,0x00,0x04,0x04,0xC8,0xC0,0x60,
    0xBE,0x6A,0x02,0x81,0x00,0x04,0x16,0x07,0xC2,0x08,0x16,0x01,0x05,0x88,0xC0,0x20,
    0xBE,0x68,0xC4,0x08,0x03,0x80,0xC2,0x08,0x16,0x02,0x05,0x88,0x03,0x80,0x02,0x00,
    0x74,0x6F,0xC0,0x48,0xC0,0xA0,0xBE,0x62,0xC0,0x92,0x04,0x2A,0x01,0x28,0x02,0x00,
    0x74,0x84,0x02,0x01,0x74,0x6B,0x04,0x60,0x81,0x6C,0x79,0x24,0x00,0x03,0x00,0x03,
    0x04,0xE9,0x00,0x02,0x10,0xDC,0xC0,0x5E,0xC8,0x01,0xBE,0x6C,0x02,0x81,0x00,0x02,
    0x13,0x0B,0x02,0x81,0x00,0x01,0x16,0x4D,0x06,0xA0,0x60,0xEA,0x00,0x01,0xBE,0x62,
    0x43,0x4C,0x4F,0x53,0x45,0x57,0x10,0x07,0x06,0xA0,0x60,0xEA,0x00,0x02,0xBE,0x62,
    0x43,0x4C,0x4F,0x53,0x45,0x57,0xC0,0x60,0xBE,0x62,0x02,0x08,0x00,0x40,0xC0,0x51,
    0x13,0x38,0x02,0x81,0x00,0x63,0x1B,0x35,0x06,0xC1,0xC1,0x6A,0x00,0xFA,0x99,0x41,
    0x00,0x00,0x13,0x06,0x02,0x25,0x00,0x0A,0x8A,0x85,0x00,0xFC,0x14,0x2A,0x10,0xF7,
    0xC1,0xA5,0x00,0x02,0xD9,0xA0,0x74,0x68,0x00,0x02,0xD1,0xE5,0x00,0x04,0x09,0x87,
    0x02,0x87,0x00,0x01,0x16,0x03,0xD9,0xA0,0x74,0x69,0x00,0x02,0x2F,0xD6,0xD2,0x26,
    0x00,0x01,0x09,0x88,0x16,0x16,0xD9,0xA0,0x74,0x6A,0x00,0x02,0x04,0xE6,0x00,0x10,
    0x04,0xE6,0x00,0x11,0x2F,0xD6,0xD2,0x26,0x00,0x01,0x09,0x88,0x16,0x0A,0x79,0xA6,
    0x00,0x03,0x00,0x03,0x79,0x65,0x00,0x04,0x00,0x04,0x69,0x65,0x00,0x02,0x00,0x02,
    0x04,0xC8,0xC0,0x60,0xBE,0x6C,0x02,0x81,0x00,0x02,0x16,0x07,0xC2,0x08,0x16,0x01,
    0x05,0x88,0xC0,0x20,0xBE,0x64,0xC4,0x08,0x03,0x80,0xC2,0x08,0x16,0x02,0x05,0x88,
    0x03,0x80,0x02,0x00,0x74,0x79,0xC0,0x48,0xC0,0xA0,0xBE,0x62,0xC0,0x92,0x04,0x2A,
    0x01,0x28,0x02,0x00,0x74,0x8A,0x02,0x01,0x74,0x6B,0x04,0x60,0x81,0x6C,0x91,0x00,
    0x01,0x18,0x01,0x10,0x00,0x08,0x00,0x00,0x01,0x02,0x93,0x03,0x49,0x53,0x41,0x03,
    0x08,0x49,0x53,0x41,0x20,0x4F,0x50,0x45,0x4E,0x03,0x09,0x49,0x53,0x41,0x20,0x43,
    0x4C,0x4F,0x53,0x45,0x05,0x4F,0x50,0x45,0x4E,0x57,0x06,0x43,0x4C,0x4F,0x53,0x45,
    0x57,0x00,0xBE,0xB8,0x74,0x9A,0xBE,0xB8,0x74,0xA6,0xD8,0x20,0x75,0x8C,0xBE,0x7C,
    0x04,0xE0,0xBE,0x7A,0x10,0x05,0xD8,0x20,0x75,0x8D,0xBE,0x7C,0x07,0x20,0xBE,0x7A,
    0xC0,0x5E,0xC8,0x01,0xBE,0x78,0x02,0x81,0x00,0x05,0x13,0x0B,0x02,0x81,0x00,0x04,
    0x16,0x47,0x06,0xA0,0x60,0xEA,0x00,0x04,0xBE,0x6E,0x52,0x44,0x57,0x52,0x54,0x57,
    0x10,0x07,0x06,0xA0,0x60,0xEA,0x00,0x05,0xBE,0x6E,0x52,0x44,0x57,0x52,0x54,0x57,
    0xC0,0x60,0xBE,0x6E,0x02,0x08,0x00,0x40,0xC0,0x51,0x13,0x32,0x02,0x81,0x00,0x63,
    0x1B,0x2F,0x06,0xC1,0xC1,0x6A,0x00,0xFA,0x99,0x41,0x00,0x00,0x13,0x06,0x02,0x25,
    0x00,0x0A,0x8A,0x85,0x00,0xFC,0x14,0x24,0x10,0xF7,0xC1,0xA5,0x00,0x02,0xC0,0xE0,
    0xBE,0x7A,0x02,0x83,0xFF,0xFF,0x13,0x04,0x02,0x03,0x00,0x10,0xD9,0x83,0x00,0x05,
    0xD9,0xA0,0xBE,0x7C,0x00,0x02,0xC9,0xA0,0xBE,0x72,0x00,0x06,0xC0,0x60,0xBE,0x74,
    0xC0,0x51,0x0A,0x11,0xC9,0x81,0x00,0x08,0xC9,0x81,0x00,0x0A,0xC0,0x60,0xBE,0x70,
    0xC9,0xB1,0x00,0x0D,0xC9,0x91,0x00,0x0E,0x2F,0xD6,0xD2,0x26,0x00,0x01,0x09,0x88,
    0xC0,0x60,0xBE,0x78,0x02,0x81,0x00,0x05,0x16,0x07,0xC2,0x08,0x16,0x01,0x05,0x88,
    0xC0,0x60,0xBE,0x76,0xC4,0x48,0x03,0x80,0xC2,0x08,0x16,0x02,0x05,0x88,0x03,0x80,
    0x02,0x00,0x75,0x8E,0xC0,0x48,0xC0,0xA0,0xBE,0x6E,0xC0,0x92,0x04,0x2A,0x01,0x28,
    0x02,0x00,0x75,0x9E,0x02,0x01,0x75,0x8F,0x04,0x60,0x81,0x6C,0x09,0x0B,0x03,0x0E,
    0x49,0x53,0x41,0x20,0x52,0x45,0x41,0x44,0x2F,0x57,0x52,0x49,0x54,0x45,0x06,0x52,
    0x44,0x57,0x52,0x54,0x57,0x00,0xBE,0xB8,0x87,0xFA,0xBE,0xB8,0x88,0x04,0xBE,0xB8,
    0x88,0x0A,0xBE,0xB8,0x88,0x10,0xBE,0xB8,0x88,0x16,0xBE,0xB8,0x88,0x1C,0xBE,0xB8,
    0x88,0x22,0xBE,0xB8,0x88,0x28,0xBE,0xB8,0x88,0x2E,0xBE,0xB8,0x88,0x34,0xBE,0xB8,
    0x88,0x3A,0xBE,0xB8,0x88,0x40,0xBE,0xB8,0x88,0x46,0xBE,0xB8,0x88,0x4C,0xBE,0xB8,
    0x89,0xB6,0xBE,0xB8,0x89,0xC4,0xBE,0xB8,0x89,0xD2,0xBE,0xB8,0x89,0xE4,0xBE,0xB8,
    0x89,0xF2,0xBE,0xB8,0x8A,0x14,0xBE,0xB8,0x8A,0x00,0xBE,0xB8,0x8A,0x22,0xBE,0xB8,
    0x8A,0x30,0xBE,0xB8,0x8A,0x3E,0xBE,0xB8,0x8A,0x50,0xBE,0xB8,0x8A,0x5E,0xBE,0xB8,
    0x8A,0x80,0xBE,0xB8,0x8A,0x6C,0xBE,0xB8,0x8A,0xF2,0xBE,0xB8,0x76,0x1E,0x02,0x02,
    0x76,0xAA,0x06,0xA0,0x76,0x68,0x06,0xA0,0x94,0x0A,0x03,0x80,0xBE,0xB8,0x76,0x30,
    0x02,0x02,0x76,0xB2,0x06,0xA0,0x76,0x68,0x06,0xA0,0x94,0x12,0xC2,0x4D,0x80,0xE9,
    0x00,0x24,0x13,0x0F,0x88,0x03,0x76,0xC6,0x16,0x09,0xC0,0x29,0x00,0x22,0xC0,0x10,
    0xC0,0x49,0xC2,0x69,0x00,0x1A,0x06,0xA0,0x82,0xA2,0x10,0xF1,0xC2,0x69,0x00,0x1A,
    0x10,0xEE,0xC3,0x49,0x04,0x60,0x94,0x1C,0xC1,0x0A,0x02,0x24,0x00,0x34,0xC0,0x04,
    0xC0,0x72,0xCD,0x32,0xCD,0x32,0xCD,0x32,0xA1,0x01,0x02,0x21,0x00,0x0B,0xC0,0xFE,
    0x02,0x05,0x00,0x08,0x89,0x43,0x76,0xBA,0x14,0x03,0x06,0x01,0x06,0x45,0x15,0xFA,
    0x04,0xC2,0x3C,0xA5,0x76,0xBA,0x06,0xC2,0xB0,0xA0,0x76,0xB9,0xDD,0x02,0x06,0x45,
    0x11,0x01,0x10,0xF6,0x06,0x40,0xC4,0x01,0x04,0x5B,0x00,0x00,0x50,0x41,0x55,0x53,
    0x45,0x20,0xFF,0xFF,0x53,0x54,0x4F,0x50,0x20,0x30,0x00,0x01,0x00,0x0A,0x00,0x64,
    0x03,0xE8,0x27,0x10,0x00,0x02,0x00,0x02,0x00,0x03,0x02,0xAC,0xCB,0x0B,0x00,0x20,
    0x02,0x2B,0x00,0x06,0x02,0x00,0x00,0x00,0xCB,0x00,0x00,0x22,0x04,0xEC,0x00,0x24,
    0x04,0xE0,0xBE,0xDE,0x02,0x00,0xC0,0xC6,0x02,0x01,0xC1,0x8E,0x02,0x02,0xC1,0x8E,
    0x02,0x03,0xC4,0xEE,0x02,0x05,0xBF,0xC0,0x02,0x06,0x83,0x32,0x02,0x07,0xC5,0x1A,
    0x02,0x08,0x94,0xA8,0x02,0x09,0xC0,0x36,0x02,0x0A,0xBE,0xB8,0xC8,0x0A,0xBE,0xB6,
    0xC3,0x0B,0x06,0xA0,0x93,0x8A,0x04,0x5C,0xBE,0x7E,0x77,0x1C,0x06,0xA0,0x60,0xEA,
    0x00,0x01,0xBE,0xB4,0x44,0x41,0x54,0x49,0x4D,0x45,0xC8,0x20,0x77,0x4C,0xBE,0xAE,
    0x04,0x20,0x82,0xA4,0x00,0x01,0xBE,0xB5,0xC8,0x00,0xBE,0xB0,0x04,0x20,0x95,0x44,
    0x00,0x04,0xBE,0xAE,0xBE,0xB2,0x77,0x4E,0xD7,0x20,0x03,0x80,0x03,0x00,0x00,0x00,
    0x06,0xA0,0x7A,0x66,0xC3,0x2A,0x00,0xD4,0x13,0x63,0xDA,0xA0,0x7F,0xE1,0x00,0x54,
    0x88,0x2A,0x00,0xA6,0x80,0x02,0x16,0x03,0xDA,0xA0,0x7F,0xE0,0x00,0x54,0x02,0x00,
    0x00,0x56,0x06,0xA0,0x7F,0x7C,0x04,0xC0,0x06,0xA0,0x7C,0x7C,0x04,0xC0,0x60,0x2A,
    0x00,0xBE,0x06,0xA0,0x7D,0x7E,0x02,0x00,0x00,0x56,0x06,0xA0,0x7F,0x70,0xC3,0x2A,
    0x00,0x46,0x11,0x58,0x63,0x2A,0x00,0x9C,0x15,0x55,0x6A,0xA0,0x7F,0xEA,0x00,0xCE,
    0xCA,0xAA,0x00,0x9C,0x00,0x4E,0x6A,0xAA,0x00,0x46,0x00,0x9C,0x04,0xC0,0x06,0xA0,
    0x7C,0x7C,0xC0,0x2A,0x00,0x46,0x60,0x2A,0x00,0xBE,0x06,0xA0,0x7D,0x7E,0xC0,0x2A,
    0x00,0x46,0x07,0x01,0x06,0xA0,0x79,0xBE,0xAA,0xA0,0x7F,0xEA,0x00,0xD0,0xAA,0xA0,
    0x7F,0xEA,0x00,0xCE,0xCA,0xAA,0x00,0x4E,0x00,0x9C,0x04,0x60,0x91,0x2A,0x06,0xA0,
    0x7A,0x66,0xC3,0x2A,0x00,0xD4,0x16,0x02,0x04,0xC0,0x10,0x62,0x07,0x00,0x06,0xA0,
    0x7A,0x4A,0xC0,0x2A,0x00,0x46,0x04,0xC1,0x10,0x0F,0x06,0xA0,0x7A,0x66,0xC3,0x2A,
    0x00,0xD4,0x13,0x53,0x04,0xC0,0x06,0xA0,0x7A,0x4A,0x07,0x01,0xC0,0x2A,0x00,0x46,
    0xC3,0x05,0x13,0x02,0xA0,0x2A,0x00,0xBE,0x06,0xA0,0x79,0xBE,0x04,0x60,0x91,0x2A,
    0x10,0x44,0x06,0xA0,0x7A,0x66,0xC3,0x2A,0x00,0xD4,0x13,0x3F,0xDA,0xA0,0x7F,0xE1,
    0x00,0x54,0x10,0x08,0x06,0xA0,0x7A,0x66,0xC3,0x2A,0x00,0xD4,0x13,0x36,0xDA,0xA0,
    0x7F,0xE0,0x00,0x54,0x04,0xC0,0x06,0xA0,0x7C,0x7C,0x04,0xC0,0x06,0xA0,0x7D,0x7E,
    0xC3,0x05,0x13,0x03,0x6A,0xAA,0x00,0xBE,0x00,0x46,0xC0,0x2A,0x00,0xBE,0x02,0x01,
    0xFF,0xFB,0x06,0xA0,0x79,0xBE,0xD0,0x2A,0x00,0x54,0x06,0xA0,0x91,0xE0,0xC3,0x2A,
    0x00,0x46,0x11,0x03,0xD0,0x20,0x7F,0xE3,0x10,0x04,0x05,0x2A,0x00,0x46,0xD0,0x20,
    0x7F,0xE2,0x06,0xA0,0x91,0xE0,0xC0,0x6A,0x00,0x46,0x04,0xC0,0x3C,0x20,0x7F,0xEC,
    0x06,0xC0,0xB0,0x20,0x7F,0xE7,0x06,0xA0,0x91,0xE0,0x06,0xC1,0xD0,0x01,0xB0,0x20,
    0x7F,0xE7,0x06,0xA0,0x91,0xE0,0x04,0x60,0x91,0x2A,0xC0,0x2A,0x00,0xBE,0x10,0x00,
    0x06,0xA0,0x7B,0x2E,0x88,0x2A,0x00,0xA6,0x7F,0xFE,0x13,0x14,0x06,0xA0,0x7D,0x36,
    0x88,0x2A,0x00,0xA6,0x7F,0xFC,0x11,0x40,0x13,0x56,0x06,0xA0,0x7A,0xA4,0xC0,0xAA,
    0x00,0x8C,0xCC,0x85,0xCC,0x86,0x88,0x2A,0x00,0xA6,0x80,0x02,0x16,0x6D,0xCC,0x87,
    0xC4,0x88,0x10,0x6A,0xC3,0x2A,0x00,0xAE,0x05,0x0C,0xC0,0x0C,0x08,0x2C,0x60,0xCC,
    0x02,0x40,0x00,0x03,0x13,0x29,0xC3,0x05,0x09,0x05,0x09,0x06,0x05,0x00,0x02,0x20,
    0x00,0x10,0x0A,0x0C,0xE1,0x8C,0x02,0x83,0x00,0x05,0x15,0x1B,0x16,0x08,0x0A,0x45,
    0x19,0x01,0x10,0x17,0xC3,0x06,0x0A,0x46,0x09,0xCC,0xE1,0x4C,0x10,0x08,0x02,0x23,
    0xFF,0xFC,0x13,0x05,0xC1,0x85,0x09,0x45,0x0A,0xC6,0x05,0x83,0x11,0xFB,0x08,0xF6,
    0x13,0x02,0x05,0x85,0x18,0x06,0xC3,0x05,0x15,0x17,0x05,0x05,0x19,0x02,0xC3,0x04,
    0x16,0x13,0x06,0xA0,0x7A,0xF0,0x10,0x10,0x02,0x23,0xFF,0xFC,0x15,0x07,0x11,0x09,
    0xC3,0x05,0x15,0x0A,0x05,0x05,0x19,0x02,0xC3,0x04,0x16,0x06,0x06,0xA0,0x7A,0xF6,
    0x10,0x03,0x09,0x45,0x05,0x83,0x11,0xFD,0xC3,0x04,0x13,0x01,0x05,0x05,0xC0,0xAA,
    0x00,0x8C,0xC4,0x85,0x10,0x21,0x02,0x23,0xFF,0xF8,0x15,0x09,0x11,0x0B,0xC3,0x05,
    0x15,0x10,0x05,0x05,0x19,0x04,0xC3,0x06,0x16,0x02,0xC3,0x04,0x16,0x11,0x06,0xA0,
    0x7A,0xF6,0x10,0x0E,0xC3,0x05,0x09,0x45,0x09,0x46,0x0A,0xCC,0xE1,0x8C,0x05,0x83,
    0x11,0xF9,0xC3,0x04,0x13,0x05,0x05,0x45,0x05,0x46,0x05,0x86,0x17,0x01,0x05,0x85,
    0xC0,0xAA,0x00,0x8C,0xCC,0x85,0xC4,0x86,0xC2,0xEA,0x00,0xD6,0x04,0x5B,0xCA,0x8B,
    0x00,0xD8,0xCA,0x80,0x00,0x48,0x15,0x01,0x04,0xC0,0xCA,0x80,0x00,0x68,0xCA,0x81,
    0x00,0x6A,0x06,0xA0,0x91,0x1A,0xC2,0x6A,0x00,0xD0,0x62,0x6A,0x00,0x9C,0x62,0x6A,
    0x00,0x68,0xA2,0x6A,0x00,0x6A,0xC3,0x04,0x13,0x01,0x06,0x09,0x8A,0x89,0x00,0xD2,
    0x11,0x2A,0xC3,0x04,0x13,0x04,0xD0,0x20,0x7F,0xE2,0x06,0xA0,0x91,0xE0,0xC3,0x2A,
    0x00,0x48,0x15,0x01,0x10,0x05,0x06,0xA0,0x7A,0x86,0x06,0x2A,0x00,0x48,0x15,0xFB,
    0xC3,0x2A,0x00,0x6A,0x13,0x15,0xCA,0xAA,0x00,0x9C,0x00,0x6E,0xD0,0x20,0x7F,0xE4,
    0x06,0xA0,0x91,0xE0,0x06,0x2A,0x00,0x6E,0x11,0x0B,0xC3,0x2A,0x00,0x48,0x13,0x05,
    0x05,0xAA,0x00,0x48,0xD0,0x20,0x7F,0xE7,0x10,0xF3,0x06,0xA0,0x7A,0x86,0x10,0xF2,
    0xC2,0xEA,0x00,0xD8,0x04,0x5B,0x04,0x60,0x82,0xEA,0xCA,0x8B,0x00,0xD8,0x06,0xA0,
    0x7C,0x7C,0xC3,0x05,0x16,0x03,0xCA,0xA0,0x7F,0xE8,0x00,0x46,0xC0,0x2A,0x00,0x46,
    0x06,0xA0,0x7D,0x7E,0x10,0xED,0xC3,0x2A,0x00,0xC8,0x13,0x02,0x04,0x60,0x8B,0x02,
    0x88,0x2A,0x00,0xA6,0x80,0x04,0x13,0x01,0x04,0x5B,0x02,0x01,0x7F,0xBC,0x02,0x00,
    0x00,0x0F,0x04,0x60,0x7B,0xDA,0xCA,0x8B,0x00,0xDA,0xC0,0x05,0x02,0x45,0x0F,0xFF,
    0x09,0x40,0xB0,0x20,0x7F,0xE7,0x06,0xA0,0x91,0xE0,0x06,0xA0,0x7E,0xB4,0xC2,0xEA,
    0x00,0xDA,0x04,0x5B,0xC3,0x05,0x13,0x10,0x02,0x23,0x00,0x40,0x11,0x0E,0x02,0x83,
    0x00,0x80,0x1B,0x10,0x06,0xC3,0xA0,0xC4,0x06,0xC5,0x06,0xC6,0x06,0xC7,0x06,0xC8,
    0xD2,0x07,0xD1,0xC6,0xD1,0x85,0xD1,0x43,0x04,0x5B,0x04,0xC5,0x04,0xC6,0x04,0xC7,
    0x04,0xC8,0x04,0x5B,0xCA,0x8B,0x00,0xD8,0x02,0x01,0x7F,0xCC,0x06,0xA0,0x7B,0x12,
    0x02,0x05,0x7F,0xFF,0xA1,0x6A,0x00,0xDC,0x07,0x06,0x07,0x07,0x07,0x08,0x10,0xA8,
    0x02,0x01,0x7F,0xCC,0x10,0x02,0x02,0x01,0x7F,0xA5,0xCA,0x8B,0x00,0xD8,0x06,0xA0,
    0x7B,0x12,0x04,0xC6,0xC1,0x6A,0x00,0xDC,0x11,0x9B,0x02,0x05,0x7F,0xFF,0x07,0x06,
    0x10,0x97,0xC0,0x2A,0x00,0xAC,0x13,0x04,0x02,0x00,0x00,0x0C,0x04,0x60,0x92,0x46,
    0x02,0x00,0x7F,0x88,0xCA,0x84,0x00,0xDC,0xC1,0x6A,0x01,0x34,0x04,0x55,0xCA,0x8B,
    0x00,0xD8,0xCA,0x80,0x00,0x4C,0x06,0xA0,0x91,0x1A,0x06,0xA0,0x7C,0x20,0x06,0xA0,
    0x82,0xBC,0xC1,0x00,0x06,0xA0,0x7C,0x32,0xCA,0xAA,0x00,0x50,0x00,0x46,0x98,0x2A,
    0x00,0x98,0x7F,0xE4,0x16,0x04,0x06,0xA0,0x7C,0x32,0x04,0xCC,0x10,0x02,0xC3,0x2A,
    0x00,0x9C,0xA3,0x2A,0x00,0x52,0xA3,0x2A,0x00,0x4C,0x6A,0x8C,0x00,0x46,0x98,0x2A,
    0x00,0x98,0x7F,0xE6,0x13,0x3C,0x98,0x2A,0x00,0x98,0x7F,0xE5,0x13,0x38,0x98,0x2A,
    0x00,0x98,0x7F,0xE1,0x13,0x05,0x98,0x2A,0x00,0x98,0x7F,0xE0,0x13,0x01,0x06,0x09,
    0x06,0xA0,0x82,0xBC,0xCA,0x80,0x00,0x5E,0x02,0x00,0x00,0x60,0x06,0xA0,0x7F,0x7C,
    0x06,0xA0,0x7C,0x20,0x06,0xA0,0x7C,0x32,0xC3,0x2A,0x00,0x5E,0x13,0x01,0x05,0x08,
    0xAA,0x88,0x00,0x46,0xAA,0xAA,0x00,0x4C,0x00,0x46,0x02,0x00,0x00,0x60,0x06,0xA0,
    0x7F,0x70,0x98,0x2A,0x00,0x98,0x7F,0xE6,0x13,0x12,0x98,0x2A,0x00,0x98,0x7F,0xE5,
    0x13,0x0E,0x02,0x01,0x7F,0x92,0x02,0x00,0x00,0x0E,0xC3,0x2A,0x00,0xAC,0x13,0x02,
    0x04,0x60,0x92,0x46,0x02,0x00,0x7F,0x88,0xC0,0xAA,0x01,0x36,0x04,0x52,0x06,0xA0,
    0x7F,0x66,0x13,0x13,0x02,0x03,0x00,0x10,0x04,0xC0,0x06,0xA0,0x7F,0x0A,0xC3,0x2A,
    0x00,0x46,0x13,0x0B,0x15,0x05,0x06,0xA0,0x7E,0xEA,0x06,0xA0,0x7E,0x4A,0x10,0xF7,
    0x06,0xA0,0x7E,0xEA,0x06,0xA0,0x7E,0x84,0x10,0xF2,0xC2,0xEA,0x00,0xD8,0x04,0x5B,
    0x04,0xEA,0x00,0x52,0x04,0xEA,0x00,0x50,0x04,0xC5,0x04,0xC6,0x04,0xC7,0x04,0xC8,
    0x04,0x5B,0xCA,0x8B,0x00,0xDA,0x06,0xA0,0x91,0xA2,0x98,0x00,0x7F,0xE3,0x16,0x02,
    0x04,0xC0,0x10,0x07,0x70,0x20,0x7F,0xE7,0x11,0x16,0x09,0x80,0x02,0x80,0x00,0x09,
    0x1B,0x12,0x05,0xAA,0x00,0x50,0x25,0x60,0x7F,0xF8,0x16,0xED,0xC0,0xC0,0x06,0xA0,
    0x7E,0xB4,0xA2,0x03,0x17,0x05,0x05,0x87,0x17,0x03,0x05,0x86,0x17,0x01,0x05,0x85,
    0x05,0xAA,0x00,0x52,0x10,0xE0,0xC2,0xEA,0x00,0xDA,0x04,0x5B,0xCA,0x8B,0x00,0xDA,
    0xCA,0x80,0x00,0x72,0x04,0xEA,0x00,0x46,0x88,0x2A,0x00,0xA6,0x7F,0xFE,0x15,0x26,
    0x13,0x10,0x04,0xC3,0x06,0xA0,0x7F,0x66,0x13,0x6F,0x04,0xC4,0xC3,0x05,0x15,0x06,
    0x13,0x05,0x07,0x04,0x05,0x45,0x05,0x06,0x16,0x01,0x05,0x85,0x02,0x03,0x00,0x08,
    0x10,0x1E,0xC1,0x05,0x13,0x61,0x08,0xF4,0x07,0x45,0xC0,0xEA,0x00,0xAE,0xC0,0x03,
    0x08,0x23,0x05,0x03,0x02,0x23,0x00,0x04,0x02,0x40,0x00,0x03,0x13,0x10,0xC1,0x85,
    0x09,0x05,0x05,0x00,0x02,0x20,0x00,0x10,0x0A,0x06,0x10,0x09,0xD1,0x05,0x08,0xF4,
    0xD0,0xC5,0x0A,0x13,0x09,0x93,0x02,0x23,0xFF,0xC2,0x02,0x45,0x00,0xFF,0x06,0xA0,
    0x7F,0x0A,0x13,0x42,0xCA,0xA0,0x7F,0xE8,0x00,0x46,0xC3,0x2A,0x00,0x72,0x13,0x6F,
    0x02,0xA2,0x02,0x22,0x00,0x0A,0x02,0x0C,0x00,0x04,0xC0,0x03,0x15,0x01,0x10,0x11,
    0x02,0x20,0xFF,0xFC,0x11,0x05,0x13,0x0A,0x05,0xC2,0x06,0x0C,0x15,0xF9,0x10,0x5F,
    0x05,0x00,0x0A,0x20,0xC0,0x52,0x09,0x01,0x0A,0x01,0xC4,0x81,0x05,0xC2,0x06,0x0C,
    0x13,0x56,0x04,0xF2,0x10,0xFC,0xCA,0x8B,0x00,0xDA,0xC3,0x05,0x13,0x1D,0x88,0x2A,
    0x00,0xA6,0x80,0x02,0x16,0x06,0x04,0xEA,0x00,0x62,0xCA,0xA0,0x80,0x06,0x00,0x66,
    0x10,0x05,0xCA,0xA0,0x80,0x06,0x00,0x62,0x04,0xEA,0x00,0x66,0x04,0xEA,0x00,0x60,
    0x04,0xEA,0x00,0x64,0x02,0x00,0x00,0x60,0x06,0xA0,0x7E,0x08,0x88,0x2A,0x00,0xA6,
    0x7F,0xFC,0x16,0x02,0x02,0x46,0xFF,0x00,0xC2,0xEA,0x00,0xDA,0x04,0x5B,0xCA,0x8B,
    0x00,0xDA,0xC3,0x05,0x13,0xF9,0xA0,0x2A,0x00,0xBE,0xA0,0x2A,0x00,0x9C,0xCA,0xAA,
    0x00,0x46,0x00,0x4A,0x05,0x00,0xCA,0x80,0x00,0x46,0x02,0x00,0x00,0x60,0x06,0xA0,
    0x7F,0x7C,0x02,0x05,0x50,0x00,0x04,0xC6,0x04,0xC7,0x04,0xC8,0x02,0x03,0x00,0x01,
    0x10,0x04,0x06,0xA0,0x7E,0xEA,0x06,0xA0,0x7E,0x4A,0xC3,0x2A,0x00,0x46,0x11,0xF9,
    0x06,0x03,0x13,0x04,0x06,0xA0,0x7F,0x4A,0x05,0x83,0x11,0xFC,0x05,0x83,0x02,0x00,
    0x00,0x60,0x06,0xA0,0x7E,0x08,0xCA,0xAA,0x00,0x4A,0x00,0x46,0x10,0x00,0x04,0xC0,
    0x06,0xA0,0x7F,0x0A,0x13,0xC9,0x02,0x83,0x00,0x01,0x11,0x09,0x15,0x03,0x02,0x85,
    0xA0,0x00,0x1A,0xC2,0x06,0xA0,0x7E,0xE4,0x06,0xA0,0x7E,0x4A,0x10,0xF4,0x06,0xA0,
    0x7E,0xE4,0x06,0xA0,0x7E,0x84,0x10,0xEF,0xCA,0x8B,0x00,0xDC,0xA0,0x0A,0x02,0x20,
    0x00,0x06,0x02,0xA2,0x02,0x22,0x00,0x10,0xCA,0xA0,0x7F,0xEA,0x00,0x70,0x04,0xCC,
    0x10,0x04,0xA4,0x8C,0x04,0xCC,0x17,0x01,0x05,0x8C,0xA4,0x90,0x17,0x01,0x05,0x8C,
    0x06,0x40,0x06,0x42,0x06,0x2A,0x00,0x70,0x15,0xF4,0xC3,0x0C,0x13,0x38,0x06,0xA0,
    0x7F,0x4A,0x05,0x83,0xE1,0x60,0x7F,0xFA,0x10,0x32,0xCA,0x8B,0x00,0xDC,0x05,0xAA,
    0x00,0x46,0xAA,0x80,0x00,0x46,0x02,0x80,0x00,0x04,0x11,0x01,0x06,0x03,0x02,0xA2,
    0x02,0x22,0x00,0x0A,0xCA,0xA0,0x7F,0xEA,0x00,0x70,0x04,0xC0,0xC0,0x52,0x3C,0x2A,
    0x00,0x6C,0xCC,0x80,0xC0,0x01,0x06,0x2A,0x00,0x70,0x15,0xF8,0x04,0xC1,0x3C,0x2A,
    0x00,0x6C,0x10,0x13,0xCA,0x8B,0x00,0xDC,0x02,0x23,0x00,0x04,0x06,0x2A,0x00,0x46,
    0x6A,0x80,0x00,0x46,0x02,0x80,0x00,0x04,0x11,0x01,0x05,0x83,0x06,0xA0,0x7E,0xBA,
    0xC0,0x08,0xC2,0x07,0xC1,0xC6,0xC1,0x85,0xC1,0x4C,0x06,0xA0,0x7F,0x0A,0xC2,0xEA,
    0x00,0xDC,0x04,0x5B,0xCA,0xA0,0x7F,0xEC,0x00,0x6C,0x02,0xA2,0x02,0x22,0x00,0x10,
    0xCA,0xA0,0x7F,0xEA,0x00,0x70,0x04,0xCC,0xC0,0x12,0x38,0x2A,0x00,0x6C,0xA0,0x4C,
    0x04,0xCC,0x17,0x01,0x05,0x8C,0xC4,0x81,0xA3,0x00,0x06,0x42,0x06,0x2A,0x00,0x70,
    0x15,0xF3,0x04,0x5B,0xC0,0x43,0x06,0x01,0x10,0x02,0xC0,0x6A,0x00,0x46,0x07,0x41,
    0x13,0x06,0x06,0x01,0x02,0x81,0x00,0x05,0x12,0x02,0x02,0x01,0x00,0x05,0xC0,0x01,
    0xA0,0x41,0xCA,0xA1,0x7F,0xEC,0x00,0x6C,0x04,0x5B,0xC3,0x05,0x13,0x04,0x27,0x20,
    0x7F,0xF8,0x13,0x05,0x10,0x19,0xC3,0x06,0xE3,0x07,0xE3,0x08,0x13,0x13,0x0A,0x45,
    0xC3,0x06,0x09,0xCC,0xE1,0x4C,0x0A,0x46,0xC3,0x07,0x09,0xCC,0xE1,0x8C,0x0A,0x47,
    0xC3,0x08,0x09,0xCC,0xE1,0xCC,0x0A,0x48,0xC3,0x00,0x09,0xCC,0xE2,0x0C,0x0A,0x40,
    0x06,0x03,0x10,0xE3,0x04,0xC3,0x04,0xC4,0x04,0x5B,0x09,0x48,0xC3,0x07,0x0A,0xCC,
    0xE2,0x0C,0x09,0x47,0xC3,0x06,0x0A,0xCC,0xE1,0xCC,0x09,0x46,0xC3,0x05,0x0A,0xCC,
    0xE1,0x8C,0x09,0x45,0x04,0x5B,0xC3,0x05,0xE3,0x06,0xE3,0x07,0xE3,0x08,0x04,0x5B,
    0xA0,0x0A,0xC1,0x70,0xC1,0xB0,0xC1,0xF0,0xC2,0x10,0x04,0x5B,0xA0,0x0A,0xCC,0x05,
    0xCC,0x06,0xCC,0x07,0xC4,0x08,0x04,0x5B,0x09,0x46,0x4F,0x52,0x4D,0x41,0x54,0x54,
    0x45,0x44,0x12,0x49,0x4C,0x4C,0x45,0x47,0x41,0x4C,0x20,0x49,0x4E,0x50,0x55,0x54,
    0x20,0x43,0x48,0x41,0x52,0x16,0x49,0x4E,0x54,0x45,0x47,0x45,0x52,0x20,0x49,0x4E,
    0x50,0x55,0x54,0x20,0x4F,0x56,0x45,0x52,0x46,0x4C,0x4F,0x57,0x0F,0x4E,0x55,0x4D,
    0x45,0x52,0x49,0x43,0x2F,0x4C,0x4F,0x47,0x49,0x43,0x41,0x4C,0x13,0x52,0x45,0x41,
    0x4C,0x20,0x49,0x4E,0x50,0x55,0x54,0x20,0x4F,0x56,0x45,0x52,0x46,0x4C,0x4F,0x57,
    0x44,0x45,0x2D,0x20,0x2E,0x2C,0x00,0x30,0x00,0x01,0x00,0x04,0x00,0x0A,0x00,0x64,
    0x03,0xE8,0x27,0x10,0x18,0x6A,0xF4,0x24,0xF0,0x00,0x10,0x00,0x00,0x01,0x00,0x02,
    0x00,0x03,0x00,0x04,0x00,0x05,0x00,0x80,0x01,0x09,0x49,0x2F,0x4F,0x20,0x45,0x52,
    0x52,0x4F,0x52,0x02,0x20,0x57,0x41,0x52,0x4E,0x49,0x4E,0x47,0x20,0x2D,0x20,0x42,
    0x41,0x43,0x4B,0x53,0x50,0x41,0x43,0x45,0x20,0x41,0x46,0x54,0x45,0x52,0x20,0x52,
    0x45,0x57,0x49,0x4E,0x44,0x02,0x2B,0x57,0x41,0x52,0x4E,0x49,0x4E,0x47,0x20,0x2D,
    0x20,0x52,0x45,0x44,0x55,0x4E,0x44,0x41,0x4E,0x54,0x20,0x42,0x55,0x46,0x46,0x45,
    0x52,0x20,0x49,0x2F,0x4F,0x20,0x53,0x54,0x41,0x54,0x55,0x53,0x20,0x43,0x48,0x45,
    0x43,0x4B,0x00,0x19,0x4E,0x4F,0x52,0x4D,0x41,0x4C,0x20,0x50,0x52,0x4F,0x47,0x52,
    0x41,0x4D,0x20,0x43,0x4F,0x4D,0x50,0x4C,0x45,0x54,0x49,0x4F,0x4E,0x00,0x19,0x54,
    0x4F,0x4F,0x20,0x4D,0x41,0x4E,0x59,0x20,0x55,0x4E,0x49,0x54,0x20,0x41,0x53,0x53,
    0x49,0x47,0x4E,0x4D,0x45,0x4E,0x54,0x53,0x00,0x16,0x49,0x4E,0x53,0x55,0x46,0x46,
    0x49,0x43,0x49,0x45,0x4E,0x54,0x20,0x50,0x52,0x42,0x20,0x53,0x50,0x41,0x43,0x45,
    0x02,0x3C,0x57,0x41,0x52,0x4E,0x49,0x4E,0x47,0x20,0x2D,0x20,0x4C,0x4F,0x47,0x49,
    0x43,0x41,0x4C,0x20,0x52,0x45,0x43,0x4F,0x52,0x44,0x20,0x4C,0x45,0x4E,0x47,0x54,
    0x48,0x20,0x3E,0x20,0x4D,0x41,0x58,0x20,0x42,0x55,0x46,0x46,0x45,0x52,0x20,0x53,
    0x49,0x5A,0x45,0x2E,0x20,0x54,0x52,0x55,0x4E,0x43,0x41,0x54,0x45,0x44,0x00,0x10,
    0x45,0x4E,0x44,0x20,0x56,0x45,0x43,0x54,0x4F,0x52,0x20,0x54,0x41,0x4B,0x45,0x4E,
    0x02,0x52,0x57,0x41,0x52,0x4E,0x49,0x4E,0x47,0x20,0x2D,0x20,0x44,0x45,0x46,0x49,
    0x4E,0x45,0x44,0x20,0x4C,0x4F,0x47,0x49,0x43,0x41,0x4C,0x20,0x52,0x45,0x43,0x4F,
    0x52,0x44,0x20,0x4C,0x45,0x4E,0x47,0x54,0x48,0x20,0x3E,0x20,0x43,0x52,0x45,0x41,
    0x54,0x45,0x44,0x20,0x4C,0x4F,0x47,0x49,0x43,0x41,0x4C,0x20,0x52,0x45,0x43,0x4F,
    0x52,0x44,0x20,0x4C,0x45,0x4E,0x47,0x54,0x48,0x2E,0x20,0x54,0x52,0x55,0x4E,0x43,
    0x41,0x54,0x45,0x44,0x04,0xC0,0x04,0xC1,0x04,0x20,0x64,0xFE,0x04,0x20,0x61,0xFA,
    0x04,0xC2,0x04,0x20,0x67,0x80,0xCA,0x8B,0x00,0x84,0x10,0x02,0x04,0xEA,0x00,0x84,
    0x06,0xA0,0x82,0x64,0xC1,0x8E,0xC2,0x4D,0x88,0x29,0x00,0x24,0x82,0xA0,0x16,0x05,
    0xC1,0xA9,0x00,0x1C,0xC2,0x69,0x00,0x1A,0x10,0xF7,0xD1,0xD0,0x06,0xA0,0x82,0x38,
    0xDE,0x20,0x82,0x98,0x05,0x88,0xC0,0x01,0xB1,0xD0,0x09,0x87,0x05,0xC7,0x06,0xA0,
    0x82,0x38,0x02,0x00,0x82,0x86,0x06,0xA0,0x82,0x38,0xC0,0x06,0x06,0x40,0x06,0xA0,
    0x82,0x1C,0x06,0xA0,0x82,0x44,0x02,0x00,0x82,0x92,0x06,0xA0,0x82,0x38,0xC0,0x04,
    0x02,0x0C,0x00,0x06,0x06,0xA0,0x82,0x3C,0xC0,0x0A,0x02,0x20,0x00,0x34,0x62,0x00,
    0x06,0x40,0xC4,0x08,0x06,0xA0,0x95,0xAE,0xC0,0xC6,0x13,0x06,0x06,0xA0,0x82,0x64,
    0xA2,0x07,0x02,0x00,0x82,0x7A,0x10,0xDF,0xC2,0xEA,0x00,0x84,0x13,0x01,0x04,0x5B,
    0xC2,0x4D,0x80,0xE9,0x00,0x24,0x13,0x0F,0x88,0x03,0x82,0x9E,0x16,0x09,0xC0,0x29,
    0x00,0x22,0xC0,0x10,0xC0,0x49,0xC2,0x69,0x00,0x1A,0x06,0xA0,0x82,0xA2,0x10,0xF1,
    0xC2,0x69,0x00,0x1A,0x10,0xEE,0xC3,0x49,0x04,0x60,0x81,0x54,0x60,0x29,0x00,0x22,
    0xC1,0x29,0x00,0x20,0x04,0xC6,0x88,0x29,0x00,0x24,0x82,0x9C,0x13,0x02,0xC1,0xA9,
    0x00,0x1C,0xC2,0x69,0x00,0x1A,0x04,0x5B,0xD3,0x30,0x09,0x8C,0xDE,0x30,0x06,0x0C,
    0x15,0xFD,0x04,0x5B,0x02,0x0C,0x00,0x04,0xD0,0xC0,0x0A,0x40,0x09,0x43,0x98,0x03,
    0x82,0x9A,0x11,0x02,0x02,0x23,0x07,0x00,0xB0,0xE0,0x82,0x99,0xDE,0x03,0x06,0x0C,
    0x15,0xF3,0x04,0x5B,0xC2,0x0A,0x02,0x28,0x00,0x34,0xC0,0xC8,0x02,0x0C,0x00,0x50,
    0xDC,0xE0,0x82,0x97,0x06,0x0C,0x15,0xFC,0x04,0x5B,0x0B,0x43,0x41,0x4C,0x4C,0x45,
    0x44,0x20,0x41,0x54,0x20,0x3E,0x0B,0x20,0x45,0x52,0x52,0x4F,0x52,0x20,0x41,0x54,
    0x20,0x3E,0x04,0x20,0x49,0x4E,0x20,0x20,0x2C,0x30,0x0A,0x00,0x00,0x00,0x00,0x02,
    0x00,0x03,0x04,0x5B,0xBC,0xE0,0x82,0xA8,0x06,0xA0,0x60,0xEA,0x00,0x01,0xBD,0x06,
    0x4C,0x4F,0x43,0x20,0x20,0x20,0xC7,0x60,0xBD,0x06,0x03,0x80,0xCA,0x8B,0x00,0xDA,
    0x06,0xA0,0x91,0xA2,0x98,0x00,0x83,0x22,0x13,0xFB,0x04,0xC1,0x98,0x00,0x83,0x23,
    0x13,0x08,0x98,0x00,0x83,0x24,0x13,0x07,0xC3,0x2A,0x00,0x98,0x13,0x04,0x06,0x09,
    0x10,0x02,0x02,0x01,0x80,0x00,0xC0,0x01,0x10,0x19,0xC0,0x2A,0x00,0xAC,0x13,0x04,
    0x02,0x00,0x00,0x0D,0x04,0x60,0x92,0x46,0xC1,0x2A,0x00,0xD2,0xC2,0x44,0x61,0x2A,
    0x00,0xD0,0xD0,0x20,0x83,0x25,0x06,0xA0,0x91,0xE0,0x05,0x84,0x11,0xFA,0x04,0x60,
    0x91,0x2A,0xCA,0x8B,0x00,0xDA,0x06,0xA0,0x91,0xE0,0x06,0x49,0xC2,0xEA,0x00,0xDA,
    0x04,0x5B,0x20,0x2D,0x2B,0x3F,0x04,0x60,0x84,0xD0,0x04,0x60,0x84,0xD6,0x04,0x60,
    0x84,0xE4,0xC0,0x1D,0x06,0xC0,0xC1,0xED,0x00,0x02,0x02,0x47,0x00,0x1F,0xC2,0x6A,
    0x00,0xFA,0x96,0x40,0x13,0x2C,0xC6,0x59,0x13,0x06,0x02,0x29,0x00,0x0A,0x8A,0x89,
    0x00,0xFC,0x1A,0xF7,0x10,0xE8,0xDA,0x40,0x00,0x00,0x06,0xC0,0x2F,0xEA,0x01,0x72,
    0x02,0x03,0x06,0x00,0x02,0x80,0x00,0x09,0x15,0x04,0x06,0xEA,0x01,0x78,0x02,0x03,
    0x05,0x00,0xDA,0x83,0x01,0x6B,0xCA,0xAA,0x01,0x78,0x01,0x70,0x02,0x03,0x01,0x6B,
    0xA0,0xCA,0xDA,0xA0,0x85,0xEE,0x01,0x38,0x02,0x04,0x01,0x38,0xA1,0x0A,0xC2,0x2A,
    0x01,0x32,0x04,0x18,0x03,0x04,0xD5,0x14,0x13,0xC6,0xCA,0x44,0x00,0x08,0x02,0x87,
    0x00,0x0A,0x13,0xC3,0x02,0x87,0x00,0x09,0x13,0xC2,0xC0,0xE9,0x00,0x02,0x16,0x37,
    0xDA,0x43,0x00,0x05,0x06,0xA0,0x84,0xFA,0x02,0x03,0x20,0x07,0x06,0xA0,0x85,0x38,
    0xC1,0x64,0x00,0x06,0xC9,0x2A,0x01,0x06,0x00,0x06,0x02,0x85,0x00,0x03,0x13,0x06,
    0x02,0x85,0x00,0x06,0x14,0x03,0xFA,0x60,0x85,0xE2,0x00,0x05,0xC0,0xC4,0x02,0x23,
    0x00,0x18,0xC8,0xE4,0x00,0x08,0x00,0x00,0xC8,0xE4,0x00,0x08,0x00,0x02,0xC8,0xE0,
    0x85,0xDE,0x00,0x04,0xC8,0xE0,0x85,0xDE,0x00,0x06,0x02,0x85,0x00,0x05,0x16,0x0F,
    0xD9,0x20,0x85,0xE6,0x00,0x02,0x06,0xA0,0x95,0xB8,0xC1,0x24,0x00,0x06,0xC1,0x14,
    0x02,0x24,0x01,0x01,0xD8,0xC4,0x00,0x01,0x06,0xC4,0xD8,0xC4,0x00,0x03,0x02,0x87,
    0x00,0x07,0x13,0x1C,0xC1,0xED,0x00,0x02,0xC1,0x47,0x02,0x47,0x00,0x1F,0x02,0x45,
    0x40,0x00,0x02,0x85,0x40,0x00,0x13,0x12,0x04,0xC5,0xD1,0x69,0x00,0x04,0x11,0x0B,
    0x06,0xC5,0x39,0x60,0x85,0xD8,0x02,0x26,0x85,0xA0,0xA1,0x87,0x04,0xC5,0xD1,0x56,
    0x06,0xC5,0x04,0x65,0x84,0x52,0x06,0xC7,0xDA,0x47,0x00,0x04,0x04,0xDD,0xC0,0xA9,
    0x00,0x02,0xCB,0x62,0x00,0x08,0x00,0x02,0xCB,0x42,0x00,0x04,0xCB,0x6A,0x01,0x06,
    0x00,0x06,0xCB,0x69,0x00,0x06,0x00,0x08,0x02,0x22,0x00,0x18,0xCB,0x42,0x00,0x0C,
    0xD0,0xA0,0x85,0xE2,0x05,0x42,0xF0,0xA9,0x00,0x05,0x05,0x42,0x09,0x82,0xCB,0x42,
    0x00,0x0A,0x03,0x80,0xC7,0x60,0x85,0xDA,0x03,0x80,0xC1,0x29,0x00,0x02,0xD9,0x20,
    0x85,0xEA,0x00,0x02,0x06,0xA0,0x95,0xB8,0x02,0x02,0x07,0x00,0xD9,0x02,0x00,0x02,
    0x02,0x02,0x00,0x01,0xC9,0x02,0x00,0x0A,0x06,0xA0,0x95,0xB8,0x10,0xCC,0x02,0x00,
    0x80,0x13,0xC0,0x99,0x04,0x2A,0x01,0x28,0x10,0xC6,0x02,0x00,0x80,0x35,0x10,0xF9,
    0xC7,0x60,0x85,0xDC,0x03,0x80,0xD0,0xE9,0x00,0x01,0x09,0x83,0xC7,0x43,0xDA,0x43,
    0x00,0x01,0x03,0x80,0xD0,0xE9,0x00,0x01,0x09,0x83,0xC7,0x43,0x16,0x05,0xC0,0xED,
    0x00,0x04,0x06,0xC3,0xDA,0x43,0x00,0x01,0x03,0x80,0x02,0x03,0x00,0x26,0xC1,0x2A,
    0x01,0x02,0xD1,0x64,0x00,0x03,0x13,0x0B,0xA1,0x03,0x8A,0x84,0x01,0x04,0x1A,0xF9,
    0x02,0x00,0x80,0x98,0x04,0x2A,0x01,0x28,0xC2,0x2A,0x01,0x2C,0x04,0x58,0xCA,0x44,
    0x00,0x02,0x02,0x03,0x00,0x26,0xC1,0x44,0x04,0xF5,0x06,0x43,0x15,0xFD,0xD9,0x00,
    0x00,0x03,0xC9,0x09,0x00,0x24,0x04,0x5B,0xD9,0x03,0x00,0x05,0x06,0xC3,0xD9,0x03,
    0x00,0x10,0xD9,0x20,0x85,0xE4,0x00,0x11,0x04,0xE4,0x00,0x12,0x04,0xE4,0x00,0x08,
    0x04,0xE4,0x00,0x14,0xC3,0x0B,0xC9,0x29,0x00,0x08,0x00,0x16,0xD9,0x20,0x85,0xE3,
    0x00,0x02,0x06,0xA0,0x95,0xB8,0xD9,0x20,0x85,0xE5,0x00,0x02,0x06,0xA0,0x95,0xB8,
    0xDA,0x60,0x85,0xE0,0x00,0x04,0xC0,0xA4,0x00,0x06,0xC9,0x24,0x00,0x08,0x00,0x12,
    0x13,0x0B,0x89,0x20,0x85,0xE8,0x00,0x08,0x15,0x0A,0x13,0x09,0xC0,0x99,0x09,0x82,
    0x02,0x00,0x80,0xB0,0x04,0x2A,0x01,0x28,0xC9,0x20,0x85,0xE8,0x00,0x08,0x04,0x5C,
    0x04,0x04,0x04,0x04,0x04,0x42,0x42,0x42,0x04,0x48,0x48,0x04,0x42,0x42,0x04,0x04,
    0x04,0x6C,0x04,0x04,0x04,0x04,0x04,0x04,0x04,0x04,0x04,0x04,0x42,0x04,0x04,0x04,
    0x04,0x04,0x04,0x42,0x42,0x42,0x42,0x42,0x42,0x04,0x42,0x42,0x04,0x04,0x04,0x04,
    0x78,0x42,0x42,0x04,0x04,0x42,0x42,0x42,0x00,0x07,0x00,0x04,0x00,0x03,0x00,0x01,
    0xFF,0xFF,0x02,0x91,0x05,0x00,0x05,0x00,0x00,0x90,0x0D,0x00,0x00,0x02,0x31,0x00,
    0x00,0x50,0xFF,0xFF,0x06,0x22,0x00,0x0E,0x18,0x09,0xB8,0xA0,0x85,0xF2,0x00,0x0D,
    0x18,0x05,0x78,0xA2,0x00,0x0D,0x00,0x0D,0x04,0xE2,0x00,0x0E,0x02,0x00,0x00,0x07,
    0x06,0xC0,0xD8,0x80,0x00,0x02,0x02,0x00,0x00,0x01,0xC8,0x80,0x00,0x0A,0x2F,0xD2,
    0x04,0xC0,0x04,0x5B,0xC8,0x80,0x00,0x06,0xC8,0x81,0x00,0x08,0x02,0x01,0x09,0x00,
    0x09,0x13,0x17,0x05,0x06,0xC4,0xD8,0x84,0x00,0x0D,0xC8,0x85,0x00,0x0E,0x04,0x60,
    0x87,0x1E,0xC8,0x80,0x00,0x06,0xC8,0x81,0x00,0x0A,0x04,0xC1,0xD0,0x43,0x16,0x28,
    0xC1,0x86,0x16,0x26,0xC0,0x40,0x98,0x11,0x87,0x58,0x16,0x03,0xD4,0x60,0x87,0x59,
    0x10,0x1F,0x98,0x11,0x87,0x57,0x16,0x0D,0xD4,0x60,0x87,0x5A,0xD8,0x60,0x87,0x5A,
    0xFF,0xFF,0xD8,0x60,0x87,0x59,0xFF,0xFE,0x06,0x62,0x00,0x06,0x05,0xE2,0x00,0x0A,
    0x10,0x0F,0x06,0x22,0x00,0x06,0x05,0xA2,0x00,0x0A,0xD8,0x60,0x87,0x59,0xFF,0xFF,
    0x98,0x11,0x87,0x56,0x16,0x03,0xD4,0x60,0x87,0x5B,0x10,0x02,0xD4,0x60,0x87,0x5A,
    0xC0,0x62,0x00,0x0A,0x20,0x60,0x87,0x5E,0x16,0x06,0x05,0xA2,0x00,0x0A,0xA0,0x22,
    0x00,0x0A,0xC4,0x20,0x87,0x5D,0x02,0x01,0x0B,0x00,0x09,0x13,0x17,0x05,0x06,0xC4,
    0xD8,0x84,0x00,0x0D,0xC8,0x85,0x00,0x0E,0x04,0x60,0x87,0x1E,0xC0,0x4B,0x04,0x2A,
    0x01,0x28,0x04,0x51,0xD8,0x80,0x00,0x0D,0xC8,0x80,0x00,0x0E,0x02,0x01,0x00,0x0E,
    0x06,0xC1,0xD8,0x81,0x00,0x02,0x2F,0xD2,0x04,0xC0,0x04,0x5B,0x02,0x01,0x0D,0x00,
    0x10,0x16,0x04,0xC0,0x04,0x5B,0xF8,0xA0,0x87,0x55,0x00,0x05,0xC3,0x22,0x00,0x24,
    0xFB,0x20,0x87,0x5C,0x00,0x05,0x04,0x60,0x86,0x42,0xF8,0xA0,0x87,0x55,0x00,0x05,
    0xC3,0x22,0x00,0x24,0x5B,0x20,0x87,0x5C,0x00,0x05,0x04,0x60,0x86,0x24,0xD8,0x81,
    0x00,0x02,0x2F,0xD2,0x02,0x81,0x09,0x00,0x16,0x01,0x04,0xC3,0xC0,0x62,0x00,0x0A,
    0xC0,0x22,0x00,0x04,0xC3,0x00,0x02,0x40,0x00,0x80,0x13,0x01,0x04,0xCC,0x09,0xDC,
    0xD0,0x2C,0x87,0x52,0x09,0x80,0x02,0x80,0x00,0x02,0x16,0x02,0x02,0x03,0x00,0x01,
    0x04,0x5B,0x00,0x02,0x01,0x80,0x31,0x30,0x2B,0x0D,0x0A,0x0C,0x04,0x00,0x00,0x01,
    0x00,0x00,0x00,0x56,0x00,0x90,0x00,0x56,0x00,0x50,0x00,0x56,0x00,0x90,0x27,0x20,
    0x49,0x4E,0x56,0x41,0x4C,0x49,0x44,0x20,0x44,0x45,0x56,0x49,0x43,0x45,0x20,0x54,
    0x59,0x50,0x45,0x20,0x4F,0x4E,0x20,0x4F,0x50,0x45,0x4E,0x20,0x53,0x56,0x43,0x2C,
    0x20,0x41,0x42,0x4F,0x52,0x54,0xC0,0xA4,0x00,0x08,0x16,0x1A,0xC0,0xA4,0x00,0x06,
    0x02,0x82,0x01,0xFF,0x13,0x12,0xC0,0x82,0x11,0x03,0x02,0x82,0x00,0x06,0x11,0x07,
    0x02,0x00,0x87,0x6E,0x04,0x2A,0x01,0x28,0xC0,0xAA,0x01,0x2C,0x04,0x52,0x0A,0x12,
    0x02,0x22,0x87,0x60,0xC9,0x12,0x00,0x08,0x10,0x03,0xC9,0x20,0x87,0x6C,0x00,0x08,
    0x04,0x5B,0x04,0xC8,0x10,0x01,0x07,0x08,0x06,0xA0,0x89,0x24,0x05,0xAA,0x00,0x88,
    0x05,0xAA,0x00,0xD4,0x06,0xA0,0x91,0x10,0x10,0x6C,0x04,0xC8,0x10,0x01,0x07,0x08,
    0x06,0xA0,0x89,0x24,0x06,0x2A,0x00,0x88,0x03,0x80,0x06,0xA0,0x88,0xF0,0x05,0xAA,
    0x00,0xD4,0x10,0x5F,0x06,0xA0,0x88,0xF0,0x10,0x5C,0x02,0x08,0x11,0x01,0x10,0x20,
    0x02,0x08,0x11,0x00,0x10,0x1D,0x02,0x08,0x10,0x01,0x10,0x1A,0x02,0x08,0x10,0x00,
    0x10,0x17,0x02,0x08,0x01,0x01,0x10,0x14,0x02,0x08,0x01,0x10,0x10,0x11,0x02,0x08,
    0x01,0x11,0x10,0x0E,0x02,0x08,0x01,0x00,0x10,0x0B,0x02,0x08,0x00,0x01,0x10,0x08,
    0x02,0x08,0x00,0x10,0x10,0x05,0x02,0x08,0x00,0x11,0x10,0x02,0x04,0xC8,0x10,0x00,
    0x06,0xA0,0x88,0xD6,0x04,0xC1,0x22,0x20,0x93,0x78,0x16,0x03,0x05,0xAA,0x00,0xD4,
    0x05,0x81,0x22,0x20,0x93,0x7A,0x16,0x08,0x05,0xAA,0x00,0x9E,0x06,0xA0,0x8A,0xDC,
    0xCA,0x90,0x00,0xC4,0x02,0x61,0x40,0x00,0x22,0x20,0x93,0x7C,0x16,0x04,0x06,0xA0,
    0x8A,0xDC,0xCA,0x80,0x00,0xAA,0x22,0x20,0x93,0x7E,0x16,0x04,0x06,0xA0,0x8A,0xDC,
    0xCA,0x80,0x00,0xAC,0xC0,0x2A,0x00,0xCC,0x04,0x2A,0x00,0x28,0x06,0xA0,0x8D,0x4A,
    0xCA,0x81,0x00,0xC2,0xCA,0x81,0x00,0xCA,0xCA,0x82,0x00,0xEC,0xCA,0x83,0x00,0x96,
    0xCA,0x85,0x00,0xEA,0xC3,0x2A,0x00,0x9E,0x13,0x04,0xC5,0x2A,0x00,0xC4,0xCA,0x84,
    0x00,0xA0,0xC3,0x2A,0x00,0xD4,0x16,0x03,0x06,0xA0,0x8C,0x0A,0x03,0x80,0x06,0xA0,
    0x89,0xA4,0x04,0xC9,0x03,0x80,0xCA,0x8B,0x00,0xD6,0x06,0xA0,0x89,0x92,0x06,0xA0,
    0x8A,0xDC,0xCA,0x90,0x00,0xCC,0x06,0xA0,0x8A,0xDC,0xCA,0x80,0x00,0xB8,0x10,0x4E,
    0xCA,0x8B,0x00,0xD6,0x06,0xA0,0x89,0x92,0x05,0xAA,0x00,0xA8,0x06,0xA0,0x8A,0xDC,
    0xCA,0x90,0x00,0xC2,0xCA,0x90,0x00,0xCA,0x06,0xA0,0x8A,0xDC,0xCA,0x80,0x00,0x9A,
    0x04,0xD0,0x06,0xA0,0x8A,0xDC,0xCA,0x80,0x00,0xB8,0x06,0xA0,0x8A,0xDC,0xCA,0x80,
    0x00,0x96,0x10,0x34,0xCA,0x8B,0x00,0xD6,0x06,0xA0,0x89,0x92,0x06,0xA0,0x8A,0xDC,
    0xCA,0x90,0x00,0xCC,0x06,0xA0,0x8A,0xDC,0xCA,0x80,0x00,0xB8,0xC3,0x08,0x13,0x04,
    0x06,0xA0,0x8A,0xDC,0xCA,0x80,0x00,0xAC,0x06,0xA0,0x8A,0xDC,0xCA,0x90,0x00,0xF0,
    0x06,0xA0,0x8A,0xDC,0xCA,0x90,0x00,0xA2,0xCA,0xBE,0x00,0x8A,0xC0,0x2A,0x00,0xCC,
    0x02,0x01,0x00,0x07,0x04,0x2A,0x00,0x28,0x06,0xA0,0x8D,0x4A,0xCA,0x81,0x00,0xC2,
    0xCA,0x81,0x00,0xCA,0xCA,0x82,0x00,0xEC,0xCA,0x83,0x00,0x96,0xC0,0x2A,0x00,0xF0,
    0xC0,0x6A,0x00,0xA2,0x06,0xA0,0x90,0x5C,0x06,0xA0,0x89,0xA4,0xC2,0xEA,0x00,0xD6,
    0x04,0x5B,0xC0,0x8A,0x02,0x22,0x00,0x88,0x02,0x0C,0x00,0x4E,0x04,0xF2,0x06,0x4C,
    0x15,0xFD,0x04,0x5B,0xC0,0xAA,0x00,0x96,0xC3,0x2A,0x00,0xC2,0xDC,0xA0,0x93,0x73,
    0x06,0x0C,0x15,0xFC,0x04,0x5B,0x06,0xA0,0x8A,0xB4,0x02,0x00,0x00,0x02,0x02,0x01,
    0x00,0x00,0x10,0x69,0x06,0xA0,0x8A,0xB4,0x02,0x00,0x00,0x04,0x02,0x01,0x00,0x01,
    0x10,0x62,0x06,0xA0,0x8A,0xB4,0xCA,0xBE,0x00,0xAE,0x02,0x00,0x00,0x02,0x02,0x01,
    0x00,0x02,0x10,0x59,0x06,0xA0,0x8A,0xB4,0x02,0x00,0x00,0x04,0x02,0x01,0x00,0x03,
    0x10,0x52,0x06,0xA0,0x8A,0xB4,0x02,0x00,0x00,0x08,0x02,0x01,0x00,0x04,0x10,0x4B,
    0x06,0xA0,0x8A,0xB4,0xAA,0xAA,0x00,0x8E,0x00,0x8E,0x02,0x00,0x00,0x04,0x02,0x01,
    0x00,0x03,0x10,0x41,0x06,0xA0,0x8A,0xB4,0x02,0x00,0x00,0x02,0x02,0x01,0x00,0x05,
    0x10,0x3A,0x06,0xA0,0x8A,0xCA,0x02,0x00,0x00,0x02,0x02,0x01,0x00,0x00,0x10,0x2F,
    0x06,0xA0,0x8A,0xCA,0x02,0x00,0x00,0x04,0x02,0x01,0x00,0x01,0x10,0x28,0x06,0xA0,
    0x8A,0xCA,0xCA,0xBE,0x00,0xAE,0x02,0x00,0x00,0x02,0x02,0x01,0x00,0x02,0x10,0x1F,
    0x06,0xA0,0x8A,0xCA,0x02,0x00,0x00,0x04,0x02,0x01,0x00,0x03,0x10,0x18,0x06,0xA0,
    0x8A,0xCA,0x02,0x00,0x00,0x08,0x02,0x01,0x00,0x04,0x10,0x11,0x06,0xA0,0x8A,0xCA,
    0xCA,0xA0,0x93,0x82,0x00,0x8E,0x02,0x00,0x00,0x04,0x02,0x01,0x00,0x03,0x10,0x0B,
    0x06,0xA0,0x8A,0xCA,0x02,0x00,0x00,0x02,0x02,0x01,0x00,0x05,0x10,0x00,0x04,0xEA,
    0x00,0x8E,0x05,0xAA,0x00,0x8E,0xCA,0x80,0x00,0xA4,0xCA,0x81,0x00,0xA6,0x06,0xA0,
    0x8D,0x8E,0xAA,0xAA,0x00,0xA4,0x00,0x8C,0x05,0xAA,0x00,0x92,0x06,0x2A,0x00,0x8E,
    0x15,0xF6,0x03,0x80,0xCA,0x8B,0x00,0xD6,0x06,0xA0,0x8A,0xCA,0x06,0xA0,0x8A,0xDC,
    0xCA,0x90,0x00,0x8E,0xC2,0xEA,0x00,0xD6,0x04,0x5B,0xCA,0x8B,0x00,0xD8,0x06,0xA0,
    0x8A,0xDC,0xCA,0x80,0x00,0x8C,0xC2,0xEA,0x00,0xD8,0x04,0x5B,0xC0,0x3E,0x88,0x2D,
    0x00,0x24,0x93,0x82,0x16,0x01,0xA0,0x0D,0x24,0x20,0x93,0x76,0x13,0x01,0xC0,0x10,
    0x04,0x5B,0xC3,0x2A,0x00,0x88,0x11,0x04,0x05,0xAA,0x00,0xC8,0x04,0x60,0x8D,0x92,
    0x03,0x80,0xC3,0x2A,0x00,0xA8,0x13,0x06,0x06,0xA0,0x8B,0x50,0xC0,0xAA,0x00,0x9A,
    0xA4,0x89,0x10,0x0F,0xC3,0x2A,0x00,0xD4,0x13,0x05,0x06,0xA0,0x8B,0x50,0x06,0xA0,
    0x8B,0x5C,0x10,0x07,0xC3,0x2A,0x00,0x9E,0x13,0x04,0xC0,0xAA,0x00,0xA0,0xC4,0xAA,
    0x00,0xC4,0x03,0x80,0xC3,0x2A,0x00,0xD4,0x13,0x05,0x06,0xA0,0x8B,0x50,0x06,0xA0,
    0x8B,0x5C,0x10,0x04,0x06,0xA0,0x8D,0x30,0x06,0xA0,0x8C,0x0A,0x04,0x60,0x8D,0x92,
    0x82,0x6A,0x00,0xBA,0x12,0x02,0xC2,0x6A,0x00,0xBA,0x04,0x5B,0xCA,0x8B,0x00,0xD8,
    0xC3,0x2A,0x00,0xA8,0x13,0x03,0x06,0xA0,0x8D,0x30,0x10,0x26,0xC3,0x2A,0x00,0x88,
    0x16,0x26,0xC0,0x49,0x16,0x01,0x05,0x81,0x8A,0x81,0x00,0xC2,0x12,0x02,0xC0,0x6A,
    0x00,0xC2,0x04,0xC3,0xC3,0x2A,0x00,0x9E,0x13,0x06,0x05,0x83,0x04,0xC4,0xC1,0x6A,
    0x00,0xC4,0x05,0xAA,0x00,0xC4,0xC0,0x2A,0x00,0x96,0xC0,0xAA,0x00,0xEC,0xC1,0xAA,
    0x00,0xEA,0x06,0xA0,0x86,0x42,0x06,0xA0,0x8D,0x4A,0xC3,0x2A,0x00,0x9E,0x13,0x04,
    0xC0,0xAA,0x00,0xA0,0xC4,0xAA,0x00,0xC4,0x04,0xEA,0x00,0xD0,0x10,0x23,0x06,0xA0,
    0x90,0xFC,0xC0,0x49,0x16,0x01,0x10,0x43,0x8A,0x81,0x00,0xC2,0x12,0x02,0xC0,0x6A,
    0x00,0xC2,0xCA,0x81,0x00,0xCA,0xC0,0x2A,0x00,0x96,0xC0,0xAA,0x00,0xEC,0x06,0xA0,
    0x90,0xF0,0x06,0xA0,0x90,0xE2,0xC0,0xEA,0x00,0x8A,0x13,0x02,0x02,0x03,0x00,0x04,
    0x04,0xEA,0x00,0x8A,0x06,0xA0,0x00,0x00,0x06,0xA0,0x8D,0x4A,0xC0,0x2A,0x00,0xCA,
    0x06,0xA0,0x90,0xBA,0x06,0xA0,0x89,0xA4,0x10,0x22,0xCA,0x8B,0x00,0xD8,0xC3,0x2A,
    0x00,0xA8,0x16,0x1D,0x06,0xA0,0x89,0xA4,0x04,0xC3,0xC3,0x2A,0x00,0x9E,0x13,0x09,
    0x05,0x83,0x04,0xC4,0xC1,0x6A,0x00,0xC4,0xC0,0xAA,0x00,0xA0,0xC4,0x85,0x05,0xAA,
    0x00,0xC4,0xC0,0x2A,0x00,0x96,0xC0,0x6A,0x00,0xC2,0xC0,0xAA,0x00,0xEC,0xC1,0xAA,
    0x00,0xEA,0x06,0xA0,0x86,0x24,0x06,0xA0,0x8D,0x4A,0xCA,0x81,0x00,0xCA,0x04,0xC9,
    0xC2,0xEA,0x00,0xD8,0x04,0x5B,0xCA,0xAA,0x00,0x8E,0x00,0xC6,0x04,0xC3,0xD0,0xE0,
    0x93,0x70,0xC3,0x2A,0x00,0x8A,0x23,0x20,0x93,0x82,0x16,0x02,0x02,0x63,0x00,0x08,
    0x23,0x20,0x93,0x80,0x16,0x02,0x02,0x63,0x00,0x04,0x06,0xA0,0x90,0xE2,0xC0,0x2A,
    0x00,0xCE,0x38,0x2A,0x00,0x8E,0x06,0xA0,0x90,0x46,0xC0,0xAA,0x00,0xEC,0xC0,0x2A,
    0x00,0x96,0x06,0xA0,0x00,0x00,0x06,0xA0,0x8D,0x4A,0xC3,0x2A,0x00,0x8A,0x23,0x20,
    0x93,0x84,0x13,0x07,0xC0,0x2A,0x00,0xCE,0x38,0x2A,0x00,0x8E,0xC0,0x01,0x06,0xA0,
    0x90,0xBA,0xCA,0x81,0x00,0xCA,0x04,0xC9,0x06,0xA0,0x8D,0x88,0xAA,0xAA,0x00,0xA4,
    0x00,0x8C,0x06,0x2A,0x00,0xC6,0x15,0xF8,0xC3,0x2A,0x00,0x8A,0x23,0x20,0x93,0x84,
    0x16,0x2E,0x06,0xA0,0x89,0xA4,0xC0,0x2A,0x00,0xA4,0x38,0x2A,0x00,0x8E,0x6A,0x81,
    0x00,0x8C,0x06,0xA0,0x90,0x0A,0x04,0xC9,0x05,0xAA,0x00,0xD4,0xCA,0xAA,0x00,0x8E,
    0x00,0xC6,0x06,0xA0,0x8D,0x88,0xAA,0xAA,0x00,0xA4,0x00,0x8C,0x06,0x2A,0x00,0xC6,
    0x15,0xF8,0xC0,0x2A,0x00,0xCE,0x38,0x2A,0x00,0x8E,0xC0,0xAA,0x00,0xEC,0xC0,0x2A,
    0x00,0x96,0x04,0xC3,0x06,0xA0,0x90,0xE2,0x06,0xA0,0x00,0x00,0x06,0xA0,0x8D,0x4A,
    0xC0,0x2A,0x00,0xCE,0x38,0x2A,0x00,0x8E,0xC0,0x01,0x06,0xA0,0x90,0xBA,0x03,0x80,
    0xC3,0x2A,0x00,0xA8,0x13,0x09,0xAA,0xAA,0x00,0xC2,0x00,0x96,0xC0,0xAA,0x00,0x9A,
    0xA4,0xAA,0x00,0xC2,0x04,0xEA,0x00,0xBA,0x04,0x5B,0xC3,0x00,0x16,0x01,0x04,0x5B,
    0x02,0x01,0x92,0xCD,0x02,0x80,0x00,0x03,0x13,0x15,0x02,0x01,0x92,0xDA,0x02,0x80,
    0x00,0x04,0x13,0x10,0x02,0x01,0x92,0xF8,0x02,0x80,0x00,0x01,0x13,0x0B,0x02,0x01,
    0x93,0x06,0x02,0x80,0x00,0x05,0x13,0x06,0x02,0x01,0x92,0xEC,0xC3,0xAA,0x00,0xAA,
    0x13,0x01,0x03,0x80,0x04,0x60,0x92,0x36,0xCA,0x8B,0x00,0xD6,0x10,0x0F,0xCA,0x8B,
    0x00,0xD6,0x06,0x2A,0x00,0xC6,0x15,0x0A,0x06,0xA0,0x91,0x34,0xCA,0x80,0x00,0xC6,
    0xCA,0xAA,0x00,0xB2,0x00,0xB4,0x02,0x02,0x93,0x2E,0x10,0x0B,0x88,0x2A,0x00,0xB4,
    0x93,0x86,0x12,0x05,0xC3,0x2A,0x00,0xD4,0x13,0x02,0x06,0xA0,0x90,0x0A,0x02,0x02,
    0x93,0x54,0xA0,0xAA,0x00,0xB4,0xC0,0x92,0x04,0x52,0xC0,0xAA,0x00,0xBC,0x02,0x82,
    0x00,0x03,0x14,0x14,0x05,0xAA,0x00,0xBC,0x02,0x82,0x00,0x01,0x15,0x06,0xCA,0xAA,
    0x00,0xBC,0x00,0x94,0xCA,0xAA,0x00,0xC6,0x00,0x90,0xA0,0x82,0xA0,0x8A,0xC8,0xAA,
    0x00,0xB6,0x00,0xDE,0xC8,0xAA,0x00,0xC6,0x00,0xE4,0x10,0xCE,0x04,0x60,0x92,0x16,
    0xC0,0xAA,0x00,0xBC,0x15,0x02,0x04,0x60,0x92,0x10,0x06,0x02,0xA0,0x82,0xA0,0x8A,
    0x06,0x22,0x00,0xE4,0x15,0x1C,0x06,0x2A,0x00,0xBC,0x15,0xBE,0xC3,0x2A,0x00,0xC8,
    0x16,0x1A,0xC3,0x2A,0x00,0x92,0x16,0x02,0x04,0x60,0x92,0x2E,0x04,0xEA,0x00,0x92,
    0xC0,0xAA,0x00,0x94,0xCA,0x82,0x00,0xBC,0x06,0x02,0xA0,0x82,0xA0,0x8A,0xC8,0xAA,
    0x00,0x90,0x00,0xE4,0xCA,0xA2,0x00,0xDE,0x00,0xB6,0x04,0x60,0x8B,0x34,0xCA,0xA2,
    0x00,0xDE,0x00,0xB6,0x10,0xA1,0x04,0x60,0x8B,0x02,0xC3,0x2A,0x00,0x88,0x11,0x9C,
    0x10,0xA5,0x05,0xAA,0x00,0xC0,0x10,0x98,0xCA,0xAA,0x00,0xC6,0x00,0xBE,0xC3,0x2A,
    0x00,0xC0,0x13,0x02,0x05,0x2A,0x00,0xBE,0x04,0xEA,0x00,0xC0,0x10,0x8D,0x06,0xA0,
    0x91,0x34,0xCA,0x80,0x00,0xCE,0x04,0xEA,0x00,0x9C,0x10,0x0C,0x06,0xA0,0x91,0x34,
    0xCA,0x80,0x00,0xCE,0x98,0x2A,0x00,0xB0,0x93,0x6F,0x16,0x0D,0x06,0xA0,0x91,0x34,
    0xCA,0x80,0x00,0x9C,0x06,0x2A,0x00,0xB6,0xC3,0x2A,0x00,0x88,0x11,0x02,0x04,0x60,
    0x8D,0xAC,0x04,0x60,0x8C,0x56,0x04,0x60,0x92,0x1C,0xC3,0x2A,0x00,0x88,0x11,0x3B,
    0xC3,0x2A,0x00,0xC6,0x13,0x02,0x04,0x60,0x92,0x22,0xC3,0x2A,0x00,0xD4,0x16,0x21,
    0x06,0xA0,0x91,0x8E,0x98,0x00,0x93,0x6E,0x13,0x0B,0x06,0xA0,0x91,0xC0,0x98,0x00,
    0x93,0x6E,0x16,0x02,0xD0,0x20,0x93,0x73,0x07,0x01,0x06,0xA0,0x8F,0x06,0x10,0xF0,
    0x06,0xA0,0x91,0x8E,0x06,0x2A,0x00,0xB6,0x98,0x00,0x93,0x6E,0x16,0x28,0x04,0xC1,
    0x06,0xA0,0x8F,0x06,0x10,0xEA,0xA0,0x6A,0x00,0xB6,0xA0,0x6A,0x00,0xB8,0xD4,0x40,
    0x04,0x5B,0x06,0xA0,0x91,0x8E,0x98,0x00,0x93,0x6E,0x13,0x03,0x06,0xA0,0x91,0xFE,
    0x10,0xF8,0x06,0xA0,0x91,0x8E,0x98,0x00,0x93,0x6E,0x13,0xF8,0x06,0x2A,0x00,0xB6,
    0xCA,0x89,0x00,0xD0,0x10,0x0C,0x06,0xA0,0x91,0x8E,0x98,0x00,0x93,0x6E,0x16,0xFB,
    0x06,0xA0,0x91,0x8E,0x98,0x00,0x93,0x6E,0x13,0xF6,0x06,0x2A,0x00,0xB6,0x04,0x60,
    0x8D,0x98,0xC3,0x2A,0x00,0x88,0x11,0x12,0xC3,0x2A,0x00,0xD4,0x16,0x08,0x06,0xA0,
    0x91,0xC0,0x05,0xAA,0x00,0xB6,0x07,0x01,0x06,0xA0,0x8F,0x06,0x10,0x1F,0x06,0xA0,
    0x91,0x8E,0x06,0xA0,0x91,0xFE,0xCA,0x89,0x00,0xD0,0x10,0x18,0x05,0xAA,0x00,0xB6,
    0x10,0x15,0xA2,0x6A,0x00,0xC6,0x10,0xE3,0xC3,0x2A,0x00,0xC6,0x13,0x02,0x04,0x60,
    0x92,0x22,0x06,0xA0,0x91,0x34,0x82,0x40,0x15,0x05,0x8A,0x89,0x00,0xBA,0x12,0x02,
    0xCA,0x89,0x00,0xBA,0x06,0x00,0xC2,0x40,0x06,0x2A,0x00,0xB6,0x04,0x60,0x8D,0x92,
    0x04,0xE0,0x93,0x88,0xC3,0x2A,0x00,0xC8,0x16,0x26,0x06,0xA0,0x91,0x1A,0xC1,0x2A,
    0x00,0xA4,0xC3,0x2A,0x00,0xCE,0x63,0x04,0x11,0x01,0xA2,0x4C,0xC0,0xAA,0x00,0x8C,
    0xC3,0x2A,0x00,0xD4,0x16,0x11,0x06,0xA0,0x91,0xA2,0x98,0x00,0x93,0x74,0x16,0x06,
    0x98,0x20,0x93,0x89,0x93,0x74,0x13,0x02,0xD0,0x20,0x93,0x73,0xDC,0x80,0x06,0x04,
    0x15,0xF2,0xC2,0xEA,0x00,0xD6,0x04,0x5B,0xD0,0x32,0x06,0xA0,0x91,0xE0,0x06,0x04,
    0x15,0xFB,0x04,0x60,0x91,0x2A,0x04,0x60,0x8B,0x02,0xC0,0xAA,0x00,0x8C,0x04,0xC6,
    0x04,0xC7,0x04,0xC8,0xC3,0x2A,0x00,0xA6,0x02,0x8C,0x00,0x00,0x13,0x0E,0xC1,0x72,
    0x02,0x8C,0x00,0x05,0x13,0x0F,0x02,0x8C,0x00,0x02,0x13,0x0C,0xC1,0xB2,0x02,0x8C,
    0x00,0x04,0x16,0x08,0xC1,0xF2,0xC2,0x12,0x10,0x05,0xC1,0x92,0x11,0x02,0x04,0xC5,
    0x10,0x01,0x07,0x05,0x04,0x5B,0xC0,0x01,0xA0,0x2A,0x00,0xA2,0x8A,0x80,0x00,0xC2,
    0x12,0x04,0x02,0x01,0x92,0xDA,0x04,0x60,0x92,0x32,0x04,0x5B,0xCA,0x86,0x00,0xEE,
    0x80,0x16,0x14,0x02,0x60,0x16,0x10,0xFC,0x80,0x66,0x00,0x02,0x14,0x03,0x60,0x66,
    0x00,0x02,0x10,0xFA,0xC0,0x41,0x13,0x16,0xC0,0x00,0x16,0x17,0x06,0x26,0x00,0x06,
    0x13,0x07,0x05,0xA6,0x00,0x04,0x89,0x96,0x00,0x04,0x14,0x02,0x69,0x96,0x00,0x04,
    0xC9,0x81,0x00,0x06,0x89,0xA0,0x93,0x80,0x00,0x04,0x16,0x0B,0xEA,0xA0,0x93,0x80,
    0x00,0x8A,0x10,0x07,0xC0,0x00,0x13,0x05,0x10,0x02,0xC9,0x81,0x00,0x06,0xC9,0x80,
    0x00,0x04,0xCA,0xA6,0x00,0x06,0x00,0xA2,0x04,0x5B,0xC0,0x6A,0x00,0xEE,0xA8,0x40,
    0x00,0x06,0x88,0x61,0x00,0x02,0x00,0x06,0x14,0x0B,0x68,0x61,0x00,0x02,0x00,0x06,
    0x05,0xA1,0x00,0x04,0x88,0x51,0x00,0x04,0x14,0xF4,0x68,0x51,0x00,0x04,0x10,0xF1,
    0x04,0x5B,0xC1,0x2A,0x00,0xEE,0xC1,0x64,0x00,0x06,0xC1,0x24,0x00,0x04,0x04,0x5B,
    0xC1,0x2A,0x00,0xEE,0xC9,0x2A,0x00,0xA2,0x00,0x06,0x04,0x5B,0xC1,0x2A,0x00,0xEE,
    0x05,0xA4,0x00,0x04,0x89,0x14,0x00,0x04,0x14,0x02,0x69,0x11,0x00,0x04,0x04,0x5B,
    0xC1,0x2A,0x00,0xEE,0x06,0x24,0x00,0x04,0x04,0x5B,0xCA,0x89,0x00,0xD2,0xCA,0x89,
    0x00,0xD0,0xAA,0xAA,0x00,0xCE,0x00,0xD0,0x04,0x5B,0xC2,0x6A,0x00,0xD0,0xC2,0xEA,
    0x00,0xD6,0x04,0x5B,0xCA,0x8B,0x00,0xDA,0x04,0xC3,0x06,0xA0,0x91,0x66,0x70,0x20,
    0x93,0x71,0x11,0x0D,0x98,0x00,0x93,0x72,0x15,0x0A,0x38,0xE0,0x93,0x86,0xC3,0x03,
    0x16,0x6B,0xC0,0xC4,0x11,0x69,0x08,0x80,0xA0,0xC0,0x19,0xEF,0x10,0x65,0xC0,0x03,
    0xC2,0xEA,0x00,0xDA,0x04,0x5B,0xCA,0x8B,0x00,0xDC,0x06,0xA0,0x91,0x8E,0x98,0x00,
    0x93,0x73,0x13,0xFB,0x02,0x02,0x93,0x1B,0x02,0x0C,0xFF,0xDC,0x9C,0x80,0x13,0x02,
    0x05,0xCC,0x11,0xFC,0x02,0x2C,0x00,0x24,0xCA,0x8C,0x00,0xB2,0x10,0x35,0xC0,0xAA,
    0x00,0xB6,0x05,0xAA,0x00,0xB6,0xA0,0xAA,0x00,0xB8,0xD0,0x12,0xDA,0x92,0x00,0xB0,
    0x04,0x5B,0xCA,0x8B,0x00,0xDC,0x8A,0x89,0x00,0xD0,0x11,0x05,0xD0,0x20,0x93,0x74,
    0x05,0xA0,0x93,0x88,0x10,0x02,0x06,0xA0,0x91,0xC0,0xDA,0x80,0x00,0x98,0x10,0x1C,
    0x8A,0x89,0x00,0xCA,0x11,0x05,0xD0,0x20,0x93,0x74,0x05,0xA0,0x93,0x88,0x10,0x05,
    0xC3,0x09,0x05,0x89,0xA3,0x2A,0x00,0x96,0xD0,0x1C,0xDA,0x80,0x00,0x98,0x04,0x5B,
    0xCA,0x8B,0x00,0xDC,0x82,0x6A,0x00,0xD2,0x15,0x06,0x8A,0x89,0x00,0xD0,0x14,0x04,
    0x06,0xA0,0x91,0xFE,0x10,0x01,0x05,0x89,0xC2,0xEA,0x00,0xDC,0x04,0x5B,0x8A,0x89,
    0x00,0xC2,0x14,0x05,0xC3,0x09,0xA3,0x2A,0x00,0x96,0xD7,0x00,0x05,0x89,0x04,0x5B,
    0x02,0x01,0x92,0x76,0x10,0x0E,0x02,0x01,0x92,0x85,0x10,0x0B,0x02,0x01,0x92,0xA4,
    0x10,0x08,0x02,0x01,0x92,0xB8,0x10,0x05,0x02,0x01,0x92,0x68,0x10,0x02,0x02,0x01,
    0x92,0x96,0x02,0x00,0x00,0x0B,0xC3,0x2A,0x00,0xAC,0x16,0x05,0x02,0x00,0x92,0xFC,
    0xC0,0xAA,0x01,0x36,0x04,0x52,0xC0,0x80,0xC0,0x2A,0x00,0xCC,0x02,0x01,0x00,0x09,
    0x04,0x2A,0x00,0x28,0xC3,0x00,0x16,0x03,0xC3,0xAA,0x00,0xAC,0x03,0x80,0x04,0xEA,
    0x00,0xAC,0x02,0x01,0x92,0xDA,0x10,0xE7,0x0D,0x49,0x4C,0x4C,0x45,0x47,0x41,0x4C,
    0x20,0x43,0x4F,0x55,0x4E,0x54,0x0E,0x50,0x41,0x52,0x45,0x4E,0x20,0x4D,0x49,0x53,
    0x4D,0x41,0x54,0x43,0x48,0x10,0x50,0x41,0x52,0x45,0x4E,0x20,0x4E,0x45,0x53,0x54,
    0x49,0x4E,0x47,0x20,0x3E,0x33,0x0D,0x4E,0x4F,0x20,0x43,0x4F,0x4E,0x56,0x45,0x52,
    0x53,0x49,0x4F,0x4E,0x13,0x49,0x4C,0x4C,0x45,0x47,0x41,0x4C,0x20,0x46,0x4F,0x52,
    0x4D,0x41,0x54,0x20,0x43,0x48,0x41,0x52,0x14,0x49,0x4C,0x4C,0x45,0x47,0x41,0x4C,
    0x20,0x52,0x45,0x50,0x45,0x41,0x54,0x20,0x43,0x4F,0x55,0x4E,0x54,0x0C,0x49,0x4C,
    0x4C,0x45,0x47,0x41,0x4C,0x20,0x55,0x4E,0x49,0x54,0x11,0x49,0x4C,0x4C,0x45,0x47,
    0x41,0x4C,0x20,0x4F,0x50,0x45,0x52,0x41,0x54,0x49,0x4F,0x4E,0x0B,0x45,0x4E,0x44,
    0x20,0x4F,0x46,0x20,0x46,0x49,0x4C,0x45,0x03,0x49,0x2F,0x4F,0x09,0x46,0x4F,0x52,
    0x4D,0x41,0x54,0x54,0x45,0x44,0x14,0x46,0x49,0x4C,0x45,0x20,0x50,0x52,0x45,0x56,
    0x49,0x4F,0x55,0x53,0x4C,0x59,0x20,0x4F,0x50,0x45,0x4E,0x48,0x58,0x27,0x54,0x2F,
    0x41,0x5A,0x49,0x4C,0x46,0x45,0x47,0x44,0x29,0x28,0x50,0x2D,0x2C,0x00,0x8D,0xAC,
    0x8D,0xAC,0x8D,0xAC,0x8D,0xAC,0x8E,0x5A,0x8E,0x7E,0x8E,0x7E,0x8E,0x7E,0x8E,0x7E,
    0x8E,0x8C,0x8E,0x8C,0x8E,0x8C,0x8E,0x8C,0x8E,0x00,0x8D,0xCA,0x8E,0x68,0x8E,0x62,
    0x8D,0x98,0x92,0x1C,0x8F,0x52,0x8F,0x82,0x8E,0xBA,0x8F,0x88,0x8B,0x34,0x8F,0xB0,
    0x6E,0xF8,0x6D,0x6C,0x6E,0x92,0x77,0xFA,0x78,0x22,0x77,0x50,0x78,0x34,0x27,0x2E,
    0x2A,0x30,0x09,0x20,0x00,0x00,0x00,0x01,0x10,0x00,0x01,0x00,0x00,0x10,0x00,0x01,
    0x00,0x01,0x00,0x02,0x00,0x04,0x00,0x0A,0x00,0x00,0xC3,0x4B,0xCA,0x80,0x00,0xFA,
    0xCA,0x81,0x00,0xFC,0xCA,0x82,0x00,0xFE,0xCA,0x83,0x01,0x00,0xCA,0x82,0x01,0x02,
    0xCA,0x83,0x01,0x04,0xCA,0x85,0x00,0x28,0xCA,0x86,0x00,0x2A,0xCA,0x87,0x01,0x28,
    0xCA,0x88,0x01,0x2A,0xCA,0x89,0x01,0x06,0xCA,0x8A,0x00,0x14,0xCA,0x8A,0x01,0x1C,
    0x04,0xC3,0x80,0x40,0x14,0x02,0xDC,0x03,0x10,0xFC,0x04,0xC0,0xC1,0xEA,0x01,0x2E,
    0x04,0x17,0x02,0x01,0x00,0x00,0xC1,0xEA,0x01,0x30,0x04,0x17,0xC1,0xEA,0x01,0x02,
    0x05,0x87,0x02,0x47,0xFF,0xFE,0xCA,0x87,0x01,0x02,0xC1,0x2A,0x01,0x04,0x61,0x07,
    0x04,0xC3,0x3C,0xE0,0x94,0x1A,0xC0,0xEA,0x01,0x04,0x60,0xC4,0xCA,0x83,0x01,0x04,
    0x04,0xC5,0xDD,0xC5,0x80,0xC7,0x1A,0xFC,0x04,0x5D,0x04,0x2A,0x01,0x28,0x04,0xC0,
    0x04,0x5B,0x04,0x2A,0x01,0x28,0x04,0xC0,0x04,0x5B,0x00,0x26,0xC2,0x6A,0x00,0xFA,
    0x13,0x3A,0xC1,0x29,0x00,0x02,0x13,0x32,0xD9,0x20,0x94,0xA4,0x00,0x02,0xD0,0xE9,
    0x00,0x04,0x09,0x83,0x02,0x83,0x00,0x01,0x13,0x20,0x02,0x83,0x00,0x05,0x16,0x14,
    0xC0,0x84,0x06,0xA0,0x95,0xD4,0x02,0x80,0x00,0x01,0x13,0xFB,0x02,0x80,0x00,0x04,
    0x16,0x0E,0xD0,0x29,0x00,0x00,0x09,0x80,0xC0,0x40,0x02,0x00,0x80,0x08,0x04,0x2A,
    0x01,0x28,0xC1,0xEA,0x01,0x2C,0x04,0x57,0x02,0x83,0x00,0x06,0x16,0x09,0xD0,0xA9,
    0x00,0x05,0x09,0x82,0x02,0x42,0x00,0x04,0x13,0x03,0xD9,0x20,0x94,0xA5,0x00,0x02,
    0x06,0xA0,0x95,0xB8,0x04,0xE9,0x00,0x02,0x04,0xE4,0x00,0x03,0x02,0x29,0x00,0x0A,
    0x8A,0x89,0x00,0xFC,0x1A,0xC6,0x02,0x00,0x80,0x62,0x04,0x2A,0x01,0x28,0xC1,0xEA,
    0x01,0x2C,0x04,0x57,0x01,0x02,0x93,0x00,0x02,0xAA,0xC0,0x5D,0xD0,0xF1,0x09,0x83,
    0x04,0xC2,0xC2,0x2A,0x00,0x20,0x04,0x18,0xC0,0xC3,0x13,0x36,0x02,0x09,0x00,0x01,
    0x20,0xC9,0x16,0x17,0xC0,0x2D,0x00,0x02,0x2F,0xEA,0x00,0x24,0x02,0x01,0x95,0x30,
    0x07,0x02,0xC2,0x2A,0x00,0x20,0x04,0x18,0xCA,0xAA,0x00,0x26,0x00,0x2C,0xCA,0xAA,
    0x00,0x28,0x00,0x2E,0x02,0x01,0x00,0x2B,0xA0,0x4A,0x07,0x02,0xC2,0x2A,0x00,0x20,
    0x04,0x18,0x02,0x09,0x00,0x02,0x20,0xC9,0x16,0x17,0xC0,0x2D,0x00,0x04,0x2F,0xEA,
    0x00,0x24,0x02,0x01,0x95,0x3A,0x07,0x02,0xC2,0x2A,0x00,0x20,0x04,0x18,0xCA,0xAA,
    0x00,0x26,0x00,0x2C,0xCA,0xAA,0x00,0x28,0x00,0x2E,0x02,0x01,0x00,0x2B,0xA0,0x4A,
    0x07,0x02,0xC2,0x2A,0x00,0x20,0x04,0x18,0xC2,0x2A,0x00,0x22,0x04,0x18,0x03,0x80,
    0x09,0x2C,0x20,0x43,0x4F,0x44,0x45,0x20,0x3D,0x20,0x08,0x20,0x55,0x4E,0x49,0x54,
    0x20,0x3D,0x20,0x00,0xBC,0xE0,0x95,0x48,0x06,0xA0,0x60,0xEA,0x00,0x04,0xBD,0x06,
    0x53,0x56,0x43,0x20,0x20,0x20,0xC0,0x60,0xBD,0x0C,0xC0,0x11,0xC2,0x21,0x00,0x10,
    0xC2,0x61,0x00,0x12,0xC0,0xA0,0xBD,0x06,0x2F,0xD2,0xC4,0x40,0xC8,0x48,0x00,0x10,
    0xC8,0x49,0x00,0x12,0xC0,0x60,0xBD,0x08,0xD0,0xE2,0x00,0x01,0x09,0x83,0xC4,0x43,
    0x13,0x0A,0xC0,0x60,0xBD,0x0A,0xC0,0x51,0x13,0x06,0x02,0x00,0x95,0x98,0x02,0x01,
    0x95,0x9C,0x04,0x60,0x81,0x6C,0x03,0x80,0x03,0x53,0x56,0x43,0x10,0x49,0x4C,0x4C,
    0x45,0x47,0x41,0x4C,0x20,0x53,0x56,0x43,0x20,0x43,0x41,0x4C,0x4C,0x00,0xC0,0x6A,
    0xFF,0xFE,0x04,0x21,0x01,0x28,0x04,0x5B,0x2F,0xD4,0xD0,0x24,0x00,0x01,0x09,0x80,
    0x13,0x08,0xC0,0x40,0x02,0x00,0x80,0x08,0x04,0x2A,0x01,0x28,0xC2,0x2A,0x01,0x2C,
    0x04,0x58,0x04,0x5B,0xD3,0x22,0x00,0x04,0x09,0xDC,0xD0,0x2C,0x95,0xFA,0x09,0x80,
    0x02,0x80,0x00,0x01,0x16,0x06,0xC3,0x22,0x00,0x24,0xDB,0x20,0x95,0xFF,0x00,0x04,
    0x04,0x5B,0x58,0xA0,0x96,0x00,0x00,0x05,0x04,0x5B,0x02,0x03,0x04,0x00,0x01,0x05,
    0x80,0x00,0x09,0xD0,0x00,0x18,0x00,0x1D,0x00,0x00,0x00,0x21,0x00,0x00,0x00,0x21,
    0x00,0x26,0x00,0x26,0x00,0x2A,0x00,0x0E,0x00,0x2B,0x00,0x6E,0x00,0x1D,0x00,0x6E,
    0x00,0x49,0x00,0x4B,0x00,0x1D,0x00,0x0D,0x00,0x3B,0x00,0x3B,0x00,0xAE,0x00,0x6D,
    0x00,0x43,0x00,0x0D,0x00,0x93,0x00,0x9B,0x00,0xC3,0x00,0x92,0x00,0x6E,0x00,0x0D,
    0x00,0x0D,0x00,0x00,0x02,0x07,0x13,0x0B,0x67,0x7A,0x18,0x01,0x1E,0x03,0x67,0x7A,
    0x15,0x06,0x06,0x0A,0x15,0x7A,0x05,0x18,0x01,0x1B,0x15,0x1F,0x14,0x07,0x05,0x01,
    0x14,0x0E,0x16,0x07,0x00,0x0A,0x14,0x0E,0x16,0x07,0x00,0x18,0x06,0x08,0x13,0x07,
    0x1C,0x1B,0x0E,0x14,0x1F,0x06,0x05,0x0E,0x15,0x1E,0x12,0x09,0x11,0x04,0x67,0x7A,
    0x02,0x0D,0x06,0x1A,0x15,0x14,0x02,0x0D,0x06,0x1D,0x02,0x13,0x06,0x09,0x1E,0x03,
    0x02,0x03,0x03,0x1C,0x13,0x06,0x15,0x7A,0x1F,0x1D,0x06,0x6F,0x67,0x7A,0x1F,0x1D,
    0x06,0x1C,0x0E,0x1E,0x15,0x10,0x1B,0x1B,0x67,0x7A,0x1C,0x0D,0x13,0x19,0x02,0x7A,
    0x12,0x1D,0x1B,0x03,0x03,0x13,0x18,0x07,0x07,0x1C,0x02,0x7A,0x17,0x1D,0x1E,0x03,
    0x1E,0x7A,0x03,0x1C,0x00,0x0A,0x06,0x17,0x02,0x07,0x11,0x04,0x67,0x7A,0x12,0x0D,
    0x16,0x6F,0x67,0x7A,0x13,0x1A,0x13,0x18,0x0B,0x7A,0x13,0x07,0x10,0x0D,0x0B,0x1F,
    0x19,0x06,0x05,0x0E,0x15,0x1E,0x19,0x06,0x01,0x06,0x03,0x1F,0x19,0x06,0x72,0x6F,
    0x67,0x7A,0x03,0x1D,0x00,0x09,0x06,0x19,0x1E,0x1D,0x1E,0x03,0x67,0x7A,0x1E,0x07,
    0x05,0x07,0x02,0x08,0x14,0x09,0x00,0x04,0x67,0x7A,0x00,0x09,0x01,0x1C,0x06,0x1D,
    0x04,0x1D,0x1C,0x01,0x02,0x16,0x1C,0x07,0x05,0x6F,0x67,0x7A,0x13,0x09,0x1C,0x16,
    0x08,0x14,0x11,0x1F,0x19,0x18,0x06,0x08,0x17,0x01,0x13,0x01,0x13,0x7A,0x06,0x01,
    0x17,0x18,0x67,0x7A,0x05,0x18,0x05,0x0E,0x15,0x1E,0x05,0x18,0x72,0x6F,0x67,0x7A,
    0x05,0x68,0x72,0x6F,0x67,0x7A,0x11,0x0A,0x1D,0x19,0x02,0x7A,0x11,0x1B,0x11,0x0A,
    0x09,0x1E,0x14,0x68,0x72,0x6F,0x67,0x7A,0x14,0x07,0x05,0x01,0x10,0x1B,0x14,0x07,
    0x05,0x01,0x67,0x7A,0x14,0x0D,0x01,0x0C,0x02,0x14,0x00,0x01,0x06,0x6F,0x67,0x7A,
    0x1F,0x1D,0x06,0x0B,0x08,0x7A,0x13,0x1A,0x13,0x0C,0x0C,0x7A,0x03,0x1C,0x17,0x1F,
    0x14,0x7A,0x14,0x07,0x1F,0x0A,0x67,0x7A,0x1C,0x0D,0x14,0x1B,0x67,0x7A,0x02,0x01,
    0x15,0x07,0x13,0x7A,0x18,0x09,0x1E,0x03,0x67,0x7A,0x1A,0x1D,0x1F,0x1F,0x67,0x7A,
    0x12,0x09,0x00,0x1D,0x02,0x16,0x1F,0x1E,0x17,0x1D,0x67,0x7A,0x11,0x0B,0x00,0x00,
    0x14,0x09,0x15,0x09,0x01,0x1B,0x67,0x7A,0x15,0x68,0x72,0x6F,0x67,0x7A,0x07,0x0D,
    0x01,0x1B,0x67,0x7A,0x07,0x68,0x72,0x6F,0x67,0x7A,0x1E,0x07,0x00,0x1B,0x0F,0x7A,
    0x1E,0x68,0x72,0x6F,0x67,0x7A,0x03,0x07,0x07,0x1B,0x0F,0x7A,0x03,0x68,0x72,0x6F,
    0x67,0x7A,0x1E,0x0D,0x72,0x6F,0x67,0x7A,0x03,0x0D,0x72,0x6F,0x67,0x7A,0x03,0x1F,
    0x72,0x6F,0x67,0x7A,0x1E,0x1F,0x72,0x6F,0x67,0x7A,0x14,0x0D,0x10,0x1D,0x0E,0x09,
    0x18,0x07,0x1E,0x0A,0x67,0x7A,0x07,0x09,0x1E,0x03,0x67,0x7A,0x12,0x1A,0x1D,0x04,
    0x02,0x7A,0x09,0x7A,0x72,0x6F,0x67,0x7A,0x13,0x04,0x1B,0x02,0x05,0x7A,0x1C,0x07,
    0x1D,0x04,0x67,0x7A,0x15,0x10,0x13,0x02,0x0E,0x14,0x04,0x07,0x07,0x0C,0x0F,0x7A,
    0x14,0x0D,0x01,0x0C,0x15,0x13,0x16,0x04,0x1D,0x00,0x15,0x7A,0x02,0x07,0x1D,0x02,
    0x67,0x7A,0x03,0x04,0x1B,0x1B,0x67,0x7A,0x03,0x04,0x13,0x0D,0x67,0x7A,0x03,0x04,
    0x13,0x0D,0x15,0x7A,0x08,0x11,0x08,0x15,0x1E,0x7A,0x14,0x0D,0x02,0x1D,0x02,0x09,
    0x15,0x06,0x06,0x1D,0x06,0x14,0x00,0x04,0x07,0x08,0x0F,0x7A,0x03,0x0D,0x11,0x1D,
    0x02,0x0E,0x13,0x09,0x04,0x0A,0x67,0x7A,0x13,0x1A,0x1D,0x1C,0x14,0x7A,0x12,0x0D,
    0x16,0x1E,0x12,0x13,0x00,0x04,0x1D,0x19,0x02,0x08,0x1F,0x1A,0x1B,0x0A,0x09,0x0E,
    0x13,0x09,0x04,0x0A,0x15,0x14,0x03,0x00,0x17,0x03,0x0B,0x7A,0x02,0x0D,0x01,0x0A,
    0x15,0x0C,0x1D,0x09,0x1B,0x01,0x67,0x7A,0x1F,0x0E,0x14,0x06,0x04,0x1F,0x16,0x07,
    0x00,0x04,0x67,0x7A,0x1B,0x0D,0x0B,0x1C,0x67,0x7A,0x1B,0x0D,0x0B,0x6F,0x67,0x7A,
    0x1C,0x09,0x1F,0x1F,0x67,0x7A,0x18,0x0D,0x13,0x0B,0x0B,0x13,0x1C,0x09,0x1C,0x1B,
    0x02,0x08,0x17,0x1A,0x13,0x1B,0x02,0x7A,0x13,0x09,0x15,0x0A,0x67,0x7A,0x02,0x07,
    0x16,0x6F,0x67,0x7A,0x02,0x07,0x16,0x6F,0x67,0x7A,0x03,0x1C,0x17,0x1F,0x14,0x7A,
    0x12,0x01,0x00,0x0B,0x67,0x7A,0x14,0x07,0x1D,0x1D,0x67,0x7A,0x00,0x01,0x1E,0x03,
    0x08,0x0D,0x06,0x0D,0x1E,0x19,0x02,0x0E,0x03,0x06,0x13,0x04,0x02,0x7A,0x16,0x01,
    0x01,0x1C,0x12,0x08,0x04,0x09,0x10,0x03,0x02,0x0E,0x13,0x04,0x13,0x02,0x67,0x7A,
    0x1F,0x11,0x01,0x1B,0x02,0x08,0x1D,0x09,0x15,0x0E,0x1D,0x13,0x19,0x1B,0x01,0x1A,
    0x02,0x7A,0x03,0x18,0x17,0x03,0x12,0x14,0x72,0x1B,0x02,0x0A,0x0B,0x0F,0x14,0x1F,
    0x13,0x1D,0x01,0x7A,0x14,0x1F,0x13,0x1D,0x11,0x1F,0x1B,0x06,0x1B,0x09,0x02,0x7A,
    0x1B,0x06,0x1B,0x19,0x02,0x09,0x16,0x07,0x1D,0x0B,0x67,0x7A,0x02,0x09,0x06,0x06,
    0x08,0x14,0x12,0x07,0x06,0x1B,0x0B,0x1F,0x1A,0x09,0x00,0x6F,0x67,0x7A,0x07,0x09,
    0x06,0x0A,0x15,0x7A,0x18,0x7A,0x1D,0x6F,0x67,0x7A,0x1F,0x01,0x1E,0x6F,0x67,0x7A,
    0x1D,0x01,0x00,0x1D,0x08,0x08,0x00,0x04,0x13,0x01,0x13,0x7A,0x12,0x0D,0x13,0x01,
    0x14,0x7A,0x00,0x04,0x13,0x01,0x13,0x7A,0x03,0x1C,0x13,0x03,0x06,0x19,0x03,0x00,
    0x13,0x0B,0x08,0x0D,0x16,0x01,0x15,0x1A,0x15,0x1F,0x11,0x10,0x17,0x6F,0x67,0x7A,
    0x14,0x1A,0x13,0x18,0x0E,0x14,0x00,0x01,0x00,0x0E,0x13,0x1F,0x14,0x1A,0x13,0x08,
    0x08,0x14,0x13,0x00,0x13,0x1C,0x0A,0x7A,0x04,0x1A,0x1D,0x03,0x0B,0x7A,0x04,0x1A,
    0x1D,0x03,0x0B,0x7A,0x12,0x0D,0x13,0x1D,0x67,0x7A,0x1D,0x0D,0x01,0x1C,0x06,0x1D,
    0x06,0x07,0x1E,0x0C,0x06,0x14,0x17,0x0D,0x0B,0x1C,0x02,0x08,0x1D,0x09,0x11,0x07,
    0x0E,0x14,0x06,0x0D,0x1C,0x0B,0x0E,0x14,0x12,0x09,0x06,0x1B,0x02,0x08,0x13,0x09,
    0x00,0x1F,0x02,0x0E,0x1D,0x07,0x01,0x1C,0x67,0x7A,0x17,0x07,0x1E,0x0B,0x67,0x7A,
    0x1E,0x1D,0x15,0x08,0x02,0x0E,0x14,0x01,0x13,0x02,0x08,0x14,0x03,0x01,0x1E,0x19,
    0x02,0x08,0x12,0x09,0x00,0x1C,0x67,0x7A,0x1A,0x0D,0x05,0x0A,0x0B,0x08,0x13,0x07,
    0x1B,0x01,0x14,0x7A,0x13,0x00,0x17,0x1C,0x13,0x7A,0x12,0x07,0x0A,0x6F,0x67,0x7A,
    0x04,0x1A,0x17,0x0E,0x14,0x0F,0x15,0x0F,0x15,0x1C,0x67,0x7A,0x15,0x0F,0x15,0x6F,
    0x67,0x7A,0x1E,0x0D,0x01,0x1B,0x67,0x7A,0x04,0x1A,0x1B,0x0B,0x02,0x14,0x06,0x09,
    0x01,0x0A,0x67,0x7A,0x1D,0x01,0x1C,0x08,0x67,0x7A,0x03,0x00,0x13,0x1D,0x03,0x7A,
    0x00,0x07,0x06,0x1B,0x02,0x08,0x15,0x05,0x17,0x1D,0x06,0x16,0x00,0x04,0x13,0x1B,
    0x0E,0x14,0x00,0x11,0x00,0x0E,0x0A,0x13,0x00,0x0D,0x13,0x1D,0x0B,0x7A,0x02,0x1D,
    0x15,0x6F,0x67,0x7A,0x00,0x0D,0x00,0x1C,0x0E,0x1B,0x03,0x18,0x1B,0x0C,0x02,0x09,
    0x13,0x00,0x13,0x06,0x09,0x7A,0x13,0x09,0x00,0x1D,0x1E,0x7A,0x04,0x09,0x19,0x0A,
    0x67,0x7A,0x1B,0x0D,0x17,0x1F,0x67,0x7A,0x13,0x09,0x06,0x0C,0x0F,0x7A,0x03,0x1C,
    0x17,0x0E,0x0B,0x7A,0x13,0x09,0x02,0x1B,0x12,0x08,0x17,0x0D,0x06,0x6F,0x67,0x7A,
    0x04,0x07,0x06,0x0A,0x67,0x7A,0x14,0x1A,0x1D,0x1F,0x67,0x7A,0x02,0x0D,0x1E,0x0A,
    0x06,0x09,0x16,0x1A,0x17,0x0A,0x67,0x7A,0x14,0x01,0x01,0x0C,0x06,0x08,0x14,0x1D,
    0x1F,0x1F,0x67,0x7A,0x03,0x09,0x0B,0x6F,0x67,0x7A,0x13,0x00,0x13,0x01,0x13,0x7A,
    0x03,0x01,0x1C,0x08,0x67,0x7A,0x05,0x1C,0x06,0x0A,0x15,0x7A,0x1D,0x1D,0x1F,0x0D,
    0x0B,0x1F,0x05,0x06,0x1E,0x00,0x04,0x11,0x1F,0x18,0x17,0x01,0x67,0x7A,0x1E,0x07,
    0x06,0x07,0x0E,0x14,0x1C,0x07,0x11,0x04,0x67,0x7A,0x13,0x04,0x1D,0x1C,0x02,0x7A,
    0x1C,0x01,0x15,0x07,0x13,0x7A,0x1F,0x06,0x72,0x6F,0x67,0x7A,0x15,0x10,0x06,0x06,
    0x09,0x1D,0x1F,0x0E,0x14,0x6F,0x67,0x7A,0x07,0x09,0x04,0x0A,0x67,0x7A,0x03,0x00,
    0x13,0x04,0x02,0x7A,0x03,0x1F,0x1B,0x01,0x00,0x7A,0x13,0x09,0x1E,0x02,0x67,0x7A,
    0x00,0x04,0x13,0x0C,0x06,0x0E,0x04,0x09,0x1F,0x0A,0x67,0x7A,0x07,0x09,0x1E,0x04,
    0x67,0x7A,0x02,0x1D,0x1C,0x6F,0x67,0x7A,0x04,0x1A,0x13,0x19,0x02,0x16,0x17,0x07,
    0x72,0x6F,0x67,0x7A,0x00,0x1A,0x1D,0x0C,0x02,0x1F,0x13,0x07,0x1C,0x1B,0x0E,0x14,
    0x15,0x10,0x02,0x03,0x08,0x08,0x17,0x07,0x06,0x00,0x67,0x7A,0x16,0x07,0x1E,0x03,
    0x08,0x0D,0x04,0x1D,0x00,0x01,0x67,0x7A,0x11,0x1C,0x06,0x0E,0x04,0x11,0x1B,0x01,
    0x1E,0x03,0x67,0x7A,0x16,0x01,0x15,0x07,0x13,0x7A,0x18,0x01,0x06,0x6F,0x67,0x7A,
    0x03,0x1C,0x00,0x06,0x0C,0x1F,0x00,0x07,0x07,0x1D,0x67,0x7A,0x15,0x09,0x06,0x6F,
    0x67,0x7A,0x14,0x0D,0x04,0x00,0x12,0x08,0x14,0x1A,0x1B,0x01,0x0C,0x7A,0x02,0x1D,
    0x10,0x6F,0x67,0x7A,0x04,0x00,0x00,0x00,0x10,0x7A,0x04,0x07,0x01,0x1C,0x67,0x7A,
    0x01,0x1D,0x1B,0x1B,0x67,0x7A,0x16,0x01,0x1C,0x0B,0x67,0x7A,0x07,0x00,0x17,0x1D,
    0x02,0x7A,0x19,0x06,0x04,0x0A,0x09,0x0E,0x16,0x0D,0x17,0x0B,0x67,0x7A,0x16,0x01,
    0x1E,0x03,0x67,0x7A,0x12,0x04,0x13,0x1C,0x13,0x7A,0x14,0x0D,0x06,0x00,0x09,0x1B,
    0x19,0x0F,0x1C,0x06,0x13,0x1F,0x12,0x04,0x1D,0x18,0x12,0x0A,0x03,0x0B,0x1D,0x1D,
    0x02,0x7A,0x16,0x0D,0x17,0x6F,0x67,0x7A,0x16,0x01,0x17,0x6F,0x67,0x7A,0x16,0x07,
    0x17,0x6F,0x67,0x7A,0x16,0x07,0x1D,0x6F,0x67,0x7A,0x16,0x1D,0x1F,0x6F,0x67,0x7A,
    0x12,0x1A,0x1B,0x0A,0x01,0x7A,0x02,0x0D,0x13,0x0B,0x67,0x7A,0x00,0x0D,0x00,0x1A,
    0x14,0x1F,0x12,0x1A,0x17,0x0E,0x0C,0x7A,0x03,0x00,0x13,0x1B,0x13,0x1F,0x03,0x05,
    0x13,0x1C,0x0F,0x7A,0x07,0x09,0x19,0x0A,0x67,0x7A,0x14,0x01,0x01,0x1B,0x12,0x08,
    0x03,0x1D,0x01,0x1F,0x02,0x14,0x00,0x09,0x07,0x1C,0x02,0x7A,0x03,0x09,0x04,0x0A,
    0x67,0x7A,0x18,0x07,0x07,0x1D,0x14,0x7A,0x16,0x0D,0x17,0x6F,0x67,0x7A,0x16,0x01,
    0x17,0x6F,0x67,0x7A,0x16,0x07,0x17,0x6F,0x67,0x7A,0x16,0x07,0x1D,0x6F,0x67,0x7A,
    0x16,0x1D,0x1F,0x6F,0x67,0x7A,0x03,0x0D,0x01,0x0E,0x0A,0x1F,0x1F,0x18,0x17,0x01,
    0x14,0x1F,0x11,0x0A,0x00,0x0E,0x67,0x7A,0x11,0x0A,0x00,0x0E,0x04,0x1B,0x03,0x00,
    0x13,0x15,0x06,0x17,0x18,0x07,0x11,0x1A,0x14,0x7A,0x00,0x07,0x11,0x1A,0x14,0x7A,
    0x18,0x0D,0x1E,0x1F,0x67,0x7A,0x6F,0x68,0x72,0x6F,0x67,0x7A,0x04,0x1A,0x17,0x0A,
    0x67,0x7A,0x04,0x1A,0x17,0x0A,0x14,0x7A,0x14,0x01,0x15,0x6F,0x67,0x7A,0x15,0x10,
    0x11,0x0E,0x11,0x1B,0x1C,0x07,0x01,0x1B,0x67,0x7A,0x1D,0x01,0x01,0x1B,0x67,0x7A,
    0x16,0x1D,0x11,0x04,0x67,0x7A,0x03,0x1C,0x1D,0x1F,0x67,0x7A,0x19,0x06,0x14,0x00,
    0x67,0x7A,0x19,0x06,0x14,0x00,0x15,0x17,0x03,0x1F,0x1B,0x02,0x67,0x7A,0x00,0x00,
    0x00,0x00,0x00,0x00,0x00,0x00,0x00,0x00,0x00,0x00,0x00,0x00,0x00,0x00,0x00,0x00,
    0x00,0x00,0x00,0x00,0x00,0x00,0x00,0x00,0x00,0x00,0x00,0x00,0x00,0x1C,0x00,0x08,
    0x00,0x27,0x00,0x23,0x00,0x08,0x20,0x20,0x00,0x14,0x00,0x04,0x00,0x43,0x00,0x40,
    0x00,0x01,0x00,0x02,0x00,0x00,0x00,0x05,0x00,0x03,0x00,0x20,0x00,0x37,0x00,0x0E,
    0x00,0x09,0x00,0x36,0x00,0x05,0x00,0x01,0x00,0x05,0x00,0x05,0x00,0x01,0x00,0x01,
    0x00,0x05,0x00,0x11,0x00,0x01,0x00,0x01,0x00,0x00,0x00,0x00,0x00,0x20,0x00,0x00,
    0x00,0x00,0x00,0x02,0x00,0x00,0x00,0x00,0x00,0x40,0x00,0x02,0x00,0x02,0x00,0x02,
    0x00,0x00,0x00,0x06,0x00,0x00,0x00,0x02,0x00,0x00,0x00,0x00,0x00,0x00,0x00,0x00,
    0x00,0x02,0x00,0x02,0x00,0x00,0x00,0x00,0x00,0x00,0x00,0x00,0x00,0x00,0x00,0x04,
    0x00,0x00,0x00,0x02,0x00,0x00,0x00,0x80,0x00,0x80,0x00,0x80,0x00,0x80,0x00,0x88,
    0x00,0x88,0x00,0x88,0x00,0x80,0x00,0x80,0x00,0x80,0x00,0x80,0x00,0x80,0x00,0x88,
    0x00,0x80,0x00,0x88,0x00,0x00,0x00,0x08,0x00,0x02,0x00,0x00,0x00,0x00,0x00,0x00,
    0x00,0x00,0x00,0x00,0x00,0x00,0x00,0x00,0x00,0x00,0x00,0x00,0x00,0x00,0x00,0x00,
    0x00,0x00,0x00,0x00,0x00,0x00,0x00,0x00,0x00,0x00,0x00,0x00,0x00,0x00,0x00,0x00,
    0x00,0x02,0x00,0x80,0x00,0x80,0x00,0x88,0x00,0x00,0x00,0x00,0x00,0x08,0x00,0x88,
    0x00,0x80,0x00,0x00,0x00,0x02,0x00,0x02,0x00,0x00,0x00,0x00,0x00,0x00,0x00,0x00,
    0x00,0x04,0x00,0x00,0x00,0x00,0x00,0x00,0x01,0x00,0x01,0x01,0x01,0x00,0x00,0x00,
    0x00,0x00,0x00,0x00,0x00,0x00,0x00,0x00,0x00,0x00,0x02,0x00,0x00,0x00,0x00,0x00,
    0x00,0x00,0x00,0x00,0x00,0x04,0x00,0x00,0x00,0x01,0x00,0x01,0x00,0x00,0x00,0x00,
    0x00,0x00,0x00,0x00,0x00,0x00,0x00,0x08,0x00,0x08,0x00,0x08,0x00,0x08,0x00,0x09,
    0x00,0x08,0x00,0x08,0x00,0x08,0x00,0x08,0x00,0x00,0x00,0x00,0x00,0x00,0x00,0x00,
    0x00,0x00,0x00,0x00,0x00,0x00,0x00,0x00,0x00,0x00,0x00,0x00,0x54,0x32,0x54,0x61,
    0x54,0x7D,0x54,0x9A,0x54,0xB6,0x54,0xCB,0x54,0xE5,0x54,0xFF,0x55,0x19,0x00,0x00,
    0x00,0x23,0x00,0x64,0x00,0x82,0x00,0xC8,0x00,0xFA,0x01,0x2C,0x01,0x4A,0x01,0x5D,
    0x27,0x0F,0x00,0x00,0x00,0x09,0x00,0x3F,0x00,0x1F,0x00,0x00,0x00,0x11,0x00,0x38,
    0x00,0x3B,0x28,0x2A,0x3A,0x21,0x3F,0x26,0x2B,0x3E,0x3B,0x40,0x2F,0x2D,0x23,0x3C,
    0x2E,0x3D,0x24,0x25,0x2C,0x29,0x00,0x03,0x00,0x40,0x00,0x13,0x00,0x0C,0x00,0x13,
    0x00,0x03,0x00,0x0A,0x00,0x14,0x00,0x01,0x00,0x11,0x00,0x1A,0x00,0x22,0x00,0x2D,
    0x00,0x36,0x00,0x3E,0x00,0x4B,0x00,0x57,0x00,0x60,0x00,0x69,0x00,0x76,0x00,0x7F,
    0x00,0x87,0x00,0x92,0x00,0xA2,0x00,0xA3,0x00,0xAC,0x00,0xAF,0x00,0xBC,0x00,0xBD,
    0x00,0xBE,0x00,0xBF,0x00,0xC6,0x00,0xC8,0x00,0xCC,0x00,0xCD,0x00,0xD6,0x00,0xDD,
    0x00,0xE0,0x00,0xE5,0x00,0xE7,0x00,0xE8,0x00,0xF0,0x00,0xF3,0x00,0xF6,0x00,0xFC,
    0x01,0x01,0x01,0x09,0x01,0x0F,0x01,0x10,0x01,0x18,0x01,0x1D,0x01,0x20,0x01,0x24,
    0x01,0x2A,0x01,0x2C,0x01,0x2E,0x01,0x30,0x01,0x32,0x01,0x36,0x01,0x3A,0x01,0x40,
    0x01,0x43,0x01,0x45,0x01,0x49,0x01,0x4B,0x01,0x51,0x01,0x53,0x01,0x54,0x01,0x5B,
    0x01,0x5E,0x01,0x62,0x01,0x64,0x01,0x6C,0x01,0x78,0x01,0x7F,0x01,0x84,0x01,0x88,
    0x01,0x8E,0x01,0x92,0x01,0x95,0x01,0x9A,0x01,0x9D,0x01,0xA1,0x01,0xA3,0x01,0xA4,
    0x01,0xA8,0x01,0xA9,0x01,0xAA,0x01,0xAE,0x01,0xB0,0x01,0xB2,0x01,0xB5,0x01,0xB8,
    0x01,0xBA,0x01,0xBC,0x01,0xBE,0x01,0xC4,0x01,0xC5,0x01,0xC6,0x01,0xCB,0x01,0xCE,
    0x01,0xD1,0x01,0xD8,0x01,0xDC,0x01,0xDE,0x01,0xE4,0x01,0xE7,0x01,0xEC,0x01,0xF4,
    0x01,0xF7,0x01,0xFA,0x02,0x00,0x02,0x03,0x02,0x06,0x02,0x09,0x02,0x13,0x02,0x1E,
    0x02,0x21,0x02,0x23,0x02,0x29,0x02,0x33,0x02,0x36,0x02,0x37,0x02,0x38,0x02,0x3A,
    0x02,0x43,0x02,0x45,0x02,0x49,0x02,0x4B,0x02,0x4F,0x02,0x59,0x02,0x5E,0x02,0x66,
    0x02,0x6C,0x02,0x72,0x02,0x77,0x02,0x7E,0x02,0x86,0x02,0x8A,0x02,0x94,0x02,0x9E,
    0x02,0xA8,0x02,0xB2,0x02,0xBC,0x02,0xC6,0x02,0xD0,0x02,0xDA,0x02,0xE4,0x00,0x01,
    0x00,0x12,0x00,0x02,0x00,0x02,0x00,0x03,0x00,0x04,0x00,0x05,0x00,0x06,0x00,0x07,
    0x00,0x07,0x00,0x07,0x00,0x08,0x00,0x08,0x00,0x08,0x00,0x09,0x00,0x0A,0x00,0x0B,
    0x00,0x0B,0x00,0x0B,0x00,0x0B,0x00,0x0C,0x00,0x0C,0x00,0x0D,0x00,0x0E,0x00,0x0F,
    0x00,0x10,0x00,0x11,0x00,0x12,0x00,0x13,0x00,0x13,0x00,0x13,0x00,0x14,0x00,0x15,
    0x00,0x15,0x00,0x16,0x00,0x17,0x00,0x17,0x00,0x18,0x00,0x19,0x00,0x1A,0x00,0x1B,
    0x00,0x1C,0x00,0x1D,0x00,0x1D,0x00,0x1D,0x00,0x1D,0x00,0x1D,0x00,0x1E,0x00,0x1E,
    0x00,0x1E,0x00,0x1E,0x00,0x1F,0x00,0x20,0x00,0x21,0x00,0x22,0x00,0x23,0x00,0x24,
    0x00,0x25,0x00,0x26,0x00,0x27,0x00,0x28,0x00,0x29,0x00,0x2A,0x00,0x2B,0x00,0x2B,
    0x00,0x2C,0x00,0x2C,0x00,0x2D,0x00,0x2D,0x00,0x2E,0x00,0x2E,0x00,0x2F,0x00,0x30,
    0x00,0x31,0x00,0x32,0x00,0x33,0x00,0x34,0x00,0x35,0x00,0x36,0x00,0x37,0x00,0x38,
    0x00,0x39,0x00,0x39,0x00,0x39,0x00,0x39,0x00,0x3A,0x00,0x3B,0x00,0x3C,0x00,0x3D,
    0x00,0x3D,0x00,0x3E,0x00,0x3F,0x00,0x40,0x00,0x41,0x00,0x42,0x00,0x43,0x00,0x45,
    0x00,0x46,0x00,0x47,0x00,0x48,0x00,0x49,0x00,0x4A,0x00,0x4B,0x00,0x4C,0x00,0x4C,
    0x00,0x4D,0x03,0xE9,0x03,0xE9,0x03,0xEA,0x03,0xEA,0x03,0xEA,0x03,0xEB,0x03,0xEC,
    0x03,0xED,0x03,0xEE,0x03,0xEF,0x03,0xF0,0x03,0xF1,0x03,0xF2,0x03,0xF2,0x03,0xF3,
    0x03,0xF4,0x03,0xF5,0x03,0xF6,0x03,0xF7,0x03,0xF8,0x03,0xF8,0x03,0xF8,0x03,0xF8,
    0x03,0xF9,0x03,0xF9,0x03,0xFA,0x03,0xFA,0x03,0xFB,0x03,0xFB,0x03,0xFC,0x03,0xFC,
    0x03,0xFD,0x03,0xFD,0x03,0xFE,0x03,0xFF,0x04,0x00,0x04,0x00,0x04,0x01,0x04,0x02,
    0x04,0x03,0x04,0x03,0x04,0x04,0x04,0x05,0x04,0x06,0x04,0x07,0x04,0x08,0x04,0x09,
    0x04,0x0A,0x04,0x0B,0x04,0x0C,0x04,0x0D,0x04,0x0D,0x04,0x0E,0x04,0x0E,0x04,0x0F,
    0x04,0x10,0x04,0x10,0x04,0x1A,0x04,0x1A,0x04,0x1B,0x04,0x1C,0x04,0x1C,0x04,0x1D,
    0x04,0x1E,0x04,0x1F,0x04,0x1F,0x04,0x1F,0x04,0x20,0x04,0x20,0x04,0x20,0x04,0x21,
    0x04,0x22,0x04,0x22,0x04,0x22,0x04,0x22,0x04,0x23,0x04,0x24,0x04,0x24,0x04,0x25,
    0x04,0x26,0x04,0x26,0x04,0x27,0x04,0x28,0x07,0xD1,0x07,0xD1,0x07,0xD1,0x07,0xD1,
    0x07,0xD1,0x07,0xD1,0x07,0xD1,0x07,0xD1,0x07,0xD2,0x07,0xD2,0x07,0xD2,0x07,0xD2,
    0x07,0xD2,0x07,0xD3,0x07,0xD3,0x07,0xD3,0x07,0xD3,0x07,0xD3,0x07,0xD4,0x07,0xD4,
    0x07,0xD5,0x07,0xD6,0x07,0xD6,0x07,0xD7,0x07,0xD7,0x07,0xD8,0x07,0xD8,0x07,0xD9,
    0x07,0xD9,0x07,0xD9,0x07,0xDA,0x07,0xDA,0x07,0xDA,0x07,0xDB,0x07,0xDB,0x07,0xDB,
    0x07,0xDB,0x07,0xDB,0x07,0xDB,0x07,0xDB,0x07,0xDB,0x07,0xDB,0x07,0xDB,0x07,0xDC,
    0x07,0xDC,0x07,0xDC,0x07,0xDC,0x07,0xDC,0x07,0xDD,0x07,0xDE,0x07,0xDE,0x07,0xDF,
    0x07,0xE0,0x07,0xE1,0x07,0xE1,0x07,0xE2,0x07,0xE3,0x07,0xE3,0x07,0xE4,0x07,0xE5,
    0x07,0xE6,0x07,0xE7,0x07,0xE7,0x07,0xE7,0x07,0xE7,0x07,0xE8,0x07,0xE9,0x07,0xE9,
    0x07,0xE9,0x07,0xE9,0x07,0xE9,0x07,0xEA,0x07,0xEB,0x07,0xEB,0x07,0xEC,0x07,0xEC,
    0x07,0xEC,0x07,0xED,0x07,0xED,0x07,0xEE,0x07,0xEE,0x07,0xEE,0x07,0xEF,0x0B,0xB9,
    0x0B,0xBA,0x0B,0xBB,0x0B,0xBC,0x0B,0xBD,0x0B,0xEA,0x0B,0xEA,0x0B,0xEA,0x0B,0xEA,
    0x0B,0xEA,0x0B,0xEA,0x0B,0xEA,0x0B,0xEB,0x0B,0xEB,0x0B,0xF8,0x0B,0xF8,0x0B,0xFA,
    0x0B,0xFA,0x0B,0xFC,0x0B,0xFD,0x0C,0x07,0x0C,0x43,0x0C,0x46,0x0C,0x46,0x0C,0x4B,
    0xFF,0xFF,0x00,0x00,0x00,0x00,0x00,0x00,0x00,0x00,0x00,0x02,0x00,0x06,0x00,0x39,
    0x00,0x04,0x00,0x53,0x00,0x9B,0x00,0xBA,0x00,0xE2,0x00,0xFF,0x01,0x1B,0x01,0x59,
    0x01,0xAD,0x01,0xEA,0x02,0x1F,0x02,0x97,0x02,0xB0,0x03,0x0B,0x03,0x61,0x04,0x0D,
    0x04,0x25,0x04,0x6A,0x04,0x9D,0x04,0xC6,0x04,0xE1,0x04,0xEC,0x04,0xF9,0x05,0x36,
    0x05,0x72,0x05,0xB0,0x05,0xD1,0x05,0xF1,0x06,0x21,0x06,0x33,0x06,0x69,0x06,0x6C,
    0x06,0x7B,0x06,0xF4,0x07,0x0F,0x08,0x00,0x08,0x45,0x08,0x6C,0x08,0xA0,0x08,0xE6,
    0x09,0x16,0x09,0x66,0x09,0x83,0x09,0xA0,0x09,0xBD,0x09,0xDA,0x09,0xDF,0x09,0xE4,
    0x09,0xE9,0x0A,0x21,0x0A,0x3E,0x0A,0x5B,0x0A,0x78,0x0A,0x95,0x0A,0x9A,0x0A,0xB7,
    0x0A,0xBC,0x0B,0x17,0x0B,0x1C,0x0B,0x4C,0x0B,0xA2,0x0B,0xDB,0x0B,0xFC,0x0C,0x01,
    0x0C,0x6B,0x0C,0xAA,0x0C,0xF9,0x0D,0xC2,0x0E,0x58,0x0E,0x72,0x0E,0x8F,0x0E,0xD8,
    0x0E,0xF7,0x0F,0x00,0x0F,0x4E,0x0F,0x69,0x0F,0x85,0x0F,0xB3,0x0F,0xCE,0x10,0x05,
    0x10,0x22,0x10,0x27,0x10,0x2C,0x10,0x49,0x10,0x66,0x10,0x6B,0x10,0x70,0x10,0x8D,
    0x10,0xE1,0x11,0x04,0x11,0x1E,0x11,0x76,0x11,0xE0,0x11,0xF9,0x12,0x15,0x12,0x7E,
    0x12,0xC2,0x13,0x26,0x13,0xA1,0x14,0x07,0x14,0x60,0x14,0x83,0x14,0xCB,0x15,0x51,
    0x15,0x70,0x15,0x89,0x16,0x0F,0x16,0x2E,0x16,0x4E,0x17,0x3D,0x18,0x49,0x18,0xB1,
    0x18,0xD1,0x19,0x79,0x19,0x7E,0x1B,0x01,0x1C,0x01,0x1C,0x5E,0x1C,0x86,0x1C,0xA6,
    0x1C,0xC6,0x1C,0xE6,0x1D,0x14,0x1D,0x43,0x1D,0xAB,0x1E,0x09,0x20,0xB2,0x21,0x27,
    0x21,0x5D,0x21,0x9E,0x22,0x03,0x22,0x23,0x22,0x42,0x22,0x62,0x22,0x82,0x22,0xA1,
    0x22,0xC0,0x22,0xDF,0x22,0xFF,0x23,0x1E,0x00,0x10,0x00,0x0A,0x00,0x03,0x00,0x06,
    0x00,0x00,0x00,0x8C,0x00,0x20,0x00,0xC9,0x00,0x40,0x02,0xEE,0x01,0x2C,0x00,0x24,
    0x00,0x17,0x28,0x27,0x20,0x27,0x2C,0x34,0x30,0x41,0x32,0x29,0x55,0x3C,0x55,0xE0,
    0x55,0xF7,0x56,0x18,0x56,0x34,0x56,0x66,0x56,0x89,0x56,0x8F,0x56,0xA9,0x56,0xC4,
    0x56,0xD4,0x56,0xE5,0x56,0xFB,0x57,0x12,0x57,0x2A,0x57,0x3E,0x57,0x48,0x57,0x58,
    0x57,0x7C,0x57,0xA0,0x57,0xC1,0x58,0x07,0x58,0x16,0x58,0x2E,0x58,0x3A,0x58,0x57,
    0x58,0x6F,0x58,0x81,0x58,0x98,0x58,0xAD,0x58,0xC6,0x58,0xDE,0x00,0x32,0x00,0x15,
    0x00,0x40,0x00,0x16,0x00,0x00,0x03,0xE8,0x00,0x0F,0x00,0x3D,0x00,0x0A,0x00,0x18,
    0x00,0x19,0x00,0x0D,0x00,0x3C,0x03,0x60,0x00,0x05,0x00,0x06,0x31,0x5E,0x32,0xBF,
    0x32,0xD8,0x33,0x13,0x33,0x31,0x33,0x46,0x33,0x52,0x33,0x5E,0x33,0x6D,0x33,0x81,
    0x33,0xA5,0x33,0xDD,0x33,0xF3,0x34,0x00,0x34,0x16,0x34,0x4B,0x34,0x6F,0x34,0x87,
    0x34,0x99,0x34,0xD2,0x34,0xEA,0x35,0x3C,0x35,0x4D,0x35,0x69,0x35,0x78,0x35,0x84,
    0x35,0xBA,0x35,0xD3,0x35,0xE5,0x36,0x01,0x36,0x30,0x36,0x3A,0x36,0x43,0x36,0x5C,
    0x36,0x68,0x36,0x75,0x36,0x83,0x36,0x90,0x36,0x9F,0x36,0xAA,0x36,0xB6,0x36,0xE4,
    0x36,0xED,0x36,0xF1,0x37,0x02,0x37,0x1C,0x37,0x3B,0x37,0x49,0x37,0x66,0x37,0x75,
    0x37,0x8F,0x3A,0x36,0x3A,0x3C,0x3A,0x43,0x3A,0x45,0x3A,0x53,0x3A,0x7F,0x3A,0xBA,
    0x3A,0xD2,0x3B,0x0F,0x3B,0x1C,0x3B,0x20,0x3B,0x33,0x3B,0x8A,0x3C,0x43,0x3C,0x5E,
    0x3C,0x8C,0x3C,0x9B,0x3C,0xC1,0x3D,0x14,0x3D,0x20,0x3D,0x31,0x3D,0x40,0x3D,0x81,
    0x3D,0x93,0x3D,0xC3,0x3D,0xD7,0x3D,0xEE,0x3D,0xF9,0x3D,0xFF,0x3E,0x05,0x3E,0x5B,
    0x3E,0xC2,0x3F,0x04,0x3F,0x3E,0x3F,0x84,0x00,0x00,0x00,0x00,0x00,0x00,0x3F,0xA1,
    0x3F,0xBF,0x3F,0xE0,0x40,0x03,0x40,0x21,0x40,0x3A,0x40,0x4E,0x40,0x71,0x40,0x84,
    0x40,0x94,0x40,0xA9,0x40,0xD5,0x40,0xE9,0x41,0x07,0x41,0x2A,0x41,0x3E,0x41,0x4D,
    0x41,0x68,0x41,0x7A,0x41,0x8B,0x41,0x96,0x41,0xA1,0x41,0xBA,0x41,0xDE,0x41,0xFD,
    0x42,0x30,0x42,0x52,0x42,0x73,0x42,0xAC,0x42,0xCC,0x42,0xED,0x43,0x0E,0x43,0x30,
    0x43,0x4D,0x43,0x81,0x43,0xE6,0x44,0x15,0x44,0x59,0x44,0x79,0x44,0xEA,0x45,0x2E,
    0x45,0x6A,0x45,0xAA,0x46,0x13,0x46,0x9C,0x47,0x29,0x47,0x56,0x47,0xB0,0x47,0xC4,
    0x47,0xE0,0x48,0x02,0x48,0x12,0x48,0x2C,0x4B,0x56,0x4B,0x67,0x4B,0x81,0x4B,0xA4,
    0x4B,0xB7,0x4B,0xC1,0x4B,0xD3,0x4B,0xFC,0x4C,0x18,0x4C,0x38,0x4C,0x56,0x4C,0x76,
    0x4C,0xB2,0x4C,0xB7,0x4C,0xF8,0x4D,0x3E,0x4D,0xA1,0x4D,0xC2,0x4D,0xD5,0x4D,0xEC,
    0x4E,0x63,0x4E,0xAA,0x4E,0xCC,0x4E,0xE9,0x4F,0x05,0x4F,0x20,0x4F,0x5E,0x4F,0x72,
    0x4F,0x80,0x4F,0x8E,0x4F,0x9B,0x4F,0xB8,0x4F,0xC8,0x4F,0xD4,0x4F,0xEA,0x50,0x0A,
    0x50,0x24,0x50,0x7B,0x50,0x8F,0x50,0x97,0x50,0xB8,0x51,0x1A,0x51,0x2B,0x51,0x6D,
    0x52,0x10,0x52,0x32,0x52,0x5A,0x52,0x8C,0x52,0xA5,0x52,0xC7,0x53,0x04,0x53,0x43,
    0x53,0x57,0x53,0x67,0x53,0x84,0x53,0xB4,0x53,0xD5,0x54,0x0B,0x54,0x16,0x00,0x3E,
    0x00,0x03,0x00,0x0B,0x00,0x3F,0x00,0x1B,0x01,0x41,0x00,0x07,0x23,0x24,0x23,0x33,
    0x23,0x40,0x23,0x4D,0x23,0x57,0x23,0x61,0x23,0x6B,0x23,0x7A,0x23,0x86,0x23,0x93,
    0x23,0xA0,0x00,0x00,0x23,0xAC,0x23,0xB9,0x23,0xC8,0x00,0x00,0x23,0xD5,0x23,0xE6,
    0x23,0xF6,0x00,0x00,0x00,0x00,0x00,0x00,0x24,0x04,0x24,0x16,0x24,0x21,0x00,0x00,
    0x00,0x00,0x00,0x00,0x00,0x00,0x00,0x00,0x00,0x00,0x00,0x00,0x24,0x2C,0x00,0x00,
    0x24,0x35,0x24,0x42,0x00,0x00,0x00,0x00,0x24,0x4F,0x00,0x00,0x24,0x5D,0x00,0x00,
    0x00,0x00,0x00,0x00,0x00,0x00,0x00,0x00,0x00,0x00,0x00,0x00,0x00,0x00,0x00,0x00,
    0x00,0x00,0x00,0x00,0x00,0x00,0x00,0x00,0x00,0x00,0x00,0x00,0x24,0x70,0x00,0x00,
    0x00,0x00,0x24,0x7D,0x24,0x8E,0x00,0x00,0x00,0x00,0x24,0x9F,0x00,0x00,0x24,0xAE,
    0x24,0xBD,0x24,0xCF,0x00,0x00,0x00,0x00,0x24,0xDA,0x00,0x00,0x00,0x00,0x24,0xF1,
    0x00,0x00,0x00,0x00,0x00,0x00,0x00,0x00,0x00,0x00,0x00,0x00,0x00,0x00,0x00,0x00,
    0x00,0x00,0x00,0x00,0x00,0x00,0x00,0x00,0x00,0x00,0x25,0x0A,0x00,0x00,0x00,0x00,
    0x25,0x21,0x25,0x37,0x00,0x00,0x00,0x00,0x25,0x43,0x25,0x54,0x25,0x5F,0x25,0x6C,
    0x25,0x79,0x25,0x83,0x25,0x8F,0x25,0x9A,0x25,0xA6,0x00,0x00,0x00,0x00,0x25,0xB2,
    0x00,0x00,0x25,0xBD,0x25,0xC9,0x25,0xD6,0x25,0xE3,0x00,0x00,0x25,0xF2,0x00,0x00,
    0x25,0xFD,0x26,0x07,0x26,0x11,0x26,0x20,0x00,0x00,0x00,0x00,0x00,0x00,0x26,0x2F,
    0x26,0x3E,0x26,0x49,0x26,0x56,0x26,0x69,0x26,0x79,0x26,0x89,0x26,0x98,0x26,0xA9,
    0x00,0x00,0x00,0x00,0x00,0x00,0x00,0x00,0x00,0x00,0x00,0x00,0x00,0x00,0x00,0x00,
    0x00,0x00,0x00,0x00,0x00,0x0E,0x00,0x1E,0x00,0x0D,0x00,0x11,0x00,0x00,0x07,0xD2,
    0x00,0x00,0x07,0xFC,0x00,0x00,0x07,0xED,0x00,0x00,0x0B,0xBB,0x00,0x00,0x0B,0xC4,
    0x00,0x00,0x0B,0xCB,0x00,0x00,0x0B,0xE3,0x00,0x00,0x0F,0xA5,0x00,0x00,0x0F,0xAD,
    0x00,0x00,0x0F,0xAE,0x00,0x00,0x0F,0xCE,0x00,0x00,0x0F,0xBE,0x00,0x00,0x13,0x8E,
    0x00,0x00,0x13,0xB5,0x00,0x00,0x13,0xB3,0xFF,0xFF,0xE0,0x81,0x00,0x00,0x03,0xEA,
    0x00,0x00,0x03,0xF4,0x00,0x00,0x03,0xEF,0x00,0x00,0x04,0x13,0x00,0x00,0x04,0x15,
    0x00,0x00,0x04,0x06,0x00,0x00,0x13,0x8E,0x00,0x00,0x13,0xB5,0xFF,0xFF,0xEC,0x4A,
    0x00,0x00,0x03,0xEB,0x00,0x00,0x03,0xF3,0x00,0x00,0x04,0x08,0x00,0x00,0x04,0x14,
    0x00,0x00,0x2B,0x36,0x00,0x00,0x81,0x29,0x00,0x01,0x34,0x9D,0xFF,0xFE,0xCB,0x5A,
    0x00,0x00,0x03,0xEC,0x00,0x00,0x03,0xF4,0x00,0x00,0x04,0x15,0x00,0x00,0x13,0x8E,
    0x00,0x00,0x13,0xB3,0x00,0x00,0x13,0xB4,0x00,0x00,0x13,0xA5,0x00,0x00,0x1B,0x5D,
    0x00,0x00,0x1B,0x86,0x00,0x00,0x1B,0x76,0xFF,0xFF,0xE0,0x81,0x00,0x00,0x0F,0xA9,
    0x00,0x00,0x0F,0xCB,0x00,0x00,0x0F,0xBE,0x02,0xFB,0x04,0x0E,0x02,0xFB,0x04,0x0F,
    0x02,0xFB,0x04,0x35,0x00,0x00,0x17,0x76,0x00,0x00,0x13,0xB4,0xFF,0xFF,0xEC,0x4A,
    0x00,0x00,0x03,0xEA,0x00,0x00,0x04,0x15,0x00,0x00,0x0F,0xA9,0x00,0x00,0x0F,0xCB,
    0x00,0x00,0x0F,0xCC,0x00,0x00,0x0F,0xBE,0x00,0x00,0x13,0x8E,0xFF,0xFF,0xEC,0x4A,
    0x00,0x00,0x03,0xF4,0x00,0x00,0x0F,0xA4,0x00,0x00,0x0F,0xCD,0x00,0x00,0x13,0x8E,
    0x00,0x00,0x13,0xB3,0x00,0x00,0x13,0xB4,0x00,0x00,0x1F,0x45,0x00,0x00,0x1F,0x4F,
    0x00,0x00,0x1F,0x50,0x00,0x00,0x1F,0x6E,0x00,0x09,0x14,0x74,0x00,0x09,0x14,0x46,
    0xFF,0xF6,0xEB,0xAA,0x00,0x00,0x13,0x8E,0x00,0x00,0x13,0xB3,0x00,0x00,0x13,0xB4,
    0x00,0x00,0x13,0xB6,0x00,0x00,0x03,0xF4,0x00,0x00,0x1B,0x5C,0x00,0x00,0x1B,0x65,
    0x00,0x00,0x1B,0x85,0x12,0x0F,0x8C,0xEB,0x12,0x0F,0x8C,0xFB,0x12,0x0F,0x8D,0x06,
    0xFF,0xF6,0xF3,0x95,0x12,0x0F,0x89,0x0B,0x12,0x0F,0x89,0x1D,0x00,0x09,0x0C,0x73,
    0x00,0x00,0x27,0x21,0x00,0x00,0x27,0x22,0x00,0x00,0x27,0x23,0x00,0x00,0x27,0x3C,
    0x00,0x00,0x36,0xCF,0xFF,0xFF,0xD4,0xD5,0x00,0x00,0x23,0x33,0x00,0x00,0x23,0x3C,
    0x00,0x00,0x23,0x3D,0x00,0x00,0x23,0x53,0x00,0x00,0x2B,0x0B,0x00,0x00,0x2B,0x0E,
    0x00,0x00,0x2B,0x24,0x00,0x00,0x2B,0x2B,0xFF,0xFF,0xC9,0x31,0x12,0x0F,0x89,0x3F,
    0x00,0x00,0x23,0x68,0x00,0x00,0x27,0x21,0x00,0x00,0x27,0x22,0x00,0x00,0x27,0x27,
    0x00,0x00,0x27,0x28,0x00,0x00,0x27,0x3B,0x00,0x00,0x2E,0xF9,0x00,0x00,0x2E,0xF3,
    0x00,0x00,0x2E,0xFD,0x00,0x00,0x2F,0x0C,0x00,0x00,0x0B,0xF6,0xFF,0xFF,0xC9,0x31,
    0x12,0x0F,0x89,0x3F,0x00,0x00,0x23,0x68,0x00,0x00,0x2B,0x16,0x00,0x00,0x2B,0x23,
    0x00,0x00,0x2B,0x2B,0x00,0x00,0x32,0xDB,0x00,0x00,0x32,0xE5,0x00,0x00,0x32,0xF4,
    0xFF,0xFF,0xC9,0x31,0x12,0x0F,0x89,0x3F,0x00,0x00,0x23,0x68,0x00,0x00,0x2B,0x2B,
    0x00,0x00,0x2E,0xF9,0x00,0x00,0x2F,0x0B,0x00,0x00,0x36,0xC7,0x00,0x00,0x36,0xCF,
    0xFF,0xFF,0xC9,0x24,0x12,0x0F,0x89,0x3F,0x00,0x00,0x23,0x68,0x00,0x00,0x2B,0x2B,
    0x00,0x00,0x32,0xDF,0x00,0x00,0x32,0xF3,0x08,0xF1,0x1F,0xBE,0x08,0xF1,0x1F,0xBF,
    0x08,0xF1,0x1F,0xC2,0x00,0x00,0x3A,0xB6,0x00,0x00,0x3E,0xA1,0xFF,0xFF,0xC1,0x54,
    0x00,0x00,0x46,0x74,0x00,0x00,0x46,0x7E,0x00,0x00,0x42,0x6F,0x00,0x00,0x42,0x8E,
    0x00,0x00,0x42,0x94,0x00,0x00,0x4A,0x42,0x00,0x00,0x4A,0x56,0x00,0x00,0x4A,0x65,
    0x08,0xF1,0x27,0x8D,0x08,0xF1,0x27,0x8F,0x08,0xF1,0x27,0x92,0x08,0xF1,0x27,0x93,
    0x08,0xF1,0x27,0x87,0x08,0xF1,0x27,0x9B,0x00,0x00,0x36,0xCD,0xFF,0xFF,0x7A,0xF9,
    0xFF,0xFF,0xC9,0x4F,0x00,0x00,0x3A,0xBE,0x00,0x00,0x3A,0xC3,0x12,0xA1,0xD6,0x47,
    0x18,0x8E,0xF1,0x0F,0x18,0x97,0xBB,0x31,0x18,0x97,0xBB,0x32,0x18,0x97,0xBB,0x34,
    0x18,0x97,0xBB,0x4D,0xFF,0xFF,0x96,0x5F,0x00,0x00,0x3A,0xBE,0x00,0x00,0x3A,0xA3,
    0xFF,0xFF,0xC5,0x3B,0x00,0x00,0x3A,0xA2,0x00,0x00,0x3A,0xB5,0x00,0x00,0x3A,0xC3,
    0x12,0x89,0xE9,0x4D,0x12,0x89,0xE9,0x44,0x12,0x89,0xED,0x36,0x12,0x89,0xED,0x2D,
    0x12,0x89,0xF1,0x1C,0x12,0x89,0xF0,0xF7,0x00,0x00,0x7D,0x2D,0x02,0x17,0x30,0x01,
    0x0C,0x94,0x17,0xF1,0xFF,0xFE,0xDE,0xAE,0xFF,0xFF,0xFF,0xFF,0xFF,0xFF,0xFF,0xFF,
    0xFF,0xFF,0xC5,0x67,0x00,0x01,0x05,0xE3,0x00,0x01,0x05,0xE2,0x00,0x01,0x09,0xCC,
    0x00,0x01,0x09,0xDD,0x00,0x00,0x61,0xC6,0x00,0x00,0x61,0xC7,0xFF,0xF6,0x1C,0x8C,
    0x00,0x01,0x05,0xD5,0xFF,0xFE,0xFA,0x3D,0x00,0x00,0x59,0xF5,0x00,0x00,0x59,0xE3,
    0x2B,0x27,0xD6,0x50,0xFF,0xFF,0x9A,0x38,0xFF,0xFE,0xA8,0x3F,0x12,0xA1,0xD6,0x47,
    0x18,0x8E,0xF1,0x0F,0x18,0x97,0xBB,0x31,0x18,0x97,0xBB,0x32,0x18,0x97,0xBB,0x33,
    0x18,0x97,0xBB,0x4D,0x00,0x00,0x42,0x91,0x00,0x00,0x9C,0x6D,0xFF,0xFF,0x5F,0xAC,
    0x00,0x00,0x4A,0x5E,0x00,0x00,0x4A,0x43,0x00,0x00,0x4A,0x66,0x00,0x00,0x81,0x15,
    0x00,0x00,0x81,0x1F,0x00,0x00,0x8C,0xBE,0xFF,0xFF,0x73,0x2C,0x00,0x00,0x4A,0x5E,
    0x00,0x00,0x4A,0x43,0xFF,0xFF,0xB5,0x9B,0x00,0x00,0x4A,0x5E,0x00,0x00,0x4A,0x43,
    0x00,0x00,0x4A,0x63,0x00,0x00,0xF2,0x5C,0xFF,0xFF,0x0D,0xB3,0x1F,0x3C,0xF6,0xA9,
    0xFF,0xFE,0xA0,0x6F,0xFF,0xFF,0xB5,0xC7,0x00,0x00,0x0B,0xF9,0x00,0x00,0x6D,0x8E,
    0x00,0x00,0x84,0xFB,0x00,0x00,0x85,0x05,0x00,0x00,0x85,0x06,0x00,0x00,0x88,0xE4,
    0x09,0x7E,0xC1,0xB7,0xFF,0xFE,0x79,0x19,0x00,0x00,0x81,0x06,0x00,0x00,0x81,0x1F,
    0xFF,0xFF,0xC5,0x4B,0x00,0x00,0x81,0x13,0x00,0x00,0x81,0x1F,0xFF,0xFF,0xB1,0xB9,
    0x00,0x00,0x90,0xB3,0x00,0x00,0x90,0x99,0x00,0x00,0x6D,0x7D,0x00,0x00,0x6D,0x94,
    0x00,0x00,0x98,0x84,0xFF,0xFF,0x01,0xD2,0x00,0x00,0x8C,0xCC,0x00,0x00,0x8C,0xB1,
    0x00,0x00,0x94,0x8E,0x00,0x00,0x94,0x8F,0xFF,0xFF,0x6B,0x58,0x00,0x00,0x90,0xC0,
    0x00,0x00,0x90,0xA5,0x00,0x00,0x90,0x93,0x00,0x09,0x14,0x74,0x00,0x09,0x14,0x46,
    0x00,0x09,0x14,0x56,0x00,0x09,0x14,0x3C,0xFF,0xF6,0xEB,0xC3,0x00,0x00,0x8C,0xCB,
    0x00,0x00,0x8C,0xB7,0x00,0x00,0xFA,0x1E,0x00,0x00,0xFA,0x34,0x00,0x00,0xFA,0x3A,
    0xFF,0xFF,0x01,0xD2,0xFF,0xFF,0x5F,0xD7,0x00,0x00,0xA4,0x3E,0x00,0x00,0xA4,0x2D,
    0x00,0x00,0xA4,0x27,0x00,0x00,0xA4,0x48,0x00,0x00,0x69,0xA3,0x00,0x00,0xE6,0xA5,
    0x00,0x00,0xEA,0x8C,0xFF,0xFF,0x15,0x8F,0x00,0x00,0xA0,0x45,0x00,0x00,0xA4,0x3D,
    0x00,0x00,0xA8,0x23,0x00,0x00,0xAF,0xF6,0xFF,0xFE,0xC7,0x54,0x00,0x00,0xA4,0x3C,
    0x00,0x00,0xAC,0x0E,0xFF,0xFF,0x50,0x0D,0x00,0x00,0xA8,0x23,0x00,0x00,0xBB,0x9E,
    0x00,0x00,0xC3,0x7E,0xFF,0xFE,0xBF,0x83,0x00,0x00,0xA4,0x3C,0x00,0x00,0xA8,0x25,
    0x00,0x00,0xB3,0xDB,0x00,0x00,0xB7,0xC6,0x00,0x01,0x53,0xF5,0xFF,0xFE,0xAC,0x0A,
    0x00,0x00,0xAF,0xF4,0xFF,0xFF,0x50,0x2D,0x00,0x00,0xAF,0xF3,0xFF,0xFF,0x50,0x2D,
    0x00,0x00,0xAB,0xFD,0xFF,0xFF,0x54,0x15,0x00,0x00,0xC3,0x7B,0xFF,0xFF,0x38,0x9C,
    0x00,0x00,0xAC,0x0B,0x00,0x00,0xBF,0x94,0x00,0x00,0xC7,0x56,0xFF,0xFF,0x34,0xB2,
    0x00,0x00,0xBF,0x94,0x00,0x00,0xC3,0x6D,0x00,0x00,0xCB,0x4B,0xFF,0xFF,0x30,0xCA,
    0x00,0x00,0xC3,0x7C,0x00,0x00,0xC7,0x63,0x00,0x00,0xCB,0x4E,0x00,0x00,0xCF,0x25,
    0x00,0x00,0xD7,0x05,0xFF,0xFE,0xAF,0xF2,0x00,0x00,0xC7,0x64,0x00,0x00,0xCB,0x4D,
    0xFF,0xFF,0x2C,0xE2,0x00,0x00,0xCF,0x34,0xFF,0xFF,0x30,0xED,0x00,0x00,0xCB,0x4C,
    0x00,0x00,0xD7,0x05,0x00,0x00,0xDA,0xDE,0xFF,0xFF,0x21,0x2D,0x00,0x00,0xD6,0xF5,
    0xFF,0xFF,0x29,0x1D,0x00,0x00,0x32,0xE6,0x00,0x00,0x33,0x00,0x00,0x00,0xD7,0x04,
    0x00,0x00,0xE2,0xBE,0x00,0x01,0x44,0x65,0xFF,0xFE,0xB7,0xB5,0x00,0x00,0xDE,0xD3,
    0xFF,0xFF,0x21,0x4D,0xFF,0xFF,0x96,0x87,0x00,0x00,0xA0,0x53,0x00,0x00,0xA0,0x45,
    0x00,0x00,0xA0,0x39,0x00,0x00,0xEE,0x74,0x00,0x00,0xF2,0x5D,0x00,0x00,0xF2,0x4E,
    0xFF,0xFF,0x0D,0x9C,0x00,0x00,0xEA,0x8B,0x00,0x00,0xF2,0x5D,0xFA,0x08,0x7C,0xDA,
    0x00,0x00,0xEA,0x8C,0x00,0x00,0xF6,0x45,0x00,0x00,0x75,0x5B,0xFF,0xFF,0x11,0x8A,
    0x00,0x00,0xF2,0x5E,0xFF,0xFF,0x0D,0xC5,0x00,0x00,0x98,0x75,0x00,0x00,0x98,0x90,
    0x00,0x00,0x98,0x93,0x00,0x00,0xFE,0x14,0x00,0x00,0xFE,0x2E,0x00,0x01,0x92,0x85,
    0x00,0x01,0x92,0xA2,0xFF,0xFE,0x61,0xC5,0x00,0x00,0xFA,0x2B,0x00,0x01,0x01,0xFC,
    0x04,0xCD,0x30,0x0E,0x00,0x01,0x09,0xDD,0x04,0xCD,0x2F,0xFD,0x02,0xFC,0x02,0x0D,
    0x00,0x00,0x98,0x75,0x03,0x9C,0x03,0x0D,0x04,0x79,0x82,0x2D,0x00,0x01,0x15,0x85,
    0x04,0xCD,0x2F,0xFE,0xFF,0xFE,0x61,0xD2,0x00,0x00,0xFE,0x17,0x00,0x01,0x05,0xE4,
    0x04,0xCD,0x30,0x0E,0x00,0x01,0x2C,0xE1,0x00,0x01,0x77,0x2B,0x03,0x03,0x6C,0x92,
    0xFF,0xFE,0x84,0xD0,0x00,0x01,0x01,0xFB,0x00,0x00,0x5A,0x04,0x00,0x00,0x5A,0x02,
    0x00,0x00,0x5D,0xDE,0xFF,0xFF,0xA2,0x21,0x00,0x00,0x5A,0x06,0x00,0x01,0x0D,0xA5,
    0x00,0x01,0x0D,0xC0,0xFF,0xFF,0x01,0xEB,0x00,0x01,0x09,0xBE,0x00,0x01,0x09,0xDD,
    0x13,0xBC,0x7D,0xAE,0x00,0x01,0xD1,0x06,0x00,0x01,0xA9,0xF5,0xFF,0xFE,0x46,0x4D,
    0x00,0x01,0x15,0x85,0x00,0x00,0xFE,0x06,0x00,0x00,0xFD,0xFF,0xFF,0xFE,0x4E,0x3A,
    0x00,0x00,0xFE,0x18,0x00,0x01,0x11,0x9E,0xFF,0xFE,0x52,0x23,0x00,0x00,0xFE,0x2E,
    0x00,0x01,0xCD,0x21,0x00,0x01,0x1D,0x55,0x00,0x01,0x7B,0x18,0xFF,0xFE,0x84,0xD0,
    0x00,0x01,0x19,0x6E,0x00,0x01,0x19,0x51,0xFF,0xFE,0xE6,0xB5,0x00,0x00,0x4A,0x63,
    0x13,0xBC,0x7D,0xAC,0x00,0x01,0xD8,0xD4,0xFF,0xFE,0xDA,0xEA,0x00,0x01,0x29,0x0E,
    0xFF,0xFE,0xD3,0x0B,0xFF,0xFE,0xDA,0xDB,0x00,0x01,0x25,0x23,0x00,0x01,0x30,0xDC,
    0x00,0x01,0x01,0xFD,0xFF,0xFE,0xFE,0x1F,0xFF,0xFE,0xD3,0x0A,0xFF,0xFF,0xF4,0x47,
    0x00,0x00,0xA4,0x3D,0x00,0x01,0x38,0xAC,0x00,0x01,0x38,0xAE,0xFF,0xFE,0xC3,0x6D,
    0x00,0x01,0x38,0xAC,0xFF,0xFE,0xC7,0x75,0x00,0x00,0xAC,0x0E,0xFF,0xFF,0x54,0x15,
    0x00,0x00,0xDE,0xD6,0x00,0x01,0x48,0x4B,0xFF,0xFE,0xB3,0xCC,0x00,0x00,0xDE,0xD5,
    0x00,0x01,0x44,0x64,0xFF,0xFE,0x42,0x7E,0x00,0x01,0x44,0x63,0xFF,0xFE,0xBB,0xBD,
    0x00,0x00,0xCB,0x3D,0xFF,0xFF,0x34,0xD5,0x00,0x00,0xAF,0xE5,0xFF,0xFF,0x50,0x1A,
    0x00,0x00,0x61,0xC6,0x00,0x00,0x61,0xE0,0x00,0x00,0x61,0xD3,0x00,0x00,0x4E,0x47,
    0x00,0x01,0x67,0x8C,0xFF,0xFE,0x98,0x85,0xFF,0xFF,0x9E,0x57,0xFF,0xFF,0xA6,0x27,
    0x00,0x01,0x73,0x45,0x00,0x01,0x73,0x61,0x00,0x01,0x73,0x2F,0x00,0x01,0x19,0x5E,
    0xFF,0xFE,0xE6,0x88,0x00,0x01,0x57,0xEE,0x00,0x01,0x6B,0x73,0xFF,0xFE,0x90,0xA3,
    0x00,0x01,0x67,0x8E,0x00,0x01,0x67,0x7B,0xFF,0xFE,0x98,0x95,0x00,0x01,0x67,0x8E,
    0x00,0x01,0x67,0x7B,0x00,0x01,0x67,0x77,0x12,0x6C,0x6A,0x85,0x12,0x6C,0x6A,0x5B,
    0x12,0x6C,0x6A,0xA1,0xFF,0xF6,0xAD,0x1B,0x00,0x01,0x6F,0x5E,0x00,0x01,0x6F,0x3B,
    0x00,0x01,0x67,0x7B,0xFF,0xFE,0x9C,0x5C,0x00,0x01,0x01,0xFC,0xFF,0xFE,0xFE,0x25,
    0x00,0x01,0x02,0x00,0x00,0x01,0x19,0x6C,0x00,0x01,0x19,0x51,0x00,0x01,0x7E,0xED,
    0x00,0x01,0x7E,0xFD,0xFF,0xFE,0x80,0xE7,0x00,0x01,0x7B,0x16,0x00,0x01,0x7B,0x30,
    0xFF,0xFE,0x7D,0x1C,0x00,0x01,0x7F,0x02,0x00,0x01,0x7F,0x19,0x00,0x04,0x97,0xF3,
    0x00,0x04,0x97,0xDF,0xFF,0xFE,0x79,0x35,0x00,0x04,0x97,0xF4,0x00,0x04,0x97,0xDF,
    0x00,0x04,0x97,0xD3,0x00,0x01,0x82,0xE4,0x09,0x7E,0xC1,0xB7,0x00,0x00,0x81,0x2F,
    0x00,0x01,0x8A,0xB7,0xFF,0xFE,0x75,0x62,0x00,0x01,0x86,0xCE,0x00,0x01,0x86,0xE7,
    0xFF,0xFE,0x79,0x55,0x00,0x01,0x92,0x76,0x00,0x01,0x92,0xA2,0xFF,0xFE,0x6D,0x9D,
    0x00,0x01,0x8E,0x8D,0x00,0x01,0x8E,0x96,0x00,0x01,0x96,0x5E,0x06,0xD4,0xEE,0xBE,
    0x06,0xE4,0x34,0xE6,0xFF,0xFF,0x05,0xD2,0x00,0x01,0x92,0x75,0x00,0x01,0x92,0xA2,
    0xFF,0xFE,0x65,0xBA,0x00,0x01,0x96,0x5D,0x00,0x01,0x96,0x4B,0xFF,0xFE,0x6D,0x5E,
    0x00,0x00,0xFA,0x1D,0x00,0x00,0xFE,0x14,0xFF,0xFE,0x59,0xF5,0x00,0x01,0xFF,0xE6,
    0x00,0x02,0x03,0xD1,0x00,0x02,0x07,0xB7,0x00,0x02,0x0B,0xA0,0x00,0x02,0x0F,0x75,
    0x00,0x02,0x13,0x72,0x00,0x02,0x17,0x53,0x00,0x02,0x1B,0x3C,0x00,0x02,0x1F,0x25,
    0xFF,0xFF,0x11,0x9A,0x05,0xB2,0x11,0xCB,0x05,0xB2,0x11,0xCD,0x05,0xB2,0x11,0xCE,
    0x05,0xB2,0x11,0xCF,0x05,0xB2,0x11,0xD0,0x05,0xB2,0x11,0xD1,0x05,0xB2,0x11,0xD2,
    0x05,0xB2,0x11,0xBD,0x05,0xB2,0x11,0xBE,0x00,0x01,0x9E,0x3B,0xFF,0xF6,0x72,0x84,
    0x00,0x01,0x0D,0xB6,0x00,0x01,0xB9,0x95,0xFF,0xFE,0x46,0x4D,0x00,0x01,0x15,0x84,
    0xFF,0xFF,0xB1,0xB9,0x00,0x01,0x11,0x9D,0x02,0x63,0x1D,0x6E,0x02,0x63,0x1D,0x77,
    0x02,0x63,0x1D,0x88,0x02,0xFB,0xBF,0xA6,0xFF,0xFF,0x50,0x1A,0x00,0x01,0xFF,0xE9,
    0x00,0x02,0x03,0xCD,0x00,0x02,0x07,0xB3,0x00,0x02,0x0B,0xA2,0x00,0x02,0x0F,0x88,
    0x00,0x02,0x13,0x6F,0x00,0x02,0x17,0x54,0x00,0x02,0x1B,0x2E,0x00,0x02,0x1F,0x15,
    0xFF,0xFD,0xDC,0xF2,0x00,0x01,0xA9,0xF6,0x00,0x01,0xA9,0xD3,0xFF,0xFE,0x55,0xCB,
    0xFF,0xFE,0xB7,0xB0,0xFF,0xFE,0x3A,0xAF,0x00,0x01,0xC1,0x67,0xFF,0xF6,0xF3,0x7A,
    0x00,0x01,0xCD,0x21,0x0D,0xED,0x5E,0x89,0x0D,0xED,0x5E,0x8A,0x0D,0xED,0x5E,0xA5,
    0x0D,0xED,0x5E,0x8F,0x13,0xD4,0x01,0x31,0x00,0x04,0x9F,0xC1,0x13,0xCA,0x3D,0x2F,
    0xFF,0xF6,0xE7,0xB9,0x00,0x01,0x19,0x5E,0xFF,0xFE,0x36,0xDB,0x00,0x01,0x0D,0xB5,
    0x00,0x01,0x0D,0x93,0x00,0x09,0xF6,0xF3,0xFF,0xF6,0x09,0x31,0x00,0x01,0x0D,0xB5,
    0xFF,0xFE,0xDE,0xC5,0x00,0x01,0x21,0x3B,0x00,0x01,0x21,0x1B,0x00,0x09,0xF6,0xF5,
    0xFF,0xF6,0x09,0x31,0x00,0x01,0xE0,0xA7,0x0D,0xED,0x5E,0x89,0x0D,0xED,0x5E,0x8A,
    0x0D,0xED,0x5E,0xA5,0x0D,0xED,0x5E,0x91,0x00,0x04,0x9F,0xC1,0x00,0x09,0x18,0x47,
    0x00,0x01,0xE4,0xAD,0x00,0x01,0xEC,0x4C,0xFF,0xFE,0x07,0xF0,0x00,0x01,0xDC,0xBC,
    0x00,0x01,0xE4,0x8B,0x00,0x01,0xE4,0xAD,0x00,0x01,0xEC,0x4C,0xFF,0xFE,0x07,0xF0,
    0x00,0x01,0xE0,0xA4,0x00,0x01,0xE8,0x77,0x00,0x01,0xE8,0x6C,0x00,0x01,0xF4,0x30,
    0x00,0x01,0xF4,0x25,0x00,0x01,0xF4,0x1E,0x00,0x01,0xEC,0x4C,0xFF,0xFE,0x07,0xF0,
    0x00,0x01,0xE4,0x8E,0x00,0x01,0xE4,0xAD,0x00,0x01,0xEC,0x5D,0x00,0x01,0xEC,0x4C,
    0x00,0x01,0xF0,0x43,0xFF,0xFE,0x0F,0xD7,0x00,0x01,0xE8,0x76,0x00,0x01,0xE8,0x5F,
    0x00,0x01,0xE8,0x53,0x00,0x01,0xE4,0xAD,0x00,0x09,0x4E,0xEE,0xFF,0xF6,0xB1,0x09,
    0x00,0x01,0xE8,0x74,0x00,0x01,0xE8,0x53,0x00,0x01,0xE8,0x59,0x00,0x01,0xE4,0xAD,
    0xFF,0xFE,0x13,0xB4,0x00,0x01,0xE4,0x8D,0x00,0x01,0xE4,0x7D,0x00,0x01,0xE4,0xAD,
    0x00,0x01,0xF8,0x16,0x00,0x01,0xF8,0x06,0x00,0x01,0xF8,0x10,0xFF,0xFE,0x13,0xB4,
    0x00,0x01,0xF4,0x2C,0x00,0x01,0xF4,0x1D,0x00,0x01,0xE4,0xAD,0x00,0x01,0xFB,0xFB,
    0x00,0x01,0xFB,0xE3,0x00,0x01,0xFB,0xF8,0x00,0x01,0xFB,0xD3,0xFF,0xFE,0x13,0xB4,
    0x00,0x01,0xF8,0x14,0x00,0x01,0xF7,0xF3,0x00,0x01,0xE4,0xAD,0xFF,0xFE,0x13,0xB4,
    0x00,0x01,0xA2,0x24,0x00,0x02,0x03,0xD0,0x00,0x02,0x07,0xBA,0x00,0x02,0x0B,0xA1,
    0x00,0x02,0x0F,0x87,0x00,0x02,0x13,0x5D,0x00,0x02,0x17,0x46,0x00,0x02,0x1B,0x3D,
    0x00,0x02,0x1F,0x26,0xFF,0xFE,0x4A,0x55,0x00,0x01,0xA2,0x2A,0x00,0x01,0xFF,0xD5,
    0x00,0x02,0x07,0xB5,0x00,0x02,0x0B,0x9E,0x00,0x02,0x0F,0x84,0x00,0x02,0x13,0x71,
    0x00,0x02,0x17,0x57,0x00,0x02,0x1B,0x3B,0x00,0x02,0x1F,0x16,0xFF,0xFE,0x4A,0x50,
    0x00,0x01,0xA2,0x15,0x00,0x01,0xFF,0xD6,0x00,0x02,0x03,0xCC,0x00,0x02,0x0B,0x9F,
    0x00,0x02,0x0F,0x89,0x00,0x02,0x13,0x6B,0x00,0x02,0x17,0x55,0x00,0x02,0x1B,0x42,
    0x00,0x02,0x1F,0x28,0xFF,0xFE,0x4A,0x52,0x00,0x01,0xA2,0x27,0x00,0x01,0xFF,0xE5,
    0x00,0x02,0x03,0xD2,0x00,0x02,0x07,0xB8,0x00,0x02,0x0F,0x83,0x00,0x02,0x13,0x5E,
    0x00,0x02,0x17,0x56,0x00,0x02,0x1B,0x2D,0x00,0x02,0x1F,0x24,0xFF,0xFE,0x4A,0x4F,
    0x00,0x01,0xA2,0x25,0x00,0x01,0xFF,0xE8,0x00,0x02,0x03,0xBE,0x00,0x02,0x07,0xB6,
    0x00,0x02,0x0B,0x9B,0x00,0x02,0x13,0x6C,0x00,0x02,0x17,0x59,0x00,0x02,0x1B,0x3F,
    0x00,0x02,0x1F,0x2A,0xFF,0xFE,0x4A,0x63,0x00,0x01,0xA2,0x23,0x00,0x01,0xFF,0xE4,
    0x00,0x02,0x03,0xBD,0x00,0x02,0x07,0xB9,0x00,0x02,0x0B,0x8E,0x00,0x02,0x0F,0x86,
    0x00,0x02,0x17,0x5A,0x00,0x02,0x1B,0x40,0x00,0x02,0x1F,0x27,0xFF,0xFE,0x4A,0x53,
    0x00,0x01,0xA2,0x28,0x00,0x01,0xFF,0xE7,0x00,0x02,0x03,0xCE,0x00,0x02,0x07,0xA6,
    0x00,0x02,0x0B,0x8D,0x00,0x02,0x0F,0x8A,0x00,0x02,0x13,0x6D,0x00,0x02,0x1B,0x41,
    0x00,0x02,0x1F,0x23,0xFF,0xFE,0x4A,0x54,0x00,0x01,0xA2,0x16,0x00,0x01,0xFF,0xE3,
    0x00,0x02,0x03,0xCF,0x00,0x02,0x07,0xA5,0x00,0x02,0x0B,0x9C,0x00,0x02,0x0F,0x85,
    0x00,0x02,0x13,0x6E,0x00,0x02,0x17,0x58,0x00,0x02,0x1F,0x29,0xFF,0xFE,0x4A,0x4E,
    0x00,0x01,0xA2,0x29,0x00,0x01,0xFF,0xEA,0x00,0x02,0x03,0xCB,0x00,0x02,0x07,0xB4,
    0x00,0x02,0x0B,0x9D,0x00,0x02,0x0F,0x76,0x00,0x02,0x13,0x70,0x00,0x02,0x17,0x45,
    0x00,0x02,0x1B,0x3E,0xFF,0xFE,0x4A,0x51,0x00,0x01,0xB5,0xAD,0xFF,0xFE,0x4A,0x75,
    0x00,0x00,0x00,0x00,0x00,0x00,0x00,0x00,0x00,0x00,0x00,0x00,0x00,0x00,0x00,0x00,
    0x00,0x00,0x00,0x00,0x00,0x00,0x00,0x00,0x00,0x00,0x00,0x00,0x00,0x00,0x00,0x00,
    0x00,0x00,0x00,0x00,0x00,0x39,0x00,0x21,0x00,0x22,0x00,0x05,0x55,0x4E,0x49,0x54,
    0x35,0x20,0x00,0x05,0x55,0x4E,0x49,0x54,0x33,0x20,0x00,0x3A,0x01,0x28,0x00,0x26,
    0x00,0x15,0x00,0x2C,
};

/* task segment ADVEN (ID >08) of .GAMES.PROG, loaded at >B2A0 (ADVEN.task.bin, md5 a029ac36758e845a73653121e85ead86) */
const unsigned char adven_task[9364] = {
    0xB2,0xA0,0xB2,0xA6,0x5D,0x48,0x04,0x20,0x00,0x00,0x02,0x06,0x04,0x00,0x2F,0xC6,
    0x00,0x00,0x00,0x00,0x00,0x00,0x00,0x00,0x00,0x00,0x00,0x00,0x00,0x00,0x00,0x00,
    0x00,0x00,0x00,0x00,0x00,0x00,0x00,0x00,0x00,0x00,0x00,0x00,0x00,0x00,0x00,0x00,
    0x00,0x00,0x00,0x00,0x00,0x00,0x00,0x00,0x00,0x00,0x00,0x00,0x00,0x00,0x00,0x00,
    0x72,0x65,0x73,0x74,0x6F,0x72,0x79,0x65,0x73,0x20,0x79,0x20,0x00,0x00,0x00,0x00,
    0x00,0x00,0x00,0x00,0x00,0x00,0x00,0x00,0x00,0x00,0x00,0x00,0x00,0x00,0x00,0x00,
    0x00,0x00,0x00,0x00,0x00,0x00,0x00,0x00,0x00,0x00,0x00,0x00,0x00,0x00,0x00,0x00,
    0x00,0x00,0x00,0x00,0x00,0x00,0x00,0x00,0x00,0x00,0x00,0x00,0x00,0x00,0x00,0x00,
    0x00,0x00,0x00,0x00,0x00,0x00,0x00,0x00,0x00,0x00,0x00,0x00,0x00,0x00,0x00,0x00,
    0x00,0x00,0x00,0x00,0x00,0x00,0x00,0x00,0x00,0x00,0x00,0x00,0x00,0x00,0x00,0x00,
    0x00,0x00,0x00,0x00,0x00,0x00,0x00,0x00,0x00,0x00,0x00,0x00,0x00,0x00,0x00,0x00,
    0x00,0x01,0x00,0x00,0x00,0x00,0x00,0x00,0x00,0x00,0x00,0x00,0x00,0x00,0x00,0x00,
    0x00,0x00,0x00,0x00,0x00,0x00,0x00,0x00,0x00,0x00,0x00,0x00,0x00,0x00,0x00,0x00,
    0x00,0x00,0x00,0x00,0x00,0x00,0x00,0x00,0x00,0x00,0x00,0x00,0x00,0x00,0x00,0x00,
    0x00,0x00,0x00,0x00,0x00,0x00,0x00,0x00,0x00,0x00,0x00,0x00,0x00,0x00,0x00,0x00,
    0x00,0x00,0x00,0x00,0x00,0x00,0x00,0x00,0x00,0x00,0x00,0x00,0x00,0x00,0x00,0x00,
    0x00,0x00,0x00,0x00,0x00,0x00,0x00,0x00,0x00,0x00,0x00,0x00,0x00,0x00,0x00,0x00,
    0x00,0x00,0x00,0x00,0x00,0x00,0x00,0x00,0x00,0x00,0x00,0x00,0x00,0x00,0x00,0x00,
    0x00,0x00,0x00,0x00,0x00,0x00,0x00,0x00,0x00,0x00,0x00,0x00,0x00,0x00,0x00,0x00,
    0x00,0x00,0x00,0x00,0x00,0x00,0x00,0x00,0x00,0x00,0x00,0x00,0x00,0x00,0x00,0x00,
    0x00,0x00,0x00,0x00,0x00,0x00,0x00,0x00,0x00,0x00,0x00,0x00,0x00,0x00,0x00,0x00,
    0x00,0x00,0x00,0x00,0x00,0x00,0x00,0x00,0x00,0x00,0x00,0x00,0x00,0x00,0x00,0x00,
    0x00,0x00,0x00,0x00,0x00,0x00,0x00,0x00,0x00,0x00,0x00,0x00,0x00,0x00,0x00,0x00,
    0x00,0x00,0x00,0x00,0x00,0x00,0x00,0x00,0x00,0x00,0x00,0x00,0x00,0x00,0x00,0x00,
    0x00,0x00,0x00,0x00,0x00,0x00,0x00,0x00,0x00,0x00,0x00,0x00,0x00,0x00,0x00,0x00,
    0x00,0x00,0x00,0x00,0x00,0x00,0x00,0x00,0x00,0x00,0x00,0x00,0x00,0x00,0x00,0x00,
    0x00,0x00,0x00,0x00,0x00,0x00,0x00,0x00,0x00,0x00,0x00,0x00,0x00,0x00,0x00,0x00,
    0x00,0x00,0x00,0x00,0x00,0x00,0x00,0x00,0x00,0x00,0x00,0x00,0x00,0x00,0x00,0x00,
    0x00,0x00,0x00,0x00,0x00,0x00,0x00,0x00,0x00,0x00,0x00,0x00,0x00,0x14,0x00,0x0A,
    0x50,0x48,0x52,0x4F,0x47,0x5A,0x00,0x00,0x00,0x00,0x00,0x00,0x00,0x00,0x00,0x00,
    0x00,0x00,0x00,0x00,0x00,0x00,0x00,0x00,0x00,0x00,0x00,0x00,0x00,0x00,0x00,0x00,
    0x00,0x00,0x00,0x00,0x00,0x00,0x00,0x00,0x00,0x00,0x00,0x00,0x00,0x00,0x00,0x00,
    0x00,0x00,0x00,0x00,0x00,0x00,0x00,0x00,0x00,0x00,0x4D,0x6F,0x6E,0x20,0x2D,0x20,
    0x46,0x72,0x69,0x3A,0x53,0x61,0x74,0x20,0x2D,0x20,0x53,0x75,0x6E,0x3A,0x48,0x6F,
    0x6C,0x69,0x64,0x61,0x79,0x73,0x3A,0x20,0x00,0x00,0x00,0x00,0x00,0x00,0x00,0x00,
    0x00,0x00,0x00,0x00,0x00,0x00,0x00,0x00,0x00,0x00,0x00,0x00,0x00,0x00,0x00,0x00,
    0x00,0x00,0x00,0x00,0x00,0x00,0x00,0x00,0x00,0x00,0x00,0x00,0x00,0x00,0x00,0x00,
    0x00,0x00,0x00,0x00,0x00,0x00,0x00,0x00,0x00,0x00,0x00,0x00,0x00,0x00,0x00,0x00,
    0x00,0x00,0x00,0x00,0x00,0x00,0x00,0x00,0x00,0x00,0x00,0x00,0x00,0x00,0x00,0x00,
    0x00,0x00,0x00,0x00,0x00,0x00,0x00,0x00,0x00,0x00,0x00,0x00,0x00,0x00,0x00,0x00,
    0x00,0x00,0x00,0x00,0x00,0x00,0x00,0x00,0x00,0x00,0x00,0x00,0x00,0x00,0x00,0x00,
    0x00,0x00,0x00,0x00,0x00,0x00,0x00,0x00,0x00,0x00,0x79,0x65,0x73,0x20,0x79,0x20,
    0x00,0x00,0x6E,0x6F,0x6E,0x20,0x00,0x00,0x00,0x00,0x00,0x00,0x00,0x00,0x00,0x00,
    0x00,0x00,0x00,0x00,0x00,0x00,0x00,0x00,0x00,0x00,0x00,0x00,0x00,0x00,0x00,0x00,
    0x00,0x00,0x00,0x00,0x00,0x00,0x00,0x00,0x00,0x00,0x00,0x00,0x00,0x00,0x00,0x00,
    0x00,0x00,0x00,0x00,0x00,0x00,0x00,0x00,0x00,0x00,0x00,0x00,0x6D,0x61,0x67,0x69,
    0x63,0x20,0x6D,0x6F,0x64,0x65,0x00,0x00,0x6E,0x75,0x6C,0x6C,0x00,0x00,0x00,0x00,
    0x00,0x00,0x00,0x00,0x00,0x00,0x00,0x00,0x00,0x00,0x00,0x00,0x00,0x00,0x00,0x00,
    0x00,0x00,0x00,0x00,0x00,0x00,0x00,0x00,0x00,0x00,0x00,0x00,0x00,0x00,0x00,0x00,
    0x00,0x00,0x00,0x00,0x00,0x00,0x00,0x00,0x00,0x00,0x00,0x00,0x00,0x00,0x00,0x00,
    0x00,0x00,0x00,0x00,0x00,0x00,0x00,0x00,0x00,0x00,0x00,0x00,0x00,0x00,0x00,0x00,
    0x00,0x00,0x00,0x00,0x00,0x00,0x00,0x00,0x00,0x00,0x00,0x00,0x00,0x00,0x00,0x00,
    0x00,0x00,0x00,0x00,0x00,0x00,0x00,0x00,0x00,0x00,0x00,0x00,0x00,0x00,0x00,0x00,
    0x00,0x00,0x00,0x00,0x00,0x00,0x00,0x00,0x00,0x00,0x00,0x00,0x00,0x00,0x00,0x00,
    0x00,0x00,0x00,0x00,0x00,0x00,0x00,0x00,0x00,0x00,0x00,0x00,0x00,0x00,0x00,0x00,
    0x00,0x00,0x00,0x00,0x00,0x00,0x00,0x00,0x00,0x00,0x00,0x00,0x00,0x00,0x00,0x00,
    0x00,0x00,0x00,0x00,0x00,0x00,0x00,0x00,0x00,0x00,0x00,0x00,0x00,0x00,0x00,0x00,
    0x00,0x00,0x00,0x00,0x00,0x00,0x00,0x00,0x00,0x00,0x00,0x00,0x00,0x00,0x00,0x00,
    0x00,0x00,0x00,0x00,0x77,0x65,0x65,0x6B,0x64,0x61,0x79,0x73,0x3A,0x20,0x77,0x65,
    0x65,0x6B,0x65,0x6E,0x64,0x73,0x3A,0x20,0x68,0x6F,0x6C,0x69,0x64,0x61,0x79,0x73,
    0x3A,0x20,0x00,0x00,0x00,0x00,0x00,0x00,0x00,0x00,0x00,0x00,0x00,0x00,0x00,0x00,
    0x00,0x00,0x00,0x00,0x00,0x00,0x00,0x00,0x00,0x00,0x00,0x00,0x00,0x00,0x00,0x00,
    0x00,0x00,0x00,0x00,0x00,0x00,0x00,0x00,0x00,0x00,0x00,0x00,0x00,0x00,0x00,0x00,
    0x00,0x00,0x00,0x00,0x00,0x00,0x00,0x00,0x00,0x00,0x00,0x00,0x00,0x00,0x00,0x00,
    0x00,0x00,0x00,0x00,0x00,0x00,0x00,0x00,0x00,0x00,0x00,0x00,0x00,0x00,0x00,0x00,
    0x00,0x00,0x00,0x00,0x00,0x00,0x00,0x00,0x00,0x00,0x00,0x00,0x00,0x00,0x00,0x00,
    0x00,0x00,0x00,0x00,0x00,0x00,0x00,0x00,0x00,0x00,0x00,0x00,0x00,0x00,0x00,0x00,
    0x00,0x00,0x00,0x00,0x00,0x00,0x00,0x00,0x00,0x00,0x00,0x00,0x00,0x00,0x00,0x00,
    0x00,0x00,0x00,0x00,0x00,0x00,0x00,0x00,0x00,0x00,0x00,0x00,0x00,0x00,0x00,0x00,
    0x00,0x00,0x00,0x00,0x00,0x00,0x00,0x00,0x00,0x00,0x00,0x00,0x00,0x00,0x00,0x00,
    0x00,0x00,0x00,0x00,0x00,0x00,0x00,0x00,0x00,0x00,0x00,0x00,0x00,0x00,0x00,0x00,
    0x00,0x00,0x00,0x00,0x16,0x0E,0x06,0x01,0x00,0x00,0x00,0x00,0x00,0x00,0x00,0x00,
    0x00,0x00,0x00,0x00,0x00,0x00,0x00,0x00,0x00,0x00,0x00,0x00,0x00,0x00,0x00,0x00,
    0x00,0x00,0x00,0x00,0x00,0x00,0x00,0x00,0x00,0x00,0x00,0x00,0x00,0x00,0x00,0x00,
    0x00,0x00,0x00,0x00,0x00,0x00,0x00,0x00,0x00,0x00,0x00,0x00,0x00,0x00,0x00,0x00,
    0x00,0x00,0x00,0x00,0x00,0x00,0x00,0x00,0x00,0x00,0x00,0x00,0x00,0x00,0x00,0x00,
    0x00,0x00,0x00,0x00,0x00,0x00,0x00,0x00,0x00,0x00,0x00,0x00,0x00,0x00,0x00,0x00,
    0x00,0x00,0x00,0x00,0x00,0x00,0x00,0x00,0x00,0x00,0x00,0x00,0x00,0x00,0x00,0x00,
    0x00,0x00,0x00,0x00,0x00,0x00,0x00,0x00,0x00,0x00,0x00,0x00,0x00,0x00,0x00,0x00,
    0x00,0x00,0x00,0x00,0x00,0x00,0x00,0x00,0x00,0x00,0x00,0x00,0x00,0x00,0x00,0x00,
    0x00,0x00,0x00,0x00,0x00,0x00,0x00,0x00,0x00,0x00,0x00,0x00,0x00,0x00,0x00,0x00,
    0x00,0x00,0x00,0x00,0x00,0x00,0x00,0x00,0x00,0x00,0x00,0x00,0x00,0x00,0x00,0x00,
    0x00,0x00,0x00,0x00,0x00,0x00,0x00,0x00,0x00,0x00,0x00,0x00,0x00,0x00,0x00,0x00,
    0x00,0x00,0x00,0x00,0x00,0x00,0x00,0x00,0x00,0x00,0x00,0x00,0x73,0x61,0x74,0x75,
    0x72,0x6E,0x00,0x00,0x00,0x00,0x00,0x00,0x00,0x00,0x00,0x00,0x00,0x00,0x00,0x00,
    0x00,0x00,0x03,0x60,0x00,0x10,0x00,0x00,0x00,0x00,0x00,0x3A,0x03,0x60,0x00,0x00,
    0x00,0x00,0x53,0x59,0x53,0x54,0x45,0x4D,0x00,0x00,0x00,0x00,0x70,0x00,0x7F,0xFF,
    0xFF,0xFF,0x00,0x00,0x00,0x00,0x00,0x00,0x00,0x00,0x10,0x10,0x20,0x20,0x20,0x20,
    0x20,0x20,0x20,0x20,0x20,0x20,0x20,0x20,0x20,0x20,0x20,0x20,0x00,0x00,0x00,0x00,
    0x00,0x00,0x00,0x00,0x00,0x00,0x00,0x00,0x00,0x00,0x00,0x00,0x00,0x00,0x00,0x00,
    0x00,0x00,0x00,0x00,0x00,0x00,0x00,0x00,0x00,0x00,0x00,0x00,0x00,0x00,0x00,0x00,
    0x00,0x00,0x00,0x00,0x00,0x00,0x00,0x00,0x00,0x00,0x00,0x00,0x00,0x00,0x00,0x00,
    0x00,0x00,0x00,0x00,0x00,0x00,0x00,0x00,0x00,0x00,0x00,0x00,0x00,0x00,0x00,0x00,
    0x00,0x00,0x00,0x00,0x00,0x00,0x00,0x00,0x00,0x00,0x00,0x00,0x00,0x00,0x00,0x00,
    0x00,0x00,0x00,0x00,0x00,0x00,0x00,0x00,0x00,0x00,0x00,0x00,0x00,0x00,0x00,0x00,
    0x00,0x00,0x00,0x00,0x00,0x00,0x00,0x00,0x00,0x00,0x00,0x00,0x00,0x00,0x00,0x00,
    0x00,0x00,0x00,0x00,0x00,0x00,0x00,0x00,0x00,0x00,0x00,0x00,0x00,0x00,0x00,0x00,
    0x00,0x00,0x00,0x00,0x00,0x00,0x00,0x00,0x00,0x00,0x00,0x00,0x00,0x00,0x00,0x00,
    0x00,0x00,0x00,0x00,0x00,0x00,0x00,0x00,0x00,0x00,0x00,0x00,0x00,0x00,0x00,0x00,
    0x00,0x00,0x00,0x00,0x00,0x00,0x00,0x00,0x00,0x00,0x00,0x00,0x00,0x00,0x00,0x00,
    0x00,0x00,0x00,0x00,0x00,0x00,0x00,0x00,0x00,0x00,0x00,0x00,0x00,0x00,0x00,0x00,
    0x00,0x00,0x00,0x00,0x00,0x00,0x00,0x00,0x00,0x00,0x00,0x00,0x00,0x00,0x00,0x00,
    0x00,0x00,0x00,0x00,0x00,0x00,0x00,0x00,0x00,0x00,0x00,0x00,0x00,0x00,0x00,0x00,
    0x00,0x00,0x00,0x00,0x00,0x00,0x00,0x00,0x00,0x00,0x00,0x00,0x00,0x00,0x00,0x00,
    0x00,0x00,0x00,0x00,0x00,0x00,0x00,0x00,0x00,0x00,0x00,0x00,0x00,0x00,0x00,0x00,
    0x00,0x00,0x00,0x00,0x00,0x00,0x00,0x00,0x00,0x00,0x00,0x00,0x00,0x00,0x00,0x00,
    0x00,0x00,0x00,0x00,0x00,0x00,0x00,0x00,0x00,0x00,0x00,0x00,0x00,0x00,0x00,0x00,
    0x00,0x00,0x00,0x00,0x00,0x00,0x00,0x00,0x00,0x00,0x00,0x00,0x00,0x00,0x00,0x00,
    0x00,0x00,0x00,0x00,0x00,0x00,0x00,0x00,0x00,0x00,0x00,0x00,0x00,0x00,0x00,0x00,
    0x00,0x00,0x00,0x00,0x00,0x00,0x00,0x00,0x00,0x00,0x00,0x00,0x00,0x00,0x00,0x00,
    0x00,0x00,0x00,0x00,0x00,0x00,0x00,0x00,0x00,0x00,0x00,0x00,0x00,0x00,0x00,0x00,
    0x00,0x00,0x00,0x00,0x00,0x00,0x00,0x00,0x00,0x00,0x00,0x00,0x00,0x00,0x00,0x00,
    0x00,0x00,0x00,0x00,0x00,0x00,0x00,0x00,0x00,0x00,0x00,0x00,0x00,0x00,0x00,0x00,
    0x00,0x00,0x00,0x00,0x00,0x00,0x00,0x00,0x00,0x00,0x00,0x00,0x00,0x00,0x00,0x00,
    0x00,0x00,0x00,0x00,0x00,0x00,0x00,0x00,0x00,0x00,0x00,0x00,0x00,0x00,0x00,0x00,
    0x00,0x00,0x00,0x00,0x00,0x00,0x00,0x00,0x00,0x00,0x00,0x00,0x00,0x00,0x00,0x00,
    0x00,0x00,0x00,0x00,0x00,0x00,0x00,0x00,0x00,0x00,0x00,0x00,0x00,0x00,0x00,0x00,
    0x00,0x00,0x00,0x00,0x00,0x00,0x00,0x00,0x00,0x00,0x00,0x00,0x00,0x00,0x00,0x00,
    0x00,0x00,0x00,0x00,0x00,0x00,0x00,0x00,0x00,0x00,0x00,0x00,0x00,0x00,0x00,0x00,
    0x00,0x00,0x00,0x00,0x00,0x00,0x00,0x00,0x00,0x00,0x00,0x00,0x00,0x00,0x00,0x00,
    0x00,0x00,0x00,0x00,0x00,0x00,0x00,0x00,0x00,0x00,0x00,0x00,0x00,0x00,0x00,0x00,
    0x00,0x00,0x00,0x00,0x00,0x00,0x00,0x00,0x00,0x00,0x00,0x00,0x00,0x00,0x00,0x00,
    0x00,0x00,0x00,0x00,0x00,0x00,0x00,0x00,0x00,0x00,0x00,0x00,0x00,0x00,0x00,0x00,
    0x00,0x00,0x00,0x00,0x00,0x00,0x00,0x00,0x00,0x00,0x00,0x00,0x00,0x00,0x00,0x00,
    0x00,0x00,0x00,0x00,0x00,0x00,0x00,0x00,0x00,0x00,0x00,0x00,0x00,0x00,0x00,0x00,
    0x00,0x00,0x00,0x00,0x00,0x00,0x00,0x00,0x00,0x00,0x00,0x00,0x00,0x00,0x00,0x00,
    0x00,0x00,0x00,0x00,0x00,0x00,0x00,0x00,0x00,0x00,0x00,0x00,0x00,0x00,0x00,0x00,
    0x00,0x00,0x00,0x00,0x00,0x00,0x00,0x00,0x00,0x00,0x00,0x00,0x00,0x00,0x00,0x00,
    0x00,0x00,0x00,0x00,0x00,0x00,0x00,0x00,0x00,0x00,0x00,0x00,0x00,0x00,0x00,0x00,
    0x00,0x00,0x00,0x00,0x00,0x00,0x00,0x00,0x00,0x00,0x00,0x00,0x00,0x00,0x00,0x00,
    0x00,0x00,0x00,0x00,0x00,0x00,0x00,0x00,0x00,0x00,0x00,0x00,0x00,0x00,0x00,0x00,
    0x00,0x00,0x00,0x00,0x00,0x00,0x00,0x00,0x00,0x00,0x00,0x00,0x00,0x00,0x00,0x00,
    0x00,0x00,0x00,0x00,0x00,0x00,0x00,0x00,0x00,0x00,0x00,0x00,0x00,0x00,0x00,0x00,
    0x00,0x00,0x00,0x00,0x00,0x00,0x00,0x00,0x00,0x00,0x00,0x00,0x00,0x00,0x00,0x00,
    0x00,0x00,0x00,0x00,0x00,0x00,0x00,0x00,0x00,0x00,0x00,0x00,0x00,0x00,0x00,0x00,
    0x00,0x00,0x00,0x00,0x00,0x00,0x00,0x00,0x00,0x00,0x00,0x00,0x00,0x00,0x00,0x00,
    0x00,0x00,0x00,0x00,0x00,0x00,0x00,0x00,0x00,0x00,0x00,0x00,0x00,0x00,0x00,0x00,
    0x00,0x00,0x00,0x00,0x00,0x00,0x00,0x00,0x00,0x00,0x00,0x00,0x00,0x00,0x00,0x00,
    0x00,0x00,0x00,0x00,0x00,0x00,0x00,0x00,0x00,0x00,0x00,0x00,0x00,0x00,0x00,0x00,
    0x00,0x00,0x00,0x00,0x00,0x00,0x00,0x10,0x00,0x00,0x03,0x60,0x00,0x00,0x00,0x00,
    0x00,0x00,0x00,0x00,0x02,0x00,0x00,0x00,0x00,0x00,0x00,0x00,0x00,0x00,0x00,0x00,
    0x00,0x00,0x00,0x00,0x00,0x00,0x00,0x00,0x00,0x00,0x00,0x00,0x00,0x00,0x00,0x00,
    0x00,0x00,0x00,0x00,0x00,0x00,0x00,0x00,0x00,0x00,0x00,0x00,0x00,0x00,0x00,0x00,
    0x00,0x00,0x00,0x00,0x00,0x00,0x00,0x00,0x00,0x00,0x00,0x00,0x00,0x00,0x00,0x00,
    0x00,0x00,0x00,0x00,0x00,0x00,0x00,0x00,0x00,0x00,0x00,0x00,0x00,0x00,0x00,0x00,
    0x00,0x00,0x00,0x00,0x00,0x00,0x00,0x00,0x00,0x00,0x00,0x00,0x00,0x00,0x00,0x00,
    0x00,0x00,0x00,0x00,0x00,0x00,0x00,0x00,0x03,0x00,0x00,0x00,0x00,0x00,0x00,0x00,
    0x02,0x01,0x00,0x00,0x17,0x00,0x00,0x00,0x00,0x00,0x00,0x00,0xBB,0xDE,0x09,0x2E,
    0x53,0x24,0x46,0x54,0x4C,0x46,0x30,0x30,0xFF,0xFF,0x00,0x00,0x00,0x00,0x00,0x00,
    0x00,0x00,0x00,0x00,0x00,0x00,0x00,0x00,0x00,0x00,0x00,0x00,0x00,0x00,0x00,0x00,
    0x00,0x00,0x00,0x00,0x00,0x00,0x00,0x00,0x00,0x00,0x00,0x00,0x00,0x00,0x00,0x00,
    0x00,0x00,0x00,0x00,0x00,0x88,0x0D,0x0A,0x00,0x00,0x00,0x00,0x00,0x00,0x00,0x00,
    0x00,0x00,0x00,0x00,0x00,0x00,0x00,0x00,0x00,0x00,0x00,0x00,0x00,0x00,0x00,0x00,
    0x00,0x00,0x00,0x00,0x00,0x00,0x00,0x00,0x00,0x00,0x00,0x00,0x00,0x00,0x00,0x00,
    0x00,0x00,0x00,0x00,0x00,0x00,0x00,0x00,0x00,0x00,0x00,0x00,0x00,0x00,0x00,0x00,
    0x00,0x00,0x00,0x00,0x00,0x00,0x00,0x00,0x00,0x00,0x00,0x00,0x00,0x00,0x00,0x00,
    0x00,0x00,0x00,0x00,0x00,0x00,0x00,0x00,0x00,0x00,0x00,0x00,0x00,0x00,0x00,0x00,
    0x00,0x00,0x00,0x00,0x00,0x00,0x00,0x00,0x00,0x00,0x00,0x00,0x00,0x00,0x00,0x00,
    0x00,0x00,0x00,0x00,0x00,0x00,0x00,0x00,0x00,0x00,0x00,0x00,0x00,0x00,0x00,0x00,
    0x00,0x00,0x00,0x00,0x00,0x00,0x00,0x00,0x00,0x00,0x00,0x00,0x00,0x00,0x00,0x00,
    0x00,0x00,0x00,0x00,0x00,0x00,0x00,0x00,0x00,0x00,0x00,0x00,0x00,0x00,0x00,0x00,
    0x00,0x00,0x00,0x00,0x00,0x00,0x00,0x00,0x00,0x00,0x00,0x00,0x00,0x00,0x00,0x00,
    0x00,0x00,0x00,0x00,0x00,0x00,0x00,0x00,0x00,0x00,0x00,0x00,0x00,0x00,0x00,0x00,
    0x00,0x00,0x00,0x00,0x04,0x00,0x00,0x00,0x00,0x00,0x00,0x00,0x00,0x00,0x00,0x00,
    0x00,0x00,0x00,0x00,0x00,0x00,0x00,0x00,0x00,0x00,0x00,0x00,0x00,0x00,0x00,0x00,
    0x00,0x00,0x00,0x00,0x00,0x00,0x00,0x00,0x00,0x00,0x00,0x00,0x00,0x00,0x00,0x00,
    0x00,0x00,0x00,0x00,0x00,0x00,0x00,0x00,0x00,0x00,0x00,0x00,0x00,0x00,0x00,0x00,
    0x00,0x00,0x00,0x00,0x00,0x00,0x00,0x00,0x00,0x00,0x00,0x00,0x00,0x00,0x00,0x00,
    0x00,0x00,0x00,0x00,0x00,0x00,0x00,0x00,0x00,0x00,0x00,0x00,0x00,0x00,0x00,0x00,
    0x00,0x00,0x00,0x00,0x00,0x00,0x00,0x00,0x00,0x00,0x00,0x00,0x00,0x00,0x00,0x00,
    0x00,0x00,0x00,0x00,0x00,0x00,0x00,0x00,0x00,0x00,0x00,0x00,0x00,0x00,0x00,0x00,
    0x00,0x00,0x00,0x00,0x00,0x00,0x00,0x00,0x00,0x00,0x00,0x00,0x00,0x00,0x00,0x00,
    0x00,0x00,0x00,0x00,0x00,0x00,0x00,0x00,0x00,0x00,0x00,0x00,0x00,0x00,0x00,0x00,
    0x00,0x00,0x00,0x00,0x00,0x00,0x00,0x00,0x00,0x00,0x00,0x00,0x00,0x00,0x00,0x00,
    0x00,0x00,0x00,0x00,0x00,0x00,0x00,0x00,0x00,0x00,0x00,0x00,0x00,0x00,0x00,0x00,
    0x00,0x00,0x00,0x00,0x00,0x00,0x00,0x00,0x00,0x00,0x00,0x00,0x00,0x00,0x00,0x00,
    0x00,0x00,0x00,0x00,0x00,0x00,0x00,0x00,0x00,0x00,0x00,0x00,0x00,0x00,0x00,0x00,
    0x00,0x00,0x00,0x00,0x00,0x00,0x00,0x00,0x00,0x00,0x00,0x00,0x00,0x00,0x00,0x00,
    0x00,0x00,0x00,0x00,0x00,0x00,0x00,0x00,0x00,0x00,0x00,0x00,0x00,0x00,0x00,0x00,
    0x00,0x00,0x00,0x00,0x00,0x00,0x00,0x00,0x00,0x00,0x00,0x00,0x00,0x00,0x00,0x00,
    0x00,0x00,0x00,0x00,0x00,0x00,0x00,0x00,0x00,0x00,0x00,0x00,0x00,0x00,0x00,0x00,
    0x00,0x00,0x00,0x00,0x00,0x00,0x00,0x00,0x00,0x00,0x00,0x00,0x00,0x00,0x00,0x00,
    0x00,0x00,0x00,0x00,0x00,0x00,0x00,0x00,0x00,0x00,0x00,0x00,0x00,0x00,0x00,0x00,
    0x00,0x00,0x00,0x00,0x00,0x00,0x00,0x00,0x00,0x00,0x00,0x00,0x00,0x00,0x00,0x00,
    0x00,0x00,0x00,0x00,0x00,0x00,0x00,0x00,0x00,0x00,0x00,0x00,0x00,0x00,0x00,0x00,
    0x00,0x00,0x00,0x00,0x00,0x00,0x00,0x00,0x00,0x00,0x00,0x00,0x00,0x00,0x00,0x00,
    0x00,0x00,0x00,0x00,0x00,0x00,0x00,0x00,0x00,0x00,0x00,0x00,0x00,0x00,0x00,0x00,
    0x00,0x00,0x00,0x00,0x00,0x00,0x00,0x00,0x00,0x00,0x00,0x00,0x00,0x00,0x00,0x00,
    0x00,0x00,0x00,0x00,0x00,0x00,0x00,0x00,0x00,0x00,0x00,0x00,0x00,0x00,0x00,0x00,
    0x00,0x00,0x00,0x00,0x00,0x00,0x00,0x00,0x00,0x00,0x00,0x00,0x00,0x00,0x00,0x00,
    0x00,0x00,0x00,0x00,0x00,0x00,0x00,0x00,0x00,0x00,0x00,0x00,0x00,0x00,0x00,0x00,
    0x00,0x00,0x00,0x00,0x00,0x00,0x00,0x00,0x00,0x00,0x00,0x00,0x00,0x00,0x00,0x00,
    0x00,0x00,0x00,0x00,0x00,0x00,0x00,0x00,0x00,0x00,0x00,0x00,0x00,0x00,0x00,0x00,
    0x00,0x00,0x00,0x00,0x00,0x00,0x00,0x00,0x00,0x00,0x00,0x00,0x00,0x00,0x00,0x00,
    0x00,0x00,0x00,0x00,0x00,0x00,0x00,0x00,0x00,0x00,0x00,0x00,0x00,0x00,0x00,0x00,
    0x00,0x00,0x00,0x00,0x00,0x00,0x00,0x00,0x00,0x00,0x00,0x00,0x00,0x00,0x00,0x00,
    0x00,0x00,0x00,0x00,0x00,0x00,0x00,0x00,0x00,0x00,0x00,0x00,0x00,0x00,0x00,0x00,
    0x00,0x00,0x00,0x00,0x00,0x00,0x00,0x00,0x00,0x00,0x00,0x00,0x00,0x00,0x00,0x00,
    0x00,0x00,0x00,0x00,0x00,0x00,0x00,0x00,0x00,0x00,0x00,0x00,0x00,0x00,0x00,0x00,
    0x00,0x00,0x00,0x00,0x00,0x00,0x00,0x00,0x00,0x00,0x00,0x00,0x00,0x00,0x00,0x00,
    0x00,0x00,0x00,0x00,0x00,0x00,0x00,0x00,0x00,0x00,0x00,0x00,0x00,0x00,0x00,0x00,
    0x00,0x00,0x00,0x00,0x00,0x00,0x00,0x00,0x00,0x00,0x00,0x00,0x00,0x00,0x00,0x00,
    0x00,0x00,0x00,0x00,0x00,0x00,0x00,0x00,0x00,0x00,0x00,0x00,0x00,0x00,0x00,0x00,
    0x00,0x00,0x00,0x00,0x00,0x00,0x00,0x00,0x00,0x00,0x00,0x00,0x00,0x00,0x00,0x00,
    0x00,0x00,0x00,0x00,0x00,0x00,0x00,0x00,0x00,0x00,0x00,0x00,0x00,0x00,0x00,0x00,
    0x00,0x00,0x00,0x00,0x00,0x00,0x00,0x00,0x00,0x00,0x00,0x00,0x00,0x00,0x00,0x00,
    0x00,0x00,0x00,0x00,0x00,0x00,0x00,0x00,0x00,0x00,0x00,0x00,0x00,0x00,0x00,0x00,
    0x00,0x00,0x00,0x00,0x00,0x00,0x00,0x00,0x00,0x00,0x00,0x00,0x00,0x00,0x00,0x00,
    0x00,0x00,0x00,0x00,0x00,0x00,0x00,0x00,0x00,0x00,0x00,0x00,0x00,0x00,0x00,0x00,
    0x00,0x00,0x00,0x00,0x00,0x00,0x00,0x00,0x00,0x00,0x00,0x00,0x00,0x00,0x00,0x00,
    0x00,0x00,0x00,0x00,0x00,0x00,0x00,0x00,0x00,0x00,0x00,0x00,0x00,0x00,0x00,0x00,
    0x00,0x00,0x00,0x00,0x00,0x00,0x00,0x00,0x00,0x00,0x00,0x00,0x00,0x00,0x00,0x00,
    0x00,0x00,0x00,0x00,0x81,0x54,0x61,0x68,0x65,0x5E,0x62,0x46,0x81,0x66,0x81,0x6C,
    0x00,0x00,0x00,0x00,0x00,0x00,0x00,0x00,0x00,0x00,0x00,0x00,0x00,0x00,0x00,0x00,
    0x00,0x00,0x00,0x00,0x00,0x00,0x00,0x00,0x00,0x00,0x00,0x00,0x00,0x00,0x00,0x00,
    0x00,0x00,0x00,0x00,0x00,0x00,0x00,0x00,0x00,0x00,0x00,0x00,0x00,0x00,0x00,0x00,
    0x00,0x00,0x00,0x05,0x55,0x4E,0x49,0x54,0x00,0x00,0x0A,0x00,0x00,0x00,0x00,0x00,
    0x00,0x00,0x00,0x00,0x00,0x00,0x00,0x00,0x00,0x00,0x00,0x00,0x00,0x00,0x00,0x00,
    0x00,0x00,0x00,0x00,0x00,0x00,0x00,0x00,0x00,0x00,0x00,0x00,0x00,0x00,0x00,0x00,
    0x00,0x00,0x00,0x00,0x00,0x00,0x00,0x00,0x00,0x00,0x00,0x00,0x00,0x00,0x00,0x00,
    0x00,0x00,0x00,0x00,0x00,0x00,0x00,0x00,0x00,0x00,0x00,0x00,0x00,0x00,0x00,0x00,
    0x00,0x00,0x00,0x00,0x00,0x00,0x00,0x00,0x00,0x00,0x00,0x00,0x00,0x00,0x00,0x00,
    0x00,0x00,0x00,0x00,0x00,0x00,0x00,0x00,0x00,0x00,0x00,0x00,0x00,0x00,0x00,0x00,
    0x00,0x00,0x00,0x00,0x00,0x00,0x00,0x00,0x00,0x00,0x00,0x00,0x00,0x00,0x00,0x00,
    0x00,0x00,0x00,0x00,0x00,0x00,0x00,0x00,0x00,0x00,0x00,0x00,0x00,0x00,0x00,0x00,
    0x00,0x00,0x00,0x00,0x00,0x00,0x00,0x00,0x00,0x00,0x00,0x00,0x00,0x00,0x00,0x00,
    0x00,0x00,0x00,0x00,0x00,0x00,0x00,0x00,0x00,0x00,0x00,0x00,0x00,0x00,0x00,0x00,
    0x00,0x00,0x00,0x00,0x00,0x00,0x00,0x00,0x00,0x00,0x00,0x00,0x00,0x00,0x00,0x00,
    0x00,0x00,0x00,0x00,0x00,0x00,0x00,0x00,0x00,0x00,0x00,0x00,0x00,0x00,0x00,0x00,
    0x00,0x00,0x00,0x00,0x00,0x00,0x00,0x00,0x00,0x00,0x00,0x00,0x00,0x00,0x00,0x00,
    0x00,0x00,0x00,0x00,0x00,0x00,0x00,0x00,0x00,0x00,0x00,0x00,0x00,0x00,0x00,0x00,
    0x00,0x00,0x00,0x00,0x00,0x00,0x00,0x00,0x00,0x00,0x00,0x00,0x00,0x00,0x00,0x00,
    0x00,0x00,0x00,0x00,0x00,0x00,0x00,0x00,0x00,0x00,0x00,0x00,0x00,0x00,0x00,0x00,
    0x00,0x00,0x00,0x00,0x00,0x00,0x00,0x00,0x00,0x00,0x00,0x00,0x00,0x00,0x00,0x00,
    0x00,0x00,0x00,0x00,0x00,0x00,0x00,0x00,0x00,0x00,0x00,0x00,0x00,0x00,0x00,0x00,
    0x00,0x00,0x00,0x00,0x00,0x00,0x00,0x00,0x00,0x00,0x00,0x00,0x00,0x00,0x00,0x00,
    0x00,0x00,0x00,0x00,0x00,0x00,0x00,0x00,0x00,0x00,0x00,0x00,0x00,0x00,0x00,0x00,
    0x00,0x00,0x00,0x00,0x00,0x00,0x00,0x00,0x00,0x00,0x00,0x00,0x00,0x00,0x00,0x00,
    0x00,0x00,0x00,0x00,0x00,0x00,0x00,0x00,0x00,0x00,0x00,0x00,0x00,0x00,0x00,0x00,
    0x00,0x00,0x00,0x00,0x00,0x00,0x00,0x00,0x00,0x00,0x00,0x00,0x00,0x00,0x00,0x00,
    0x00,0x00,0x00,0x00,0x00,0x00,0x00,0x00,0x00,0x00,0x00,0x00,0x00,0x00,0x00,0x00,
    0x00,0x00,0x00,0x00,0x00,0x00,0x00,0x00,0x00,0x00,0x00,0x00,0x00,0x00,0x00,0x00,
    0x00,0x00,0x00,0x00,0x00,0x00,0x00,0x00,0x00,0x00,0x00,0x00,0x00,0x00,0x00,0x00,
    0x00,0x00,0x00,0x00,0x00,0x00,0x00,0x00,0x00,0x00,0x00,0x00,0x00,0x00,0x00,0x00,
    0x00,0x00,0x00,0x00,0x00,0x00,0x00,0x00,0x00,0x00,0x00,0x00,0x00,0x00,0x00,0x00,
    0x00,0x00,0x00,0x00,0x00,0x00,0x00,0x00,0x00,0x00,0x00,0x00,0x00,0x00,0x00,0x00,
    0x00,0x00,0x00,0x00,0x00,0x00,0x00,0x00,0x00,0x00,0x00,0x00,0x00,0x00,0x00,0x00,
    0x00,0x00,0x00,0x00,0x00,0x00,0x00,0x00,0x00,0x00,0x00,0x00,0x00,0x00,0x00,0x00,
    0x00,0x00,0x00,0x00,0x00,0x00,0x00,0x00,0x00,0x00,0x00,0x00,0x00,0x00,0x00,0x00,
    0x00,0x00,0x00,0x00,0x00,0x00,0x00,0x00,0x00,0x00,0x00,0x00,0x00,0x00,0x00,0x00,
    0x00,0x00,0x00,0x00,0x00,0x00,0x00,0x00,0x00,0x00,0x00,0x00,0x00,0x00,0x00,0x00,
    0x00,0x00,0x00,0x00,0x00,0x00,0x00,0x00,0x00,0x00,0x00,0x00,0x00,0x00,0x00,0x00,
    0x00,0x00,0x00,0x00,0x00,0x00,0x00,0x00,0x00,0x00,0x00,0x00,0x00,0x00,0x00,0x00,
    0x00,0x00,0x00,0x00,0x00,0x00,0x00,0x00,0x00,0x00,0x00,0x00,0x00,0x00,0x00,0x00,
    0x00,0x00,0x00,0x00,0x00,0x00,0x00,0x00,0x00,0x00,0x00,0x00,0x00,0x00,0x00,0x00,
    0x00,0x00,0x00,0x00,0x00,0x00,0x00,0x00,0x00,0x00,0x00,0x00,0x00,0x00,0x00,0x00,
    0x00,0x00,0x00,0x00,0x00,0x00,0x00,0x00,0x00,0x00,0x00,0x00,0x00,0x00,0x00,0x00,
    0x00,0x00,0x00,0x00,0x00,0x00,0x00,0x00,0x00,0x00,0x00,0x00,0x00,0x00,0x00,0x00,
    0x00,0x00,0x00,0x00,0x00,0x00,0x00,0x00,0x00,0x00,0x00,0x00,0x00,0x00,0x00,0x00,
    0x00,0x00,0x00,0x00,0x00,0x00,0x00,0x00,0x00,0x00,0x00,0x00,0x00,0x00,0x00,0x00,
    0x00,0x00,0x00,0x00,0x00,0x00,0x00,0x00,0x00,0x00,0x00,0x00,0x00,0x00,0x00,0x00,
    0x00,0x00,0x00,0x00,0x00,0x00,0x00,0x00,0x00,0x00,0x00,0x00,0x00,0x00,0x00,0x00,
    0x00,0x00,0x00,0x00,0x00,0x00,0x00,0x00,0x00,0x00,0x00,0x00,0x00,0x00,0x00,0x00,
    0x00,0x00,0x00,0x00,0x00,0x00,0x00,0x00,0x00,0x00,0x00,0x00,0x00,0x00,0x00,0x00,
    0x00,0x00,0x00,0x00,0x00,0x00,0x00,0x00,0x00,0x00,0x00,0x00,0x00,0x00,0x00,0x00,
    0x00,0x00,0x00,0x00,0x00,0x00,0x00,0x00,0x00,0x00,0x00,0x00,0x00,0x00,0x00,0x00,
    0x00,0x00,0x00,0x00,0x00,0x00,0x00,0x00,0x00,0x00,0x00,0x00,0x00,0x00,0x00,0x00,
    0x00,0x00,0x00,0x00,0x00,0x00,0x00,0x00,0x00,0x00,0x00,0x00,0x00,0x00,0x00,0x00,
    0x00,0x00,0x00,0x00,0x00,0x00,0x00,0x00,0x00,0x00,0x00,0x00,0x00,0x00,0x00,0x00,
    0x00,0x00,0x00,0x00,0x00,0x00,0x00,0x00,0x00,0x00,0x00,0x00,0x00,0x00,0x00,0x00,
    0x00,0x00,0x00,0x00,0x00,0x00,0x00,0x00,0x00,0x00,0x00,0x00,0x00,0x00,0x00,0x00,
    0x00,0x00,0x00,0x00,0x00,0x00,0x00,0x00,0x00,0x00,0x00,0x00,0x00,0x00,0x00,0x00,
    0x00,0x00,0x00,0x00,0x00,0x00,0x00,0x00,0x00,0x00,0x00,0x00,0x00,0x00,0x00,0x00,
    0x00,0x00,0x00,0x00,0x00,0x00,0x00,0x00,0x00,0x00,0x00,0x00,0x00,0x00,0x00,0x00,
    0x00,0x00,0x00,0x00,0x00,0x00,0x00,0x00,0x00,0x00,0x00,0x00,0x00,0x00,0x00,0x00,
    0x00,0x00,0x00,0x00,0x00,0x00,0x00,0x00,0x00,0x00,0x00,0x00,0x00,0x00,0x00,0x00,
    0x00,0x00,0x00,0x00,0x00,0x00,0x00,0x00,0x00,0x00,0x00,0x00,0x00,0x00,0x00,0x00,
    0x00,0x00,0x00,0x00,0x00,0x00,0x00,0x00,0x00,0x00,0x00,0x00,0x00,0x00,0x00,0x00,
    0x00,0x00,0x00,0x00,0x00,0x00,0x00,0x00,0x00,0x00,0x00,0x00,0x00,0x00,0x00,0x00,
    0x00,0x00,0x00,0x00,0x00,0x00,0x00,0x00,0x00,0x00,0x00,0x00,0x00,0x00,0x00,0x00,
    0x00,0x00,0x00,0x00,0x00,0x00,0x00,0x00,0x00,0x00,0x00,0x00,0x00,0x00,0x00,0x00,
    0x00,0x00,0x00,0x00,0x00,0x00,0x00,0x00,0x00,0x00,0x00,0x00,0x00,0x00,0x00,0x00,
    0x00,0x00,0x00,0x00,0x00,0x00,0x00,0x00,0x00,0x00,0x00,0x00,0x00,0x00,0x00,0x00,
    0x00,0x00,0x00,0x00,0x00,0x00,0x00,0x00,0x00,0x00,0x00,0x00,0x00,0x00,0x00,0x00,
    0x00,0x00,0x00,0x00,0x00,0x00,0x00,0x00,0x00,0x00,0x00,0x00,0x00,0x00,0x00,0x00,
    0x00,0x00,0x00,0x00,0x00,0x00,0x00,0x00,0x00,0x00,0x00,0x00,0x00,0x00,0x00,0x00,
    0x00,0x00,0x00,0x00,0x00,0x00,0x00,0x00,0x00,0x00,0x00,0x00,0x00,0x00,0x00,0x00,
    0x00,0x00,0x00,0x00,0x00,0x00,0x00,0x00,0x00,0x00,0x00,0x00,0x00,0x00,0x00,0x00,
    0x00,0x00,0x00,0x00,0x00,0x00,0x00,0x00,0x00,0x00,0x00,0x00,0x00,0x00,0x00,0x00,
    0x00,0x00,0x00,0x00,0x00,0x00,0x00,0x00,0x00,0x00,0x00,0x00,0x00,0x00,0x00,0x00,
    0x00,0x00,0x00,0x00,0x00,0x00,0x00,0x00,0x00,0x00,0x00,0x00,0x00,0x00,0x00,0x00,
    0x00,0x00,0x00,0x00,0x00,0x00,0x00,0x00,0x00,0x00,0x00,0x00,0x00,0x00,0x00,0x00,
    0x00,0x00,0x00,0x00,0x00,0x00,0x00,0x00,0x00,0x00,0x00,0x00,0x00,0x00,0x00,0x00,
    0x00,0x0F,0x00,0x00,0x00,0x00,0x03,0x60,0x00,0x00,0x00,0x00,0x00,0x00,0x17,0x00,
    0x00,0x00,0x00,0x00,0x15,0x00,0x01,0x02,0x0F,0x00,0x03,0x60,0x54,0x43,0x41,0x46,
    0x49,0x4C,0x44,0x53,0x43,0x20,0x00,0x00,0x00,0x00,0x00,0x00,0x00,0x00,0x00,0x00,
    0x00,0x00,0x00,0x00,0x00,0x00,0x00,0x00,0x00,0x00,0x00,0x00,0x00,0x00,0x00,0x00,
    0x00,0x00,0x00,0x00,0x00,0x00,0x00,0x00,0x00,0x00,0x66,0x36,0x65,0xCA,0x0C,0x00,
    0x00,0x00,0x00,0x00,0x00,0x04,0x00,0x00,0x00,0x00,0x00,0x00,0x00,0x00,0x00,0x00,
    0x00,0x00,0x00,0x00,0x00,0x00,0x00,0x00,0x00,0x00,0x00,0x00,0x00,0x00,0x00,0x00,
    0x00,0x00,0x00,0x00,0x00,0x00,0x00,0x00,0x00,0x00,0x00,0x00,0x00,0x00,0x00,0x00,
    0x00,0x00,0x00,0x00,0x00,0x00,0x00,0x00,0x00,0x00,0x00,0x00,0x00,0x00,0x00,0x00,
    0x00,0x00,0x00,0x00,0x00,0x00,0x00,0x00,0x00,0x00,0x00,0x00,0x00,0x00,0x00,0x00,
    0x00,0x00,0x00,0x00,0x00,0x00,0x00,0x00,0x00,0x00,0x00,0x00,0x00,0x00,0x00,0x00,
    0x00,0x00,0x00,0x00,0x00,0x00,0x00,0x00,0x00,0x00,0x00,0x00,0x00,0x00,0x00,0x00,
    0x00,0x00,0x00,0x00,0x00,0x00,0x00,0x00,0x00,0x00,0x00,0x00,0x00,0x00,0x00,0x00,
    0x00,0x00,0x00,0x00,0x00,0x00,0x00,0x00,0x00,0x00,0x00,0x00,0x00,0x00,0x00,0x00,
    0x00,0x00,0x00,0x00,0x00,0x00,0x00,0x00,0x00,0x00,0x00,0x00,0x00,0x00,0x00,0x00,
    0x00,0x00,0x00,0x00,0x00,0x00,0x00,0x00,0x00,0x00,0x00,0x00,0x00,0x00,0x00,0x00,
    0x00,0x00,0x00,0x00,0x00,0x00,0x00,0x00,0x00,0x00,0x00,0x00,0x00,0x00,0x00,0x00,
    0x00,0x00,0x00,0x00,0x00,0x00,0x00,0x00,0x00,0x00,0x00,0x00,0x00,0x00,0x00,0x00,
    0x00,0x00,0x00,0x00,0x00,0x00,0x00,0x00,0x00,0x00,0x00,0x00,0x00,0x00,0x00,0x00,
    0x00,0x00,0x00,0x00,0x00,0x00,0x00,0x00,0x00,0x00,0x00,0x00,0x00,0x00,0x00,0x00,
    0x00,0x00,0x00,0x00,0x00,0x00,0x00,0x00,0x00,0x00,0x00,0x00,0x00,0x00,0x00,0x00,
    0x00,0x00,0x00,0x00,0x00,0x00,0x00,0x00,0x00,0x00,0x00,0x00,0x00,0x00,0x00,0x00,
    0x00,0x00,0x00,0x00,0x00,0x00,0x00,0x00,0x00,0x00,0x00,0x00,0x00,0x00,0x00,0x00,
    0x00,0x00,0x00,0x05,0x00,0x00,0x00,0x00,0x00,0x01,0x00,0x00,0x00,0x00,0x00,0x00,
    0x00,0x00,0x00,0x03,0x00,0x67,0x00,0x04,0x00,0x05,0x00,0x00,0x00,0x08,0x00,0x07,
    0x00,0x6B,0x00,0x00,0x00,0x0C,0x00,0x32,0x00,0x0B,0x00,0x00,0x00,0x00,0x00,0x00,
    0x00,0x19,0x00,0x00,0x00,0x18,0x00,0x00,0x00,0x33,0x00,0x34,0x00,0x35,0x00,0x36,
    0x00,0x00,0x00,0x00,0x00,0x00,0x00,0x00,0x00,0x1B,0x00,0x00,0x00,0x00,0x00,0x00,
    0x00,0x00,0x00,0x00,0x00,0x00,0x00,0x00,0x00,0x00,0x00,0x00,0x00,0x00,0x00,0x00,
    0x00,0x00,0x00,0x00,0x00,0x00,0x00,0x00,0x00,0x00,0x00,0x00,0x00,0x00,0x00,0x00,
    0x00,0x00,0x00,0x00,0x00,0x00,0x00,0x00,0x00,0x00,0x00,0x00,0x00,0x00,0x00,0x00,
    0x00,0x00,0x00,0x00,0x00,0x00,0x00,0x00,0x00,0x7D,0x00,0x00,0x00,0x00,0x00,0x00,
    0x00,0x00,0x00,0x00,0x00,0x00,0x00,0x00,0x00,0x00,0x00,0x00,0x00,0x00,0x00,0x00,
    0x00,0x00,0x00,0x00,0x00,0x00,0x00,0x00,0x00,0x00,0x00,0x00,0x00,0x00,0x00,0x00,
    0x00,0x00,0x00,0x00,0x00,0x00,0x00,0x00,0x00,0x00,0x00,0x38,0x00,0x00,0x00,0x09,
    0x00,0x39,0x00,0x0A,0x00,0x1D,0x00,0x00,0x00,0x00,0x00,0x3B,0x00,0x0D,0x00,0x00,
    0x00,0x0E,0x00,0x00,0x00,0x00,0x00,0x10,0x00,0x00,0x00,0x00,0x00,0x17,0x00,0x7F,
    0x00,0x1A,0x00,0x00,0x00,0x00,0x00,0x00,0x00,0x00,0x00,0x00,0x00,0x20,0x00,0x00,
    0x00,0x1F,0x00,0x00,0x00,0x83,0x00,0x84,0x00,0x00,0x00,0x00,0x00,0x00,0x00,0x25,
    0x00,0x3F,0x00,0x00,0x00,0x00,0x00,0x23,0x00,0x00,0x00,0x00,0x00,0x00,0x00,0x00,
    0x00,0x00,0x00,0x00,0x00,0x00,0x00,0x00,0x00,0x00,0x00,0x26,0x00,0x00,0x00,0x00,
    0x00,0x72,0x00,0x8C,0x00,0x1E,0x00,0x32,0x00,0x00,0x00,0x00,0x00,0x12,0x00,0x00,
    0x00,0x00,0x00,0x00,0x00,0x00,0x00,0x13,0x00,0x1B,0x00,0x21,0x00,0x2C,0x00,0x40,
    0x00,0x72,0x00,0x00,0x00,0x00,0x00,0x00,0x00,0x00,0x00,0x00,0x00,0x00,0x00,0x00,
    0x00,0x00,0x00,0x00,0x00,0x09,0x00,0x00,0x00,0x00,0x00,0x00,0x00,0x0F,0x00,0x00,
    0xFF,0xFF,0x00,0x00,0xFF,0xFF,0x00,0x1B,0xFF,0xFF,0x00,0x00,0x00,0x00,0x00,0x00,
    0xFF,0xFF,0x00,0x00,0x00,0x00,0x00,0x00,0x00,0x00,0x00,0x00,0xFF,0xFF,0xFF,0xFF,
    0x00,0x43,0xFF,0xFF,0x00,0x6E,0x00,0x00,0xFF,0xFF,0xFF,0xFF,0x00,0x79,0x00,0x7A,
    0x00,0x7A,0x00,0x00,0xFF,0xFF,0xFF,0xFF,0xFF,0xFF,0xFF,0xFF,0x00,0x00,0xFF,0xFF,
    0x00,0x00,0x00,0x00,0x00,0x00,0x00,0x00,0x00,0x00,0x00,0x00,0x00,0x00,0x00,0x00,
    0x00,0x00,0x00,0x00,0x00,0x00,0x00,0x00,0x00,0x00,0x00,0x00,0x00,0x00,0x00,0x00,
    0x00,0x00,0x00,0x00,0x00,0x00,0x00,0x00,0x00,0x00,0x00,0x79,0x00,0x00,0xFF,0xFF,
    0x00,0x00,0x00,0x00,0x00,0x09,0x00,0x00,0x00,0x00,0x00,0x00,0x00,0x0F,0x00,0x00,
    0xFF,0xFF,0x00,0x00,0xFF,0xFF,0x00,0x1B,0xFF,0xFF,0x00,0x00,0x00,0x00,0x00,0x00,
    0xFF,0xFF,0x00,0x00,0x00,0x00,0x00,0x00,0x00,0x00,0x00,0x00,0xFF,0xFF,0xFF,0xFF,
    0x00,0x43,0xFF,0xFF,0x00,0x6E,0x00,0x00,0xFF,0xFF,0xFF,0xFF,0x00,0x79,0x00,0x7A,
    0x00,0x7A,0x00,0x00,0xFF,0xFF,0xFF,0xFF,0xFF,0xFF,0xFF,0xFF,0x00,0x00,0xFF,0xFF,
    0x00,0x00,0x00,0x00,0x00,0x00,0x00,0x00,0x00,0x00,0x00,0x00,0x00,0x00,0x00,0x00,
    0x00,0x00,0x00,0x00,0x00,0x00,0x00,0x00,0x00,0x00,0x00,0x00,0x00,0x00,0x00,0x00,
    0x00,0x00,0x00,0x00,0x00,0x00,0x00,0x00,0x00,0x00,0x00,0x79,0x00,0x00,0xFF,0xFF,
    0x00,0x00,0x00,0x00,0x00,0x00,0x00,0x00,0x00,0x00,0x00,0x00,0x00,0x00,0x00,0x00,
    0x00,0x00,0x00,0x00,0x00,0x00,0x00,0x00,0x00,0x00,0x00,0x00,0x00,0x00,0x00,0x00,
    0x00,0x00,0x00,0x00,0x00,0x00,0x00,0x00,0x00,0x00,0x00,0x00,0x00,0x00,0x00,0x00,
    0x00,0x00,0x00,0x00,0x00,0x00,0x00,0x00,0x00,0x00,0x00,0x00,0x00,0x00,0x00,0x00,
    0x00,0x00,0x00,0x00,0x00,0x00,0x00,0x00,0x00,0x00,0x00,0x00,0x00,0x00,0x00,0x00,
    0x00,0x00,0x00,0x00,0x00,0x00,0x00,0x00,0x27,0x0F,0x27,0x0F,0x00,0x04,0x00,0x05,
    0x00,0x08,0x00,0x4B,0x00,0x19,0x00,0x14,0x00,0x00,0x00,0x00,0x00,0x0A,0x00,0x05,
    0x00,0x02,0x00,0x02,0x00,0x02,0x00,0x04,0x00,0x05,0x00,0x03,0x00,0x00,0x00,0x00,
    0x00,0x00,0x00,0x00,0x00,0x3E,0x00,0x12,0x00,0x14,0x00,0xB0,0x00,0xB2,0x00,0xB4,
    0x00,0x00,0x00,0x00,0x00,0x00,0x00,0x00,0x00,0x3F,0x00,0x13,0x00,0x15,0x00,0xB1,
    0x00,0xB3,0x00,0xB5,0x00,0x00,0x00,0x00,0x00,0x00,0x00,0x00,0x01,0x4A,0x00,0x02,
    0x00,0x13,0x00,0x00,0x00,0x00,0x00,0x00,0x00,0x00,0x00,0x00,0x00,0x00,0x00,0x00,
    0x00,0x28,0x00,0x00,0x00,0x00,0x00,0x3C,0x00,0x00,0x00,0x00,0x00,0x00,0x00,0x00,
    0x00,0x00,0x00,0x14,0x00,0x00,0x00,0x00,0x00,0x00,0x00,0x00,0x00,0x00,0x00,0x00,
    0x00,0x00,0x00,0x00,0x00,0x00,0x00,0x3A,0x00,0x00,0x00,0x3E,0x00,0x21,0x00,0x00,
    0x00,0x00,0x00,0x40,0x00,0x00,0x00,0x00,0x00,0x00,0x00,0x00,0x00,0x00,0x00,0x00,
    0x00,0x00,0x00,0x00,0x00,0x00,0x00,0x00,0x00,0x00,0x00,0x00,0x00,0x00,0x00,0x00,
    0x00,0x00,0x00,0x70,0x00,0x00,0x00,0x00,0x00,0x00,0x00,0x00,0x00,0x00,0x00,0x00,
    0x00,0x00,0x00,0x00,0x00,0x00,0x00,0x00,0x00,0x00,0x00,0x00,0x00,0x00,0x00,0x00,
    0x00,0x00,0x00,0x00,0x00,0x00,0x00,0x00,0x00,0x00,0x00,0x00,0x00,0x00,0x00,0x00,
    0x00,0x00,0x00,0x00,0x00,0x00,0x00,0x00,0x00,0x00,0x00,0x00,0x00,0x00,0x00,0x00,
    0x00,0x00,0x00,0x00,0x00,0x00,0x00,0x00,0x00,0x00,0x00,0x00,0x00,0x00,0x00,0x00,
    0x00,0x00,0x00,0x00,0x00,0x00,0x00,0x00,0x00,0x00,0x00,0x00,0x00,0x00,0x00,0x00,
    0x00,0x00,0x00,0x00,0x00,0x00,0x00,0x00,0x00,0x00,0x00,0x00,0x00,0x00,0x00,0x00,
    0x00,0x00,0x00,0x00,0x00,0x00,0x00,0x00,0x00,0x00,0x00,0x00,0x00,0x00,0x00,0x00,
    0x00,0x00,0x00,0x00,0x00,0x00,0x00,0x00,0x00,0x00,0x00,0x00,0x00,0x00,0x00,0x00,
    0x00,0x00,0x00,0x00,0x00,0x00,0x00,0x00,0x00,0x00,0x00,0x00,0x00,0x00,0x00,0x00,
    0x00,0x00,0x00,0xA2,0x00,0x85,0x00,0x00,0x00,0x00,0x00,0x00,0x00,0x00,0x00,0x00,
    0x00,0x00,0x00,0x00,0x00,0x00,0x00,0x00,0x00,0x00,0x00,0x00,0x00,0x00,0x00,0x00,
    0x00,0x00,0x00,0x00,0x00,0x00,0x00,0x00,0x00,0x00,0x00,0x00,0x00,0x00,0x00,0x00,
    0x00,0x00,0x00,0x00,0x00,0x00,0x00,0x00,0x00,0x00,0x00,0x00,0x00,0x00,0x00,0x00,
    0x00,0x00,0x00,0x00,0x00,0x00,0x00,0x00,0x00,0x00,0x00,0x00,0x00,0x00,0x00,0x00,
    0x00,0x00,0x00,0x00,0x00,0x00,0x00,0x00,0x00,0x00,0x00,0x00,0x00,0x00,0x00,0x00,
    0x00,0x00,0x00,0x00,0x00,0x00,0x00,0x00,0x00,0x00,0x00,0x00,0x00,0x00,0x00,0x00,
    0x00,0x00,0x00,0x00,0x00,0x00,0x00,0x00,0x00,0x00,0x00,0x00,0x00,0x00,0x00,0x00,
    0x00,0x00,0x00,0x00,0x00,0x00,0x00,0x00,0x00,0x00,0x00,0x00,0x00,0x00,0x00,0x00,
    0x00,0x00,0x00,0x00,0x00,0x00,0x00,0x00,0x00,0x01,0x00,0x05,0x00,0x00,0x00,0x00,
    0x00,0x00,0x00,0x00,0x00,0x00,0x00,0x00,0x00,0x00,0x00,0x00,0x00,0x00,0x00,0x00,
    0x00,0x00,0x00,0x03,0x00,0x03,0x00,0x08,0x00,0x0A,0x00,0x0B,0x00,0x00,0x00,0x0E,
    0x00,0x0D,0x00,0x5E,0x00,0x60,0x00,0x13,0x00,0x11,0x00,0x65,0x00,0x67,0x00,0x00,
    0x00,0x6A,0x00,0x00,0x00,0x00,0x00,0x03,0x00,0x03,0x00,0x00,0x00,0x00,0x00,0x6D,
    0x00,0x19,0x00,0x17,0x00,0x6F,0x00,0x23,0x00,0x00,0x00,0x61,0x00,0x00,0x00,0x77,
    0x00,0x75,0x00,0x75,0x00,0x00,0x00,0x82,0x00,0x00,0x00,0x7E,0x00,0x8C,0x00,0x00,
    0x00,0x60,0x00,0x00,0x00,0x00,0x00,0x00,0x00,0x00,0x00,0x00,0x00,0x00,0x00,0x00,
    0x00,0x00,0x00,0x00,0x00,0x12,0x00,0x1B,0x00,0x1C,0x00,0x1D,0x00,0x1E,0x00,0x00,
    0x00,0x5C,0x00,0x5F,0x00,0x61,0x00,0x64,0x00,0x65,0x00,0x00,0x00,0x77,0x00,0x7F,
    0x00,0x82,0x00,0x03,0x00,0x03,0x00,0x08,0x00,0x0A,0x00,0x0B,0x00,0x00,0x00,0x0E,
    0x00,0x0D,0x00,0x5E,0x00,0x60,0x00,0x13,0x00,0x11,0x00,0x65,0x00,0x67,0x00,0x00,
    0x00,0x6A,0x00,0x00,0x00,0x00,0x00,0x03,0x00,0x03,0x00,0x00,0x00,0x00,0x00,0x6D,
    0x00,0x19,0x00,0x17,0x00,0x6F,0x00,0x23,0x00,0x00,0x00,0x61,0x00,0x00,0x00,0x77,
    0x00,0x75,0x00,0x75,0x00,0x00,0x00,0x82,0x00,0x00,0x00,0x7E,0x00,0x8C,0x00,0x00,
    0x00,0x60,0x00,0x00,0x00,0x00,0x00,0x00,0x00,0x00,0x00,0x00,0x00,0x00,0x00,0x00,
    0x00,0x00,0x00,0x00,0x00,0x12,0x00,0x1B,0x00,0x1C,0x00,0x1D,0x00,0x1E,0x00,0x00,
    0x00,0x5C,0x00,0x5F,0x00,0x61,0x00,0x64,0x00,0x65,0x00,0x00,0x00,0x77,0x00,0x7F,
    0x00,0x82,0x00,0x00,0x00,0x00,0x00,0x00,0x00,0x00,0x00,0x00,0x00,0x00,0x00,0x00,
    0x00,0x00,0x00,0x00,0x00,0x00,0x00,0x00,0x00,0x00,0x00,0x00,0x00,0x00,0x00,0x00,
    0x00,0x00,0x00,0x00,0x00,0x00,0x00,0x00,0x00,0x00,0x00,0x00,0x00,0x00,0x00,0x00,
    0x00,0x00,0x00,0x00,0x00,0x00,0x00,0x00,0x00,0x00,0x00,0x00,0x00,0x00,0x00,0x00,
    0x00,0x00,0x00,0x00,0x00,0x00,0x00,0x00,0x00,0x00,0x00,0x00,0x00,0x00,0x00,0x00,
    0x00,0x00,0x00,0x00,0x00,0x00,0x00,0x00,0x00,0x00,0x00,0x00,0x00,0x00,0x00,0x00,
    0x00,0x00,0x00,0x00,0xFF,0xFF,0xFF,0xFF,0xFF,0xFF,0xFF,0xFF,0xFF,0xFF,0xFF,0xFF,
    0xFF,0xFF,0xFF,0xFF,0xFF,0xFF,0xFF,0xFF,0xFF,0xFF,0xFF,0xFF,0xFF,0xFF,0xFF,0xFF,
    0xFF,0xFF,0x26,0xB6,0x26,0xD4,0x27,0x03,0x27,0x1F,0x27,0x40,0x27,0x69,0x27,0x92,
    0x27,0xBF,0x27,0xF9,0x28,0x3D,0x28,0x5C,0x28,0x8C,0x28,0xBE,0x28,0xFF,0x29,0x2C,
    0x29,0x87,0x00,0x00,0x00,0x00,0x29,0xB5,0x29,0xC8,0x2A,0x04,0x2A,0x10,0x2A,0x1B,
    0x2A,0x25,0x2B,0x08,0x2B,0x72,0x2B,0x7E,0x2B,0xAA,0x2B,0xE1,0x2B,0xEE,0x2B,0xF8,
    0x2C,0x6A,0x2C,0xDE,0x2D,0x41,0x2D,0x5B,0x2D,0xD6,0x2E,0x2B,0x2E,0x3C,0x2E,0x83,
    0x2E,0xB8,0x00,0x00,0x00,0x00,0x00,0x00,0x00,0x00,0x00,0x00,0x00,0x00,0x00,0x00,
    0x00,0x00,0x00,0x00,0x2E,0xC8,0x2E,0xED,0x2F,0x05,0x2F,0x1F,0x2F,0x41,0x2F,0x57,
    0x2F,0x74,0x2F,0xB0,0x2F,0xD0,0x30,0x43,0x30,0x6A,0x30,0x91,0x30,0xB1,0x30,0xEC,
    0x31,0x04,0xFF,0xFF,0x00,0x00,0x00,0x00,0x00,0x00,0x00,0x03,0x00,0x00,0x00,0x00,
    0x00,0x0F,0x00,0x00,0x00,0x00,0x00,0x00,0x00,0x00,0x00,0x00,0x00,0x00,0x00,0x00,
    0x00,0x00,0x00,0x00,0x00,0x00,0x00,0x00,0x00,0x00,0x00,0x00,0x00,0x00,0x00,0x00,
    0x00,0x00,0x00,0x00,0x00,0x00,0x00,0x00,0x00,0x00,0x00,0x00,0x00,0x00,0x00,0x00,
    0x00,0x00,0x00,0x00,0x00,0x00,0x00,0x00,0x00,0x00,0x00,0x00,0x00,0x00,0x00,0x00,
    0x00,0x00,0x00,0x00,0x00,0x00,0x00,0x00,0x00,0x00,0x00,0x00,0x00,0x00,0x00,0x00,
    0x00,0x00,0x00,0x00,0x00,0x00,0x00,0x00,0x00,0x00,0x00,0x00,0x00,0x00,0x00,0x00,
    0x00,0x00,0x00,0x00,0x00,0x00,0x00,0x00,0x00,0x00,0x00,0x00,0x00,0x00,0x00,0x00,
    0x00,0x00,0x00,0x00,0x00,0x00,0x00,0x00,0x00,0x00,0x00,0x00,0x00,0x00,0x00,0x00,
    0x00,0x00,0x00,0x00,0x00,0x00,0x00,0x00,0x00,0x00,0x00,0x00,0x00,0x00,0x00,0x00,
    0x00,0x00,0x00,0x00,0x00,0x00,0x00,0x00,0x00,0x00,0x00,0x00,0x00,0x00,0x00,0x00,
    0x00,0x00,0x00,0x00,0x00,0x00,0x00,0x00,0x00,0x00,0x00,0x00,0x00,0x00,0x00,0x00,
    0x00,0x00,0x00,0x00,0x00,0x00,0x00,0x00,0x00,0x00,0x00,0x00,0x00,0x00,0x00,0x00,
    0x00,0x00,0x00,0x00,0x00,0x00,0x00,0x00,0x00,0x00,0x00,0x00,0x00,0x00,0x00,0x00,
    0x00,0x00,0x00,0x00,0x00,0x00,0x00,0x00,0x00,0x00,0x00,0x00,0x00,0x00,0x00,0x00,
    0x00,0x00,0x00,0x00,0x00,0x00,0x00,0x00,0x00,0x00,0x00,0x00,0x00,0x00,0x00,0x00,
    0x00,0x00,0x00,0x00,0x00,0x00,0x00,0x00,0x00,0x00,0x00,0x00,0x00,0x00,0x00,0x00,
    0x00,0x00,0x00,0x00,0x00,0x00,0x00,0x00,0x00,0x00,0x00,0x00,0x00,0x00,0x00,0x00,
    0x00,0x00,0x00,0x00,0x00,0x00,0x00,0x00,0x00,0x00,0x00,0x00,0x00,0x00,0x00,0x00,
    0x00,0x00,0x00,0x00,0x00,0x00,0x00,0x00,0x00,0x00,0x00,0x00,0x00,0x00,0x00,0x00,
    0x00,0x00,0x00,0x00,0x00,0x00,0x00,0x00,0x00,0x00,0x00,0x00,0x00,0x00,0x00,0x00,
    0x00,0x00,0x00,0x00,0x00,0x00,0x00,0x00,0x00,0x00,0x00,0x00,0x00,0x00,0x00,0x00,
    0x00,0x00,0x00,0x00,0x00,0x00,0x00,0x00,0x00,0x00,0x00,0x00,0x00,0x00,0x00,0x00,
    0x00,0x00,0x00,0x00,0x00,0x00,0x00,0x00,0x00,0x00,0x00,0x00,0x00,0x00,0x00,0x00,
    0x00,0x00,0x00,0x00,0x00,0x00,0x00,0x00,0x00,0x00,0x00,0x00,0x00,0x00,0x00,0x00,
    0x00,0x00,0x00,0x00,0x00,0x00,0x00,0x00,0x00,0x00,0x00,0x00,0x00,0x00,0x00,0x00,
    0x00,0x00,0x00,0x00,0x00,0x00,0x00,0x00,0x00,0x00,0x00,0x00,0x00,0x00,0x00,0x00,
    0x00,0x00,0x00,0x00,0x00,0x00,0x00,0x00,0x00,0x00,0x00,0x00,0x00,0x00,0x00,0x00,
    0x00,0x00,0x00,0x00,0x00,0x00,0x00,0x00,0x00,0x00,0x00,0x00,0x00,0x00,0x00,0x00,
    0x00,0x00,0x00,0x00,0x00,0x00,0x00,0x00,0x00,0x00,0x00,0x00,0x00,0x00,0x00,0x00,
    0x00,0x00,0x00,0x00,0x00,0x00,0x00,0x00,0x00,0x00,0x00,0x00,0x00,0x00,0x00,0x00,
    0x00,0x00,0x00,0x00,0x00,0x00,0x00,0x00,0x00,0x00,0x00,0x00,0x00,0x00,0x00,0x00,
    0x00,0x00,0x00,0x00,0x00,0x00,0x00,0x00,0x00,0x00,0x00,0x00,0x00,0x00,0x00,0x00,
    0x00,0x00,0x00,0x00,0x00,0x00,0x00,0x00,0x00,0x00,0x00,0x00,0x00,0x00,0x00,0x00,
    0x00,0x00,0x00,0x00,0x00,0x00,0x00,0x00,0x00,0x00,0x00,0x00,0x00,0x00,0x00,0x00,
    0x00,0x00,0x00,0x00,0x00,0x00,0x00,0x00,0x00,0x00,0x00,0x00,0x00,0x00,0x00,0x00,
    0x00,0x00,0x00,0x00,0x00,0x00,0x00,0x00,0x00,0x00,0x00,0x00,0x00,0x00,0x00,0x00,
    0x00,0x00,0x00,0x00,0x00,0x00,0x00,0x00,0x00,0x00,0x00,0x00,0x00,0x00,0x00,0x00,
    0x00,0x00,0x00,0x00,0x00,0x00,0x00,0x00,0x00,0x00,0x00,0x00,0x00,0x00,0x00,0x00,
    0x00,0x00,0x00,0x00,0x00,0x00,0x00,0x00,0x00,0x00,0x00,0x00,0x00,0x00,0x00,0x00,
    0x00,0x00,0x00,0x00,0x00,0x00,0x00,0x00,0x00,0x00,0x00,0x00,0x00,0x00,0x00,0x00,
    0x00,0x00,0x00,0x00,0x00,0x00,0x00,0x00,0x00,0x00,0x00,0x00,0x00,0x00,0x00,0x00,
    0x00,0x00,0x00,0x00,0x00,0x00,0x00,0x00,0x00,0x00,0x00,0x00,0x00,0x00,0x00,0x00,
    0x00,0x00,0x00,0x00,0x00,0x00,0x00,0x00,0x00,0x00,0x00,0x00,0x00,0x00,0x00,0x00,
    0x00,0x00,0x00,0x00,0x00,0x00,0x00,0x00,0x00,0x00,0x00,0x00,0x00,0x00,0x00,0x00,
    0x00,0x00,0x00,0x00,0x00,0x00,0x00,0x00,0x00,0x00,0x00,0x00,0x00,0x00,0x00,0x00,
    0x00,0x00,0x00,0x00,0x00,0x00,0x00,0x00,0x00,0x00,0x00,0x00,0x00,0x00,0x00,0x00,
    0x00,0x00,0x00,0x00,0x00,0x00,0x00,0x00,0x00,0x00,0x00,0x00,0x00,0x00,0x00,0x00,
    0x00,0x00,0x00,0x00,0x00,0x00,0x00,0x00,0x00,0x00,0x00,0x00,0x00,0x00,0x00,0x00,
    0x00,0x00,0x00,0x00,0x00,0x00,0x00,0x00,0x00,0x00,0x00,0x00,0x00,0x00,0x00,0x00,
    0x00,0x00,0x00,0x00,0x00,0x00,0x00,0x00,0x00,0x00,0x00,0x00,0x00,0x00,0x00,0x00,
    0x00,0x00,0x00,0x00,0x00,0x00,0x00,0x00,0x00,0x00,0x00,0x00,0x00,0x00,0x00,0x00,
    0x00,0x00,0x00,0x00,0x00,0x00,0x00,0x00,0x00,0x00,0x00,0x00,0x00,0x00,0x00,0x00,
    0x00,0x00,0x00,0x00,0x00,0x00,0x00,0x00,0x00,0x00,0x00,0x00,0x00,0x00,0x00,0x00,
    0x00,0x00,0x00,0x00,0x00,0x00,0x00,0x00,0x00,0x00,0x00,0x00,0x00,0x00,0x00,0x00,
    0x00,0x00,0x00,0x00,0x00,0x00,0x00,0x00,0x00,0x00,0x00,0x00,0x00,0x00,0x00,0x00,
    0x00,0x00,0x00,0x00,0x00,0x00,0x00,0x00,0x00,0x00,0x00,0x00,0x00,0x00,0x00,0x00,
    0x00,0x00,0x00,0x00,0x00,0x00,0x00,0x00,0x00,0x00,0x00,0x00,0x00,0x00,0x00,0x00,
    0x00,0x00,0x00,0x00,0x00,0x00,0x00,0x00,0x00,0x00,0x00,0x00,0x00,0x00,0x00,0x00,
    0x00,0x00,0x00,0x00,0x00,0x00,0x00,0x00,0x00,0x00,0x00,0x00,0x00,0x00,0x00,0x00,
    0x00,0x00,0x00,0x00,0x00,0x00,0x00,0x00,0x00,0x00,0x00,0x00,0x00,0x00,0x00,0x00,
    0x00,0x00,0x00,0x00,0x00,0x00,0x00,0x00,0x00,0x00,0x00,0x00,0x00,0x00,0x00,0x00,
    0x00,0x00,0x00,0x00,0x00,0x00,0x00,0x00,0x00,0x00,0x00,0x00,0x00,0x00,0x00,0x00,
    0x00,0x00,0x00,0x00,0x00,0x00,0x00,0x00,0x00,0x00,0x00,0x00,0x00,0x00,0x00,0x00,
    0x00,0x00,0x00,0x00,0x00,0x00,0x00,0x00,0x00,0x00,0x00,0x00,0x00,0x00,0x00,0x00,
    0x00,0x00,0x00,0x00,0x00,0x00,0x00,0x00,0x00,0x00,0x00,0x00,0x00,0x00,0x00,0x00,
    0x00,0x00,0x00,0x00,0x00,0x00,0x00,0x00,0x00,0x00,0x00,0x00,0x00,0x00,0x00,0x00,
    0x00,0x00,0x00,0x00,0x00,0x00,0x00,0x00,0x00,0x00,0x00,0x00,0x00,0x00,0x00,0x00,
    0x00,0x00,0x00,0x00,0x00,0x00,0x00,0x00,0x00,0x00,0x00,0x00,0x00,0x00,0x00,0x00,
    0x00,0x00,0x00,0x00,0x00,0x00,0x00,0x00,0x00,0x00,0x00,0x00,0x00,0x00,0x00,0x00,
    0x00,0x00,0x00,0x00,0x00,0x00,0x00,0x00,0x00,0x00,0x00,0x00,0x00,0x00,0x00,0x00,
    0x00,0x00,0x00,0x00,0x00,0x00,0x00,0x00,0x00,0x00,0x00,0x00,0x00,0x00,0x00,0x00,
    0x00,0x00,0x00,0x00,0x00,0x00,0x00,0x00,0x00,0x00,0x00,0x00,0x00,0x00,0x00,0x00,
    0x00,0x00,0x00,0x00,0x00,0x00,0x00,0x00,0x00,0x00,0x00,0x00,0x00,0x00,0x00,0x00,
    0x00,0x00,0x00,0x00,0x00,0x00,0x00,0x00,0x00,0x00,0x00,0x00,0x00,0x00,0x00,0x00,
    0x00,0x00,0x00,0x00,0x00,0x00,0x00,0x00,0x00,0x00,0x00,0x00,0x00,0x00,0x00,0x00,
    0x00,0x00,0x00,0x00,0x00,0x00,0x00,0x00,0x00,0x00,0x00,0x00,0x00,0x00,0x00,0x00,
    0x00,0x00,0x00,0x00,0x00,0x00,0x00,0x00,0x00,0x00,0x00,0x00,0x00,0x00,0x00,0x00,
    0x00,0x00,0x00,0x00,0x00,0x00,0x00,0x00,0x00,0x00,0x00,0x00,0x00,0x00,0x00,0x00,
    0x00,0x00,0x00,0x00,0x00,0x00,0x00,0x00,0x00,0x00,0x00,0x00,0x00,0x00,0x00,0x00,
    0x00,0x00,0x00,0x00,0x00,0x00,0x00,0x00,0x00,0x00,0x00,0x00,0x00,0x00,0x00,0x00,
    0x00,0x00,0x00,0x00,0x00,0x00,0x00,0x00,0x00,0x00,0x00,0x00,0x00,0x00,0x00,0x00,
    0x00,0x00,0x00,0x00,0x00,0x00,0x00,0x00,0x00,0x00,0x00,0x00,0x00,0x00,0x00,0x00,
    0x00,0x00,0x00,0x00,0x00,0x00,0x00,0x00,0x00,0x00,0x00,0x00,0x00,0x00,0x00,0x00,
    0x00,0x00,0x00,0x00,0x00,0x00,0x00,0x00,0x00,0x00,0x00,0x00,0x00,0x00,0x00,0x00,
    0x00,0x00,0x00,0x00,0x00,0x00,0x00,0x00,0x00,0x00,0x00,0x00,0x00,0x00,0x00,0x00,
    0x00,0x00,0x00,0x00,0x00,0x00,0x00,0x00,0x00,0x00,0x00,0x00,0x00,0x00,0x00,0x00,
    0x00,0x00,0x00,0x00,0x00,0x00,0x00,0x00,0x00,0x00,0x00,0x00,0x00,0x00,0x00,0x00,
    0x00,0x00,0x00,0x00,0x00,0x00,0x00,0x00,0x00,0x00,0x00,0x00,0x00,0x00,0x00,0x00,
    0x00,0x00,0x00,0x00,0x00,0x00,0x00,0x00,0x00,0x00,0x00,0x00,0x00,0x00,0x00,0x00,
    0x00,0x00,0x00,0x00,0x00,0x00,0x00,0x00,0x00,0x00,0x00,0x00,0x00,0x00,0x00,0x00,
    0x00,0x00,0x00,0x00,0x00,0x00,0x00,0x00,0x00,0x00,0x00,0x00,0x00,0x00,0x00,0x00,
    0x00,0x00,0x00,0x00,0x00,0x00,0x00,0x00,0x00,0x00,0x00,0x00,0x00,0x00,0x00,0x00,
    0x00,0x00,0x00,0x00,0x00,0x00,0x00,0x00,0x00,0x00,0x00,0x00,0x00,0x00,0x00,0x00,
    0x00,0x00,0x00,0x00,0x00,0x00,0x00,0x00,0x00,0x00,0x00,0x00,0x00,0x00,0x00,0x00,
    0x00,0x00,0x00,0x00,0x00,0x00,0x00,0x00,0x00,0x00,0x00,0x00,0x00,0x00,0x00,0x00,
    0x00,0x00,0x00,0x00,0x00,0x00,0x00,0x00,0x00,0x00,0x00,0x00,0x00,0x00,0x00,0x00,
    0x00,0x00,0x00,0x00,0x00,0x00,0x00,0x00,0x00,0x00,0x00,0x00,0x00,0x00,0x00,0x00,
    0x00,0x00,0x00,0x00,0x00,0x00,0x00,0x00,0x00,0x00,0x00,0x00,0x00,0x00,0x00,0x00,
    0x00,0x00,0x00,0x00,0x00,0x00,0x00,0x00,0x00,0x00,0x00,0x00,0x00,0x00,0x00,0x00,
    0x00,0x00,0x00,0x00,0x00,0x00,0x00,0x00,0x00,0x00,0x00,0x00,0x00,0x00,0x00,0x00,
    0x00,0x00,0x00,0x00,0x00,0x00,0x00,0x00,0x00,0x00,0x00,0x00,0x00,0x00,0x00,0x00,
    0x00,0x00,0x00,0x00,0x00,0x00,0x00,0x00,0x00,0x00,0x00,0x00,0x00,0x00,0x00,0x00,
    0x00,0x00,0x00,0x00,0x00,0x00,0x00,0x00,0x00,0x00,0x00,0x00,0x00,0x00,0x00,0x00,
    0x00,0x00,0x00,0x00,0x00,0x00,0x00,0x00,0x00,0x00,0x00,0x00,0x00,0x00,0x00,0x00,
    0x00,0x00,0x00,0x00,0x00,0x00,0x00,0x00,0x00,0x00,0x00,0x00,0x00,0x00,0x00,0x00,
    0x00,0x00,0x00,0x00,0x00,0x00,0x00,0x00,0x00,0x00,0x00,0x00,0x00,0x00,0x00,0x00,
    0x00,0x00,0x00,0x00,0x00,0x00,0x00,0x00,0x00,0x00,0x00,0x00,0x00,0x00,0x00,0x00,
    0x00,0x00,0x00,0x00,0x00,0x00,0x00,0x00,0x00,0x00,0x00,0x00,0x00,0x00,0x00,0x00,
    0x00,0x00,0x00,0x00,0x00,0x00,0x00,0x00,0x00,0x00,0x00,0x00,0x00,0x00,0x00,0x00,
    0x00,0x00,0x00,0x00,0x00,0x00,0x00,0x00,0x00,0x00,0x00,0x00,0x00,0x00,0x00,0x00,
    0x00,0x00,0x00,0x00,0x00,0x00,0x00,0x00,0x00,0x00,0x00,0x00,0x00,0x00,0x00,0x00,
    0x00,0x00,0x00,0x00,0x00,0x00,0x00,0x00,0x00,0x00,0x00,0x00,0x00,0x00,0x00,0x00,
    0x00,0x00,0x00,0x00,0x00,0x00,0x00,0x00,0x00,0x00,0x00,0x00,0x00,0x00,0x00,0x00,
    0x00,0x00,0x00,0x00,0x00,0x00,0x00,0x00,0x00,0x00,0x00,0x00,0x00,0x00,0x00,0x00,
    0x00,0x00,0x00,0x00,0x00,0x00,0x00,0x00,0x00,0x00,0x00,0x00,0x00,0x00,0x00,0x00,
    0x00,0x00,0x00,0x00,0x00,0x00,0x00,0x00,0x00,0x00,0x00,0x00,0x00,0x00,0x00,0x00,
    0x00,0x00,0x00,0x00,0x00,0x00,0x00,0x00,0x00,0x00,0x00,0x00,0x00,0x00,0x00,0x00,
    0x00,0x00,0x00,0x00,0x00,0x00,0x00,0x00,0x00,0x00,0x00,0x00,0x00,0x00,0x00,0x00,
    0x00,0x00,0x00,0x00,0x00,0x00,0x00,0x00,0x00,0x00,0x00,0x00,0x00,0x00,0x00,0x00,
    0x00,0x00,0x00,0x00,0x00,0x00,0x00,0x00,0x00,0x00,0x00,0x00,0x00,0x00,0x00,0x00,
    0x00,0x00,0x00,0x00,0x00,0x00,0x00,0x00,0x00,0x00,0x00,0x00,0x00,0x00,0x00,0x00,
    0x00,0x00,0x00,0x00,0x00,0x00,0x00,0x00,0x00,0x00,0x00,0x00,0x00,0x00,0x00,0x00,
    0x00,0x00,0x00,0x00,0x00,0x00,0x00,0x00,0x00,0x00,0x00,0x00,0x00,0x00,0x00,0x00,
    0x00,0x00,0x00,0x00,0x00,0x00,0x00,0x00,0x00,0x00,0x00,0x00,0x00,0x00,0x00,0x00,
    0x00,0x00,0x00,0x00,0x00,0x00,0x00,0x00,0x00,0x00,0x00,0x00,0x00,0x00,0x00,0x00,
    0x00,0x00,0x00,0x00,0x00,0x00,0x00,0x00,0x00,0x00,0x00,0x00,0x00,0x00,0x00,0x00,
    0x00,0x00,0x00,0x00,0x00,0x00,0x00,0x00,0x00,0x00,0x00,0x00,0x00,0x00,0x00,0x00,
    0x00,0x00,0x00,0x00,0x00,0x00,0x00,0x00,0x00,0x00,0x00,0x00,0x00,0x00,0x00,0x00,
    0x00,0x00,0x00,0x00,0x00,0x00,0x00,0x00,0x00,0x00,0x00,0x00,0x00,0x00,0x00,0x00,
    0x00,0x00,0x00,0x00,0x00,0x00,0x00,0x00,0x00,0x00,0x00,0x00,0x00,0x00,0x00,0x00,
    0x00,0x00,0x00,0x00,0x00,0x00,0x00,0x00,0x00,0x00,0x00,0x00,0x00,0x00,0x00,0x00,
    0x00,0x00,0x00,0x00,0x00,0x00,0x00,0x00,0x00,0x00,0x00,0x00,0x00,0x00,0x00,0x00,
    0x00,0x00,0x00,0x00,0x00,0x00,0x00,0x00,0x00,0x00,0x00,0x00,0x00,0x00,0x00,0x00,
    0x00,0x00,0x00,0x00,0x00,0x00,0x00,0x00,0x00,0x00,0x00,0x00,0x00,0x00,0x00,0x00,
    0x00,0x00,0x00,0x00,0x00,0x00,0x00,0x00,0x00,0x00,0x00,0x00,0x00,0x00,0x00,0x00,
    0x00,0x00,0x00,0x00,0x00,0x00,0x00,0x00,0x00,0x00,0x00,0x00,0x00,0x00,0x00,0x00,
    0x00,0x00,0x00,0x00,0x00,0x00,0x00,0x00,0x00,0x00,0x00,0x00,0x00,0x00,0x00,0x00,
    0x00,0x00,0x00,0x00,0x00,0x00,0x00,0x00,0x00,0x00,0x00,0x00,0x00,0x00,0x00,0x00,
    0x00,0x00,0x00,0x00,0x00,0x00,0x00,0x00,0x00,0x00,0x00,0x00,0x00,0x00,0x00,0x00,
    0x00,0x00,0x00,0x00,0x00,0x00,0x00,0x00,0x00,0x00,0x00,0x00,0x00,0x00,0x00,0x00,
    0x00,0x00,0x00,0x00,0x00,0x00,0x00,0x00,0x00,0x00,0x00,0x00,0x00,0x00,0x00,0x00,
    0x00,0x00,0x00,0x00,0x00,0x00,0x00,0x00,0x00,0x00,0x00,0x00,0x00,0x00,0x00,0x00,
    0x00,0x00,0x00,0x00,0x00,0x00,0x00,0x00,0x00,0x00,0x00,0x00,0x00,0x00,0x00,0x00,
    0x00,0x00,0x00,0x00,0x00,0x00,0x00,0x00,0x00,0x00,0x00,0x00,0x00,0x00,0x00,0x00,
    0x00,0x00,0x00,0x00,0x00,0x00,0x00,0x00,0x00,0x00,0x00,0x00,0x00,0x00,0x00,0x00,
    0x00,0x00,0x00,0x00,0x00,0x00,0x00,0x00,0x00,0x00,0x00,0x00,0x00,0x00,0x00,0x00,
    0x00,0x00,0x00,0x00,0x00,0x00,0x00,0x00,0x00,0x00,0x00,0x00,0x00,0x00,0x00,0x00,
    0x00,0x00,0x00,0x00,0x00,0x00,0x00,0x00,0x00,0x00,0x00,0x00,0x00,0x00,0x00,0x00,
    0x00,0x00,0x00,0x00,0x00,0x00,0x00,0x00,0x00,0x00,0x00,0x00,0x00,0x00,0x00,0x00,
    0x00,0x00,0x00,0x00,0x00,0x00,0x00,0x00,0x00,0x00,0x00,0x00,0x00,0x00,0x00,0x00,
    0x00,0x00,0x00,0x00,0x00,0x00,0x00,0x00,0x00,0x00,0x00,0x00,0x00,0x00,0x00,0x00,
    0x00,0x00,0x00,0x00,0x00,0x00,0x00,0x00,0x00,0x00,0x00,0x00,0x00,0x00,0x00,0x00,
    0x00,0x00,0x00,0x00,0x00,0x00,0x00,0x00,0x00,0x00,0x00,0x00,0x00,0x00,0x00,0x00,
    0x00,0x00,0x00,0x00,0x00,0x00,0x00,0x00,0x00,0x00,0x00,0x00,0x00,0x00,0x00,0x00,
    0x00,0x00,0x00,0x00,0x00,0x00,0x00,0x00,0x00,0x00,0x00,0x00,0x00,0x00,0x00,0x00,
    0x00,0x00,0x00,0x00,0x00,0x00,0x00,0x00,0x00,0x00,0x00,0x00,0x00,0x00,0x00,0x00,
    0x00,0x00,0x00,0x00,0x00,0x00,0x00,0x00,0x00,0x00,0x00,0x00,0x00,0x00,0x00,0x00,
    0x00,0x00,0x00,0x00,0x00,0x00,0x00,0x00,0x00,0x00,0x00,0x00,0x00,0x00,0x00,0x00,
    0x00,0x00,0x00,0x00,0x00,0x00,0x00,0x00,0x00,0x00,0x00,0x00,0x00,0x00,0x00,0x00,
    0x00,0x00,0x00,0x00,0x00,0x00,0x00,0x00,0x00,0x00,0x00,0x00,0x00,0x00,0x00,0x00,
    0x00,0x00,0x00,0x00,0x00,0x00,0x00,0x00,0x00,0x00,0x00,0x00,0x00,0x00,0x00,0x00,
    0x00,0x00,0x00,0x00,
};

/* the relative record file .GAMES.FILES.CAVE: 28 records of 1728 bytes (CAVE.bin, md5 32f964363beff10d1a14112b95f8e791) */
const unsigned char cave_data[48384] = {
    0xFF,0xFF,0xFF,0xFF,0xFF,0xFF,0xFF,0xDD,0x71,0x45,0x4F,0x01,0x5E,0x54,0x4E,0x1E,
    0x48,0x34,0x4E,0x43,0x47,0x55,0x40,0x5A,0x04,0x44,0x58,0x09,0x5C,0x42,0x5F,0x01,
    0x5A,0x48,0x4F,0x1E,0x54,0x26,0x0F,0x4C,0x03,0x4E,0x41,0x5C,0x40,0x05,0x4E,0x4C,
    0x4E,0x45,0x48,0x44,0x1F,0x47,0x0B,0x4D,0x56,0x21,0x43,0x41,0x03,0x5E,0x5C,0x54,
    0x47,0x4E,0x0C,0x4B,0x5D,0x43,0x56,0x45,0x56,0x48,0x4C,0x10,0x00,0x24,0x69,0x58,
    0x55,0x54,0x51,0x42,0x0B,0x47,0x54,0x35,0x0F,0x44,0x50,0x1C,0x4F,0x1D,0x42,0x4A,
    0x5E,0x4C,0x5B,0x5E,0x14,0x01,0x1F,0x67,0x0B,0x4D,0x56,0x21,0x43,0x41,0x03,0x4F,
    0x5A,0x4F,0x41,0x44,0x41,0x09,0x4E,0x46,0x55,0x56,0x4C,0x06,0x44,0x4B,0x4F,0x60,
    0x40,0x4B,0x03,0x48,0x46,0x58,0x04,0x47,0x59,0x40,0x44,0x4E,0x53,0x4F,0x58,0x06,
    0x4A,0x50,0x5F,0x60,0x00,0x08,0x4C,0x45,0x4D,0x4F,0x1F,0x47,0x0B,0x59,0x4E,0x2C,
    0x43,0x54,0x0D,0x1C,0xFF,0xDC,0x71,0x45,0x4F,0x01,0x57,0x47,0x5D,0x5B,0x1B,0x37,
    0x4E,0x41,0x48,0x59,0x4A,0x1D,0x51,0x55,0x0C,0x48,0x08,0x42,0x53,0x4D,0x53,0x0A,
    0x0B,0x4D,0x4F,0x29,0x43,0x41,0x03,0x55,0x40,0x1D,0x50,0x4D,0x49,0x09,0x4E,0x45,
    0x48,0x44,0x4C,0x52,0x05,0x1E,0x1B,0x14,0x47,0x48,0x03,0x4E,0x41,0x5C,0x40,0x05,
    0x5F,0x45,0x47,0x5A,0x5F,0x52,0x1F,0x44,0x4A,0x5D,0x50,0x60,0x00,0x24,0x4C,0x45,
    0x4D,0x4F,0x1F,0x52,0x43,0x5B,0x1B,0x2F,0x5B,0x45,0x46,0x4E,0x0E,0x4E,0x4D,0x41,
    0x49,0x09,0x47,0x4C,0x1A,0x55,0x57,0x43,0x0B,0x56,0x52,0x2C,0x43,0x03,0x03,0x1C,
    0x7A,0x55,0x41,0x57,0x49,0x09,0x41,0x59,0x1A,0x40,0x1F,0x44,0x5E,0x57,0x57,0x24,
    0x46,0x43,0x44,0x1C,0x47,0x53,0x04,0x51,0x44,0x4C,0x08,0x4E,0x53,0x52,0x4B,0x47,
    0x45,0x5D,0x5E,0x6E,0xFF,0xE1,0x71,0x45,0x4F,0x01,0x5E,0x54,0x4E,0x1E,0x52,0x2E,
    0x5C,0x44,0x47,0x59,0x0E,0x5C,0x04,0x47,0x59,0x40,0x44,0x4E,0x53,0x4F,0x58,0x0A,
    0x0B,0x5F,0x1B,0x37,0x4A,0x41,0x4F,0x1C,0x46,0x52,0x51,0x56,0x49,0x09,0x4E,0x45,
    0x48,0x01,0x5E,0x06,0x47,0x5F,0x49,0x27,0x4A,0x0D,0x50,0x4C,0x5C,0x54,0x4A,0x42,
    0x02,0x09,0xFF,0xDE,0x71,0x45,0x4F,0x01,0x5E,0x54,0x4E,0x1E,0x52,0x2E,0x0F,0x4C,
    0x03,0x4A,0x4F,0x51,0x48,0x40,0x55,0x09,0x41,0x44,0x1A,0x55,0x57,0x43,0x0B,0x58,
    0x54,0x32,0x4A,0x5E,0x57,0x1C,0x4C,0x58,0x57,0x4C,0x48,0x4C,0x08,0x4B,0x1A,0x52,
    0x4B,0x54,0x4E,0x5F,0x56,0x60,0x5B,0x58,0x4E,0x5E,0x42,0x54,0x4A,0x42,0x0C,0x48,
    0x44,0x45,0x54,0x46,0x1F,0x47,0x00,0x06,0x5A,0x45,0x59,0x4A,0x46,0x06,0x49,0x5B,
    0x5F,0x6E,0xFF,0xE3,0x71,0x45,0x4F,0x01,0x5E,0x54,0x4E,0x1E,0x52,0x2E,0x0F,0x42,
    0x53,0x59,0x40,0x1D,0x42,0x4A,0x5E,0x4C,0x5B,0x5E,0x16,0x01,0x48,0x4F,0x5F,0x56,
    0x1B,0x21,0x0F,0x49,0x46,0x59,0x5E,0x1D,0x52,0x44,0x40,0x45,0x4D,0x53,0x1A,0x55,
    0x50,0x06,0x44,0x50,0x5E,0x60,0x5C,0x44,0x47,0x59,0x00,0x1D,0xFF,0xE4,0x71,0x45,
    0x4F,0x01,0x5E,0x54,0x4E,0x1E,0x52,0x2E,0x0F,0x42,0x53,0x59,0x40,0x1D,0x42,0x4A,
    0x5E,0x4C,0x5B,0x5E,0x1A,0x4F,0x5A,0x47,0x59,0x1E,0x59,0x2F,0x5B,0x45,0x03,0x5D,
    0x0E,0x4B,0x45,0x49,0x40,0x4C,0x51,0x0A,0x5B,0x4F,0x5B,0x06,0x4A,0x1E,0x49,0x2F,
    0x4E,0x49,0x0D,0x1C,0xFF,0xDD,0x69,0x5E,0x1A,0x58,0x50,0x53,0x59,0x1E,0x5D,0x25,
    0x4A,0x59,0x03,0x5D,0x42,0x51,0x04,0x51,0x44,0x4C,0x08,0x5D,0x5B,0x55,0x5A,0x54,
    0x0B,0x51,0x5D,0x60,0x5B,0x45,0x46,0x1C,0x5D,0x49,0x56,0x40,0x4D,0x44,0x08,0x59,
    0x4A,0x4D,0x5E,0x55,0x43,0x5B,0x48,0x60,0x46,0x43,0x57,0x53,0x0E,0x5C,0x04,0x17,
    0x01,0x40,0x46,0x49,0x52,0x01,0x4C,0x4A,0x42,0x4A,0x00,0x1B,0x41,0x44,0x1A,0x55,
    0x57,0x43,0x0B,0x4C,0x54,0x23,0x44,0x03,0x03,0x1C,0x6A,0x52,0x53,0x4B,0x5F,0x5D,
    0x5A,0x4F,0x5B,0x4C,0x1F,0x52,0x43,0x5B,0x1B,0x33,0x5B,0x5F,0x46,0x5D,0x43,0x5F,
    0x41,0x41,0x0C,0x40,0x5B,0x0A,0x58,0x40,0x4D,0x43,0x0B,0x4C,0x54,0x23,0x44,0x03,
    0xFF,0xDC,0x71,0x45,0x4F,0x01,0x5E,0x54,0x4E,0x1E,0x52,0x2E,0x0F,0x4C,0x03,0x0E,
    0x1E,0x10,0x42,0x4A,0x43,0x5D,0x08,0x4E,0x5F,0x51,0x4D,0x43,0x58,0x4D,0x52,0x2F,
    0x41,0x0D,0x45,0x50,0x41,0x52,0x56,0x40,0x48,0x09,0x5F,0x43,0x4E,0x49,0x1F,0x44,
    0x4A,0x4C,0x5E,0x60,0x4B,0x44,0x51,0x48,0x00,0x1D,0x04,0x76,0x49,0x5D,0x08,0x43,
    0x54,0x55,0x50,0x06,0x5F,0x56,0x5E,0x60,0x00,0x22,0x4C,0x43,0x48,0x55,0x1F,0x4F,
    0x58,0x1E,0x5A,0x60,0x5C,0x59,0x51,0x53,0x40,0x5A,0x04,0x56,0x58,0x4C,0x4D,0x46,
    0x1A,0x46,0x4D,0x47,0x5F,0x5B,0x1B,0x2D,0x40,0x58,0x4D,0x48,0x4B,0x59,0x04,0x4C,
    0x42,0x09,0x4B,0x45,0x54,0x42,0x4D,0x43,0x5F,0x5B,0x15,0x60,0x0F,0x6C,0x03,0x58,
    0x5C,0x44,0x04,0x56,0x58,0x5B,0x4D,0x4B,0x57,0x43,0x5A,0x42,0x00,0x0E,0x44,0x4F,
    0x5B,0x45,0x4C,0x06,0x42,0x50,0x4F,0x2F,0x0F,0x59,0x4B,0x59,0x0E,0x59,0x41,0x55,
    0x5E,0x4C,0x5B,0x59,0x53,0x4E,0x51,0x08,0xFF,0xDD,0x71,0x45,0x4F,0x01,0x5E,0x54,
    0x4E,0x1E,0x52,0x2E,0x0F,0x4C,0x03,0x4F,0x43,0x5C,0x48,0x49,0x0C,0x4A,0x40,0x4B,
    0x57,0x43,0x5A,0x54,0x0B,0x5C,0x5E,0x2E,0x4A,0x4C,0x57,0x54,0x0E,0x5C,0x04,0x16,
    0x54,0x1A,0x08,0x59,0x4E,0x44,0x5A,0x4A,0x0B,0x59,0x49,0x21,0x5B,0x48,0x03,0x48,
    0x41,0x1D,0x50,0x4D,0x49,0x09,0x5B,0x5F,0x48,0x47,0x5E,0x45,0x4E,0x10,0x00,0x1A,
    0x69,0x0A,0x56,0x4E,0x48,0x06,0x48,0x4C,0x5A,0x37,0x43,0x0D,0x4C,0x4A,0x4B,0x4F,
    0x04,0x46,0x43,0x4B,0x4A,0x46,0x5F,0x52,0x1F,0x4A,0x4E,0x5F,0x5F,0x33,0x0F,0x44,
    0x4D,0x4B,0x4F,0x4F,0x40,0x05,0x58,0x46,0x08,0x5E,0x52,0x44,0x1F,0x51,0x4E,0x4D,
    0x4F,0x6E,0xFF,0xDC,0x71,0x45,0x4F,0x01,0x5E,0x54,0x4E,0x1E,0x58,0x32,0x4E,0x5A,
    0x4F,0x55,0x40,0x5A,0x04,0x4A,0x5A,0x4C,0x5A,0x0A,0x59,0x4E,0x5D,0x44,0x47,0x5B,
    0x48,0x60,0x46,0x43,0x03,0x5D,0x0E,0x51,0x4B,0x52,0x0C,0x59,0x49,0x59,0x49,0x40,
    0x58,0x43,0x05,0x1E,0x1B,0x14,0x47,0x48,0x51,0x59,0x0E,0x54,0x57,0x05,0x4D,0x09,
    0x4C,0x43,0x57,0x01,0x53,0x4F,0x4C,0x56,0x4F,0x60,0x00,0x11,0x49,0x5E,0x1A,0x55,
    0x57,0x43,0x0B,0x5B,0x5A,0x33,0x5B,0x0D,0x46,0x52,0x4A,0x1D,0x4B,0x43,0x0C,0x5D,
    0x40,0x4F,0x1A,0x51,0x5E,0x55,0x58,0x5F,0x5C,0x25,0x01,0x0D,0xFF,0xDC,0x71,0x45,
    0x4F,0x01,0x5E,0x54,0x4E,0x1E,0x52,0x2E,0x0F,0x4C,0x03,0x58,0x4B,0x5F,0x56,0x4C,
    0x5F,0x09,0x5A,0x45,0x55,0x4C,0x1F,0x40,0x42,0x52,0x57,0x25,0x4B,0x0D,0x54,0x55,
    0x5A,0x55,0x04,0x56,0x58,0x5C,0x4E,0x4C,0x1A,0x56,0x5E,0x55,0x43,0x5B,0x5F,0x60,
    0x46,0x43,0x03,0x5A,0x5C,0x52,0x49,0x05,0x58,0x41,0x4D,0x0A,0x49,0x54,0x4D,0x40,
    0x4A,0x5D,0x5E,0x6E,0x00,0x23,0x69,0x0A,0x56,0x4E,0x48,0x06,0x5C,0x57,0x5F,0x25,
    0x0F,0x5D,0x42,0x4F,0x5D,0x5C,0x43,0x40,0x0C,0x5E,0x41,0x5E,0x52,0x01,0x5C,0x49,
    0x49,0x5C,0x57,0x25,0x5C,0x0D,0x41,0x59,0x4D,0x52,0x49,0x40,0x5F,0x09,0x58,0x46,
    0x4F,0x46,0x58,0x43,0x4F,0x1E,0x4C,0x29,0x5B,0x45,0x03,0x51,0x5B,0x59,0x04,0x44,
    0x42,0x4D,0x08,0x4E,0x5F,0x43,0x4D,0x4F,0x58,0x1E,0x00,0x24,0x40,0x4F,0x48,0x44,
    0x13,0x06,0x49,0x4B,0x4F,0x60,0x4E,0x43,0x03,0x5D,0x59,0x56,0x53,0x44,0x5E,0x4D,
    0x08,0x49,0x5B,0x4F,0x46,0x49,0x45,0x1E,0x57,0x25,0x4E,0x49,0x50,0x1C,0x5B,0x4D,
    0x53,0x44,0x5E,0x4D,0x08,0x4B,0x54,0x45,0x1F,0x51,0x4E,0x4D,0x4F,0x6E,0x0F,0x0D,
    0x62,0x1C,0x40,0x52,0x50,0x40,0x0C,0x46,0x46,0x0A,0x4E,0x49,0x5A,0x06,0x5C,0x5F,
    0x57,0x2C,0x00,0x0D,0x5B,0x4B,0x43,0x52,0x1F,0x04,0x66,0x7F,0x7C,0x09,0x6C,0x0D,
    0x74,0x73,0x7C,0x79,0x04,0x7D,0x75,0x73,0x72,0x73,0x18,0x0F,0xFF,0xE7,0x71,0x45,
    0x4F,0x01,0x5E,0x54,0x4E,0x1E,0x52,0x2E,0x0F,0x4C,0x4D,0x1C,0x4F,0x4A,0x4F,0x52,
    0x4D,0x5B,0x4C,0x0A,0x49,0x4D,0x50,0x56,0x42,0x50,0x5C,0x60,0x4A,0x4C,0x50,0x48,
    0x01,0x4A,0x41,0x56,0x58,0x09,0x4B,0x4B,0x54,0x58,0x50,0x48,0x05,0x1E,0xFF,0xDC,
    0x71,0x45,0x4F,0x01,0x5E,0x54,0x4E,0x1E,0x52,0x2E,0x0F,0x4C,0x03,0x4F,0x5E,0x51,
    0x41,0x4B,0x48,0x40,0x4C,0x0A,0x59,0x49,0x5E,0x4B,0x49,0x5B,0x49,0x60,0x5B,0x45,
    0x4A,0x4E,0x5A,0x44,0x04,0x43,0x49,0x4C,0x5C,0x0A,0x52,0x48,0x58,0x4E,0x05,0x1E,
    0x1B,0x14,0x47,0x48,0x03,0x4B,0x4F,0x51,0x48,0x56,0x0C,0x48,0x5A,0x4F,0x1A,0x47,
    0x4D,0x49,0x51,0x5B,0x55,0x60,0x00,0x22,0x5A,0x43,0x4C,0x44,0x4D,0x55,0x0B,0x51,
    0x5D,0x60,0x40,0x5F,0x42,0x52,0x49,0x58,0x04,0x56,0x58,0x46,0x46,0x4F,0x14,0x01,
    0x1F,0x67,0x45,0x1E,0x5A,0x37,0x44,0x5A,0x42,0x4E,0x4A,0x1D,0x47,0x44,0x42,0x50,
    0x47,0x44,0x1A,0x40,0x51,0x42,0x0B,0x5F,0x1B,0x27,0x40,0x42,0x47,0x1C,0x5E,0x5C,
    0x57,0x56,0x4D,0x4E,0x4D,0x0A,0x5F,0x59,0x56,0x52,0x00,0x15,0x4E,0x58,0x55,0x4C,
    0x1F,0x43,0x4A,0x4D,0x4F,0x60,0x4E,0x43,0x47,0x1C,0x59,0x58,0x57,0x51,0x0C,0x5A,
    0x41,0x4E,0x5F,0x52,0x1F,0x49,0x4D,0x1E,0x4F,0x28,0x4A,0x0D,0x40,0x54,0x4F,0x50,
    0x46,0x40,0x5E,0x07,0xFF,0xDD,0x69,0x5E,0x1A,0x58,0x50,0x53,0x59,0x1E,0x5D,0x25,
    0x4A,0x59,0x03,0x55,0x5D,0x1D,0x45,0x05,0x5F,0x44,0x49,0x46,0x56,0x01,0x4F,0x4F,
    0x5F,0x1E,0x59,0x32,0x4A,0x4C,0x57,0x54,0x47,0x53,0x43,0x05,0x58,0x5B,0x49,0x49,
    0x5F,0x52,0x1F,0x49,0x4D,0x1E,0x4C,0x28,0x46,0x59,0x46,0x1C,0x43,0x54,0x57,0x51,
    0x02,0x09,0x08,0x6B,0x54,0x01,0x5A,0x47,0x58,0x4A,0x00,0x1C,0x58,0x4B,0x49,0x52,
    0x5E,0x41,0x4E,0x1E,0x5E,0x2E,0x4B,0x5E,0x03,0x54,0x4B,0x4F,0x41,0x05,0x49,0x51,
    0x4B,0x4F,0x4A,0x55,0x1F,0x40,0x44,0x4C,0x1B,0x21,0x0F,0x5E,0x4E,0x5D,0x42,0x51,
    0x04,0x46,0x5E,0x48,0x4B,0x41,0x1A,0x4D,0x5A,0x47,0x4F,0x57,0x55,0x27,0x0F,0x42,
    0x4D,0x12,0x00,0x00,0x00,0x00,0x00,0x00,0x00,0x00,0x00,0x00,0x00,0x00,0x00,0x00,
    0x00,0x00,0x00,0x00,0x00,0x00,0x00,0x00,0x00,0x00,0x00,0x00,0x00,0x00,0x00,0x00,
    0x00,0x00,0x00,0x00,0x00,0x00,0x00,0x00,0x00,0x00,0x00,0x00,0x00,0x00,0x00,0x00,
    0xFF,0xDD,0x71,0x45,0x4F,0x01,0x5E,0x54,0x4E,0x1E,0x5A,0x34,0x0F,0x42,0x4D,0x59,
    0x0E,0x58,0x4A,0x41,0x0C,0x46,0x4E,0x0A,0x5B,0x01,0x49,0x47,0x58,0x4A,0x1B,0x28,
    0x4E,0x41,0x4F,0x1C,0x5D,0x49,0x56,0x40,0x58,0x4A,0x40,0x43,0x54,0x46,0x1F,0x40,
    0x44,0x4C,0x4C,0x21,0x5D,0x49,0x03,0x53,0x5B,0x49,0x04,0x4A,0x4A,0x09,0x5B,0x43,
    0x5D,0x49,0x4B,0x06,0x5F,0x51,0x00,0x23,0x5C,0x42,0x5F,0x01,0x48,0x43,0x58,0x4A,
    0x15,0x60,0x0F,0x79,0x4B,0x59,0x5C,0x58,0x04,0x44,0x5E,0x4C,0x08,0x45,0x4A,0x44,
    0x51,0x4F,0x45,0x59,0x48,0x60,0x5B,0x42,0x03,0x59,0x47,0x49,0x4C,0x40,0x5E,0x09,
    0x5B,0x43,0x5E,0x44,0x11,0x06,0x0B,0x70,0x5E,0x21,0x5D,0x4F,0x5A,0x10,0x0E,0x5C,
    0x04,0x52,0x45,0x4D,0x4D,0x0A,0x49,0x55,0x50,0x48,0x4E,0x1E,0x00,0x24,0x5B,0x5E,
    0x5B,0x48,0x4D,0x45,0x4A,0x4D,0x5E,0x60,0x43,0x48,0x42,0x58,0x5D,0x1D,0x40,0x4A,
    0x5B,0x47,0x5F,0x4B,0x48,0x45,0x11,0x06,0x0B,0x6A,0x53,0x25,0x0F,0x45,0x42,0x50,
    0x42,0x1D,0x4D,0x56,0x0C,0x4F,0x41,0x46,0x56,0x44,0x5B,0x06,0x5C,0x57,0x4F,0x28,
    0x0F,0x5A,0x4A,0x4F,0x5E,0x4E,0x04,0x4A,0x4A,0x09,0x5F,0x42,0x53,0x55,0x5A,0x06,
    0x46,0x57,0x48,0x34,0x00,0x21,0x5B,0x5D,0x5B,0x58,0x56,0x48,0x4C,0x1E,0x4F,0x2F,
    0x0F,0x4C,0x4D,0x58,0x0E,0x5B,0x56,0x4A,0x0C,0x48,0x44,0x47,0x55,0x52,0x4B,0x06,
    0x4A,0x4D,0x1B,0x29,0x49,0x0D,0x42,0x50,0x47,0x4B,0x41,0x0B,0x0C,0x09,0x69,0x0A,
    0x59,0x4E,0x53,0x42,0x0B,0x49,0x52,0x2E,0x4B,0x0D,0x41,0x50,0x41,0x4A,0x57,0x05,
    0x59,0x59,0x08,0x5E,0x52,0x44,0x00,0x21,0x5B,0x5E,0x5B,0x48,0x4D,0x45,0x4A,0x4D,
    0x5E,0x6E,0x0F,0x0D,0x77,0x54,0x4B,0x4F,0x41,0x05,0x45,0x5A,0x08,0x4B,0x1A,0x51,
    0x5E,0x55,0x58,0x5F,0x5C,0x25,0x0F,0x4C,0x57,0x1C,0x5A,0x55,0x41,0x05,0x58,0x46,
    0x58,0x0A,0x55,0x47,0x1F,0x47,0x0B,0x5A,0x54,0x2D,0x4A,0x0D,0x41,0x59,0x46,0x54,
    0x4A,0x41,0x0C,0x50,0x47,0x5F,0x14,0x01,0xFF,0xE8,0x7C,0x42,0x5F,0x01,0x5C,0x54,
    0x4A,0x5D,0x50,0x60,0x46,0x5E,0x03,0x5A,0x4F,0x4F,0x04,0x51,0x43,0x46,0x08,0x59,
    0x57,0x40,0x53,0x4A,0x0B,0x58,0x54,0x32,0x0F,0x54,0x4C,0x49,0x0E,0x49,0x4B,0x05,
    0x4A,0x46,0x44,0x46,0x55,0x56,0x11,0x06,0xFF,0xDD,0x71,0x45,0x4F,0x01,0x5E,0x54,
    0x4E,0x1E,0x54,0x2E,0x0F,0x59,0x4B,0x59,0x0E,0x58,0x45,0x56,0x58,0x09,0x4A,0x4B,
    0x54,0x4A,0x1F,0x49,0x4D,0x1E,0x5A,0x60,0x49,0x44,0x50,0x4F,0x5B,0x4F,0x41,0x05,
    0x5F,0x45,0x41,0x49,0x53,0x4F,0x58,0x06,0x48,0x52,0x5E,0x21,0x5D,0x0D,0x42,0x5F,
    0x5C,0x52,0x57,0x56,0x0C,0x5D,0x40,0x4F,0x1A,0x49,0x5E,0x4A,0x47,0x10,0x00,0x22,
    0x7C,0x42,0x5F,0x01,0x52,0x4F,0x58,0x4A,0x1B,0x29,0x5C,0x0D,0x52,0x49,0x47,0x49,
    0x41,0x05,0x58,0x41,0x41,0x49,0x51,0x01,0x57,0x43,0x59,0x5B,0x17,0x60,0x4E,0x43,
    0x47,0x1C,0x5A,0x55,0x41,0x05,0x4A,0x40,0x5B,0x59,0x4F,0x53,0x5A,0x06,0x42,0x4D,
    0x1B,0x34,0x40,0x42,0x03,0x4B,0x47,0x59,0x41,0x05,0x58,0x46,0x08,0x40,0x4F,0x4C,
    0x4F,0x08,0xFF,0xDE,0x7C,0x42,0x53,0x52,0x1F,0x4F,0x58,0x1E,0x5A,0x60,0x43,0x42,
    0x54,0x1C,0x5C,0x52,0x4B,0x48,0x0C,0x5E,0x41,0x5E,0x52,0x01,0x5E,0x06,0x48,0x4C,
    0x4E,0x24,0x4A,0x0D,0x4D,0x53,0x5A,0x58,0x04,0x4A,0x42,0x09,0x5C,0x42,0x5F,0x01,
    0x48,0x47,0x47,0x52,0x15,0x60,0x0F,0x79,0x4B,0x59,0x0E,0x53,0x4B,0x51,0x49,0x09,
    0x5B,0x4B,0x43,0x52,0x13,0x06,0x00,0x11,0x0A,0x73,0x75,0x74,0x1F,0x71,0x64,0x70,
    0x1C,0x14,0x0F,0x6A,0x66,0x68,0x0E,0x74,0x70,0x05,0x79,0x79,0x08,0x7E,0x72,0x64,
    0x1F,0x75,0x7F,0x7B,0x6B,0x13,0x0D,0x03,0xFF,0xDE,0x71,0x45,0x4F,0x01,0x5E,0x54,
    0x4E,0x1E,0x52,0x2E,0x0F,0x59,0x4B,0x59,0x0E,0x75,0x45,0x49,0x40,0x09,0x47,0x4C,
    0x1A,0x55,0x57,0x43,0x0B,0x73,0x54,0x35,0x41,0x59,0x42,0x55,0x40,0x1D,0x6F,0x4C,
    0x42,0x4E,0x04,0x0A,0x4D,0x48,0x4B,0x4E,0x0B,0x4E,0x5A,0x33,0x5C,0x4C,0x44,0x59,
    0x5D,0x1D,0x4B,0x43,0x4A,0x09,0x41,0x44,0x1A,0x40,0x53,0x4A,0x00,0x07,0x4C,0x43,
    0x48,0x44,0x5C,0x52,0x42,0x51,0x55,0x33,0x01,0x0D,0xFF,0xE5,0x71,0x45,0x4F,0x01,
    0x5E,0x54,0x4E,0x1E,0x5A,0x34,0x0F,0x59,0x4B,0x59,0x0E,0x5F,0x4B,0x51,0x58,0x46,
    0x45,0x0A,0x55,0x47,0x1F,0x52,0x43,0x5B,0x1B,0x30,0x46,0x59,0x03,0x4B,0x47,0x49,
    0x4C,0x05,0x4D,0x09,0x4A,0x58,0x55,0x4A,0x5A,0x48,0x0B,0x50,0x5E,0x23,0x44,0x03,
    0xFF,0xF5,0x71,0x45,0x4F,0x01,0x5B,0x4F,0x4F,0x50,0x1C,0x34,0x0F,0x40,0x42,0x57,
    0x4B,0x1D,0x4D,0x51,0x02,0x09,0xFF,0xF3,0x7C,0x42,0x5F,0x01,0x5B,0x49,0x46,0x5B,
    0x1B,0x29,0x5C,0x0D,0x56,0x52,0x4D,0x51,0x4D,0x48,0x4E,0x48,0x4A,0x46,0x5F,0x0F,
    0xFF,0xDC,0x71,0x45,0x4F,0x01,0x5E,0x54,0x4E,0x1E,0x5A,0x34,0x0F,0x59,0x4B,0x59,
    0x0E,0x4A,0x41,0x56,0x58,0x09,0x4D,0x44,0x5E,0x01,0x50,0x40,0x0B,0x4A,0x53,0x25,
    0x0F,0x79,0x54,0x53,0x5E,0x54,0x50,0x05,0x7E,0x46,0x47,0x47,0x14,0x01,0x1F,0x72,
    0x43,0x5B,0x49,0x25,0x0F,0x44,0x50,0x1C,0x4F,0x1D,0x48,0x44,0x5E,0x4E,0x4D,0x0A,
    0x52,0x4E,0x53,0x43,0x0B,0x57,0x55,0x60,0x00,0x19,0x5C,0x42,0x5F,0x01,0x48,0x47,
    0x47,0x52,0x1B,0x21,0x4D,0x42,0x55,0x59,0x0E,0x49,0x4C,0x40,0x0C,0x59,0x41,0x5E,
    0x1A,0x40,0x4B,0x06,0x5F,0x56,0x52,0x33,0x0F,0x48,0x4D,0x58,0x0E,0x52,0x42,0x05,
    0x58,0x41,0x4D,0x0A,0x48,0x4E,0x50,0x4B,0x05,0x1E,0xFF,0xDC,0x71,0x45,0x4F,0x01,
    0x5E,0x54,0x4E,0x1E,0x5A,0x34,0x0F,0x59,0x4B,0x59,0x0E,0x5F,0x4B,0x51,0x58,0x46,
    0x45,0x0A,0x55,0x47,0x1F,0x52,0x43,0x5B,0x1B,0x25,0x4E,0x5E,0x57,0x59,0x5C,0x53,
    0x04,0x55,0x45,0x5D,0x08,0x43,0x54,0x01,0x4B,0x4E,0x4E,0x1E,0x6F,0x37,0x40,0x5D,
    0x4A,0x48,0x0E,0x6F,0x4B,0x4A,0x41,0x07,0x08,0x0A,0x6E,0x49,0x5A,0x54,0x4E,0x1E,
    0x52,0x33,0x00,0x18,0x49,0x0A,0x49,0x4C,0x5E,0x4A,0x47,0x1E,0x4B,0x2F,0x40,0x41,
    0x03,0x53,0x48,0x1D,0x4B,0x4C,0x40,0x09,0x41,0x44,0x1A,0x4E,0x51,0x43,0x0B,0x5D,
    0x54,0x32,0x41,0x48,0x51,0x1C,0x41,0x5B,0x04,0x51,0x44,0x4C,0x08,0x5A,0x53,0x55,
    0x11,0x06,0xFF,0xDC,0x71,0x45,0x4F,0x01,0x5E,0x54,0x4E,0x1E,0x5A,0x34,0x0F,0x59,
    0x4B,0x59,0x0E,0x5F,0x4B,0x51,0x58,0x46,0x45,0x0A,0x55,0x47,0x1F,0x52,0x43,0x5B,
    0x1B,0x37,0x4A,0x5E,0x57,0x59,0x5C,0x53,0x04,0x55,0x45,0x5D,0x08,0x43,0x54,0x01,
    0x4B,0x4E,0x4E,0x1E,0x6F,0x37,0x40,0x5D,0x4A,0x48,0x0E,0x6F,0x4B,0x4A,0x41,0x07,
    0x08,0x0A,0x6E,0x49,0x5A,0x54,0x4E,0x1E,0x52,0x33,0x00,0x1A,0x49,0x0A,0x56,0x40,
    0x4D,0x41,0x4E,0x1E,0x53,0x2F,0x43,0x48,0x03,0x55,0x40,0x1D,0x50,0x4D,0x49,0x09,
    0x5F,0x4B,0x56,0x4D,0x1F,0x47,0x49,0x51,0x4E,0x34,0x0F,0x1F,0x16,0x1C,0x48,0x58,
    0x41,0x51,0x0C,0x48,0x4A,0x45,0x4C,0x44,0x1F,0x5F,0x44,0x4B,0x15,0x60,0xFF,0xDF,
    0x71,0x45,0x4F,0x01,0x5C,0x4A,0x4A,0x53,0x59,0x25,0x5D,0x0D,0x56,0x4C,0x0E,0x49,
    0x4C,0x40,0x0C,0x59,0x44,0x4B,0x54,0x55,0x1F,0x47,0x45,0x5A,0x1B,0x33,0x4C,0x58,
    0x51,0x4E,0x57,0x1D,0x50,0x4D,0x5E,0x46,0x5D,0x4D,0x52,0x01,0x4B,0x4E,0x4E,0x1E,
    0x53,0x2F,0x43,0x48,0x03,0x5D,0x5A,0x1D,0x50,0x4D,0x49,0x09,0x5C,0x45,0x4A,0x0F,
    0xFF,0xE0,0x71,0x45,0x4F,0x01,0x5E,0x54,0x4E,0x1E,0x54,0x2E,0x0F,0x59,0x4B,0x59,
    0x0E,0x4A,0x41,0x56,0x58,0x09,0x5B,0x43,0x5E,0x44,0x1F,0x49,0x4D,0x1E,0x4F,0x28,
    0x4A,0x0D,0x45,0x55,0x5D,0x4E,0x51,0x57,0x49,0x09,0x41,0x44,0x1A,0x55,0x57,0x43,
    0x0B,0x76,0x5A,0x2C,0x43,0x0D,0x4C,0x5A,0x0E,0x70,0x4D,0x56,0x58,0x5A,0x06,0x0A,
    0xFF,0xDD,0x71,0x45,0x4F,0x01,0x5E,0x54,0x4E,0x1E,0x52,0x2E,0x0F,0x4C,0x03,0x50,
    0x41,0x4A,0x04,0x4B,0x03,0x5A,0x08,0x5A,0x5B,0x52,0x4C,0x47,0x4C,0x5B,0x1B,0x21,
    0x5B,0x0D,0x42,0x1C,0x46,0x52,0x48,0x40,0x0C,0x40,0x46,0x0A,0x4E,0x49,0x5A,0x06,
    0x4D,0x52,0x54,0x2F,0x5D,0x03,0x03,0x1C,0x7A,0x55,0x41,0x05,0x44,0x46,0x44,0x4F,
    0x1A,0x46,0x50,0x43,0x58,0x1E,0x00,0x0D,0x4C,0x45,0x4D,0x4F,0x1F,0x52,0x44,0x1E,
    0x5A,0x2E,0x0F,0x48,0x0C,0x4B,0x0E,0x4D,0x45,0x56,0x5F,0x48,0x4F,0x4F,0x14,0x01,
    0xFF,0xEE,0x71,0x45,0x4F,0x01,0x5E,0x54,0x4E,0x1E,0x52,0x2E,0x0F,0x59,0x4B,0x59,
    0x0E,0x4E,0x4B,0x50,0x58,0x41,0x08,0x59,0x53,0x45,0x5A,0x06,0x48,0x56,0x5A,0x2D,
    0x4D,0x48,0x51,0x12,0xFF,0xDE,0x71,0x45,0x4F,0x01,0x5E,0x54,0x4E,0x1E,0x52,0x2E,
    0x0F,0x59,0x4B,0x59,0x0E,0x4A,0x41,0x56,0x58,0x09,0x5B,0x43,0x5E,0x44,0x1F,0x45,
    0x43,0x5F,0x56,0x22,0x4A,0x5F,0x03,0x53,0x48,0x1D,0x50,0x4D,0x49,0x09,0x60,0x4B,
    0x56,0x4D,0x1F,0x49,0x4D,0x1E,0x4F,0x28,0x4A,0x0D,0x6E,0x53,0x5B,0x53,0x50,0x44,
    0x45,0x47,0x08,0x61,0x53,0x4F,0x58,0x08,0x00,0x14,0x69,0x0A,0x4A,0x40,0x4C,0x55,
    0x4A,0x59,0x5E,0x60,0x4C,0x42,0x4D,0x48,0x47,0x53,0x51,0x40,0x5F,0x09,0x5F,0x4F,
    0x49,0x55,0x1F,0x47,0x45,0x5A,0x1B,0x35,0x5F,0x0D,0x4B,0x59,0x5C,0x58,0x0A,0x05,
    0xFF,0xFD,0x16,0x0E,0x06,0x01,0xFF,0xF1,0x71,0x45,0x4F,0x01,0x5C,0x47,0x45,0x19,
    0x4F,0x60,0x48,0x48,0x57,0x1C,0x4C,0x44,0x04,0x51,0x44,0x4C,0x08,0x59,0x54,0x40,
    0x54,0x43,0x05,0x1E,0xFF,0xDC,0x71,0x45,0x4F,0x01,0x5E,0x54,0x4E,0x1E,0x52,0x2E,
    0x0F,0x4C,0x03,0x50,0x4F,0x4F,0x43,0x40,0x0C,0x5B,0x47,0x45,0x57,0x0D,0x1F,0x51,
    0x42,0x4A,0x53,0x60,0x4E,0x0D,0x53,0x5D,0x5D,0x4E,0x45,0x42,0x49,0x09,0x5C,0x45,
    0x1A,0x55,0x57,0x43,0x0B,0x4D,0x54,0x35,0x5B,0x45,0x0F,0x1C,0x4F,0x1D,0x54,0x44,
    0x5F,0x5A,0x49,0x4D,0x5F,0x01,0x4B,0x49,0x0B,0x4A,0x53,0x25,0x00,0x00,0x00,0x00,
    0x00,0x00,0x00,0x00,0x00,0x00,0x00,0x00,0x00,0x00,0x00,0x00,0x00,0x00,0x00,0x00,
    0x00,0x00,0x00,0x00,0x00,0x00,0x00,0x00,0x00,0x00,0x00,0x00,0x00,0x00,0x00,0x00,
    0x00,0x00,0x00,0x00,0x00,0x00,0x00,0x00,0x00,0x00,0x00,0x00,0x00,0x00,0x00,0x00,
    0x00,0x00,0x00,0x00,0x00,0x00,0x00,0x00,0x00,0x00,0x00,0x00,0x00,0x00,0x00,0x00,
    0x00,0x24,0x5F,0x4F,0x49,0x55,0x13,0x06,0x4A,0x50,0x5F,0x60,0x4E,0x0D,0x54,0x5D,
    0x42,0x51,0x04,0x4A,0x4A,0x09,0x4A,0x58,0x55,0x4A,0x5A,0x48,0x0B,0x4C,0x54,0x23,
    0x44,0x0D,0x57,0x53,0x0E,0x49,0x4C,0x40,0x0C,0x4C,0x49,0x59,0x4E,0x0F,0x1F,0x06,
    0x7F,0x56,0x5E,0x32,0x4A,0x0D,0x4A,0x4F,0x0E,0x5C,0x04,0x49,0x4D,0x5B,0x4F,0x4F,
    0x1A,0x03,0x66,0x14,0x09,0x1E,0x54,0x2E,0x00,0x0F,0x49,0x0A,0x48,0x4E,0x5C,0x4D,
    0x0B,0x57,0x55,0x60,0x5B,0x45,0x46,0x1C,0x5C,0x52,0x4B,0x48,0x0B,0x5A,0x08,0x49,
    0x5F,0x4F,0x4B,0x43,0x59,0x10,0xFF,0xE5,0x71,0x45,0x4F,0x01,0x5E,0x54,0x4E,0x1E,
    0x52,0x2E,0x0F,0x4C,0x03,0x56,0x5B,0x50,0x46,0x49,0x49,0x09,0x47,0x4C,0x1A,0x53,
    0x50,0x45,0x40,0x12,0x1B,0x37,0x46,0x59,0x4B,0x1C,0x4D,0x4F,0x45,0x46,0x47,0x5A,
    0x08,0x4F,0x4C,0x44,0x4D,0x5F,0x5C,0x56,0x5E,0x32,0x4A,0x03,0xFF,0xDC,0x71,0x45,
    0x4F,0x06,0x4D,0x43,0x0B,0x5F,0x4F,0x60,0x4E,0x0D,0x4F,0x53,0x59,0x1D,0x53,0x4C,
    0x42,0x4D,0x47,0x5D,0x1A,0x4E,0x49,0x43,0x59,0x52,0x54,0x2F,0x44,0x44,0x4D,0x5B,
    0x0E,0x5C,0x04,0x4D,0x59,0x4E,0x4D,0x0A,0x4A,0x48,0x4B,0x0A,0x0B,0x49,0x53,0x29,
    0x4C,0x45,0x03,0x59,0x56,0x49,0x41,0x4B,0x48,0x5A,0x08,0x5F,0x4A,0x01,0x50,0x53,
    0x5F,0x1E,0x54,0x26,0x00,0x24,0x5B,0x43,0x5D,0x49,0x4B,0x08,0x0B,0x1E,0x7A,0x60,
    0x49,0x41,0x4C,0x53,0x5C,0x1D,0x4D,0x56,0x0C,0x40,0x46,0x4E,0x53,0x52,0x4B,0x4F,
    0x45,0x5D,0x4F,0x2C,0x56,0x0D,0x55,0x55,0x5D,0x54,0x46,0x49,0x49,0x09,0x47,0x5C,
    0x5F,0x53,0x1F,0x13,0x1B,0x1E,0x5D,0x25,0x4A,0x59,0x03,0x5E,0x4B,0x51,0x4B,0x52,
    0x02,0x09,0x08,0x7E,0x48,0x40,0x5C,0x43,0x58,0x1E,0x54,0x26,0x00,0x24,0x5F,0x42,
    0x53,0x55,0x5A,0x06,0x46,0x57,0x48,0x34,0x0F,0x4E,0x4C,0x4A,0x4B,0x4F,0x04,0x51,
    0x44,0x4C,0x08,0x4C,0x56,0x4E,0x50,0x54,0x0B,0x51,0x5D,0x60,0x5B,0x45,0x46,0x1C,
    0x5E,0x54,0x50,0x09,0x0C,0x4B,0x4D,0x49,0x55,0x4C,0x56,0x48,0x4C,0x1E,0x4F,0x28,
    0x46,0x4E,0x48,0x59,0x5C,0x1D,0x50,0x4A,0x0C,0x5D,0x40,0x4F,0x1A,0x53,0x56,0x41,
    0x43,0x4A,0x15,0x60,0x00,0x21,0x65,0x4B,0x48,0x4A,0x4C,0x06,0x42,0x50,0x1B,0x34,
    0x47,0x48,0x03,0x58,0x5B,0x4E,0x50,0x05,0x4D,0x5B,0x47,0x5F,0x54,0x45,0x1F,0x52,
    0x43,0x5B,0x1B,0x37,0x46,0x43,0x47,0x53,0x59,0x1D,0x53,0x4A,0x59,0x45,0x4C,0x0A,
    0x49,0x44,0x5A,0x4B,0x0B,0x4A,0x54,0x60,0x46,0x43,0x47,0x55,0x4D,0x5C,0x50,0x40,
    0x0C,0x5D,0x40,0x4B,0x4E,0x01,0x00,0x24,0x5B,0x45,0x57,0x44,0x50,0x48,0x4E,0x1E,
    0x53,0x21,0x5C,0x0D,0x41,0x59,0x4B,0x53,0x04,0x4D,0x49,0x5B,0x4D,0x0A,0x48,0x44,
    0x5C,0x43,0x45,0x4A,0x57,0x39,0x01,0x0D,0x03,0x78,0x47,0x4F,0x41,0x46,0x58,0x45,
    0x51,0x0A,0x5B,0x42,0x4D,0x49,0x58,0x4D,0x1B,0x34,0x47,0x48,0x03,0x4C,0x47,0x49,
    0x04,0x43,0x5E,0x46,0x45,0x0A,0x43,0x4E,0x4A,0x06,0x4A,0x50,0x5F,0x60,0x00,0x24,
    0x1A,0x1F,0x1A,0x47,0x5A,0x43,0x5F,0x1E,0x5A,0x37,0x4E,0x54,0x03,0x48,0x46,0x58,
    0x56,0x40,0x0C,0x40,0x5B,0x0A,0x5B,0x01,0x4C,0x4F,0x46,0x57,0x57,0x21,0x5D,0x0D,
    0x54,0x55,0x40,0x59,0x4B,0x52,0x0C,0x45,0x47,0x45,0x51,0x48,0x51,0x41,0x0B,0x57,
    0x55,0x34,0x40,0x0D,0x42,0x1C,0x42,0x54,0x43,0x4D,0x58,0x4C,0x4C,0x0A,0x48,0x4E,
    0x50,0x4B,0x05,0x1E,0x1B,0x01,0x00,0x1C,0x5B,0x42,0x5B,0x45,0x50,0x51,0x52,0x1E,
    0x5D,0x29,0x48,0x58,0x51,0x59,0x0E,0x5E,0x45,0x4B,0x0C,0x4B,0x4D,0x0A,0x49,0x44,
    0x5A,0x48,0x0B,0x4A,0x53,0x25,0x5D,0x48,0x03,0x4C,0x4B,0x58,0x56,0x4C,0x42,0x4E,
    0x08,0x48,0x5B,0x42,0x54,0x06,0x4A,0x4A,0x1B,0x39,0x40,0x58,0x0D,0x1C,0xFF,0xDD,
    0x71,0x45,0x4F,0x01,0x5E,0x54,0x4E,0x1E,0x52,0x2E,0x0F,0x4C,0x03,0x58,0x47,0x4F,
    0x50,0x5C,0x0C,0x4B,0x5A,0x45,0x51,0x44,0x51,0x06,0x5B,0x5F,0x48,0x33,0x4E,0x4A,
    0x46,0x12,0x0E,0x1D,0x70,0x4A,0x0C,0x5D,0x40,0x4F,0x1A,0x44,0x5E,0x55,0x5F,0x1E,
    0x52,0x33,0x0F,0x4C,0x03,0x5F,0x5C,0x5C,0x53,0x49,0x02,0x09,0x08,0x7E,0x55,0x01,
    0x4B,0x4E,0x4E,0x1E,0x00,0x22,0x5F,0x4F,0x49,0x55,0x1F,0x4F,0x58,0x1E,0x5A,0x60,
    0x43,0x4C,0x51,0x5B,0x4B,0x1D,0x54,0x44,0x5F,0x5A,0x49,0x4D,0x5F,0x0F,0x1F,0x06,
    0x6A,0x5C,0x54,0x36,0x4A,0x0D,0x5A,0x53,0x5B,0x1D,0x4D,0x56,0x0C,0x48,0x08,0x42,
    0x55,0x4D,0x5A,0x06,0x5F,0x51,0x1B,0x21,0x41,0x42,0x57,0x54,0x4B,0x4F,0x04,0x55,
    0x4D,0x5A,0x5B,0x4B,0x5D,0x44,0x11,0x06,0xFF,0xDD,0x71,0x45,0x4F,0x01,0x5E,0x54,
    0x4E,0x1E,0x54,0x2E,0x0F,0x59,0x4B,0x59,0x0E,0x5F,0x56,0x4C,0x42,0x42,0x08,0x45,
    0x5C,0x01,0x5E,0x06,0x58,0x53,0x5A,0x2C,0x43,0x0D,0x40,0x50,0x4B,0x5C,0x4A,0x05,
    0x4F,0x45,0x41,0x47,0x58,0x40,0x5D,0x4A,0x4E,0x1E,0x4B,0x29,0x5B,0x03,0x03,0x1C,
    0x6F,0x1D,0x47,0x57,0x4D,0x5E,0x44,0x0A,0x56,0x44,0x5E,0x42,0x58,0x1E,0x00,0x04,
    0x5F,0x4F,0x49,0x55,0x11,0x06,0xFF,0xDF,0x71,0x45,0x4F,0x01,0x5E,0x54,0x4E,0x1E,
    0x52,0x2E,0x0F,0x59,0x4B,0x59,0x0E,0x5F,0x4B,0x51,0x58,0x46,0x45,0x0A,0x55,0x47,
    0x1F,0x47,0x0B,0x4D,0x56,0x21,0x43,0x41,0x03,0x4C,0x47,0x49,0x04,0x52,0x45,0x5D,
    0x40,0x0A,0x5B,0x01,0x53,0x4F,0x5F,0x4A,0x57,0x25,0x0F,0x5E,0x57,0x4E,0x4B,0x5C,
    0x49,0x09,0x0C,0x5E,0x40,0x43,0x59,0x49,0x00,0x13,0x4D,0x44,0x4E,0x44,0x4D,0x55,
    0x0B,0x5F,0x55,0x24,0x0F,0x48,0x5B,0x55,0x5A,0x4E,0x04,0x51,0x44,0x5B,0x47,0x5F,
    0x5D,0x49,0x1F,0x52,0x42,0x50,0x42,0x60,0x5C,0x41,0x4A,0x48,0x5D,0x13,0xFF,0xDD,
    0x71,0x45,0x4F,0x01,0x5E,0x54,0x4E,0x1E,0x52,0x2E,0x0F,0x4C,0x03,0x50,0x4F,0x4F,
    0x43,0x40,0x0C,0x5B,0x47,0x45,0x57,0x01,0x59,0x53,0x47,0x52,0x1B,0x2F,0x49,0x0D,
    0x47,0x49,0x5D,0x49,0x5D,0x05,0x5E,0x46,0x4B,0x41,0x49,0x0F,0x1F,0x06,0x7F,0x56,
    0x5E,0x32,0x4A,0x0D,0x4A,0x4F,0x0E,0x5C,0x04,0x47,0x45,0x4E,0x08,0x42,0x55,0x4D,
    0x5A,0x06,0x42,0x50,0x00,0x23,0x5C,0x42,0x5F,0x01,0x59,0x4A,0x44,0x51,0x49,0x6E,
    0x0F,0x0D,0x77,0x54,0x4B,0x4F,0x41,0x05,0x4D,0x5B,0x4D,0x0A,0x59,0x53,0x5E,0x45,
    0x40,0x4D,0x1B,0x25,0x59,0x48,0x51,0x45,0x59,0x55,0x41,0x57,0x49,0x05,0x08,0x4B,
    0x54,0x45,0x1F,0x47,0x0B,0x4E,0x5A,0x33,0x5C,0x4C,0x44,0x59,0x0E,0x51,0x41,0x44,
    0x48,0x40,0x46,0x4D,0x1A,0x44,0x5E,0x55,0x5F,0x10,0xFF,0xDC,0x71,0x45,0x4F,0x01,
    0x57,0x47,0x5D,0x5B,0x1B,0x23,0x5D,0x4C,0x54,0x50,0x4B,0x59,0x04,0x51,0x44,0x5B,
    0x47,0x5F,0x5D,0x49,0x1F,0x47,0x0B,0x48,0x5E,0x32,0x56,0x0D,0x4F,0x53,0x59,0x1D,
    0x53,0x4C,0x48,0x4C,0x08,0x5A,0x5B,0x52,0x4C,0x47,0x4C,0x5B,0x1B,0x30,0x4E,0x5F,
    0x42,0x50,0x42,0x58,0x48,0x05,0x58,0x46,0x08,0x4B,0x54,0x45,0x1F,0x48,0x44,0x4C,
    0x4F,0x28,0x00,0x0C,0x47,0x4C,0x1A,0x55,0x57,0x43,0x0B,0x76,0x5A,0x2C,0x43,0x0D,
    0x4C,0x5A,0x0E,0x70,0x4D,0x56,0x58,0x5A,0x06,0x0A,0xFF,0xDC,0x71,0x45,0x4F,0x01,
    0x5E,0x54,0x4E,0x1E,0x5A,0x34,0x0F,0x59,0x4B,0x59,0x0E,0x4A,0x41,0x56,0x58,0x09,
    0x4D,0x44,0x5E,0x01,0x50,0x40,0x0B,0x76,0x5A,0x2C,0x43,0x0D,0x4C,0x5A,0x0E,0x70,
    0x4D,0x56,0x58,0x5A,0x06,0x0A,0x1A,0x60,0x1F,0x4A,0x44,0x49,0x1B,0x37,0x46,0x49,
    0x46,0x1C,0x4D,0x4F,0x45,0x52,0x40,0x09,0x4B,0x45,0x54,0x55,0x56,0x48,0x5E,0x5B,
    0x48,0x60,0x00,0x24,0x5F,0x4F,0x49,0x55,0x1F,0x47,0x45,0x5A,0x1B,0x21,0x41,0x42,
    0x57,0x54,0x4B,0x4F,0x04,0x42,0x43,0x4C,0x5B,0x0A,0x54,0x4E,0x4D,0x52,0x43,0x10,
    0x1B,0x60,0x7B,0x42,0x03,0x48,0x46,0x58,0x04,0x56,0x43,0x5C,0x5C,0x42,0x1A,0x48,
    0x4C,0x06,0x4A,0x1E,0x57,0x29,0x5B,0x59,0x4F,0x59,0x0E,0x4D,0x45,0x56,0x5F,0x48,
    0x4F,0x4F,0x1A,0x17,0x1F,0x40,0x4E,0x5B,0x4F,0x60,0x00,0x08,0x47,0x4C,0x5C,0x01,
    0x4B,0x4E,0x4E,0x1E,0x5D,0x2C,0x40,0x42,0x51,0x12,0xFF,0xE3,0x71,0x45,0x4F,0x01,
    0x5E,0x54,0x4E,0x1E,0x52,0x2E,0x0F,0x4C,0x03,0x51,0x4F,0x47,0x41,0x05,0x43,0x4F,
    0x08,0x5E,0x4D,0x48,0x4C,0x52,0x52,0x1E,0x57,0x29,0x5B,0x59,0x4F,0x59,0x0E,0x4D,
    0x45,0x56,0x5F,0x48,0x4F,0x4F,0x49,0x0D,0x1F,0x47,0x47,0x52,0x1B,0x21,0x43,0x44,
    0x48,0x59,0x00,0x1D,0xFF,0xE3,0x71,0x45,0x4F,0x01,0x5E,0x54,0x4E,0x1E,0x52,0x2E,
    0x0F,0x4C,0x03,0x51,0x4F,0x47,0x41,0x05,0x43,0x4F,0x08,0x5E,0x4D,0x48,0x4C,0x52,
    0x52,0x1E,0x57,0x29,0x5B,0x59,0x4F,0x59,0x0E,0x4D,0x45,0x56,0x5F,0x48,0x4F,0x4F,
    0x49,0x0D,0x1F,0x47,0x47,0x52,0x1B,0x21,0x43,0x44,0x48,0x59,0x00,0x1D,0xFF,0xE3,
    0x71,0x45,0x4F,0x01,0x5E,0x54,0x4E,0x1E,0x52,0x2E,0x0F,0x4C,0x03,0x51,0x4F,0x47,
    0x41,0x05,0x43,0x4F,0x08,0x5E,0x4D,0x48,0x4C,0x52,0x52,0x1E,0x57,0x29,0x5B,0x59,
    0x4F,0x59,0x0E,0x4D,0x45,0x56,0x5F,0x48,0x4F,0x4F,0x49,0x0D,0x1F,0x47,0x47,0x52,
    0x1B,0x21,0x43,0x44,0x48,0x59,0x00,0x1D,0xFF,0xE3,0x71,0x45,0x4F,0x01,0x5E,0x54,
    0x4E,0x1E,0x52,0x2E,0x0F,0x4C,0x03,0x51,0x4F,0x47,0x41,0x05,0x43,0x4F,0x08,0x5E,
    0x4D,0x48,0x4C,0x52,0x52,0x1E,0x57,0x29,0x5B,0x59,0x4F,0x59,0x0E,0x4D,0x45,0x56,
    0x5F,0x48,0x4F,0x4F,0x49,0x0D,0x1F,0x47,0x47,0x52,0x1B,0x21,0x43,0x44,0x48,0x59,
    0x00,0x1D,0xFF,0xFB,0x6C,0x4F,0x5B,0x45,0x1F,0x63,0x45,0x5A,0xFF,0xFB,0x6C,0x4F,
    0x5B,0x45,0x1F,0x63,0x45,0x5A,0xFF,0xFB,0x6C,0x4F,0x5B,0x45,0x1F,0x63,0x45,0x5A,
    0xFF,0xE3,0x71,0x45,0x4F,0x01,0x5E,0x54,0x4E,0x1E,0x52,0x2E,0x0F,0x4C,0x03,0x51,
    0x4F,0x47,0x41,0x05,0x43,0x4F,0x08,0x5E,0x4D,0x48,0x4C,0x52,0x52,0x1E,0x57,0x29,
    0x5B,0x59,0x4F,0x59,0x0E,0x4D,0x45,0x56,0x5F,0x48,0x4F,0x4F,0x49,0x0D,0x1F,0x47,
    0x47,0x52,0x1B,0x21,0x43,0x44,0x48,0x59,0x00,0x1D,0x00,0x00,0x00,0x00,0x00,0x00,
    0x00,0x00,0x00,0x00,0x00,0x00,0x00,0x00,0x00,0x00,0x00,0x00,0x00,0x00,0x00,0x00,
    0x00,0x00,0x00,0x00,0x00,0x00,0x00,0x00,0x00,0x00,0x00,0x00,0x00,0x00,0x00,0x00,
    0x00,0x00,0x00,0x00,0x00,0x00,0x00,0x00,0x00,0x00,0x00,0x00,0x00,0x00,0x00,0x00,
    0xFF,0xE3,0x71,0x45,0x4F,0x01,0x5E,0x54,0x4E,0x1E,0x52,0x2E,0x0F,0x4C,0x03,0x51,
    0x4F,0x47,0x41,0x05,0x43,0x4F,0x08,0x5E,0x4D,0x48,0x4C,0x52,0x52,0x1E,0x57,0x29,
    0x5B,0x59,0x4F,0x59,0x0E,0x4D,0x45,0x56,0x5F,0x48,0x4F,0x4F,0x49,0x0D,0x1F,0x47,
    0x47,0x52,0x1B,0x21,0x43,0x44,0x48,0x59,0x00,0x1D,0xFF,0xE3,0x71,0x45,0x4F,0x01,
    0x5E,0x54,0x4E,0x1E,0x52,0x2E,0x0F,0x4C,0x03,0x51,0x4F,0x47,0x41,0x05,0x43,0x4F,
    0x08,0x5E,0x4D,0x48,0x4C,0x52,0x52,0x1E,0x57,0x29,0x5B,0x59,0x4F,0x59,0x0E,0x4D,
    0x45,0x56,0x5F,0x48,0x4F,0x4F,0x49,0x0D,0x1F,0x47,0x47,0x52,0x1B,0x21,0x43,0x44,
    0x48,0x59,0x00,0x1D,0xFF,0xE3,0x71,0x45,0x4F,0x01,0x5E,0x54,0x4E,0x1E,0x52,0x2E,
    0x0F,0x4C,0x03,0x51,0x4F,0x47,0x41,0x05,0x43,0x4F,0x08,0x5E,0x4D,0x48,0x4C,0x52,
    0x52,0x1E,0x57,0x29,0x5B,0x59,0x4F,0x59,0x0E,0x4D,0x45,0x56,0x5F,0x48,0x4F,0x4F,
    0x49,0x0D,0x1F,0x47,0x47,0x52,0x1B,0x21,0x43,0x44,0x48,0x59,0x00,0x1D,0xFF,0xE3,
    0x71,0x45,0x4F,0x01,0x5E,0x54,0x4E,0x1E,0x52,0x2E,0x0F,0x4C,0x03,0x51,0x4F,0x47,
    0x41,0x05,0x43,0x4F,0x08,0x5E,0x4D,0x48,0x4C,0x52,0x52,0x1E,0x57,0x29,0x5B,0x59,
    0x4F,0x59,0x0E,0x4D,0x45,0x56,0x5F,0x48,0x4F,0x4F,0x49,0x0D,0x1F,0x47,0x47,0x52,
    0x1B,0x21,0x43,0x44,0x48,0x59,0x00,0x1D,0xFF,0xFB,0x6C,0x4F,0x5B,0x45,0x1F,0x63,
    0x45,0x5A,0xFF,0xE3,0x71,0x45,0x4F,0x01,0x5E,0x54,0x4E,0x1E,0x52,0x2E,0x0F,0x4C,
    0x03,0x51,0x4F,0x47,0x41,0x05,0x43,0x4F,0x08,0x5E,0x4D,0x48,0x4C,0x52,0x52,0x1E,
    0x57,0x29,0x5B,0x59,0x4F,0x59,0x0E,0x4D,0x45,0x56,0x5F,0x48,0x4F,0x4F,0x49,0x0D,
    0x1F,0x47,0x47,0x52,0x1B,0x21,0x43,0x44,0x48,0x59,0x00,0x1D,0xFF,0xFB,0x6C,0x4F,
    0x5B,0x45,0x1F,0x63,0x45,0x5A,0xFF,0xDC,0x71,0x45,0x4F,0x01,0x5E,0x54,0x4E,0x1E,
    0x54,0x2E,0x0F,0x59,0x4B,0x59,0x0E,0x5F,0x56,0x4C,0x42,0x42,0x08,0x45,0x5C,0x01,
    0x5E,0x06,0x5F,0x56,0x52,0x32,0x5B,0x54,0x03,0x5A,0x41,0x52,0x50,0x05,0x5C,0x40,
    0x5C,0x0A,0x4D,0x48,0x4B,0x4E,0x0B,0x5F,0x1B,0x2D,0x4E,0x5E,0x50,0x55,0x58,0x58,
    0x04,0x4A,0x5E,0x48,0x46,0x4D,0x5F,0x01,0x5C,0x49,0x47,0x4B,0x56,0x2E,0x00,0x23,
    0x4C,0x45,0x4D,0x4F,0x1F,0x49,0x45,0x5B,0x1B,0x37,0x4E,0x41,0x4F,0x12,0x0E,0x1D,
    0x7D,0x4A,0x59,0x09,0x4B,0x45,0x4F,0x4D,0x5B,0x06,0x48,0x52,0x52,0x2D,0x4D,0x0D,
    0x47,0x53,0x59,0x53,0x04,0x4D,0x49,0x5B,0x4D,0x0A,0x58,0x54,0x4B,0x06,0x52,0x51,
    0x4E,0x60,0x4C,0x42,0x56,0x50,0x4A,0x1D,0x4A,0x4A,0x58,0x09,0x4F,0x4F,0x4E,0x01,
    0x5D,0x47,0x48,0x55,0x00,0x14,0x5D,0x5A,0x14,0x01,0x1F,0x72,0x43,0x5B,0x1B,0x2D,
    0x4E,0x57,0x46,0x1C,0x4D,0x52,0x4A,0x51,0x45,0x47,0x5D,0x4F,0x49,0x01,0x5E,0x52,
    0x0B,0x4A,0x53,0x29,0x5C,0x0D,0x4F,0x59,0x58,0x58,0x48,0x0B,0xFF,0xFB,0x6C,0x4F,
    0x5B,0x45,0x1F,0x63,0x45,0x5A,0xFF,0xDC,0x71,0x45,0x4F,0x01,0x57,0x47,0x5D,0x5B,
    0x1B,0x23,0x5D,0x4C,0x54,0x50,0x4B,0x59,0x04,0x51,0x44,0x5B,0x47,0x5F,0x5D,0x49,
    0x1F,0x47,0x0B,0x48,0x5E,0x32,0x56,0x0D,0x4F,0x53,0x59,0x1D,0x53,0x4C,0x48,0x4C,
    0x08,0x5A,0x5B,0x52,0x4C,0x47,0x4C,0x5B,0x1B,0x30,0x4E,0x5F,0x42,0x50,0x42,0x58,
    0x48,0x05,0x58,0x46,0x08,0x4B,0x54,0x45,0x1F,0x48,0x44,0x4C,0x4F,0x28,0x00,0x0C,
    0x47,0x4C,0x1A,0x55,0x57,0x43,0x0B,0x76,0x5A,0x2C,0x43,0x0D,0x4C,0x5A,0x0E,0x70,
    0x4D,0x56,0x58,0x5A,0x06,0x0A,0xFF,0xDD,0x71,0x45,0x4F,0x01,0x5E,0x54,0x4E,0x1E,
    0x5A,0x34,0x0F,0x59,0x4B,0x59,0x0E,0x58,0x45,0x56,0x58,0x09,0x4D,0x44,0x5E,0x01,
    0x50,0x40,0x0B,0x5F,0x1B,0x36,0x4A,0x5F,0x5A,0x1C,0x42,0x52,0x4A,0x42,0x0C,0x41,
    0x49,0x46,0x56,0x01,0x5E,0x56,0x5B,0x5F,0x49,0x25,0x41,0x59,0x4F,0x45,0x0E,0x4A,
    0x4D,0x51,0x44,0x46,0x5D,0x5E,0x1A,0x52,0x56,0x42,0x4E,0x1E,0x00,0x22,0x4B,0x42,
    0x5B,0x4C,0x5D,0x43,0x59,0x4D,0x15,0x60,0x0F,0x79,0x4C,0x1C,0x5A,0x55,0x41,0x05,
    0x49,0x48,0x5B,0x5E,0x1A,0x40,0x1F,0x4A,0x44,0x49,0x1B,0x37,0x46,0x49,0x46,0x1C,
    0x4D,0x4F,0x45,0x52,0x40,0x09,0x5B,0x46,0x5B,0x4F,0x4B,0x55,0x0B,0x4B,0x4B,0x6E,
    0x0F,0x0D,0x77,0x53,0x0E,0x49,0x4C,0x40,0x0C,0x47,0x47,0x58,0x4E,0x49,0x1F,0x47,
    0x00,0x11,0x5A,0x45,0x4F,0x4F,0x5B,0x06,0x5F,0x49,0x54,0x60,0x49,0x42,0x4C,0x48,
    0x0E,0x55,0x4B,0x49,0x49,0x09,0x5B,0x46,0x5B,0x4F,0x4B,0x55,0x0B,0x5A,0x54,0x37,
    0x41,0x03,0xFF,0xDE,0x71,0x45,0x4F,0x01,0x5E,0x54,0x4E,0x1E,0x5A,0x34,0x0F,0x59,
    0x4B,0x59,0x0E,0x4A,0x41,0x56,0x58,0x09,0x4D,0x44,0x5E,0x01,0x50,0x40,0x0B,0x5F,
    0x1B,0x36,0x4A,0x5F,0x5A,0x1C,0x42,0x52,0x4A,0x42,0x0C,0x4F,0x4D,0x4B,0x4E,0x54,
    0x4D,0x43,0x47,0x5B,0x48,0x33,0x0F,0x45,0x42,0x50,0x42,0x13,0x04,0x05,0x78,0x41,
    0x4D,0x0A,0x52,0x40,0x53,0x4A,0x00,0x17,0x42,0x45,0x53,0x4F,0x4C,0x06,0x5E,0x4E,
    0x1B,0x37,0x46,0x59,0x4B,0x1C,0x4F,0x1D,0x4A,0x44,0x5E,0x5B,0x47,0x5D,0x1A,0x4F,
    0x50,0x54,0x5F,0x56,0x14,0x33,0x40,0x58,0x57,0x54,0x0E,0x4D,0x45,0x56,0x5F,0x48,
    0x4F,0x4F,0x14,0x01,0xFF,0xDF,0x71,0x45,0x4F,0x01,0x5E,0x54,0x4E,0x1E,0x5A,0x34,
    0x0F,0x4C,0x03,0x5F,0x5C,0x52,0x57,0x56,0x43,0x5F,0x4D,0x58,0x1A,0x4E,0x59,0x06,
    0x4A,0x1E,0x53,0x29,0x48,0x45,0x03,0x52,0x01,0x4E,0x04,0x55,0x4D,0x5A,0x5B,0x4B,
    0x5D,0x44,0x1F,0x47,0x45,0x5A,0x1B,0x21,0x0F,0x41,0x4C,0x4B,0x0E,0x58,0x0B,0x52,
    0x0C,0x46,0x46,0x4F,0x14,0x01,0xFF,0xFB,0x6C,0x4F,0x5B,0x45,0x1F,0x63,0x45,0x5A,
    0xFF,0xDC,0x71,0x45,0x4F,0x01,0x5E,0x54,0x4E,0x1E,0x5A,0x34,0x0F,0x4C,0x03,0x5F,
    0x41,0x50,0x54,0x49,0x49,0x51,0x08,0x40,0x4F,0x4F,0x5C,0x52,0x42,0x51,0x55,0x6E,
    0x0F,0x0D,0x62,0x1C,0x42,0x52,0x53,0x05,0x44,0x48,0x46,0x4E,0x49,0x01,0x5E,0x48,
    0x4F,0x1E,0x50,0x2E,0x4A,0x48,0x50,0x1C,0x5E,0x5C,0x57,0x56,0x4D,0x4E,0x4D,0x0A,
    0x5C,0x53,0x50,0x4B,0x0B,0x4A,0x53,0x25,0x00,0x22,0x46,0x45,0x48,0x55,0x57,0x06,
    0x41,0x51,0x52,0x2E,0x5C,0x0D,0x42,0x1C,0x46,0x54,0x43,0x4D,0x49,0x5B,0x08,0x49,
    0x48,0x40,0x48,0x4A,0x0B,0x58,0x49,0x2F,0x42,0x0D,0x57,0x54,0x4B,0x1D,0x41,0x44,
    0x5F,0x5D,0x08,0x5E,0x55,0x01,0x52,0x47,0x40,0x5B,0x1B,0x21,0x0F,0x5A,0x42,0x50,
    0x45,0x54,0x4A,0x42,0x0C,0x59,0x49,0x59,0x49,0x40,0x58,0x43,0x00,0x24,0x4F,0x45,
    0x53,0x4F,0x58,0x06,0x5C,0x5B,0x48,0x34,0x01,0x0D,0x03,0x68,0x46,0x58,0x56,0x40,
    0x0C,0x40,0x5B,0x0A,0x5B,0x4D,0x4C,0x49,0x0B,0x5F,0x1B,0x2C,0x4E,0x5F,0x44,0x59,
    0x0E,0x4F,0x4B,0x4A,0x41,0x09,0x49,0x48,0x55,0x57,0x5A,0x08,0x0B,0x1E,0x6F,0x28,
    0x4A,0x0D,0x42,0x55,0x5C,0x1D,0x4D,0x56,0x0C,0x4D,0x49,0x47,0x4A,0x01,0x57,0x43,
    0x59,0x5B,0x15,0x60,0xFF,0xDD,0x71,0x45,0x4F,0x01,0x5E,0x54,0x4E,0x1E,0x52,0x2E,
    0x0F,0x6F,0x46,0x58,0x5F,0x48,0x4D,0x49,0x58,0x05,0x08,0x4B,0x1A,0x4D,0x50,0x48,
    0x4C,0x1E,0x5E,0x21,0x5C,0x59,0x0C,0x4B,0x4B,0x4E,0x50,0x05,0x5C,0x48,0x5B,0x59,
    0x5B,0x46,0x5A,0x06,0x5C,0x57,0x4F,0x28,0x0F,0x45,0x4C,0x50,0x4B,0x4E,0x04,0x40,
    0x5A,0x4C,0x5A,0x53,0x4D,0x49,0x5A,0x54,0x4E,0x10,0x00,0x1C,0x7C,0x45,0x1A,0x44,
    0x47,0x56,0x47,0x51,0x49,0x25,0x0F,0x4C,0x57,0x1C,0x5C,0x5C,0x4A,0x41,0x43,0x44,
    0x08,0x59,0x5F,0x4D,0x5A,0x45,0x5F,0x1E,0x55,0x2F,0x5D,0x59,0x4B,0x10,0x0E,0x4E,
    0x4B,0x50,0x58,0x41,0x04,0x0A,0x4F,0x51,0x13,0x06,0x44,0x4C,0x1B,0x24,0x40,0x5A,
    0x4D,0x12,0xFF,0xDC,0x71,0x45,0x4F,0x01,0x5E,0x54,0x4E,0x1E,0x52,0x2E,0x0F,0x4C,
    0x03,0x4E,0x41,0x52,0x49,0x05,0x5B,0x41,0x47,0x59,0x5F,0x01,0x48,0x47,0x47,0x52,
    0x48,0x60,0x5D,0x48,0x50,0x59,0x43,0x5F,0x48,0x40,0x0C,0x5A,0x5F,0x43,0x49,0x52,
    0x1F,0x45,0x43,0x5B,0x5E,0x33,0x4A,0x03,0x03,0x1C,0x61,0x5F,0x52,0x4C,0x43,0x5C,
    0x5B,0x0A,0x4A,0x40,0x4C,0x55,0x4A,0x59,0x5E,0x33,0x00,0x23,0x4F,0x45,0x1A,0x56,
    0x5A,0x55,0x5F,0x12,0x1B,0x25,0x4E,0x5E,0x57,0x10,0x0E,0x53,0x41,0x09,0x0C,0x48,
    0x46,0x4E,0x1A,0x4F,0x48,0x08,0x0B,0x1E,0x6B,0x21,0x5D,0x59,0x03,0x53,0x48,0x1D,
    0x50,0x4D,0x49,0x09,0x5A,0x45,0x55,0x4C,0x1F,0x4F,0x58,0x1E,0x54,0x23,0x4C,0x58,
    0x53,0x55,0x4B,0x59,0x04,0x47,0x55,0x09,0x49,0x0A,0x56,0x40,0x4D,0x41,0x4E,0x1E,
    0x00,0x08,0x4A,0x4F,0x5E,0x53,0x50,0x45,0x40,0x1E,0x59,0x2C,0x40,0x4E,0x48,0x12,
    0xFF,0xE0,0x71,0x45,0x4F,0x01,0x5E,0x54,0x4E,0x1E,0x5A,0x34,0x0F,0x59,0x4B,0x59,
    0x0E,0x58,0x45,0x56,0x58,0x09,0x4D,0x44,0x5E,0x01,0x50,0x40,0x0B,0x4A,0x53,0x25,
    0x0F,0x79,0x54,0x53,0x5E,0x54,0x50,0x05,0x5E,0x46,0x47,0x47,0x14,0x01,0x1F,0x72,
    0x43,0x5B,0x1B,0x26,0x43,0x42,0x4C,0x4E,0x0E,0x55,0x41,0x57,0x49,0x09,0x41,0x59,
    0x00,0x24,0x44,0x43,0x4E,0x55,0x5A,0x54,0x4E,0x5A,0x1B,0x37,0x46,0x59,0x4B,0x1C,
    0x5A,0x55,0x4D,0x4B,0x0C,0x5B,0x47,0x49,0x51,0x01,0x4C,0x4A,0x4A,0x5C,0x48,0x6C,
    0x0F,0x5A,0x4B,0x55,0x4D,0x55,0x04,0x48,0x4D,0x42,0x4D,0x0A,0x53,0x55,0x1F,0x43,
    0x4A,0x4D,0x42,0x60,0x5B,0x42,0x03,0x58,0x4B,0x4E,0x47,0x40,0x42,0x4D,0x08,0x5E,
    0x52,0x44,0x1F,0x56,0x42,0x4A,0x48,0x6E,0x00,0x24,0x7C,0x42,0x5F,0x53,0x5A,0x06,
    0x42,0x4D,0x1B,0x21,0x0F,0x5D,0x42,0x48,0x46,0x1D,0x4C,0x40,0x5E,0x4C,0x08,0x48,
    0x43,0x51,0x5E,0x55,0x58,0x57,0x55,0x27,0x0F,0x59,0x4B,0x59,0x0E,0x4D,0x4D,0x51,
    0x5F,0x09,0x5C,0x45,0x1A,0x42,0x50,0x48,0x45,0x5B,0x58,0x34,0x0F,0x5D,0x42,0x4F,
    0x5D,0x5C,0x43,0x40,0x5F,0x09,0x4E,0x58,0x55,0x4C,0x1F,0x43,0x4A,0x4D,0x4F,0x60,
    0x00,0x00,0x00,0x00,0x00,0x00,0x00,0x00,0x00,0x00,0x00,0x00,0x00,0x00,0x00,0x00,
    0x00,0x00,0x00,0x00,0x00,0x00,0x00,0x00,0x00,0x00,0x00,0x00,0x00,0x00,0x00,0x00,
    0x00,0x00,0x00,0x00,0x00,0x00,0x00,0x00,0x00,0x00,0x00,0x00,0x00,0x00,0x00,0x00,
    0x00,0x00,0x00,0x00,0x00,0x00,0x00,0x00,0x00,0x00,0x00,0x00,0x00,0x00,0x00,0x00,
    0x00,0x23,0x49,0x44,0x5E,0x01,0x48,0x43,0x58,0x4A,0x15,0x60,0x0F,0x79,0x4B,0x59,
    0x5C,0x58,0x04,0x44,0x5E,0x4C,0x08,0x42,0x55,0x4D,0x5A,0x55,0x0B,0x5F,0x57,0x2C,
    0x0F,0x42,0x55,0x59,0x5C,0x11,0x04,0x47,0x59,0x5D,0x08,0x5E,0x52,0x44,0x1F,0x49,
    0x45,0x52,0x42,0x60,0x4D,0x44,0x44,0x1C,0x41,0x53,0x41,0x05,0x45,0x5A,0x08,0x45,
    0x54,0x01,0x4B,0x4E,0x4E,0x1E,0x00,0x1E,0x5F,0x4B,0x56,0x4D,0x1F,0x42,0x42,0x4C,
    0x5E,0x23,0x5B,0x41,0x5A,0x1C,0x41,0x4B,0x41,0x57,0x0C,0x5D,0x40,0x4F,0x1A,0x56,
    0x5A,0x55,0x5F,0x1E,0x4B,0x29,0x5B,0x0D,0x54,0x54,0x4B,0x4F,0x41,0x05,0x55,0x46,
    0x5D,0x0A,0x59,0x40,0x51,0x01,0x5F,0x1E,0x5C,0x25,0x5B,0x0D,0x57,0x53,0x0E,0x54,
    0x50,0x0B,0xFF,0xDC,0x71,0x45,0x4F,0x01,0x5E,0x54,0x4E,0x1E,0x52,0x2E,0x0F,0x4C,
    0x03,0x50,0x4F,0x4F,0x43,0x40,0x0C,0x45,0x47,0x5D,0x1A,0x42,0x56,0x54,0x48,0x4B,
    0x57,0x21,0x5D,0x0D,0x40,0x54,0x4F,0x50,0x46,0x40,0x5E,0x09,0x5F,0x42,0x55,0x52,
    0x5A,0x06,0x4D,0x52,0x54,0x2F,0x5D,0x0D,0x4A,0x4F,0x0E,0x5C,0x4A,0x05,0x45,0x44,
    0x45,0x4F,0x54,0x52,0x5A,0x06,0x58,0x52,0x5A,0x22,0x00,0x23,0x4E,0x4B,0x56,0x4D,
    0x5A,0x48,0x0B,0x58,0x49,0x2F,0x42,0x0D,0x57,0x54,0x4B,0x1D,0x47,0x40,0x45,0x45,
    0x41,0x44,0x5D,0x01,0x17,0x75,0x47,0x5F,0x59,0x60,0x7D,0x42,0x4C,0x51,0x07,0x13,
    0x04,0x05,0x69,0x48,0x5B,0x5E,0x1A,0x40,0x51,0x42,0x0B,0x49,0x5E,0x33,0x5B,0x0D,
    0x57,0x54,0x4B,0x4F,0x41,0x05,0x43,0x47,0x4B,0x4F,0x1A,0x56,0x5A,0x54,0x4E,0x1E,
    0x00,0x22,0x44,0x4B,0x48,0x46,0x5A,0x06,0x5B,0x5F,0x48,0x33,0x4E,0x4A,0x46,0x4F,
    0x02,0x1D,0x46,0x50,0x58,0x09,0x5C,0x42,0x5F,0x58,0x1F,0x47,0x59,0x5B,0x1B,0x2E,
    0x40,0x5A,0x03,0x5A,0x47,0x51,0x48,0x40,0x48,0x09,0x5F,0x43,0x4E,0x49,0x1F,0x44,
    0x44,0x4B,0x57,0x24,0x4A,0x5F,0x50,0x12,0x0E,0x1D,0x68,0x4A,0x5B,0x09,0x5B,0x47,
    0x5B,0x4D,0x53,0x06,0x00,0x22,0x58,0x4B,0x49,0x52,0x5E,0x41,0x4E,0x4D,0x1B,0x27,
    0x40,0x0D,0x4D,0x53,0x5C,0x49,0x4C,0x05,0x4D,0x47,0x4C,0x0A,0x49,0x4E,0x4A,0x52,
    0x43,0x12,0x1B,0x21,0x41,0x49,0x03,0x48,0x46,0x58,0x04,0x56,0x43,0x5C,0x5C,0x42,
    0x1A,0x4E,0x51,0x43,0x0B,0x4F,0x4E,0x29,0x4C,0x46,0x4F,0x45,0x0E,0x5F,0x41,0x4B,
    0x48,0x5A,0x08,0x5D,0x5F,0x52,0x4B,0x06,0x00,0x0B,0x49,0x58,0x55,0x54,0x51,0x42,
    0x0B,0x4A,0x53,0x25,0x0F,0x4F,0x4C,0x49,0x42,0x59,0x41,0x57,0x5F,0x07,0xFF,0xE6,
    0x71,0x45,0x4F,0x01,0x5E,0x54,0x4E,0x1E,0x52,0x2E,0x0F,0x4C,0x03,0x4F,0x4B,0x5E,
    0x56,0x40,0x58,0x09,0x46,0x05,0x49,0x01,0x5C,0x47,0x45,0x47,0x54,0x2E,0x0F,0x4C,
    0x41,0x53,0x58,0x58,0x04,0x44,0x0C,0x45,0x49,0x58,0x5D,0x44,0x1F,0x54,0x44,0x51,
    0x56,0x6E,0xFF,0xE3,0x71,0x45,0x4F,0x01,0x5E,0x54,0x4E,0x1E,0x52,0x2E,0x0F,0x4C,
    0x03,0x4F,0x4B,0x5E,0x56,0x40,0x58,0x09,0x46,0x05,0x49,0x01,0x5C,0x47,0x45,0x47,
    0x54,0x2E,0x0F,0x4C,0x41,0x53,0x58,0x58,0x04,0x44,0x0C,0x5A,0x41,0x50,0x5B,0x43,
    0x53,0x43,0x0B,0x4E,0x5A,0x33,0x5C,0x4C,0x44,0x59,0x00,0x1D,0xFF,0xDE,0x71,0x45,
    0x4F,0x01,0x5E,0x54,0x4E,0x1E,0x52,0x2E,0x0F,0x4C,0x03,0x4F,0x4B,0x5E,0x56,0x40,
    0x58,0x09,0x4B,0x4B,0x54,0x58,0x50,0x48,0x0B,0x5F,0x4F,0x60,0x4E,0x0D,0x49,0x49,
    0x40,0x5E,0x50,0x4C,0x43,0x47,0x08,0x45,0x5C,0x01,0x4B,0x4E,0x59,0x5B,0x5E,0x60,
    0x4C,0x4C,0x4D,0x45,0x41,0x53,0x57,0x09,0x0C,0x4B,0x4D,0x4B,0x48,0x48,0x51,0x41,
    0x00,0x21,0x46,0x45,0x48,0x55,0x57,0x0A,0x0B,0x4D,0x54,0x35,0x5B,0x45,0x0F,0x1C,
    0x4F,0x53,0x40,0x05,0x5F,0x4C,0x06,0x0A,0x1A,0x75,0x57,0x43,0x0B,0x50,0x54,0x32,
    0x5B,0x45,0x03,0x53,0x40,0x58,0x04,0x4C,0x5F,0x09,0x49,0x59,0x1A,0x55,0x5E,0x4A,
    0x47,0x1E,0x5A,0x33,0x0F,0x59,0x4B,0x59,0x0E,0x52,0x50,0x4D,0x49,0x5B,0x08,0x5E,
    0x4D,0x4E,0x00,0x06,0x4B,0x45,0x57,0x43,0x56,0x48,0x4E,0x5A,0x15,0x60,0xFF,0xE1,
    0x71,0x45,0x4F,0x01,0x5E,0x54,0x4E,0x1E,0x52,0x2E,0x0F,0x4C,0x03,0x50,0x4F,0x4F,
    0x43,0x40,0x0C,0x45,0x47,0x5D,0x1A,0x53,0x50,0x49,0x46,0x10,0x1B,0x60,0x6C,0x5F,
    0x42,0x4B,0x42,0x4E,0x04,0x49,0x49,0x48,0x4C,0x0A,0x54,0x4E,0x4D,0x52,0x43,0x12,
    0x1B,0x33,0x4A,0x01,0x03,0x5D,0x40,0x59,0x04,0x56,0x5B,0x07,0xFF,0xF7,0x6C,0x4F,
    0x5B,0x45,0x1F,0x43,0x45,0x5A,0x1B,0x23,0x5D,0x4C,0x54,0x50,0x00,0x1D,0xFF,0xDE,
    0x71,0x45,0x4F,0x01,0x5E,0x54,0x4E,0x1E,0x52,0x2E,0x0F,0x4C,0x03,0x4F,0x4B,0x5E,
    0x56,0x40,0x58,0x09,0x4B,0x4B,0x54,0x58,0x50,0x48,0x0B,0x49,0x53,0x29,0x4C,0x45,
    0x03,0x54,0x4B,0x4F,0x41,0x05,0x5E,0x5C,0x46,0x59,0x1A,0x44,0x10,0x51,0x05,0x1E,
    0x1B,0x09,0x5B,0x0D,0x40,0x4E,0x41,0x4E,0x57,0x40,0x5F,0x09,0x47,0x5C,0x5F,0x53,
    0x1F,0x47,0x00,0x23,0x5E,0x4F,0x48,0x58,0x1F,0x52,0x42,0x59,0x53,0x34,0x0F,0x4E,
    0x42,0x52,0x57,0x52,0x4A,0x05,0x1D,0x1C,0x08,0x4C,0x5F,0x44,0x4B,0x06,0x49,0x5B,
    0x57,0x2F,0x58,0x03,0x03,0x1C,0x67,0x5B,0x04,0x5C,0x43,0x5C,0x08,0x4D,0x55,0x01,
    0x5B,0x49,0x5C,0x50,0x1B,0x39,0x40,0x58,0x03,0x51,0x4F,0x44,0x04,0x4B,0x43,0x5D,
    0x08,0x48,0x5F,0x01,0x5E,0x44,0x47,0x5B,0x00,0x09,0x5C,0x45,0x1A,0x46,0x5A,0x52,
    0x0B,0x5C,0x5A,0x23,0x44,0x0D,0x56,0x4C,0x00,0x1D,0xFF,0xE5,0x71,0x45,0x4F,0x01,
    0x5E,0x54,0x4E,0x1E,0x5A,0x34,0x0F,0x4C,0x03,0x4B,0x47,0x59,0x41,0x05,0x5C,0x45,
    0x49,0x49,0x5F,0x01,0x56,0x48,0x0B,0x5F,0x1B,0x36,0x4A,0x5F,0x5A,0x1C,0x5A,0x54,
    0x43,0x4D,0x58,0x09,0x46,0x05,0x49,0x01,0x5C,0x47,0x45,0x47,0x54,0x2E,0x01,0x0D,
    0xFF,0xE4,0x7C,0x42,0x5F,0x01,0x5C,0x47,0x45,0x47,0x54,0x2E,0x0F,0x45,0x46,0x4E,
    0x4B,0x1D,0x46,0x40,0x4F,0x46,0x45,0x4F,0x49,0x01,0x4B,0x49,0x44,0x1E,0x4F,0x29,
    0x48,0x45,0x57,0x1C,0x5A,0x52,0x04,0x42,0x43,0x09,0x4E,0x5F,0x48,0x55,0x57,0x43,
    0x59,0x1E,0x48,0x2F,0x5A,0x59,0x4B,0x12,0xFF,0xDC,0x71,0x45,0x4F,0x01,0x5E,0x54,
    0x4E,0x1E,0x52,0x2E,0x0F,0x4C,0x03,0x48,0x4F,0x51,0x48,0x05,0x49,0x06,0x5F,0x0A,
    0x59,0x40,0x51,0x5F,0x44,0x50,0x15,0x60,0x0F,0x6C,0x03,0x50,0x41,0x4A,0x04,0x51,
    0x45,0x4E,0x40,0x5E,0x1A,0x42,0x4D,0x47,0x5C,0x52,0x1B,0x27,0x40,0x48,0x50,0x1C,
    0x1D,0x1D,0x42,0x40,0x49,0x5D,0x08,0x44,0x55,0x53,0x4B,0x4E,0x0B,0x5F,0x55,0x24,
    0x00,0x0A,0x5B,0x4F,0x5F,0x4C,0x4C,0x06,0x5F,0x51,0x1B,0x2F,0x5F,0x48,0x4D,0x1C,
    0x5B,0x4D,0x0A,0x05,0xFF,0xE5,0x7C,0x42,0x5F,0x01,0x5C,0x47,0x45,0x47,0x54,0x2E,
    0x0F,0x5F,0x56,0x52,0x5D,0x1D,0x4D,0x4B,0x58,0x46,0x08,0x4B,0x1A,0x4C,0x5E,0x55,
    0x58,0x1E,0x54,0x26,0x0F,0x4F,0x4C,0x49,0x42,0x59,0x41,0x57,0x5F,0x09,0x05,0x07,
    0x1A,0x45,0x5A,0x47,0x4F,0x1E,0x5E,0x2E,0x4B,0x03,0xFF,0xDD,0x7C,0x42,0x5F,0x01,
    0x4C,0x52,0x59,0x5B,0x5A,0x2D,0x0F,0x4B,0x4F,0x53,0x59,0x4E,0x04,0x4A,0x59,0x5D,
    0x08,0x5E,0x52,0x53,0x50,0x53,0x4C,0x56,0x1B,0x21,0x0F,0x5D,0x42,0x55,0x5C,0x1D,
    0x4B,0x43,0x0C,0x18,0x08,0x4C,0x55,0x4E,0x4B,0x06,0x4F,0x57,0x5A,0x2D,0x4A,0x59,
    0x46,0x4E,0x0E,0x4E,0x41,0x52,0x49,0x5B,0x08,0x5A,0x53,0x51,0x5A,0x55,0x05,0x1E,
    0x00,0x14,0x61,0x5E,0x1A,0x56,0x50,0x53,0x47,0x5A,0x1B,0x22,0x4A,0x0D,0x42,0x58,
    0x58,0x54,0x57,0x44,0x4E,0x45,0x4D,0x0A,0x4E,0x4E,0x1F,0x53,0x58,0x5B,0x1B,0x34,
    0x47,0x48,0x03,0x59,0x56,0x54,0x50,0x0B,0xFF,0xE3,0x71,0x45,0x4F,0x01,0x5E,0x54,
    0x4E,0x1E,0x52,0x2E,0x0F,0x4C,0x03,0x51,0x4F,0x47,0x41,0x05,0x43,0x4F,0x08,0x5E,
    0x4D,0x48,0x4C,0x52,0x52,0x1E,0x57,0x29,0x5B,0x59,0x4F,0x59,0x0E,0x4D,0x45,0x56,
    0x5F,0x48,0x4F,0x4F,0x49,0x0D,0x1F,0x47,0x47,0x52,0x1B,0x21,0x43,0x44,0x48,0x59,
    0x00,0x1D,0xFF,0xFB,0x6C,0x4F,0x5B,0x45,0x1F,0x63,0x45,0x5A,0xFF,0xFB,0x6C,0x4F,
    0x5B,0x45,0x1F,0x63,0x45,0x5A,0xFF,0xE3,0x71,0x45,0x4F,0x01,0x5E,0x54,0x4E,0x1E,
    0x52,0x2E,0x0F,0x4C,0x03,0x51,0x4F,0x47,0x41,0x05,0x43,0x4F,0x08,0x5E,0x4D,0x48,
    0x4C,0x52,0x52,0x1E,0x57,0x29,0x5B,0x59,0x4F,0x59,0x0E,0x4D,0x45,0x56,0x5F,0x48,
    0x4F,0x4F,0x49,0x0D,0x1F,0x47,0x47,0x52,0x1B,0x21,0x43,0x44,0x48,0x59,0x00,0x1D,
    0xFF,0xE3,0x71,0x45,0x4F,0x01,0x5E,0x54,0x4E,0x1E,0x52,0x2E,0x0F,0x4C,0x03,0x51,
    0x4F,0x47,0x41,0x05,0x43,0x4F,0x08,0x5E,0x4D,0x48,0x4C,0x52,0x52,0x1E,0x57,0x29,
    0x5B,0x59,0x4F,0x59,0x0E,0x4D,0x45,0x56,0x5F,0x48,0x4F,0x4F,0x49,0x0D,0x1F,0x47,
    0x47,0x52,0x1B,0x21,0x43,0x44,0x48,0x59,0x00,0x1D,0xFF,0xFB,0x6C,0x4F,0x5B,0x45,
    0x1F,0x63,0x45,0x5A,0xFF,0xFB,0x6C,0x4F,0x5B,0x45,0x1F,0x63,0x45,0x5A,0xFF,0xE3,
    0x71,0x45,0x4F,0x01,0x5E,0x54,0x4E,0x1E,0x52,0x2E,0x0F,0x4C,0x03,0x51,0x4F,0x47,
    0x41,0x05,0x43,0x4F,0x08,0x5E,0x4D,0x48,0x4C,0x52,0x52,0x1E,0x57,0x29,0x5B,0x59,
    0x4F,0x59,0x0E,0x4D,0x45,0x56,0x5F,0x48,0x4F,0x4F,0x49,0x0D,0x1F,0x47,0x47,0x52,
    0x1B,0x21,0x43,0x44,0x48,0x59,0x00,0x1D,0xFF,0xDE,0x71,0x45,0x4F,0x01,0x5E,0x54,
    0x4E,0x1E,0x52,0x2E,0x0F,0x4C,0x03,0x50,0x41,0x53,0x43,0x09,0x0C,0x47,0x49,0x58,
    0x48,0x4E,0x48,0x06,0x48,0x51,0x49,0x32,0x46,0x49,0x4C,0x4E,0x0E,0x4E,0x50,0x57,
    0x49,0x5D,0x4B,0x42,0x53,0x4F,0x58,0x06,0x44,0x4B,0x4F,0x60,0x40,0x4B,0x03,0x4F,
    0x47,0x5A,0x4C,0x51,0x0C,0x5D,0x47,0x0A,0x4E,0x49,0x5A,0x06,0x00,0x21,0x5F,0x4F,
    0x49,0x55,0x11,0x06,0x0B,0x7F,0x4F,0x60,0x5B,0x45,0x46,0x1C,0x4B,0x5C,0x57,0x51,
    0x49,0x5B,0x46,0x0A,0x5F,0x4F,0x5B,0x06,0x42,0x4D,0x1B,0x21,0x0F,0x45,0x4C,0x50,
    0x4B,0x1D,0x50,0x4D,0x5E,0x46,0x5D,0x4D,0x52,0x01,0x48,0x4E,0x42,0x5D,0x53,0x60,
    0x56,0x42,0x56,0x1C,0x4D,0x5C,0x4A,0x05,0x5F,0x4C,0x4D,0x0A,0x5B,0x01,0x00,0x0B,
    0x58,0x58,0x55,0x47,0x4A,0x55,0x42,0x51,0x55,0x60,0x40,0x4B,0x03,0x50,0x4B,0x5C,
    0x52,0x40,0x5F,0x07,0x00,0x00,0x00,0x00,0x00,0x00,0x00,0x00,0x00,0x00,0x00,0x00,
    0xFF,0xDD,0x7C,0x42,0x5F,0x53,0x5A,0x06,0x42,0x4D,0x1B,0x2E,0x40,0x59,0x4B,0x55,
    0x40,0x5A,0x04,0x4D,0x49,0x5B,0x4D,0x0A,0x4E,0x4E,0x1F,0x45,0x47,0x57,0x56,0x22,
    0x01,0x0D,0x03,0x69,0x5D,0x58,0x04,0x07,0x59,0x59,0x0A,0x0A,0x55,0x53,0x1F,0x04,
    0x44,0x4B,0x4F,0x62,0x0F,0x59,0x4C,0x1C,0x42,0x58,0x45,0x53,0x49,0x09,0x5C,0x42,
    0x5F,0x01,0x4F,0x4F,0x5F,0x10,0xFF,0xE6,0x71,0x45,0x4F,0x01,0x57,0x47,0x5D,0x5B,
    0x1B,0x23,0x43,0x44,0x4E,0x5E,0x4B,0x59,0x04,0x50,0x5C,0x09,0x5C,0x42,0x5F,0x01,
    0x4F,0x4A,0x4A,0x50,0x4F,0x60,0x4E,0x43,0x47,0x1C,0x41,0x48,0x50,0x05,0x43,0x4F,
    0x08,0x5E,0x52,0x44,0x1F,0x56,0x42,0x4A,0x15,0x60,0xFF,0xDD,0x71,0x45,0x4F,0x01,
    0x5E,0x54,0x4E,0x1E,0x5A,0x34,0x0F,0x59,0x4B,0x59,0x0E,0x49,0x4B,0x55,0x0C,0x46,
    0x4E,0x0A,0x5B,0x01,0x4C,0x52,0x4E,0x5B,0x4B,0x60,0x46,0x43,0x40,0x50,0x47,0x53,
    0x41,0x05,0x4D,0x4B,0x47,0x5C,0x5F,0x01,0x5E,0x06,0x47,0x5F,0x49,0x27,0x4A,0x0D,
    0x51,0x53,0x41,0x50,0x0A,0x05,0x0C,0x70,0x47,0x5F,0x1A,0x42,0x50,0x53,0x47,0x5A,
    0x00,0x23,0x4B,0x46,0x53,0x4C,0x5D,0x06,0x4F,0x51,0x4C,0x2E,0x0F,0x45,0x46,0x4E,
    0x4B,0x11,0x04,0x47,0x59,0x5D,0x08,0x53,0x55,0x54,0x1F,0x51,0x44,0x4B,0x57,0x24,
    0x0F,0x43,0x4C,0x48,0x0E,0x5F,0x41,0x05,0x4D,0x4B,0x44,0x4F,0x1A,0x55,0x50,0x06,
    0x48,0x52,0x52,0x2D,0x4D,0x0D,0x56,0x4C,0x00,0x1D,0x04,0x71,0x44,0x4C,0x5A,0x4F,
    0x1A,0x48,0x4C,0x06,0x4A,0x1E,0x00,0x12,0x58,0x4B,0x49,0x52,0x5E,0x41,0x4E,0x1E,
    0x57,0x25,0x4E,0x49,0x4A,0x52,0x49,0x1D,0x46,0x44,0x4F,0x42,0x08,0x5E,0x55,0x01,
    0x4B,0x4E,0x4E,0x1E,0x55,0x2F,0x5D,0x59,0x4B,0x12,0xFF,0xDD,0x71,0x45,0x4F,0x01,
    0x5E,0x54,0x4E,0x1E,0x52,0x2E,0x0F,0x59,0x4B,0x59,0x0E,0x7A,0x4D,0x44,0x42,0x5D,
    0x08,0x78,0x55,0x4E,0x52,0x08,0x0B,0x1E,0x6F,0x28,0x4A,0x0D,0x40,0x59,0x47,0x51,
    0x4D,0x4B,0x4B,0x09,0x40,0x4F,0x48,0x44,0x1F,0x4F,0x58,0x1E,0x4F,0x2F,0x40,0x0D,
    0x4B,0x55,0x49,0x55,0x04,0x50,0x5C,0x09,0x4E,0x45,0x48,0x01,0x46,0x49,0x5E,0x4C,
    0x00,0x24,0x44,0x4B,0x57,0x51,0x1F,0x52,0x44,0x1E,0x48,0x28,0x40,0x5A,0x03,0x55,
    0x5A,0x13,0x04,0x05,0x6F,0x48,0x5E,0x4F,0x48,0x4F,0x50,0x53,0x58,0x1E,0x4B,0x21,
    0x5C,0x5E,0x42,0x5B,0x4B,0x4E,0x04,0x49,0x49,0x48,0x4C,0x0A,0x5F,0x40,0x4C,0x52,
    0x07,0x1E,0x55,0x2F,0x5D,0x59,0x4B,0x10,0x0E,0x5C,0x4A,0x41,0x0C,0x5A,0x47,0x5F,
    0x4E,0x49,0x11,0x06,0x0B,0x71,0x55,0x60,0x00,0x23,0x5C,0x42,0x5F,0x01,0x48,0x43,
    0x58,0x4A,0x1B,0x37,0x4E,0x41,0x4F,0x1C,0x47,0x4E,0x04,0x56,0x4F,0x5B,0x49,0x5D,
    0x56,0x44,0x5B,0x06,0x5F,0x56,0x5E,0x60,0x46,0x43,0x50,0x5F,0x5C,0x54,0x54,0x51,
    0x45,0x46,0x46,0x06,0x1A,0x03,0x79,0x63,0x6E,0x1E,0x7D,0x09,0x6A,0x0D,0x65,0x73,
    0x6B,0x1D,0x62,0x6A,0x63,0x0B,0x08,0x71,0x49,0x48,0x5C,0x7B,0x05,0x1E,0xFF,0xE7,
    0x7C,0x42,0x5F,0x01,0x4F,0x47,0x58,0x4D,0x5A,0x27,0x4A,0x0D,0x4B,0x59,0x5C,0x58,
    0x04,0x4C,0x5F,0x09,0x4A,0x46,0x55,0x42,0x54,0x43,0x4F,0x1E,0x59,0x39,0x0F,0x4C,
    0x03,0x4E,0x4B,0x5E,0x41,0x4B,0x58,0x09,0x4B,0x4B,0x4C,0x44,0x12,0x4F,0x45,0x10,
    0xFF,0xE4,0x71,0x45,0x4F,0x01,0x5E,0x54,0x4E,0x1E,0x5A,0x34,0x0F,0x42,0x4D,0x59,
    0x0E,0x58,0x4A,0x41,0x0C,0x46,0x4E,0x0A,0x5B,0x4F,0x1F,0x4F,0x46,0x53,0x5E,0x2E,
    0x5C,0x48,0x03,0x52,0x41,0x4F,0x50,0x4D,0x03,0x5A,0x47,0x5F,0x4E,0x49,0x1F,0x56,
    0x4A,0x4D,0x48,0x21,0x48,0x48,0x0D,0x1C,0xFF,0xDC,0x71,0x45,0x4F,0x01,0x5E,0x54,
    0x4E,0x1E,0x52,0x2E,0x0F,0x4C,0x03,0x51,0x4F,0x5A,0x4A,0x4C,0x4A,0x40,0x4B,0x4F,
    0x54,0x55,0x1F,0x45,0x4A,0x48,0x5E,0x32,0x41,0x0D,0x54,0x55,0x5A,0x55,0x04,0x44,
    0x0C,0x5B,0x5D,0x59,0x52,0x48,0x51,0x41,0x0B,0x4D,0x4F,0x32,0x4A,0x4C,0x4E,0x10,
    0x0E,0x4A,0x4C,0x4C,0x4F,0x41,0x08,0x49,0x5B,0x52,0x5C,0x47,0x4F,0x5B,0x48,0x60,
    0x00,0x23,0x47,0x5C,0x5F,0x53,0x1F,0x47,0x0B,0x4D,0x4B,0x21,0x5D,0x46,0x4F,0x55,
    0x40,0x5A,0x04,0x52,0x4D,0x5D,0x4D,0x58,0x5C,0x40,0x53,0x4A,0x0B,0x57,0x55,0x34,
    0x40,0x0D,0x42,0x1C,0x5C,0x52,0x45,0x57,0x45,0x47,0x4F,0x0A,0x4D,0x49,0x56,0x54,
    0x47,0x4E,0x54,0x2F,0x43,0x0D,0x54,0x54,0x47,0x5E,0x4C,0x05,0x48,0x40,0x5B,0x4B,
    0x4A,0x51,0x5A,0x47,0x59,0x4D,0x00,0x22,0x5C,0x42,0x48,0x4E,0x4A,0x41,0x43,0x1E,
    0x5A,0x60,0x47,0x42,0x4F,0x59,0x0E,0x54,0x4A,0x05,0x58,0x41,0x4D,0x0A,0x5C,0x4D,
    0x50,0x49,0x59,0x10,0x1B,0x60,0x7F,0x4C,0x50,0x4F,0x4F,0x5A,0x41,0x56,0x0C,0x4C,
    0x50,0x43,0x4E,0x01,0x4B,0x49,0x0B,0x4A,0x53,0x25,0x0F,0x5E,0x4C,0x49,0x5A,0x55,
    0x04,0x44,0x42,0x4D,0x08,0x5D,0x5F,0x52,0x4B,0x08,0xFF,0xDC,0x71,0x45,0x4F,0x01,
    0x5E,0x54,0x4E,0x1E,0x52,0x2E,0x0F,0x59,0x4B,0x59,0x0E,0x6E,0x4B,0x43,0x58,0x09,
    0x7A,0x45,0x55,0x4C,0x11,0x06,0x0B,0x6A,0x53,0x25,0x0F,0x5A,0x42,0x50,0x42,0x4E,
    0x04,0x44,0x5E,0x4C,0x08,0x49,0x55,0x57,0x5A,0x54,0x4E,0x5A,0x1B,0x37,0x46,0x59,
    0x4B,0x1C,0x46,0x58,0x45,0x53,0x55,0x09,0x4B,0x5F,0x48,0x55,0x5E,0x4F,0x45,0x4D,
    0x17,0x60,0x00,0x20,0x5C,0x42,0x5F,0x01,0x59,0x4A,0x44,0x51,0x49,0x60,0x58,0x44,
    0x57,0x54,0x0E,0x5C,0x04,0x51,0x44,0x40,0x4B,0x41,0x1A,0x51,0x56,0x4A,0x4E,0x1E,
    0x58,0x21,0x5D,0x5D,0x46,0x48,0x00,0x1D,0x04,0x68,0x43,0x5A,0x5B,0x0A,0x59,0x4E,
    0x49,0x43,0x59,0x4D,0x1B,0x34,0x47,0x48,0x03,0x5F,0x4B,0x54,0x48,0x4C,0x42,0x4E,
    0x06,0x0A,0xFF,0xDD,0x7C,0x42,0x53,0x52,0x1F,0x4F,0x58,0x1E,0x4F,0x28,0x4A,0x0D,
    0x6C,0x4E,0x47,0x58,0x4A,0x51,0x4D,0x45,0x08,0x78,0x55,0x4E,0x52,0x08,0x0B,0x1E,
    0x7A,0x2E,0x4C,0x44,0x46,0x52,0x5A,0x1D,0x4B,0x57,0x45,0x4C,0x46,0x5E,0x5B,0x4D,
    0x1F,0x45,0x4A,0x48,0x5E,0x60,0x4B,0x5F,0x42,0x4B,0x47,0x53,0x43,0x56,0x0C,0x4A,
    0x47,0x5C,0x5F,0x53,0x1F,0x52,0x43,0x5B,0x00,0x23,0x5F,0x4B,0x56,0x4D,0x4C,0x08,
    0x0B,0x1E,0x7A,0x60,0x48,0x48,0x4D,0x48,0x42,0x44,0x04,0x56,0x40,0x46,0x58,0x43,
    0x54,0x46,0x1F,0x56,0x4A,0x4D,0x48,0x21,0x48,0x48,0x03,0x50,0x4B,0x5C,0x40,0x56,
    0x0C,0x5C,0x58,0x5D,0x5B,0x53,0x5B,0x06,0x5F,0x51,0x1B,0x34,0x47,0x48,0x03,0x52,
    0x41,0x4F,0x50,0x4D,0x00,0x09,0x49,0x44,0x55,0x55,0x57,0x43,0x59,0x1E,0x00,0x1E,
    0x58,0x4B,0x49,0x52,0x5E,0x41,0x4E,0x1E,0x57,0x25,0x4E,0x49,0x50,0x1C,0x5D,0x58,
    0x08,0x05,0x4D,0x47,0x4C,0x0A,0x5B,0x01,0x57,0x47,0x45,0x5A,0x48,0x60,0x4E,0x43,
    0x47,0x1C,0x45,0x53,0x41,0x40,0x5F,0x09,0x4B,0x58,0x5B,0x56,0x53,0x06,0x47,0x5B,
    0x5A,0x24,0x5C,0x0D,0x54,0x59,0x5D,0x49,0x0A,0x05,0xFF,0xDC,0x71,0x45,0x4F,0x01,
    0x5E,0x54,0x4E,0x1E,0x5D,0x2F,0x43,0x41,0x4C,0x4B,0x47,0x53,0x43,0x05,0x4D,0x09,
    0x5F,0x43,0x5E,0x44,0x1F,0x56,0x4A,0x4A,0x53,0x60,0x4E,0x5F,0x4C,0x49,0x40,0x59,
    0x04,0x51,0x44,0x4C,0x08,0x45,0x4F,0x55,0x5A,0x54,0x0B,0x5B,0x5F,0x27,0x4A,0x0D,
    0x4C,0x5A,0x0E,0x5C,0x04,0x49,0x4D,0x5B,0x4F,0x4F,0x1A,0x42,0x5E,0x50,0x4E,0x4C,
    0x55,0x6E,0x00,0x24,0x6E,0x4B,0x48,0x01,0x5D,0x43,0x47,0x51,0x4C,0x6C,0x0F,0x59,
    0x4B,0x4E,0x41,0x48,0x43,0x4D,0x0C,0x48,0x08,0x42,0x5F,0x40,0x49,0x5F,0x0B,0x49,
    0x53,0x29,0x5B,0x48,0x03,0x51,0x47,0x4E,0x50,0x09,0x0C,0x5A,0x5C,0x58,0x5B,0x4F,
    0x58,0x43,0x0B,0x4D,0x4B,0x2C,0x4E,0x5E,0x4B,0x55,0x40,0x5A,0x04,0x4B,0x43,0x40,
    0x5B,0x4F,0x49,0x01,0x5C,0x47,0x45,0x1E,0x59,0x25,0x00,0x24,0x40,0x4F,0x5B,0x53,
    0x5B,0x08,0x0B,0x1E,0x6F,0x28,0x4A,0x0D,0x4E,0x55,0x5D,0x49,0x04,0x57,0x45,0x5A,
    0x4D,0x59,0x1A,0x54,0x4F,0x06,0x5F,0x56,0x49,0x2F,0x5A,0x4A,0x4B,0x1C,0x4F,0x1D,
    0x42,0x4C,0x5F,0x5A,0x5D,0x58,0x5F,0x01,0x56,0x48,0x0B,0x4A,0x53,0x25,0x0F,0x4E,
    0x46,0x55,0x42,0x54,0x4A,0x42,0x02,0x09,0x08,0x7E,0x52,0x44,0x1F,0x56,0x4A,0x4A,
    0x53,0x60,0x00,0x0F,0x4D,0x52,0x53,0x55,0x4C,0x06,0x5F,0x51,0x1B,0x34,0x47,0x48,
    0x03,0x4F,0x41,0x48,0x50,0x4D,0x0C,0x48,0x46,0x4E,0x1A,0x56,0x5A,0x55,0x5F,0x10,
    0xFF,0xDD,0x71,0x45,0x4F,0x01,0x5E,0x54,0x4E,0x1E,0x52,0x2E,0x0F,0x4C,0x4D,0x1C,
    0x4F,0x51,0x47,0x4A,0x5A,0x4C,0x06,0x0A,0x1A,0x60,0x1F,0x55,0x46,0x5F,0x57,0x2C,
    0x0F,0x43,0x54,0x1C,0x5E,0x5C,0x50,0x4D,0x0C,0x5A,0x4D,0x4F,0x57,0x52,0x1F,0x52,
    0x44,0x1E,0x4C,0x29,0x4B,0x48,0x4D,0x1C,0x4F,0x5B,0x50,0x40,0x5E,0x09,0x49,0x0A,
    0x49,0x49,0x50,0x54,0x5F,0x1E,0x00,0x24,0x4C,0x43,0x49,0x55,0x5E,0x48,0x48,0x5B,
    0x15,0x60,0x0F,0x6C,0x4D,0x1C,0x4B,0x45,0x50,0x57,0x49,0x44,0x4D,0x46,0x43,0x01,
    0x4B,0x4F,0x4C,0x56,0x4F,0x60,0x5B,0x58,0x4D,0x52,0x4B,0x51,0x04,0x49,0x49,0x48,
    0x4C,0x59,0x1A,0x44,0x5E,0x55,0x5F,0x10,0x1B,0x60,0x66,0x59,0x03,0x50,0x41,0x52,
    0x4F,0x56,0x0C,0x45,0x41,0x41,0x5F,0x01,0x5E,0x06,0x5D,0x5B,0x49,0x39,0x00,0x1F,
    0x5C,0x43,0x5D,0x49,0x4B,0x06,0x58,0x4F,0x4E,0x25,0x4A,0x57,0x46,0x12,0x0E,0x1D,
    0x65,0x4B,0x0C,0x4C,0x4D,0x58,0x53,0x44,0x1F,0x4A,0x42,0x59,0x53,0x34,0x0F,0x4E,
    0x42,0x52,0x0E,0x5F,0x41,0x05,0x5F,0x4C,0x4D,0x44,0x1A,0x40,0x4B,0x06,0x5F,0x56,
    0x5E,0x60,0x40,0x59,0x4B,0x59,0x5C,0x1D,0x41,0x4B,0x48,0x07,0xFF,0xDD,0x71,0x45,
    0x4F,0x06,0x4D,0x43,0x0B,0x57,0x55,0x60,0x4E,0x0D,0x50,0x51,0x4F,0x51,0x48,0x05,
    0x4F,0x41,0x49,0x47,0x58,0x44,0x4D,0x06,0x47,0x57,0x4F,0x60,0x4D,0x54,0x03,0x5D,
    0x40,0x1D,0x41,0x40,0x5E,0x40,0x4D,0x0A,0x5D,0x53,0x5A,0x43,0x45,0x1E,0x57,0x29,
    0x48,0x45,0x57,0x12,0x0E,0x1D,0x65,0x4B,0x0C,0x4C,0x50,0x5E,0x48,0x44,0x52,0x43,
    0x47,0x47,0x00,0x00,0x00,0x00,0x00,0x00,0x00,0x00,0x00,0x00,0x00,0x00,0x00,0x00,
    0x00,0x00,0x00,0x00,0x00,0x00,0x00,0x00,0x00,0x00,0x00,0x00,0x00,0x00,0x00,0x00,
    0x00,0x00,0x00,0x00,0x00,0x00,0x00,0x00,0x00,0x00,0x00,0x00,0x00,0x00,0x00,0x00,
    0x00,0x1F,0x46,0x4B,0x48,0x53,0x50,0x51,0x0B,0x4A,0x4E,0x2E,0x41,0x48,0x4F,0x1C,
    0x4B,0x45,0x4D,0x51,0x5F,0x09,0x5C,0x45,0x1A,0x55,0x57,0x43,0x0B,0x49,0x5E,0x33,
    0x5B,0x03,0x03,0x1C,0x6F,0x1D,0x40,0x44,0x5E,0x42,0x08,0x49,0x55,0x53,0x4D,0x4F,
    0x4F,0x51,0x49,0x60,0x43,0x48,0x42,0x58,0x5D,0x1D,0x4A,0x40,0x02,0x09,0xFF,0xDD,
    0x71,0x45,0x4F,0x06,0x4D,0x43,0x0B,0x57,0x55,0x60,0x5B,0x45,0x46,0x1C,0x6A,0x5C,
    0x56,0x4E,0x0C,0x7B,0x47,0x45,0x57,0x0F,0x1F,0x06,0x6A,0x1E,0x58,0x2F,0x5D,0x5F,
    0x4A,0x58,0x41,0x4F,0x04,0x49,0x49,0x48,0x4C,0x43,0x54,0x46,0x1F,0x55,0x44,0x4B,
    0x4F,0x28,0x0F,0x44,0x50,0x1C,0x5A,0x55,0x41,0x05,0x43,0x47,0x44,0x53,0x1A,0x44,
    0x47,0x4F,0x5F,0x10,0xFF,0xDC,0x71,0x45,0x4F,0x01,0x5E,0x54,0x4E,0x1E,0x52,0x2E,
    0x0F,0x4C,0x4D,0x1C,0x4F,0x4F,0x47,0x4D,0x49,0x4D,0x08,0x42,0x5B,0x4D,0x53,0x08,
    0x0B,0x1E,0x7A,0x60,0x4C,0x42,0x51,0x5D,0x42,0x1D,0x54,0x44,0x5F,0x5A,0x49,0x4D,
    0x5F,0x01,0x50,0x48,0x48,0x5B,0x1B,0x23,0x40,0x43,0x57,0x55,0x40,0x48,0x41,0x41,
    0x0C,0x5C,0x58,0x0A,0x5B,0x4F,0x5B,0x06,0x4E,0x5F,0x48,0x34,0x00,0x24,0x4E,0x58,
    0x55,0x4C,0x1F,0x4E,0x4E,0x4C,0x5E,0x6C,0x0F,0x4F,0x56,0x48,0x0E,0x54,0x57,0x05,
    0x42,0x46,0x5F,0x0A,0x58,0x4D,0x50,0x45,0x40,0x5B,0x5F,0x60,0x4D,0x54,0x03,0x58,
    0x4B,0x5F,0x56,0x4C,0x5F,0x07,0x08,0x0A,0x6E,0x49,0x5A,0x06,0x4A,0x57,0x49,0x60,
    0x5C,0x40,0x46,0x50,0x42,0x4E,0x04,0x4A,0x4A,0x09,0x5B,0x4F,0x5B,0x01,0x48,0x47,
    0x5F,0x5B,0x49,0x6E,0xFF,0xDC,0x71,0x45,0x4F,0x06,0x4D,0x43,0x0B,0x57,0x55,0x60,
    0x4E,0x0D,0x4F,0x5D,0x5C,0x5A,0x41,0x05,0x5E,0x46,0x47,0x47,0x1A,0x42,0x5E,0x54,
    0x5D,0x5B,0x5F,0x60,0x40,0x58,0x57,0x1C,0x41,0x5B,0x04,0x56,0x49,0x4D,0x41,0x47,
    0x5F,0x4F,0x4B,0x47,0x59,0x47,0x1B,0x32,0x40,0x4E,0x48,0x12,0x0E,0x1D,0x70,0x4D,
    0x49,0x09,0x4E,0x46,0x55,0x4E,0x4D,0x06,0x4A,0x50,0x5F,0x60,0x00,0x21,0x5F,0x4B,
    0x56,0x4D,0x4C,0x06,0x4A,0x4C,0x5E,0x60,0x43,0x44,0x57,0x48,0x4B,0x4F,0x41,0x41,
    0x0C,0x5E,0x41,0x5E,0x52,0x01,0x5D,0x4F,0x5F,0x4D,0x1B,0x2F,0x49,0x0D,0x50,0x54,
    0x4B,0x51,0x48,0x56,0x0C,0x40,0x45,0x48,0x5F,0x45,0x5B,0x43,0x4F,0x1E,0x52,0x2E,
    0x0F,0x59,0x4B,0x59,0x0E,0x4E,0x50,0x4A,0x42,0x4C,0x06,0x0A,0x1A,0x60,0x00,0x23,
    0x5B,0x42,0x5B,0x4D,0x53,0x49,0x5C,0x1E,0x4B,0x21,0x5C,0x5E,0x42,0x5B,0x4B,0x1D,
    0x54,0x57,0x43,0x4A,0x4D,0x4F,0x5E,0x52,0x1F,0x42,0x44,0x49,0x55,0x37,0x4E,0x5F,
    0x47,0x10,0x0E,0x5C,0x4A,0x41,0x0C,0x48,0x08,0x59,0x55,0x4C,0x5A,0x51,0x43,0x5F,
    0x4F,0x60,0x5C,0x59,0x46,0x59,0x5E,0x58,0x56,0x05,0x43,0x47,0x4D,0x0A,0x56,0x44,
    0x5E,0x42,0x58,0x1E,0x00,0x1E,0x5D,0x5A,0x14,0x01,0x1F,0x67,0x0B,0x52,0x54,0x37,
    0x0F,0x45,0x42,0x52,0x4A,0x4E,0x04,0x44,0x42,0x4D,0x08,0x41,0x54,0x44,0x5A,0x55,
    0x0B,0x4E,0x5A,0x33,0x5C,0x4C,0x44,0x59,0x0E,0x58,0x4A,0x51,0x49,0x5B,0x5B,0x0A,
    0x5C,0x53,0x50,0x4B,0x0B,0x4A,0x53,0x25,0x0F,0x5E,0x4C,0x49,0x5A,0x55,0x0A,0x05,
    0xFF,0xE1,0x71,0x45,0x4F,0x01,0x5E,0x54,0x4E,0x1E,0x52,0x2E,0x0F,0x4C,0x03,0x50,
    0x41,0x53,0x43,0x05,0x5F,0x45,0x47,0x5A,0x53,0x4F,0x58,0x06,0x48,0x51,0x49,0x32,
    0x46,0x49,0x4C,0x4E,0x0E,0x4A,0x4D,0x51,0x44,0x09,0x5A,0x4B,0x5D,0x46,0x5A,0x42,
    0x0B,0x4D,0x53,0x21,0x5D,0x5D,0x03,0x4B,0x4F,0x51,0x48,0x56,0x02,0x09,0xFF,0xE7,
    0x71,0x45,0x4F,0x01,0x5E,0x54,0x4E,0x1E,0x52,0x2E,0x0F,0x4C,0x03,0x5F,0x5B,0x51,
    0x09,0x41,0x49,0x04,0x5B,0x4B,0x59,0x01,0x5E,0x44,0x44,0x4B,0x4F,0x60,0x4A,0x44,
    0x44,0x54,0x5A,0x1D,0x42,0x40,0x49,0x5D,0x08,0x4B,0x59,0x53,0x50,0x55,0x58,0x10,
    0xFF,0xDC,0x71,0x45,0x4F,0x01,0x5E,0x54,0x4E,0x1E,0x52,0x2E,0x0F,0x4C,0x4D,0x1C,
    0x4F,0x53,0x50,0x40,0x5E,0x46,0x47,0x47,0x1A,0x4D,0x5A,0x47,0x4F,0x57,0x55,0x27,
    0x0F,0x59,0x4C,0x1C,0x4F,0x1D,0x48,0x44,0x5E,0x4E,0x4D,0x0A,0x4A,0x40,0x4C,0x55,
    0x4A,0x59,0x5E,0x60,0x5B,0x42,0x03,0x48,0x46,0x58,0x04,0x40,0x4D,0x5A,0x5C,0x04,
    0x1A,0x01,0x6C,0x4B,0x4A,0x52,0x57,0x60,0x00,0x24,0x58,0x4B,0x49,0x52,0x5E,0x41,
    0x4E,0x4D,0x1B,0x27,0x40,0x0D,0x54,0x59,0x5D,0x49,0x04,0x44,0x42,0x4D,0x08,0x5F,
    0x4A,0x0F,0x1F,0x06,0x7F,0x56,0x5E,0x60,0x5D,0x48,0x4E,0x52,0x4F,0x53,0x50,0x56,
    0x0C,0x46,0x4E,0x0A,0x48,0x44,0x5C,0x43,0x45,0x4A,0x1B,0x24,0x46,0x4A,0x44,0x55,
    0x40,0x5A,0x04,0x44,0x5E,0x4C,0x08,0x4F,0x4C,0x48,0x5B,0x43,0x45,0x4A,0x15,0x60,
    0x00,0x24,0x69,0x0A,0x49,0x48,0x58,0x48,0x0B,0x57,0x55,0x60,0x42,0x44,0x47,0x5D,
    0x47,0x4F,0x04,0x4D,0x49,0x5B,0x4D,0x0A,0x49,0x40,0x46,0x55,0x0B,0x1C,0x78,0x01,
    0x79,0x68,0x03,0x69,0x60,0x79,0x61,0x77,0x0C,0x6A,0x67,0x64,0x69,0x75,0x6D,0x73,
    0x68,0x6A,0x72,0x0F,0x61,0x0D,0x61,0x79,0x77,0x72,0x6A,0x61,0x0C,0x7D,0x60,0x63,
    0x69,0x01,0x6F,0x69,0x62,0x70,0x6F,0x6E,0x00,0x1A,0x78,0x78,0x75,0x62,0x7A,0x63,
    0x6F,0x1E,0x7A,0x14,0x0F,0x62,0x74,0x72,0x0E,0x6F,0x6D,0x76,0x67,0x07,0x08,0x0A,
    0x61,0x76,0x76,0x72,0x7F,0x1E,0x78,0x0F,0x61,0x7E,0x77,0x6E,0x7B,0x7E,0x70,0x6C,
    0x63,0x67,0x08,0x69,0x75,0x6C,0x6F,0x67,0x65,0x67,0x66,0x62,0xFF,0xE1,0x71,0x45,
    0x4F,0x01,0x5E,0x54,0x4E,0x1E,0x52,0x2E,0x0F,0x4C,0x03,0x51,0x4F,0x47,0x41,0x05,
    0x43,0x4F,0x08,0x5E,0x4D,0x48,0x4C,0x52,0x52,0x1E,0x57,0x29,0x5B,0x59,0x4F,0x59,
    0x0E,0x4D,0x45,0x56,0x5F,0x48,0x4F,0x4F,0x49,0x0D,0x1F,0x47,0x47,0x52,0x1B,0x24,
    0x46,0x4B,0x45,0x59,0x5C,0x58,0x4A,0x51,0x02,0x09,0xFF,0xE0,0x71,0x45,0x4F,0x01,
    0x5E,0x54,0x4E,0x1E,0x5A,0x34,0x0F,0x7A,0x4A,0x48,0x5A,0x1A,0x57,0x05,0x69,0x47,
    0x4C,0x04,0x1A,0x01,0x6F,0x47,0x58,0x4D,0x5A,0x27,0x4A,0x5E,0x03,0x50,0x4B,0x5C,
    0x40,0x05,0x43,0x4F,0x4E,0x0A,0x53,0x4F,0x1F,0x0C,0x6A,0x72,0x77,0x6A,0x0F,0x49,
    0x4A,0x4E,0x4B,0x5E,0x50,0x4C,0x43,0x47,0x5B,0x04,0xFF,0xDD,0x71,0x45,0x4F,0x01,
    0x5E,0x54,0x4E,0x1E,0x52,0x2E,0x0F,0x4C,0x03,0x52,0x41,0x4F,0x50,0x4D,0x03,0x5A,
    0x47,0x5F,0x4E,0x49,0x1F,0x45,0x4A,0x50,0x42,0x2F,0x41,0x0D,0x42,0x5E,0x41,0x48,
    0x50,0x05,0x1E,0x1C,0x08,0x4C,0x5F,0x44,0x4B,0x06,0x4A,0x5D,0x49,0x2F,0x5C,0x5E,
    0x0D,0x1C,0x0E,0x69,0x4C,0x40,0x0C,0x4F,0x44,0x45,0x55,0x53,0x1F,0x4F,0x58,0x1E,
    0x00,0x22,0x4B,0x45,0x4C,0x44,0x4D,0x43,0x4F,0x1E,0x59,0x39,0x0F,0x5A,0x4B,0x55,
    0x5A,0x58,0x04,0x48,0x45,0x5A,0x5C,0x0A,0x49,0x44,0x5A,0x56,0x42,0x50,0x5C,0x60,
    0x46,0x43,0x03,0x5A,0x5C,0x52,0x49,0x05,0x58,0x41,0x4D,0x0A,0x54,0x4E,0x4D,0x52,
    0x43,0x10,0x1B,0x60,0x7B,0x45,0x46,0x1C,0x59,0x5C,0x48,0x49,0x5F,0x09,0x4D,0x52,
    0x4E,0x44,0x51,0x42,0x00,0x23,0x5D,0x5A,0x4D,0x40,0x4D,0x42,0x0B,0x58,0x54,0x32,
    0x0F,0x5A,0x46,0x50,0x42,0x1D,0x4B,0x53,0x49,0x5B,0x08,0x1B,0x0A,0x11,0x1F,0x40,
    0x4E,0x5B,0x4F,0x6E,0x0F,0x0D,0x70,0x49,0x5D,0x4D,0x41,0x4B,0x48,0x4C,0x4C,0x0A,
    0x5C,0x53,0x50,0x4B,0x0B,0x4D,0x54,0x2D,0x4A,0x0D,0x56,0x52,0x5D,0x58,0x41,0x4B,
    0x0C,0x59,0x47,0x43,0x54,0x55,0x1F,0x40,0x4A,0x4C,0x00,0x22,0x49,0x48,0x55,0x57,
    0x5A,0x06,0x52,0x51,0x4E,0x6C,0x0F,0x4C,0x4D,0x1C,0x4B,0x53,0x4B,0x57,0x41,0x46,
    0x5D,0x59,0x1A,0x55,0x48,0x49,0x06,0x4D,0x52,0x24,0x4A,0x49,0x03,0x51,0x47,0x4F,
    0x56,0x4A,0x5E,0x09,0x41,0x59,0x1A,0x49,0x5E,0x48,0x4C,0x57,0x55,0x27,0x0F,0x5D,
    0x42,0x4E,0x4F,0x51,0x48,0x40,0x40,0x09,0x5C,0x45,0x1A,0x40,0x51,0x42,0x00,0x23,
    0x45,0x43,0x5E,0x56,0x5E,0x5F,0x0B,0x5C,0x5E,0x34,0x58,0x48,0x46,0x52,0x0E,0x49,
    0x4C,0x40,0x0C,0x4A,0x49,0x44,0x43,0x4E,0x51,0x06,0x5C,0x5F,0x57,0x2C,0x5C,0x03,
    0x03,0x1C,0x06,0x69,0x4C,0x40,0x0C,0x44,0x41,0x58,0x48,0x4E,0x4D,0x06,0x42,0x4D,
    0x1B,0x2F,0x4D,0x5B,0x4A,0x53,0x5B,0x4E,0x48,0x5C,0x0C,0x59,0x5A,0x45,0x4C,0x48,
    0x5B,0x43,0x4F,0x1E,0x00,0x23,0x4E,0x45,0x48,0x01,0x4B,0x4E,0x4E,0x1E,0x4E,0x33,
    0x4A,0x0D,0x4C,0x5A,0x0E,0x49,0x4C,0x40,0x0C,0x4D,0x5F,0x4B,0x48,0x57,0x5A,0x55,
    0x07,0x1E,0x4C,0x28,0x40,0x0D,0x42,0x4F,0x0E,0x44,0x4B,0x50,0x0C,0x42,0x46,0x45,
    0x4D,0x0D,0x1F,0x47,0x59,0x5B,0x1B,0x25,0x57,0x59,0x51,0x59,0x43,0x58,0x48,0x5C,
    0x0C,0x5F,0x49,0x43,0x54,0x0F,0x16,0x06,0x0B,0x7F,0x00,0x1F,0x5B,0x47,0x5B,0x4D,
    0x53,0x06,0x5C,0x57,0x55,0x24,0x40,0x5A,0x03,0x5F,0x4F,0x53,0x04,0x47,0x49,0x09,
    0x5B,0x4F,0x5F,0x4F,0x1F,0x4F,0x45,0x1E,0x5E,0x29,0x5B,0x45,0x46,0x4E,0x0E,0x4A,
    0x45,0x49,0x40,0x05,0x08,0x59,0x55,0x4C,0x5A,0x06,0x4D,0x57,0x5D,0x34,0x56,0x0D,
    0x45,0x59,0x4B,0x49,0x04,0x50,0x5C,0x07,0xFF,0xDC,0x71,0x45,0x4F,0x06,0x4D,0x43,
    0x0B,0x5F,0x4F,0x60,0x4E,0x0D,0x4F,0x53,0x59,0x1D,0x53,0x4C,0x42,0x4D,0x47,0x5D,
    0x1A,0x4E,0x49,0x43,0x59,0x52,0x54,0x2F,0x44,0x44,0x4D,0x5B,0x0E,0x5C,0x04,0x4D,
    0x59,0x4E,0x4D,0x0A,0x4A,0x48,0x4B,0x0A,0x0B,0x49,0x53,0x29,0x4C,0x45,0x03,0x59,
    0x56,0x49,0x41,0x4B,0x48,0x5A,0x08,0x5F,0x4A,0x01,0x50,0x53,0x5F,0x1E,0x54,0x26,
    0x00,0x24,0x5B,0x43,0x5D,0x49,0x4B,0x08,0x0B,0x1E,0x7A,0x60,0x49,0x41,0x4C,0x53,
    0x5C,0x1D,0x4D,0x56,0x0C,0x40,0x46,0x4E,0x53,0x52,0x4B,0x4F,0x45,0x5D,0x4F,0x2C,
    0x56,0x0D,0x55,0x55,0x5D,0x54,0x46,0x49,0x49,0x09,0x47,0x5C,0x5F,0x53,0x1F,0x13,
    0x1B,0x1E,0x5D,0x25,0x4A,0x59,0x03,0x5E,0x4B,0x51,0x4B,0x52,0x02,0x09,0x08,0x7E,
    0x48,0x40,0x5C,0x43,0x58,0x1E,0x54,0x26,0x00,0x00,0x00,0x00,0x00,0x00,0x00,0x00,
    0x00,0x00,0x00,0x00,0x00,0x00,0x00,0x00,0x00,0x00,0x00,0x00,0x00,0x00,0x00,0x00,
    0x00,0x00,0x00,0x00,0x00,0x00,0x00,0x00,0x00,0x00,0x00,0x00,0x00,0x00,0x00,0x00,
    0x00,0x00,0x00,0x00,0x00,0x00,0x00,0x00,0x00,0x00,0x00,0x00,0x00,0x00,0x00,0x00,
    0x00,0x23,0x5F,0x42,0x53,0x55,0x5A,0x06,0x46,0x57,0x48,0x34,0x0F,0x4E,0x4C,0x4A,
    0x4B,0x4F,0x04,0x51,0x44,0x4C,0x08,0x4C,0x56,0x4E,0x50,0x54,0x0B,0x51,0x5D,0x60,
    0x5B,0x45,0x46,0x1C,0x5E,0x54,0x50,0x09,0x0C,0x4B,0x4D,0x49,0x55,0x4C,0x56,0x48,
    0x4C,0x1E,0x4F,0x28,0x46,0x4E,0x48,0x59,0x5C,0x1D,0x50,0x4A,0x0C,0x5D,0x40,0x4F,
    0x1A,0x4D,0x5A,0x40,0x5F,0x10,0x00,0x21,0x65,0x4B,0x48,0x4A,0x4C,0x06,0x42,0x50,
    0x1B,0x34,0x47,0x48,0x03,0x58,0x5B,0x4E,0x50,0x05,0x4D,0x5B,0x47,0x5F,0x54,0x45,
    0x1F,0x52,0x43,0x5B,0x1B,0x37,0x46,0x43,0x47,0x53,0x59,0x1D,0x53,0x4A,0x59,0x45,
    0x4C,0x0A,0x49,0x44,0x5A,0x4B,0x0B,0x4A,0x54,0x60,0x46,0x43,0x47,0x55,0x4D,0x5C,
    0x50,0x40,0x0C,0x5D,0x40,0x4B,0x4E,0x01,0x00,0x24,0x5B,0x45,0x57,0x44,0x50,0x48,
    0x4E,0x1E,0x53,0x21,0x5C,0x0D,0x41,0x59,0x4B,0x53,0x04,0x4D,0x49,0x5B,0x4D,0x0A,
    0x48,0x44,0x5C,0x43,0x45,0x4A,0x57,0x39,0x01,0x0D,0x03,0x78,0x47,0x4F,0x41,0x46,
    0x58,0x45,0x51,0x0A,0x5B,0x42,0x4D,0x49,0x58,0x4D,0x1B,0x34,0x47,0x48,0x03,0x4C,
    0x47,0x49,0x04,0x43,0x5E,0x46,0x45,0x0A,0x43,0x4E,0x4A,0x06,0x4A,0x50,0x5F,0x60,
    0x00,0x24,0x1A,0x1F,0x1A,0x47,0x5A,0x43,0x5F,0x1E,0x5A,0x37,0x4E,0x54,0x03,0x48,
    0x46,0x58,0x56,0x40,0x0C,0x40,0x5B,0x0A,0x5B,0x01,0x4C,0x4F,0x46,0x57,0x57,0x21,
    0x5D,0x0D,0x54,0x55,0x40,0x59,0x4B,0x52,0x0C,0x45,0x47,0x45,0x51,0x48,0x51,0x41,
    0x0B,0x57,0x55,0x34,0x40,0x0D,0x42,0x1C,0x42,0x54,0x43,0x4D,0x58,0x4C,0x4C,0x0A,
    0x48,0x4E,0x50,0x4B,0x05,0x1E,0x1B,0x01,0x00,0x1C,0x5B,0x42,0x5B,0x45,0x50,0x51,
    0x52,0x1E,0x5D,0x29,0x48,0x58,0x51,0x59,0x0E,0x5E,0x45,0x4B,0x0C,0x4B,0x4D,0x0A,
    0x49,0x44,0x5A,0x48,0x0B,0x4A,0x53,0x25,0x5D,0x48,0x03,0x4C,0x4B,0x58,0x56,0x4C,
    0x42,0x4E,0x08,0x48,0x5B,0x42,0x54,0x06,0x4A,0x4A,0x1B,0x39,0x40,0x58,0x0D,0x1C,
    0xFF,0xDC,0x69,0x0A,0x56,0x40,0x4D,0x41,0x4E,0x1E,0x48,0x34,0x4E,0x41,0x42,0x5F,
    0x5A,0x54,0x50,0x40,0x0C,0x4C,0x50,0x5E,0x5F,0x4F,0x5B,0x55,0x0B,0x58,0x49,0x2F,
    0x42,0x0D,0x57,0x54,0x4B,0x1D,0x56,0x4A,0x43,0x4F,0x08,0x4B,0x54,0x45,0x1F,0x47,
    0x47,0x53,0x54,0x33,0x5B,0x0D,0x51,0x59,0x4F,0x5E,0x4C,0x40,0x5F,0x09,0x5C,0x42,
    0x5F,0x01,0x59,0x4A,0x44,0x51,0x49,0x60,0x00,0x23,0x4A,0x4F,0x56,0x4E,0x48,0x08,
    0x0B,0x1E,0x62,0x2F,0x5A,0x0D,0x40,0x53,0x5B,0x51,0x40,0x05,0x4F,0x45,0x41,0x47,
    0x58,0x01,0x5B,0x49,0x5C,0x50,0x1B,0x29,0x5B,0x01,0x03,0x5D,0x40,0x59,0x04,0x4F,
    0x59,0x44,0x58,0x0A,0x5C,0x53,0x50,0x4B,0x0B,0x57,0x4F,0x60,0x5B,0x42,0x03,0x48,
    0x46,0x58,0x04,0x43,0x40,0x46,0x47,0x58,0x16,0x01,0x5D,0x53,0x5F,0x1E,0x00,0x21,
    0x40,0x4B,0x4C,0x48,0x51,0x41,0x0B,0x5A,0x54,0x2E,0x4A,0x0D,0x50,0x53,0x0E,0x44,
    0x4B,0x50,0x0C,0x5E,0x47,0x5F,0x56,0x45,0x1F,0x44,0x4E,0x1E,0x4E,0x2E,0x4E,0x4F,
    0x4F,0x59,0x0E,0x49,0x4B,0x05,0x5E,0x4C,0x49,0x49,0x52,0x01,0x56,0x52,0x0B,0x4A,
    0x54,0x60,0x4C,0x41,0x4A,0x51,0x4C,0x1D,0x46,0x44,0x4F,0x42,0x08,0x5F,0x4A,0x0F,
    0xFF,0xE0,0x71,0x45,0x4F,0x01,0x5E,0x54,0x4E,0x1E,0x52,0x2E,0x0F,0x4C,0x03,0x50,
    0x47,0x49,0x50,0x49,0x49,0x09,0x45,0x4B,0x40,0x44,0x1F,0x49,0x4D,0x1E,0x4F,0x37,
    0x46,0x5E,0x57,0x55,0x40,0x5A,0x04,0x55,0x4D,0x5A,0x5B,0x4B,0x5D,0x44,0x4C,0x0A,
    0x0B,0x5F,0x57,0x2C,0x0F,0x49,0x4A,0x5A,0x48,0x58,0x56,0x40,0x42,0x5D,0x06,0x0A,
    0xFF,0xDC,0x71,0x45,0x4F,0x01,0x5E,0x54,0x4E,0x1E,0x5A,0x34,0x0F,0x59,0x4B,0x59,
    0x0E,0x58,0x40,0x42,0x49,0x09,0x47,0x4C,0x1A,0x40,0x1F,0x4A,0x4A,0x4C,0x5C,0x25,
    0x0F,0x58,0x4D,0x58,0x4B,0x4F,0x43,0x57,0x43,0x5C,0x46,0x4E,0x1A,0x53,0x5A,0x55,
    0x4E,0x4C,0x4D,0x2F,0x46,0x5F,0x0D,0x1C,0x0E,0x7C,0x4A,0x05,0x43,0x59,0x49,0x5B,
    0x4F,0x44,0x1F,0x45,0x47,0x51,0x4E,0x24,0x00,0x23,0x47,0x4C,0x1A,0x56,0x57,0x4F,
    0x5F,0x5B,0x1B,0x2D,0x46,0x5E,0x57,0x1C,0x48,0x54,0x48,0x49,0x5F,0x09,0x5C,0x42,
    0x5F,0x01,0x4D,0x49,0x44,0x53,0x1B,0x21,0x41,0x49,0x03,0x4E,0x47,0x4E,0x41,0x56,
    0x0C,0x5B,0x49,0x5A,0x53,0x45,0x53,0x5F,0x0B,0x4B,0x4B,0x37,0x4E,0x5F,0x47,0x12,
    0x0E,0x1D,0x70,0x4D,0x49,0x09,0x44,0x4B,0x51,0x44,0x1F,0x4F,0x58,0x1E,0x00,0x24,
    0x4E,0x4F,0x5E,0x01,0x5D,0x5F,0x0B,0x5F,0x1B,0x33,0x5B,0x5F,0x46,0x5D,0x43,0x11,
    0x04,0x52,0x44,0x40,0x4B,0x42,0x1A,0x55,0x4A,0x4B,0x49,0x52,0x5E,0x33,0x0F,0x42,
    0x56,0x48,0x0E,0x52,0x42,0x05,0x4D,0x09,0x40,0x45,0x56,0x44,0x1F,0x4F,0x45,0x1E,
    0x4F,0x28,0x4A,0x0D,0x54,0x5D,0x42,0x51,0x04,0x44,0x4E,0x46,0x5D,0x5E,0x1A,0x10,
    0x0F,0x06,0x4D,0x5B,0x5E,0x34,0x00,0x22,0x47,0x5C,0x5F,0x53,0x57,0x43,0x4A,0x5A,
    0x1B,0x21,0x41,0x49,0x03,0x4F,0x5E,0x51,0x45,0x56,0x44,0x4C,0x5B,0x0A,0x54,0x4E,
    0x56,0x55,0x42,0x52,0x42,0x60,0x46,0x43,0x57,0x53,0x0E,0x49,0x4C,0x40,0x0C,0x5E,
    0x49,0x5E,0x5F,0x53,0x1F,0x55,0x44,0x53,0x5E,0x37,0x47,0x48,0x51,0x59,0x0E,0x4A,
    0x4D,0x51,0x44,0x40,0x46,0x0A,0x4E,0x49,0x5A,0x06,0x00,0x1B,0x45,0x43,0x49,0x55,
    0x11,0x06,0x0B,0x6A,0x53,0x25,0x0F,0x42,0x4D,0x50,0x57,0x1D,0x54,0x44,0x5F,0x5A,
    0x49,0x4D,0x5F,0x01,0x58,0x49,0x4E,0x4D,0x1B,0x22,0x4E,0x4E,0x48,0x1C,0x5A,0x52,
    0x53,0x44,0x5E,0x4D,0x08,0x5E,0x52,0x44,0x1F,0x55,0x44,0x4B,0x4F,0x28,0x01,0x0D,
    0xFF,0xFB,0x6C,0x4F,0x5B,0x45,0x1F,0x63,0x45,0x5A,0xFF,0xDC,0x71,0x45,0x4F,0x01,
    0x5E,0x54,0x4E,0x1E,0x5A,0x34,0x0F,0x59,0x4B,0x59,0x0E,0x53,0x4B,0x57,0x58,0x41,
    0x4D,0x4B,0x49,0x55,0x1F,0x43,0x45,0x5A,0x1B,0x2F,0x49,0x0D,0x42,0x52,0x0E,0x54,
    0x49,0x48,0x49,0x47,0x5B,0x4F,0x1A,0x53,0x50,0x49,0x46,0x12,0x1B,0x25,0x59,0x48,
    0x4D,0x1C,0x42,0x5C,0x56,0x42,0x49,0x5B,0x08,0x5E,0x52,0x40,0x51,0x06,0x5F,0x56,
    0x5E,0x60,0x00,0x20,0x6F,0x43,0x5B,0x4F,0x4B,0x06,0x79,0x51,0x54,0x2D,0x01,0x0D,
    0x03,0x75,0x5A,0x1D,0x45,0x55,0x5C,0x4C,0x49,0x58,0x49,0x01,0x4B,0x49,0x0B,0x5C,
    0x5E,0x60,0x4E,0x0D,0x51,0x59,0x5E,0x52,0x57,0x4C,0x58,0x46,0x5A,0x53,0x1A,0x47,
    0x50,0x54,0x0B,0x4A,0x53,0x25,0x0F,0x0F,0x62,0x78,0x78,0x78,0x6A,0x71,0x79,0x7B,
    0x6D,0x08,0x00,0x21,0x58,0x58,0x55,0x46,0x4D,0x47,0x46,0x10,0x1B,0x60,0x62,0x4C,
    0x50,0x4F,0x47,0x4B,0x41,0x05,0x58,0x46,0x5A,0x49,0x52,0x44,0x4C,0x06,0x4D,0x5F,
    0x49,0x60,0x40,0x5B,0x46,0x4E,0x46,0x58,0x45,0x41,0x0C,0x4B,0x49,0x5E,0x52,0x44,
    0x1F,0x52,0x43,0x5B,0x1B,0x32,0x40,0x42,0x4E,0x1C,0x59,0x54,0x50,0x4D,0x0C,0x5A,
    0x45,0x45,0x51,0x58,0x00,0x24,0x51,0x4F,0x56,0x4D,0x50,0x51,0x0B,0x52,0x52,0x27,
    0x47,0x59,0x0D,0x1C,0x0E,0x6E,0x47,0x44,0x58,0x5D,0x4D,0x58,0x5F,0x45,0x1F,0x47,
    0x49,0x51,0x4E,0x34,0x0F,0x54,0x4C,0x49,0x0E,0x5E,0x45,0x4B,0x0C,0x4B,0x4D,0x0A,
    0x49,0x44,0x5A,0x48,0x0B,0x5F,0x1B,0x30,0x46,0x41,0x46,0x1C,0x41,0x5B,0x04,0x47,
    0x43,0x5D,0x5C,0x46,0x5F,0x52,0x1F,0x0E,0x4A,0x52,0x57,0x60,0x00,0x24,0x47,0x4C,
    0x1A,0x55,0x57,0x43,0x46,0x1E,0x5E,0x2D,0x5F,0x59,0x5A,0x15,0x02,0x1D,0x45,0x05,
    0x42,0x5C,0x5A,0x59,0x5F,0x53,0x46,0x06,0x44,0x58,0x1B,0x39,0x40,0x58,0x4D,0x5B,
    0x0E,0x5F,0x41,0x44,0x42,0x5A,0x5C,0x4B,0x56,0x4A,0x4C,0x06,0x46,0x4B,0x49,0x2D,
    0x5A,0x5F,0x4A,0x52,0x49,0x1D,0x55,0x50,0x45,0x4C,0x5C,0x46,0x43,0x0D,0x1F,0x47,
    0x0B,0x5C,0x5E,0x24,0x00,0x24,0x47,0x4C,0x1A,0x4E,0x46,0x55,0x5F,0x5B,0x49,0x33,
    0x03,0x0D,0x42,0x1C,0x4C,0x48,0x4A,0x41,0x40,0x4C,0x08,0x45,0x5C,0x01,0x5D,0x4A,
    0x4A,0x5D,0x50,0x60,0x5D,0x42,0x47,0x4F,0x0E,0x4A,0x4D,0x51,0x44,0x09,0x5A,0x5F,
    0x49,0x55,0x46,0x06,0x58,0x4A,0x5A,0x32,0x5C,0x0D,0x4C,0x52,0x0E,0x49,0x4C,0x40,
    0x45,0x5B,0x08,0x4F,0x54,0x45,0x4C,0x0A,0x0B,0x5F,0x55,0x24,0x00,0x24,0x49,0x0A,
    0x59,0x4E,0x53,0x4A,0x4E,0x5D,0x4F,0x29,0x40,0x43,0x03,0x53,0x48,0x1D,0x46,0x57,
    0x4D,0x5A,0x5B,0x0A,0x56,0x40,0x51,0x52,0x4E,0x4C,0x55,0x33,0x01,0x0D,0x03,0x73,
    0x48,0x5B,0x04,0x51,0x43,0x09,0x47,0x44,0x5F,0x01,0x4C,0x4F,0x4F,0x5B,0x1B,0x21,
    0x0F,0x4A,0x51,0x59,0x4F,0x49,0x04,0x48,0x4D,0x47,0x51,0x0A,0x5E,0x56,0x5E,0x54,
    0x5D,0x5B,0x48,0x60,0x00,0x23,0x49,0x58,0x5F,0x01,0x4C,0x4A,0x4E,0x5B,0x4B,0x29,
    0x41,0x4A,0x03,0x53,0x40,0x1D,0x50,0x4D,0x49,0x09,0x4E,0x46,0x55,0x4E,0x4D,0x0A,
    0x0B,0x4D,0x55,0x2F,0x5D,0x44,0x4D,0x5B,0x0E,0x51,0x4B,0x50,0x48,0x45,0x51,0x04,
    0x1A,0x01,0x7E,0x06,0x58,0x57,0x5C,0x2E,0x0F,0x43,0x46,0x5D,0x5C,0x5F,0x5D,0x05,
    0x5E,0x4C,0x49,0x4E,0x49,0x1B,0x1F,0x04,0x6F,0x71,0x00,0x23,0x66,0x65,0x6E,0x01,
    0x7B,0x6F,0x78,0x6A,0x6E,0x12,0x6D,0x0D,0x77,0x74,0x6B,0x1D,0x60,0x72,0x6D,0x7B,
    0x7E,0x6F,0x69,0x00,0x1D,0x06,0x0B,0x7F,0x55,0x60,0x46,0x40,0x4E,0x59,0x40,0x4E,
    0x41,0x05,0x41,0x40,0x5A,0x58,0x55,0x53,0x1F,0x4F,0x58,0x1E,0x53,0x21,0x41,0x4A,
    0x4A,0x52,0x49,0x1D,0x45,0x42,0x4D,0x40,0x46,0x59,0x4E,0x01,0x50,0x48,0x4E,0x1E,
    0x00,0x24,0x5F,0x4B,0x56,0x4D,0x13,0x06,0x4A,0x50,0x5F,0x60,0x5C,0x59,0x51,0x59,
    0x5A,0x5E,0x4C,0x40,0x5F,0x09,0x5C,0x45,0x1A,0x55,0x57,0x43,0x0B,0x51,0x4F,0x28,
    0x4A,0x5F,0x03,0x59,0x40,0x59,0x04,0x4A,0x4A,0x09,0x5C,0x42,0x5F,0x01,0x4D,0x49,
    0x44,0x53,0x17,0x60,0x58,0x45,0x46,0x4E,0x4B,0x1D,0x52,0x44,0x5E,0x40,0x47,0x5F,
    0x49,0x01,0x50,0x52,0x43,0x5B,0x49,0x60,0x00,0x1C,0x5B,0x5F,0x54,0x45,0x4D,0x5F,
    0x0B,0x51,0x59,0x2A,0x4A,0x4E,0x57,0x4F,0x0E,0x5E,0x45,0x4B,0x0C,0x4B,0x4D,0x0A,
    0x5D,0x4D,0x56,0x4B,0x5B,0x4D,0x5E,0x24,0x0F,0x49,0x4A,0x51,0x42,0x44,0x04,0x4C,
    0x42,0x09,0x5C,0x42,0x5F,0x01,0x5B,0x4F,0x58,0x4A,0x5A,0x2E,0x4C,0x48,0x0D,0x1C,
    0x00,0x00,0x00,0x00,0x00,0x00,0x00,0x00,0x00,0x00,0x00,0x00,0x00,0x00,0x00,0x00,
    0xFF,0xDC,0x71,0x45,0x4F,0x01,0x5E,0x54,0x4E,0x1E,0x5A,0x34,0x0F,0x59,0x4B,0x59,
    0x0E,0x4E,0x4B,0x50,0x58,0x41,0x5F,0x4F,0x49,0x55,0x1F,0x43,0x45,0x5A,0x1B,0x2F,
    0x49,0x0D,0x57,0x54,0x4B,0x1D,0x76,0x40,0x5C,0x46,0x5B,0x43,0x4E,0x4E,0x4D,0x5F,
    0x05,0x1E,0x1B,0x14,0x40,0x0D,0x4C,0x52,0x4B,0x1D,0x57,0x4C,0x48,0x4C,0x08,0x43,
    0x49,0x01,0x5E,0x06,0x5B,0x57,0x4F,0x60,0x00,0x22,0x4E,0x5F,0x56,0x4D,0x1F,0x49,
    0x4D,0x1E,0x5D,0x29,0x4A,0x5F,0x40,0x59,0x0E,0x5A,0x56,0x40,0x49,0x47,0x08,0x59,
    0x54,0x40,0x54,0x43,0x58,0x10,0x1B,0x60,0x60,0x43,0x03,0x48,0x46,0x58,0x04,0x4A,
    0x58,0x41,0x4D,0x58,0x1A,0x52,0x56,0x42,0x4E,0x1E,0x52,0x33,0x0F,0x4C,0x03,0x4E,
    0x41,0x4A,0x04,0x4A,0x4A,0x09,0x5B,0x47,0x5B,0x4D,0x53,0x06,0x00,0x23,0x5F,0x43,
    0x59,0x4A,0x5A,0x54,0x0B,0x5D,0x5A,0x27,0x4A,0x5E,0x0F,0x1C,0x4B,0x5C,0x47,0x4D,
    0x0C,0x46,0x4E,0x0A,0x4D,0x49,0x56,0x45,0x43,0x1E,0x58,0x2F,0x41,0x59,0x42,0x55,
    0x40,0x4E,0x04,0x44,0x0C,0x45,0x41,0x5E,0x4E,0x4D,0x5A,0x06,0x58,0x4B,0x57,0x2B,
    0x46,0x43,0x44,0x1C,0x4C,0x54,0x56,0x41,0x02,0x09,0x08,0x63,0x54,0x01,0x50,0x48,
    0x4E,0x1E,0x00,0x23,0x4B,0x45,0x48,0x4F,0x5A,0x54,0x0B,0x57,0x48,0x60,0x4E,0x0D,
    0x41,0x49,0x40,0x59,0x48,0x40,0x0C,0x46,0x4E,0x0A,0x58,0x4D,0x5E,0x45,0x40,0x1E,
    0x49,0x2F,0x4B,0x5E,0x03,0x4B,0x47,0x49,0x4C,0x05,0x5E,0x5C,0x5B,0x5E,0x43,0x01,
    0x52,0x47,0x59,0x55,0x48,0x60,0x40,0x43,0x03,0x48,0x46,0x58,0x4D,0x57,0x0C,0x4C,
    0x46,0x4E,0x49,0x0F,0x1F,0x06,0x6A,0x1E,0x00,0x23,0x44,0x4B,0x48,0x46,0x5A,0x06,
    0x45,0x4B,0x56,0x22,0x4A,0x5F,0x03,0x53,0x48,0x1D,0x52,0x40,0x40,0x5F,0x4D,0x5E,
    0x1A,0x51,0x56,0x4A,0x47,0x51,0x4C,0x33,0x0F,0x4C,0x51,0x59,0x0E,0x4E,0x47,0x44,
    0x58,0x5D,0x4D,0x58,0x5F,0x45,0x1F,0x47,0x49,0x51,0x4E,0x34,0x0F,0x42,0x4D,0x1C,
    0x5A,0x55,0x41,0x05,0x4A,0x45,0x47,0x45,0x48,0x0F,0x1F,0x06,0x6A,0x1E,0x00,0x23,
    0x5E,0x4B,0x49,0x55,0x1F,0x4B,0x42,0x4C,0x49,0x2F,0x5D,0x0D,0x50,0x48,0x5C,0x58,
    0x50,0x46,0x44,0x4C,0x5B,0x0A,0x55,0x47,0x59,0x06,0x5F,0x51,0x1B,0x34,0x47,0x48,
    0x03,0x52,0x41,0x4F,0x50,0x4D,0x49,0x48,0x5B,0x5E,0x14,0x01,0x1F,0x67,0x5F,0x1E,
    0x42,0x2F,0x5A,0x5F,0x03,0x5A,0x4B,0x58,0x50,0x05,0x45,0x5A,0x08,0x4B,0x1A,0x4D,
    0x5E,0x54,0x4C,0x5B,0x00,0x22,0x5B,0x5E,0x5F,0x44,0x53,0x06,0x4C,0x4C,0x5A,0x34,
    0x4A,0x01,0x03,0x52,0x4B,0x45,0x50,0x05,0x58,0x46,0x08,0x5D,0x52,0x48,0x5C,0x4E,
    0x0B,0x57,0x48,0x60,0x4E,0x0D,0x50,0x55,0x49,0x53,0x04,0x52,0x44,0x40,0x4B,0x42,
    0x1A,0x53,0x5A,0x47,0x4F,0x4D,0x17,0x60,0x0D,0x79,0x71,0x79,0x6F,0x6E,0x71,0x77,
    0x69,0x09,0x7E,0x6B,0x6F,0x6D,0x6B,0x08,0x00,0x0C,0x63,0x6F,0x63,0x72,0x1F,0x6F,
    0x65,0x1E,0x76,0x01,0x66,0x63,0x03,0x73,0x68,0x7B,0x6D,0x66,0x69,0x07,0x0A,0x0A,
    0xFF,0xDC,0x71,0x45,0x4F,0x01,0x5E,0x54,0x4E,0x1E,0x54,0x2E,0x0F,0x42,0x4D,0x59,
    0x0E,0x4E,0x4D,0x41,0x49,0x09,0x47,0x4C,0x1A,0x40,0x1F,0x4A,0x4A,0x4C,0x5C,0x25,
    0x03,0x0D,0x47,0x59,0x4B,0x4D,0x04,0x46,0x44,0x48,0x5B,0x47,0x14,0x01,0x1F,0x67,
    0x0B,0x56,0x5E,0x21,0x59,0x54,0x03,0x4B,0x46,0x54,0x50,0x40,0x0C,0x44,0x41,0x59,
    0x4E,0x01,0x4D,0x4F,0x58,0x57,0x55,0x27,0x00,0x24,0x5D,0x5A,0x1A,0x47,0x4D,0x49,
    0x46,0x1E,0x59,0x25,0x43,0x42,0x54,0x1C,0x41,0x5F,0x57,0x46,0x59,0x5B,0x4D,0x59,
    0x1A,0x40,0x53,0x4A,0x0B,0x48,0x52,0x25,0x58,0x0D,0x4C,0x5A,0x0E,0x49,0x4C,0x40,
    0x0C,0x4F,0x49,0x58,0x1A,0x52,0x56,0x42,0x4E,0x10,0x1B,0x60,0x6E,0x0D,0x50,0x4B,
    0x0E,0x4D,0x45,0x51,0x44,0x09,0x44,0x4F,0x5B,0x45,0x4C,0x06,0x4A,0x49,0x5A,0x39,
    0x00,0x15,0x4E,0x58,0x55,0x4C,0x1F,0x52,0x43,0x5B,0x1B,0x23,0x47,0x4C,0x50,0x51,
    0x0E,0x54,0x4A,0x51,0x43,0x09,0x49,0x0A,0x4D,0x48,0x51,0x42,0x42,0x50,0x5C,0x60,
    0x4C,0x42,0x51,0x4E,0x47,0x59,0x4B,0x57,0x02,0x09,0xFF,0xDF,0x71,0x45,0x4F,0x01,
    0x5E,0x54,0x4E,0x1E,0x52,0x2E,0x0F,0x4C,0x03,0x50,0x41,0x53,0x43,0x05,0x5B,0x40,
    0x46,0x4E,0x53,0x4F,0x58,0x06,0x48,0x51,0x49,0x32,0x46,0x49,0x4C,0x4E,0x0E,0x4E,
    0x48,0x4A,0x5C,0x40,0x46,0x4D,0x1A,0x4E,0x4A,0x52,0x0B,0x51,0x5D,0x60,0x5C,0x44,
    0x44,0x54,0x5A,0x1D,0x4D,0x4B,0x0C,0x4B,0x47,0x5E,0x52,0x01,0x00,0x07,0x4C,0x43,
    0x48,0x44,0x5C,0x52,0x42,0x51,0x55,0x33,0x01,0x0D,0xFF,0xE0,0x71,0x45,0x4F,0x01,
    0x5E,0x54,0x4E,0x1E,0x52,0x2E,0x0F,0x4C,0x03,0x4F,0x4B,0x5E,0x56,0x40,0x58,0x09,
    0x4B,0x4B,0x54,0x58,0x50,0x48,0x0B,0x49,0x53,0x29,0x4C,0x45,0x03,0x59,0x56,0x54,
    0x50,0x56,0x0C,0x5D,0x47,0x0A,0x4E,0x49,0x5A,0x06,0x45,0x51,0x49,0x34,0x47,0x0D,
    0x42,0x52,0x4A,0x1D,0x41,0x44,0x5F,0x5D,0x06,0x0A,0xFF,0xE0,0x71,0x45,0x4F,0x01,
    0x5E,0x54,0x4E,0x1E,0x52,0x2E,0x0F,0x4C,0x03,0x4F,0x4B,0x5E,0x56,0x40,0x58,0x09,
    0x4B,0x4B,0x54,0x58,0x50,0x48,0x0B,0x49,0x53,0x29,0x4C,0x45,0x03,0x59,0x56,0x54,
    0x50,0x56,0x0C,0x5D,0x47,0x0A,0x4E,0x49,0x5A,0x06,0x45,0x51,0x49,0x34,0x47,0x0D,
    0x42,0x52,0x4A,0x1D,0x41,0x44,0x5F,0x5D,0x06,0x0A,0xFF,0xE0,0x71,0x45,0x4F,0x01,
    0x5E,0x54,0x4E,0x1E,0x52,0x2E,0x0F,0x4C,0x03,0x4F,0x4B,0x5E,0x56,0x40,0x58,0x09,
    0x4B,0x4B,0x54,0x58,0x50,0x48,0x0B,0x49,0x53,0x29,0x4C,0x45,0x03,0x59,0x56,0x54,
    0x50,0x56,0x0C,0x5D,0x47,0x0A,0x4E,0x49,0x5A,0x06,0x45,0x51,0x49,0x34,0x47,0x0D,
    0x42,0x52,0x4A,0x1D,0x41,0x44,0x5F,0x5D,0x06,0x0A,0xFF,0xDD,0x71,0x45,0x4F,0x01,
    0x5E,0x54,0x4E,0x1E,0x54,0x2E,0x0F,0x59,0x4B,0x59,0x0E,0x5B,0x45,0x57,0x0C,0x5A,
    0x41,0x4E,0x5F,0x01,0x50,0x40,0x0B,0x4A,0x53,0x25,0x0F,0x4E,0x4B,0x5D,0x5D,0x50,
    0x0A,0x05,0x0C,0x68,0x08,0x44,0x5F,0x01,0x4F,0x47,0x5F,0x56,0x1B,0x2C,0x4A,0x4C,
    0x47,0x4F,0x0E,0x5C,0x53,0x44,0x55,0x09,0x4E,0x58,0x55,0x4C,0x1F,0x52,0x43,0x5B,
    0x00,0x0B,0x4B,0x42,0x5B,0x52,0x52,0x06,0x44,0x50,0x1B,0x34,0x47,0x44,0x50,0x1C,
    0x5D,0x54,0x40,0x40,0x02,0x09,0xFF,0xDD,0x71,0x45,0x4F,0x06,0x4D,0x43,0x0B,0x57,
    0x55,0x60,0x4E,0x0D,0x4F,0x53,0x40,0x5A,0x04,0x40,0x4D,0x5A,0x5C,0x05,0x4D,0x44,
    0x4C,0x52,0x0B,0x5D,0x54,0x32,0x5D,0x44,0x47,0x53,0x5C,0x13,0x04,0x05,0x6D,0x09,
    0x4E,0x4B,0x53,0x4F,0x4B,0x06,0x59,0x4B,0x56,0x22,0x43,0x44,0x4D,0x5B,0x0E,0x53,
    0x4B,0x4C,0x5F,0x4C,0x08,0x49,0x5B,0x4F,0x1F,0x44,0x4E,0x1E,0x00,0x0C,0x40,0x4F,
    0x5B,0x53,0x5B,0x06,0x42,0x50,0x1B,0x34,0x47,0x48,0x03,0x58,0x47,0x4E,0x50,0x44,
    0x42,0x4A,0x4D,0x04,0xFF,0xDC,0x7C,0x42,0x5F,0x01,0x4F,0x47,0x5F,0x56,0x1B,0x26,
    0x40,0x5F,0x48,0x4F,0x0E,0x55,0x41,0x57,0x49,0x07,0x08,0x0A,0x6E,0x49,0x5A,0x06,
    0x47,0x5B,0x5D,0x34,0x0F,0x4B,0x4C,0x4E,0x45,0x1D,0x48,0x40,0x4D,0x4D,0x5B,0x0A,
    0x54,0x4E,0x4D,0x52,0x43,0x5B,0x5A,0x33,0x5B,0x03,0x03,0x1C,0x6F,0x1D,0x40,0x50,
    0x40,0x45,0x08,0x58,0x4F,0x4C,0x5D,0x4A,0x42,0x50,0x5C,0x60,0x00,0x24,0x5B,0x4F,
    0x5F,0x4C,0x4C,0x06,0x5F,0x51,0x1B,0x27,0x4A,0x59,0x03,0x50,0x41,0x48,0x40,0x40,
    0x5E,0x09,0x41,0x44,0x1A,0x55,0x57,0x47,0x5F,0x1E,0x5F,0x29,0x5D,0x48,0x40,0x48,
    0x47,0x52,0x4A,0x0B,0x0C,0x09,0x7C,0x42,0x5F,0x01,0x4D,0x4F,0x4C,0x56,0x4F,0x60,
    0x49,0x42,0x51,0x57,0x0E,0x51,0x41,0x44,0x48,0x5A,0x08,0x59,0x55,0x54,0x4B,0x4E,
    0x4E,0x5F,0x48,0x34,0x00,0x20,0x4C,0x45,0x4D,0x4F,0x1F,0x47,0x0B,0x59,0x5E,0x2E,
    0x5B,0x41,0x46,0x1C,0x5D,0x51,0x4B,0x55,0x49,0x07,0x08,0x0A,0x6E,0x49,0x5A,0x06,
    0x46,0x5F,0x52,0x2E,0x0F,0x4E,0x4C,0x4E,0x5C,0x54,0x40,0x4A,0x5E,0x09,0x4D,0x44,
    0x4E,0x44,0x4D,0x55,0x0B,0x58,0x49,0x2F,0x42,0x0D,0x57,0x54,0x4B,0x1D,0x53,0x40,
    0x5F,0x5D,0x06,0x0A,0xFF,0xDD,0x7C,0x42,0x5F,0x01,0x48,0x47,0x47,0x52,0x48,0x60,
    0x4E,0x5F,0x46,0x1C,0x5F,0x48,0x4D,0x51,0x49,0x09,0x5F,0x4B,0x48,0x4C,0x1F,0x4E,
    0x4E,0x4C,0x5E,0x6E,0x0F,0x0D,0x65,0x4E,0x41,0x50,0x04,0x51,0x44,0x4C,0x08,0x44,
    0x55,0x53,0x4B,0x4E,0x0B,0x5D,0x5A,0x2E,0x0F,0x4F,0x46,0x1C,0x46,0x58,0x45,0x57,
    0x48,0x09,0x49,0x0A,0x49,0x55,0x5A,0x47,0x4F,0x47,0x00,0x22,0x5A,0x45,0x5B,0x53,
    0x13,0x06,0x58,0x51,0x1B,0x2C,0x40,0x58,0x47,0x1C,0x5A,0x55,0x45,0x51,0x0C,0x5D,
    0x40,0x4F,0x1A,0x44,0x51,0x52,0x42,0x4C,0x5E,0x60,0x4C,0x4C,0x55,0x59,0x0E,0x4E,
    0x41,0x40,0x41,0x5A,0x08,0x5E,0x55,0x01,0x5D,0x43,0x0B,0x4A,0x49,0x25,0x42,0x4F,
    0x4F,0x55,0x40,0x5A,0x0A,0x05,0x0C,0x68,0x46,0x45,0x4E,0x49,0x5A,0x54,0x00,0x19,
    0x58,0x4B,0x49,0x52,0x5E,0x41,0x4E,0x1E,0x57,0x25,0x4E,0x49,0x50,0x1C,0x5D,0x52,
    0x51,0x51,0x44,0x05,0x08,0x4B,0x54,0x45,0x1F,0x47,0x0B,0x52,0x54,0x37,0x0F,0x4E,
    0x51,0x5D,0x59,0x51,0x04,0x42,0x43,0x4C,0x5B,0x0A,0x5F,0x40,0x4C,0x52,0x05,0x1E,
    0xFF,0xDE,0x71,0x45,0x4F,0x01,0x5E,0x54,0x4E,0x1E,0x54,0x2E,0x0F,0x59,0x4B,0x59,
    0x0E,0x58,0x40,0x42,0x49,0x09,0x47,0x4C,0x1A,0x40,0x1F,0x44,0x59,0x5B,0x5A,0x34,
    0x47,0x00,0x57,0x5D,0x45,0x54,0x4A,0x42,0x0C,0x5F,0x41,0x4F,0x4D,0x0F,0x1F,0x06,
    0x6D,0x5F,0x49,0x60,0x4D,0x48,0x4F,0x53,0x59,0x1D,0x5D,0x4A,0x59,0x09,0x41,0x59,
    0x1A,0x40,0x51,0x06,0x00,0x22,0x49,0x49,0x4E,0x48,0x49,0x43,0x0B,0x48,0x54,0x2C,
    0x4C,0x4C,0x4D,0x53,0x02,0x1D,0x42,0x57,0x43,0x44,0x08,0x5D,0x52,0x48,0x5C,0x4E,
    0x0B,0x59,0x49,0x25,0x4E,0x59,0x03,0x5B,0x41,0x48,0x50,0x56,0x0C,0x46,0x4E,0x0A,
    0x57,0x4E,0x53,0x52,0x4E,0x50,0x1B,0x2C,0x4E,0x5B,0x42,0x1C,0x4D,0x52,0x49,0x40,
    0x0C,0x5A,0x5D,0x58,0x5D,0x48,0x51,0x41,0x00,0x00,0x00,0x00,0x00,0x00,0x00,0x00,
    0x00,0x00,0x00,0x00,0x00,0x00,0x00,0x00,0x00,0x00,0x00,0x00,0x00,0x00,0x00,0x00,
    0x00,0x00,0x00,0x00,0x00,0x00,0x00,0x00,0x00,0x00,0x00,0x00,0x00,0x00,0x00,0x00,
    0x00,0x24,0x47,0x5F,0x4E,0x0D,0x1F,0x45,0x4A,0x4D,0x58,0x21,0x4B,0x44,0x4D,0x5B,
    0x0E,0x5F,0x45,0x46,0x47,0x09,0x4C,0x45,0x4D,0x4F,0x1F,0x4F,0x45,0x4A,0x54,0x60,
    0x5B,0x45,0x46,0x1C,0x4A,0x58,0x54,0x51,0x44,0x5A,0x06,0x0A,0x1A,0x75,0x57,0x43,
    0x0B,0x59,0x57,0x2F,0x58,0x44,0x4D,0x5B,0x0E,0x4F,0x4B,0x46,0x47,0x09,0x4E,0x43,
    0x56,0x4D,0x4C,0x06,0x5F,0x56,0x5E,0x60,0x00,0x23,0x4E,0x4B,0x48,0x55,0x57,0x43,
    0x58,0x4A,0x1B,0x32,0x4A,0x4C,0x40,0x54,0x4B,0x4E,0x04,0x4A,0x4A,0x09,0x5C,0x42,
    0x5F,0x01,0x5C,0x47,0x5D,0x5B,0x49,0x2E,0x0F,0x5A,0x4A,0x48,0x46,0x1D,0x45,0x05,
    0x4E,0x45,0x47,0x45,0x5E,0x0C,0x4D,0x43,0x4F,0x1E,0x5C,0x2C,0x4E,0x5F,0x46,0x10,
    0x0E,0x5A,0x4D,0x53,0x45,0x47,0x4F,0x0A,0x5F,0x57,0x5A,0x54,0x52,0x13,0x00,0x24,
    0x5C,0x42,0x53,0x4F,0x58,0x06,0x4A,0x50,0x1B,0x25,0x4A,0x5F,0x4A,0x59,0x02,0x1D,
    0x49,0x44,0x4F,0x48,0x4A,0x58,0x5F,0x01,0x5E,0x56,0x5B,0x5B,0x5A,0x32,0x4E,0x43,
    0x40,0x59,0x00,0x1D,0x04,0x71,0x44,0x4C,0x08,0x4B,0x53,0x53,0x1F,0x4F,0x58,0x1E,
    0x5D,0x29,0x43,0x41,0x46,0x58,0x0E,0x4A,0x4D,0x51,0x44,0x09,0x4E,0x46,0x53,0x42,
    0x54,0x43,0x59,0x57,0x55,0x27,0x00,0x23,0x5B,0x5A,0x5B,0x53,0x54,0x55,0x0B,0x51,
    0x5D,0x60,0x4E,0x5E,0x4B,0x1C,0x4F,0x53,0x40,0x05,0x4D,0x09,0x40,0x4F,0x5B,0x57,
    0x46,0x06,0x58,0x53,0x5E,0x2C,0x43,0x0D,0x4C,0x5A,0x0E,0x5F,0x56,0x4C,0x41,0x5A,
    0x5C,0x45,0x54,0x44,0x11,0x06,0x0B,0x6A,0x53,0x25,0x0F,0x5A,0x42,0x50,0x42,0x4E,
    0x04,0x44,0x5E,0x4C,0x08,0x42,0x55,0x55,0x1F,0x52,0x44,0x1E,0x00,0x22,0x5C,0x42,
    0x5F,0x01,0x4B,0x49,0x5E,0x5D,0x53,0x6C,0x0F,0x4C,0x4D,0x58,0x0E,0x49,0x4C,0x40,
    0x0C,0x5D,0x40,0x5F,0x54,0x45,0x5A,0x54,0x42,0x50,0x5C,0x60,0x40,0x4B,0x03,0x48,
    0x46,0x58,0x04,0x53,0x43,0x45,0x4B,0x4B,0x54,0x4E,0x1F,0x42,0x59,0x51,0x4C,0x2E,
    0x5C,0x0D,0x4C,0x49,0x5A,0x1D,0x45,0x49,0x40,0x09,0x47,0x5E,0x52,0x44,0x4D,0x06,
    0x00,0x23,0x5B,0x45,0x4F,0x4F,0x5B,0x55,0x05,0x1E,0x1B,0x05,0x42,0x4F,0x46,0x58,
    0x4A,0x58,0x40,0x05,0x45,0x47,0x08,0x5E,0x52,0x44,0x1F,0x4C,0x4A,0x59,0x5C,0x25,
    0x4B,0x0D,0x51,0x53,0x41,0x5B,0x04,0x43,0x4D,0x5B,0x08,0x45,0x4C,0x44,0x4D,0x4E,
    0x4E,0x5F,0x5F,0x60,0x4E,0x5F,0x46,0x1C,0x43,0x44,0x56,0x4C,0x4D,0x4D,0x08,0x5E,
    0x4D,0x48,0x4C,0x52,0x4E,0x5A,0x00,0x23,0x4E,0x45,0x48,0x4C,0x5E,0x52,0x42,0x51,
    0x55,0x33,0x0F,0x4E,0x4C,0x51,0x5E,0x52,0x57,0x40,0x48,0x09,0x47,0x4C,0x1A,0x51,
    0x4A,0x54,0x4E,0x1E,0x4C,0x28,0x46,0x59,0x46,0x1C,0x4F,0x51,0x45,0x47,0x4D,0x5A,
    0x5C,0x4F,0x48,0x0D,0x1F,0x51,0x43,0x57,0x58,0x28,0x0F,0x5E,0x40,0x5D,0x5A,0x49,
    0x41,0x57,0x0C,0x5D,0x40,0x4F,0x1A,0x4C,0x4A,0x54,0x40,0x47,0x00,0x24,0x44,0x43,
    0x5D,0x49,0x4B,0x06,0x42,0x50,0x4F,0x2F,0x0F,0x5E,0x4A,0x52,0x47,0x4E,0x50,0x40,
    0x5E,0x09,0x49,0x5A,0x4A,0x40,0x4D,0x4F,0x5F,0x57,0x54,0x2E,0x5C,0x0D,0x56,0x4C,
    0x41,0x53,0x04,0x51,0x44,0x4C,0x08,0x5D,0x5B,0x4D,0x53,0x55,0x05,0x1E,0x1B,0x14,
    0x40,0x0D,0x4C,0x52,0x4B,0x1D,0x57,0x4C,0x48,0x4C,0x08,0x43,0x49,0x01,0x5E,0x06,
    0x4F,0x5B,0x5E,0x30,0x00,0x22,0x4F,0x45,0x48,0x46,0x5A,0x0A,0x0B,0x58,0x52,0x2C,
    0x43,0x48,0x47,0x1C,0x59,0x54,0x50,0x4D,0x0C,0x48,0x08,0x48,0x53,0x5B,0x5E,0x54,
    0x59,0x5B,0x1B,0x23,0x47,0x4C,0x4C,0x4F,0x0E,0x52,0x42,0x05,0x58,0x46,0x5A,0x5E,
    0x4F,0x53,0x5A,0x42,0x0B,0x4C,0x54,0x23,0x44,0x0D,0x54,0x54,0x47,0x5E,0x4C,0x05,
    0x5F,0x4C,0x4D,0x47,0x49,0x01,0x4B,0x49,0x00,0x22,0x40,0x4B,0x4C,0x44,0x1F,0x44,
    0x4E,0x5B,0x55,0x60,0x4C,0x5F,0x42,0x5A,0x5A,0x58,0x40,0x05,0x4E,0x50,0x08,0x5E,
    0x52,0x44,0x1F,0x42,0x4E,0x48,0x52,0x2C,0x0F,0x45,0x4A,0x51,0x5D,0x58,0x48,0x43,
    0x02,0x09,0x08,0x6B,0x54,0x01,0x56,0x4B,0x46,0x5B,0x55,0x33,0x4A,0x0D,0x51,0x55,
    0x58,0x58,0x56,0x05,0x43,0x4F,0x08,0x4C,0x53,0x53,0x5A,0x06,0x00,0x24,0x4B,0x58,
    0x5B,0x52,0x57,0x43,0x58,0x1E,0x54,0x35,0x5B,0x0D,0x45,0x4E,0x41,0x50,0x04,0x51,
    0x44,0x4C,0x08,0x4E,0x5F,0x51,0x4B,0x4E,0x58,0x1E,0x54,0x26,0x0F,0x59,0x4B,0x59,
    0x0E,0x4B,0x4B,0x49,0x4F,0x48,0x46,0x45,0x16,0x01,0x5D,0x53,0x59,0x50,0x48,0x60,
    0x46,0x59,0x50,0x1C,0x59,0x5C,0x5D,0x05,0x58,0x41,0x5A,0x45,0x4F,0x46,0x57,0x06,
    0x5F,0x56,0x5E,0x60,0x00,0x23,0x4F,0x45,0x48,0x46,0x5A,0x0A,0x0B,0x5F,0x55,0x24,
    0x0F,0x5D,0x4F,0x49,0x43,0x50,0x41,0x51,0x5F,0x09,0x41,0x44,0x4E,0x4E,0x1F,0x47,
    0x0B,0x5C,0x54,0x34,0x5B,0x42,0x4E,0x50,0x4B,0x4E,0x57,0x05,0x5C,0x40,0x5C,0x0A,
    0x5C,0x40,0x4D,0x06,0x44,0x58,0x5D,0x60,0x5B,0x42,0x03,0x45,0x41,0x48,0x56,0x05,
    0x40,0x4C,0x4E,0x5E,0x14,0x01,0x1F,0x72,0x44,0x1E,0x00,0x23,0x5C,0x42,0x5F,0x01,
    0x4D,0x4F,0x4C,0x56,0x4F,0x6C,0x0F,0x4C,0x4D,0x1C,0x47,0x50,0x49,0x40,0x42,0x5A,
    0x4D,0x0A,0x5D,0x44,0x46,0x55,0x4E,0x4C,0x1B,0x2F,0x49,0x0D,0x41,0x50,0x47,0x4E,
    0x50,0x40,0x5E,0x40,0x46,0x4D,0x1A,0x52,0x4B,0x43,0x4A,0x53,0x1B,0x25,0x5D,0x58,
    0x53,0x48,0x5D,0x1D,0x47,0x4A,0x42,0x5D,0x41,0x44,0x4F,0x4E,0x4A,0x55,0x47,0x47,
    0x00,0x24,0x4E,0x58,0x55,0x4C,0x1F,0x47,0x0B,0x5C,0x5A,0x32,0x5D,0x48,0x4D,0x1C,
    0x47,0x4E,0x48,0x44,0x42,0x4D,0x08,0x43,0x54,0x01,0x4B,0x4E,0x4E,0x1E,0x58,0x25,
    0x41,0x59,0x46,0x4E,0x0E,0x52,0x42,0x05,0x4D,0x09,0x5B,0x5F,0x56,0x47,0x4A,0x54,
    0x44,0x4B,0x48,0x60,0x43,0x4C,0x48,0x59,0x02,0x1D,0x53,0x4D,0x45,0x4A,0x40,0x0A,
    0x58,0x54,0x5D,0x44,0x47,0x5B,0x48,0x60,0x00,0x24,0x47,0x47,0x53,0x4F,0x50,0x53,
    0x58,0x52,0x42,0x6E,0x0F,0x0D,0x77,0x54,0x4B,0x1D,0x42,0x44,0x5E,0x09,0x5A,0x43,
    0x5D,0x49,0x4B,0x06,0x5C,0x5F,0x57,0x2C,0x0F,0x44,0x50,0x1C,0x4F,0x5B,0x48,0x44,
    0x41,0x4C,0x08,0x5D,0x53,0x55,0x57,0x06,0x4A,0x50,0x1B,0x29,0x41,0x4E,0x42,0x52,
    0x4A,0x58,0x57,0x46,0x49,0x47,0x4B,0x4F,0x1A,0x4E,0x59,0x06,0x42,0x4A,0x48,0x60,
    0x00,0x21,0x47,0x5D,0x54,0x0D,0x1F,0x51,0x43,0x57,0x58,0x28,0x0F,0x41,0x46,0x52,
    0x4A,0x4E,0x04,0x44,0x42,0x09,0x49,0x4E,0x5E,0x48,0x4B,0x4F,0x44,0x50,0x5A,0x2C,
    0x0F,0x44,0x4D,0x5A,0x4B,0x4F,0x4A,0x44,0x40,0x09,0x5B,0x5A,0x56,0x44,0x51,0x42,
    0x44,0x4C,0x1B,0x34,0x40,0x0D,0x57,0x54,0x4B,0x1D,0x45,0x49,0x5E,0x4C,0x49,0x4E,
    0x43,0x01,0x00,0x20,0x40,0x4F,0x56,0x4D,0x56,0x55,0x43,0x1E,0x48,0x23,0x4A,0x43,
    0x46,0x12,0x0E,0x1D,0x65,0x05,0x48,0x48,0x5A,0x41,0x16,0x01,0x59,0x49,0x59,0x5B,
    0x59,0x2F,0x4B,0x44,0x4D,0x5B,0x0E,0x4D,0x45,0x56,0x5F,0x48,0x4F,0x4F,0x1A,0x44,
    0x47,0x4F,0x5F,0x4D,0x1B,0x34,0x40,0x0D,0x57,0x54,0x4B,0x1D,0x57,0x4A,0x59,0x5D,
    0x40,0x04,0xFF,0xDC,0x71,0x45,0x4F,0x01,0x5E,0x54,0x4E,0x1E,0x52,0x2E,0x0F,0x4C,
    0x03,0x4F,0x43,0x5C,0x48,0x49,0x0C,0x4A,0x40,0x4B,0x57,0x43,0x5A,0x54,0x0B,0x58,
    0x52,0x2C,0x43,0x48,0x47,0x1C,0x59,0x54,0x50,0x4D,0x0C,0x45,0x49,0x58,0x5D,0x44,
    0x1F,0x44,0x44,0x4B,0x57,0x24,0x4A,0x5F,0x50,0x12,0x0E,0x1D,0x70,0x4D,0x49,0x09,
    0x5F,0x4B,0x56,0x4D,0x4C,0x06,0x4A,0x4C,0x5E,0x60,0x00,0x24,0x5E,0x4F,0x48,0x58,
    0x1F,0x51,0x4A,0x4C,0x56,0x6C,0x0F,0x4E,0x42,0x49,0x5D,0x54,0x4A,0x42,0x0C,0x5D,
    0x40,0x4F,0x1A,0x40,0x56,0x54,0x0B,0x57,0x55,0x60,0x5B,0x45,0x46,0x1C,0x5C,0x52,
    0x4B,0x48,0x0C,0x5D,0x47,0x0A,0x58,0x44,0x1F,0x47,0x47,0x53,0x54,0x33,0x5B,0x0D,
    0x50,0x48,0x47,0x5B,0x48,0x4C,0x42,0x4E,0x08,0x4C,0x48,0x4E,0x52,0x06,0x5F,0x56,
    0x5E,0x60,0x00,0x24,0x40,0x4F,0x5B,0x55,0x11,0x06,0x0B,0x6A,0x53,0x25,0x0F,0x42,
    0x4D,0x50,0x57,0x1D,0x41,0x5D,0x45,0x5D,0x08,0x43,0x49,0x01,0x5E,0x06,0x48,0x4C,
    0x5A,0x37,0x43,0x0D,0x4B,0x59,0x4F,0x59,0x4D,0x4B,0x4B,0x09,0x5F,0x4F,0x49,0x55,
    0x13,0x06,0x5F,0x56,0x49,0x2F,0x5A,0x4A,0x4B,0x1C,0x59,0x55,0x4D,0x46,0x44,0x09,
    0x41,0x59,0x1A,0x42,0x50,0x4B,0x42,0x50,0x5C,0x60,0x00,0x09,0x49,0x0A,0x56,0x4E,
    0x48,0x06,0x59,0x4B,0x56,0x22,0x43,0x44,0x4D,0x5B,0x00,0x1D,0xFF,0xDC,0x71,0x45,
    0x4F,0x01,0x5E,0x54,0x4E,0x1E,0x4C,0x21,0x43,0x46,0x4A,0x52,0x49,0x1D,0x45,0x49,
    0x43,0x47,0x4F,0x0A,0x5B,0x01,0x58,0x43,0x45,0x4A,0x57,0x39,0x0F,0x5E,0x4F,0x53,
    0x5E,0x54,0x4A,0x42,0x0C,0x47,0x47,0x58,0x4E,0x49,0x10,0x55,0x44,0x4B,0x4F,0x28,
    0x0F,0x5D,0x42,0x4F,0x5D,0x5C,0x43,0x40,0x0C,0x45,0x41,0x44,0x5F,0x45,0x1F,0x51,
    0x42,0x4A,0x53,0x60,0x00,0x12,0x47,0x4E,0x5E,0x4D,0x46,0x06,0x58,0x56,0x5A,0x30,
    0x4A,0x49,0x03,0x50,0x47,0x50,0x41,0x56,0x58,0x46,0x46,0x4F,0x1A,0x47,0x50,0x54,
    0x46,0x5F,0x4F,0x29,0x40,0x43,0x50,0x12,0xFF,0xDE,0x71,0x45,0x4F,0x01,0x5E,0x54,
    0x4E,0x1E,0x48,0x34,0x4E,0x43,0x47,0x55,0x40,0x5A,0x04,0x44,0x58,0x09,0x5C,0x42,
    0x5F,0x01,0x5A,0x48,0x5F,0x4C,0x5A,0x2E,0x4C,0x48,0x03,0x48,0x41,0x1D,0x45,0x05,
    0x40,0x48,0x5A,0x4D,0x5F,0x0D,0x1F,0x44,0x4A,0x4C,0x49,0x25,0x41,0x0D,0x51,0x53,
    0x41,0x50,0x0A,0x05,0x0C,0x68,0x08,0x59,0x53,0x46,0x51,0x06,0x00,0x1F,0x58,0x45,
    0x49,0x55,0x5A,0x42,0x0B,0x5F,0x59,0x2F,0x59,0x48,0x03,0x48,0x46,0x58,0x04,0x40,
    0x42,0x5D,0x5A,0x4B,0x54,0x42,0x5A,0x06,0x59,0x5B,0x5A,0x24,0x5C,0x17,0x03,0x1C,
    0x0C,0x7E,0x65,0x70,0x78,0x60,0x67,0x64,0x1B,0x01,0x1F,0x64,0x6E,0x7F,0x69,0x60,
    0x66,0x63,0x03,0x6E,0x61,0x72,0x69,0x04,0x0E,0x09,0xFF,0xDD,0x71,0x45,0x4F,0x01,
    0x5E,0x54,0x4E,0x1E,0x52,0x2E,0x5C,0x44,0x47,0x59,0x0E,0x5C,0x04,0x47,0x4D,0x5B,
    0x5A,0x4F,0x54,0x01,0x4D,0x49,0x44,0x53,0x15,0x60,0x0F,0x79,0x4B,0x59,0x0E,0x5E,
    0x41,0x4B,0x58,0x4C,0x5A,0x0A,0x55,0x47,0x1F,0x52,0x43,0x5B,0x1B,0x32,0x40,0x42,
    0x4E,0x1C,0x47,0x4E,0x04,0x46,0x43,0x44,0x58,0x46,0x5F,0x55,0x5A,0x4A,0x52,0x1E,
    0x00,0x23,0x4D,0x47,0x4A,0x55,0x46,0x06,0x4E,0x46,0x58,0x25,0x5F,0x59,0x03,0x5A,
    0x41,0x4F,0x04,0x56,0x43,0x44,0x4D,0x0A,0x5E,0x54,0x4C,0x52,0x05,0x1E,0x1B,0x0D,
    0x4E,0x5F,0x48,0x4F,0x0E,0x54,0x4A,0x05,0x58,0x41,0x4D,0x0A,0x5E,0x54,0x4C,0x52,
    0x0B,0x52,0x5E,0x21,0x4B,0x0D,0x42,0x4B,0x4F,0x44,0x04,0x51,0x43,0x5E,0x49,0x58,
    0x5E,0x01,0x4B,0x4E,0x4E,0x1E,0x00,0x1F,0x4E,0x4B,0x48,0x01,0x5A,0x48,0x4F,0x1E,
    0x54,0x26,0x0F,0x59,0x4B,0x59,0x0E,0x4F,0x4B,0x4A,0x41,0x07,0x08,0x0A,0x6E,0x49,
    0x5A,0x06,0x44,0x50,0x57,0x39,0x0F,0x48,0x5B,0x55,0x5A,0x1D,0x4D,0x56,0x0C,0x5D,
    0x40,0x4F,0x1A,0x56,0x5E,0x5F,0x0B,0x47,0x54,0x35,0x0F,0x4E,0x42,0x51,0x4B,0x1D,
    0x4D,0x4B,0x02,0x09,0xFF,0xE0,0x71,0x45,0x4F,0x01,0x5E,0x54,0x4E,0x1E,0x52,0x2E,
    0x0F,0x4C,0x03,0x51,0x4F,0x47,0x41,0x05,0x43,0x4F,0x08,0x5E,0x4D,0x48,0x4C,0x52,
    0x42,0x50,0x5C,0x60,0x43,0x44,0x57,0x48,0x42,0x58,0x04,0x55,0x4D,0x5A,0x5B,0x4B,
    0x5D,0x44,0x4C,0x0A,0x0B,0x5F,0x57,0x2C,0x0F,0x49,0x4A,0x5A,0x48,0x58,0x56,0x40,
    0x42,0x5D,0x06,0x0A,0xFF,0xE1,0x71,0x45,0x4F,0x01,0x5E,0x54,0x4E,0x1E,0x52,0x2E,
    0x0F,0x4C,0x03,0x50,0x47,0x49,0x50,0x49,0x49,0x09,0x45,0x4B,0x40,0x44,0x1F,0x49,
    0x4D,0x1E,0x4F,0x37,0x46,0x5E,0x57,0x45,0x0E,0x4D,0x45,0x56,0x5F,0x48,0x4F,0x4F,
    0x49,0x0D,0x1F,0x47,0x47,0x52,0x1B,0x24,0x46,0x4B,0x45,0x59,0x5C,0x58,0x4A,0x51,
    0x02,0x09,0xFF,0xE0,0x71,0x45,0x4F,0x01,0x5E,0x54,0x4E,0x1E,0x52,0x2E,0x0F,0x4C,
    0x03,0x48,0x59,0x54,0x57,0x51,0x45,0x47,0x4F,0x0A,0x57,0x40,0x45,0x43,0x0B,0x51,
    0x5D,0x60,0x43,0x44,0x57,0x48,0x42,0x58,0x04,0x55,0x4D,0x5A,0x5B,0x4B,0x5D,0x44,
    0x4C,0x0A,0x0B,0x5F,0x57,0x2C,0x0F,0x49,0x4A,0x5A,0x48,0x58,0x56,0x40,0x42,0x5D,
    0x06,0x0A,0xFF,0xE0,0x71,0x45,0x4F,0x01,0x5E,0x54,0x4E,0x1E,0x52,0x2E,0x0F,0x4C,
    0x03,0x48,0x59,0x54,0x57,0x51,0x45,0x47,0x4F,0x0A,0x56,0x48,0x4B,0x52,0x47,0x5B,
    0x1B,0x2D,0x4E,0x57,0x46,0x1C,0x41,0x5B,0x04,0x55,0x4D,0x5A,0x5B,0x4B,0x5D,0x44,
    0x4C,0x0A,0x0B,0x5F,0x57,0x2C,0x0F,0x49,0x4A,0x5A,0x48,0x58,0x56,0x40,0x42,0x5D,
    0x06,0x0A,0xFF,0xE1,0x71,0x45,0x4F,0x01,0x5E,0x54,0x4E,0x1E,0x52,0x2E,0x0F,0x4C,
    0x03,0x48,0x59,0x54,0x57,0x51,0x55,0x09,0x44,0x43,0x4E,0x55,0x53,0x43,0x0B,0x53,
    0x5A,0x3A,0x4A,0x0D,0x4C,0x5A,0x0E,0x4D,0x45,0x56,0x5F,0x48,0x4F,0x4F,0x49,0x0D,
    0x1F,0x47,0x47,0x52,0x1B,0x24,0x46,0x4B,0x45,0x59,0x5C,0x58,0x4A,0x51,0x02,0x09,
    0xFF,0xE1,0x71,0x45,0x4F,0x01,0x5E,0x54,0x4E,0x1E,0x52,0x2E,0x0F,0x4C,0x03,0x48,
    0x59,0x54,0x57,0x51,0x55,0x09,0x45,0x4B,0x40,0x44,0x1F,0x49,0x4D,0x1E,0x57,0x29,
    0x5B,0x59,0x4F,0x59,0x0E,0x4D,0x45,0x56,0x5F,0x48,0x4F,0x4F,0x49,0x0D,0x1F,0x47,
    0x47,0x52,0x1B,0x24,0x46,0x4B,0x45,0x59,0x5C,0x58,0x4A,0x51,0x02,0x09,0xFF,0xE1,
    0x71,0x45,0x4F,0x01,0x5E,0x54,0x4E,0x1E,0x52,0x2E,0x0F,0x4C,0x03,0x50,0x47,0x49,
    0x50,0x49,0x49,0x09,0x5C,0x5D,0x53,0x52,0x4B,0x5F,0x0B,0x53,0x5A,0x3A,0x4A,0x0D,
    0x4C,0x5A,0x0E,0x4D,0x45,0x56,0x5F,0x48,0x4F,0x4F,0x49,0x0D,0x1F,0x47,0x47,0x52,
    0x1B,0x24,0x46,0x4B,0x45,0x59,0x5C,0x58,0x4A,0x51,0x02,0x09,0xFF,0xE0,0x71,0x45,
    0x4F,0x01,0x5E,0x54,0x4E,0x1E,0x52,0x2E,0x0F,0x4C,0x03,0x51,0x4F,0x47,0x41,0x05,
    0x43,0x4F,0x08,0x46,0x53,0x55,0x4B,0x4A,0x4E,0x1E,0x4F,0x37,0x46,0x5E,0x57,0x55,
    0x40,0x5A,0x04,0x55,0x4D,0x5A,0x5B,0x4B,0x5D,0x44,0x4C,0x0A,0x0B,0x5F,0x57,0x2C,
    0x0F,0x49,0x4A,0x5A,0x48,0x58,0x56,0x40,0x42,0x5D,0x06,0x0A,0xFF,0xE1,0x71,0x45,
    0x4F,0x01,0x5E,0x54,0x4E,0x1E,0x52,0x2E,0x0F,0x4C,0x03,0x51,0x4F,0x47,0x41,0x05,
    0x43,0x4F,0x08,0x46,0x53,0x55,0x4B,0x4A,0x4E,0x1E,0x4F,0x37,0x46,0x5E,0x57,0x45,
    0x0E,0x4D,0x45,0x56,0x5F,0x48,0x4F,0x4F,0x49,0x0D,0x1F,0x47,0x47,0x52,0x1B,0x24,
    0x46,0x4B,0x45,0x59,0x5C,0x58,0x4A,0x51,0x02,0x09,0xFF,0xFB,0x6C,0x4F,0x5B,0x45,
    0x1F,0x63,0x45,0x5A,0xFF,0xFF,0xFF,0xF1,0x71,0x45,0x4F,0x06,0x4D,0x43,0x0B,0x5F,
    0x4F,0x60,0x6A,0x43,0x47,0x1C,0x41,0x5B,0x04,0x77,0x43,0x48,0x4C,0x0A,0x5B,0x46,
    0x5E,0x4F,0x45,0x10,0xFF,0xF3,0x71,0x45,0x4F,0x06,0x4D,0x43,0x0B,0x5F,0x4F,0x60,
    0x67,0x44,0x4F,0x50,0x0E,0x54,0x4A,0x05,0x7E,0x46,0x49,0x4E,0x14,0x01,0xFF,0xF3,
    0x71,0x45,0x4F,0x06,0x4D,0x43,0x0B,0x57,0x55,0x33,0x46,0x49,0x46,0x1C,0x6C,0x48,
    0x4D,0x49,0x48,0x40,0x46,0x4D,0x14,0x01,0xFF,0xF6,0x71,0x45,0x4F,0x06,0x4D,0x43,
    0x0B,0x57,0x55,0x60,0x79,0x4C,0x4F,0x50,0x4B,0x44,0x0A,0x05,0xFF,0xF6,0x71,0x45,
    0x4F,0x06,0x4D,0x43,0x0B,0x57,0x55,0x60,0x69,0x42,0x51,0x59,0x5D,0x49,0x0A,0x05,
    0xFF,0xF6,0x71,0x45,0x4F,0x06,0x4D,0x43,0x0B,0x57,0x55,0x60,0x69,0x42,0x51,0x59,
    0x5D,0x49,0x0A,0x05,0xFF,0xF1,0x71,0x45,0x4F,0x06,0x4D,0x43,0x0B,0x5F,0x4F,0x60,
    0x7C,0x41,0x4A,0x48,0x0E,0x54,0x4A,0x05,0x7F,0x5D,0x5A,0x4F,0x5B,0x4C,0x5D,0x43,
    0x4F,0x10,0xFF,0xF4,0x71,0x45,0x4F,0x06,0x4D,0x43,0x0B,0x51,0x4E,0x34,0x5C,0x44,
    0x47,0x59,0x0E,0x7A,0x56,0x44,0x58,0x4C,0x06,0x0A,0xFF,0xF3,0x71,0x45,0x4F,0x06,
    0x4D,0x43,0x0B,0x5C,0x5E,0x2C,0x40,0x5A,0x03,0x48,0x46,0x58,0x04,0x62,0x5E,0x48,
    0x5C,0x4F,0x14,0x01,0xFF,0xF3,0x71,0x45,0x4F,0x06,0x4D,0x43,0x0B,0x57,0x55,0x60,
    0x6C,0x42,0x41,0x5E,0x42,0x58,0x04,0x66,0x5E,0x48,0x5F,0x46,0x14,0x01,0xFF,0xF4,
    0x71,0x45,0x4F,0x06,0x4D,0x43,0x0B,0x57,0x55,0x60,0x6B,0x48,0x41,0x4E,0x47,0x4E,
    0x04,0x77,0x43,0x46,0x45,0x04,0xFF,0xF3,0x71,0x45,0x4F,0x06,0x4D,0x43,0x0B,0x57,
    0x55,0x60,0x6D,0x44,0x51,0x58,0x0E,0x7E,0x4C,0x44,0x41,0x4B,0x4D,0x58,0x14,0x01,
    0xFF,0xF1,0x71,0x45,0x4F,0x06,0x4D,0x43,0x0B,0x5F,0x4F,0x60,0x7B,0x42,0x53,0x1C,
    0x41,0x5B,0x04,0x76,0x41,0x48,0x44,0x46,0x1A,0x71,0x56,0x52,0x05,0x1E,0xFF,0xF3,
    0x71,0x45,0x4F,0x06,0x4D,0x43,0x0B,0x57,0x55,0x60,0x67,0x4C,0x4F,0x50,0x0E,0x52,
    0x42,0x05,0x61,0x40,0x5B,0x5E,0x49,0x0F,0xFF,0xEF,0x71,0x45,0x4F,0x06,0x4D,0x43,
    0x0B,0x51,0x55,0x60,0x6A,0x4C,0x50,0x48,0x0E,0x7F,0x45,0x4B,0x47,0x09,0x47,0x4C,
    0x1A,0x67,0x56,0x55,0x58,0x4B,0x49,0x25,0x01,0x0D,0xFF,0xF0,0x71,0x45,0x4F,0x06,
    0x4D,0x43,0x0B,0x57,0x55,0x60,0x61,0x58,0x44,0x5B,0x4B,0x49,0x04,0x4A,0x4A,0x09,
    0x6F,0x45,0x56,0x45,0x1F,0x74,0x44,0x51,0x56,0x6E,0xFF,0xF2,0x71,0x45,0x4F,0x06,
    0x4D,0x43,0x0B,0x57,0x55,0x60,0x67,0x4C,0x4F,0x50,0x0E,0x52,0x42,0x05,0x61,0x5D,
    0x08,0x61,0x53,0x4F,0x58,0x08,0xFF,0xEE,0x71,0x45,0x4F,0x06,0x4D,0x43,0x0B,0x5F,
    0x4F,0x60,0x78,0x48,0x50,0x48,0x0E,0x78,0x4A,0x41,0x0C,0x46,0x4E,0x0A,0x6E,0x56,
    0x50,0x56,0x42,0x4A,0x1B,0x12,0x40,0x42,0x4E,0x12,0xFF,0xF5,0x71,0x45,0x4F,0x06,
    0x4D,0x43,0x0B,0x57,0x55,0x60,0x6A,0x4C,0x50,0x48,0x0E,0x6D,0x4D,0x51,0x02,0x09,
    0xFF,0xF5,0x71,0x45,0x4F,0x06,0x4D,0x43,0x0B,0x57,0x55,0x60,0x78,0x48,0x50,0x48,
    0x0E,0x6D,0x4D,0x51,0x02,0x09,0xFF,0xF7,0x71,0x45,0x4F,0x06,0x4D,0x43,0x0B,0x5F,
    0x4F,0x60,0x0D,0x74,0x11,0x1E,0x00,0x1D,0xFF,0xF3,0x71,0x45,0x4F,0x06,0x4D,0x43,
    0x0B,0x5F,0x4F,0x60,0x78,0x44,0x4D,0x58,0x41,0x4A,0x04,0x4A,0x42,0x09,0x78,0x43,
    0x4E,0x0F,0xFF,0xF3,0x71,0x45,0x4F,0x06,0x4D,0x43,0x0B,0x57,0x55,0x60,0x6B,0x44,
    0x51,0x48,0x57,0x1D,0x74,0x44,0x5F,0x5A,0x49,0x4D,0x5F,0x0F,0xFF,0xF2,0x71,0x45,
    0x4F,0x06,0x4D,0x43,0x0B,0x57,0x55,0x60,0x6B,0x58,0x50,0x48,0x57,0x1D,0x76,0x4A,
    0x4F,0x42,0x08,0x78,0x55,0x4E,0x52,0x08,0xFF,0xED,0x71,0x45,0x4F,0x06,0x4D,0x43,
    0x0B,0x5F,0x4F,0x60,0x78,0x48,0x50,0x48,0x0E,0x78,0x4A,0x41,0x0C,0x46,0x4E,0x0A,
    0x72,0x40,0x53,0x4A,0x0B,0x51,0x5D,0x60,0x62,0x44,0x50,0x48,0x5D,0x13,0xFF,0xF3,
    0x71,0x45,0x4F,0x06,0x4D,0x43,0x0B,0x5F,0x4F,0x60,0x6D,0x5F,0x4A,0x52,0x45,0x1D,
    0x4B,0x43,0x0C,0x79,0x41,0x5E,0x14,0x01,0xFF,0xEF,0x71,0x45,0x4F,0x06,0x4D,0x43,
    0x0B,0x5F,0x4F,0x60,0x6A,0x4C,0x50,0x48,0x0E,0x78,0x4A,0x41,0x0C,0x46,0x4E,0x0A,
    0x76,0x4E,0x51,0x41,0x0B,0x76,0x5A,0x2C,0x43,0x03,0xFF,0xEF,0x71,0x45,0x4F,0x06,
    0x4D,0x43,0x0B,0x5F,0x4F,0x60,0x78,0x48,0x50,0x48,0x0E,0x78,0x4A,0x41,0x0C,0x46,
    0x4E,0x0A,0x76,0x4E,0x51,0x41,0x0B,0x76,0x5A,0x2C,0x43,0x03,0xFF,0xF1,0x71,0x45,
    0x4F,0x06,0x4D,0x43,0x0B,0x5F,0x4F,0x60,0x6C,0x42,0x4E,0x4C,0x42,0x58,0x5C,0x05,
    0x66,0x5C,0x46,0x49,0x4E,0x48,0x50,0x48,0x05,0x1E,0xFF,0xF1,0x71,0x45,0x4F,0x06,
    0x4D,0x43,0x0B,0x57,0x55,0x60,0x7C,0x5A,0x4A,0x4F,0x5D,0x1D,0x67,0x4D,0x49,0x4C,
    0x5B,0x4F,0x1A,0x73,0x50,0x49,0x46,0x10,0xFF,0xEE,0x71,0x45,0x4F,0x06,0x4D,0x43,
    0x0B,0x5F,0x4F,0x60,0x6A,0x4C,0x50,0x48,0x0E,0x78,0x4A,0x41,0x0C,0x46,0x4E,0x0A,
    0x6E,0x56,0x50,0x56,0x42,0x4A,0x1B,0x12,0x40,0x42,0x4E,0x12,0xFF,0xF5,0x71,0x45,
    0x4F,0x06,0x4D,0x43,0x0B,0x57,0x55,0x60,0x7C,0x41,0x42,0x5E,0x0E,0x6F,0x4B,0x4A,
    0x41,0x07,0xFF,0xE9,0x71,0x45,0x4F,0x06,0x4D,0x43,0x0B,0x5F,0x4F,0x60,0x65,0x58,
    0x4D,0x5F,0x5A,0x54,0x4B,0x4B,0x0C,0x46,0x4E,0x0A,0x6E,0x49,0x4D,0x43,0x4E,0x1E,
    0x68,0x25,0x4C,0x5F,0x46,0x48,0x0E,0x7E,0x45,0x4B,0x55,0x46,0x46,0x59,0x14,0x01,
    0xFF,0xE7,0x71,0x45,0x4F,0x06,0x4D,0x43,0x0B,0x57,0x55,0x60,0x7C,0x48,0x40,0x4E,
    0x4B,0x49,0x04,0x60,0x03,0x7E,0x08,0x69,0x5B,0x4F,0x46,0x49,0x45,0x1E,0x5A,0x22,
    0x40,0x5B,0x46,0x1C,0x7A,0x54,0x43,0x4D,0x58,0x09,0x6B,0x4B,0x54,0x58,0x50,0x48,
    0x05,0x1E,0xFF,0xF2,0x71,0x45,0x4F,0x06,0x4D,0x43,0x0B,0x57,0x55,0x60,0x61,0x4C,
    0x51,0x4E,0x41,0x4A,0x04,0x66,0x43,0x5B,0x5A,0x43,0x5E,0x4E,0x4D,0x08,0x00,0x00,
    0x00,0x00,0x00,0x00,0x00,0x00,0x00,0x00,0x00,0x00,0x00,0x00,0x00,0x00,0x00,0x00,
    0xFF,0xEA,0x71,0x45,0x4F,0x06,0x4D,0x43,0x0B,0x5F,0x4F,0x60,0x7C,0x59,0x46,0x59,
    0x5E,0x1D,0x6D,0x4B,0x4F,0x45,0x41,0x44,0x5F,0x01,0x5E,0x44,0x44,0x48,0x5E,0x60,
    0x63,0x4C,0x51,0x5B,0x4B,0x1D,0x76,0x4A,0x43,0x44,0x06,0x0A,0xFF,0xF4,0x71,0x45,
    0x4F,0x06,0x4D,0x43,0x0B,0x57,0x55,0x60,0x68,0x44,0x42,0x52,0x5A,0x1D,0x76,0x4A,
    0x43,0x44,0x06,0x0A,0xFF,0xEF,0x71,0x45,0x4F,0x06,0x4D,0x43,0x0B,0x57,0x55,0x60,
    0x6C,0x4C,0x55,0x59,0x5C,0x53,0x04,0x72,0x45,0x5D,0x40,0x0A,0x6D,0x40,0x4B,0x43,
    0x59,0x58,0x5A,0x2C,0x43,0x03,0xFF,0xF5,0x71,0x45,0x4F,0x06,0x4D,0x43,0x0B,0x57,
    0x55,0x60,0x7C,0x42,0x45,0x48,0x0E,0x6F,0x4B,0x4A,0x41,0x07,0xFF,0xF3,0x71,0x45,
    0x4F,0x06,0x4D,0x43,0x0B,0x57,0x55,0x60,0x60,0x5F,0x4A,0x59,0x40,0x49,0x45,0x49,
    0x0C,0x7B,0x47,0x45,0x57,0x0F,0xFF,0xF3,0x71,0x45,0x4F,0x06,0x4D,0x43,0x0B,0x57,
    0x55,0x60,0x62,0x44,0x50,0x48,0x57,0x1D,0x67,0x44,0x5A,0x4C,0x5A,0x44,0x14,0x01,
    0xFF,0xF6,0x71,0x45,0x4F,0x06,0x4D,0x43,0x0B,0x57,0x55,0x60,0x6E,0x41,0x40,0x53,
    0x58,0x58,0x0A,0x05,0xFF,0xF4,0x71,0x45,0x4F,0x06,0x4D,0x43,0x0B,0x57,0x55,0x60,
    0x7F,0x41,0x4C,0x4A,0x4B,0x4F,0x04,0x77,0x43,0x46,0x45,0x04,0xFF,0xF5,0x71,0x45,
    0x4F,0x06,0x4D,0x43,0x0B,0x57,0x55,0x60,0x6B,0x4C,0x51,0x57,0x0E,0x6F,0x4B,0x4A,
    0x41,0x07,0xFF,0xF4,0x71,0x45,0x4F,0x06,0x4D,0x43,0x0B,0x57,0x55,0x60,0x6E,0x5F,
    0x40,0x54,0x4B,0x59,0x04,0x6D,0x4D,0x45,0x44,0x04,0xFF,0xF4,0x71,0x45,0x4F,0x06,
    0x4D,0x43,0x0B,0x57,0x55,0x60,0x7C,0x45,0x46,0x50,0x42,0x1D,0x76,0x4A,0x43,0x44,
    0x06,0x0A,0xFF,0xF5,0x71,0x45,0x4F,0x06,0x4D,0x43,0x0B,0x57,0x55,0x60,0x6E,0x43,
    0x57,0x59,0x5C,0x52,0x4B,0x48,0x02,0x09,0xFF,0xF4,0x71,0x45,0x4F,0x06,0x4D,0x43,
    0x0B,0x5F,0x4F,0x60,0x78,0x44,0x57,0x48,0x09,0x4E,0x04,0x60,0x42,0x4D,0x06,0x0A,
    0xFF,0xF3,0x71,0x45,0x4F,0x06,0x4D,0x43,0x0B,0x57,0x55,0x60,0x62,0x44,0x51,0x4E,
    0x41,0x4F,0x04,0x66,0x4D,0x47,0x51,0x45,0x54,0x0F,0xFF,0xF3,0x71,0x45,0x4F,0x06,
    0x4D,0x43,0x0B,0x5F,0x4F,0x60,0x78,0x44,0x4D,0x58,0x41,0x4A,0x04,0x4A,0x42,0x09,
    0x78,0x43,0x4E,0x0F,0xFF,0xF1,0x71,0x45,0x4F,0x06,0x4D,0x43,0x0B,0x5F,0x4F,0x60,
    0x7B,0x42,0x53,0x1C,0x41,0x5B,0x04,0x76,0x58,0x48,0x44,0x4B,0x59,0x55,0x56,0x52,
    0x4E,0x10,0xFF,0xF5,0x71,0x45,0x4F,0x06,0x4D,0x43,0x0B,0x5F,0x4F,0x60,0x7D,0x48,
    0x50,0x59,0x5C,0x4B,0x4B,0x4C,0x5E,0x07,0xFF,0xF6,0x71,0x45,0x4F,0x06,0x4D,0x43,
    0x0B,0x5F,0x4F,0x60,0x61,0x68,0x03,0x79,0x40,0x59,0x0A,0x05,0xFF,0xF6,0x71,0x45,
    0x4F,0x06,0x4D,0x43,0x0B,0x5F,0x4F,0x60,0x7C,0x7A,0x03,0x79,0x40,0x59,0x0A,0x05,
    0xFF,0xF1,0x71,0x45,0x4F,0x06,0x4D,0x43,0x0B,0x51,0x55,0x60,0x7C,0x7A,0x03,0x6F,
    0x47,0x59,0x41,0x05,0x43,0x4F,0x08,0x69,0x52,0x40,0x4C,0x4B,0x05,0x1E,0xFF,0xF1,
    0x71,0x45,0x4F,0x06,0x4D,0x43,0x0B,0x57,0x55,0x60,0x7C,0x41,0x4C,0x4C,0x47,0x53,
    0x43,0x05,0x6F,0x46,0x5A,0x58,0x53,0x45,0x50,0x54,0x05,0x1E,0xFF,0xF1,0x71,0x45,
    0x4F,0x06,0x4D,0x43,0x0B,0x51,0x55,0x60,0x61,0x68,0x03,0x6F,0x47,0x59,0x41,0x05,
    0x43,0x4F,0x08,0x69,0x52,0x40,0x4C,0x4B,0x05,0x1E,0xFF,0xF5,0x71,0x45,0x4F,0x06,
    0x4D,0x43,0x0B,0x57,0x55,0x60,0x6C,0x42,0x51,0x4E,0x47,0x59,0x4B,0x57,0x02,0x09,
    0xFF,0xF3,0x71,0x45,0x4F,0x06,0x4D,0x43,0x0B,0x5F,0x4F,0x60,0x69,0x42,0x51,0x57,
    0x0E,0x54,0x4A,0x05,0x7C,0x48,0x5C,0x42,0x14,0x01,0xFF,0xED,0x71,0x45,0x4F,0x06,
    0x4D,0x43,0x0B,0x5F,0x4F,0x60,0x65,0x58,0x4D,0x5F,0x5A,0x54,0x4B,0x4B,0x0C,0x7E,
    0x41,0x5E,0x52,0x01,0x68,0x47,0x59,0x53,0x1B,0x17,0x4E,0x41,0x4F,0x4F,0x00,0x1D,
    0xFF,0xF0,0x71,0x45,0x4F,0x06,0x4D,0x43,0x0B,0x5F,0x4F,0x60,0x6D,0x5F,0x46,0x5D,
    0x5A,0x55,0x09,0x71,0x4D,0x42,0x41,0x44,0x5D,0x01,0x69,0x4F,0x4E,0x49,0x15,0x60,
    0xFF,0xF0,0x71,0x45,0x4F,0x06,0x4D,0x43,0x0B,0x57,0x55,0x60,0x6C,0x45,0x42,0x51,
    0x4C,0x58,0x56,0x05,0x43,0x4F,0x08,0x68,0x55,0x54,0x53,0x42,0x4E,0x4C,0x48,0x6E,
    0xFF,0xF1,0x71,0x45,0x4F,0x06,0x4D,0x43,0x0B,0x57,0x55,0x60,0x63,0x44,0x4E,0x59,
    0x5D,0x49,0x4B,0x4B,0x49,0x09,0x78,0x4B,0x49,0x52,0x5E,0x41,0x4E,0x10,0xFF,0xEF,
    0x71,0x45,0x4F,0x06,0x4D,0x43,0x0B,0x57,0x55,0x60,0x69,0x5F,0x4C,0x52,0x5A,0x1D,
    0x4B,0x43,0x0C,0x6B,0x49,0x58,0x48,0x44,0x51,0x06,0x79,0x51,0x54,0x2D,0x01,0x0D,
    0xFF,0xF4,0x71,0x45,0x4F,0x06,0x4D,0x43,0x0B,0x57,0x55,0x60,0x6D,0x4C,0x51,0x4E,
    0x4B,0x53,0x04,0x77,0x43,0x46,0x45,0x04,0xFF,0xFF,0xFF,0xFF,0xFF,0xF9,0x7B,0x4F,
    0x4E,0x01,0x50,0x40,0x0B,0x55,0x5E,0x39,0x5C,0x0D,0xFF,0xFF,0x00,0x15,0x7C,0x42,
    0x5F,0x53,0x5A,0x06,0x4A,0x4C,0x5E,0x60,0x5C,0x42,0x4E,0x59,0x0E,0x56,0x41,0x5C,
    0x5F,0x09,0x47,0x44,0x1A,0x55,0x57,0x43,0x0B,0x59,0x49,0x2F,0x5A,0x43,0x47,0x1C,
    0x46,0x58,0x56,0x40,0x02,0x09,0xFF,0xFF,0xFF,0xF8,0x6A,0x58,0x5B,0x52,0x4C,0x06,
    0x47,0x5F,0x55,0x34,0x4A,0x5F,0x4D,0x1C,0xFF,0xFF,0x00,0x13,0x7C,0x42,0x5F,0x53,
    0x5A,0x06,0x42,0x4D,0x1B,0x21,0x0F,0x5E,0x4B,0x55,0x40,0x44,0x04,0x47,0x5E,0x48,
    0x5B,0x59,0x1A,0x4D,0x5E,0x4B,0x5B,0x1E,0x55,0x25,0x4E,0x5F,0x41,0x45,0x00,0x1D,
    0xFF,0xFF,0x00,0x11,0x7C,0x42,0x5F,0x53,0x5A,0x06,0x42,0x4D,0x1B,0x21,0x0F,0x41,
    0x42,0x51,0x5E,0x1D,0x57,0x4D,0x45,0x47,0x41,0x44,0x5D,0x01,0x51,0x43,0x4A,0x4C,
    0x59,0x39,0x01,0x0D,0xFF,0xFF,0xFF,0xFC,0x02,0x6D,0x68,0x60,0x6B,0x63,0xFF,0xFF,
    0x00,0x0B,0x7C,0x42,0x5F,0x01,0x58,0x54,0x4A,0x4A,0x5E,0x60,0x46,0x5E,0x03,0x50,
    0x41,0x5E,0x4F,0x40,0x48,0x07,0xFF,0xFF,0x00,0x0A,0x7C,0x42,0x5F,0x01,0x58,0x54,
    0x4A,0x4A,0x5E,0x60,0x46,0x5E,0x03,0x53,0x5E,0x58,0x4A,0x0B,0xFF,0xFF,0xFF,0xF9,
    0x7F,0x43,0x59,0x4A,0x5A,0x54,0x0B,0x5D,0x5A,0x27,0x4A,0x0D,0xFF,0xFF,0x00,0x18,
    0x7C,0x42,0x5F,0x53,0x5A,0x06,0x42,0x4D,0x1B,0x21,0x0F,0x5E,0x4E,0x5D,0x42,0x51,
    0x04,0x52,0x45,0x4A,0x43,0x4F,0x48,0x01,0x5C,0x47,0x4C,0x5B,0x1B,0x24,0x46,0x5E,
    0x40,0x5D,0x5C,0x59,0x41,0x41,0x0C,0x47,0x4D,0x4B,0x48,0x43,0x46,0x08,0xFF,0xFF,
    0xFF,0xFA,0x6A,0x46,0x5B,0x42,0x54,0x06,0x59,0x51,0x5F,0x60,0xFF,0xFF,0x00,0x21,
    0x69,0x0A,0x4E,0x49,0x4D,0x43,0x4E,0x1E,0x5D,0x2F,0x40,0x59,0x03,0x5E,0x42,0x5C,
    0x47,0x4E,0x0C,0x5B,0x47,0x4E,0x1A,0x56,0x56,0x52,0x43,0x1E,0x5A,0x60,0x5D,0x58,
    0x50,0x48,0x57,0x1D,0x57,0x51,0x4D,0x5B,0x08,0x45,0x54,0x01,0x5E,0x48,0x0B,0x5B,
    0x55,0x24,0x0F,0x41,0x4A,0x59,0x5D,0x1D,0x4A,0x40,0x4D,0x5B,0x4A,0x53,0x14,0x01,
    0xFF,0xFF,0xFF,0xFA,0x6A,0x46,0x5B,0x42,0x54,0x06,0x59,0x51,0x5F,0x60,0xFF,0xFF,
    0x00,0x21,0x69,0x0A,0x4E,0x49,0x4D,0x43,0x4E,0x1E,0x5D,0x2F,0x40,0x59,0x03,0x5E,
    0x42,0x5C,0x47,0x4E,0x0C,0x5B,0x47,0x4E,0x1A,0x56,0x56,0x52,0x43,0x1E,0x5A,0x60,
    0x5D,0x58,0x50,0x48,0x57,0x1D,0x49,0x44,0x5E,0x42,0x08,0x45,0x54,0x01,0x5E,0x48,
    0x0B,0x5B,0x55,0x24,0x0F,0x41,0x4A,0x59,0x5D,0x1D,0x4A,0x40,0x4D,0x5B,0x4A,0x53,
    0x14,0x01,0xFF,0xFF,0xFF,0xFC,0x02,0x79,0x6E,0x64,0x6F,0x75,0xFF,0xFF,0x00,0x13,
    0x7A,0x45,0x4F,0x46,0x57,0x06,0x58,0x4A,0x54,0x2E,0x4A,0x0D,0x50,0x48,0x4B,0x4D,
    0x57,0x05,0x40,0x4C,0x49,0x4E,0x1A,0x45,0x50,0x51,0x45,0x1E,0x4F,0x28,0x4A,0x0D,
    0x53,0x55,0x5A,0x13,0xFF,0xFF,0x00,0x13,0x7A,0x45,0x4F,0x46,0x57,0x06,0x58,0x4A,
    0x54,0x2E,0x4A,0x0D,0x50,0x48,0x4B,0x4D,0x57,0x05,0x40,0x4C,0x49,0x4E,0x1A,0x54,
    0x4F,0x06,0x5F,0x56,0x5E,0x60,0x4B,0x42,0x4E,0x59,0x00,0x1D,0xFF,0xFF,0xFF,0xF5,
    0x64,0x43,0x4E,0x55,0x53,0x43,0x0B,0x5C,0x52,0x32,0x4B,0x0D,0x4A,0x52,0x0E,0x5E,
    0x45,0x42,0x49,0x09,0xFF,0xFF,0x00,0x19,0x69,0x0A,0x59,0x49,0x5A,0x43,0x59,0x58,
    0x4E,0x2C,0x0F,0x41,0x4A,0x48,0x5A,0x51,0x41,0x05,0x4E,0x40,0x5A,0x4E,0x1A,0x48,
    0x4C,0x06,0x58,0x57,0x4F,0x34,0x46,0x43,0x44,0x1C,0x46,0x58,0x56,0x40,0x0C,0x5A,
    0x41,0x44,0x5D,0x48,0x51,0x41,0x05,0x1E,0xFF,0xFF,0x00,0x13,0x7C,0x42,0x5F,0x53,
    0x5A,0x06,0x42,0x4D,0x1B,0x21,0x0F,0x41,0x4A,0x48,0x5A,0x51,0x41,0x05,0x4E,0x40,
    0x5A,0x4E,0x1A,0x48,0x51,0x06,0x5F,0x56,0x5E,0x60,0x4C,0x4C,0x44,0x59,0x00,0x1D,
    0xFF,0xFF,0xFF,0xF9,0x02,0x78,0x6F,0x72,0x6B,0x7F,0x0B,0x7A,0x74,0x0F,0x7D,0x0D,
    0xFF,0xFF,0x00,0x1D,0x7C,0x42,0x5F,0x01,0x48,0x47,0x52,0x1E,0x55,0x2F,0x5D,0x59,
    0x4B,0x1C,0x47,0x4E,0x04,0x47,0x4D,0x5B,0x5A,0x4F,0x5E,0x01,0x5D,0x5F,0x0B,0x5F,
    0x1B,0x2D,0x4E,0x5E,0x50,0x55,0x58,0x58,0x08,0x05,0x5E,0x5C,0x5B,0x5E,0x43,0x0D,
    0x1F,0x4F,0x59,0x51,0x55,0x60,0x4B,0x42,0x4C,0x4E,0x00,0x1D,0xFF,0xFF,0x00,0x1D,
    0x7C,0x42,0x5F,0x01,0x48,0x47,0x52,0x1E,0x55,0x2F,0x5D,0x59,0x4B,0x1C,0x42,0x58,
    0x45,0x41,0x5F,0x09,0x5C,0x42,0x48,0x4E,0x4A,0x41,0x43,0x1E,0x5A,0x60,0x42,0x4C,
    0x50,0x4F,0x47,0x4B,0x41,0x09,0x0C,0x5B,0x5D,0x59,0x4E,0x58,0x13,0x06,0x42,0x4C,
    0x54,0x2E,0x0F,0x49,0x4C,0x53,0x5C,0x13,0xFF,0xFF,0xFF,0xF8,0x7E,0x4F,0x56,0x57,
    0x5A,0x52,0x0B,0x4E,0x52,0x2C,0x43,0x42,0x54,0x1C,0xFF,0xFF,0x00,0x15,0x69,0x0A,
    0x49,0x4C,0x5E,0x4A,0x47,0x1E,0x4D,0x25,0x43,0x5B,0x46,0x48,0x0E,0x4D,0x4D,0x49,
    0x40,0x46,0x5F,0x0A,0x56,0x48,0x5A,0x55,0x0B,0x51,0x55,0x60,0x5B,0x45,0x46,0x1C,
    0x48,0x51,0x4B,0x4A,0x5E,0x07,0xFF,0xFF,0xFF,0xFC,0x02,0x79,0x74,0x60,0x74,0x63,
    0xFF,0xFF,0x00,0x15,0x69,0x0A,0x52,0x54,0x58,0x43,0x0B,0x59,0x49,0x25,0x4A,0x43,
    0x03,0x5A,0x47,0x58,0x56,0x46,0x49,0x09,0x5B,0x44,0x5B,0x4A,0x5A,0x06,0x49,0x5F,
    0x49,0x33,0x0F,0x59,0x4B,0x59,0x0E,0x4A,0x45,0x5C,0x0D,0x09,0x00,0x00,0x00,0x00,
    0x00,0x00,0x00,0x00,0x00,0x00,0x00,0x00,0x00,0x00,0x00,0x00,0x00,0x00,0x00,0x00,
    0xFF,0xFF,0x00,0x0A,0x16,0x0E,0x06,0x01,0x1F,0x0E,0x48,0x56,0x5A,0x33,0x4A,0x49,
    0x03,0x5D,0x59,0x5C,0x5D,0x0C,0xFF,0xFF,0xFF,0xFB,0x02,0x6C,0x73,0x72,0x6C,0x73,
    0x79,0x7B,0xFF,0xFF,0x00,0x03,0x16,0x0E,0x06,0x01,0xFF,0xFF,0x00,0x15,0x69,0x0A,
    0x59,0x53,0x46,0x55,0x5F,0x5F,0x57,0x60,0x4D,0x5F,0x4A,0x58,0x49,0x58,0x04,0x4B,
    0x43,0x5E,0x08,0x59,0x4A,0x40,0x51,0x55,0x0B,0x4A,0x53,0x25,0x0F,0x4B,0x4A,0x4F,
    0x5D,0x48,0x56,0x40,0x02,0x09,0xFF,0xFF,0x00,0x11,0x7C,0x42,0x5F,0x01,0x5C,0x54,
    0x52,0x4D,0x4F,0x21,0x43,0x0D,0x41,0x4E,0x47,0x59,0x43,0x40,0x0C,0x41,0x49,0x59,
    0x1A,0x57,0x5E,0x48,0x42,0x4D,0x53,0x25,0x4B,0x0C,0xFF,0xFF,0xFF,0xF8,0x02,0x79,
    0x6E,0x6E,0x71,0x63,0x0B,0x6A,0x7A,0x02,0x63,0x68,0x77,0x1C,0xFF,0xFF,0x00,0x1A,
    0x69,0x0A,0x57,0x40,0x4C,0x55,0x42,0x48,0x5E,0x60,0x5C,0x59,0x4C,0x52,0x4B,0x1D,
    0x50,0x44,0x4E,0x45,0x4D,0x5E,0x1A,0x48,0x52,0x44,0x4E,0x5A,0x5F,0x25,0x4B,0x0D,
    0x4A,0x52,0x0E,0x49,0x4C,0x40,0x0C,0x5E,0x49,0x46,0x56,0x01,0x4D,0x43,0x4A,0x5A,
    0x48,0x7A,0x00,0x1D,0x0A,0x69,0x75,0x6F,0x78,0x74,0x6A,0x6A,0x6E,0x0C,0x6E,0x79,
    0x6A,0x73,0x60,0x6E,0x04,0x6A,0x62,0x09,0x6A,0x78,0x73,0x6F,0x78,0x6F,0x65,0x79,
    0x1B,0x0C,0x66,0x6A,0x6B,0x68,0x0E,0x74,0x6A,0x71,0x63,0x09,0x7C,0x62,0x7F,0x01,
    0x7B,0x67,0x79,0x75,0x1B,0x12,0x60,0x62,0x6E,0x1D,0x0C,0x1D,0xFF,0xFF,0xFF,0xF5,
    0x6F,0x43,0x5B,0x4F,0x4B,0x06,0x48,0x52,0x5A,0x2D,0x0F,0x0D,0x1D,0x7B,0x7C,0x68,
    0x6A,0x71,0x0D,0x15,0xFF,0xFF,0x00,0x20,0x7C,0x42,0x5F,0x53,0x5A,0x06,0x42,0x4D,
    0x1B,0x21,0x41,0x0D,0x46,0x52,0x41,0x4F,0x49,0x4A,0x59,0x5A,0x08,0x49,0x56,0x40,
    0x52,0x06,0x43,0x5B,0x49,0x25,0x0F,0x5A,0x4A,0x48,0x46,0x1D,0x4D,0x51,0x5F,0x09,
    0x5B,0x42,0x5F,0x4D,0x53,0x06,0x5F,0x57,0x5C,0x28,0x5B,0x41,0x5A,0x1C,0x4D,0x51,
    0x4B,0x56,0x49,0x4D,0x06,0x0A,0xFF,0xFF,0xFF,0xF4,0x6F,0x43,0x5B,0x4F,0x4B,0x06,
    0x44,0x47,0x48,0x34,0x4A,0x5F,0x03,0x1C,0x10,0x7A,0x76,0x6A,0x6D,0x67,0x09,0x16,
    0xFF,0xFF,0x00,0x21,0x7C,0x42,0x5F,0x53,0x5A,0x06,0x42,0x4D,0x1B,0x21,0x41,0x0D,
    0x46,0x52,0x41,0x4F,0x49,0x4A,0x59,0x5A,0x08,0x45,0x43,0x52,0x4B,0x43,0x59,0x1E,
    0x53,0x25,0x5D,0x48,0x03,0x4B,0x47,0x49,0x4C,0x05,0x45,0x5D,0x5B,0x0A,0x49,0x49,
    0x5A,0x4A,0x47,0x1E,0x4F,0x29,0x48,0x45,0x57,0x50,0x57,0x1D,0x47,0x49,0x43,0x5A,
    0x4D,0x4E,0x14,0x01,0xFF,0xFF,0x00,0x24,0x61,0x44,0x4E,0x44,0x4D,0x43,0x58,0x4A,
    0x52,0x2E,0x48,0x03,0x03,0x1C,0x7A,0x55,0x41,0x57,0x49,0x09,0x5B,0x4F,0x5F,0x4C,
    0x4C,0x06,0x5F,0x51,0x1B,0x22,0x4A,0x0D,0x50,0x53,0x43,0x58,0x50,0x4D,0x45,0x47,
    0x4F,0x0A,0x4D,0x53,0x56,0x52,0x5F,0x5B,0x55,0x60,0x40,0x43,0x03,0x48,0x46,0x58,
    0x04,0x50,0x42,0x4D,0x4D,0x58,0x49,0x48,0x5B,0x43,0x0B,0x51,0x5D,0x60,0x00,0x07,
    0x5C,0x42,0x5F,0x01,0x50,0x5F,0x58,0x4A,0x5E,0x32,0x01,0x0D,0xFF,0xFF,0xFF,0xF6,
    0x0A,0x79,0x4A,0x44,0x53,0x53,0x45,0x55,0x5E,0x32,0x0F,0x79,0x4C,0x58,0x4F,0x44,
    0x06,0x05,0xFF,0xFF,0x00,0x22,0x7C,0x42,0x5F,0x53,0x5A,0x06,0x4A,0x4C,0x5E,0x60,
    0x4E,0x0D,0x45,0x59,0x59,0x1D,0x56,0x40,0x4F,0x4C,0x46,0x5E,0x1A,0x48,0x4C,0x55,
    0x5E,0x5B,0x48,0x60,0x40,0x4B,0x03,0x1E,0x7D,0x4D,0x41,0x49,0x59,0x47,0x43,0x4F,
    0x48,0x01,0x6B,0x49,0x4F,0x5F,0x42,0x62,0x0F,0x40,0x42,0x5B,0x4F,0x47,0x4D,0x4B,
    0x49,0x09,0x40,0x4F,0x48,0x44,0x11,0x06,0xFF,0xFF,0xFF,0xFA,0x7C,0x4B,0x49,0x55,
    0x46,0x06,0x4D,0x51,0x54,0x24,0xFF,0xFF,0x00,0x0B,0x7C,0x42,0x5F,0x53,0x5A,0x06,
    0x42,0x4D,0x1B,0x26,0x40,0x42,0x47,0x1C,0x46,0x58,0x56,0x40,0x02,0x09,0xFF,0xFF,
    0xFF,0xF9,0x7B,0x47,0x5B,0x4D,0x53,0x06,0x49,0x51,0x4F,0x34,0x43,0x48,0xFF,0xFF,
    0x00,0x11,0x7C,0x42,0x5F,0x53,0x5A,0x06,0x42,0x4D,0x1B,0x21,0x0F,0x4F,0x4C,0x48,
    0x5A,0x51,0x41,0x05,0x43,0x4F,0x08,0x5D,0x5B,0x55,0x5A,0x54,0x0B,0x56,0x5E,0x32,
    0x4A,0x03,0xFF,0xFF,0x00,0x10,0x7C,0x42,0x5F,0x53,0x5A,0x06,0x42,0x4D,0x1B,0x21,
    0x41,0x0D,0x46,0x51,0x5E,0x49,0x5D,0x05,0x4E,0x46,0x5C,0x5E,0x56,0x44,0x1F,0x4E,
    0x4E,0x4C,0x5E,0x6E,0xFF,0xFF,0x00,0x10,0x7C,0x42,0x5F,0x53,0x5A,0x06,0x42,0x4D,
    0x1B,0x21,0x0F,0x4F,0x4C,0x48,0x5A,0x51,0x41,0x05,0x43,0x4F,0x08,0x45,0x53,0x4D,
    0x1F,0x4E,0x4E,0x4C,0x5E,0x6E,0xFF,0xFF,0xFF,0xF5,0x7F,0x4B,0x4E,0x44,0x4D,0x06,
    0x42,0x50,0x1B,0x34,0x47,0x48,0x03,0x5E,0x41,0x49,0x50,0x49,0x49,0x09,0xFF,0xFF,
    0xFF,0xF6,0x67,0x43,0x56,0x01,0x56,0x48,0x0B,0x4A,0x53,0x25,0x0F,0x4F,0x4C,0x48,
    0x5A,0x51,0x41,0x05,0xFF,0xFF,0xFF,0xFB,0x02,0x67,0x73,0x73,0x6D,0x69,0x79,0x1E,
    0xFF,0xFF,0x00,0x03,0x16,0x0E,0x06,0x01,0xFF,0xFF,0xFF,0xFC,0x02,0x7A,0x76,0x60,
    0x71,0x72,0xFF,0xFF,0x00,0x24,0x7C,0x42,0x5F,0x53,0x5A,0x06,0x42,0x4D,0x1B,0x21,
    0x0F,0x59,0x4A,0x52,0x57,0x1D,0x48,0x4C,0x58,0x5D,0x44,0x4F,0x1A,0x51,0x53,0x47,
    0x45,0x4A,0x1B,0x29,0x41,0x0D,0x57,0x54,0x4B,0x1D,0x54,0x4C,0x58,0x05,0x08,0x47,
    0x4F,0x53,0x52,0x53,0x59,0x57,0x55,0x27,0x0F,0x0F,0x54,0x5D,0x5A,0x58,0x56,0x09,
    0x0C,0x5E,0x49,0x5E,0x5F,0x53,0x13,0x06,0x05,0x10,0x15,0x62,0xFF,0xFF,0x00,0x1D,
    0x7C,0x42,0x5F,0x01,0x4F,0x4A,0x4A,0x50,0x4F,0x60,0x5C,0x5D,0x56,0x4E,0x5A,0x4E,
    0x04,0x4C,0x42,0x5D,0x47,0x0A,0x5C,0x54,0x4D,0x4F,0x44,0x4B,0x48,0x60,0x48,0x5F,
    0x4C,0x4B,0x5A,0x55,0x04,0x43,0x43,0x5B,0x08,0x4B,0x1A,0x47,0x5A,0x51,0x0B,0x4D,
    0x5E,0x23,0x40,0x43,0x47,0x4F,0x00,0x1D,0xFF,0xFF,0x00,0x21,0x7C,0x42,0x5F,0x53,
    0x5A,0x06,0x42,0x4D,0x1B,0x21,0x0F,0x1C,0x11,0x11,0x48,0x52,0x4B,0x51,0x01,0x5D,
    0x49,0x46,0x56,0x01,0x5D,0x43,0x4A,0x50,0x48,0x34,0x4E,0x41,0x48,0x1C,0x5D,0x49,
    0x56,0x40,0x58,0x4A,0x40,0x43,0x54,0x46,0x1F,0x53,0x5B,0x1E,0x54,0x35,0x5B,0x0D,
    0x4C,0x5A,0x0E,0x49,0x4C,0x40,0x0C,0x59,0x41,0x5E,0x16,0x01,0x00,0x0F,0x4A,0x4F,
    0x56,0x4D,0x50,0x51,0x42,0x50,0x5C,0x60,0x0D,0x7A,0x62,0x68,0x6B,0x6F,0x05,0x04,
    0x0C,0x7E,0x69,0x7E,0x7F,0x73,0x1E,0x07,0x09,0x1E,0xFF,0xFF,0x00,0x22,0x7C,0x42,
    0x5F,0x01,0x4F,0x4A,0x4A,0x50,0x4F,0x60,0x48,0x5F,0x4C,0x4B,0x5D,0x1D,0x41,0x5D,
    0x5C,0x45,0x47,0x59,0x53,0x57,0x5A,0x4A,0x52,0x12,0x1B,0x21,0x43,0x40,0x4C,0x4F,
    0x5A,0x1D,0x42,0x4C,0x40,0x45,0x41,0x44,0x5D,0x01,0x4B,0x4E,0x4E,0x1E,0x59,0x2F,
    0x5B,0x59,0x4C,0x51,0x0E,0x52,0x42,0x05,0x58,0x41,0x4D,0x0A,0x4A,0x48,0x4B,0x08,
    0xFF,0xFF,0x00,0x23,0x7C,0x42,0x5F,0x53,0x5A,0x06,0x42,0x4D,0x1B,0x21,0x0F,0x4A,
    0x4A,0x5B,0x4F,0x53,0x50,0x4C,0x4F,0x09,0x4A,0x4F,0x5B,0x4F,0x4C,0x52,0x4A,0x52,
    0x50,0x60,0x5C,0x59,0x51,0x59,0x5A,0x5E,0x4C,0x4C,0x42,0x4E,0x08,0x4B,0x56,0x4D,
    0x1F,0x52,0x43,0x5B,0x1B,0x37,0x4E,0x54,0x03,0x49,0x5E,0x1D,0x50,0x4A,0x0C,0x5D,
    0x40,0x4F,0x1A,0x49,0x50,0x4A,0x4E,0x10,0xFF,0xFF,0x00,0x22,0x71,0x45,0x4F,0x06,
    0x49,0x43,0x0B,0x51,0x4D,0x25,0x5D,0x00,0x54,0x5D,0x5A,0x58,0x56,0x40,0x48,0x09,
    0x5C,0x42,0x5F,0x01,0x4F,0x4A,0x4A,0x50,0x4F,0x61,0x0F,0x0D,0x6A,0x48,0x09,0x4E,
    0x04,0x56,0x44,0x5B,0x41,0x5C,0x5F,0x4D,0x56,0x48,0x4C,0x1E,0x4E,0x30,0x0E,0x0D,
    0x03,0x75,0x5A,0x1A,0x57,0x09,0x0C,0x40,0x5C,0x0D,0x49,0x0F,0x11,0x08,0xFF,0xFF,
    0xFF,0xE3,0x02,0x7A,0x72,0x6E,0x71,0x7F,0x0B,0x6E,0x77,0x01,0x61,0x79,0x03,0x14,
    0x5D,0x58,0x41,0x4B,0x0C,0x40,0x46,0x0A,0x4E,0x56,0x50,0x56,0x42,0x4A,0x1B,0x32,
    0x40,0x42,0x4E,0x1C,0x41,0x53,0x48,0x5C,0x0C,0x5E,0x40,0x4F,0x54,0x01,0x4B,0x47,
    0x47,0x52,0x1B,0x25,0x41,0x42,0x56,0x5B,0x46,0x14,0xFF,0xFF,0x00,0x03,0x16,0x0E,
    0x06,0x01,0xFF,0xFF,0x00,0x22,0x7C,0x42,0x5F,0x01,0x4B,0x49,0x5B,0x1E,0x54,0x26,
    0x0F,0x4C,0x03,0x0D,0x1C,0x10,0x42,0x4A,0x43,0x5D,0x05,0x5E,0x5B,0x4D,0x53,0x06,
    0x49,0x5B,0x5A,0x2E,0x5C,0x59,0x42,0x50,0x45,0x1D,0x4D,0x56,0x0C,0x59,0x47,0x41,
    0x53,0x4F,0x58,0x06,0x44,0x4B,0x4F,0x60,0x40,0x4B,0x03,0x48,0x46,0x58,0x04,0x52,
    0x49,0x5A,0x5C,0x0A,0x4A,0x48,0x4B,0x08,0xFF,0xFF,0x00,0x24,0x7C,0x42,0x5F,0x53,
    0x5A,0x06,0x42,0x4D,0x1B,0x21,0x0F,0x45,0x56,0x5B,0x4B,0x1D,0x46,0x40,0x4D,0x47,
    0x5B,0x5E,0x5B,0x4D,0x54,0x06,0x4C,0x4C,0x54,0x37,0x46,0x43,0x44,0x1C,0x41,0x48,
    0x50,0x05,0x43,0x4F,0x08,0x5E,0x52,0x44,0x1F,0x51,0x4E,0x4D,0x4F,0x60,0x5F,0x44,
    0x57,0x1C,0x5B,0x4D,0x04,0x51,0x43,0x09,0x5C,0x42,0x5F,0x01,0x57,0x49,0x47,0x5B,
    0x15,0x60,0xFF,0xFF,0xFF,0xF9,0x02,0x79,0x6E,0x60,0x73,0x67,0x68,0x6A,0x72,0x14,
    0x6A,0x0D,0xFF,0xFF,0x00,0x03,0x16,0x0E,0x06,0x01,0xFF,0xFF,0xFF,0xF7,0x02,0x79,
    0x72,0x60,0x7B,0x69,0x7C,0x67,0x1B,0x06,0x66,0x6A,0x76,0x6E,0x6B,0x1D,0xFF,0xFF,
    0x00,0x21,0x7C,0x42,0x5F,0x01,0x4C,0x4E,0x4A,0x5A,0x54,0x37,0x56,0x0D,0x45,0x55,
    0x49,0x48,0x56,0x40,0x0C,0x5A,0x4D,0x4F,0x57,0x52,0x1F,0x52,0x44,0x1E,0x59,0x25,
    0x0F,0x59,0x51,0x45,0x47,0x53,0x43,0x05,0x58,0x46,0x08,0x4B,0x4E,0x55,0x4D,0x47,
    0x48,0x4A,0x1B,0x39,0x40,0x58,0x51,0x1C,0x4F,0x49,0x50,0x40,0x42,0x5D,0x41,0x45,
    0x54,0x0F,0xFF,0xFF,0xFF,0xF9,0x6C,0x5D,0x5B,0x53,0x59,0x01,0x58,0x1E,0x5A,0x38,
    0x4A,0x0D,0xFF,0xFF,0x00,0x0F,0x7C,0x42,0x5F,0x53,0x5A,0x06,0x42,0x4D,0x1B,0x21,
    0x0F,0x41,0x4A,0x48,0x5A,0x51,0x41,0x05,0x4D,0x51,0x4D,0x0A,0x52,0x44,0x4D,0x43,
    0x05,0x1E,0xFF,0xFF,0x00,0x17,0x7C,0x42,0x5F,0x53,0x5A,0x06,0x42,0x4D,0x1B,0x21,
    0x0F,0x41,0x4A,0x48,0x5A,0x51,0x41,0x05,0x4D,0x51,0x4D,0x0A,0x56,0x58,0x56,0x48,
    0x4C,0x1E,0x59,0x25,0x5C,0x44,0x47,0x59,0x0E,0x49,0x4C,0x40,0x0C,0x4B,0x4D,0x4B,
    0x48,0x0F,0x00,0x00,0x00,0x00,0x00,0x00,0x00,0x00,0x00,0x00,0x00,0x00,0x00,0x00,
    0xFF,0xFF,0xFF,0xF8,0x02,0x69,0x7B,0x77,0x7A,0x06,0x6F,0x6C,0x7A,0x17,0x66,0x63,
    0x64,0x6F,0xFF,0xFF,0x00,0x03,0x16,0x0E,0x06,0x01,0xFF,0xFF,0xFF,0xFB,0x02,0x7A,
    0x73,0x73,0x7E,0x72,0x6E,0x1E,0xFF,0xFF,0x00,0x03,0x16,0x0E,0x06,0x01,0xFF,0xFF,
    0xFF,0xFB,0x02,0x6E,0x68,0x60,0x78,0x69,0x65,0x1E,0xFF,0xFF,0x00,0x15,0x69,0x0A,
    0x52,0x54,0x58,0x43,0x0B,0x59,0x49,0x25,0x4A,0x43,0x03,0x5A,0x47,0x58,0x56,0x46,
    0x49,0x09,0x4C,0x58,0x5B,0x46,0x50,0x48,0x0B,0x5C,0x5A,0x32,0x5C,0x0D,0x57,0x54,
    0x4B,0x1D,0x53,0x44,0x55,0x08,0xFF,0xFF,0x00,0x22,0x6B,0x45,0x54,0x46,0x4D,0x47,
    0x5F,0x4B,0x57,0x21,0x5B,0x44,0x4C,0x52,0x5D,0x1C,0x04,0x05,0x75,0x46,0x5D,0x0A,
    0x52,0x40,0x49,0x43,0x0B,0x54,0x4E,0x33,0x5B,0x0D,0x55,0x5D,0x40,0x4C,0x51,0x4C,
    0x5F,0x41,0x4D,0x4E,0x1A,0x40,0x1F,0x42,0x59,0x5F,0x5C,0x2F,0x41,0x0D,0x54,0x55,
    0x5A,0x55,0x04,0x5C,0x43,0x5C,0x5A,0x0A,0x58,0x40,0x4D,0x43,0x00,0x12,0x40,0x4B,
    0x54,0x45,0x4C,0x07,0x0B,0x1E,0x13,0x15,0x41,0x4F,0x46,0x50,0x47,0x58,0x52,0x44,
    0x4E,0x45,0x4D,0x06,0x1A,0x48,0x4C,0x48,0x0C,0x4A,0x1B,0x29,0x5B,0x12,0x0A,0x1C,
    0xFF,0xFF,0x00,0x20,0x7C,0x42,0x5F,0x01,0x5D,0x49,0x4F,0x47,0x1B,0x2F,0x49,0x0D,
    0x42,0x1C,0x46,0x48,0x43,0x40,0x0C,0x4E,0x5A,0x4F,0x5F,0x4F,0x1F,0x42,0x4E,0x5F,
    0x5F,0x60,0x4B,0x5F,0x42,0x5B,0x41,0x53,0x04,0x4C,0x5F,0x09,0x44,0x53,0x53,0x4F,
    0x58,0x06,0x44,0x58,0x5D,0x60,0x5B,0x42,0x03,0x53,0x40,0x58,0x04,0x56,0x45,0x4D,
    0x4D,0x04,0xFF,0xFF,0xFF,0xFC,0x02,0x69,0x72,0x60,0x6C,0x6B,0xFF,0xFF,0x00,0x23,
    0x69,0x0A,0x48,0x48,0x5C,0x4D,0x4E,0x4A,0x42,0x60,0x58,0x42,0x4C,0x58,0x4B,0x53,
    0x04,0x47,0x5E,0x40,0x4C,0x4D,0x5F,0x01,0x5A,0x5E,0x5F,0x5B,0x55,0x24,0x5C,0x0D,
    0x42,0x5F,0x5C,0x52,0x57,0x56,0x0C,0x5D,0x40,0x4F,0x1A,0x42,0x57,0x47,0x58,0x53,
    0x17,0x60,0x59,0x4C,0x4D,0x55,0x5D,0x55,0x4D,0x4B,0x4B,0x09,0x41,0x44,0x4E,0x4E,
    0x1F,0x52,0x43,0x5B,0x00,0x1F,0x45,0x43,0x49,0x55,0x11,0x06,0x0B,0x7F,0x1B,0x33,
    0x46,0x4A,0x4D,0x1C,0x5E,0x52,0x57,0x51,0x49,0x4D,0x08,0x45,0x54,0x01,0x4B,0x4E,
    0x4E,0x1E,0x59,0x32,0x46,0x49,0x44,0x59,0x0E,0x4F,0x41,0x44,0x48,0x5A,0x04,0x0A,
    0x18,0x72,0x6B,0x69,0x7B,0x1F,0x1B,0x10,0x6E,0x74,0x03,0x68,0x7C,0x72,0x68,0x69,
    0x0D,0x0B,0xFF,0xFF,0x00,0x23,0x7C,0x42,0x5F,0x01,0x48,0x54,0x4E,0x5D,0x50,0x21,
    0x48,0x48,0x03,0x53,0x48,0x1D,0x45,0x05,0x4E,0x5B,0x41,0x4E,0x5D,0x44,0x1F,0x0E,
    0x4A,0x50,0x5F,0x60,0x4E,0x0D,0x47,0x59,0x4F,0x59,0x04,0x47,0x49,0x48,0x5A,0x03,
    0x1A,0x42,0x5E,0x48,0x0B,0x5C,0x5E,0x60,0x5C,0x48,0x46,0x52,0x0E,0x5C,0x50,0x05,
    0x58,0x41,0x4D,0x0A,0x58,0x4E,0x4B,0x52,0x44,0x53,0x00,0x08,0x47,0x4C,0x1A,0x55,
    0x57,0x43,0x0B,0x5D,0x53,0x21,0x5C,0x40,0x0D,0x1C,0xFF,0xFF,0xFF,0xFC,0x02,0x7E,
    0x68,0x6E,0x73,0x6A,0xFF,0xFF,0x00,0x20,0x69,0x0A,0x58,0x54,0x4D,0x4A,0x52,0x1E,
    0x4F,0x32,0x40,0x41,0x4F,0x1C,0x5D,0x49,0x45,0x4B,0x48,0x5A,0x08,0x48,0x43,0x01,
    0x4B,0x4E,0x4E,0x1E,0x59,0x32,0x46,0x49,0x44,0x59,0x0E,0x5C,0x4A,0x41,0x0C,0x40,
    0x46,0x59,0x53,0x52,0x4B,0x55,0x0B,0x47,0x54,0x35,0x0F,0x59,0x4B,0x4E,0x41,0x4A,
    0x04,0x4D,0x45,0x44,0x08,0x4B,0x00,0x10,0x5C,0x58,0x5F,0x40,0x4C,0x53,0x59,0x5B,
    0x1B,0x22,0x4A,0x4B,0x4C,0x4E,0x4B,0x1D,0x5D,0x4A,0x59,0x09,0x45,0x4B,0x43,0x01,
    0x5C,0x54,0x44,0x4D,0x48,0x6E,0xFF,0xFF,0x00,0x21,0x7C,0x42,0x5F,0x01,0x4B,0x54,
    0x44,0x52,0x57,0x60,0x5C,0x59,0x46,0x4C,0x5D,0x1D,0x4B,0x50,0x58,0x09,0x4E,0x58,
    0x55,0x4C,0x1F,0x44,0x4E,0x50,0x5E,0x21,0x5B,0x45,0x03,0x48,0x46,0x58,0x04,0x47,
    0x5E,0x40,0x4C,0x4D,0x5F,0x01,0x5E,0x48,0x4F,0x1E,0x59,0x2C,0x40,0x4E,0x48,0x4F,
    0x0E,0x44,0x4B,0x50,0x5E,0x09,0x5F,0x4B,0x43,0x0F,0xFF,0xFF,0x00,0x0A,0x16,0x0E,
    0x06,0x01,0x1F,0x0E,0x48,0x56,0x5A,0x33,0x4A,0x49,0x03,0x5D,0x59,0x5C,0x5D,0x0C,
    0xFF,0xFF,0xFF,0xF9,0x02,0x7A,0x72,0x6E,0x71,0x7F,0x0B,0x6A,0x69,0x0F,0x63,0x61,
    0xFF,0xFF,0x00,0x11,0x7C,0x42,0x5F,0x01,0x4B,0x54,0x44,0x52,0x57,0x60,0x46,0x5E,
    0x03,0x52,0x41,0x4A,0x4C,0x40,0x5E,0x4C,0x08,0x5E,0x55,0x01,0x5D,0x43,0x0B,0x4D,
    0x5E,0x25,0x41,0x03,0xFF,0xFF,0xFF,0xF2,0x16,0x0E,0x06,0x01,0x1F,0x0E,0x49,0x5B,
    0x5A,0x32,0x0F,0x58,0x50,0x59,0x5D,0x1D,0x56,0x51,0x49,0x51,0x5C,0x0A,0x0B,0x15,
    0x0E,0x0F,0xFF,0xFF,0x00,0x24,0x7C,0x42,0x5F,0x53,0x5A,0x06,0x42,0x4D,0x1B,0x21,
    0x0F,0x4B,0x46,0x4E,0x41,0x5E,0x4D,0x4A,0x59,0x5A,0x08,0x49,0x5B,0x57,0x5A,0x06,
    0x49,0x5B,0x5A,0x32,0x0F,0x48,0x5A,0x55,0x40,0x5A,0x04,0x5C,0x43,0x5C,0x08,0x4C,
    0x48,0x4E,0x52,0x06,0x5F,0x56,0x5E,0x60,0x49,0x4C,0x51,0x1C,0x4B,0x53,0x40,0x05,
    0x43,0x4F,0x08,0x5E,0x52,0x44,0x1F,0x54,0x44,0x51,0x56,0x61,0xFF,0xFF,0x00,0x1F,
    0x7C,0x42,0x5F,0x53,0x5A,0x06,0x42,0x4D,0x1B,0x21,0x0F,0x4A,0x46,0x52,0x5A,0x51,
    0x41,0x05,0x4F,0x48,0x5E,0x4F,0x1A,0x43,0x5A,0x47,0x59,0x1E,0x48,0x29,0x5B,0x59,
    0x4A,0x52,0x49,0x1D,0x54,0x49,0x4D,0x4A,0x41,0x4E,0x56,0x58,0x1F,0x4F,0x45,0x1E,
    0x54,0x2E,0x4A,0x0D,0x40,0x53,0x5C,0x53,0x41,0x57,0x02,0x09,0xFF,0xFF,0x00,0x1E,
    0x7C,0x42,0x5F,0x53,0x5A,0x06,0x42,0x4D,0x1B,0x21,0x0F,0x4E,0x4C,0x52,0x5A,0x58,
    0x4A,0x51,0x49,0x4D,0x05,0x46,0x55,0x4E,0x54,0x4F,0x45,0x59,0x1B,0x22,0x4A,0x4C,
    0x51,0x1C,0x59,0x5C,0x4A,0x41,0x49,0x5B,0x41,0x44,0x5D,0x01,0x5E,0x44,0x44,0x4B,
    0x4F,0x60,0x41,0x48,0x42,0x4E,0x4C,0x44,0x0A,0x05,0xFF,0xFF,0x00,0x07,0x16,0x0E,
    0x06,0x01,0x1F,0x0E,0x4F,0x5B,0x5A,0x24,0x06,0x0D,0xFF,0xFF,0xFF,0xF3,0x02,0x67,
    0x7F,0x72,0x6C,0x67,0x6C,0x7B,0x1B,0x09,0x61,0x0D,0x70,0x79,0x6D,0x72,0x6A,0x61,
    0x0C,0x64,0x69,0x70,0x7F,0x01,0xFF,0xFF,0x00,0x24,0x7C,0x42,0x5F,0x53,0x5A,0x06,
    0x42,0x4D,0x1B,0x21,0x0F,0x40,0x46,0x4F,0x5D,0x5C,0x43,0x40,0x0C,0x5A,0x4B,0x58,
    0x5B,0x56,0x53,0x43,0x4F,0x1E,0x52,0x2E,0x0F,0x59,0x4B,0x59,0x0E,0x59,0x51,0x56,
    0x58,0x09,0x41,0x44,0x1A,0x40,0x1F,0x40,0x47,0x51,0x4C,0x25,0x5D,0x54,0x03,0x4F,
    0x4D,0x4F,0x4D,0x55,0x58,0x05,0x08,0x58,0x5F,0x40,0x5B,0x4F,0x45,0x59,0x01,0x60,
    0x00,0x22,0x0A,0x7E,0x52,0x48,0x4C,0x06,0x42,0x4D,0x1B,0x2E,0x40,0x59,0x03,0x48,
    0x46,0x58,0x04,0x48,0x4D,0x53,0x4D,0x0A,0x4D,0x49,0x5A,0x54,0x4E,0x1E,0x4F,0x28,
    0x4A,0x0D,0x53,0x55,0x5C,0x5C,0x50,0x40,0x0C,0x45,0x4D,0x4B,0x4C,0x44,0x4C,0x06,
    0x43,0x57,0x48,0x60,0x5B,0x5F,0x46,0x5D,0x5D,0x48,0x56,0x40,0x0C,0x4A,0x40,0x4F,
    0x49,0x55,0x11,0x04,0xFF,0xFF,0xFF,0xF4,0x02,0x7C,0x75,0x6D,0x7C,0x67,0x65,0x71,
    0x1B,0x01,0x61,0x69,0x0C,0x73,0x7C,0x1D,0x63,0x60,0x75,0x7A,0x6D,0x78,0xFF,0xFF,
    0x00,0x03,0x16,0x0E,0x06,0x01,0xFF,0xFF,0xFF,0xF7,0x02,0x7C,0x7F,0x6F,0x7B,0x6F,
    0x65,0x79,0x1B,0x0D,0x6E,0x6E,0x6B,0x75,0x60,0x78,0xFF,0xFF,0x00,0x24,0x7C,0x42,
    0x5F,0x53,0x5A,0x06,0x42,0x4D,0x1B,0x21,0x0F,0x40,0x42,0x4F,0x5D,0x54,0x52,0x40,
    0x0C,0x5F,0x4D,0x44,0x5E,0x48,0x51,0x41,0x0B,0x53,0x5A,0x23,0x47,0x44,0x4D,0x59,
    0x0E,0x55,0x41,0x57,0x49,0x07,0x08,0x0A,0x6E,0x49,0x5A,0x06,0x42,0x50,0x48,0x34,
    0x5D,0x58,0x40,0x48,0x47,0x52,0x4A,0x56,0x0C,0x46,0x46,0x0A,0x53,0x55,0x1F,0x54,
    0x4E,0x5F,0x5F,0x7A,0x00,0x18,0x0A,0x6E,0x68,0x6E,0x6F,0x06,0x68,0x71,0x72,0x0E,
    0x7C,0x0D,0x6B,0x79,0x7C,0x78,0x04,0x71,0x63,0x09,0x7A,0x6F,0x79,0x64,0x76,0x70,
    0x6E,0x1E,0x7D,0x12,0x6A,0x7E,0x6B,0x1C,0x6C,0x7C,0x70,0x71,0x69,0x7B,0x61,0x6F,
    0x69,0x0F,0x1D,0x06,0xFF,0xFF,0xFF,0xFA,0x6A,0x4B,0x4E,0x55,0x5A,0x54,0x42,0x5B,
    0x48,0x60,0xFF,0xFF,0x00,0x11,0x7C,0x42,0x5F,0x53,0x5A,0x06,0x4A,0x4C,0x5E,0x60,
    0x49,0x5F,0x46,0x4F,0x46,0x1D,0x46,0x44,0x58,0x5D,0x4D,0x58,0x53,0x44,0x4C,0x06,
    0x43,0x5B,0x49,0x25,0x01,0x0D,0xFF,0xFF,0x00,0x1B,0x7B,0x45,0x57,0x44,0x1F,0x51,
    0x44,0x4C,0x55,0x6D,0x40,0x58,0x57,0x1C,0x4C,0x5C,0x50,0x51,0x49,0x5B,0x41,0x4F,
    0x49,0x01,0x57,0x47,0x5D,0x5B,0x1B,0x22,0x4A,0x48,0x4D,0x1C,0x4A,0x54,0x57,0x46,
    0x4D,0x5B,0x4C,0x4F,0x5E,0x01,0x51,0x43,0x4A,0x4C,0x59,0x39,0x01,0x0D,0xFF,0xFF,
    0xFF,0xF5,0x02,0x69,0x7B,0x73,0x6F,0x63,0x7F,0x1E,0x7A,0x0E,0x6B,0x02,0x6C,0x6E,
    0x0E,0x70,0x6B,0x76,0x7F,0x09,0xFF,0xFF,0x00,0x03,0x16,0x0E,0x06,0x01,0xFF,0xFF,
    0xFF,0xF6,0x64,0x4B,0x48,0x46,0x5A,0x06,0x4C,0x51,0x57,0x24,0x0F,0x43,0x56,0x5B,
    0x49,0x58,0x50,0x05,0xFF,0xFF,0x00,0x19,0x7C,0x42,0x5F,0x53,0x5A,0x06,0x42,0x4D,
    0x1B,0x21,0x0F,0x41,0x42,0x4E,0x49,0x58,0x04,0x56,0x5C,0x48,0x5A,0x41,0x56,0x48,
    0x51,0x41,0x0B,0x50,0x4E,0x27,0x48,0x48,0x57,0x1C,0x41,0x5B,0x04,0x42,0x43,0x45,
    0x4C,0x0A,0x52,0x44,0x4D,0x43,0x0A,0x1E,0xFF,0xFF,0xFF,0xF7,0x7B,0x4F,0x4C,0x44,
    0x4D,0x47,0x47,0x1E,0x5F,0x29,0x4E,0x40,0x4C,0x52,0x4A,0x4E,0xFF,0xFF,0x00,0x0D,
    0x7C,0x42,0x5F,0x53,0x5A,0x06,0x4A,0x4C,0x5E,0x60,0x4B,0x44,0x42,0x51,0x41,0x53,
    0x40,0x56,0x0C,0x41,0x4D,0x58,0x5F,0x00,0xFF,0xFF,0xFF,0xF8,0x6A,0x4B,0x48,0x52,
    0x1F,0x49,0x4D,0x1E,0x48,0x29,0x43,0x5B,0x46,0x4E,0xFF,0xFF,0x00,0x10,0x7C,0x42,
    0x5F,0x53,0x5A,0x06,0x4A,0x4C,0x5E,0x60,0x4D,0x4C,0x51,0x4F,0x0E,0x52,0x42,0x05,
    0x5F,0x40,0x44,0x5C,0x5F,0x53,0x1F,0x4E,0x4E,0x4C,0x5E,0x61,0xFF,0xFF,0xFF,0xF7,
    0x78,0x58,0x5F,0x42,0x56,0x49,0x5E,0x4D,0x1B,0x2A,0x4A,0x5A,0x46,0x50,0x5C,0x44,
    0xFF,0xFF,0x00,0x11,0x7C,0x42,0x5F,0x53,0x5A,0x06,0x42,0x4D,0x1B,0x30,0x5D,0x48,
    0x40,0x55,0x41,0x48,0x57,0x05,0x46,0x4C,0x5F,0x4F,0x56,0x53,0x46,0x06,0x43,0x5B,
    0x49,0x25,0x0E,0x0D,0x00,0x00,0x00,0x00,0x00,0x00,0x00,0x00,0x00,0x00,0x00,0x00,
    0xFF,0xFF,0xFF,0xFA,0x7A,0x4B,0x48,0x44,0x1F,0x45,0x44,0x57,0x55,0x33,0xFF,0xFF,
    0x00,0x0E,0x7C,0x42,0x5F,0x53,0x5A,0x06,0x4A,0x4C,0x5E,0x60,0x42,0x4C,0x4D,0x45,
    0x0E,0x5E,0x4B,0x4C,0x42,0x5A,0x08,0x42,0x5F,0x53,0x5A,0x07,0xFF,0xFF,0xFF,0xF8,
    0x7C,0x58,0x5F,0x40,0x4C,0x53,0x59,0x5B,0x1B,0x23,0x47,0x48,0x50,0x48,0xFF,0xFF,
    0x00,0x13,0x7C,0x42,0x5F,0x01,0x4F,0x4F,0x59,0x5F,0x4F,0x25,0x08,0x5E,0x03,0x48,
    0x5C,0x58,0x45,0x56,0x59,0x5B,0x4D,0x0A,0x59,0x49,0x5A,0x55,0x5F,0x1E,0x52,0x33,
    0x0F,0x45,0x46,0x4E,0x4B,0x1C,0xFF,0xFF,0xFF,0xF9,0x6F,0x45,0x56,0x45,0x5A,0x48,
    0x0B,0x5B,0x5C,0x27,0x5C,0x0D,0xFF,0xFF,0x00,0x19,0x7C,0x42,0x5F,0x53,0x5A,0x06,
    0x42,0x4D,0x1B,0x21,0x0F,0x41,0x42,0x4E,0x49,0x58,0x04,0x4B,0x49,0x5A,0x5C,0x0A,
    0x52,0x44,0x4D,0x43,0x07,0x1E,0x5D,0x35,0x43,0x41,0x03,0x53,0x48,0x1D,0x43,0x4A,
    0x40,0x4D,0x4D,0x44,0x1A,0x44,0x58,0x41,0x58,0x1F,0xFF,0xFF,0x00,0x14,0x7C,0x42,
    0x5F,0x01,0x51,0x43,0x58,0x4A,0x1B,0x2F,0x49,0x0D,0x44,0x53,0x42,0x59,0x41,0x4B,
    0x0C,0x4C,0x4F,0x4D,0x49,0x01,0x57,0x47,0x58,0x1E,0x4D,0x21,0x41,0x44,0x50,0x54,
    0x4B,0x59,0x05,0x05,0xFF,0xFF,0x00,0x04,0x6C,0x45,0x54,0x44,0x1E,0x06,0xFF,0xFF,
    0xFF,0xF7,0x62,0x4F,0x4D,0x44,0x53,0x43,0x4F,0x1E,0x4F,0x32,0x46,0x49,0x46,0x52,
    0x5A,0x1D,0xFF,0xFF,0x00,0x15,0x7C,0x42,0x5F,0x53,0x5A,0x06,0x42,0x4D,0x1B,0x21,
    0x0F,0x47,0x46,0x4B,0x4B,0x51,0x09,0x40,0x42,0x4A,0x5A,0x5F,0x49,0x55,0x5A,0x42,
    0x0B,0x4A,0x49,0x29,0x4B,0x48,0x4D,0x48,0x0E,0x55,0x41,0x57,0x49,0x08,0xFF,0xFF,
    0xFF,0xFA,0x65,0x43,0x54,0x46,0x1F,0x50,0x4A,0x4D,0x5E,0x60,0xFF,0xFF,0x00,0x18,
    0x7C,0x42,0x5F,0x53,0x5A,0x06,0x42,0x4D,0x1B,0x21,0x0F,0x49,0x46,0x50,0x47,0x5E,
    0x45,0x51,0x49,0x05,0x08,0x5A,0x48,0x44,0x5C,0x4F,0x44,0x4B,0x48,0x6C,0x0F,0x40,
    0x4A,0x52,0x49,0x1D,0x52,0x44,0x5F,0x4C,0x08,0x42,0x5F,0x53,0x5A,0x07,0xFF,0xFF,
    0x00,0x1D,0x7C,0x42,0x5F,0x01,0x49,0x47,0x58,0x5B,0x1B,0x29,0x5C,0x0D,0x4D,0x53,
    0x59,0x1D,0x56,0x40,0x5F,0x5D,0x41,0x44,0x5D,0x0D,0x1F,0x42,0x4E,0x52,0x52,0x23,
    0x4E,0x59,0x46,0x50,0x57,0x11,0x04,0x4A,0x42,0x09,0x49,0x0A,0x4C,0x44,0x53,0x50,
    0x4E,0x4A,0x1B,0x30,0x46,0x41,0x4F,0x53,0x59,0x13,0xFF,0xFF,0x00,0x1D,0x7C,0x42,
    0x5F,0x01,0x59,0x4A,0x44,0x51,0x49,0x60,0x46,0x5E,0x03,0x50,0x47,0x49,0x50,0x40,
    0x5E,0x4C,0x4C,0x0A,0x4D,0x48,0x4B,0x4E,0x0B,0x49,0x54,0x32,0x5B,0x45,0x4F,0x59,
    0x5D,0x4E,0x04,0x56,0x44,0x48,0x5A,0x4E,0x49,0x01,0x50,0x40,0x0B,0x4E,0x54,0x34,
    0x5B,0x48,0x51,0x45,0x00,0x1D,0xFF,0xFF,0x00,0x16,0x7C,0x42,0x5F,0x01,0x52,0x4F,
    0x45,0x59,0x1B,0x36,0x4E,0x5E,0x46,0x1C,0x4A,0x4F,0x4B,0x55,0x5F,0x09,0x5F,0x43,
    0x4E,0x49,0x1F,0x47,0x0B,0x5A,0x5E,0x2C,0x46,0x4E,0x42,0x48,0x4B,0x1D,0x47,0x57,
    0x4D,0x5A,0x40,0x04,0xFF,0xFF,0xFF,0xF6,0x6D,0x4D,0x5D,0x0C,0x4C,0x4F,0x51,0x5B,
    0x5F,0x60,0x4A,0x40,0x46,0x4E,0x4F,0x51,0x40,0x05,0xFF,0xFF,0x00,0x1B,0x7C,0x42,
    0x5F,0x53,0x5A,0x06,0x42,0x4D,0x1B,0x21,0x41,0x0D,0x46,0x51,0x4B,0x4F,0x45,0x49,
    0x48,0x09,0x40,0x4F,0x48,0x44,0x1F,0x52,0x43,0x5B,0x1B,0x33,0x46,0x57,0x46,0x1C,
    0x41,0x5B,0x04,0x44,0x0C,0x59,0x44,0x45,0x4C,0x44,0x4D,0x01,0x58,0x1E,0x5E,0x27,
    0x48,0x0C,0xFF,0xFF,0xFF,0xF7,0x78,0x46,0x5B,0x55,0x56,0x48,0x5E,0x53,0x1B,0x30,
    0x56,0x5F,0x42,0x51,0x47,0x59,0xFF,0xFF,0x00,0x1C,0x7C,0x42,0x5F,0x53,0x5A,0x06,
    0x42,0x4D,0x1B,0x21,0x0F,0x5D,0x4F,0x5D,0x5A,0x54,0x4A,0x50,0x41,0x09,0x58,0x53,
    0x48,0x40,0x52,0x4F,0x4F,0x1E,0x53,0x25,0x5D,0x48,0x0F,0x1C,0x16,0x1D,0x4D,0x4B,
    0x4F,0x41,0x4D,0x59,0x1A,0x4E,0x51,0x06,0x4A,0x1E,0x48,0x29,0x4B,0x48,0x02,0x1C,
    0xFF,0xFF,0xFF,0xF7,0x6F,0x46,0x53,0x52,0x4B,0x43,0x45,0x57,0x55,0x27,0x0F,0x5D,
    0x46,0x5D,0x5C,0x51,0xFF,0xFF,0x00,0x15,0x67,0x4C,0x5C,0x01,0x4B,0x49,0x0B,0x51,
    0x55,0x25,0x0F,0x5E,0x4A,0x58,0x4B,0x1D,0x48,0x4C,0x49,0x5A,0x08,0x4B,0x1A,0x46,
    0x53,0x4F,0x58,0x4A,0x5E,0x2E,0x46,0x43,0x44,0x1C,0x5E,0x58,0x45,0x57,0x40,0x08,
    0xFF,0xFF,0xFF,0xF9,0x78,0x4F,0x48,0x52,0x56,0x47,0x45,0x1E,0x49,0x35,0x48,0x0D,
    0xFF,0xFF,0x00,0x19,0x7C,0x42,0x5F,0x53,0x5A,0x06,0x42,0x4D,0x1B,0x21,0x0F,0x5D,
    0x46,0x4E,0x5D,0x54,0x45,0x4B,0x0C,0x5B,0x5D,0x4D,0x1A,0x52,0x4F,0x54,0x4E,0x5F,
    0x5F,0x60,0x40,0x58,0x57,0x1C,0x41,0x53,0x04,0x51,0x44,0x4C,0x08,0x4C,0x56,0x4E,
    0x50,0x54,0x0A,0x1E,0xFF,0xFF,0x00,0x18,0x7C,0x42,0x5F,0x01,0x5B,0x54,0x4A,0x59,
    0x54,0x2E,0x0F,0x44,0x50,0x1C,0x5D,0x4D,0x56,0x44,0x5B,0x45,0x4D,0x4E,0x1A,0x4E,
    0x4A,0x52,0x0B,0x51,0x55,0x60,0x4E,0x0D,0x53,0x59,0x5C,0x4E,0x4D,0x44,0x42,0x09,
    0x5A,0x5F,0x5D,0x00,0x1E,0x06,0xFF,0xFF,0xFF,0xF9,0x7A,0x4B,0x48,0x44,0x1F,0x55,
    0x5B,0x57,0x58,0x25,0x5C,0x0D,0xFF,0xFF,0x00,0x0F,0x7C,0x42,0x5F,0x53,0x5A,0x06,
    0x4A,0x4C,0x5E,0x60,0x5D,0x4C,0x51,0x59,0x0E,0x4E,0x54,0x4C,0x4F,0x4C,0x5B,0x0A,
    0x52,0x44,0x4D,0x43,0x0A,0x1E,0xFF,0xFF,0xFF,0xF9,0x6F,0x45,0x56,0x45,0x5A,0x48,
    0x0B,0x5D,0x53,0x21,0x46,0x43,0xFF,0xFF,0x00,0x1C,0x7C,0x42,0x5F,0x53,0x5A,0x06,
    0x42,0x4D,0x1B,0x21,0x0F,0x4A,0x4C,0x50,0x4A,0x58,0x4A,0x05,0x4F,0x41,0x49,0x43,
    0x54,0x01,0x53,0x5F,0x42,0x50,0x5C,0x60,0x46,0x43,0x03,0x5D,0x0E,0x55,0x41,0x44,
    0x5C,0x09,0x47,0x44,0x1A,0x55,0x57,0x43,0x0B,0x58,0x57,0x2F,0x40,0x5F,0x02,0x1C,
    0xFF,0xFF,0x00,0x1B,0x7C,0x42,0x5F,0x01,0x5D,0x43,0x4A,0x4C,0x1B,0x29,0x5C,0x0D,
    0x4F,0x53,0x4D,0x56,0x41,0x41,0x0C,0x5D,0x47,0x0A,0x4E,0x49,0x5A,0x06,0x5C,0x5F,
    0x57,0x2C,0x0F,0x5A,0x4A,0x48,0x46,0x1D,0x45,0x05,0x4B,0x46,0x44,0x4E,0x5F,0x4F,
    0x1F,0x45,0x43,0x5F,0x52,0x2E,0x0E,0x0D,0xFF,0xFF,0x00,0x17,0x7C,0x42,0x5F,0x53,
    0x5A,0x06,0x42,0x4D,0x1B,0x21,0x0F,0x4A,0x4C,0x50,0x4A,0x58,0x4A,0x05,0x4F,0x41,
    0x49,0x43,0x54,0x01,0x53,0x49,0x48,0x55,0x5E,0x24,0x0F,0x59,0x4C,0x1C,0x5A,0x55,
    0x41,0x05,0x5B,0x48,0x44,0x46,0x1B,0x01,0xFF,0xFF,0xFF,0xDC,0x7B,0x45,0x57,0x44,
    0x48,0x4E,0x4E,0x4C,0x5E,0x60,0x41,0x48,0x42,0x4E,0x4C,0x44,0x04,0x4C,0x5F,0x09,
    0x6B,0x45,0x56,0x4E,0x4C,0x55,0x4A,0x52,0x1B,0x03,0x4E,0x5B,0x46,0x10,0x0E,0x4A,
    0x4C,0x40,0x5E,0x4C,0x08,0x45,0x4E,0x49,0x5A,0x54,0x58,0x1E,0x53,0x21,0x59,0x48,
    0x03,0x5A,0x41,0x48,0x4A,0x41,0x0C,0x4F,0x47,0x58,0x4E,0x54,0x51,0x43,0x58,0x1E,
    0x52,0x2E,0x00,0x24,0x5C,0x58,0x5F,0x40,0x4C,0x53,0x59,0x5B,0x1B,0x21,0x41,0x49,
    0x03,0x5B,0x41,0x51,0x40,0x09,0x0C,0x5D,0x40,0x45,0x4F,0x46,0x57,0x06,0x42,0x4A,
    0x1B,0x29,0x5C,0x0D,0x51,0x49,0x43,0x52,0x56,0x40,0x48,0x09,0x5C,0x42,0x5B,0x55,
    0x1F,0x55,0x44,0x53,0x5E,0x60,0x58,0x45,0x4C,0x1C,0x4B,0x53,0x50,0x40,0x5E,0x09,
    0x49,0x58,0x5F,0x01,0x51,0x43,0x5D,0x5B,0x49,0x60,0x00,0x23,0x5B,0x4F,0x5F,0x4F,
    0x1F,0x47,0x4C,0x5F,0x52,0x2E,0x01,0x0D,0x03,0x71,0x4F,0x5A,0x4D,0x46,0x0C,0x40,
    0x5B,0x0A,0x49,0x40,0x56,0x42,0x0B,0x4A,0x54,0x60,0x58,0x42,0x51,0x57,0x0E,0x54,
    0x4A,0x05,0x58,0x41,0x4D,0x0A,0x59,0x40,0x49,0x43,0x05,0x1E,0x1B,0x09,0x0F,0x5A,
    0x4A,0x50,0x42,0x1D,0x46,0x40,0x0C,0x50,0x47,0x5F,0x48,0x01,0x5A,0x5F,0x4E,0x4D,
    0x00,0x23,0x49,0x44,0x5E,0x01,0x57,0x47,0x45,0x5A,0x48,0x6E,0x0F,0x0D,0x67,0x55,
    0x5C,0x58,0x47,0x51,0x0C,0x44,0x4D,0x0A,0x4D,0x48,0x4B,0x4E,0x0B,0x5D,0x54,0x2D,
    0x42,0x4C,0x4D,0x58,0x5D,0x1D,0x4B,0x43,0x0C,0x18,0x08,0x45,0x48,0x01,0x0D,0x06,
    0x5C,0x51,0x49,0x24,0x5C,0x03,0x03,0x1C,0x67,0x1D,0x57,0x4D,0x43,0x5C,0x44,0x4E,
    0x1A,0x56,0x5E,0x54,0x45,0x1E,0x00,0x24,0x51,0x45,0x4F,0x01,0x4B,0x4E,0x4A,0x4A,
    0x1B,0x09,0x0F,0x41,0x4C,0x53,0x45,0x1D,0x45,0x51,0x0C,0x46,0x46,0x46,0x43,0x01,
    0x4B,0x4E,0x4E,0x1E,0x5D,0x29,0x5D,0x5E,0x57,0x1C,0x5D,0x54,0x5C,0x05,0x40,0x4C,
    0x5C,0x5E,0x5F,0x53,0x4C,0x06,0x44,0x58,0x1B,0x25,0x4E,0x4E,0x4B,0x1C,0x59,0x52,
    0x56,0x41,0x00,0x09,0x5B,0x45,0x1A,0x58,0x50,0x53,0x0C,0x52,0x57,0x60,0x00,0x22,
    0x40,0x4B,0x4C,0x44,0x1F,0x52,0x44,0x1E,0x5E,0x2E,0x5B,0x48,0x51,0x1C,0x0C,0x53,
    0x4B,0x57,0x58,0x41,0x4D,0x4B,0x49,0x55,0x1D,0x06,0x4A,0x4D,0x1B,0x62,0x41,0x48,
    0x01,0x1C,0x5A,0x52,0x04,0x41,0x45,0x5A,0x5C,0x43,0x54,0x46,0x4A,0x4F,0x58,0x56,
    0x1B,0x29,0x5B,0x0D,0x45,0x4E,0x41,0x50,0x04,0x07,0x42,0x46,0x5A,0x5E,0x52,0x03,
    0x11,0x06,0x00,0x24,0x00,0x79,0x52,0x4E,0x4A,0x4A,0x4F,0x1E,0x42,0x2F,0x5A,0x0D,
    0x44,0x59,0x5A,0x1D,0x57,0x51,0x59,0x4A,0x43,0x06,0x1A,0x55,0x46,0x56,0x4E,0x1E,
    0x19,0x28,0x4A,0x41,0x53,0x1E,0x0E,0x5B,0x4B,0x57,0x0C,0x5A,0x47,0x47,0x5F,0x01,
    0x58,0x43,0x45,0x5B,0x49,0x21,0x43,0x0D,0x4B,0x55,0x40,0x49,0x57,0x0B,0x0C,0x09,
    0x6E,0x45,0x48,0x01,0x56,0x48,0x4D,0x51,0x49,0x6D,0x00,0x1D,0x45,0x4B,0x4E,0x48,
    0x50,0x48,0x0B,0x51,0x55,0x60,0x47,0x42,0x54,0x1C,0x5A,0x52,0x04,0x40,0x42,0x4D,
    0x08,0x53,0x55,0x54,0x4D,0x06,0x4A,0x5A,0x4D,0x25,0x41,0x59,0x56,0x4E,0x4B,0x11,
    0x04,0x40,0x58,0x4A,0x06,0x06,0x1A,0x55,0x46,0x56,0x4E,0x1E,0x19,0x29,0x41,0x4B,
    0x4C,0x1E,0x00,0x14,0x00,0x14,0x08,0x0A,0x1A,0x01,0x1F,0x06,0x0B,0x1E,0x1B,0x60,
    0x0F,0x0D,0x03,0x1C,0x0E,0x1D,0x04,0x05,0x0C,0x09,0x08,0x0A,0x1A,0x01,0x1F,0x06,
    0x0B,0x1E,0x1B,0x60,0x0F,0x0D,0x0E,0x1C,0x03,0x1D,0x09,0x05,0x00,0x00,0x00,0x00,
    0x00,0x00,0x00,0x00,0x00,0x00,0x00,0x00,0x00,0x00,0x00,0x00,0x00,0x00,0x00,0x00,
    0x00,0x00,0x00,0x00,0x00,0x00,0x00,0x00,0x00,0x00,0x00,0x00,0x00,0x00,0x00,0x00,
    0x00,0x00,0x00,0x00,0x00,0x00,0x00,0x00,0x00,0x00,0x00,0x00,0x00,0x00,0x00,0x00,
    0x00,0x1E,0x7C,0x42,0x53,0x52,0x1F,0x56,0x59,0x51,0x5C,0x32,0x4E,0x40,0x03,0x4B,
    0x4F,0x4E,0x04,0x4A,0x5E,0x40,0x4F,0x43,0x54,0x40,0x53,0x4A,0x52,0x1E,0x5F,0x25,
    0x59,0x48,0x4F,0x53,0x5E,0x58,0x40,0x05,0x4E,0x50,0x08,0x7D,0x53,0x4D,0x53,0x4F,
    0x4E,0x1E,0x78,0x32,0x40,0x5A,0x57,0x54,0x4B,0x4F,0x0A,0x05,0xFF,0xE7,0x69,0x0A,
    0x56,0x48,0x4B,0x52,0x47,0x5B,0x1B,0x24,0x58,0x4C,0x51,0x5A,0x0E,0x4A,0x4D,0x51,
    0x44,0x09,0x49,0x0A,0x58,0x48,0x58,0x06,0x40,0x50,0x52,0x26,0x4A,0x0D,0x41,0x50,
    0x41,0x5E,0x4F,0x56,0x0C,0x50,0x47,0x5F,0x48,0x01,0x48,0x47,0x52,0x10,0xFF,0xDD,
    0x69,0x0A,0x56,0x48,0x4B,0x52,0x47,0x5B,0x1B,0x24,0x58,0x4C,0x51,0x5A,0x0E,0x57,
    0x51,0x56,0x58,0x09,0x5F,0x4B,0x56,0x4A,0x5A,0x42,0x0B,0x5F,0x49,0x2F,0x5A,0x43,
    0x47,0x1C,0x4F,0x1D,0x47,0x4A,0x5E,0x47,0x4D,0x58,0x16,0x01,0x4C,0x47,0x5C,0x1E,
    0x42,0x2F,0x5A,0x01,0x03,0x48,0x46,0x4F,0x41,0x52,0x0C,0x48,0x08,0x46,0x53,0x55,
    0x4B,0x4A,0x4E,0x1E,0x00,0x18,0x49,0x52,0x5F,0x01,0x5E,0x52,0x0B,0x47,0x54,0x35,
    0x0F,0x5A,0x4B,0x55,0x4D,0x55,0x04,0x48,0x45,0x5A,0x5B,0x4F,0x5E,0x0D,0x1F,0x45,
    0x5E,0x4C,0x48,0x25,0x4B,0x01,0x03,0x5D,0x40,0x59,0x04,0x57,0x4D,0x47,0x08,0x4B,
    0x4D,0x40,0x46,0x08,0xFF,0xE2,0x7C,0x42,0x5F,0x53,0x5A,0x06,0x42,0x4D,0x1B,0x21,
    0x0F,0x59,0x4B,0x4E,0x4B,0x5C,0x50,0x40,0x42,0x40,0x46,0x4D,0x1A,0x4D,0x56,0x52,
    0x5F,0x52,0x5E,0x60,0x4B,0x5A,0x42,0x4E,0x48,0x1D,0x4D,0x4B,0x0C,0x5D,0x40,0x4F,
    0x1A,0x53,0x50,0x49,0x46,0x1E,0x4C,0x29,0x5B,0x45,0x03,0x45,0x41,0x48,0x05,0x05,
    0xFF,0xEB,0x67,0x44,0x5F,0x01,0x4C,0x4E,0x4A,0x4C,0x4B,0x60,0x41,0x4C,0x50,0x48,
    0x57,0x1D,0x4F,0x4B,0x45,0x4F,0x4D,0x0A,0x53,0x52,0x1F,0x52,0x43,0x4C,0x54,0x37,
    0x41,0x0D,0x42,0x48,0x0E,0x44,0x4B,0x50,0x0D,0x09,0xFF,0xF4,0x66,0x45,0x54,0x44,
    0x1F,0x49,0x4D,0x1E,0x4F,0x28,0x4A,0x40,0x03,0x54,0x47,0x49,0x04,0x5C,0x43,0x5C,
    0x09,0x0A,0xFF,0xF4,0x67,0x44,0x5F,0x01,0x50,0x40,0x0B,0x4A,0x53,0x25,0x42,0x0D,
    0x44,0x59,0x5A,0x4E,0x04,0x5C,0x43,0x5C,0x09,0x0A,0xFF,0xF1,0x69,0x0A,0x52,0x4E,
    0x53,0x4A,0x44,0x49,0x1B,0x36,0x40,0x44,0x40,0x59,0x0E,0x4E,0x45,0x5C,0x5F,0x09,
    0x0A,0x7A,0x76,0x74,0x78,0x6E,0x09,0x10,0xFF,0xEC,0x7C,0x42,0x5F,0x53,0x5A,0x06,
    0x42,0x4D,0x1B,0x2E,0x40,0x0D,0x54,0x5D,0x57,0x1D,0x50,0x4A,0x0C,0x4E,0x47,0x0A,
    0x4E,0x49,0x5E,0x52,0x0B,0x5A,0x52,0x32,0x4A,0x4E,0x57,0x55,0x41,0x53,0x0A,0x05,
    0xFF,0xDC,0x61,0x0A,0x5B,0x4C,0x1F,0x53,0x45,0x4D,0x4E,0x32,0x4A,0x0D,0x4B,0x53,
    0x59,0x1D,0x5D,0x4A,0x59,0x09,0x49,0x58,0x5F,0x01,0x59,0x47,0x48,0x57,0x55,0x27,
    0x01,0x0D,0x03,0x69,0x5D,0x58,0x04,0x46,0x43,0x44,0x58,0x4B,0x49,0x52,0x1F,0x56,
    0x44,0x57,0x55,0x34,0x5C,0x0D,0x4C,0x4E,0x0E,0x53,0x41,0x44,0x5E,0x4B,0x51,0x0A,
    0x55,0x43,0x55,0x43,0x48,0x4A,0x48,0x6E,0xFF,0xDD,0x61,0x0A,0x5E,0x4E,0x51,0x01,
    0x5F,0x1E,0x50,0x2E,0x40,0x5A,0x03,0x55,0x40,0x1D,0x42,0x57,0x43,0x44,0x08,0x45,
    0x4F,0x55,0x1F,0x4E,0x4E,0x4C,0x5E,0x6E,0x0F,0x0D,0x76,0x4F,0x4B,0x1D,0x47,0x4A,
    0x41,0x59,0x49,0x59,0x49,0x01,0x4F,0x49,0x42,0x50,0x4F,0x33,0x0F,0x42,0x51,0x1C,
    0x40,0x5C,0x49,0x40,0x0C,0x5A,0x47,0x47,0x5F,0x55,0x57,0x4F,0x45,0x59,0x00,0x15,
    0x41,0x44,0x1A,0x55,0x57,0x43,0x0B,0x59,0x5E,0x2E,0x4A,0x5F,0x42,0x50,0x0E,0x59,
    0x4D,0x57,0x49,0x4A,0x5C,0x43,0x55,0x4F,0x1F,0x5F,0x44,0x4B,0x1B,0x37,0x4E,0x43,
    0x57,0x1C,0x5A,0x52,0x04,0x42,0x43,0x07,0xFF,0xEA,0x61,0x0A,0x5E,0x4E,0x51,0x01,
    0x5F,0x1E,0x50,0x2E,0x40,0x5A,0x03,0x54,0x41,0x4A,0x04,0x51,0x43,0x09,0x49,0x5A,
    0x4A,0x4D,0x46,0x06,0x5F,0x56,0x5A,0x34,0x0F,0x5A,0x4C,0x4E,0x4A,0x1D,0x4C,0x40,
    0x5E,0x4C,0x06,0x0A,0xFF,0xF3,0x61,0x0A,0x5E,0x4E,0x51,0x01,0x5F,0x1E,0x4E,0x2E,
    0x4B,0x48,0x51,0x4F,0x5A,0x5C,0x4A,0x41,0x0C,0x5D,0x40,0x4B,0x4E,0x00,0xFF,0xEA,
    0x61,0x0D,0x57,0x01,0x58,0x47,0x46,0x5B,0x15,0x60,0x0F,0x7A,0x4C,0x49,0x42,0x59,
    0x04,0x5C,0x43,0x5C,0x08,0x49,0x5B,0x53,0x5A,0x06,0x5F,0x51,0x1B,0x25,0x57,0x5D,
    0x4F,0x5D,0x47,0x53,0x04,0x4D,0x43,0x5E,0x17,0x0A,0xFF,0xDD,0x7B,0x45,0x48,0x53,
    0x46,0x0A,0x0B,0x5C,0x4E,0x34,0x0F,0x64,0x03,0x5D,0x43,0x1D,0x4A,0x4A,0x58,0x09,
    0x49,0x46,0x56,0x4E,0x48,0x43,0x4F,0x1E,0x4F,0x2F,0x0F,0x4A,0x4A,0x4A,0x4B,0x1D,
    0x49,0x4A,0x5E,0x4C,0x08,0x4E,0x5F,0x55,0x5E,0x4F,0x47,0x10,0x1B,0x60,0x66,0x0D,
    0x54,0x55,0x42,0x51,0x04,0x57,0x49,0x59,0x4D,0x4B,0x4E,0x01,0x4B,0x4E,0x4E,0x1E,
    0x00,0x12,0x44,0x45,0x54,0x46,0x1F,0x42,0x4E,0x4D,0x58,0x32,0x46,0x5D,0x57,0x55,
    0x41,0x53,0x04,0x4A,0x4A,0x09,0x51,0x45,0x4F,0x53,0x1F,0x4A,0x44,0x5D,0x5A,0x34,
    0x46,0x42,0x4D,0x12,0xFF,0xDC,0x61,0x5E,0x1A,0x48,0x4C,0x06,0x45,0x51,0x4C,0x60,
    0x5F,0x44,0x57,0x5F,0x46,0x1D,0x40,0x44,0x5E,0x42,0x06,0x0A,0x1A,0x68,0x59,0x06,
    0x52,0x51,0x4E,0x60,0x5F,0x5F,0x4C,0x5F,0x4B,0x58,0x40,0x05,0x55,0x46,0x5D,0x0A,
    0x4D,0x48,0x53,0x4A,0x0B,0x52,0x52,0x2B,0x4A,0x41,0x5A,0x1C,0x48,0x5C,0x48,0x49,
    0x0C,0x40,0x46,0x5E,0x55,0x01,0x5E,0x06,0x5B,0x57,0x4F,0x6E,0xFF,0xE8,0x61,0x4C,
    0x1A,0x58,0x50,0x53,0x0B,0x4E,0x49,0x25,0x49,0x48,0x51,0x10,0x0E,0x4E,0x4D,0x48,
    0x5C,0x45,0x51,0x0A,0x4E,0x58,0x4F,0x43,0x0B,0x49,0x1B,0x32,0x4E,0x59,0x4B,0x59,
    0x5C,0x1D,0x50,0x4D,0x4D,0x47,0x08,0x5D,0x5F,0x52,0x4B,0x08,0xFF,0xEE,0x69,0x58,
    0x5F,0x01,0x46,0x49,0x5E,0x1E,0x4F,0x32,0x56,0x44,0x4D,0x5B,0x0E,0x49,0x4B,0x05,
    0x4F,0x48,0x5C,0x49,0x52,0x01,0x4B,0x4E,0x4E,0x1E,0x59,0x29,0x5D,0x49,0x1C,0x1C,
    0xFF,0xDE,0x7C,0x42,0x5F,0x01,0x5D,0x4F,0x59,0x5A,0x1B,0x29,0x5C,0x0D,0x45,0x4E,
    0x47,0x5A,0x4C,0x51,0x49,0x47,0x4D,0x4E,0x1A,0x53,0x56,0x41,0x43,0x4A,0x1B,0x2E,
    0x40,0x5A,0x03,0x5D,0x40,0x59,0x04,0x5C,0x43,0x5C,0x08,0x49,0x5B,0x4F,0x51,0x49,
    0x5F,0x1E,0x58,0x21,0x5B,0x4E,0x4B,0x1C,0x47,0x49,0x04,0x4B,0x43,0x09,0x45,0x4B,
    0x4E,0x55,0x5A,0x54,0x00,0x17,0x5F,0x42,0x5B,0x55,0x1F,0x5F,0x44,0x4B,0x1B,0x34,
    0x5D,0x54,0x0D,0x1C,0x0E,0x6D,0x41,0x57,0x44,0x48,0x58,0x59,0x1A,0x58,0x50,0x53,
    0x0B,0x53,0x52,0x27,0x47,0x59,0x03,0x48,0x5C,0x44,0x04,0x49,0x4D,0x5D,0x4D,0x58,
    0x14,0x01,0xFF,0xE8,0x69,0x58,0x5F,0x01,0x46,0x49,0x5E,0x1E,0x4F,0x32,0x56,0x44,
    0x4D,0x5B,0x0E,0x49,0x4B,0x05,0x5F,0x46,0x45,0x4F,0x52,0x4E,0x48,0x06,0x4F,0x5B,
    0x5A,0x2C,0x0F,0x5A,0x4A,0x48,0x46,0x1D,0x50,0x4D,0x49,0x09,0x5B,0x44,0x5B,0x4A,
    0x5A,0x19,0xFF,0xDD,0x71,0x45,0x4F,0x01,0x5C,0x47,0x45,0x19,0x4F,0x60,0x44,0x44,
    0x4F,0x50,0x0E,0x49,0x4C,0x40,0x0C,0x5A,0x46,0x4B,0x51,0x44,0x13,0x06,0x44,0x4C,
    0x1B,0x24,0x5D,0x44,0x55,0x59,0x0E,0x54,0x50,0x05,0x4D,0x5E,0x49,0x53,0x16,0x01,
    0x50,0x54,0x0B,0x5F,0x4D,0x2F,0x46,0x49,0x03,0x55,0x5A,0x11,0x04,0x4A,0x5E,0x09,
    0x49,0x44,0x43,0x55,0x57,0x4F,0x45,0x59,0x00,0x24,0x44,0x43,0x51,0x44,0x1F,0x52,
    0x43,0x5F,0x4F,0x6E,0x0F,0x0D,0x77,0x54,0x4B,0x4F,0x41,0x05,0x45,0x5A,0x08,0x4B,
    0x1A,0x56,0x5E,0x5F,0x0B,0x4A,0x54,0x60,0x48,0x48,0x57,0x1C,0x4C,0x44,0x08,0x05,
    0x4E,0x5C,0x5C,0x0A,0x43,0x4E,0x4A,0x06,0x4F,0x51,0x55,0x67,0x5B,0x0D,0x4B,0x5D,
    0x58,0x58,0x04,0x51,0x44,0x4C,0x08,0x44,0x5F,0x42,0x5A,0x55,0x58,0x5F,0x49,0x39,
    0x00,0x0B,0x5A,0x4F,0x49,0x4E,0x4A,0x54,0x48,0x5B,0x48,0x60,0x5D,0x44,0x44,0x54,
    0x5A,0x1D,0x4A,0x4A,0x5B,0x07,0xFF,0xEF,0x6C,0x45,0x1A,0x58,0x50,0x53,0x0B,0x4C,
    0x5E,0x21,0x43,0x41,0x5A,0x1C,0x59,0x5C,0x4A,0x51,0x0C,0x5D,0x47,0x0A,0x4B,0x54,
    0x56,0x52,0x0B,0x50,0x54,0x37,0x10,0x0D,0xFF,0xE4,0x71,0x45,0x4F,0x01,0x59,0x43,
    0x47,0x52,0x1B,0x29,0x41,0x59,0x4C,0x1C,0x4F,0x1D,0x54,0x4C,0x58,0x09,0x49,0x44,
    0x5E,0x01,0x5D,0x54,0x44,0x55,0x5E,0x60,0x4A,0x5B,0x46,0x4E,0x57,0x1D,0x46,0x4A,
    0x42,0x4C,0x08,0x43,0x54,0x01,0x46,0x49,0x5E,0x4C,0x1B,0x22,0x40,0x49,0x5A,0x1D,
    0xFF,0xF1,0x71,0x45,0x4F,0x01,0x5E,0x54,0x4E,0x1E,0x5A,0x2C,0x5D,0x48,0x42,0x58,
    0x57,0x1D,0x47,0x44,0x5E,0x5B,0x51,0x43,0x54,0x46,0x1F,0x4F,0x5F,0x1F,0xFF,0xF4,
    0x71,0x45,0x4F,0x01,0x5C,0x47,0x45,0x19,0x4F,0x60,0x4D,0x48,0x03,0x4F,0x4B,0x4F,
    0x4D,0x4A,0x59,0x5A,0x09,0x0A,0xFF,0xDC,0x7C,0x42,0x5F,0x01,0x5D,0x4F,0x59,0x5A,
    0x1B,0x37,0x4E,0x5E,0x03,0x49,0x40,0x5C,0x42,0x57,0x4D,0x40,0x4C,0x0A,0x4D,0x49,
    0x5A,0x48,0x0B,0x47,0x54,0x35,0x0F,0x48,0x4D,0x48,0x4B,0x4F,0x41,0x41,0x00,0x09,
    0x4A,0x5F,0x4E,0x01,0x5E,0x55,0x0B,0x47,0x54,0x35,0x0F,0x4C,0x53,0x4C,0x5C,0x52,
    0x45,0x46,0x44,0x09,0x41,0x5E,0x1A,0x43,0x5A,0x45,0x44,0x53,0x5E,0x33,0x00,0x12,
    0x4C,0x43,0x49,0x55,0x4A,0x54,0x49,0x5B,0x5F,0x60,0x4E,0x43,0x47,0x1C,0x57,0x52,
    0x51,0x05,0x4F,0x48,0x46,0x44,0x55,0x55,0x1F,0x45,0x4A,0x4A,0x58,0x28,0x0F,0x44,
    0x57,0x12,0xFF,0xE7,0x71,0x45,0x4F,0x01,0x5C,0x47,0x45,0x1E,0x58,0x21,0x5B,0x4E,
    0x4B,0x1C,0x5A,0x55,0x41,0x05,0x4E,0x40,0x5A,0x4E,0x16,0x01,0x5D,0x53,0x5F,0x1E,
    0x42,0x2F,0x5A,0x0D,0x40,0x5D,0x40,0x53,0x4B,0x51,0x0C,0x4A,0x49,0x58,0x48,0x58,
    0x1F,0x4F,0x5F,0x10,0xFF,0xEE,0x7C,0x42,0x5F,0x53,0x5A,0x06,0x42,0x4D,0x1B,0x2E,
    0x40,0x59,0x4B,0x55,0x40,0x5A,0x04,0x4D,0x49,0x5B,0x4D,0x0A,0x4D,0x48,0x4B,0x4E,
    0x0B,0x5F,0x1B,0x2C,0x40,0x4E,0x48,0x1D,0xFF,0xF3,0x71,0x45,0x4F,0x01,0x5E,0x54,
    0x4E,0x50,0x1C,0x34,0x0F,0x4E,0x42,0x4E,0x5C,0x44,0x4D,0x4B,0x4B,0x09,0x41,0x5E,
    0x1B,0x01,0x00,0x00,0x00,0x00,0x00,0x00,0x00,0x00,0x00,0x00,0x00,0x00,0x00,0x00,
    0x00,0x00,0x00,0x00,0x00,0x00,0x00,0x00,0x00,0x00,0x00,0x00,0x00,0x00,0x00,0x00,
    0xFF,0xDD,0x7C,0x42,0x5F,0x01,0x53,0x4F,0x5F,0x4A,0x57,0x25,0x0F,0x4F,0x4A,0x4E,
    0x4A,0x1D,0x45,0x51,0x58,0x48,0x4B,0x41,0x49,0x01,0x4B,0x4E,0x4E,0x1E,0x5C,0x32,
    0x4A,0x48,0x4D,0x1C,0x5D,0x53,0x45,0x4E,0x49,0x05,0x08,0x4B,0x54,0x45,0x1F,0x4F,
    0x45,0x1E,0x5A,0x2E,0x0F,0x4C,0x50,0x48,0x41,0x48,0x4A,0x41,0x45,0x47,0x4F,0x0A,
    0x5C,0x4D,0x4A,0x54,0x59,0x47,0x00,0x0C,0x4C,0x58,0x53,0x57,0x5A,0x55,0x0B,0x4A,
    0x53,0x25,0x0F,0x5E,0x4D,0x5D,0x45,0x58,0x04,0x44,0x5B,0x48,0x51,0x04,0xFF,0xF6,
    0x71,0x45,0x4F,0x01,0x57,0x47,0x5D,0x5B,0x1B,0x2E,0x40,0x0D,0x48,0x59,0x57,0x4E,
    0x05,0x05,0xFF,0xF7,0x61,0x5E,0x1A,0x49,0x5E,0x55,0x0B,0x50,0x54,0x60,0x43,0x42,
    0x40,0x57,0x00,0x1D,0xFF,0xE7,0x61,0x0A,0x5E,0x4E,0x51,0x01,0x5F,0x1E,0x50,0x2E,
    0x40,0x5A,0x03,0x54,0x41,0x4A,0x04,0x51,0x43,0x09,0x44,0x45,0x59,0x4A,0x1F,0x49,
    0x59,0x1E,0x4E,0x2E,0x43,0x42,0x40,0x57,0x0E,0x4E,0x51,0x46,0x44,0x09,0x49,0x0A,
    0x4E,0x49,0x56,0x48,0x4C,0x10,0xFF,0xF4,0x61,0x5E,0x1A,0x56,0x5E,0x55,0x0B,0x5F,
    0x57,0x32,0x4A,0x4C,0x47,0x45,0x0E,0x51,0x4B,0x46,0x47,0x4C,0x4C,0x04,0xFF,0xF3,
    0x7C,0x42,0x5F,0x01,0x58,0x54,0x4A,0x4A,0x5E,0x60,0x46,0x5E,0x03,0x52,0x41,0x4A,
    0x04,0x49,0x43,0x4A,0x43,0x4F,0x5E,0x0F,0xFF,0xF2,0x7C,0x42,0x5F,0x01,0x58,0x54,
    0x4A,0x4A,0x5E,0x60,0x46,0x5E,0x03,0x52,0x41,0x4A,0x04,0x50,0x42,0x45,0x47,0x49,
    0x51,0x44,0x5B,0x08,0xFF,0xF3,0x61,0x5E,0x1A,0x56,0x5E,0x55,0x0B,0x5F,0x57,0x32,
    0x4A,0x4C,0x47,0x45,0x0E,0x48,0x4A,0x49,0x43,0x4A,0x43,0x4F,0x5E,0x0F,0xFF,0xF1,
    0x71,0x45,0x4F,0x01,0x57,0x47,0x5D,0x5B,0x1B,0x2E,0x40,0x0D,0x50,0x53,0x5B,0x4F,
    0x47,0x40,0x0C,0x46,0x4E,0x0A,0x56,0x48,0x58,0x4E,0x5F,0x10,0xFF,0xF5,0x71,0x45,
    0x4F,0x53,0x1F,0x4A,0x4A,0x53,0x4B,0x60,0x46,0x5E,0x03,0x52,0x41,0x4A,0x04,0x4A,
    0x42,0x07,0xFF,0xF4,0x71,0x45,0x4F,0x53,0x1F,0x4A,0x4A,0x53,0x4B,0x60,0x46,0x5E,
    0x03,0x52,0x41,0x4A,0x04,0x4A,0x4A,0x4F,0x06,0x0A,0xFF,0xDE,0x7C,0x42,0x5F,0x53,
    0x5A,0x06,0x42,0x4D,0x1B,0x2E,0x40,0x0D,0x54,0x5D,0x57,0x1D,0x50,0x4A,0x0C,0x4E,
    0x4D,0x5E,0x1A,0x51,0x5E,0x55,0x5F,0x1E,0x4F,0x28,0x4A,0x0D,0x41,0x59,0x4F,0x4F,
    0x04,0x51,0x43,0x09,0x5D,0x44,0x56,0x4E,0x5C,0x4D,0x0B,0x4A,0x53,0x25,0x0F,0x4E,
    0x4B,0x5D,0x47,0x53,0x08,0x05,0x5B,0x41,0x41,0x49,0x52,0x01,0x56,0x55,0x00,0x0C,
    0x58,0x58,0x55,0x43,0x5E,0x44,0x47,0x47,0x1B,0x2A,0x5A,0x5E,0x57,0x1C,0x4F,0x4E,
    0x04,0x52,0x49,0x45,0x44,0x04,0xFF,0xF7,0x66,0x45,0x4E,0x49,0x56,0x48,0x4C,0x1E,
    0x53,0x21,0x5F,0x5D,0x46,0x52,0x5D,0x13,0xFF,0xFC,0x7F,0x42,0x5F,0x53,0x5A,0x19,
    0xFF,0xEF,0x7C,0x42,0x5F,0x53,0x5A,0x06,0x42,0x4D,0x1B,0x2E,0x40,0x59,0x4B,0x55,
    0x40,0x5A,0x04,0x4D,0x49,0x5B,0x4D,0x0A,0x4E,0x4E,0x1F,0x47,0x5F,0x4A,0x5A,0x23,
    0x44,0x03,0xFF,0xE6,0x7C,0x42,0x5F,0x01,0x53,0x4F,0x5F,0x4A,0x57,0x25,0x0F,0x4F,
    0x4A,0x4E,0x4A,0x1D,0x4D,0x56,0x0C,0x47,0x47,0x5D,0x1A,0x45,0x5A,0x47,0x4F,0x10,
    0x1B,0x60,0x66,0x59,0x50,0x1C,0x4C,0x52,0x40,0x5C,0x0C,0x4D,0x41,0x59,0x5B,0x51,
    0x4F,0x43,0x4A,0x4C,0x48,0x6E,0xFF,0xE1,0x69,0x5E,0x4E,0x40,0x5C,0x4D,0x42,0x50,
    0x5C,0x60,0x5B,0x45,0x46,0x1C,0x5D,0x53,0x45,0x4E,0x49,0x09,0x4A,0x45,0x4E,0x49,
    0x1F,0x42,0x44,0x5B,0x48,0x2E,0x08,0x59,0x03,0x4B,0x41,0x4F,0x4F,0x05,0x4D,0x47,
    0x4C,0x0A,0x53,0x52,0x1F,0x50,0x4E,0x4C,0x42,0x60,0x4B,0x4C,0x4D,0x5B,0x4B,0x4F,
    0x4B,0x50,0x5F,0x07,0xFF,0xF2,0x71,0x45,0x4F,0x01,0x54,0x4F,0x47,0x52,0x5E,0x24,
    0x0F,0x4C,0x03,0x50,0x47,0x49,0x50,0x49,0x49,0x09,0x4C,0x5D,0x5B,0x53,0x59,0x08,
    0xFF,0xE3,0x71,0x45,0x4F,0x01,0x5E,0x52,0x5F,0x5F,0x58,0x2B,0x0F,0x4C,0x03,0x50,
    0x47,0x49,0x50,0x49,0x49,0x09,0x4C,0x5D,0x5B,0x53,0x59,0x0A,0x0B,0x5C,0x4E,0x34,
    0x0F,0x45,0x46,0x1C,0x4A,0x52,0x40,0x42,0x49,0x5A,0x08,0x45,0x4F,0x55,0x1F,0x49,
    0x4D,0x1E,0x4F,0x28,0x4A,0x0D,0x54,0x5D,0x57,0x13,0xFF,0xF1,0x7F,0x43,0x4E,0x49,
    0x1F,0x51,0x43,0x5F,0x4F,0x7F,0x0F,0x0D,0x7A,0x53,0x5B,0x4F,0x04,0x47,0x4D,0x5B,
    0x4D,0x0A,0x52,0x40,0x51,0x42,0x58,0x01,0xFF,0xE6,0x6F,0x45,0x55,0x45,0x1F,0x52,
    0x59,0x47,0x17,0x60,0x4D,0x58,0x57,0x1C,0x5A,0x55,0x45,0x51,0x0C,0x40,0x5B,0x0A,
    0x5B,0x4F,0x1F,0x49,0x47,0x5A,0x1B,0x37,0x40,0x5F,0x4D,0x11,0x41,0x48,0x50,0x05,
    0x41,0x48,0x4F,0x43,0x59,0x01,0x48,0x49,0x59,0x5A,0x15,0x60,0xFF,0xE0,0x61,0x0A,
    0x51,0x4F,0x50,0x51,0x0B,0x51,0x5D,0x60,0x5F,0x41,0x42,0x5F,0x4B,0x4E,0x08,0x05,
    0x4D,0x4A,0x5C,0x43,0x55,0x4F,0x4C,0x0A,0x0B,0x5F,0x55,0x24,0x0F,0x59,0x4B,0x55,
    0x40,0x5A,0x57,0x0B,0x0C,0x09,0x65,0x45,0x49,0x55,0x1F,0x49,0x4D,0x1E,0x56,0x39,
    0x0F,0x5B,0x4C,0x5F,0x4F,0x5F,0x51,0x49,0x4D,0x5B,0x51,0x0A,0x00,0x23,0x4C,0x4F,
    0x49,0x42,0x4D,0x4F,0x49,0x5B,0x48,0x60,0x5F,0x41,0x42,0x5F,0x4B,0x4E,0x04,0x44,
    0x42,0x4D,0x08,0x43,0x49,0x01,0x4A,0x55,0x4E,0x5A,0x1B,0x34,0x40,0x0D,0x4E,0x53,
    0x58,0x58,0x04,0x5C,0x43,0x5C,0x08,0x5E,0x52,0x44,0x4D,0x43,0x05,0x1E,0x1B,0x14,
    0x40,0x0D,0x4E,0x53,0x58,0x58,0x08,0x05,0x58,0x5B,0x51,0x0A,0x4D,0x4E,0x4D,0x42,
    0x58,0x1E,0x00,0x23,0x44,0x43,0x51,0x44,0x1F,0x40,0x44,0x4C,0x5E,0x33,0x5B,0x01,
    0x03,0x5E,0x5B,0x54,0x48,0x41,0x45,0x47,0x4F,0x06,0x1A,0x45,0x50,0x51,0x45,0x4D,
    0x4F,0x32,0x4A,0x4C,0x4E,0x10,0x0E,0x58,0x4A,0x51,0x49,0x5B,0x04,0x0A,0x5F,0x40,
    0x4C,0x52,0x07,0x1E,0x4C,0x25,0x5C,0x59,0x0F,0x1C,0x40,0x52,0x56,0x51,0x44,0x05,
    0x08,0x59,0x55,0x54,0x4B,0x4E,0x07,0x1E,0x00,0x22,0x5D,0x5A,0x16,0x01,0x50,0x54,
    0x0B,0x5A,0x54,0x37,0x41,0x03,0x03,0x1C,0x67,0x1D,0x4F,0x4B,0x43,0x5E,0x08,0x4B,
    0x58,0x4E,0x4A,0x52,0x0B,0x5F,0x1B,0x26,0x4A,0x5A,0x03,0x4F,0x5E,0x58,0x47,0x4C,
    0x4D,0x45,0x08,0x45,0x58,0x4B,0x5A,0x45,0x5F,0x4D,0x17,0x60,0x43,0x44,0x48,0x59,
    0x0E,0x5C,0x04,0x47,0x40,0x48,0x4B,0x41,0x1A,0x53,0x50,0x42,0x00,0x23,0x40,0x43,
    0x5E,0x45,0x5A,0x48,0x0B,0x57,0x55,0x60,0x5B,0x45,0x46,0x1C,0x4D,0x5C,0x52,0x40,
    0x02,0x09,0x08,0x7E,0x52,0x44,0x4C,0x43,0x0B,0x51,0x59,0x2A,0x4A,0x4E,0x57,0x4F,
    0x0E,0x5E,0x45,0x4B,0x0C,0x4B,0x4D,0x0A,0x57,0x40,0x51,0x4F,0x5B,0x4B,0x57,0x21,
    0x5B,0x48,0x47,0x1C,0x5B,0x4E,0x4D,0x4B,0x4B,0x09,0x5B,0x45,0x57,0x44,0x1F,0x49,
    0x4D,0x1E,0x00,0x24,0x5C,0x42,0x5F,0x01,0x5E,0x45,0x5F,0x57,0x54,0x2E,0x0F,0x5A,
    0x4C,0x4E,0x4A,0x4E,0x04,0x51,0x44,0x48,0x5C,0x0A,0x73,0x01,0x54,0x48,0x44,0x49,
    0x15,0x60,0x0F,0x78,0x50,0x49,0x4F,0x51,0x48,0x5C,0x0C,0x50,0x47,0x5F,0x1A,0x56,
    0x56,0x4A,0x47,0x1E,0x55,0x25,0x4A,0x49,0x03,0x48,0x41,0x1D,0x43,0x4C,0x5A,0x4C,
    0x08,0x48,0x55,0x55,0x57,0x06,0x5F,0x56,0x5E,0x60,0x00,0x23,0x47,0x48,0x50,0x44,
    0x5C,0x52,0x0B,0x5F,0x55,0x24,0x0F,0x4C,0x40,0x48,0x47,0x52,0x4A,0x05,0x5B,0x46,
    0x5A,0x4E,0x49,0x01,0x17,0x4F,0x45,0x1E,0x5E,0x29,0x5B,0x45,0x46,0x4E,0x0E,0x52,
    0x56,0x41,0x49,0x5B,0x01,0x06,0x1A,0x43,0x4A,0x52,0x0B,0x4D,0x54,0x2D,0x4A,0x59,
    0x4A,0x51,0x4B,0x4E,0x04,0x6C,0x0C,0x4A,0x49,0x44,0x1A,0x48,0x51,0x40,0x4E,0x4C,
    0x00,0x22,0x5C,0x42,0x5F,0x01,0x50,0x44,0x41,0x5B,0x58,0x34,0x0F,0x4B,0x51,0x53,
    0x43,0x1D,0x50,0x4D,0x49,0x09,0x5E,0x4F,0x48,0x43,0x1F,0x47,0x47,0x51,0x55,0x25,
    0x01,0x0D,0x03,0x6F,0x41,0x50,0x41,0x05,0x43,0x4B,0x42,0x4F,0x59,0x55,0x4C,0x06,
    0x4A,0x52,0x48,0x2F,0x0F,0x44,0x4E,0x4C,0x42,0x44,0x04,0x53,0x49,0x5B,0x4A,0x59,
    0x01,0x01,0x56,0x48,0x00,0x23,0x58,0x4B,0x48,0x55,0x56,0x45,0x5E,0x52,0x5A,0x32,
    0x03,0x0D,0x01,0x55,0x40,0x4B,0x41,0x4B,0x58,0x46,0x5A,0x53,0x18,0x01,0x56,0x4B,
    0x5B,0x52,0x52,0x25,0x5C,0x0D,0x01,0x48,0x4F,0x56,0x41,0x05,0x45,0x47,0x5E,0x4F,
    0x54,0x55,0x50,0x54,0x52,0x1C,0x17,0x60,0x58,0x45,0x4A,0x5F,0x46,0x1D,0x47,0x44,
    0x59,0x5A,0x4D,0x59,0x1A,0x4C,0x5A,0x06,0x5F,0x51,0x00,0x21,0x4F,0x43,0x4C,0x44,
    0x1F,0x5F,0x44,0x4B,0x1B,0x21,0x0F,0x41,0x4A,0x4F,0x5A,0x1D,0x4B,0x43,0x0C,0x5E,
    0x40,0x4B,0x4E,0x01,0x46,0x49,0x5E,0x19,0x49,0x25,0x0F,0x4E,0x42,0x4E,0x5C,0x44,
    0x4D,0x4B,0x4B,0x07,0x08,0x0A,0x6E,0x49,0x5A,0x06,0x44,0x5C,0x51,0x25,0x4C,0x59,
    0x50,0x1C,0x46,0x5C,0x52,0x40,0x0C,0x5A,0x41,0x4E,0x5F,0x01,0x00,0x24,0x4D,0x4C,
    0x5C,0x44,0x5C,0x52,0x58,0x05,0x1B,0x26,0x40,0x5F,0x03,0x55,0x40,0x4E,0x50,0x44,
    0x42,0x4A,0x4D,0x06,0x1A,0x55,0x57,0x43,0x0B,0x4C,0x54,0x24,0x0F,0x5E,0x40,0x5D,
    0x5C,0x58,0x57,0x05,0x58,0x41,0x4D,0x0A,0x58,0x48,0x4D,0x42,0x05,0x1E,0x1B,0x15,
    0x5C,0x58,0x42,0x50,0x42,0x44,0x04,0x55,0x49,0x46,0x58,0x46,0x5F,0x01,0x57,0x47,
    0x5D,0x57,0x55,0x27,0x00,0x22,0x5C,0x58,0x55,0x54,0x5D,0x4A,0x4E,0x1E,0x56,0x2F,
    0x59,0x44,0x4D,0x5B,0x0E,0x57,0x51,0x56,0x58,0x09,0x46,0x4F,0x5F,0x45,0x1F,0x52,
    0x44,0x1E,0x4F,0x32,0x56,0x0D,0x42,0x1C,0x48,0x58,0x53,0x05,0x41,0x46,0x5A,0x4F,
    0x1A,0x56,0x50,0x54,0x4F,0x4D,0x15,0x60,0x0F,0x78,0x50,0x49,0x4F,0x51,0x48,0x5C,
    0x0C,0x59,0x4D,0x45,0x4A,0x4D,0x5A,0x06,0x00,0x24,0x5C,0x58,0x43,0x48,0x51,0x41,
    0x0B,0x4B,0x55,0x33,0x5A,0x4E,0x40,0x59,0x5D,0x4E,0x42,0x50,0x40,0x45,0x51,0x0A,
    0x4E,0x4E,0x1F,0x4B,0x4A,0x50,0x52,0x30,0x5A,0x41,0x42,0x48,0x4B,0x1D,0x45,0x4B,
    0x0C,0x46,0x4A,0x40,0x5F,0x42,0x4B,0x06,0x4A,0x4C,0x5E,0x60,0x4E,0x59,0x57,0x59,
    0x43,0x4D,0x50,0x4C,0x42,0x4E,0x08,0x59,0x55,0x4C,0x5A,0x52,0x43,0x57,0x55,0x27,
    0x00,0x00,0x00,0x00,0x00,0x00,0x00,0x00,0x00,0x00,0x00,0x00,0x00,0x00,0x00,0x00,
    0x00,0x00,0x00,0x00,0x00,0x00,0x00,0x00,0x00,0x00,0x00,0x00,0x00,0x00,0x00,0x00,
    0x00,0x20,0x4A,0x4F,0x43,0x4E,0x51,0x42,0x0B,0x4A,0x53,0x25,0x46,0x5F,0x03,0x14,
    0x41,0x4F,0x04,0x48,0x55,0x08,0x01,0x0A,0x59,0x40,0x4F,0x47,0x49,0x57,0x57,0x29,
    0x5B,0x44,0x46,0x4F,0x0E,0x5C,0x4A,0x41,0x0C,0x5A,0x40,0x45,0x4F,0x4D,0x5B,0x06,
    0x5F,0x4C,0x42,0x60,0x4E,0x0D,0x40,0x53,0x43,0x4D,0x48,0x40,0x58,0x4C,0x44,0x53,
    0x00,0x20,0x4C,0x43,0x5C,0x47,0x5A,0x54,0x4E,0x50,0x4F,0x60,0x5B,0x4C,0x40,0x57,
    0x00,0x1D,0x04,0x71,0x43,0x09,0x5B,0x5A,0x5F,0x44,0x5B,0x06,0x5F,0x56,0x5E,0x60,
    0x48,0x4C,0x4E,0x59,0x0E,0x44,0x4B,0x50,0x0C,0x4A,0x49,0x44,0x1A,0x52,0x50,0x4B,
    0x4E,0x4A,0x52,0x2D,0x4A,0x5E,0x03,0x51,0x41,0x4B,0x41,0x05,0x40,0x46,0x46,0x4D,
    0x00,0x23,0x4C,0x43,0x49,0x55,0x5E,0x48,0x48,0x5B,0x48,0x60,0x58,0x44,0x57,0x54,
    0x0E,0x5C,0x04,0x56,0x45,0x47,0x4F,0x46,0x5F,0x01,0x48,0x49,0x59,0x5A,0x15,0x60,
    0x0F,0x6B,0x4C,0x4E,0x0E,0x58,0x5C,0x44,0x41,0x59,0x44,0x4F,0x16,0x01,0x1D,0x44,
    0x5E,0x57,0x57,0x24,0x46,0x43,0x44,0x1E,0x0E,0x48,0x57,0x50,0x4D,0x45,0x44,0x53,
    0x1A,0x46,0x5A,0x52,0x58,0x1E,0x00,0x24,0x51,0x45,0x4F,0x01,0x4B,0x49,0x0B,0x4A,
    0x53,0x25,0x0F,0x4F,0x56,0x55,0x42,0x59,0x4D,0x4B,0x4B,0x09,0x4E,0x58,0x55,0x4C,
    0x1F,0x47,0x45,0x47,0x4C,0x28,0x4A,0x5F,0x46,0x1C,0x4F,0x5F,0x4B,0x53,0x49,0x09,
    0x4F,0x58,0x55,0x54,0x51,0x42,0x0B,0x5B,0x43,0x23,0x4A,0x5D,0x57,0x1C,0x59,0x55,
    0x41,0x4B,0x0C,0x45,0x47,0x59,0x4E,0x01,0x56,0x48,0x0B,0x4A,0x53,0x25,0x00,0x24,
    0x4E,0x45,0x48,0x44,0x4C,0x52,0x05,0x1E,0x1B,0x01,0x43,0x5E,0x4C,0x10,0x0E,0x53,
    0x4B,0x51,0x49,0x09,0x5C,0x42,0x5B,0x55,0x1F,0x45,0x4A,0x48,0x5E,0x60,0x5F,0x4C,
    0x50,0x4F,0x4F,0x5A,0x41,0x56,0x0C,0x5D,0x5D,0x58,0x54,0x01,0x5E,0x06,0x47,0x51,
    0x4F,0x6C,0x0F,0x4C,0x4D,0x58,0x0E,0x49,0x4C,0x44,0x58,0x09,0x44,0x4F,0x5B,0x57,
    0x56,0x48,0x4C,0x1E,0x5A,0x60,0x00,0x24,0x5A,0x45,0x55,0x4C,0x1F,0x52,0x44,0x1E,
    0x4F,0x28,0x4A,0x0D,0x4D,0x53,0x5C,0x49,0x4C,0x05,0x48,0x46,0x4D,0x59,0x1A,0x4F,
    0x50,0x52,0x0B,0x59,0x4E,0x21,0x5D,0x4C,0x4D,0x48,0x4B,0x58,0x04,0x40,0x42,0x5D,
    0x4D,0x58,0x53,0x4F,0x58,0x06,0x5F,0x56,0x5E,0x60,0x41,0x48,0x5B,0x48,0x0E,0x5B,
    0x56,0x4A,0x41,0x09,0x5C,0x42,0x5F,0x01,0x4C,0x49,0x5E,0x4A,0x53,0x6E,0x00,0x06,
    0x6F,0x45,0x55,0x45,0x1F,0x4A,0x5E,0x5D,0x50,0x61,0xFF,0xFA,0x61,0x5E,0x1A,0x4C,
    0x56,0x55,0x58,0x5B,0x48,0x61,0xFF,0xF9,0x61,0x5E,0x1A,0x46,0x5A,0x52,0x58,0x1E,
    0x42,0x2F,0x5A,0x0C,0xFF,0xFE,0x67,0x61,0xFF,0xF2,0x71,0x45,0x4F,0x01,0x5C,0x47,
    0x45,0x19,0x4F,0x60,0x5A,0x43,0x4F,0x53,0x4D,0x56,0x04,0x51,0x44,0x4C,0x08,0x41,
    0x5F,0x58,0x4C,0x08,0xFF,0xDC,0x71,0x45,0x4F,0x01,0x57,0x47,0x5D,0x5B,0x1B,0x23,
    0x5D,0x4C,0x54,0x50,0x4B,0x59,0x04,0x44,0x5E,0x46,0x5D,0x44,0x5E,0x01,0x56,0x48,
    0x0B,0x4D,0x54,0x2D,0x4A,0x0D,0x4F,0x55,0x5A,0x49,0x48,0x40,0x0C,0x41,0x47,0x46,
    0x5F,0x52,0x1F,0x47,0x45,0x5A,0x1B,0x37,0x40,0x58,0x4D,0x58,0x0E,0x48,0x54,0x05,
    0x4E,0x48,0x4B,0x41,0x1A,0x48,0x51,0x06,0x5F,0x56,0x5E,0x60,0x00,0x08,0x45,0x4B,
    0x53,0x4F,0x1F,0x56,0x4A,0x4D,0x48,0x21,0x48,0x48,0x0D,0x1C,0xFF,0xDD,0x61,0x0A,
    0x5E,0x4E,0x51,0x01,0x5F,0x1E,0x50,0x2E,0x40,0x5A,0x03,0x4B,0x46,0x58,0x56,0x40,
    0x0C,0x5D,0x40,0x4F,0x1A,0x42,0x5E,0x50,0x4E,0x1E,0x52,0x33,0x03,0x0D,0x41,0x49,
    0x5A,0x1D,0x4C,0x40,0x5E,0x4C,0x49,0x48,0x55,0x54,0x4B,0x55,0x0B,0x50,0x54,0x60,
    0x5C,0x59,0x51,0x59,0x4F,0x50,0x04,0x46,0x4D,0x47,0x08,0x58,0x4F,0x4F,0x1F,0x49,
    0x45,0x1E,0x00,0x18,0x5C,0x42,0x5F,0x01,0x4C,0x53,0x59,0x58,0x5A,0x23,0x4A,0x0D,
    0x45,0x53,0x5C,0x1D,0x48,0x4A,0x42,0x4E,0x06,0x0A,0x1A,0x68,0x1F,0x51,0x44,0x4B,
    0x57,0x24,0x0F,0x59,0x51,0x45,0x0E,0x49,0x4C,0x40,0x0C,0x5A,0x5C,0x58,0x5F,0x40,
    0x52,0x08,0xFF,0xE8,0x61,0x0A,0x54,0x44,0x5A,0x42,0x0B,0x53,0x54,0x32,0x4A,0x0D,
    0x47,0x59,0x5A,0x5C,0x4D,0x49,0x49,0x4D,0x08,0x43,0x54,0x52,0x4B,0x54,0x5E,0x5D,
    0x4F,0x29,0x40,0x43,0x50,0x1C,0x5A,0x52,0x04,0x41,0x43,0x09,0x5C,0x42,0x5B,0x55,
    0x11,0x06,0xFF,0xDE,0x61,0x0A,0x59,0x40,0x51,0x06,0x44,0x50,0x57,0x39,0x0F,0x59,
    0x46,0x50,0x42,0x1D,0x5D,0x4A,0x59,0x09,0x5F,0x42,0x5B,0x55,0x1F,0x5F,0x44,0x4B,
    0x1B,0x33,0x4A,0x48,0x03,0x5D,0x5D,0x1D,0x5D,0x4A,0x59,0x09,0x45,0x45,0x4C,0x44,
    0x1F,0x47,0x49,0x51,0x4E,0x34,0x0F,0x4C,0x4D,0x58,0x0E,0x50,0x45,0x4B,0x45,0x59,
    0x5D,0x46,0x5B,0x55,0x5A,0x06,0x00,0x1B,0x5C,0x42,0x53,0x4F,0x58,0x55,0x05,0x1E,
    0x1B,0x09,0x0F,0x4E,0x42,0x52,0x40,0x52,0x50,0x05,0x58,0x4C,0x44,0x46,0x1A,0x58,
    0x50,0x53,0x0B,0x49,0x53,0x25,0x5D,0x48,0x03,0x4E,0x4B,0x50,0x4B,0x51,0x49,0x09,
    0x5C,0x42,0x53,0x4F,0x58,0x55,0x0B,0x5F,0x49,0x25,0x01,0x0D,0xFF,0xF3,0x61,0x0A,
    0x5E,0x4E,0x51,0x01,0x5F,0x1E,0x50,0x2E,0x40,0x5A,0x03,0x48,0x46,0x5C,0x50,0x05,
    0x5B,0x46,0x5A,0x4E,0x14,0x01,0xFF,0xFC,0x7F,0x42,0x5B,0x55,0x00,0x06,0xFF,0xED,
    0x69,0x58,0x5F,0x01,0x46,0x49,0x5E,0x1E,0x4F,0x32,0x56,0x44,0x4D,0x5B,0x0E,0x49,
    0x4B,0x05,0x4B,0x4C,0x5C,0x0A,0x53,0x4F,0x4B,0x49,0x0B,0x4A,0x53,0x25,0x0F,0x4E,
    0x42,0x4A,0x4B,0x02,0xFF,0xDE,0x7C,0x42,0x5F,0x01,0x58,0x54,0x4A,0x4A,0x5E,0x60,
    0x46,0x5E,0x03,0x4A,0x4B,0x4F,0x5D,0x05,0x5F,0x46,0x44,0x43,0x5E,0x01,0x5E,0x48,
    0x4F,0x1E,0x53,0x21,0x5C,0x0D,0x42,0x1C,0x46,0x5C,0x56,0x41,0x49,0x47,0x4D,0x4E,
    0x1A,0x52,0x4B,0x43,0x4E,0x52,0x1B,0x2C,0x40,0x4E,0x48,0x12,0x0E,0x1D,0x7D,0x4A,
    0x59,0x09,0x4B,0x4B,0x54,0x4F,0x50,0x52,0x00,0x24,0x4D,0x44,0x4E,0x44,0x4D,0x06,
    0x5C,0x57,0x4F,0x28,0x40,0x58,0x57,0x1C,0x4F,0x1D,0x4F,0x40,0x55,0x05,0x08,0x4B,
    0x54,0x45,0x1F,0x52,0x43,0x5B,0x49,0x25,0x0F,0x4C,0x51,0x59,0x0E,0x53,0x4B,0x05,
    0x47,0x4C,0x51,0x59,0x1A,0x4F,0x5A,0x47,0x59,0x5C,0x42,0x6E,0x0F,0x0D,0x6A,0x1C,
    0x59,0x52,0x51,0x49,0x48,0x09,0x5A,0x4F,0x59,0x4E,0x52,0x4B,0x4E,0x50,0x5F,0x60,
    0x00,0x11,0x44,0x45,0x55,0x4A,0x56,0x48,0x4C,0x1E,0x5E,0x2C,0x5C,0x48,0x54,0x54,
    0x4B,0x4F,0x41,0x05,0x4A,0x46,0x5A,0x0A,0x4E,0x49,0x5A,0x06,0x40,0x5B,0x42,0x33,
    0x01,0x0D,0xFF,0xDE,0x7C,0x42,0x5F,0x01,0x4B,0x54,0x4E,0x5B,0x48,0x60,0x40,0x4B,
    0x03,0x48,0x46,0x58,0x04,0x43,0x43,0x5B,0x4D,0x59,0x4E,0x01,0x5E,0x54,0x4E,0x1E,
    0x57,0x21,0x5D,0x4A,0x46,0x1C,0x46,0x5C,0x56,0x41,0x5B,0x46,0x47,0x4E,0x1A,0x4E,
    0x5E,0x4D,0x0B,0x5F,0x55,0x24,0x0F,0x40,0x42,0x4C,0x42,0x58,0x08,0x05,0x5B,0x40,
    0x5C,0x42,0x1A,0x40,0x51,0x06,0x00,0x23,0x47,0x49,0x59,0x40,0x4C,0x4F,0x44,0x50,
    0x5A,0x2C,0x0F,0x4A,0x51,0x53,0x58,0x58,0x04,0x4A,0x4A,0x09,0x58,0x43,0x54,0x44,
    0x1F,0x49,0x59,0x1E,0x48,0x30,0x5D,0x58,0x40,0x59,0x00,0x1D,0x04,0x71,0x44,0x4C,
    0x5A,0x4F,0x1A,0x48,0x4C,0x06,0x5A,0x4B,0x52,0x34,0x4A,0x0D,0x42,0x1C,0x4C,0x54,
    0x50,0x05,0x43,0x4F,0x08,0x5F,0x54,0x45,0x5A,0x54,0x06,0x1E,0x00,0x22,0x4F,0x58,
    0x55,0x56,0x4B,0x4E,0x07,0x1E,0x57,0x21,0x5D,0x4A,0x46,0x50,0x57,0x1D,0x46,0x4C,
    0x5E,0x4A,0x40,0x0A,0x5B,0x4F,0x5B,0x06,0x4A,0x4D,0x53,0x60,0x5C,0x4C,0x53,0x50,
    0x47,0x53,0x43,0x56,0x0C,0x59,0x44,0x5F,0x49,0x01,0x51,0x49,0x45,0x5A,0x5E,0x33,
    0x4C,0x5F,0x4A,0x4C,0x5A,0x1D,0x46,0x50,0x5F,0x41,0x4D,0x59,0x1A,0x4E,0x59,0x06,
    0x00,0x23,0x5E,0x4B,0x48,0x48,0x50,0x53,0x58,0x1E,0x48,0x2F,0x5D,0x59,0x50,0x12,
    0x0E,0x1D,0x70,0x4D,0x45,0x5A,0x08,0x5E,0x53,0x4C,0x5A,0x06,0x44,0x58,0x1B,0x39,
    0x4A,0x4C,0x51,0x1C,0x58,0x54,0x57,0x4C,0x4E,0x40,0x44,0x43,0x4E,0x58,0x1F,0x4F,
    0x58,0x1E,0x4A,0x35,0x46,0x59,0x46,0x1C,0x5C,0x58,0x57,0x51,0x5E,0x40,0x4B,0x5E,
    0x5F,0x45,0x1F,0x44,0x52,0x1E,0x00,0x22,0x49,0x46,0x56,0x01,0x4B,0x4E,0x4E,0x1E,
    0x57,0x25,0x4E,0x5B,0x46,0x4F,0x02,0x1D,0x46,0x50,0x58,0x09,0x5C,0x58,0x5B,0x57,
    0x5A,0x4A,0x0B,0x57,0x48,0x60,0x5E,0x58,0x4A,0x48,0x4B,0x1D,0x41,0x44,0x5F,0x50,
    0x08,0x43,0x5C,0x01,0x46,0x49,0x5E,0x1E,0x5F,0x25,0x5B,0x42,0x56,0x4E,0x0E,0x5C,
    0x56,0x4A,0x59,0x47,0x4C,0x0A,0x4E,0x49,0x5A,0x06,0x00,0x0D,0x5B,0x5A,0x48,0x54,
    0x5C,0x43,0x0B,0x5F,0x55,0x24,0x0F,0x4F,0x46,0x4E,0x5C,0x44,0x04,0x47,0x59,0x5A,
    0x40,0x4F,0x49,0x0F,0xFF,0xE5,0x7F,0x4F,0x56,0x42,0x50,0x4B,0x4E,0x1E,0x4F,0x2F,
    0x0F,0x6C,0x67,0x6A,0x6B,0x73,0x70,0x70,0x7E,0x6C,0x09,0x0B,0x1A,0x01,0x68,0x49,
    0x5E,0x52,0x5F,0x60,0x56,0x42,0x56,0x1C,0x42,0x54,0x4F,0x40,0x0C,0x40,0x46,0x59,
    0x4E,0x53,0x4A,0x45,0x5F,0x57,0x54,0x2E,0x5C,0x12,0xFF,0xDE,0x6C,0x43,0x5D,0x46,
    0x56,0x48,0x4C,0x1E,0x4C,0x29,0x5B,0x45,0x4C,0x49,0x5A,0x1D,0x45,0x05,0x5F,0x41,
    0x47,0x5C,0x5F,0x4D,0x1F,0x4F,0x58,0x1E,0x4A,0x35,0x46,0x59,0x46,0x1C,0x47,0x50,
    0x54,0x57,0x4D,0x4A,0x5C,0x43,0x59,0x40,0x53,0x08,0x0B,0x1E,0x7E,0x36,0x4A,0x43,
    0x03,0x4B,0x47,0x49,0x4C,0x05,0x4D,0x09,0x5B,0x42,0x55,0x57,0x5A,0x4A,0x00,0x0C,
    0x58,0x58,0x55,0x46,0x4D,0x43,0x58,0x4D,0x1B,0x29,0x5C,0x0D,0x56,0x52,0x42,0x54,
    0x4F,0x40,0x40,0x50,0x06,0x0A,0xFF,0xF1,0x6A,0x46,0x5B,0x52,0x4B,0x4F,0x45,0x59,
    0x1B,0x32,0x4A,0x5C,0x56,0x55,0x5C,0x58,0x57,0x05,0x48,0x50,0x46,0x4B,0x57,0x48,
    0x4B,0x43,0x05,0x1E,0xFF,0xF1,0x61,0x0D,0x57,0x01,0x5E,0x55,0x0B,0x5D,0x54,0x2E,
    0x49,0x58,0x50,0x59,0x4A,0x1D,0x45,0x56,0x0C,0x50,0x47,0x5F,0x1A,0x40,0x4D,0x43,
    0x05,0x1E,0x00,0x00,0x00,0x00,0x00,0x00,0x00,0x00,0x00,0x00,0x00,0x00,0x00,0x00,
    0x00,0x00,0x00,0x00,0x00,0x00,0x00,0x00,0x00,0x00,0x00,0x00,0x00,0x00,0x00,0x00,
    0x00,0x00,0x00,0x00,0x00,0x00,0x00,0x00,0x00,0x00,0x00,0x00,0x00,0x00,0x00,0x00,
    0xFF,0xDF,0x65,0x43,0x49,0x55,0x1F,0x4F,0x58,0x1E,0x5A,0x60,0x58,0x45,0x4A,0x48,
    0x4B,0x1D,0x52,0x44,0x5C,0x46,0x5A,0x06,0x1A,0x54,0x4C,0x53,0x4A,0x52,0x57,0x39,
    0x0F,0x5A,0x42,0x48,0x4B,0x4F,0x08,0x05,0x5F,0x4C,0x4D,0x44,0x1A,0x47,0x4D,0x49,
    0x46,0x1E,0x4F,0x29,0x42,0x48,0x03,0x48,0x41,0x1D,0x50,0x4C,0x41,0x4C,0x08,0x43,
    0x54,0x01,0x00,0x24,0x4B,0x4B,0x4C,0x44,0x4D,0x48,0x58,0x10,0x1B,0x60,0x66,0x59,
    0x03,0x5F,0x4F,0x53,0x04,0x47,0x49,0x09,0x4E,0x45,0x4F,0x4F,0x5B,0x06,0x4A,0x50,
    0x42,0x37,0x47,0x48,0x51,0x59,0x0E,0x5F,0x51,0x51,0x0C,0x40,0x5B,0x0A,0x5C,0x53,
    0x5A,0x57,0x5E,0x5B,0x55,0x34,0x43,0x54,0x03,0x5D,0x0E,0x4E,0x4D,0x42,0x42,0x09,
    0x47,0x4C,0x1A,0x40,0x1F,0x42,0x4E,0x5B,0x4B,0x60,0x00,0x0E,0x58,0x43,0x4E,0x01,
    0x53,0x43,0x4A,0x5A,0x52,0x2E,0x48,0x0D,0x47,0x53,0x59,0x53,0x04,0x51,0x43,0x09,
    0x5F,0x4B,0x4E,0x44,0x4D,0x08,0xFF,0xF4,0x71,0x45,0x4F,0x53,0x1F,0x40,0x4E,0x5B,
    0x4F,0x60,0x4E,0x5F,0x46,0x1C,0x40,0x52,0x53,0x05,0x5B,0x4C,0x5C,0x04,0xFF,0xEF,
    0x61,0x0A,0x4E,0x49,0x56,0x48,0x40,0x1E,0x72,0x60,0x45,0x58,0x50,0x48,0x0E,0x51,
    0x4B,0x56,0x58,0x09,0x45,0x53,0x1A,0x40,0x4F,0x56,0x4E,0x4A,0x52,0x34,0x4A,0x03,
    0xFF,0xF1,0x7C,0x42,0x5B,0x4F,0x54,0x06,0x52,0x51,0x4E,0x6C,0x0F,0x44,0x57,0x1C,
    0x59,0x5C,0x57,0x05,0x48,0x4C,0x44,0x43,0x59,0x48,0x50,0x53,0x58,0x1F,0xFF,0xDC,
    0x71,0x45,0x4F,0x01,0x57,0x47,0x5D,0x5B,0x1B,0x34,0x4E,0x46,0x46,0x52,0x0E,0x5C,
    0x04,0x41,0x5E,0x40,0x46,0x41,0x1A,0x47,0x4D,0x49,0x46,0x1E,0x4F,0x28,0x4A,0x0D,
    0x50,0x48,0x5C,0x58,0x45,0x48,0x02,0x09,0x08,0x7E,0x52,0x44,0x1F,0x51,0x4A,0x4A,
    0x5E,0x32,0x0F,0x59,0x42,0x4F,0x5A,0x58,0x57,0x05,0x5F,0x5D,0x5A,0x45,0x54,0x46,
    0x53,0x5F,0x0B,0x51,0x5D,0x60,0x00,0x1D,0x45,0x43,0x54,0x44,0x4D,0x47,0x47,0x4D,
    0x17,0x60,0x4D,0x58,0x57,0x1C,0x47,0x4E,0x04,0x4B,0x43,0x5D,0x08,0x5F,0x54,0x51,
    0x53,0x43,0x4A,0x4D,0x5A,0x2E,0x5B,0x03,0x03,0x1C,0x67,0x49,0x04,0x4C,0x5F,0x09,
    0x4D,0x52,0x4E,0x53,0x5A,0x4B,0x4E,0x52,0x42,0x60,0x4C,0x42,0x4F,0x58,0x00,0x1D,
    0xFF,0xEE,0x7C,0x42,0x5F,0x01,0x5D,0x49,0x5F,0x4A,0x57,0x25,0x0F,0x42,0x45,0x1C,
    0x59,0x5C,0x50,0x40,0x5E,0x09,0x41,0x59,0x1A,0x4F,0x50,0x51,0x0B,0x5B,0x56,0x30,
    0x5B,0x54,0x0D,0x1C,0xFF,0xDE,0x7A,0x5F,0x58,0x43,0x56,0x48,0x4C,0x1E,0x4F,0x28,
    0x4A,0x0D,0x46,0x50,0x4B,0x5E,0x50,0x57,0x45,0x4A,0x08,0x46,0x5B,0x4C,0x4F,0x06,
    0x42,0x4D,0x1B,0x2E,0x40,0x59,0x03,0x4C,0x4F,0x4F,0x50,0x4C,0x4F,0x5C,0x44,0x4B,
    0x48,0x4D,0x46,0x06,0x59,0x5B,0x4C,0x21,0x5D,0x49,0x4A,0x52,0x49,0x13,0x04,0x05,
    0x6D,0x47,0x51,0x5D,0x5B,0x58,0x13,0x06,0x00,0x0E,0x46,0x45,0x4E,0x49,0x56,0x48,
    0x4C,0x1E,0x5E,0x38,0x4C,0x44,0x57,0x55,0x40,0x5A,0x04,0x4D,0x4D,0x59,0x58,0x4F,
    0x54,0x52,0x11,0x06,0xFF,0xEC,0x78,0x4F,0x59,0x54,0x53,0x4F,0x4A,0x4C,0x15,0x60,
    0x0F,0x63,0x4C,0x48,0x46,0x54,0x4A,0x42,0x0C,0x5C,0x46,0x4F,0x42,0x51,0x5A,0x45,
    0x5F,0x5B,0x5F,0x60,0x47,0x4C,0x53,0x4C,0x4B,0x53,0x57,0x0B,0xFF,0xE9,0x71,0x45,
    0x4F,0x53,0x1F,0x44,0x44,0x4A,0x4F,0x2C,0x4A,0x0D,0x4A,0x4F,0x0E,0x58,0x49,0x55,
    0x58,0x50,0x08,0x4B,0x54,0x45,0x1F,0x52,0x43,0x5B,0x1B,0x27,0x5D,0x42,0x56,0x52,
    0x4A,0x1D,0x4D,0x56,0x0C,0x5E,0x4D,0x5E,0x14,0x01,0xFF,0xF5,0x71,0x45,0x4F,0x01,
    0x5C,0x47,0x45,0x19,0x4F,0x60,0x5F,0x42,0x56,0x4E,0x0E,0x49,0x4C,0x44,0x58,0x07,
    0xFF,0xFA,0x7F,0x4B,0x4E,0x42,0x57,0x06,0x42,0x4A,0x1A,0x60,0xFF,0xFA,0x7F,0x42,
    0x53,0x42,0x57,0x06,0x5C,0x5F,0x42,0x7F,0xFF,0xDC,0x67,0x42,0x1A,0x45,0x5A,0x47,
    0x59,0x12,0x1B,0x39,0x40,0x58,0x03,0x4F,0x4B,0x58,0x49,0x05,0x58,0x46,0x08,0x42,
    0x5B,0x57,0x5A,0x06,0x4C,0x51,0x4F,0x34,0x4A,0x43,0x03,0x45,0x41,0x48,0x56,0x56,
    0x49,0x45,0x4E,0x0A,0x51,0x48,0x53,0x4A,0x4E,0x5A,0x15,0x60,0x0F,0x64,0x03,0x51,
    0x47,0x5A,0x4C,0x51,0x0C,0x4B,0x4D,0x0A,0x5B,0x43,0x53,0x43,0x0B,0x4A,0x54,0x60,
    0x00,0x24,0x40,0x4F,0x56,0x51,0x1F,0x5F,0x44,0x4B,0x1B,0x2F,0x5A,0x59,0x0F,0x1C,
    0x4C,0x48,0x50,0x05,0x65,0x0E,0x5E,0x4F,0x1A,0x4F,0x5A,0x50,0x4E,0x4C,0x1B,0x32,
    0x4A,0x4C,0x4F,0x50,0x57,0x1D,0x40,0x4A,0x42,0x4C,0x08,0x5E,0x52,0x48,0x4C,0x06,
    0x49,0x5B,0x5D,0x2F,0x5D,0x48,0x0D,0x1C,0x0E,0x79,0x4B,0x05,0x55,0x46,0x5D,0x0A,
    0x4D,0x40,0x51,0x52,0x0B,0x53,0x5E,0x60,0x00,0x0E,0x5C,0x45,0x1A,0x55,0x4D,0x5F,
    0x0B,0x4A,0x54,0x60,0x5D,0x48,0x4A,0x52,0x4D,0x5C,0x56,0x4B,0x4D,0x5D,0x4D,0x0A,
    0x43,0x4E,0x4A,0x19,0xFF,0xE2,0x69,0x46,0x56,0x01,0x4D,0x4F,0x4C,0x56,0x4F,0x6E,
    0x0F,0x0D,0x61,0x49,0x5A,0x1D,0x40,0x4A,0x42,0x0E,0x5C,0x0A,0x58,0x4D,0x5E,0x4B,
    0x4E,0x1E,0x56,0x25,0x0F,0x44,0x45,0x1C,0x5D,0x52,0x49,0x40,0x58,0x41,0x41,0x44,
    0x5D,0x01,0x58,0x49,0x4E,0x4D,0x1B,0x37,0x5D,0x03,0x0D,0x12,0x00,0x13,0x0A,0x05,
    0x00,0x12,0x08,0x0A,0x1A,0x01,0x1F,0x06,0x0B,0x1E,0x1B,0x60,0x0F,0x0D,0x03,0x1C,
    0x0E,0x1D,0x04,0x05,0x0C,0x09,0x05,0x07,0x17,0x01,0x6F,0x69,0x64,0x78,0x1A,0x61,
    0x0F,0x00,0x0E,0x11,0x00,0x23,0x71,0x45,0x4F,0x01,0x5E,0x54,0x4E,0x1E,0x5E,0x2E,
    0x48,0x58,0x4F,0x5A,0x4B,0x59,0x04,0x4C,0x42,0x09,0x49,0x0A,0x59,0x4D,0x50,0x53,
    0x4F,0x1E,0x54,0x26,0x0F,0x42,0x51,0x5D,0x40,0x5A,0x41,0x05,0x5F,0x44,0x47,0x41,
    0x5F,0x0F,0x1F,0x06,0x68,0x51,0x4E,0x27,0x47,0x44,0x4D,0x5B,0x0E,0x5C,0x4A,0x41,
    0x0C,0x4E,0x49,0x59,0x4A,0x48,0x51,0x41,0x07,0x1E,0x00,0x14,0x51,0x45,0x4F,0x01,
    0x5A,0x4B,0x4E,0x4C,0x5C,0x25,0x0F,0x4B,0x51,0x53,0x43,0x1D,0x50,0x4D,0x49,0x09,
    0x5B,0x47,0x55,0x4A,0x5A,0x06,0x4A,0x50,0x5F,0x60,0x49,0x44,0x4D,0x58,0x00,0x13,
    0x0A,0x0B,0xFF,0xDE,0x71,0x45,0x4F,0x01,0x5C,0x4A,0x5E,0x53,0x48,0x39,0x0F,0x42,
    0x42,0x5A,0x02,0x1D,0x5D,0x4A,0x59,0x0E,0x5E,0x4F,0x1A,0x45,0x50,0x48,0x4E,0x1E,
    0x52,0x34,0x0F,0x4C,0x44,0x5D,0x47,0x53,0x05,0x05,0x0C,0x60,0x08,0x4E,0x55,0x4F,
    0x18,0x52,0x0B,0x55,0x55,0x2F,0x58,0x0D,0x4B,0x53,0x59,0x1D,0x48,0x4A,0x42,0x4E,
    0x08,0x63,0x1A,0x42,0x5E,0x48,0x00,0x20,0x43,0x4F,0x5F,0x51,0x1F,0x52,0x43,0x57,
    0x48,0x60,0x5A,0x5D,0x0D,0x1C,0x0E,0x79,0x4B,0x05,0x55,0x46,0x5D,0x0A,0x4D,0x40,
    0x51,0x52,0x0B,0x53,0x5E,0x60,0x5B,0x42,0x03,0x48,0x5C,0x44,0x04,0x57,0x49,0x40,
    0x46,0x49,0x5B,0x53,0x51,0x47,0x5F,0x57,0x55,0x27,0x0F,0x54,0x4C,0x49,0x0E,0x5C,
    0x43,0x44,0x45,0x47,0x17,0x0A,0xFF,0xE3,0x67,0x41,0x5B,0x58,0x13,0x06,0x45,0x51,
    0x4C,0x60,0x58,0x45,0x46,0x4E,0x4B,0x1D,0x40,0x4C,0x48,0x09,0x61,0x0A,0x4A,0x54,
    0x4B,0x06,0x46,0x47,0x1B,0x2F,0x5D,0x4C,0x4D,0x5B,0x4B,0x1D,0x57,0x48,0x43,0x42,
    0x4D,0x15,0x14,0x0F,0x11,0x08,0x0B,0x1E,0x05,0x10,0x60,0x62,0x65,0x1D,0x12,0x1D,
    0x00,0x1D,0x6D,0x5C,0x5F,0x53,0x46,0x52,0x43,0x57,0x55,0x27,0x0F,0x49,0x4A,0x4F,
    0x4F,0x4D,0x54,0x40,0x4D,0x5B,0x5B,0x0A,0x53,0x4F,0x1F,0x47,0x0B,0x5A,0x5E,0x2E,
    0x5C,0x48,0x03,0x5F,0x42,0x52,0x51,0x41,0x0C,0x46,0x4E,0x0A,0x55,0x53,0x5E,0x48,
    0x4C,0x5B,0x1B,0x33,0x42,0x42,0x48,0x59,0x00,0x1D,0xFF,0xDC,0x66,0x45,0x4D,0x01,
    0x46,0x49,0x5E,0x19,0x4D,0x25,0x0F,0x5F,0x46,0x5D,0x42,0x51,0x5D,0x05,0x48,0x46,
    0x46,0x4F,0x1A,0x48,0x4B,0x07,0x0B,0x1E,0x72,0x67,0x42,0x0D,0x4C,0x49,0x5A,0x1D,
    0x4B,0x43,0x0C,0x46,0x5A,0x4B,0x54,0x46,0x5A,0x06,0x58,0x53,0x54,0x2B,0x4A,0x0C,
    0x03,0x1C,0x77,0x52,0x51,0x05,0x48,0x46,0x46,0x0D,0x4E,0x01,0x5A,0x5E,0x5B,0x5B,
    0x58,0x34,0x00,0x22,0x45,0x4F,0x1A,0x55,0x50,0x06,0x4F,0x51,0x1B,0x21,0x0F,0x49,
    0x46,0x5F,0x4B,0x53,0x50,0x05,0x5E,0x4C,0x41,0x44,0x59,0x40,0x4D,0x48,0x4A,0x4A,
    0x52,0x2F,0x41,0x0D,0x54,0x55,0x5A,0x55,0x4B,0x50,0x58,0x09,0x49,0x44,0x43,0x01,
    0x50,0x54,0x4A,0x50,0x5C,0x25,0x0F,0x5E,0x4E,0x53,0x45,0x58,0x08,0x05,0x48,0x46,
    0x08,0x53,0x55,0x54,0x00,0x06,0xFF,0xE3,0x67,0x41,0x5B,0x58,0x13,0x06,0x42,0x58,
    0x1B,0x39,0x40,0x58,0x04,0x4E,0x4B,0x1D,0x57,0x4A,0x0C,0x5A,0x45,0x4B,0x48,0x55,
    0x13,0x06,0x4F,0x51,0x1B,0x29,0x5B,0x0D,0x5A,0x53,0x5B,0x4F,0x57,0x40,0x40,0x4F,
    0x09,0x0A,0x1A,0x68,0x18,0x4B,0x0B,0x52,0x5E,0x21,0x59,0x44,0x4D,0x5B,0x0F,0x1D,
    0xFF,0xE2,0x16,0x14,0x04,0x01,0x52,0x43,0x58,0x4D,0x5A,0x27,0x4A,0x5E,0x03,0x04,
    0x1F,0x1D,0x50,0x4D,0x5E,0x5C,0x08,0x13,0x0A,0x01,0x5E,0x54,0x4E,0x1E,0x49,0x25,
    0x5C,0x48,0x51,0x4A,0x4B,0x59,0x04,0x43,0x43,0x5B,0x08,0x08,0x55,0x43,0x56,0x52,
    0x5E,0x5F,0x49,0x29,0x4A,0x5E,0x01,0x12,0x0E,0x01,0x18,0x19,0xFF,0xDF,0x7B,0x45,
    0x48,0x53,0x46,0x0A,0x0B,0x5C,0x4E,0x34,0x0F,0x64,0x03,0x52,0x41,0x1D,0x48,0x4A,
    0x42,0x4E,0x4D,0x58,0x1A,0x52,0x5A,0x43,0x46,0x1E,0x4F,0x2F,0x0F,0x5F,0x46,0x51,
    0x4B,0x50,0x46,0x40,0x5E,0x09,0x40,0x45,0x4D,0x01,0x56,0x52,0x0B,0x49,0x5A,0x33,
    0x0F,0x54,0x4C,0x49,0x0E,0x5A,0x4B,0x51,0x0C,0x41,0x4D,0x58,0x5F,0x0F,0xFF,0xDD,
    0x71,0x45,0x4F,0x01,0x5C,0x47,0x45,0x19,0x4F,0x60,0x4C,0x4C,0x51,0x4E,0x57,0x1D,
    0x45,0x4B,0x55,0x5D,0x40,0x43,0x54,0x46,0x1F,0x4B,0x44,0x4C,0x5E,0x6E,0x0F,0x0D,
    0x7A,0x53,0x5B,0x1A,0x48,0x49,0x0C,0x41,0x49,0x5C,0x5F,0x01,0x4B,0x49,0x0B,0x5A,
    0x49,0x2F,0x5F,0x0D,0x50,0x53,0x43,0x58,0x50,0x4D,0x45,0x47,0x4F,0x0A,0x5C,0x48,
    0x4D,0x55,0x5F,0x10,0xFF,0xEA,0x71,0x45,0x4F,0x01,0x5C,0x47,0x45,0x19,0x4F,0x60,
    0x48,0x42,0x03,0x48,0x46,0x4F,0x4B,0x50,0x4B,0x41,0x08,0x4B,0x1A,0x4D,0x50,0x45,
    0x40,0x5B,0x5F,0x60,0x5C,0x59,0x46,0x59,0x42,0x1D,0x43,0x57,0x4D,0x5D,0x4D,0x0B,
    0x00,0x00,0x00,0x00,0x00,0x00,0x00,0x00,0x00,0x00,0x00,0x00,0x00,0x00,0x00,0x00,
    0xFF,0xE7,0x61,0x0A,0x58,0x44,0x53,0x4F,0x4E,0x48,0x5E,0x60,0x58,0x45,0x42,0x48,
    0x0E,0x44,0x4B,0x50,0x0C,0x5E,0x49,0x44,0x4E,0x01,0x56,0x55,0x0B,0x4C,0x52,0x27,
    0x47,0x59,0x03,0x54,0x4B,0x4F,0x41,0x05,0x5B,0x40,0x5C,0x42,0x1A,0x58,0x50,0x53,
    0x05,0x1E,0xFF,0xEC,0x71,0x45,0x4F,0x01,0x5B,0x49,0x45,0x19,0x4F,0x60,0x49,0x44,
    0x57,0x1C,0x5A,0x55,0x56,0x4A,0x59,0x4E,0x40,0x0A,0x5B,0x01,0x4B,0x51,0x44,0x13,
    0x52,0x2E,0x4C,0x45,0x03,0x4F,0x42,0x54,0x50,0x04,0xFF,0xDD,0x61,0x0A,0x48,0x44,
    0x4C,0x56,0x4E,0x5D,0x4F,0x26,0x5A,0x41,0x4F,0x45,0x0E,0x4E,0x51,0x42,0x4B,0x4C,
    0x5B,0x5E,0x1A,0x58,0x50,0x53,0x0B,0x59,0x54,0x60,0x4E,0x4E,0x51,0x53,0x5D,0x4E,
    0x04,0x51,0x44,0x4C,0x08,0x48,0x48,0x48,0x5B,0x41,0x4E,0x1E,0x52,0x2E,0x5C,0x59,
    0x46,0x5D,0x4A,0x1D,0x4B,0x43,0x0C,0x43,0x5D,0x47,0x4A,0x48,0x51,0x41,0x05,0x1E,
    0xFF,0xED,0x7C,0x42,0x5F,0x53,0x5A,0x06,0x42,0x4D,0x1B,0x2E,0x40,0x0D,0x54,0x5D,
    0x57,0x1D,0x45,0x46,0x5E,0x46,0x5B,0x59,0x1A,0x55,0x57,0x43,0x0B,0x58,0x52,0x33,
    0x5C,0x58,0x51,0x59,0x00,0x1D,0xFF,0xF0,0x71,0x45,0x4F,0x06,0x4D,0x43,0x0B,0x50,
    0x54,0x34,0x0F,0x4E,0x42,0x4E,0x5C,0x44,0x4D,0x4B,0x4B,0x09,0x49,0x44,0x43,0x55,
    0x57,0x4F,0x45,0x59,0x15,0x60,0xFF,0xEB,0x71,0x45,0x4F,0x01,0x5E,0x54,0x4E,0x1E,
    0x58,0x35,0x5D,0x5F,0x46,0x52,0x5A,0x51,0x5D,0x05,0x44,0x46,0x44,0x4E,0x53,0x4F,
    0x58,0x06,0x5F,0x56,0x5E,0x60,0x49,0x42,0x4F,0x50,0x41,0x4A,0x4D,0x4B,0x4B,0x13,
    0xFF,0xDE,0x61,0x5E,0x1D,0x52,0x1F,0x48,0x44,0x4A,0x1B,0x28,0x5A,0x43,0x44,0x4E,
    0x57,0x1D,0x0C,0x4C,0x58,0x0E,0x5B,0x0A,0x57,0x44,0x4D,0x43,0x47,0x47,0x1B,0x30,
    0x46,0x43,0x4A,0x52,0x09,0x1D,0x42,0x4A,0x5E,0x09,0x5C,0x42,0x5F,0x01,0x59,0x4C,
    0x44,0x4C,0x5F,0x33,0x06,0x03,0x03,0x1C,0x6C,0x58,0x57,0x4C,0x48,0x4C,0x5B,0x06,
    0x1A,0x58,0x50,0x53,0x00,0x0A,0x40,0x4B,0x4C,0x44,0x1F,0x48,0x44,0x1E,0x59,0x29,
    0x5D,0x49,0x03,0x4F,0x4B,0x58,0x40,0x0B,0xFF,0xEC,0x7C,0x42,0x5F,0x01,0x4C,0x48,
    0x4A,0x55,0x5E,0x60,0x47,0x4C,0x50,0x1C,0x40,0x52,0x53,0x05,0x48,0x4C,0x5E,0x45,
    0x4F,0x53,0x5A,0x42,0x0B,0x47,0x54,0x35,0x5D,0x0D,0x41,0x55,0x5C,0x59,0x0A,0x05,
    0xFF,0xE2,0x7C,0x42,0x5F,0x53,0x5A,0x01,0x58,0x1E,0x55,0x2F,0x5B,0x45,0x4A,0x52,
    0x49,0x1D,0x4C,0x40,0x5E,0x4C,0x08,0x43,0x4E,0x01,0x48,0x47,0x45,0x4A,0x48,0x60,
    0x5B,0x42,0x03,0x59,0x4F,0x49,0x04,0x0D,0x49,0x51,0x4B,0x4F,0x4A,0x55,0x1F,0x56,
    0x4E,0x4C,0x53,0x21,0x5F,0x5E,0x03,0x45,0x41,0x48,0x0D,0x0B,0xFF,0xDD,0x71,0x45,
    0x4F,0x01,0x59,0x49,0x44,0x52,0x17,0x60,0x4B,0x5A,0x42,0x4E,0x58,0x58,0x57,0x05,
    0x49,0x48,0x5C,0x0A,0x55,0x4F,0x53,0x5F,0x0B,0x5D,0x54,0x21,0x43,0x0C,0x03,0x1C,
    0x60,0x52,0x53,0x05,0x55,0x46,0x5D,0x0D,0x4C,0x44,0x1F,0x4B,0x4A,0x5A,0x5E,0x60,
    0x47,0x44,0x4E,0x1C,0x04,0x4F,0x41,0x44,0x40,0x45,0x51,0x00,0x1A,0x4C,0x5E,0x42,
    0x0A,0x1F,0xFF,0xEC,0x71,0x45,0x4F,0x01,0x57,0x47,0x5D,0x5B,0x1B,0x2E,0x40,0x59,
    0x4B,0x55,0x40,0x5A,0x04,0x4C,0x42,0x09,0x5F,0x42,0x53,0x42,0x57,0x06,0x5F,0x51,
    0x1B,0x23,0x4E,0x5F,0x51,0x45,0x0E,0x54,0x50,0x0B,0xFF,0xF1,0x71,0x45,0x4F,0x53,
    0x1F,0x44,0x44,0x4A,0x4F,0x2C,0x4A,0x0D,0x4A,0x4F,0x0E,0x5C,0x48,0x57,0x49,0x48,
    0x4C,0x53,0x1A,0x47,0x4A,0x4A,0x47,0x10,0xFF,0xE5,0x7C,0x42,0x5F,0x53,0x5A,0x06,
    0x42,0x4D,0x1B,0x2E,0x40,0x59,0x4B,0x55,0x40,0x5A,0x04,0x4D,0x49,0x5B,0x4D,0x0A,
    0x4D,0x48,0x4B,0x4E,0x0B,0x49,0x53,0x29,0x4C,0x45,0x03,0x48,0x41,0x1D,0x42,0x4C,
    0x40,0x45,0x08,0x5E,0x52,0x44,0x1F,0x44,0x44,0x4A,0x4F,0x2C,0x4A,0x03,0xFF,0xEE,
    0x71,0x45,0x4F,0x53,0x1F,0x44,0x44,0x4A,0x4F,0x2C,0x4A,0x0D,0x4A,0x4F,0x0E,0x53,
    0x4B,0x52,0x0C,0x4F,0x5D,0x46,0x56,0x01,0x50,0x40,0x0B,0x49,0x5A,0x34,0x4A,0x5F,
    0x0D,0x1C,0xFF,0xEF,0x71,0x45,0x4F,0x53,0x1F,0x44,0x44,0x4A,0x4F,0x2C,0x4A,0x0D,
    0x4A,0x4F,0x0E,0x53,0x4B,0x52,0x0C,0x4F,0x5D,0x46,0x56,0x01,0x50,0x40,0x0B,0x51,
    0x52,0x2C,0x01,0x0D,0xFF,0xF5,0x71,0x45,0x4F,0x01,0x5C,0x47,0x45,0x19,0x4F,0x60,
    0x49,0x44,0x4F,0x50,0x0E,0x49,0x4C,0x44,0x58,0x07,0xFF,0xF5,0x6C,0x45,0x54,0x06,
    0x4B,0x06,0x49,0x5B,0x1B,0x32,0x46,0x49,0x4A,0x5F,0x5B,0x51,0x4B,0x50,0x5F,0x08,
    0xFF,0xE7,0x7C,0x42,0x5F,0x01,0x5B,0x49,0x44,0x4C,0x1B,0x29,0x5C,0x0D,0x46,0x44,
    0x5A,0x4F,0x41,0x48,0x49,0x45,0x51,0x0A,0x48,0x54,0x4C,0x52,0x52,0x1E,0x5A,0x2E,
    0x4B,0x0D,0x51,0x59,0x48,0x48,0x57,0x40,0x5F,0x09,0x5C,0x45,0x1A,0x4E,0x4F,0x43,
    0x45,0x10,0xFF,0xDC,0x7C,0x42,0x5F,0x01,0x4F,0x4A,0x4A,0x50,0x4F,0x60,0x46,0x43,
    0x47,0x55,0x49,0x53,0x45,0x4B,0x58,0x45,0x51,0x0A,0x49,0x49,0x5E,0x4D,0x4E,0x4D,
    0x1B,0x34,0x47,0x48,0x03,0x53,0x47,0x51,0x04,0x4A,0x4A,0x4F,0x08,0x43,0x4E,0x52,
    0x1F,0x4A,0x4E,0x5F,0x4D,0x25,0x5C,0x0D,0x42,0x52,0x4A,0x1D,0x45,0x56,0x47,0x5A,
    0x04,0x0A,0x18,0x56,0x5E,0x52,0x4E,0x4C,0x04,0x62,0xFF,0xE1,0x7C,0x42,0x5F,0x01,
    0x57,0x4F,0x45,0x59,0x5E,0x33,0x0F,0x4C,0x51,0x59,0x0E,0x4C,0x51,0x4C,0x58,0x4C,
    0x08,0x5E,0x52,0x4E,0x4D,0x49,0x5E,0x59,0x53,0x2C,0x56,0x0D,0x51,0x49,0x5D,0x49,
    0x41,0x41,0x0C,0x47,0x47,0x5D,0x1A,0x40,0x51,0x42,0x0B,0x49,0x54,0x2E,0x08,0x59,
    0x03,0x5E,0x5B,0x59,0x43,0x40,0x02,0x09,0xFF,0xDF,0x7C,0x42,0x5F,0x01,0x50,0x4F,
    0x47,0x1E,0x53,0x21,0x5C,0x0D,0x45,0x4E,0x4B,0x58,0x40,0x05,0x59,0x59,0x08,0x5E,
    0x52,0x44,0x1F,0x4E,0x42,0x50,0x5C,0x25,0x5C,0x0D,0x50,0x53,0x0E,0x49,0x4C,0x44,
    0x58,0x09,0x5C,0x42,0x5F,0x01,0x5B,0x49,0x44,0x4C,0x1B,0x37,0x46,0x41,0x4F,0x1C,
    0x40,0x52,0x53,0x05,0x41,0x46,0x5E,0x4F,0x16,0x01,0x00,0x12,0x49,0x46,0x4E,0x49,
    0x50,0x53,0x4C,0x56,0x1B,0x29,0x5B,0x0D,0x51,0x59,0x5F,0x48,0x4D,0x57,0x49,0x5A,
    0x08,0x59,0x55,0x4C,0x5A,0x06,0x4E,0x58,0x5D,0x2F,0x5D,0x59,0x0D,0x1C,0xFF,0xDE,
    0x7C,0x42,0x5F,0x01,0x4F,0x4A,0x4A,0x50,0x4F,0x60,0x47,0x4C,0x50,0x1C,0x4B,0x45,
    0x47,0x40,0x5C,0x5D,0x41,0x45,0x54,0x40,0x53,0x4A,0x52,0x1E,0x5F,0x25,0x4A,0x5D,
    0x03,0x4E,0x41,0x52,0x50,0x56,0x0C,0x48,0x46,0x4E,0x1A,0x42,0x5E,0x48,0x45,0x51,
    0x4F,0x60,0x4D,0x48,0x03,0x4C,0x5B,0x51,0x48,0x40,0x48,0x09,0x4E,0x58,0x5F,0x44,
    0x11,0x06,0xFF,0xDF,0x7C,0x42,0x5F,0x01,0x5B,0x51,0x4A,0x4C,0x4D,0x25,0x5C,0x0A,
    0x03,0x57,0x40,0x54,0x52,0x40,0x5F,0x09,0x5E,0x4B,0x54,0x48,0x4C,0x4E,0x0B,0x5F,
    0x48,0x60,0x5B,0x45,0x46,0x45,0x0E,0x4E,0x50,0x57,0x45,0x42,0x4D,0x0A,0x4E,0x49,
    0x5A,0x06,0x5C,0x5F,0x57,0x2C,0x5C,0x0D,0x4C,0x5A,0x0E,0x49,0x4C,0x40,0x0C,0x4A,
    0x49,0x5C,0x5F,0x0F,0xFF,0xDF,0x7B,0x45,0x57,0x44,0x4B,0x4E,0x42,0x50,0x5C,0x60,
    0x56,0x42,0x56,0x1B,0x5C,0x58,0x04,0x46,0x4D,0x5B,0x5A,0x53,0x53,0x4F,0x58,0x06,
    0x5C,0x51,0x55,0x67,0x5B,0x0D,0x45,0x55,0x5A,0x1D,0x50,0x4D,0x5E,0x46,0x5D,0x4D,
    0x52,0x01,0x4B,0x4E,0x4E,0x1E,0x4F,0x35,0x41,0x43,0x46,0x50,0x0E,0x4A,0x4D,0x51,
    0x44,0x09,0x51,0x45,0x4F,0x0F,0x00,0x18,0x71,0x45,0x4F,0x06,0x5B,0x06,0x49,0x5B,
    0x48,0x34,0x0F,0x59,0x42,0x57,0x4B,0x1D,0x4D,0x4B,0x5A,0x4C,0x46,0x5E,0x55,0x53,
    0x46,0x06,0x4A,0x50,0x5F,0x60,0x4B,0x5F,0x4C,0x4C,0x0E,0x4E,0x4B,0x48,0x49,0x5D,
    0x40,0x43,0x54,0x46,0x11,0x06,0xFF,0xE0,0x71,0x45,0x4F,0x01,0x5C,0x47,0x45,0x19,
    0x4F,0x60,0x49,0x44,0x57,0x1C,0x5A,0x55,0x4D,0x56,0x0C,0x4F,0x41,0x5C,0x5F,0x0C,
    0x59,0x49,0x44,0x4A,0x1B,0x23,0x43,0x4C,0x4E,0x1C,0x5A,0x55,0x56,0x4A,0x59,0x4E,
    0x40,0x0A,0x4E,0x49,0x5E,0x52,0x0B,0x52,0x52,0x34,0x5B,0x41,0x46,0x1C,0x5E,0x5C,
    0x57,0x56,0x4D,0x4E,0x4D,0x0B,0xFF,0xDF,0x71,0x45,0x4F,0x01,0x5C,0x47,0x45,0x19,
    0x4F,0x60,0x49,0x44,0x57,0x1C,0x5A,0x55,0x4D,0x56,0x0C,0x4F,0x41,0x5C,0x5F,0x0C,
    0x59,0x49,0x44,0x4A,0x1B,0x2F,0x56,0x5E,0x57,0x59,0x5C,0x1D,0x50,0x4D,0x5E,0x46,
    0x5D,0x4D,0x52,0x01,0x4B,0x4E,0x4A,0x4A,0x1B,0x2C,0x46,0x59,0x57,0x50,0x4B,0x1D,
    0x54,0x44,0x5F,0x5A,0x49,0x4D,0x5F,0x00,0xFF,0xDF,0x61,0x0A,0x5B,0x45,0x49,0x4F,
    0x58,0x5B,0x1B,0x39,0x40,0x58,0x03,0x48,0x41,0x1D,0x54,0x50,0x58,0x09,0x4C,0x45,
    0x4D,0x4F,0x1F,0x52,0x43,0x5B,0x1B,0x23,0x43,0x4C,0x4E,0x1C,0x4C,0x58,0x42,0x4A,
    0x5E,0x4C,0x08,0x45,0x4A,0x44,0x51,0x4F,0x45,0x59,0x1B,0x29,0x5B,0x03,0x03,0x1C,
    0x10,0x6E,0x70,0x77,0x6D,0x60,0x66,0x0B,0x06,0x01,0xFF,0xDE,0x61,0x0A,0x5B,0x45,
    0x49,0x4F,0x58,0x5B,0x1B,0x39,0x40,0x58,0x03,0x48,0x41,0x1D,0x54,0x50,0x58,0x09,
    0x4C,0x45,0x4D,0x4F,0x1F,0x52,0x43,0x5B,0x1B,0x2F,0x56,0x5E,0x57,0x59,0x5C,0x1D,
    0x46,0x40,0x4A,0x46,0x5A,0x4F,0x1A,0x4E,0x4F,0x43,0x45,0x57,0x55,0x27,0x0F,0x44,
    0x57,0x12,0x0E,0x1D,0x1A,0x72,0x7E,0x6C,0x66,0x69,0x72,0x00,0x03,0x06,0xFF,0xE3,
    0x71,0x45,0x4F,0x01,0x5B,0x49,0x45,0x19,0x4F,0x60,0x47,0x4C,0x55,0x59,0x0E,0x5C,
    0x4A,0x5C,0x58,0x41,0x41,0x44,0x5D,0x01,0x4C,0x52,0x59,0x51,0x55,0x27,0x0F,0x48,
    0x4D,0x53,0x5B,0x5A,0x4C,0x05,0x58,0x46,0x08,0x45,0x4A,0x44,0x51,0x06,0x5F,0x56,
    0x5E,0x60,0x4C,0x41,0x42,0x51,0x00,0x1D,0xFF,0xE2,0x71,0x45,0x4F,0x01,0x5B,0x49,
    0x45,0x19,0x4F,0x60,0x47,0x4C,0x55,0x59,0x0E,0x5C,0x4A,0x5C,0x58,0x41,0x41,0x44,
    0x5D,0x01,0x4C,0x52,0x59,0x51,0x55,0x27,0x0F,0x48,0x4D,0x53,0x5B,0x5A,0x4C,0x05,
    0x58,0x46,0x08,0x45,0x4A,0x44,0x51,0x06,0x5F,0x56,0x5E,0x60,0x40,0x54,0x50,0x48,
    0x4B,0x4F,0x0A,0x05,0x00,0x00,0x00,0x00,0x00,0x00,0x00,0x00,0x00,0x00,0x00,0x00,
    0x00,0x00,0x00,0x00,0x00,0x00,0x00,0x00,0x00,0x00,0x00,0x00,0x00,0x00,0x00,0x00,
    0x00,0x00,0x00,0x00,0x00,0x00,0x00,0x00,0x00,0x00,0x00,0x00,0x00,0x00,0x00,0x00,
    0xFF,0xDD,0x69,0x0A,0x5D,0x4D,0x56,0x55,0x5F,0x5B,0x55,0x29,0x41,0x4A,0x03,0x4C,
    0x4B,0x5C,0x56,0x49,0x0C,0x4F,0x49,0x46,0x56,0x52,0x1F,0x49,0x5E,0x4A,0x1B,0x2F,
    0x49,0x0D,0x57,0x54,0x4B,0x1D,0x47,0x49,0x4D,0x44,0x08,0x4B,0x54,0x45,0x1F,0x54,
    0x44,0x52,0x57,0x33,0x0F,0x4C,0x54,0x5D,0x57,0x13,0x04,0x05,0x6B,0x46,0x47,0x4E,
    0x54,0x44,0x4C,0x55,0x07,0x1E,0x00,0x24,0x5C,0x42,0x53,0x52,0x1F,0x4B,0x5E,0x4D,
    0x4F,0x60,0x5D,0x48,0x42,0x50,0x42,0x44,0x04,0x47,0x49,0x09,0x49,0x44,0x1A,0x4E,
    0x46,0x55,0x5F,0x5B,0x49,0x6E,0x0F,0x0D,0x0B,0x75,0x0E,0x53,0x41,0x53,0x49,0x5B,
    0x08,0x5D,0x5B,0x52,0x1F,0x50,0x4E,0x4C,0x42,0x60,0x48,0x42,0x4C,0x58,0x0E,0x5C,
    0x50,0x05,0x45,0x4D,0x4D,0x44,0x4E,0x48,0x59,0x5F,0x42,0x50,0x5C,0x60,0x00,0x1E,
    0x4A,0x43,0x4C,0x40,0x53,0x50,0x4E,0x4D,0x15,0x69,0x0F,0x0D,0x74,0x54,0x4F,0x49,
    0x41,0x53,0x49,0x5B,0x08,0x43,0x4E,0x01,0x56,0x55,0x07,0x1E,0x52,0x34,0x0F,0x45,
    0x42,0x4F,0x0E,0x53,0x4B,0x52,0x0C,0x5A,0x46,0x4B,0x4A,0x51,0x5A,0x42,0x0B,0x4D,
    0x53,0x35,0x5B,0x0D,0x42,0x5B,0x4F,0x54,0x4A,0x0B,0xFF,0xDF,0x7C,0x42,0x5F,0x01,
    0x50,0x5F,0x58,0x4A,0x5E,0x32,0x0F,0x4E,0x51,0x59,0x4F,0x56,0x57,0x05,0x43,0x59,
    0x4D,0x44,0x16,0x01,0x4D,0x43,0x5D,0x5B,0x5A,0x2C,0x46,0x43,0x44,0x1C,0x40,0x52,
    0x50,0x4D,0x45,0x47,0x4F,0x0A,0x58,0x54,0x4B,0x06,0x44,0x47,0x48,0x34,0x4A,0x5F,
    0x03,0x55,0x40,0x4E,0x4D,0x41,0x49,0x07,0x08,0x0A,0x73,0x55,0x00,0x0E,0x58,0x58,
    0x55,0x4C,0x4F,0x52,0x47,0x47,0x1B,0x33,0x41,0x4C,0x53,0x4F,0x0E,0x4E,0x4C,0x50,
    0x58,0x09,0x49,0x4D,0x5B,0x48,0x51,0x08,0xFF,0xDF,0x71,0x45,0x4F,0x01,0x57,0x47,
    0x5D,0x5B,0x1B,0x23,0x5D,0x4C,0x54,0x50,0x4B,0x59,0x04,0x44,0x5E,0x46,0x5D,0x44,
    0x5E,0x01,0x56,0x48,0x0B,0x4D,0x54,0x2D,0x4A,0x0D,0x4F,0x55,0x5A,0x49,0x48,0x40,
    0x0C,0x41,0x47,0x46,0x5F,0x52,0x1F,0x47,0x45,0x5A,0x1B,0x26,0x40,0x58,0x4D,0x58,
    0x0E,0x44,0x4B,0x50,0x5E,0x09,0x5F,0x4B,0x43,0x01,0x00,0x23,0x4A,0x46,0x55,0x42,
    0x54,0x43,0x4F,0x1E,0x59,0x39,0x0F,0x4C,0x03,0x4E,0x4B,0x5E,0x41,0x4B,0x58,0x09,
    0x4B,0x4B,0x4C,0x44,0x12,0x4F,0x45,0x10,0x1B,0x60,0x76,0x42,0x56,0x1C,0x4F,0x4F,
    0x41,0x05,0x42,0x46,0x5F,0x0A,0x58,0x40,0x5C,0x4D,0x0B,0x57,0x55,0x60,0x5B,0x45,
    0x46,0x1C,0x43,0x5C,0x4D,0x4B,0x0C,0x59,0x49,0x59,0x49,0x40,0x58,0x43,0x05,0x1E,
    0xFF,0xE0,0x7C,0x42,0x5F,0x53,0x5A,0x06,0x4A,0x4C,0x5E,0x60,0x49,0x4C,0x4A,0x52,
    0x5A,0x1D,0x56,0x50,0x5F,0x5D,0x44,0x43,0x54,0x46,0x1F,0x48,0x44,0x57,0x48,0x25,
    0x5C,0x0D,0x45,0x4E,0x41,0x50,0x04,0x51,0x44,0x4C,0x08,0x4E,0x5B,0x53,0x54,0x48,
    0x4E,0x4D,0x48,0x60,0x4D,0x48,0x4B,0x55,0x40,0x59,0x04,0x5C,0x43,0x5C,0x06,0x0A,
    0xFF,0xDC,0x67,0x5F,0x4E,0x01,0x59,0x54,0x44,0x53,0x1B,0x34,0x47,0x48,0x03,0x4F,
    0x46,0x5C,0x40,0x4A,0x5B,0x5A,0x08,0x48,0x5F,0x49,0x56,0x48,0x4F,0x1E,0x42,0x2F,
    0x5A,0x0D,0x53,0x53,0x5B,0x53,0x47,0x40,0x5F,0x09,0x49,0x0A,0x58,0x44,0x5E,0x54,
    0x4F,0x5B,0x5F,0x60,0x5F,0x44,0x51,0x5D,0x5A,0x58,0x05,0x05,0x0C,0x0B,0x60,0x4B,
    0x48,0x0D,0x1F,0x4E,0x4A,0x4C,0x17,0x62,0x00,0x23,0x40,0x4F,0x1A,0x42,0x57,0x49,
    0x59,0x4A,0x57,0x25,0x5C,0x01,0x03,0x1E,0x67,0x1A,0x48,0x49,0x0C,0x43,0x5D,0x59,
    0x4E,0x01,0x4B,0x47,0x40,0x5B,0x1B,0x21,0x43,0x41,0x03,0x48,0x46,0x54,0x57,0x05,
    0x4E,0x46,0x47,0x5E,0x43,0x01,0x5E,0x48,0x4F,0x1E,0x53,0x29,0x4B,0x48,0x03,0x55,
    0x5A,0x1D,0x45,0x52,0x4D,0x50,0x08,0x5D,0x53,0x55,0x57,0x06,0x46,0x5B,0x00,0x24,
    0x4B,0x42,0x5F,0x52,0x4B,0x06,0x4F,0x5B,0x5E,0x30,0x0F,0x44,0x4D,0x1C,0x5A,0x55,
    0x41,0x05,0x41,0x48,0x52,0x4F,0x1B,0x03,0x1F,0x06,0x63,0x5B,0x1B,0x33,0x41,0x4C,
    0x57,0x5F,0x46,0x58,0x57,0x05,0x55,0x46,0x5D,0x58,0x1A,0x55,0x4D,0x43,0x4A,0x4D,
    0x4E,0x32,0x4A,0x0D,0x42,0x52,0x4A,0x1D,0x52,0x44,0x42,0x40,0x5B,0x42,0x5F,0x52,
    0x1F,0x4F,0x45,0x4A,0x54,0x60,0x00,0x06,0x5C,0x42,0x5F,0x01,0x58,0x4A,0x44,0x51,
    0x56,0x6E,0xFF,0xDC,0x69,0x0A,0x49,0x44,0x4F,0x53,0x47,0x5D,0x53,0x32,0x4E,0x41,
    0x03,0x4A,0x41,0x54,0x47,0x40,0x0C,0x5B,0x4D,0x5C,0x5F,0x53,0x5D,0x43,0x59,0x5F,
    0x4F,0x29,0x41,0x4A,0x03,0x48,0x46,0x4F,0x4B,0x50,0x4B,0x41,0x08,0x5E,0x52,0x44,
    0x1F,0x45,0x4A,0x48,0x5E,0x6C,0x0F,0x5E,0x42,0x45,0x5D,0x11,0x04,0x07,0x6F,0x48,
    0x5E,0x4F,0x1A,0x42,0x53,0x49,0x58,0x57,0x55,0x27,0x00,0x20,0x5B,0x45,0x55,0x4F,
    0x11,0x06,0x0B,0x7F,0x57,0x2C,0x0F,0x4C,0x47,0x4A,0x4B,0x53,0x50,0x50,0x5E,0x4C,
    0x5A,0x59,0x1A,0x44,0x47,0x4F,0x5F,0x1E,0x52,0x2D,0x42,0x48,0x47,0x55,0x4F,0x49,
    0x41,0x49,0x55,0x09,0x5C,0x42,0x48,0x4E,0x4A,0x41,0x43,0x1E,0x56,0x21,0x46,0x43,
    0x03,0x53,0x48,0x5B,0x4D,0x46,0x49,0x07,0x0A,0x0A,0xFF,0xE1,0x69,0x0A,0x57,0x58,
    0x4C,0x52,0x4E,0x4C,0x52,0x2F,0x5A,0x5E,0x03,0x4E,0x4B,0x5E,0x4B,0x57,0x48,0x4C,
    0x4C,0x0A,0x4C,0x4E,0x56,0x45,0x4E,0x1E,0x5C,0x32,0x40,0x4C,0x4D,0x4F,0x0E,0x54,
    0x4A,0x51,0x43,0x09,0x44,0x43,0x5C,0x44,0x1F,0x47,0x45,0x5A,0x1B,0x21,0x41,0x43,
    0x4C,0x49,0x40,0x5E,0x41,0x56,0x16,0x09,0x00,0x1D,0x08,0x0A,0x1A,0x03,0x6B,0x4E,
    0x42,0x4D,0x1B,0x25,0x57,0x44,0x57,0x1C,0x47,0x4E,0x04,0x46,0x40,0x46,0x5B,0x4F,
    0x5E,0x0F,0x1F,0x06,0x7B,0x52,0x5E,0x21,0x5C,0x48,0x03,0x50,0x4B,0x5C,0x52,0x40,
    0x0C,0x5F,0x41,0x4B,0x1A,0x4C,0x5E,0x4F,0x45,0x1E,0x54,0x26,0x49,0x44,0x40,0x59,
    0x00,0x1F,0xFF,0xDC,0x61,0x5E,0x1A,0x4D,0x50,0x49,0x40,0x4D,0x1B,0x21,0x5C,0x0D,
    0x57,0x54,0x41,0x48,0x43,0x4D,0x0C,0x50,0x47,0x5F,0x1D,0x53,0x5A,0x06,0x4F,0x5B,
    0x5A,0x24,0x01,0x0D,0x03,0x6B,0x4B,0x51,0x48,0x09,0x0C,0x5A,0x4D,0x4F,0x53,0x4F,
    0x58,0x06,0x4A,0x4D,0x1B,0x28,0x40,0x5A,0x03,0x55,0x5A,0x1A,0x57,0x05,0x5F,0x46,
    0x08,0x49,0x56,0x4E,0x4C,0x43,0x0B,0x4A,0x54,0x60,0x00,0x1C,0x4B,0x46,0x55,0x52,
    0x56,0x48,0x4C,0x1E,0x4F,0x29,0x42,0x48,0x03,0x5D,0x40,0x44,0x53,0x44,0x55,0x05,
    0x08,0x63,0x1A,0x55,0x57,0x4F,0x45,0x55,0x1B,0x37,0x4A,0x0A,0x4F,0x50,0x0E,0x57,
    0x51,0x56,0x58,0x09,0x4B,0x4B,0x56,0x4D,0x1F,0x4F,0x5F,0x1E,0x5A,0x60,0x4B,0x4C,
    0x5A,0x12,0xFF,0xDC,0x7C,0x42,0x5F,0x01,0x4C,0x43,0x5B,0x4B,0x57,0x23,0x47,0x5F,
    0x42,0x50,0x0E,0x4B,0x4B,0x4C,0x4F,0x4C,0x08,0x4F,0x54,0x55,0x50,0x48,0x4E,0x4D,
    0x17,0x60,0x0D,0x79,0x4B,0x59,0x0E,0x5E,0x45,0x53,0x49,0x09,0x41,0x59,0x1A,0x4F,
    0x50,0x51,0x0B,0x5D,0x57,0x2F,0x5C,0x48,0x47,0x12,0x0C,0x1D,0x04,0x64,0x5F,0x09,
    0x5C,0x42,0x5F,0x01,0x5A,0x45,0x43,0x51,0x5E,0x33,0x00,0x23,0x4E,0x4B,0x5E,0x44,
    0x13,0x06,0x5F,0x56,0x5E,0x32,0x4A,0x0D,0x4A,0x4F,0x0E,0x5C,0x04,0x47,0x40,0x40,
    0x46,0x4E,0x53,0x4F,0x58,0x06,0x4D,0x52,0x5A,0x33,0x47,0x0D,0x4C,0x5A,0x0E,0x51,
    0x4D,0x42,0x44,0x5D,0x08,0x02,0x5B,0x4F,0x5B,0x06,0x4A,0x1E,0x48,0x2D,0x4E,0x41,
    0x4F,0x1C,0x5E,0x48,0x42,0x43,0x0C,0x46,0x4E,0x0A,0x55,0x53,0x5E,0x48,0x4C,0x5B,
    0x00,0x22,0x5B,0x47,0x55,0x4A,0x5A,0x0F,0x05,0x1E,0x15,0x60,0x01,0x0D,0x0D,0x1C,
    0x0E,0x1D,0x04,0x64,0x5F,0x09,0x51,0x45,0x4F,0x53,0x1F,0x43,0x52,0x5B,0x48,0x60,
    0x5D,0x48,0x45,0x53,0x4D,0x48,0x57,0x09,0x0C,0x50,0x47,0x5F,0x1A,0x4D,0x50,0x49,
    0x40,0x1E,0x5A,0x32,0x40,0x58,0x4D,0x58,0x0E,0x5C,0x4A,0x41,0x0C,0x4F,0x41,0x44,
    0x5E,0x0F,0x11,0x08,0xFF,0xDD,0x7C,0x42,0x5F,0x53,0x5A,0x06,0x42,0x4D,0x1B,0x21,
    0x0F,0x41,0x4C,0x49,0x4A,0x1D,0x41,0x5D,0x5C,0x45,0x47,0x59,0x53,0x4E,0x51,0x0A,
    0x0B,0x5F,0x55,0x24,0x0F,0x4C,0x03,0x48,0x59,0x58,0x4A,0x51,0x55,0x04,0x4E,0x45,
    0x55,0x55,0x1F,0x4E,0x44,0x52,0x5E,0x60,0x4E,0x5D,0x53,0x59,0x4F,0x4F,0x57,0x05,
    0x45,0x47,0x08,0x5E,0x52,0x44,0x1F,0x40,0x4A,0x4C,0x00,0x23,0x5F,0x4B,0x56,0x4D,
    0x13,0x06,0x49,0x4B,0x49,0x39,0x46,0x43,0x44,0x1C,0x5A,0x55,0x41,0x05,0x48,0x5E,
    0x49,0x58,0x4C,0x44,0x4C,0x06,0x42,0x50,0x1B,0x34,0x47,0x48,0x03,0x4E,0x5B,0x5F,
    0x46,0x49,0x49,0x07,0x08,0x0A,0x63,0x4E,0x4A,0x06,0x46,0x5F,0x49,0x23,0x47,0x0D,
    0x57,0x54,0x5C,0x52,0x51,0x42,0x44,0x09,0x5C,0x42,0x5F,0x01,0x57,0x49,0x47,0x5B,
    0x00,0x20,0x49,0x44,0x5E,0x01,0x59,0x4F,0x45,0x5A,0x1B,0x39,0x40,0x58,0x51,0x4F,
    0x4B,0x51,0x42,0x05,0x45,0x47,0x08,0x5E,0x52,0x44,0x1F,0x4B,0x4A,0x57,0x55,0x60,
    0x40,0x4B,0x45,0x55,0x4D,0x58,0x08,0x05,0x5B,0x41,0x4D,0x58,0x5F,0x01,0x5E,0x06,
    0x48,0x56,0x5E,0x25,0x5D,0x44,0x4D,0x5B,0x0E,0x5F,0x45,0x4B,0x48,0x09,0x47,0x4C,
    0x00,0x23,0x4E,0x58,0x53,0x44,0x51,0x42,0x47,0x47,0x1B,0x25,0x43,0x5B,0x46,0x4F,
    0x0E,0x5E,0x45,0x57,0x5E,0x50,0x08,0x5E,0x52,0x44,0x1F,0x45,0x44,0x50,0x4A,0x35,
    0x4A,0x5F,0x4A,0x52,0x49,0x1D,0x45,0x41,0x5A,0x4C,0x46,0x5E,0x4F,0x53,0x5A,0x54,
    0x0B,0x51,0x5D,0x26,0x0F,0x44,0x4D,0x48,0x41,0x1D,0x50,0x4D,0x49,0x09,0x5B,0x5F,
    0x54,0x52,0x5A,0x52,0x05,0x1E,0xFF,0xDD,0x7C,0x42,0x5F,0x53,0x5A,0x06,0x42,0x4D,
    0x1B,0x21,0x0F,0x41,0x4C,0x49,0x4A,0x1D,0x41,0x5D,0x5C,0x45,0x47,0x59,0x53,0x4E,
    0x51,0x0A,0x0B,0x5F,0x55,0x24,0x0F,0x4C,0x03,0x48,0x59,0x58,0x4A,0x51,0x55,0x04,
    0x4E,0x45,0x55,0x55,0x1F,0x4E,0x44,0x52,0x5E,0x60,0x4E,0x5D,0x53,0x59,0x4F,0x4F,
    0x57,0x05,0x45,0x47,0x08,0x5E,0x52,0x44,0x1F,0x40,0x4A,0x4C,0x00,0x00,0x00,0x00,
    0x00,0x00,0x00,0x00,0x00,0x00,0x00,0x00,0x00,0x00,0x00,0x00,0x00,0x00,0x00,0x00,
    0x00,0x00,0x00,0x00,0x00,0x00,0x00,0x00,0x00,0x00,0x00,0x00,0x00,0x00,0x00,0x00,
    0x00,0x00,0x00,0x00,0x00,0x00,0x00,0x00,0x00,0x00,0x00,0x00,0x00,0x00,0x00,0x00,
    0x00,0x00,0x00,0x00,0x00,0x00,0x00,0x00,0x00,0x00,0x00,0x00,0x00,0x00,0x00,0x00,
    0x00,0x24,0x5F,0x4B,0x56,0x4D,0x13,0x06,0x49,0x4B,0x49,0x39,0x46,0x43,0x44,0x1C,
    0x5A,0x55,0x41,0x05,0x5F,0x47,0x49,0x41,0x5F,0x52,0x1F,0x4F,0x45,0x1E,0x4F,0x28,
    0x4A,0x0D,0x51,0x49,0x4C,0x5F,0x48,0x40,0x02,0x09,0x08,0x6B,0x1A,0x53,0x56,0x50,
    0x4E,0x4C,0x1B,0x2F,0x49,0x0D,0x4E,0x53,0x42,0x49,0x41,0x4B,0x0C,0x45,0x49,0x5C,
    0x5B,0x01,0x4F,0x49,0x5E,0x4C,0x48,0x60,0x00,0x24,0x41,0x44,0x1A,0x55,0x57,0x54,
    0x44,0x4B,0x5C,0x28,0x0F,0x59,0x4B,0x59,0x0E,0x55,0x4B,0x49,0x49,0x05,0x08,0x4E,
    0x5F,0x52,0x4B,0x54,0x44,0x47,0x52,0x2E,0x48,0x0D,0x46,0x4A,0x4B,0x4F,0x5D,0x51,
    0x44,0x40,0x46,0x4D,0x1A,0x48,0x51,0x06,0x42,0x4A,0x48,0x60,0x5F,0x4C,0x57,0x54,
    0x02,0x1D,0x4D,0x4B,0x4F,0x45,0x5D,0x4E,0x53,0x4F,0x58,0x06,0x52,0x51,0x4E,0x61,
    0xFF,0xDD,0x7C,0x42,0x5F,0x53,0x5A,0x06,0x42,0x4D,0x1B,0x21,0x0F,0x41,0x4C,0x49,
    0x4A,0x1D,0x41,0x5D,0x5C,0x45,0x47,0x59,0x53,0x4E,0x51,0x0A,0x0B,0x5F,0x55,0x24,
    0x0F,0x54,0x4C,0x49,0x0E,0x5C,0x56,0x40,0x0C,0x5A,0x5D,0x4E,0x5E,0x44,0x51,0x4A,
    0x52,0x1E,0x48,0x30,0x43,0x4C,0x50,0x54,0x4B,0x59,0x04,0x44,0x4F,0x5B,0x47,0x59,
    0x49,0x01,0x4B,0x4E,0x4E,0x1E,0x00,0x0A,0x5F,0x4B,0x56,0x4D,0x4C,0x06,0x44,0x58,
    0x1B,0x34,0x47,0x48,0x03,0x4E,0x41,0x52,0x49,0x0B,0xFF,0xDC,0x7C,0x42,0x5F,0x01,
    0x4D,0x43,0x58,0x4B,0x57,0x34,0x46,0x43,0x44,0x1C,0x5C,0x48,0x47,0x4E,0x59,0x5A,
    0x08,0x42,0x5B,0x52,0x1F,0x47,0x5C,0x5F,0x50,0x25,0x41,0x48,0x47,0x1C,0x5A,0x55,
    0x41,0x05,0x48,0x5E,0x49,0x58,0x4C,0x44,0x4C,0x08,0x0B,0x1E,0x6F,0x28,0x4A,0x5F,
    0x46,0x1C,0x4F,0x4F,0x41,0x05,0x42,0x46,0x5F,0x0A,0x49,0x44,0x49,0x43,0x59,0x5F,
    0x57,0x60,0x00,0x23,0x5C,0x42,0x48,0x44,0x5E,0x52,0x4E,0x50,0x52,0x2E,0x48,0x0D,
    0x4F,0x55,0x5A,0x49,0x48,0x40,0x0C,0x4D,0x5F,0x4B,0x48,0x57,0x5A,0x55,0x0B,0x57,
    0x55,0x60,0x5B,0x45,0x46,0x1C,0x5C,0x52,0x4B,0x48,0x0C,0x5E,0x41,0x5E,0x52,0x01,
    0x46,0x49,0x5E,0x1F,0x1B,0x60,0x62,0x42,0x50,0x48,0x0E,0x52,0x42,0x05,0x58,0x41,
    0x4D,0x47,0x1A,0x55,0x57,0x54,0x44,0x49,0x00,0x13,0x43,0x44,0x53,0x57,0x5A,0x55,
    0x0B,0x5F,0x4F,0x60,0x56,0x42,0x56,0x1D,0x0E,0x1D,0x65,0x49,0x40,0x09,0x47,0x4C,
    0x1A,0x55,0x57,0x43,0x46,0x1E,0x5C,0x25,0x5B,0x0D,0x5A,0x53,0x5B,0x1C,0xFF,0xEC,
    0x67,0x42,0x16,0x01,0x53,0x43,0x4A,0x48,0x5E,0x60,0x5B,0x45,0x46,0x1C,0x5E,0x52,
    0x4B,0x57,0x0C,0x5C,0x46,0x42,0x5B,0x51,0x4F,0x5F,0x0B,0x5C,0x52,0x32,0x4B,0x0D,
    0x42,0x50,0x41,0x53,0x41,0x0B,0xFF,0xE4,0x61,0x0A,0x5E,0x40,0x4D,0x43,0x58,0x5F,
    0x42,0x60,0x58,0x45,0x42,0x48,0x4B,0x4B,0x41,0x57,0x0C,0x50,0x47,0x5F,0x1A,0x56,
    0x5E,0x48,0x5F,0x1E,0x52,0x33,0x0F,0x4C,0x51,0x53,0x5B,0x53,0x40,0x05,0x44,0x4C,
    0x5A,0x4F,0x1A,0x52,0x50,0x4B,0x4E,0x49,0x53,0x25,0x5D,0x48,0x0D,0x1C,0xFF,0xDE,
    0x61,0x0A,0x5E,0x4E,0x51,0x01,0x5F,0x1E,0x50,0x2E,0x40,0x5A,0x03,0x48,0x46,0x58,
    0x04,0x52,0x43,0x5B,0x4C,0x0A,0x18,0x52,0x4B,0x49,0x5B,0x1C,0x15,0x60,0x0F,0x78,
    0x50,0x59,0x0E,0x1F,0x55,0x50,0x45,0x5D,0x0A,0x0A,0x53,0x47,0x1F,0x5F,0x44,0x4B,
    0x1B,0x37,0x4E,0x43,0x57,0x1C,0x5A,0x52,0x04,0x42,0x45,0x5F,0x4D,0x0A,0x4F,0x51,
    0x11,0x06,0xFF,0xF0,0x71,0x45,0x4F,0x01,0x5C,0x47,0x45,0x19,0x4F,0x60,0x48,0x48,
    0x57,0x1C,0x5A,0x55,0x41,0x57,0x49,0x09,0x4E,0x58,0x55,0x4C,0x1F,0x4E,0x4E,0x4C,
    0x5E,0x6E,0xFF,0xE6,0x71,0x45,0x4F,0x01,0x5E,0x54,0x4E,0x1E,0x59,0x25,0x46,0x43,
    0x44,0x1C,0x48,0x52,0x48,0x49,0x43,0x5E,0x4D,0x4E,0x1A,0x43,0x46,0x06,0x4A,0x1E,
    0x4D,0x25,0x5D,0x54,0x03,0x50,0x4F,0x4F,0x43,0x40,0x00,0x09,0x5C,0x4B,0x57,0x44,
    0x1F,0x44,0x4E,0x5F,0x49,0x6E,0xFF,0xDC,0x61,0x4C,0x1A,0x58,0x50,0x53,0x0B,0x49,
    0x5A,0x2E,0x5B,0x0D,0x57,0x53,0x0E,0x58,0x4A,0x41,0x0C,0x50,0x47,0x5F,0x48,0x01,
    0x5E,0x42,0x5D,0x5B,0x55,0x34,0x5A,0x5F,0x46,0x1C,0x4B,0x5C,0x56,0x49,0x55,0x05,
    0x08,0x59,0x5B,0x58,0x1F,0x04,0x5A,0x4B,0x52,0x34,0x0D,0x03,0x03,0x1C,0x7A,0x52,
    0x04,0x56,0x59,0x5A,0x58,0x4F,0x54,0x45,0x1F,0x5F,0x44,0x4B,0x49,0x60,0x00,0x22,
    0x49,0x4E,0x4C,0x44,0x51,0x52,0x5E,0x4C,0x5E,0x60,0x5C,0x42,0x03,0x45,0x41,0x48,
    0x04,0x46,0x4D,0x47,0x08,0x49,0x55,0x4F,0x4B,0x4F,0x45,0x4B,0x5E,0x60,0x43,0x4C,
    0x57,0x59,0x5C,0x11,0x04,0x56,0x4D,0x50,0x08,0x08,0x49,0x54,0x4C,0x56,0x4E,0x50,
    0x5F,0x62,0x0F,0x05,0x4C,0x4E,0x0E,0x1F,0x54,0x44,0x59,0x5A,0x4D,0x08,0x1A,0x4E,
    0x4D,0x06,0x00,0x21,0x0A,0x59,0x5B,0x57,0x5A,0x04,0x02,0x10,0x1B,0x09,0x0F,0x5A,
    0x4A,0x50,0x42,0x1D,0x57,0x44,0x5A,0x4C,0x08,0x53,0x55,0x54,0x4D,0x06,0x58,0x4A,
    0x5A,0x34,0x4A,0x0D,0x4A,0x52,0x0E,0x49,0x4C,0x40,0x0C,0x4F,0x41,0x46,0x5F,0x01,
    0x50,0x40,0x0B,0x47,0x54,0x35,0x5D,0x0D,0x40,0x54,0x41,0x54,0x47,0x40,0x02,0x09,
    0x08,0x63,0x54,0x01,0x00,0x23,0x47,0x58,0x5E,0x44,0x4D,0x06,0x5F,0x51,0x1B,0x32,
    0x4A,0x5E,0x56,0x51,0x4B,0x1D,0x45,0x05,0x5F,0x5C,0x5B,0x5A,0x5F,0x4F,0x5B,0x43,
    0x4F,0x1E,0x5A,0x24,0x59,0x48,0x4D,0x48,0x5B,0x4F,0x41,0x09,0x0C,0x5B,0x5D,0x44,
    0x1A,0x55,0x57,0x43,0x0B,0x4E,0x49,0x2F,0x48,0x5F,0x42,0x51,0x0E,0x5C,0x57,0x05,
    0x59,0x5A,0x5D,0x4B,0x56,0x01,0x5E,0x48,0x4F,0x12,0x00,0x23,0x69,0x79,0x1A,0x78,
    0x70,0x73,0x79,0x1E,0x6D,0x05,0x7D,0x74,0x03,0x7A,0x67,0x6F,0x77,0x71,0x0C,0x6A,
    0x67,0x67,0x77,0x60,0x71,0x62,0x07,0x1E,0x1B,0x33,0x4E,0x54,0x03,0x1E,0x5C,0x58,
    0x57,0x51,0x43,0x5B,0x4D,0x08,0x1A,0x09,0x50,0x56,0x5F,0x57,0x54,0x2E,0x4E,0x41,
    0x4F,0x45,0x0E,0x5B,0x4B,0x49,0x40,0x46,0x5F,0x4F,0x5E,0x01,0x5D,0x5F,0x0B,0x5F,
    0x00,0x24,0x4E,0x43,0x56,0x44,0x51,0x47,0x46,0x5B,0x12,0x6E,0x0F,0x0D,0x77,0x53,
    0x0E,0x4E,0x41,0x40,0x0C,0x5E,0x40,0x4B,0x4E,0x01,0x57,0x49,0x5E,0x4C,0x48,0x60,
    0x5B,0x45,0x46,0x1C,0x4D,0x5C,0x52,0x40,0x0C,0x40,0x5B,0x0A,0x54,0x4E,0x4D,0x4B,
    0x4A,0x52,0x57,0x39,0x0F,0x42,0x53,0x59,0x40,0x11,0x04,0x56,0x4D,0x50,0x08,0x08,
    0x52,0x4E,0x4A,0x54,0x58,0x1C,0x15,0x60,0x00,0x23,0x7C,0x45,0x1A,0x52,0x5A,0x43,
    0x0B,0x56,0x54,0x37,0x0F,0x5A,0x46,0x50,0x42,0x1D,0x5D,0x4A,0x59,0x0E,0x5A,0x4F,
    0x1A,0x45,0x50,0x4F,0x45,0x59,0x17,0x60,0x5C,0x4C,0x5A,0x1C,0x0C,0x4E,0x47,0x4A,
    0x5E,0x4C,0x0A,0x04,0x1A,0x01,0x6B,0x49,0x0B,0x59,0x5E,0x34,0x0F,0x4B,0x56,0x50,
    0x42,0x1D,0x47,0x57,0x49,0x4D,0x41,0x5E,0x1A,0x47,0x50,0x54,0x0B,0x5F,0x00,0x24,
    0x5C,0x58,0x5F,0x40,0x4C,0x53,0x59,0x5B,0x17,0x60,0x56,0x42,0x56,0x1C,0x43,0x48,
    0x57,0x51,0x0C,0x41,0x49,0x5C,0x5F,0x01,0x53,0x43,0x4D,0x4A,0x1B,0x29,0x5B,0x0D,
    0x50,0x5D,0x48,0x58,0x48,0x5C,0x0C,0x40,0x46,0x0A,0x4E,0x49,0x5A,0x06,0x49,0x4B,
    0x52,0x2C,0x4B,0x44,0x4D,0x5B,0x02,0x1D,0x50,0x4D,0x43,0x5C,0x4F,0x42,0x1A,0x58,
    0x50,0x53,0x0B,0x59,0x5E,0x34,0x00,0x22,0x58,0x4B,0x48,0x55,0x56,0x47,0x47,0x1E,
    0x58,0x32,0x4A,0x49,0x4A,0x48,0x0E,0x57,0x51,0x56,0x58,0x09,0x4E,0x45,0x48,0x01,
    0x53,0x49,0x48,0x5F,0x4F,0x29,0x41,0x4A,0x03,0x55,0x5A,0x13,0x04,0x05,0x75,0x46,
    0x5D,0x0A,0x56,0x4E,0x4C,0x43,0x0B,0x4E,0x54,0x29,0x41,0x59,0x50,0x1C,0x48,0x52,
    0x56,0x05,0x4B,0x4C,0x5C,0x5E,0x53,0x4F,0x58,0x06,0x00,0x24,0x43,0x43,0x56,0x4D,
    0x5A,0x42,0x07,0x1E,0x54,0x32,0x0F,0x4B,0x4C,0x4E,0x0E,0x4C,0x51,0x4C,0x58,0x5D,
    0x41,0x44,0x5D,0x0D,0x1F,0x52,0x43,0x51,0x4E,0x27,0x47,0x0D,0x57,0x54,0x4B,0x1D,
    0x42,0x4A,0x5E,0x44,0x4D,0x58,0x1A,0x42,0x50,0x55,0x5F,0x4D,0x1B,0x39,0x40,0x58,
    0x03,0x51,0x41,0x4F,0x41,0x0B,0x0C,0x09,0x7C,0x42,0x5F,0x53,0x5A,0x06,0x4A,0x4C,
    0x5E,0x60,0x00,0x23,0x49,0x46,0x49,0x4E,0x1F,0x56,0x44,0x57,0x55,0x34,0x5C,0x0D,
    0x41,0x5D,0x5D,0x58,0x40,0x05,0x43,0x47,0x08,0x42,0x55,0x56,0x1F,0x4B,0x5E,0x5D,
    0x53,0x60,0x07,0x44,0x45,0x1C,0x4F,0x53,0x5D,0x0C,0x0C,0x46,0x4E,0x0A,0x4E,0x49,
    0x5A,0x06,0x48,0x5F,0x4D,0x25,0x0F,0x54,0x4C,0x49,0x09,0x4B,0x41,0x05,0x41,0x48,
    0x46,0x4B,0x5D,0x44,0x5B,0x06,0x5F,0x51,0x00,0x24,0x4D,0x52,0x4A,0x4D,0x50,0x54,
    0x4E,0x05,0x1B,0x29,0x41,0x0D,0x53,0x5D,0x5C,0x49,0x4D,0x46,0x59,0x45,0x49,0x58,
    0x16,0x01,0x4B,0x4E,0x4E,0x4C,0x5E,0x60,0x46,0x5E,0x03,0x5D,0x0E,0x51,0x45,0x57,
    0x4B,0x4C,0x08,0x48,0x55,0x4F,0x4A,0x55,0x0B,0x54,0x4E,0x33,0x5B,0x0D,0x45,0x53,
    0x5C,0x1D,0x43,0x40,0x58,0x5D,0x41,0x44,0x5D,0x01,0x56,0x48,0x0B,0x16,0x4F,0x2F,
    0x00,0x23,0x4C,0x43,0x49,0x55,0x56,0x48,0x4C,0x4B,0x52,0x33,0x47,0x0D,0x57,0x54,
    0x4B,0x1D,0x46,0x40,0x4B,0x40,0x46,0x44,0x5F,0x53,0x4C,0x06,0x4D,0x4C,0x54,0x2D,
    0x0F,0x59,0x4B,0x59,0x0E,0x4F,0x41,0x56,0x58,0x09,0x47,0x4C,0x1A,0x55,0x57,0x43,
    0x0B,0x4E,0x5A,0x23,0x44,0x04,0x0F,0x1C,0x4F,0x53,0x40,0x05,0x58,0x41,0x4D,0x58,
    0x5F,0x01,0x5E,0x54,0x4E,0x1E,0x00,0x23,0x47,0x5E,0x52,0x44,0x4D,0x06,0x5C,0x5F,
    0x42,0x33,0x0F,0x59,0x4C,0x1C,0x4A,0x58,0x50,0x40,0x5E,0x44,0x41,0x44,0x5F,0x01,
    0x48,0x4E,0x4E,0x4A,0x53,0x25,0x5D,0x0D,0x5A,0x53,0x5B,0x1A,0x52,0x40,0x0C,0x4B,
    0x4D,0x4F,0x54,0x01,0x4B,0x4E,0x59,0x51,0x4E,0x27,0x47,0x0D,0x50,0x53,0x43,0x58,
    0x04,0x4A,0x4A,0x09,0x5C,0x42,0x5F,0x01,0x52,0x49,0x59,0x5B,0x00,0x24,0x40,0x4B,
    0x48,0x53,0x50,0x51,0x42,0x50,0x5C,0x60,0x5C,0x48,0x40,0x48,0x47,0x52,0x4A,0x56,
    0x02,0x09,0x08,0x63,0x5C,0x01,0x46,0x49,0x5E,0x1E,0x4F,0x28,0x46,0x43,0x48,0x1C,
    0x57,0x52,0x51,0x02,0x5A,0x4C,0x08,0x4C,0x55,0x54,0x51,0x42,0x0B,0x5F,0x57,0x2C,
    0x0F,0x59,0x4B,0x59,0x0E,0x49,0x56,0x40,0x4D,0x5A,0x5D,0x58,0x5F,0x52,0x13,0x06,
    0x41,0x4B,0x48,0x34,0x00,0x00,0x00,0x00,0x00,0x00,0x00,0x00,0x00,0x00,0x00,0x00,
    0x00,0x21,0x43,0x4F,0x5F,0x51,0x1F,0x43,0x53,0x4E,0x57,0x2F,0x5D,0x44,0x4D,0x5B,
    0x0E,0x5B,0x4B,0x57,0x0C,0x48,0x08,0x5D,0x52,0x48,0x53,0x43,0x05,0x1E,0x1B,0x09,
    0x49,0x0D,0x4D,0x53,0x5A,0x55,0x4D,0x4B,0x4B,0x09,0x41,0x44,0x4E,0x44,0x4D,0x43,
    0x58,0x4A,0x52,0x2E,0x48,0x0D,0x4B,0x5D,0x5E,0x4D,0x41,0x4B,0x5F,0x05,0x08,0x53,
    0x55,0x54,0x00,0x24,0x40,0x4B,0x4C,0x44,0x51,0x01,0x5F,0x1E,0x5D,0x2F,0x5A,0x43,
    0x47,0x1C,0x5A,0x55,0x41,0x48,0x0C,0x48,0x44,0x46,0x1A,0x58,0x5A,0x52,0x05,0x1E,
    0x72,0x26,0x0F,0x5E,0x4C,0x51,0x4B,0x49,0x4C,0x4C,0x42,0x4E,0x08,0x43,0x54,0x55,
    0x5A,0x54,0x4E,0x4D,0x4F,0x29,0x41,0x4A,0x03,0x16,0x4A,0x52,0x41,0x56,0x06,0x09,
    0x40,0x4B,0x4A,0x51,0x5A,0x48,0x07,0x1E,0x52,0x34,0x00,0x23,0x45,0x4F,0x5B,0x4F,
    0x4C,0x06,0x52,0x51,0x4E,0x67,0x5D,0x48,0x03,0x5B,0x4B,0x49,0x50,0x4C,0x42,0x4E,
    0x08,0x4B,0x1A,0x43,0x50,0x48,0x5E,0x4D,0x1B,0x21,0x41,0x49,0x03,0x54,0x4F,0x4B,
    0x41,0x05,0x4D,0x47,0x08,0x45,0x4A,0x51,0x50,0x54,0x5F,0x4B,0x55,0x29,0x5B,0x54,
    0x03,0x48,0x41,0x1D,0x43,0x44,0x5E,0x47,0x4D,0x58,0x1A,0x4C,0x5E,0x48,0x52,0x1E,
    0x00,0x23,0x45,0x45,0x48,0x44,0x1F,0x56,0x44,0x57,0x55,0x34,0x5C,0x0D,0x4A,0x52,
    0x0E,0x49,0x4C,0x40,0x0C,0x44,0x49,0x59,0x4E,0x44,0x4D,0x01,0x58,0x1E,0x48,0x25,
    0x4C,0x59,0x4A,0x53,0x40,0x13,0x04,0x05,0x65,0x09,0x45,0x4B,0x43,0x01,0x50,0x45,
    0x48,0x5F,0x48,0x29,0x40,0x43,0x42,0x50,0x42,0x44,0x04,0x4A,0x4A,0x4F,0x4D,0x58,
    0x1A,0x49,0x56,0x48,0x5F,0x4D,0x00,0x23,0x41,0x4C,0x1A,0x58,0x50,0x53,0x0B,0x4D,
    0x5E,0x25,0x42,0x0D,0x57,0x53,0x0E,0x5F,0x41,0x05,0x44,0x48,0x5E,0x43,0x54,0x46,
    0x1F,0x52,0x59,0x51,0x4E,0x22,0x43,0x48,0x0D,0x1C,0x0E,0x74,0x42,0x05,0x65,0x09,
    0x4C,0x45,0x16,0x01,0x76,0x01,0x47,0x52,0x1B,0x37,0x4E,0x5F,0x4D,0x1C,0x57,0x52,
    0x51,0x05,0x45,0x47,0x08,0x4B,0x5E,0x57,0x5E,0x48,0x48,0x5B,0x00,0x23,0x40,0x45,
    0x4D,0x01,0x52,0x53,0x48,0x56,0x1B,0x29,0x5B,0x0D,0x54,0x55,0x42,0x51,0x04,0x44,
    0x4A,0x4F,0x4D,0x49,0x4E,0x01,0x46,0x49,0x5E,0x4C,0x1B,0x33,0x4C,0x42,0x51,0x59,
    0x0E,0x49,0x4B,0x05,0x4D,0x4A,0x4B,0x4F,0x4A,0x55,0x1F,0x52,0x43,0x5B,0x1B,0x28,
    0x46,0x43,0x57,0x4F,0x00,0x1D,0x62,0x4C,0x42,0x48,0x44,0x46,0x43,0x0D,0x1F,0x52,
    0x44,0x1E,0x00,0x23,0x5B,0x4B,0x4C,0x44,0x1F,0x56,0x4A,0x4E,0x5E,0x32,0x03,0x0D,
    0x5A,0x53,0x5B,0x1D,0x49,0x44,0x55,0x09,0x5B,0x5A,0x5F,0x42,0x56,0x40,0x52,0x1E,
    0x19,0x22,0x5D,0x44,0x46,0x5A,0x0C,0x11,0x04,0x52,0x44,0x40,0x4B,0x42,0x1A,0x55,
    0x5A,0x4A,0x47,0x4D,0x1B,0x2D,0x4A,0x0D,0x4D,0x59,0x58,0x58,0x56,0x05,0x58,0x46,
    0x08,0x58,0x5F,0x51,0x5A,0x47,0x5F,0x1E,0x00,0x21,0x5C,0x42,0x5F,0x01,0x59,0x53,
    0x47,0x52,0x1B,0x24,0x4A,0x5E,0x40,0x4E,0x47,0x4D,0x50,0x4C,0x43,0x47,0x08,0x45,
    0x5C,0x01,0x5E,0x06,0x5B,0x52,0x5A,0x23,0x4A,0x0D,0x56,0x52,0x42,0x58,0x57,0x56,
    0x0C,0x50,0x47,0x5F,0x1A,0x44,0x47,0x56,0x47,0x57,0x58,0x29,0x5B,0x41,0x5A,0x1C,
    0x4F,0x4E,0x4F,0x05,0x41,0x4C,0x08,0x5E,0x55,0x0F,0xFF,0xEF,0x6C,0x45,0x1A,0x58,
    0x50,0x53,0x0B,0x57,0x55,0x24,0x4A,0x48,0x47,0x1C,0x59,0x54,0x57,0x4D,0x0C,0x5D,
    0x47,0x0A,0x4B,0x54,0x56,0x52,0x0B,0x50,0x54,0x37,0x10,0x0D,0xFF,0xE6,0x7C,0x42,
    0x5F,0x53,0x5A,0x06,0x42,0x4D,0x1B,0x2E,0x40,0x59,0x4B,0x55,0x40,0x5A,0x04,0x4D,
    0x49,0x5B,0x4D,0x0A,0x4D,0x48,0x4B,0x4E,0x0B,0x49,0x53,0x29,0x4C,0x45,0x03,0x48,
    0x41,0x1D,0x42,0x4C,0x40,0x45,0x08,0x5E,0x52,0x44,0x1F,0x50,0x4A,0x4D,0x5E,0x6E,
    0xFF,0xDD,0x7C,0x42,0x5F,0x01,0x4C,0x53,0x4F,0x5A,0x5E,0x2E,0x0F,0x4E,0x4B,0x5D,
    0x40,0x5A,0x41,0x05,0x45,0x47,0x08,0x5E,0x5F,0x4C,0x4F,0x43,0x59,0x5F,0x4F,0x35,
    0x5D,0x48,0x03,0x54,0x4F,0x4E,0x04,0x41,0x49,0x45,0x41,0x49,0x5B,0x55,0x5A,0x4A,
    0x52,0x1E,0x48,0x28,0x4E,0x59,0x57,0x59,0x5C,0x58,0x40,0x05,0x58,0x41,0x4D,0x0A,
    0x4C,0x40,0x4C,0x43,0x05,0x1E,0xFF,0xED,0x61,0x5E,0x1A,0x48,0x4C,0x06,0x49,0x5B,
    0x42,0x2F,0x41,0x49,0x03,0x45,0x41,0x48,0x56,0x05,0x5C,0x46,0x5F,0x4F,0x48,0x01,
    0x4B,0x49,0x0B,0x5A,0x54,0x60,0x5B,0x45,0x42,0x48,0x00,0x1D,0xFF,0xF6,0x61,0x0A,
    0x5E,0x4E,0x51,0x01,0x5F,0x1E,0x50,0x2E,0x40,0x5A,0x03,0x54,0x41,0x4A,0x0A,0x05,
    0xFF,0xEE,0x61,0x5E,0x1A,0x48,0x4C,0x06,0x5F,0x51,0x54,0x60,0x49,0x4C,0x51,0x1C,
    0x5B,0x4D,0x04,0x43,0x43,0x5B,0x08,0x53,0x55,0x54,0x1F,0x52,0x44,0x1E,0x49,0x25,
    0x4E,0x4E,0x4B,0x12,0xFF,0xDE,0x71,0x45,0x4F,0x01,0x54,0x4F,0x47,0x52,0x5E,0x24,
    0x0F,0x4C,0x03,0x50,0x47,0x49,0x50,0x49,0x49,0x09,0x4C,0x5D,0x5B,0x53,0x59,0x08,
    0x0B,0x1E,0x6F,0x28,0x4A,0x0D,0x41,0x53,0x4A,0x44,0x04,0x53,0x4D,0x47,0x41,0x59,
    0x52,0x44,0x4C,0x06,0x42,0x50,0x1B,0x21,0x0F,0x4E,0x4F,0x53,0x5B,0x59,0x04,0x4A,
    0x4A,0x09,0x4F,0x58,0x5F,0x40,0x4C,0x5F,0x00,0x07,0x4A,0x46,0x5B,0x42,0x54,0x06,
    0x58,0x53,0x54,0x2B,0x4A,0x03,0xFF,0xE4,0x7C,0x42,0x5F,0x01,0x4C,0x4E,0x4E,0x52,
    0x57,0x60,0x46,0x5E,0x03,0x4A,0x4B,0x4F,0x5D,0x05,0x5F,0x5D,0x5A,0x45,0x54,0x46,
    0x1F,0x47,0x45,0x5A,0x1B,0x29,0x5C,0x0D,0x4A,0x51,0x5E,0x58,0x56,0x53,0x45,0x46,
    0x5D,0x59,0x1A,0x55,0x50,0x06,0x4A,0x4A,0x4F,0x21,0x4C,0x46,0x0D,0x1C,0xFF,0xE0,
    0x7F,0x42,0x5B,0x55,0x18,0x55,0x0B,0x4A,0x53,0x25,0x0F,0x40,0x42,0x48,0x5A,0x58,
    0x56,0x09,0x0C,0x4A,0x49,0x44,0x1D,0x55,0x1F,0x5F,0x44,0x4B,0x1B,0x32,0x4A,0x4C,
    0x47,0x03,0x0E,0x1D,0x6A,0x4A,0x5B,0x09,0x51,0x45,0x4F,0x06,0x5B,0x06,0x49,0x5B,
    0x48,0x34,0x0F,0x5E,0x57,0x5D,0x5C,0x49,0x04,0x4A,0x5A,0x4C,0x5A,0x04,0xFF,0xE2,
    0x7C,0x42,0x5F,0x01,0x5E,0x5E,0x4E,0x1E,0x59,0x2F,0x5A,0x43,0x40,0x59,0x5D,0x1D,
    0x4C,0x44,0x5E,0x44,0x44,0x4F,0x49,0x52,0x53,0x5F,0x0B,0x51,0x5D,0x26,0x0F,0x59,
    0x4B,0x59,0x0E,0x59,0x56,0x44,0x4B,0x46,0x46,0x0D,0x49,0x01,0x4B,0x4E,0x42,0x5D,
    0x50,0x60,0x5C,0x4E,0x42,0x50,0x4B,0x4E,0x0A,0x05,0xFF,0xE0,0x7C,0x42,0x5F,0x01,
    0x5B,0x54,0x4A,0x59,0x54,0x2E,0x0F,0x41,0x4C,0x53,0x45,0x4E,0x04,0x57,0x4D,0x5D,
    0x40,0x4F,0x48,0x01,0x51,0x47,0x58,0x4A,0x42,0x6E,0x0F,0x0D,0x7A,0x53,0x5B,0x1A,
    0x40,0x05,0x4E,0x4C,0x5B,0x5E,0x1A,0x4F,0x50,0x52,0x0B,0x4A,0x49,0x39,0x0F,0x59,
    0x4C,0x1C,0x49,0x58,0x50,0x05,0x4E,0x50,0x06,0x0A,0xFF,0xDC,0x7C,0x42,0x5F,0x01,
    0x53,0x4F,0x5F,0x4A,0x57,0x25,0x0F,0x4F,0x4A,0x4E,0x4A,0x1D,0x45,0x51,0x58,0x48,
    0x4B,0x41,0x49,0x01,0x4B,0x4E,0x4E,0x1E,0x5C,0x32,0x4A,0x48,0x4D,0x1C,0x4A,0x4F,
    0x45,0x42,0x43,0x47,0x04,0x0A,0x5B,0x4F,0x5B,0x06,0x42,0x50,0x1B,0x21,0x41,0x0D,
    0x42,0x4F,0x5A,0x52,0x51,0x4B,0x48,0x40,0x46,0x4D,0x1A,0x47,0x53,0x53,0x59,0x4C,
    0x42,0x60,0x00,0x18,0x4F,0x4F,0x4E,0x52,0x1F,0x44,0x5E,0x4C,0x55,0x34,0x0F,0x59,
    0x4C,0x1C,0x4F,0x1D,0x47,0x4C,0x42,0x4D,0x4D,0x58,0x14,0x01,0x1F,0x72,0x43,0x5B,
    0x1B,0x21,0x5C,0x45,0x46,0x4F,0x0E,0x5F,0x48,0x4A,0x5B,0x09,0x49,0x5D,0x5B,0x58,
    0x11,0x06,0xFF,0xFB,0x67,0x44,0x1A,0x56,0x57,0x47,0x5F,0x01,0xFF,0xDD,0x67,0x41,
    0x5B,0x58,0x13,0x06,0x4D,0x4C,0x54,0x2D,0x0F,0x43,0x4C,0x4B,0x0E,0x52,0x4A,0x05,
    0x65,0x0E,0x44,0x46,0x1A,0x4E,0x51,0x4A,0x52,0x1E,0x5F,0x25,0x5C,0x4E,0x51,0x55,
    0x4C,0x58,0x04,0x44,0x0C,0x59,0x44,0x4B,0x59,0x44,0x1F,0x4F,0x45,0x1E,0x5D,0x35,
    0x43,0x41,0x03,0x48,0x46,0x58,0x04,0x43,0x45,0x5B,0x5B,0x5E,0x1A,0x55,0x56,0x4B,
    0x4E,0x1E,0x00,0x1E,0x51,0x45,0x4F,0x01,0x5C,0x49,0x46,0x5B,0x1B,0x34,0x40,0x0D,
    0x4A,0x48,0x00,0x1D,0x04,0x71,0x43,0x09,0x4F,0x4F,0x4E,0x01,0x4B,0x4E,0x4E,0x1E,
    0x5D,0x35,0x43,0x41,0x03,0x58,0x4B,0x4E,0x47,0x57,0x45,0x59,0x5C,0x43,0x55,0x4F,
    0x13,0x06,0x58,0x5F,0x42,0x60,0x0D,0x41,0x4C,0x53,0x45,0x1F,0x0A,0x05,0xFF,0xDD,
    0x7C,0x58,0x55,0x4D,0x53,0x55,0x0B,0x5F,0x49,0x25,0x0F,0x4E,0x4F,0x53,0x5D,0x58,
    0x04,0x57,0x49,0x45,0x49,0x5E,0x53,0x57,0x5A,0x55,0x0B,0x49,0x52,0x34,0x47,0x0D,
    0x57,0x54,0x4B,0x1D,0x56,0x4A,0x4F,0x42,0x5B,0x0A,0x5B,0x4F,0x5B,0x06,0x43,0x5F,
    0x4D,0x25,0x0F,0x5E,0x48,0x55,0x40,0x1D,0x45,0x56,0x0C,0x5D,0x47,0x5F,0x5D,0x49,
    0x1F,0x47,0x58,0x1E,0x00,0x23,0x5C,0x42,0x5B,0x55,0x1F,0x49,0x4D,0x1E,0x5A,0x60,
    0x5D,0x45,0x4A,0x52,0x41,0x5E,0x41,0x57,0x43,0x5A,0x06,0x0A,0x1A,0x75,0x57,0x43,
    0x0B,0x4A,0x49,0x2F,0x43,0x41,0x03,0x5A,0x4B,0x53,0x40,0x56,0x0C,0x46,0x4E,0x4C,
    0x1A,0x58,0x50,0x53,0x59,0x1E,0x59,0x2C,0x40,0x5A,0x50,0x1C,0x4B,0x5B,0x42,0x4A,
    0x5E,0x5D,0x44,0x4F,0x49,0x52,0x53,0x5F,0x05,0x1E,0xFF,0xDC,0x7C,0x42,0x5F,0x01,
    0x4B,0x54,0x44,0x52,0x57,0x60,0x4B,0x48,0x45,0x48,0x42,0x44,0x04,0x46,0x4D,0x5D,
    0x4B,0x42,0x5F,0x52,0x1F,0x52,0x43,0x5B,0x1B,0x21,0x57,0x48,0x0F,0x1C,0x4B,0x45,
    0x45,0x48,0x45,0x47,0x4D,0x59,0x1A,0x48,0x4B,0x06,0x48,0x5F,0x49,0x25,0x49,0x58,
    0x4F,0x50,0x57,0x11,0x04,0x44,0x42,0x4D,0x08,0x5E,0x55,0x52,0x4C,0x43,0x58,0x1E,
    0x52,0x34,0x00,0x22,0x4A,0x4B,0x59,0x4A,0x13,0x06,0x4F,0x5B,0x58,0x2C,0x4E,0x5F,
    0x4A,0x52,0x49,0x11,0x04,0x07,0x6B,0x46,0x47,0x4E,0x1A,0x56,0x50,0x54,0x40,0x53,
    0x5A,0x2E,0x5C,0x45,0x4A,0x4C,0x02,0x1D,0x46,0x50,0x58,0x09,0x41,0x5E,0x1D,0x52,
    0x1F,0x48,0x44,0x4A,0x1B,0x36,0x4E,0x41,0x56,0x5D,0x4C,0x51,0x41,0x05,0x49,0x47,
    0x47,0x5F,0x5D,0x49,0x11,0x04,0x00,0x00,0x00,0x00,0x00,0x00,0x00,0x00,0x00,0x00,
    0x00,0x00,0x00,0x00,0x00,0x00,0x00,0x00,0x00,0x00,0x00,0x00,0x00,0x00,0x00,0x00,
    0x00,0x00,0x00,0x00,0x00,0x00,0x00,0x00,0x00,0x00,0x00,0x00,0x00,0x00,0x00,0x00,
    0x00,0x00,0x00,0x00,0x00,0x00,0x00,0x00,0x00,0x00,0x00,0x00,0x00,0x00,0x00,0x00,
    0xFF,0xDF,0x7C,0x42,0x5F,0x01,0x4B,0x54,0x44,0x52,0x57,0x60,0x4C,0x4C,0x57,0x5F,
    0x46,0x58,0x57,0x05,0x55,0x46,0x5D,0x58,0x1A,0x55,0x4D,0x43,0x4A,0x4D,0x4E,0x32,
    0x4A,0x0D,0x42,0x52,0x4A,0x1D,0x57,0x46,0x59,0x5B,0x5A,0x43,0x5F,0x52,0x1F,0x47,
    0x5C,0x5F,0x42,0x60,0x40,0x58,0x57,0x1C,0x41,0x5B,0x04,0x56,0x45,0x4E,0x40,0x5E,
    0x14,0x01,0xFF,0xED,0x7C,0x42,0x5F,0x01,0x4B,0x54,0x44,0x52,0x57,0x60,0x5D,0x48,
    0x45,0x49,0x5D,0x58,0x57,0x05,0x58,0x46,0x08,0x46,0x5F,0x55,0x1F,0x5F,0x44,0x4B,
    0x1B,0x23,0x5D,0x42,0x50,0x4F,0x00,0x1D,0xFF,0xE9,0x7C,0x42,0x5F,0x53,0x5A,0x06,
    0x42,0x4D,0x1B,0x2E,0x40,0x0D,0x4F,0x53,0x40,0x5A,0x41,0x57,0x0C,0x48,0x46,0x53,
    0x1A,0x56,0x5E,0x5F,0x0B,0x5F,0x58,0x32,0x40,0x5E,0x50,0x1C,0x5A,0x55,0x41,0x05,
    0x4F,0x41,0x49,0x59,0x57,0x0F,0xFF,0xDF,0x62,0x5F,0x49,0x55,0x1F,0x47,0x58,0x1E,
    0x42,0x2F,0x5A,0x0D,0x51,0x59,0x4F,0x5E,0x4C,0x05,0x58,0x41,0x4D,0x0A,0x55,0x55,
    0x57,0x43,0x59,0x1E,0x48,0x29,0x4B,0x48,0x0F,0x1C,0x5A,0x55,0x41,0x05,0x4E,0x5B,
    0x41,0x4E,0x5D,0x44,0x1F,0x44,0x5E,0x5D,0x50,0x2C,0x4A,0x5E,0x03,0x5E,0x4B,0x53,
    0x41,0x44,0x58,0x41,0x08,0x5E,0x52,0x44,0x00,0x20,0x5F,0x4F,0x53,0x46,0x57,0x52,
    0x0B,0x51,0x5D,0x60,0x5B,0x45,0x46,0x1C,0x4C,0x58,0x45,0x57,0x00,0x09,0x5F,0x42,
    0x53,0x42,0x57,0x06,0x5C,0x5F,0x48,0x60,0x5C,0x59,0x4A,0x50,0x42,0x1D,0x42,0x4A,
    0x40,0x45,0x47,0x5D,0x53,0x4F,0x58,0x06,0x52,0x51,0x4E,0x60,0x4E,0x5F,0x4C,0x49,
    0x40,0x59,0x0A,0x05,0x0C,0x70,0x47,0x5F,0x00,0x22,0x5B,0x49,0x48,0x40,0x5D,0x44,
    0x47,0x5B,0x1B,0x24,0x4A,0x5E,0x53,0x59,0x5C,0x5C,0x50,0x40,0x40,0x50,0x08,0x4C,
    0x55,0x53,0x1F,0x55,0x5E,0x4E,0x4B,0x2F,0x5D,0x59,0x0F,0x1C,0x4C,0x48,0x50,0x05,
    0x4D,0x5A,0x08,0x5E,0x52,0x44,0x1F,0x44,0x59,0x57,0x5F,0x27,0x4A,0x0D,0x40,0x53,
    0x42,0x51,0x45,0x55,0x5F,0x4C,0x5B,0x0A,0x43,0x4E,0x4A,0x06,0x00,0x14,0x5B,0x5E,
    0x4F,0x4C,0x5D,0x4A,0x4E,0x1E,0x59,0x21,0x4C,0x46,0x03,0x5D,0x40,0x59,0x04,0x43,
    0x4D,0x45,0x44,0x0A,0x53,0x4F,0x4B,0x49,0x0B,0x4A,0x53,0x25,0x0F,0x4E,0x4B,0x5D,
    0x5D,0x50,0x0A,0x05,0xFF,0xDC,0x7C,0x42,0x5F,0x01,0x5D,0x43,0x4A,0x4C,0x1B,0x2C,
    0x5A,0x40,0x41,0x59,0x5C,0x4E,0x04,0x51,0x43,0x5E,0x49,0x58,0x5E,0x01,0x4B,0x4E,
    0x4E,0x1E,0x4F,0x32,0x40,0x41,0x4F,0x10,0x0E,0x4A,0x4C,0x4A,0x0C,0x45,0x4D,0x5E,
    0x49,0x01,0x50,0x53,0x5F,0x1E,0x5A,0x60,0x5C,0x59,0x42,0x4E,0x5A,0x51,0x41,0x41,
    0x0C,0x5A,0x40,0x58,0x53,0x44,0x54,0x06,0x4A,0x50,0x5F,0x60,0x00,0x23,0x5B,0x49,
    0x4F,0x53,0x4D,0x4F,0x4E,0x4D,0x1B,0x21,0x58,0x4C,0x5A,0x12,0x0E,0x1D,0x70,0x4D,
    0x49,0x09,0x4A,0x4F,0x5B,0x53,0x1F,0x55,0x44,0x51,0x55,0x60,0x48,0x44,0x55,0x59,
    0x5D,0x1D,0x51,0x55,0x0C,0x5D,0x40,0x4F,0x1A,0x51,0x4A,0x54,0x58,0x4B,0x52,0x34,
    0x0F,0x4C,0x4D,0x58,0x0E,0x4A,0x45,0x4B,0x48,0x4C,0x5A,0x59,0x1A,0x43,0x5E,0x45,
    0x40,0x10,0xFF,0xDE,0x7C,0x42,0x5F,0x01,0x5E,0x5E,0x4E,0x1E,0x56,0x29,0x5C,0x5E,
    0x46,0x4F,0x0E,0x5C,0x4A,0x41,0x0C,0x45,0x49,0x44,0x5E,0x52,0x1F,0x48,0x4E,0x5F,
    0x49,0x60,0x5B,0x45,0x46,0x1C,0x4C,0x58,0x45,0x57,0x0C,0x5E,0x40,0x4F,0x48,0x44,
    0x1F,0x5F,0x44,0x4B,0x1B,0x23,0x4E,0x43,0x04,0x48,0x0E,0x5A,0x41,0x51,0x0C,0x48,
    0x5C,0x0A,0x53,0x55,0x11,0x06,0xFF,0xE3,0x7F,0x43,0x4E,0x49,0x1F,0x51,0x43,0x5F,
    0x4F,0x7F,0x0F,0x0D,0x7A,0x53,0x5B,0x4F,0x04,0x47,0x4D,0x5B,0x4D,0x0A,0x52,0x40,
    0x51,0x42,0x58,0x01,0x1B,0x60,0x6E,0x4A,0x42,0x55,0x40,0x4E,0x50,0x05,0x06,0x41,
    0x41,0x59,0x10,0x01,0x5D,0x43,0x4A,0x4C,0x1B,0x28,0x4E,0x43,0x47,0x4F,0x11,0x02,
    0xFF,0xE4,0x7C,0x42,0x5F,0x01,0x5D,0x43,0x4A,0x4C,0x1B,0x29,0x5C,0x0D,0x40,0x53,
    0x40,0x5B,0x51,0x56,0x49,0x4D,0x13,0x0A,0x52,0x44,0x1F,0x49,0x45,0x52,0x42,0x60,
    0x58,0x4C,0x4D,0x48,0x5D,0x1D,0x50,0x4A,0x0C,0x4B,0x4D,0x0A,0x43,0x4E,0x4A,0x54,
    0x0B,0x58,0x49,0x29,0x4A,0x43,0x47,0x12,0xFF,0xE5,0x6E,0x45,0x48,0x01,0x5C,0x54,
    0x52,0x57,0x55,0x27,0x0F,0x42,0x56,0x48,0x0E,0x51,0x4B,0x50,0x48,0x05,0x08,0x5E,
    0x52,0x44,0x1F,0x56,0x44,0x51,0x49,0x60,0x5B,0x45,0x4A,0x52,0x49,0x1D,0x4D,0x56,
    0x0C,0x48,0x44,0x58,0x5F,0x40,0x5B,0x5F,0x0B,0x5A,0x5E,0x21,0x4B,0x0C,0xFF,0xDD,
    0x7C,0x42,0x5F,0x01,0x5D,0x43,0x4A,0x4C,0x1B,0x25,0x4E,0x4A,0x46,0x4E,0x42,0x44,
    0x04,0x52,0x43,0x45,0x4E,0x59,0x1A,0x45,0x50,0x51,0x45,0x1E,0x42,0x2F,0x5A,0x5F,
    0x03,0x5A,0x41,0x52,0x40,0x09,0x0C,0x48,0x4E,0x5E,0x5F,0x53,0x1F,0x51,0x43,0x57,
    0x58,0x28,0x0F,0x45,0x46,0x1C,0x5D,0x58,0x41,0x48,0x5F,0x09,0x5C,0x45,0x1A,0x42,
    0x5E,0x4A,0x46,0x1E,0x00,0x1B,0x4C,0x45,0x4D,0x4F,0x1F,0x45,0x44,0x50,0x48,0x29,
    0x4B,0x48,0x51,0x5D,0x4C,0x51,0x5D,0x05,0x4D,0x47,0x4C,0x0A,0x5F,0x57,0x5A,0x48,
    0x0B,0x5C,0x5E,0x23,0x40,0x40,0x46,0x4F,0x0E,0x4F,0x45,0x51,0x44,0x4C,0x5A,0x0A,
    0x5C,0x53,0x56,0x43,0x45,0x5A,0x57,0x39,0x01,0x0D,0xFF,0xEC,0x7C,0x42,0x5F,0x01,
    0x5D,0x43,0x4A,0x4C,0x1B,0x29,0x5C,0x0D,0x50,0x48,0x47,0x51,0x48,0x05,0x4F,0x41,
    0x49,0x43,0x54,0x44,0x5B,0x06,0x5F,0x51,0x1B,0x34,0x47,0x48,0x03,0x4B,0x4F,0x51,
    0x48,0x0B,0xFF,0xF2,0x7C,0x42,0x5F,0x01,0x5C,0x4E,0x4A,0x57,0x55,0x60,0x46,0x5E,
    0x03,0x4F,0x5A,0x54,0x48,0x49,0x0C,0x45,0x47,0x49,0x51,0x44,0x5B,0x08,0xFF,0xF2,
    0x7C,0x42,0x5F,0x01,0x5C,0x4E,0x4A,0x57,0x55,0x60,0x46,0x5E,0x03,0x52,0x41,0x4A,
    0x04,0x50,0x42,0x45,0x47,0x49,0x51,0x44,0x5B,0x08,0xFF,0xF3,0x7C,0x42,0x5F,0x01,
    0x5C,0x4E,0x4A,0x57,0x55,0x60,0x46,0x5E,0x03,0x52,0x41,0x4A,0x04,0x49,0x43,0x4A,
    0x43,0x4F,0x5E,0x0F,0xFF,0xE3,0x7C,0x42,0x5F,0x53,0x5A,0x06,0x42,0x4D,0x1B,0x2E,
    0x40,0x59,0x4B,0x55,0x40,0x5A,0x04,0x4D,0x49,0x5B,0x4D,0x0A,0x4E,0x4E,0x1F,0x51,
    0x43,0x57,0x58,0x28,0x0F,0x59,0x4B,0x59,0x0E,0x5E,0x4C,0x44,0x45,0x47,0x08,0x49,
    0x5B,0x4F,0x1F,0x44,0x4E,0x1E,0x57,0x2F,0x4C,0x46,0x46,0x58,0x00,0x1D,0xFF,0xF0,
    0x7C,0x42,0x5F,0x53,0x5A,0x06,0x42,0x4D,0x1B,0x2E,0x40,0x59,0x4B,0x55,0x40,0x5A,
    0x04,0x4D,0x49,0x5B,0x4D,0x0A,0x4E,0x4E,0x1F,0x43,0x4A,0x4A,0x15,0x60,0xFF,0xF4,
    0x6C,0x45,0x1A,0x58,0x50,0x53,0x0B,0x49,0x5A,0x2E,0x5B,0x0D,0x57,0x54,0x4B,0x1D,
    0x4C,0x4C,0x42,0x5D,0x17,0x0A,0xFF,0xEA,0x6C,0x45,0x1A,0x58,0x50,0x53,0x0B,0x50,
    0x5E,0x25,0x4B,0x0D,0x4B,0x59,0x42,0x4D,0x04,0x42,0x49,0x5D,0x5C,0x43,0x54,0x46,
    0x1F,0x49,0x5E,0x4A,0x1B,0x2F,0x49,0x0D,0x57,0x54,0x4B,0x1D,0x49,0x44,0x56,0x4C,
    0x17,0x0A,0xFF,0xE0,0x71,0x45,0x4F,0x01,0x5C,0x47,0x45,0x1E,0x56,0x21,0x44,0x48,
    0x03,0x48,0x46,0x58,0x04,0x55,0x4D,0x5A,0x5B,0x4B,0x5D,0x44,0x4C,0x06,0x47,0x51,
    0x54,0x2B,0x0F,0x41,0x46,0x4F,0x5D,0x1D,0x45,0x49,0x45,0x42,0x4D,0x0A,0x58,0x58,
    0x1F,0x42,0x59,0x51,0x4B,0x30,0x46,0x43,0x44,0x1C,0x5A,0x55,0x4D,0x4B,0x4B,0x5A,
    0x06,0x0A,0xFF,0xE6,0x69,0x58,0x5F,0x01,0x46,0x49,0x5E,0x1E,0x4F,0x32,0x56,0x44,
    0x4D,0x5B,0x0E,0x49,0x4B,0x05,0x49,0x51,0x58,0x46,0x55,0x53,0x5A,0x06,0x49,0x5B,
    0x42,0x2F,0x41,0x49,0x03,0x48,0x46,0x58,0x04,0x55,0x40,0x46,0x5E,0x4F,0x48,0x01,
    0x4D,0x49,0x44,0x53,0x04,0x60,0xFF,0xDD,0x7C,0x42,0x5F,0x53,0x5A,0x06,0x42,0x4D,
    0x1B,0x21,0x0F,0x5A,0x42,0x45,0x0E,0x49,0x4B,0x05,0x49,0x51,0x58,0x46,0x55,0x53,
    0x5A,0x06,0x5F,0x56,0x5A,0x34,0x0F,0x5F,0x46,0x5B,0x47,0x52,0x4A,0x05,0x5B,0x40,
    0x5C,0x42,0x55,0x54,0x4B,0x06,0x43,0x5F,0x4D,0x29,0x41,0x4A,0x03,0x48,0x41,0x1D,
    0x53,0x4A,0x5E,0x5B,0x51,0x0A,0x5B,0x43,0x50,0x53,0x5F,0x1E,0x00,0x22,0x4E,0x4B,
    0x56,0x4D,0x56,0x48,0x4C,0x1E,0x52,0x2E,0x5B,0x42,0x03,0x5D,0x0E,0x4D,0x4D,0x51,
    0x02,0x09,0x08,0x64,0x55,0x4F,0x5A,0x06,0x44,0x58,0x1B,0x34,0x47,0x48,0x03,0x53,
    0x4C,0x57,0x41,0x46,0x58,0x5A,0x08,0x4B,0x4C,0x40,0x56,0x4A,0x4A,0x5C,0x57,0x25,
    0x0F,0x44,0x50,0x1C,0x47,0x50,0x49,0x40,0x48,0x40,0x49,0x5E,0x5F,0x4D,0x46,0x06,
    0x00,0x12,0x5D,0x59,0x5F,0x47,0x4A,0x4A,0x0B,0x57,0x55,0x60,0x4B,0x44,0x50,0x5F,
    0x41,0x4B,0x41,0x57,0x45,0x47,0x4F,0x0A,0x4E,0x49,0x5A,0x06,0x58,0x5B,0x58,0x32,
    0x4A,0x59,0x0D,0x1C,0xFF,0xEC,0x6C,0x45,0x1A,0x58,0x50,0x53,0x0B,0x50,0x5E,0x25,
    0x4B,0x0D,0x4B,0x59,0x42,0x4D,0x04,0x42,0x49,0x5D,0x5C,0x43,0x54,0x46,0x1F,0x49,
    0x5E,0x4A,0x1B,0x2F,0x49,0x0D,0x4B,0x59,0x5C,0x58,0x1B,0x05,0xFF,0xF8,0x6C,0x45,
    0x54,0x06,0x4B,0x06,0x4C,0x51,0x1B,0x37,0x4A,0x5E,0x57,0x12,0xFF,0xDF,0x6F,0x46,
    0x4F,0x55,0x4B,0x49,0x45,0x47,0x1B,0x29,0x5C,0x0D,0x4D,0x53,0x5A,0x1D,0x4B,0x4B,
    0x49,0x09,0x47,0x4C,0x1A,0x55,0x57,0x43,0x0B,0x4A,0x49,0x2F,0x43,0x41,0x04,0x4F,
    0x0E,0x4B,0x4D,0x46,0x49,0x5A,0x06,0x0A,0x1A,0x60,0x49,0x47,0x59,0x57,0x58,0x25,
    0x03,0x0D,0x4B,0x53,0x59,0x58,0x52,0x40,0x5E,0x05,0x08,0x43,0x49,0x0F,0xFF,0xDD,
    0x71,0x45,0x4F,0x53,0x1F,0x4A,0x4A,0x53,0x4B,0x60,0x46,0x5E,0x03,0x5B,0x4B,0x49,
    0x50,0x4C,0x42,0x4E,0x08,0x4E,0x53,0x4C,0x11,0x06,0x0B,0x67,0x54,0x35,0x08,0x49,
    0x03,0x5E,0x4B,0x4E,0x50,0x05,0x5F,0x5D,0x49,0x58,0x4E,0x01,0x48,0x54,0x4A,0x4E,
    0x4B,0x29,0x41,0x4A,0x03,0x48,0x46,0x54,0x57,0x05,0x59,0x59,0x04,0x0A,0x4F,0x4F,
    0x53,0x43,0x58,0x4D,0x00,0x24,0x51,0x45,0x4F,0x01,0x5C,0x47,0x45,0x1E,0x5D,0x29,
    0x41,0x49,0x03,0x4F,0x41,0x50,0x41,0x05,0x4A,0x5B,0x4D,0x59,0x52,0x01,0x5D,0x47,
    0x5F,0x4A,0x5E,0x32,0x46,0x48,0x50,0x12,0x0E,0x1D,0x6D,0x05,0x5F,0x4C,0x4D,0x47,
    0x1A,0x55,0x50,0x06,0x59,0x5B,0x58,0x21,0x43,0x41,0x03,0x48,0x46,0x58,0x56,0x40,
    0x0B,0x5A,0x08,0x4B,0x1A,0x57,0x5A,0x48,0x4F,0x57,0x55,0x27,0x00,0x00,0x00,0x00,
    0x00,0x19,0x45,0x4B,0x59,0x49,0x56,0x48,0x4E,0x1E,0x52,0x2E,0x0F,0x59,0x4B,0x59,
    0x0E,0x50,0x45,0x5F,0x49,0x07,0x08,0x0A,0x78,0x53,0x56,0x48,0x4C,0x1E,0x48,0x2F,
    0x42,0x48,0x03,0x5F,0x41,0x54,0x4A,0x56,0x0C,0x5E,0x41,0x5E,0x52,0x01,0x46,0x49,
    0x5E,0x10,0xFF,0xEF,0x71,0x45,0x4F,0x53,0x1F,0x4A,0x4A,0x53,0x4B,0x60,0x47,0x4C,
    0x50,0x1C,0x5C,0x48,0x4A,0x05,0x43,0x5C,0x5C,0x0A,0x55,0x47,0x1F,0x56,0x44,0x49,
    0x5E,0x32,0x01,0x0D,0xFF,0xDE,0x7C,0x42,0x5F,0x53,0x5A,0x01,0x58,0x1E,0x55,0x2F,
    0x5B,0x0D,0x4E,0x49,0x4D,0x55,0x04,0x55,0x43,0x40,0x46,0x5E,0x1A,0x48,0x51,0x06,
    0x5C,0x5F,0x55,0x24,0x4A,0x5F,0x4A,0x52,0x49,0x1D,0x45,0x57,0x43,0x5C,0x46,0x4E,
    0x1A,0x4E,0x4A,0x52,0x0B,0x56,0x5E,0x32,0x4A,0x01,0x03,0x5D,0x40,0x59,0x04,0x5C,
    0x43,0x5C,0x08,0x49,0x5B,0x4F,0x18,0x52,0x00,0x20,0x4D,0x52,0x4A,0x4D,0x50,0x54,
    0x4E,0x1E,0x4F,0x28,0x4A,0x0D,0x40,0x5D,0x58,0x58,0x04,0x52,0x45,0x5D,0x40,0x45,
    0x4F,0x55,0x1F,0x47,0x0B,0x52,0x5A,0x2D,0x5F,0x03,0x03,0x1C,0x7D,0x52,0x04,0x49,
    0x49,0x5D,0x0F,0x59,0x1A,0x4B,0x4A,0x55,0x5F,0x1E,0x58,0x21,0x43,0x41,0x03,0x55,
    0x5A,0x1D,0x45,0x05,0x48,0x48,0x51,0x04,0xFF,0xDC,0x7C,0x42,0x5F,0x53,0x5A,0x06,
    0x4A,0x4C,0x5E,0x60,0x49,0x4C,0x4A,0x52,0x5A,0x1D,0x56,0x50,0x5F,0x5D,0x44,0x43,
    0x54,0x46,0x1F,0x48,0x44,0x57,0x48,0x25,0x5C,0x0D,0x45,0x4E,0x41,0x50,0x04,0x51,
    0x44,0x4C,0x08,0x4E,0x5B,0x53,0x54,0x48,0x4E,0x4D,0x48,0x60,0x4D,0x48,0x4B,0x55,
    0x40,0x59,0x04,0x5C,0x43,0x5C,0x06,0x0A,0x1A,0x60,0x4C,0x06,0x52,0x51,0x4E,0x60,
    0x00,0x24,0x5C,0x5F,0x48,0x4F,0x1F,0x52,0x44,0x49,0x5A,0x32,0x4B,0x0D,0x57,0x54,
    0x4B,0x50,0x08,0x05,0x58,0x41,0x4D,0x0A,0x58,0x44,0x5E,0x4B,0x0B,0x51,0x5D,0x60,
    0x56,0x42,0x56,0x4E,0x0E,0x51,0x45,0x48,0x5C,0x09,0x4E,0x4B,0x56,0x4D,0x4C,0x06,
    0x4A,0x5D,0x49,0x2F,0x5C,0x5E,0x03,0x5D,0x0E,0x5F,0x41,0x44,0x5E,0x4D,0x4D,0x4E,
    0x1A,0x51,0x56,0x54,0x4A,0x4A,0x5E,0x6E,0x00,0x23,0x60,0x4F,0x1A,0x48,0x4C,0x06,
    0x48,0x5F,0x49,0x32,0x56,0x44,0x4D,0x5B,0x0E,0x5C,0x04,0x49,0x4D,0x5B,0x4F,0x4F,
    0x1A,0x42,0x57,0x43,0x58,0x4A,0x15,0x60,0x0F,0x0F,0x70,0x54,0x47,0x4B,0x41,0x57,
    0x0C,0x44,0x4D,0x0A,0x4E,0x48,0x52,0x44,0x4E,0x4C,0x48,0x61,0x0D,0x0D,0x4B,0x59,
    0x0E,0x5E,0x56,0x4C,0x49,0x5A,0x04,0x0A,0x18,0x68,0x18,0x50,0x4E,0x1E,0x00,0x24,
    0x4A,0x4F,0x5F,0x4F,0x1F,0x55,0x5B,0x51,0x4F,0x34,0x4A,0x49,0x02,0x1C,0x0E,0x74,
    0x03,0x41,0x0C,0x4B,0x4D,0x59,0x4E,0x01,0x57,0x4F,0x4E,0x1E,0x56,0x25,0x5C,0x48,
    0x4F,0x5A,0x0E,0x52,0x42,0x43,0x0C,0x5D,0x47,0x0A,0x4E,0x49,0x5A,0x06,0x46,0x5F,
    0x41,0x25,0x0F,0x59,0x4C,0x1C,0x46,0x54,0x40,0x40,0x0C,0x44,0x4D,0x0A,0x59,0x49,
    0x5A,0x55,0x5F,0x1F,0x19,0x60,0x00,0x14,0x7F,0x43,0x4E,0x49,0x1F,0x52,0x43,0x5F,
    0x4F,0x6C,0x0F,0x45,0x46,0x1C,0x58,0x5C,0x4A,0x4C,0x5F,0x41,0x4D,0x59,0x1A,0x48,
    0x51,0x52,0x44,0x1E,0x4F,0x28,0x4A,0x0D,0x44,0x50,0x41,0x52,0x49,0x0B,0xFF,0xDE,
    0x71,0x45,0x4F,0x53,0x1F,0x4A,0x4A,0x53,0x4B,0x60,0x46,0x5E,0x03,0x5B,0x4B,0x49,
    0x50,0x4C,0x42,0x4E,0x08,0x4E,0x53,0x4C,0x11,0x06,0x0B,0x67,0x54,0x35,0x08,0x49,
    0x03,0x5E,0x4B,0x4E,0x50,0x05,0x4B,0x46,0x08,0x48,0x5B,0x42,0x54,0x06,0x4D,0x51,
    0x49,0x60,0x5B,0x45,0x4C,0x4F,0x4B,0x1D,0x46,0x44,0x58,0x5D,0x4D,0x58,0x53,0x44,
    0x4C,0x08,0xFF,0xDE,0x71,0x45,0x4F,0x53,0x1F,0x4A,0x4A,0x53,0x4B,0x60,0x46,0x5E,
    0x03,0x5B,0x4B,0x49,0x50,0x4C,0x42,0x4E,0x08,0x4E,0x53,0x4C,0x11,0x06,0x0B,0x77,
    0x1C,0x2D,0x0F,0x59,0x42,0x57,0x47,0x53,0x43,0x05,0x58,0x41,0x4D,0x0A,0x56,0x48,
    0x5D,0x43,0x59,0x4A,0x42,0x60,0x40,0x4B,0x03,0x4E,0x4B,0x4D,0x48,0x44,0x4F,0x40,
    0x46,0x4D,0x1A,0x55,0x57,0x43,0x00,0x06,0x4A,0x4B,0x4E,0x55,0x5A,0x54,0x42,0x5B,
    0x48,0x6E,0xFF,0xDD,0x71,0x45,0x4F,0x53,0x1F,0x4A,0x4A,0x53,0x4B,0x60,0x46,0x5E,
    0x03,0x5B,0x4B,0x49,0x50,0x4C,0x42,0x4E,0x08,0x4E,0x53,0x4C,0x13,0x06,0x4A,0x50,
    0x5F,0x60,0x56,0x42,0x56,0x1B,0x5C,0x58,0x04,0x4A,0x59,0x5D,0x08,0x45,0x5C,0x01,
    0x4C,0x56,0x4A,0x4C,0x5E,0x60,0x4D,0x4C,0x57,0x48,0x4B,0x4F,0x4D,0x40,0x5F,0x07,
    0x08,0x0A,0x63,0x4E,0x4A,0x01,0x4F,0x1E,0x00,0x0F,0x4A,0x4F,0x49,0x55,0x1F,0x55,
    0x5F,0x5F,0x49,0x34,0x0F,0x5A,0x51,0x5D,0x5E,0x4D,0x4D,0x4B,0x4B,0x09,0x5C,0x42,
    0x53,0x52,0x1F,0x53,0x5B,0x10,0xFF,0xE7,0x61,0x0D,0x57,0x01,0x5E,0x40,0x59,0x5F,
    0x52,0x24,0x0F,0x59,0x4B,0x59,0x0E,0x50,0x45,0x42,0x4D,0x53,0x41,0x44,0x5F,0x01,
    0x56,0x55,0x0B,0x49,0x49,0x29,0x5B,0x59,0x46,0x52,0x0E,0x54,0x4A,0x05,0x68,0x5E,
    0x49,0x58,0x4C,0x48,0x4C,0x4E,0x05,0x1E,0xFF,0xDE,0x0A,0x7E,0x52,0x48,0x4C,0x06,
    0x42,0x4D,0x1B,0x2E,0x40,0x59,0x03,0x48,0x46,0x58,0x04,0x48,0x4D,0x53,0x4D,0x0A,
    0x4D,0x49,0x5A,0x54,0x4E,0x1E,0x4F,0x28,0x4A,0x0D,0x53,0x55,0x5C,0x5C,0x50,0x40,
    0x0C,0x45,0x4D,0x4B,0x4C,0x44,0x4C,0x06,0x43,0x57,0x48,0x60,0x5B,0x5F,0x46,0x5D,
    0x5D,0x48,0x56,0x40,0x0C,0x4A,0x40,0x4F,0x49,0x55,0x11,0x04,0xFF,0xDC,0x60,0x47,
    0x57,0x4C,0x13,0x06,0x5F,0x56,0x52,0x33,0x0F,0x41,0x4C,0x53,0x45,0x4E,0x04,0x49,
    0x45,0x42,0x4D,0x0A,0x5B,0x01,0x5C,0x4A,0x5E,0x5B,0x17,0x60,0x58,0x45,0x4A,0x5F,
    0x46,0x1D,0x49,0x40,0x4D,0x47,0x5B,0x0A,0x53,0x55,0x18,0x4A,0x47,0x1E,0x58,0x2F,
    0x5C,0x59,0x03,0x45,0x41,0x48,0x04,0x14,0x1C,0x09,0x58,0x45,0x53,0x4F,0x4B,0x55,
    0x0B,0x4A,0x54,0x60,0x00,0x19,0x5A,0x4F,0x5B,0x45,0x1F,0x4F,0x5F,0x10,0x1B,0x60,
    0x7C,0x45,0x4C,0x49,0x42,0x59,0x04,0x6C,0x0C,0x4E,0x47,0x0A,0x5B,0x49,0x5A,0x47,
    0x4F,0x1E,0x5A,0x2E,0x4B,0x0D,0x51,0x59,0x4F,0x59,0x04,0x4C,0x58,0x09,0x49,0x44,
    0x43,0x56,0x5E,0x5F,0x14,0x1E,0xFF,0xDD,0x61,0x5E,0x1A,0x52,0x5E,0x5F,0x58,0x12,
    0x1B,0x62,0x7B,0x45,0x46,0x4E,0x4B,0x1D,0x4D,0x56,0x0C,0x5A,0x47,0x47,0x5F,0x55,
    0x57,0x4F,0x45,0x59,0x1B,0x33,0x5B,0x5F,0x42,0x52,0x49,0x58,0x04,0x44,0x4E,0x46,
    0x5D,0x5E,0x1A,0x55,0x57,0x4F,0x58,0x1E,0x4B,0x2C,0x4E,0x4E,0x46,0x10,0x0E,0x4E,
    0x51,0x46,0x44,0x09,0x5C,0x42,0x5B,0x55,0x1F,0x49,0x45,0x5B,0x00,0x1C,0x47,0x4C,
    0x1A,0x55,0x57,0x43,0x0B,0x49,0x54,0x32,0x4B,0x5E,0x03,0x75,0x09,0x4B,0x41,0x05,
    0x4D,0x45,0x5F,0x4B,0x43,0x52,0x1F,0x4D,0x45,0x51,0x4C,0x2E,0x0F,0x43,0x4C,0x4B,
    0x0E,0x55,0x45,0x56,0x0C,0x48,0x08,0x44,0x5F,0x56,0x1F,0x43,0x4D,0x58,0x5E,0x23,
    0x5B,0x03,0x01,0x1C,0xFF,0xEC,0x61,0x5E,0x1A,0x52,0x5E,0x5F,0x58,0x1E,0x4F,0x28,
    0x4A,0x0D,0x50,0x5D,0x43,0x58,0x04,0x51,0x44,0x40,0x46,0x4D,0x1A,0x48,0x4B,0x06,
    0x4F,0x57,0x5F,0x60,0x4D,0x48,0x45,0x53,0x5C,0x58,0x0A,0x05,0xFF,0xF0,0x61,0x0D,
    0x57,0x01,0x5E,0x40,0x59,0x5F,0x52,0x24,0x0F,0x64,0x03,0x58,0x41,0x53,0x03,0x51,
    0x0C,0x5C,0x46,0x4E,0x5F,0x53,0x4C,0x52,0x4A,0x50,0x5F,0x6E,0xFF,0xE3,0x0A,0x69,
    0x55,0x4F,0x58,0x54,0x4A,0x4A,0x4E,0x2C,0x4E,0x59,0x4A,0x53,0x40,0x4E,0x04,0x4A,
    0x42,0x09,0x4A,0x58,0x53,0x4F,0x58,0x4F,0x45,0x59,0x1B,0x2C,0x46,0x4A,0x4B,0x48,
    0x0E,0x54,0x4A,0x51,0x43,0x09,0x5C,0x42,0x5F,0x01,0x7B,0x47,0x59,0x55,0x1B,0x12,
    0x40,0x42,0x4E,0x1D,0x0C,0x1D,0xFF,0xDC,0x71,0x45,0x4F,0x01,0x4C,0x52,0x59,0x57,
    0x50,0x25,0x0F,0x59,0x4B,0x59,0x0E,0x50,0x4D,0x57,0x5E,0x46,0x5A,0x0A,0x5B,0x01,
    0x4D,0x43,0x58,0x51,0x4E,0x2E,0x4B,0x44,0x4D,0x5B,0x0E,0x5F,0x48,0x4A,0x5B,0x05,
    0x08,0x5D,0x52,0x44,0x4D,0x43,0x5E,0x4E,0x54,0x2E,0x0F,0x44,0x57,0x1C,0x5D,0x55,
    0x45,0x51,0x58,0x4C,0x5A,0x59,0x1A,0x48,0x51,0x52,0x44,0x1E,0x5A,0x60,0x00,0x0C,
    0x45,0x53,0x48,0x48,0x5E,0x42,0x0B,0x4A,0x52,0x2E,0x56,0x0D,0x45,0x4E,0x4F,0x5A,
    0x49,0x40,0x42,0x5D,0x5B,0x04,0xFF,0xDF,0x71,0x45,0x4F,0x01,0x57,0x47,0x5D,0x5B,
    0x1B,0x34,0x4E,0x46,0x46,0x52,0x0E,0x49,0x4C,0x40,0x0C,0x5F,0x49,0x59,0x5F,0x01,
    0x5E,0x48,0x4F,0x1E,0x53,0x35,0x5D,0x41,0x46,0x58,0x0E,0x54,0x50,0x05,0x48,0x4C,
    0x44,0x43,0x59,0x40,0x4B,0x43,0x47,0x47,0x1B,0x34,0x40,0x0D,0x57,0x54,0x4B,0x1D,
    0x43,0x57,0x43,0x5C,0x46,0x4E,0x14,0x01,0xFF,0xDD,0x71,0x45,0x4F,0x01,0x4F,0x54,
    0x44,0x5A,0x1B,0x34,0x47,0x48,0x03,0x52,0x4B,0x5C,0x56,0x40,0x5F,0x5D,0x08,0x4E,
    0x4D,0x40,0x4D,0x40,0x07,0x1E,0x4C,0x28,0x40,0x0D,0x54,0x5D,0x45,0x58,0x57,0x05,
    0x59,0x59,0x08,0x4D,0x48,0x54,0x52,0x56,0x42,0x52,0x42,0x6C,0x0F,0x59,0x42,0x57,
    0x4B,0x4E,0x04,0x4A,0x42,0x4C,0x08,0x46,0x55,0x4E,0x54,0x06,0x4A,0x4A,0x00,0x13,
    0x51,0x45,0x4F,0x0D,0x1F,0x45,0x5E,0x4C,0x48,0x25,0x5C,0x01,0x03,0x5D,0x40,0x59,
    0x04,0x42,0x5E,0x48,0x4A,0x59,0x1A,0x47,0x50,0x54,0x0B,0x56,0x52,0x33,0x0F,0x4C,
    0x5B,0x59,0x00,0x1D,0xFF,0xF5,0x61,0x59,0x1A,0x55,0x57,0x4F,0x58,0x1E,0x5A,0x23,
    0x4C,0x48,0x53,0x48,0x4F,0x5F,0x48,0x40,0x13,0x09,0xFF,0xE5,0x7C,0x42,0x5F,0x53,
    0x5A,0x01,0x58,0x1E,0x55,0x2F,0x0F,0x5D,0x4C,0x55,0x40,0x49,0x04,0x4C,0x42,0x09,
    0x5B,0x5F,0x49,0x51,0x5A,0x48,0x4F,0x57,0x55,0x27,0x0F,0x4C,0x03,0x58,0x4B,0x50,
    0x4B,0x4B,0x5F,0x5D,0x5A,0x4B,0x4E,0x48,0x50,0x48,0x0B,0x59,0x5A,0x2D,0x4A,0x03,
    0xFF,0xFF,0xFF,0xE2,0x71,0x45,0x4F,0x01,0x5E,0x54,0x4E,0x1E,0x54,0x22,0x59,0x44,
    0x4C,0x49,0x5D,0x51,0x5D,0x05,0x4D,0x09,0x5A,0x4B,0x54,0x4A,0x1F,0x47,0x46,0x5F,
    0x4F,0x25,0x5A,0x5F,0x0D,0x1C,0x0E,0x7F,0x41,0x51,0x58,0x4C,0x5A,0x0A,0x56,0x54,
    0x5C,0x4D,0x0B,0x50,0x5E,0x38,0x5B,0x0D,0x57,0x55,0x43,0x58,0x0A,0x05,0x00,0x00,
    0x00,0x00,0x00,0x00,0x00,0x00,0x00,0x00,0x00,0x00,0x00,0x00,0x00,0x00,0x00,0x00,
    0x00,0x00,0x00,0x00,0x00,0x00,0x00,0x00,0x00,0x00,0x00,0x00,0x00,0x00,0x00,0x00,
    0xFF,0xE4,0x71,0x45,0x4F,0x53,0x1F,0x55,0x48,0x51,0x49,0x25,0x0F,0x5C,0x56,0x5D,
    0x42,0x54,0x42,0x4C,0x49,0x5A,0x08,0x53,0x55,0x54,0x1F,0x47,0x58,0x1E,0x5A,0x60,
    0x61,0x42,0x55,0x55,0x4D,0x58,0x04,0x66,0x40,0x48,0x5B,0x59,0x1A,0x60,0x5B,0x50,
    0x4E,0x50,0x4F,0x35,0x5D,0x48,0x51,0x12,0xFF,0xE3,0x71,0x45,0x4F,0x01,0x57,0x47,
    0x5D,0x5B,0x1B,0x21,0x4C,0x45,0x4A,0x59,0x58,0x58,0x40,0x05,0x58,0x41,0x4D,0x0A,
    0x48,0x40,0x4B,0x4F,0x45,0x59,0x01,0x60,0x0D,0x68,0x5B,0x4C,0x4B,0x4F,0x4D,0x40,
    0x42,0x4A,0x4D,0x4E,0x1A,0x60,0x5B,0x50,0x4E,0x50,0x4F,0x35,0x5D,0x48,0x51,0x1E,
    0x00,0x1D,0xFF,0xE4,0x71,0x45,0x4F,0x01,0x52,0x47,0x52,0x1E,0x55,0x2F,0x58,0x0D,
    0x40,0x53,0x40,0x4E,0x4D,0x41,0x49,0x5B,0x08,0x53,0x55,0x54,0x4D,0x55,0x4E,0x52,
    0x5D,0x60,0x4E,0x0D,0x01,0x6F,0x4B,0x5C,0x57,0x4A,0x42,0x4C,0x4C,0x0A,0x7B,0x45,
    0x49,0x43,0x45,0x4A,0x4E,0x32,0x4A,0x5F,0x01,0x12,0xFF,0xEB,0x71,0x45,0x4F,0x01,
    0x57,0x47,0x5D,0x5B,0x1B,0x32,0x4A,0x4C,0x40,0x54,0x4B,0x59,0x04,0x07,0x66,0x5C,
    0x46,0x43,0x55,0x53,0x1F,0x6B,0x4A,0x4D,0x4F,0x25,0x5D,0x0F,0x03,0x4F,0x5A,0x5C,
    0x50,0x50,0x5F,0x07,0xFF,0xE6,0x71,0x45,0x4F,0x53,0x1F,0x55,0x48,0x51,0x49,0x25,
    0x0F,0x5D,0x56,0x48,0x5D,0x1D,0x5D,0x4A,0x59,0x09,0x41,0x44,0x1A,0x6C,0x5E,0x55,
    0x5F,0x5B,0x49,0x60,0x6E,0x49,0x55,0x59,0x40,0x49,0x51,0x57,0x49,0x5B,0x08,0x69,
    0x56,0x40,0x4C,0x55,0x0B,0x7D,0x15,0x60,0xFF,0xE6,0x71,0x45,0x4F,0x53,0x1F,0x55,
    0x48,0x51,0x49,0x25,0x0F,0x5D,0x56,0x48,0x5D,0x1D,0x5D,0x4A,0x59,0x09,0x41,0x44,
    0x1A,0x6C,0x5E,0x55,0x5F,0x5B,0x49,0x60,0x6E,0x49,0x55,0x59,0x40,0x49,0x51,0x57,
    0x49,0x5B,0x08,0x69,0x56,0x40,0x4C,0x55,0x0B,0x7C,0x15,0x60,0xFF,0xE6,0x71,0x45,
    0x4F,0x53,0x1F,0x55,0x48,0x51,0x49,0x25,0x0F,0x5D,0x56,0x48,0x5D,0x1D,0x5D,0x4A,
    0x59,0x09,0x41,0x44,0x1A,0x6C,0x5E,0x55,0x5F,0x5B,0x49,0x60,0x6E,0x49,0x55,0x59,
    0x40,0x49,0x51,0x57,0x49,0x5B,0x08,0x69,0x56,0x40,0x4C,0x55,0x0B,0x7F,0x15,0x60,
    0xFF,0xDE,0x69,0x46,0x56,0x01,0x50,0x40,0x0B,0x5F,0x5F,0x36,0x4A,0x43,0x57,0x49,
    0x5C,0x58,0x40,0x4A,0x41,0x09,0x4F,0x43,0x4C,0x44,0x4C,0x06,0x5F,0x4C,0x52,0x22,
    0x5A,0x59,0x46,0x1C,0x5A,0x52,0x04,0x5C,0x43,0x5C,0x04,0x0A,0x7B,0x45,0x49,0x43,
    0x45,0x4A,0x4E,0x32,0x4A,0x5F,0x03,0x7B,0x5C,0x5C,0x4A,0x41,0x41,0x48,0x5B,0x5E,
    0x5F,0x53,0x1E,0x06,0xFF,0xFF,0xFF,0xDC,0x69,0x0A,0x56,0x40,0x4D,0x41,0x4E,0x1E,
    0x58,0x2C,0x40,0x58,0x47,0x1C,0x41,0x5B,0x04,0x42,0x5E,0x4C,0x4D,0x44,0x1A,0x52,
    0x52,0x49,0x40,0x5B,0x1B,0x21,0x5F,0x5D,0x46,0x5D,0x5C,0x4E,0x04,0x4C,0x42,0x09,
    0x4E,0x58,0x55,0x4F,0x4B,0x06,0x44,0x58,0x1B,0x39,0x40,0x58,0x0D,0x1C,0x0E,0x74,
    0x50,0x05,0x4F,0x45,0x4D,0x4B,0x48,0x52,0x1F,0x47,0x5C,0x5F,0x42,0x60,0x00,0x24,
    0x5C,0x45,0x1A,0x53,0x5A,0x50,0x4E,0x5F,0x57,0x60,0x4E,0x0D,0x57,0x5D,0x42,0x51,
    0x04,0x52,0x45,0x53,0x49,0x58,0x5E,0x0D,0x1F,0x45,0x47,0x51,0x4F,0x28,0x4A,0x49,
    0x03,0x55,0x40,0x1D,0x43,0x57,0x49,0x50,0x06,0x0A,0x1A,0x69,0x5A,0x06,0x4D,0x57,
    0x43,0x25,0x5C,0x0D,0x5A,0x53,0x5B,0x1D,0x53,0x4C,0x58,0x41,0x08,0x4B,0x1A,0x52,
    0x4B,0x43,0x4E,0x52,0x42,0x60,0x00,0x23,0x4F,0x46,0x5B,0x53,0x5A,0x06,0x4A,0x50,
    0x5F,0x60,0x4B,0x48,0x40,0x50,0x4F,0x4F,0x41,0x56,0x00,0x09,0x0A,0x7E,0x52,0x48,
    0x4C,0x06,0x4A,0x5A,0x4D,0x25,0x41,0x59,0x56,0x4E,0x4B,0x1D,0x4C,0x44,0x5F,0x09,
    0x44,0x4B,0x49,0x55,0x5A,0x42,0x0B,0x4A,0x54,0x2F,0x0F,0x41,0x4C,0x52,0x49,0x13,
    0x06,0x05,0x0C,0x7E,0x41,0x5E,0x52,0x01,0x4B,0x4E,0x4A,0x4A,0x00,0x24,0x40,0x4F,
    0x1A,0x4C,0x5E,0x4D,0x4E,0x4D,0x1B,0x21,0x0F,0x5E,0x4A,0x52,0x49,0x51,0x41,0x05,
    0x5C,0x48,0x5B,0x59,0x1A,0x4E,0x49,0x43,0x59,0x1E,0x42,0x2F,0x5A,0x0D,0x54,0x55,
    0x5A,0x55,0x04,0x4D,0x45,0x5A,0x08,0x42,0x5B,0x4F,0x5B,0x55,0x07,0x1E,0x5A,0x2E,
    0x4B,0x0D,0x46,0x4A,0x4B,0x4F,0x5D,0x51,0x44,0x40,0x46,0x4D,0x1A,0x40,0x4D,0x49,
    0x5E,0x50,0x5F,0x60,0x00,0x15,0x51,0x45,0x4F,0x01,0x59,0x47,0x4F,0x5B,0x48,0x60,
    0x4E,0x5A,0x42,0x45,0x0E,0x54,0x4A,0x51,0x43,0x09,0x49,0x0A,0x5D,0x53,0x5A,0x5F,
    0x0B,0x50,0x54,0x34,0x47,0x44,0x4D,0x5B,0x40,0x58,0x57,0x56,0x02,0x09,0xFF,0xE9,
    0x6D,0x5C,0x5F,0x4F,0x1F,0x51,0x42,0x44,0x5A,0x32,0x4B,0x5E,0x03,0x54,0x4F,0x4B,
    0x41,0x05,0x58,0x46,0x08,0x5D,0x5B,0x48,0x4B,0x06,0x47,0x51,0x55,0x27,0x4A,0x5F,
    0x03,0x48,0x46,0x5C,0x4A,0x05,0x58,0x41,0x49,0x5E,0x1B,0x01,0xFF,0xDF,0x61,0x0D,
    0x57,0x01,0x4B,0x43,0x59,0x4C,0x52,0x22,0x43,0x54,0x03,0x4F,0x41,0x4F,0x56,0x5C,
    0x00,0x09,0x4A,0x5F,0x4E,0x01,0x7C,0x49,0x47,0x51,0x48,0x33,0x4E,0x41,0x03,0x7F,
    0x4F,0x4B,0x41,0x05,0x45,0x5A,0x08,0x49,0x56,0x4E,0x4C,0x43,0x4F,0x10,0x1B,0x60,
    0x60,0x58,0x51,0x1C,0x46,0x52,0x51,0x57,0x5F,0x09,0x49,0x58,0x5F,0x1B,0xFF,0xE4,
    0x67,0x44,0x56,0x58,0x1F,0x51,0x42,0x44,0x5A,0x32,0x4B,0x5E,0x03,0x5D,0x5C,0x58,
    0x04,0x55,0x49,0x5B,0x45,0x43,0x4E,0x55,0x5A,0x42,0x0B,0x49,0x52,0x34,0x47,0x44,
    0x4D,0x1C,0x5A,0x55,0x41,0x05,0x4F,0x48,0x5E,0x4F,0x1A,0x53,0x56,0x41,0x43,0x4A,
    0x1B,0x2E,0x40,0x5A,0x0D,0x1C,0xFF,0xDC,0x7F,0x4F,0x1A,0x45,0x50,0x06,0x4A,0x52,
    0x57,0x2F,0x58,0x0D,0x55,0x55,0x5D,0x54,0x50,0x4A,0x5E,0x5A,0x08,0x5E,0x55,0x01,
    0x52,0x47,0x40,0x5B,0x1B,0x33,0x47,0x42,0x51,0x48,0x0E,0x58,0x5C,0x55,0x40,0x46,
    0x5A,0x4B,0x4E,0x48,0x50,0x48,0x58,0x1E,0x5F,0x35,0x5D,0x44,0x4D,0x5B,0x0E,0x52,
    0x51,0x57,0x0C,0x46,0x4E,0x4C,0x1A,0x49,0x50,0x53,0x59,0x4D,0x15,0x60,0x00,0x0E,
    0x7F,0x45,0x4F,0x4D,0x5B,0x06,0x52,0x51,0x4E,0x60,0x43,0x44,0x48,0x59,0x0E,0x49,
    0x4B,0x05,0x48,0x46,0x08,0x5E,0x52,0x40,0x4B,0x19,0xFF,0xDD,0x6B,0x45,0x56,0x4E,
    0x4C,0x55,0x4A,0x52,0x1B,0x03,0x4E,0x5B,0x46,0x1C,0x47,0x4E,0x04,0x4A,0x5C,0x4C,
    0x46,0x0A,0x4E,0x4E,0x1F,0x54,0x4E,0x59,0x4E,0x2C,0x4E,0x5F,0x03,0x5D,0x4A,0x4B,
    0x41,0x4B,0x58,0x5C,0x5A,0x4F,0x48,0x52,0x1F,0x47,0x5F,0x1E,0x4F,0x28,0x4A,0x0D,
    0x45,0x53,0x42,0x51,0x4B,0x52,0x45,0x47,0x4F,0x0A,0x52,0x4E,0x4A,0x54,0x58,0x04,
    0xFF,0xFA,0x7E,0x4F,0x48,0x58,0x1F,0x51,0x4E,0x52,0x57,0x6E,0xFF,0xE6,0x67,0x44,
    0x56,0x58,0x1F,0x47,0x0B,0x49,0x52,0x3A,0x4E,0x5F,0x47,0x1C,0x43,0x5C,0x5D,0x05,
    0x4F,0x46,0x46,0x5E,0x53,0x4F,0x4A,0x43,0x0B,0x5F,0x55,0x60,0x4E,0x49,0x55,0x59,
    0x40,0x49,0x51,0x57,0x49,0x09,0x5C,0x42,0x53,0x52,0x1F,0x55,0x44,0x51,0x55,0x6E,
    0xFF,0xE5,0x61,0x0A,0x49,0x54,0x58,0x41,0x4E,0x4D,0x4F,0x60,0x56,0x42,0x56,0x1C,
    0x5C,0x58,0x57,0x50,0x41,0x4C,0x08,0x53,0x55,0x54,0x4D,0x06,0x4A,0x5A,0x4D,0x25,
    0x41,0x59,0x56,0x4E,0x4B,0x1D,0x45,0x51,0x0C,0x48,0x08,0x46,0x5B,0x55,0x5A,0x54,
    0x0B,0x4A,0x52,0x2D,0x4A,0x03,0xFF,0xF0,0x6C,0x45,0x1A,0x58,0x50,0x53,0x0B,0x49,
    0x52,0x33,0x47,0x0D,0x57,0x53,0x0E,0x4E,0x41,0x40,0x0C,0x5D,0x40,0x4F,0x1A,0x49,
    0x50,0x53,0x59,0x4D,0x04,0x60,0xFF,0xEF,0x6C,0x45,0x1A,0x58,0x50,0x53,0x0B,0x49,
    0x52,0x33,0x47,0x0D,0x57,0x53,0x0E,0x5E,0x4C,0x44,0x42,0x4E,0x4D,0x0A,0x4E,0x49,
    0x5A,0x06,0x43,0x51,0x4E,0x32,0x5C,0x12,0xFF,0xEA,0x66,0x4F,0x4D,0x01,0x52,0x47,
    0x4C,0x57,0x58,0x60,0x58,0x42,0x51,0x58,0x0E,0x15,0x4A,0x50,0x40,0x45,0x08,0x5E,
    0x55,0x01,0x53,0x43,0x4A,0x48,0x5E,0x60,0x5A,0x43,0x40,0x54,0x4F,0x53,0x43,0x40,
    0x48,0x00,0x12,0x0A,0xFF,0xE9,0x66,0x4F,0x4D,0x01,0x52,0x47,0x4C,0x57,0x58,0x60,
    0x41,0x58,0x4E,0x5E,0x4B,0x4F,0x04,0x0D,0x42,0x5C,0x44,0x46,0x1A,0x55,0x50,0x06,
    0x47,0x5B,0x5A,0x36,0x4A,0x0D,0x56,0x52,0x4D,0x55,0x45,0x4B,0x4B,0x4C,0x4C,0x03,
    0x00,0x01,0xFF,0xE8,0x6C,0x45,0x1A,0x58,0x50,0x53,0x0B,0x49,0x52,0x33,0x47,0x0D,
    0x57,0x53,0x0E,0x5E,0x4C,0x44,0x42,0x4E,0x4D,0x0A,0x4E,0x49,0x5A,0x06,0x46,0x5B,
    0x48,0x33,0x4E,0x4A,0x46,0x1C,0x41,0x5B,0x04,0x51,0x44,0x4C,0x08,0x4E,0x5B,0x58,
    0x00,0x06,0xFF,0xEC,0x67,0x41,0x5B,0x58,0x11,0x06,0x0B,0x67,0x54,0x35,0x0F,0x4E,
    0x42,0x52,0x0E,0x4E,0x45,0x53,0x49,0x09,0x5C,0x42,0x53,0x52,0x1F,0x50,0x4E,0x4C,
    0x48,0x29,0x40,0x43,0x03,0x52,0x41,0x4A,0x0A,0x05,0xFF,0xF6,0x69,0x58,0x5F,0x01,
    0x46,0x49,0x5E,0x1E,0x5A,0x60,0x58,0x44,0x59,0x5D,0x5C,0x59,0x1B,0x05,0xFF,0xF0,
    0x78,0x58,0x55,0x57,0x5A,0x06,0x42,0x4A,0x1A,0x60,0x0F,0x7E,0x42,0x45,0x0E,0x49,
    0x4C,0x40,0x0C,0x44,0x49,0x4D,0x53,0x42,0x1F,0x51,0x44,0x4C,0x5F,0x61,0xFF,0xDC,
    0x7C,0x42,0x5B,0x55,0x1F,0x4F,0x58,0x1E,0x55,0x2F,0x5B,0x0D,0x54,0x54,0x4F,0x49,
    0x04,0x6C,0x0C,0x5D,0x40,0x45,0x4F,0x46,0x57,0x52,0x0B,0x57,0x4F,0x60,0x58,0x4C,
    0x50,0x12,0x0E,0x1D,0x60,0x4A,0x0C,0x50,0x47,0x5F,0x1A,0x4A,0x51,0x49,0x5C,0x1E,
    0x4C,0x28,0x4E,0x59,0x03,0x75,0x0E,0x49,0x4C,0x4A,0x59,0x4E,0x40,0x5E,0x1A,0x48,
    0x4B,0x06,0x5C,0x5F,0x48,0x7F,0xFF,0xDC,0x67,0x42,0x1A,0x45,0x5A,0x47,0x59,0x12,
    0x1B,0x39,0x40,0x58,0x03,0x4E,0x4B,0x5C,0x48,0x49,0x55,0x09,0x02,0x4B,0x48,0x44,
    0x15,0x06,0x4A,0x1E,0x4C,0x29,0x55,0x4C,0x51,0x58,0x0F,0x1D,0x04,0x76,0x43,0x5B,
    0x5A,0x53,0x1A,0x55,0x50,0x06,0x43,0x5F,0x4D,0x25,0x0F,0x4F,0x4C,0x48,0x46,0x58,
    0x56,0x40,0x48,0x09,0x51,0x45,0x4F,0x01,0x11,0x06,0x05,0x1E,0x15,0x60,0xFF,0xEC,
    0x6E,0x45,0x55,0x0D,0x1F,0x5F,0x44,0x4B,0x1B,0x21,0x5D,0x48,0x03,0x52,0x41,0x49,
    0x4C,0x4C,0x42,0x4E,0x08,0x48,0x4F,0x55,0x1F,0x47,0x0B,0x5D,0x53,0x21,0x5D,0x41,
    0x42,0x48,0x4F,0x53,0x05,0x05,0x00,0x00,0x00,0x00,0x00,0x00,0x00,0x00,0x00,0x00,
    0x00,0x00,0x00,0x00,0x00,0x00,0x00,0x00,0x00,0x00,0x00,0x00,0x00,0x00,0x00,0x00,
    0xFF,0xDE,0x66,0x4F,0x4D,0x01,0x57,0x49,0x5E,0x4C,0x48,0x60,0x5C,0x5D,0x46,0x5F,
    0x47,0x5B,0x4D,0x40,0x48,0x09,0x4A,0x53,0x1A,0x45,0x5A,0x40,0x42,0x50,0x52,0x2E,
    0x48,0x0D,0x01,0x4C,0x5C,0x54,0x49,0x40,0x0C,0x5D,0x41,0x47,0x5F,0x03,0x11,0x06,
    0x0B,0x79,0x52,0x36,0x4A,0x0D,0x4C,0x52,0x42,0x44,0x04,0x51,0x44,0x4C,0x08,0x42,
    0x55,0x54,0x4D,0x06,0x00,0x24,0x00,0x4F,0x14,0x46,0x11,0x06,0x1A,0x0A,0x17,0x60,
    0x41,0x42,0x57,0x1C,0x1F,0x09,0x1E,0x15,0x1C,0x09,0x47,0x58,0x1A,0x13,0x4F,0x4B,
    0x02,0x10,0x1B,0x60,0x6A,0x43,0x57,0x59,0x5C,0x1D,0x45,0x05,0x42,0x4C,0x4F,0x4B,
    0x4E,0x48,0x49,0x43,0x0B,0x50,0x4E,0x2D,0x4D,0x48,0x51,0x1C,0x4F,0x5B,0x50,0x40,
    0x5E,0x09,0x44,0x4B,0x49,0x55,0x1F,0x56,0x4A,0x57,0x49,0x6E,0xFF,0xF1,0x66,0x4F,
    0x4D,0x01,0x57,0x49,0x5E,0x4C,0x48,0x60,0x49,0x42,0x51,0x1C,0x4D,0x52,0x48,0x4A,
    0x5F,0x5A,0x49,0x46,0x1A,0x42,0x5E,0x50,0x4E,0x04,0xFF,0xE8,0x64,0x43,0x57,0x48,
    0x4B,0x06,0x47,0x57,0x55,0x25,0x5C,0x0D,0x57,0x53,0x0E,0x0A,0x14,0x05,0x4F,0x41,
    0x49,0x58,0x49,0x0F,0x1F,0x06,0x6E,0x50,0x5F,0x60,0x58,0x44,0x57,0x54,0x0E,0x53,
    0x51,0x49,0x40,0x09,0x44,0x43,0x54,0x44,0x11,0x06,0xFF,0xF4,0x64,0x43,0x54,0x44,
    0x1F,0x52,0x44,0x51,0x1B,0x2C,0x40,0x43,0x44,0x10,0x0E,0x4F,0x41,0x51,0x55,0x59,
    0x4D,0x10,0xFF,0xE3,0x66,0x45,0x4E,0x01,0x5A,0x48,0x44,0x4B,0x5C,0x28,0x0F,0x5F,
    0x4C,0x53,0x43,0x1D,0x42,0x4A,0x5E,0x09,0x49,0x44,0x55,0x55,0x57,0x43,0x59,0x1E,
    0x57,0x29,0x41,0x48,0x0D,0x1C,0x0E,0x78,0x4A,0x41,0x45,0x47,0x4F,0x0A,0x57,0x44,
    0x4C,0x55,0x4A,0x59,0x5E,0x60,0x47,0x48,0x51,0x59,0x00,0x1D,0xFF,0xE8,0x6C,0x45,
    0x1A,0x58,0x50,0x53,0x0B,0x49,0x52,0x33,0x47,0x0D,0x57,0x53,0x0E,0x15,0x56,0x40,
    0x05,0x5A,0x4B,0x42,0x5F,0x45,0x4A,0x4A,0x4E,0x1E,0x4F,0x28,0x4A,0x0D,0x4D,0x59,
    0x56,0x49,0x04,0x4D,0x43,0x45,0x41,0x4E,0x5B,0x58,0x00,0x06,0xFF,0xEE,0x7C,0x45,
    0x1A,0x43,0x5A,0x41,0x42,0x50,0x1B,0x28,0x40,0x5A,0x03,0x51,0x4F,0x53,0x5D,0x05,
    0x48,0x48,0x51,0x59,0x1A,0x47,0x4D,0x49,0x46,0x1E,0x4F,0x2F,0x4B,0x4C,0x5A,0x03,
    0xFF,0xE9,0x7C,0x45,0x1A,0x4D,0x5E,0x55,0x5F,0x1E,0x53,0x2F,0x58,0x0D,0x4E,0x5D,
    0x40,0x44,0x04,0x41,0x4D,0x50,0x5B,0x0A,0x12,0x5B,0x5A,0x54,0x44,0x1E,0x52,0x26,
    0x0F,0x43,0x4C,0x1C,0x46,0x52,0x48,0x4C,0x48,0x48,0x51,0x03,0x05,0x01,0xFF,0xEB,
    0x7C,0x45,0x1A,0x43,0x5A,0x06,0x48,0x5F,0x57,0x2C,0x4A,0x49,0x03,0x4B,0x46,0x5C,
    0x50,0x05,0x04,0x5C,0x58,0x0A,0x4E,0x4E,0x1F,0x14,0x1B,0x1E,0x58,0x28,0x4E,0x5F,
    0x42,0x5F,0x5A,0x58,0x56,0x56,0x05,0x16,0xFF,0xE7,0x7C,0x45,0x55,0x01,0x4C,0x4B,
    0x4A,0x52,0x57,0x61,0x0F,0x0D,0x62,0x4F,0x5D,0x48,0x49,0x4C,0x42,0x4E,0x08,0x47,
    0x53,0x4F,0x56,0x4B,0x5E,0x53,0x1B,0x36,0x4E,0x41,0x56,0x59,0x0E,0x15,0x10,0x10,
    0x0C,0x44,0x41,0x44,0x4F,0x55,0x5A,0x55,0x02,0x10,0xFF,0xE8,0x6A,0x58,0x5F,0x40,
    0x54,0x06,0x44,0x4B,0x4F,0x60,0x40,0x4B,0x03,0x48,0x46,0x54,0x57,0x05,0x4D,0x47,
    0x4C,0x0A,0x49,0x40,0x49,0x43,0x0B,0x47,0x54,0x35,0x5D,0x0D,0x4E,0x59,0x43,0x52,
    0x56,0x5C,0x0C,0x40,0x45,0x4B,0x5D,0x44,0x11,0x06,0xFF,0xED,0x6A,0x4F,0x1A,0x52,
    0x4A,0x54,0x4E,0x1E,0x4F,0x2F,0x0F,0x5E,0x42,0x4A,0x4B,0x1D,0x5D,0x4A,0x59,0x5B,
    0x08,0x47,0x5F,0x4C,0x50,0x54,0x52,0x1E,0x52,0x2D,0x4E,0x4A,0x46,0x12,0x00,0x13,
    0xFF,0xFF,0x00,0x00,0x00,0x00,0x00,0x00,0x00,0x00,0x00,0x00,0x00,0x00,0x00,0x00,
    0x00,0x00,0x00,0x00,0x00,0x00,0x00,0x00,0x00,0x00,0x00,0x00,0x00,0x00,0x00,0x00,
    0x00,0x00,0x00,0x00,0x00,0x00,0x00,0x00,0x00,0x00,0x00,0x00,0x00,0x00,0x00,0x00,
    0x00,0x00,0x00,0x00,0x00,0x00,0x00,0x00,0x00,0x00,0x00,0x00,0x00,0x00,0x00,0x00,
    0x00,0x00,0x00,0x00,0x00,0x00,0x00,0x00,0x00,0x00,0x00,0x00,0x00,0x00,0x00,0x00,
    0x00,0x00,0x00,0x00,0x00,0x00,0x00,0x00,0x00,0x00,0x00,0x00,0x00,0x00,0x00,0x00,
    0x00,0x00,0x00,0x00,0x00,0x00,0x00,0x00,0x00,0x00,0x00,0x00,0x00,0x00,0x00,0x00,
    0x00,0x00,0x00,0x00,0x00,0x00,0x00,0x00,0x00,0x00,0x00,0x00,0x00,0x00,0x00,0x00,
    0x00,0x00,0x00,0x00,0x00,0x00,0x00,0x00,0x00,0x00,0x00,0x00,0x00,0x00,0x00,0x00,
    0x00,0x00,0x00,0x00,0x00,0x00,0x00,0x00,0x00,0x00,0x00,0x00,0x00,0x00,0x00,0x00,
    0x00,0x00,0x00,0x00,0x00,0x00,0x00,0x00,0x00,0x00,0x00,0x00,0x00,0x00,0x00,0x00,
    0x00,0x00,0x00,0x00,0x00,0x00,0x00,0x00,0x00,0x00,0x00,0x00,0x00,0x00,0x00,0x00,
    0x00,0x00,0x00,0x00,0x00,0x00,0x00,0x00,0x00,0x00,0x00,0x00,0x00,0x00,0x00,0x00,
    0x00,0x00,0x00,0x00,0x00,0x00,0x00,0x00,0x00,0x00,0x00,0x00,0x00,0x00,0x00,0x00,
    0x00,0x00,0x00,0x00,0x00,0x00,0x00,0x00,0x00,0x00,0x00,0x00,0x00,0x00,0x00,0x00,
    0x00,0x00,0x00,0x00,0x00,0x00,0x00,0x00,0x00,0x00,0x00,0x00,0x00,0x00,0x00,0x00,
    0x00,0x00,0x00,0x00,0x00,0x00,0x00,0x00,0x00,0x00,0x00,0x00,0x00,0x00,0x00,0x00,
    0x00,0x00,0x00,0x00,0x00,0x00,0x00,0x00,0x00,0x00,0x00,0x00,0x00,0x00,0x00,0x00,
    0x00,0x00,0x00,0x00,0x00,0x00,0x00,0x00,0x00,0x00,0x00,0x00,0x00,0x00,0x00,0x00,
    0x00,0x00,0x00,0x00,0x00,0x00,0x00,0x00,0x00,0x00,0x00,0x00,0x00,0x00,0x00,0x00,
    0x00,0x00,0x00,0x00,0x00,0x00,0x00,0x00,0x00,0x00,0x00,0x00,0x00,0x00,0x00,0x00,
    0x00,0x00,0x00,0x00,0x00,0x00,0x00,0x00,0x00,0x00,0x00,0x00,0x00,0x00,0x00,0x00,
    0x00,0x00,0x00,0x00,0x00,0x00,0x00,0x00,0x00,0x00,0x00,0x00,0x00,0x00,0x00,0x00,
    0x00,0x00,0x00,0x00,0x00,0x00,0x00,0x00,0x00,0x00,0x00,0x00,0x00,0x00,0x00,0x00,
    0x00,0x00,0x00,0x00,0x00,0x00,0x00,0x00,0x00,0x00,0x00,0x00,0x00,0x00,0x00,0x00,
    0x00,0x00,0x00,0x00,0x00,0x00,0x00,0x00,0x00,0x00,0x00,0x00,0x00,0x00,0x00,0x00,
    0x00,0x00,0x00,0x00,0x00,0x00,0x00,0x00,0x00,0x00,0x00,0x00,0x00,0x00,0x00,0x00,
    0x00,0x00,0x00,0x00,0x00,0x00,0x00,0x00,0x00,0x00,0x00,0x00,0x00,0x00,0x00,0x00,
    0x00,0x00,0x00,0x00,0x00,0x00,0x00,0x00,0x00,0x00,0x00,0x00,0x00,0x00,0x00,0x00,
    0x00,0x00,0x00,0x00,0x00,0x00,0x00,0x00,0x00,0x00,0x00,0x00,0x00,0x00,0x00,0x00,
    0x00,0x00,0x00,0x00,0x00,0x00,0x00,0x00,0x00,0x00,0x00,0x00,0x00,0x00,0x00,0x00,
    0x00,0x00,0x00,0x00,0x00,0x00,0x00,0x00,0x00,0x00,0x00,0x00,0x00,0x00,0x00,0x00,
    0x00,0x00,0x00,0x00,0x00,0x00,0x00,0x00,0x00,0x00,0x00,0x00,0x00,0x00,0x00,0x00,
    0x00,0x00,0x00,0x00,0x00,0x00,0x00,0x00,0x00,0x00,0x00,0x00,0x00,0x00,0x00,0x00,
    0x00,0x00,0x00,0x00,0x00,0x00,0x00,0x00,0x00,0x00,0x00,0x00,0x00,0x00,0x00,0x00,
    0x00,0x00,0x00,0x00,0x00,0x00,0x00,0x00,0x00,0x00,0x00,0x00,0x00,0x00,0x00,0x00,
    0x00,0x00,0x00,0x00,0x00,0x00,0x00,0x00,0x00,0x00,0x00,0x00,0x00,0x00,0x00,0x00,
    0x00,0x00,0x00,0x00,0x00,0x00,0x00,0x00,0x00,0x00,0x00,0x00,0x00,0x00,0x00,0x00,
    0x00,0x00,0x00,0x00,0x00,0x00,0x00,0x00,0x00,0x00,0x00,0x00,0x00,0x00,0x00,0x00,
    0x00,0x00,0x00,0x00,0x00,0x00,0x00,0x00,0x00,0x00,0x00,0x00,0x00,0x00,0x00,0x00,
    0x00,0x00,0x00,0x00,0x00,0x00,0x00,0x00,0x00,0x00,0x00,0x00,0x00,0x00,0x00,0x00,
    0x00,0x00,0x00,0x00,0x00,0x00,0x00,0x00,0x00,0x00,0x00,0x00,0x00,0x00,0x00,0x00,
    0x00,0x00,0x00,0x00,0x00,0x00,0x00,0x00,0x00,0x00,0x00,0x00,0x00,0x00,0x00,0x00,
    0x00,0x00,0x00,0x00,0x00,0x00,0x00,0x00,0x00,0x00,0x00,0x00,0x00,0x00,0x00,0x00,
    0x00,0x00,0x00,0x00,0x00,0x00,0x00,0x00,0x00,0x00,0x00,0x00,0x00,0x00,0x00,0x00,
    0x00,0x00,0x00,0x00,0x00,0x00,0x00,0x00,0x00,0x00,0x00,0x00,0x00,0x00,0x00,0x00,
    0x00,0x00,0x00,0x00,0x00,0x00,0x00,0x00,0x00,0x00,0x00,0x00,0x00,0x00,0x00,0x00,
    0x00,0x00,0x00,0x00,0x00,0x00,0x00,0x00,0x00,0x00,0x00,0x00,0x00,0x00,0x00,0x00,
    0x00,0x00,0x00,0x00,0x00,0x00,0x00,0x00,0x00,0x00,0x00,0x00,0x00,0x00,0x00,0x00,
    0x00,0x00,0x00,0x00,0x00,0x00,0x00,0x00,0x00,0x00,0x00,0x00,0x00,0x00,0x00,0x00,
    0x00,0x00,0x00,0x00,0x00,0x00,0x00,0x00,0x00,0x00,0x00,0x00,0x00,0x00,0x00,0x00,
    0x00,0x00,0x00,0x00,0x00,0x00,0x00,0x00,0x00,0x00,0x00,0x00,0x00,0x00,0x00,0x00,
    0x00,0x00,0x00,0x00,0x00,0x00,0x00,0x00,0x00,0x00,0x00,0x00,0x00,0x00,0x00,0x00,
    0x00,0x00,0x00,0x00,0x00,0x00,0x00,0x00,0x00,0x00,0x00,0x00,0x00,0x00,0x00,0x00,
    0x00,0x00,0x00,0x00,0x00,0x00,0x00,0x00,0x00,0x00,0x00,0x00,0x00,0x00,0x00,0x00,
    0x00,0x00,0x00,0x00,0x00,0x00,0x00,0x00,0x00,0x00,0x00,0x00,0x00,0x00,0x00,0x00,
    0x00,0x00,0x00,0x00,0x00,0x00,0x00,0x00,0x00,0x00,0x00,0x00,0x00,0x00,0x00,0x00,
    0x00,0x00,0x00,0x00,0x00,0x00,0x00,0x00,0x00,0x00,0x00,0x00,0x00,0x00,0x00,0x00,
    0x00,0x00,0x00,0x00,0x00,0x00,0x00,0x00,0x00,0x00,0x00,0x00,0x00,0x00,0x00,0x00,
    0x00,0x00,0x00,0x00,0x00,0x00,0x00,0x00,0x00,0x00,0x00,0x00,0x00,0x00,0x00,0x00,
    0x00,0x00,0x00,0x00,0x00,0x00,0x00,0x00,0x00,0x00,0x00,0x00,0x00,0x00,0x00,0x00,
    0x00,0x00,0x00,0x00,0x00,0x00,0x00,0x00,0x00,0x00,0x00,0x00,0x00,0x00,0x00,0x00,
    0x00,0x00,0x00,0x00,0x00,0x00,0x00,0x00,0x00,0x00,0x00,0x00,0x00,0x00,0x00,0x00,
    0x00,0x00,0x00,0x00,0x00,0x00,0x00,0x00,0x00,0x00,0x00,0x00,0x00,0x00,0x00,0x00,
    0x00,0x00,0x00,0x00,0x00,0x00,0x00,0x00,0x00,0x00,0x00,0x00,0x00,0x00,0x00,0x00,
    0x00,0x00,0x00,0x00,0x00,0x00,0x00,0x00,0x00,0x00,0x00,0x00,0x00,0x00,0x00,0x00,
    0x00,0x00,0x00,0x00,0x00,0x00,0x00,0x00,0x00,0x00,0x00,0x00,0x00,0x00,0x00,0x00,
    0x00,0x00,0x00,0x00,0x00,0x00,0x00,0x00,0x00,0x00,0x00,0x00,0x00,0x00,0x00,0x00,
    0x00,0x00,0x00,0x00,0x00,0x00,0x00,0x00,0x00,0x00,0x00,0x00,0x00,0x00,0x00,0x00,
    0x00,0x00,0x00,0x00,0x00,0x00,0x00,0x00,0x00,0x00,0x00,0x00,0x00,0x00,0x00,0x00,
    0xE6,0xA1,0xE6,0xA1,0xE6,0xA1,0xE6,0xA1,0xE6,0xA1,0xE6,0xA1,0xE6,0xA1,0xE6,0xA1,
    0xE6,0xA1,0xE6,0xA1,0xC6,0x81,0x39,0x7E,0xC6,0x81,0xC6,0xDB,0xA2,0xF6,0xA7,0xF3,
    0xA0,0xA1,0xC2,0xD6,0x39,0x7E,0x39,0x7E,0x39,0x7E,0x39,0x7E,0x39,0x7E,0x39,0x7E,
    0x39,0x7E,0x39,0x7E,0x39,0x7E,0x39,0x7E,0x39,0x7E,0x39,0x7E,0x39,0x7E,0x39,0x7E,
    0x39,0x7E,0x39,0x7E,0x39,0x7E,0x39,0x7E,0x39,0x7E,0x39,0x7E,0x39,0x7E,0x39,0x7E,
    0x39,0x7E,0x39,0x7E,0x39,0x7E,0x39,0x7E,0x39,0x7E,0x39,0x7E,0x39,0x7E,0x39,0x7E,
    0x39,0x7E,0x39,0x7E,0x39,0x7E,0x39,0x7E,0x39,0x7E,0x39,0x7E,0x39,0x7E,0x39,0x7E,
    0x39,0x7E,0x39,0x7E,0x39,0x7E,0x39,0x7E,0x39,0x7E,0x39,0x7E,0x39,0x7E,0x39,0x7E,
    0x39,0x7E,0x39,0x7E,0x39,0x7E,0x39,0x7E,0x39,0x7E,0x39,0x7E,0x39,0x7E,0x39,0x7E,
    0x39,0x7E,0x39,0x7E,0x39,0x7E,0x39,0x7E,0x39,0x7E,0x39,0x7E,0x39,0x7E,0x39,0x7E,
    0x39,0x7E,0x39,0x7E,0x39,0x7E,0x39,0x7E,0x39,0x7E,0x39,0x7E,0x39,0x7E,0x39,0x7E,
    0x39,0x7E,0x39,0x7E,0x39,0x7E,0x39,0x7E,0x39,0x7E,0x39,0x7E,0x39,0x7E,0x39,0x7E,
    0x39,0x7E,0x39,0x7E,0x39,0x7E,0x39,0x7E,0x39,0x7E,0x39,0x7E,0x39,0x7E,0x39,0x7E,
    0x39,0x7E,0x39,0x7E,0x39,0x7E,0x39,0x7E,0x39,0x7E,0x39,0x7E,0x39,0x7E,0x39,0x7E,
    0x39,0x7E,0x39,0x7E,0x39,0x7E,0x39,0x7E,0x39,0x7E,0x39,0x7E,0x39,0x7E,0x39,0x7E,
    0x39,0x7E,0x39,0x7E,0x39,0x7E,0x39,0x7E,0x39,0x7E,0x39,0x7E,0x39,0x7E,0x39,0x7E,
    0x39,0x7E,0x39,0x7E,0x39,0x7E,0x39,0x7E,0x39,0x7E,0x39,0x7E,0x39,0x7E,0x39,0x7E,
    0x39,0x7E,0x39,0x7E,0x39,0x7E,0x39,0x7E,0x39,0x7E,0x39,0x7E,0x39,0x7E,0x39,0x7E,
    0x39,0x7E,0x39,0x7E,0x39,0x7E,0x39,0x7E,0x39,0x7E,0x39,0x7E,0x39,0x7E,0x39,0x7E,
    0x39,0x7E,0x39,0x7E,0x39,0x7E,0x39,0x7E,0x39,0x7E,0x39,0x7E,0x39,0x7E,0x39,0x7E,
    0x39,0x7E,0x39,0x7E,0x39,0x7E,0x39,0x7E,0x39,0x7E,0x39,0x7E,0x39,0x7E,0x39,0x7E,
    0x39,0x7E,0x39,0x7E,0x39,0x7E,0x39,0x7E,0x39,0x7E,0x39,0x7E,0x39,0x7E,0x39,0x7E,
    0x39,0x7E,0x39,0x7E,0x39,0x7E,0x39,0x7E,0x39,0x7E,0x39,0x7E,0x39,0x7E,0x39,0x7E,
    0x39,0x7E,0x39,0x7E,0x39,0x7E,0x39,0x7E,0x39,0x7E,0x39,0x7E,0x39,0x7E,0x39,0x7E,
    0x39,0x7E,0x39,0x7E,0x39,0x7E,0x39,0x7E,0x39,0x7E,0x39,0x7E,0x39,0x7E,0x39,0x7E,
    0x39,0x7E,0x39,0x7E,0x39,0x7E,0x39,0x7E,0x39,0x7E,0x39,0x7E,0x39,0x7E,0x39,0x7E,
    0x39,0x7E,0x39,0x7E,0x39,0x7E,0x39,0x7E,0x39,0x7E,0x39,0x7E,0x39,0x7E,0x39,0x7E,
    0x39,0x7E,0x39,0x7E,0x39,0x7E,0x39,0x7E,0x39,0x7E,0x39,0x7E,0x39,0x7E,0x39,0x7E,
    0x39,0x7E,0x39,0x7E,0x39,0x7E,0x39,0x7E,0x39,0x7E,0x39,0x7E,0x39,0x7E,0x39,0x7E,
    0x39,0x7E,0x39,0x7E,0x39,0x7E,0x39,0x7E,0x39,0x7E,0x39,0x7E,0x39,0x7E,0x39,0x7E,
    0x39,0x7E,0x39,0x7E,0x39,0x7E,0x39,0x7E,0x39,0x7E,0x39,0x7E,0x39,0x7E,0x39,0x7E,
    0x39,0x7E,0x39,0x7E,0x39,0x7E,0x39,0x7E,0x39,0x7E,0x39,0x7E,0x39,0x7E,0x39,0x7E,
    0x39,0x7E,0x39,0x7E,0x39,0x7E,0x39,0x7E,0x39,0x7E,0x39,0x7E,0x39,0x7E,0x39,0x7E,
    0x39,0x7E,0x39,0x7E,0x39,0x7E,0x39,0x7E,0x39,0x7E,0x39,0x7E,0x39,0x7E,0x39,0x7E,
    0x39,0x7E,0x39,0x7E,0x39,0x7E,0x39,0x7E,0x39,0x7E,0x39,0x7E,0x39,0x7E,0x39,0x7E,
    0x39,0x7E,0x39,0x7E,0x39,0x7E,0x39,0x7E,0x39,0x7E,0x39,0x7E,0x39,0x7E,0x39,0x7E,
    0x39,0x7E,0x39,0x7E,0x39,0x7E,0x39,0x7E,0x39,0x7E,0x39,0x7E,0x39,0x7E,0x39,0x7E,
    0x39,0x7E,0x39,0x7E,0x39,0x7E,0x39,0x7E,0x39,0x7E,0x39,0x7E,0x39,0x7E,0x39,0x7E,
    0x39,0x7E,0x39,0x7E,0x39,0x7E,0x39,0x7E,0x39,0x7E,0x39,0x7E,0x39,0x7E,0x39,0x7E,
    0x39,0x7E,0x39,0x7E,0x39,0x7E,0x39,0x7E,0x39,0x7E,0x39,0x7E,0xC6,0x9F,0xCE,0x90,
    0xC6,0x81,0x00,0x00,0x00,0x00,0x00,0x00,0x00,0x00,0x00,0x00,0x00,0x00,0x00,0x00,
    0x00,0x00,0x00,0x00,0x00,0x00,0x00,0x00,0x00,0x00,0x00,0x00,0x00,0x00,0x00,0x00,
    0x00,0x00,0x00,0x00,0x00,0x00,0x00,0x00,0x00,0x00,0x00,0x00,0x00,0x00,0x00,0x00,
    0x00,0x00,0x00,0x00,0x00,0x00,0x00,0x00,0x00,0x00,0x00,0x00,0x00,0x00,0x00,0x00,
    0x00,0x00,0x00,0x00,0x00,0x00,0x00,0x00,0x00,0x00,0x00,0x00,0x00,0x00,0x00,0x00,
    0x00,0x00,0x00,0x00,0x00,0x00,0x00,0x00,0x00,0x00,0x00,0x00,0x00,0x00,0x00,0x00,
    0x00,0x00,0x00,0x00,0x00,0x00,0x00,0x00,0x00,0x00,0x00,0x00,0x00,0x00,0x00,0x00,
    0x00,0x00,0x00,0x00,0x00,0x00,0x00,0x00,0x00,0x00,0x00,0x00,0x00,0x00,0x00,0x00,
    0x00,0x00,0x00,0x00,0x00,0x00,0x00,0x00,0x00,0x00,0x00,0x00,0x00,0x00,0x00,0x00,
    0x00,0x00,0x00,0x00,0x00,0x00,0x00,0x00,0x00,0x00,0x00,0x00,0x00,0x00,0x00,0x00,
    0x00,0x00,0x00,0x00,0x00,0x00,0x00,0x00,0x00,0x00,0x00,0x00,0x00,0x00,0x00,0x00,
    0x00,0x00,0x00,0x00,0x00,0x00,0x00,0x00,0x00,0x00,0x00,0x00,0x00,0x00,0x00,0x00,
    0x00,0x00,0x00,0x00,0x00,0x00,0x00,0x00,0x00,0x00,0x00,0x00,0x00,0x00,0x00,0x00,
    0x00,0x00,0x00,0x00,0x00,0x00,0x00,0x00,0x00,0x00,0x00,0x00,0x00,0x00,0x00,0x00,
    0x00,0x01,0x13,0xFB,0x02,0x80,0x00,0x04,0x16,0x0E,0xD0,0x29,0x00,0x7C,0x09,0x80,
    0xC0,0x40,0x02,0x00,0x00,0xDF,0x04,0x2A,0x00,0x8C,0xC1,0xEA,0x00,0xEF,0x04,0x57,
    0x02,0x83,0x00,0x06,0x16,0x09,0xD0,0xA9,0x00,0x83,0x09,0x82,0x02,0x42,0x00,0x04,
    0x13,0x03,0xD9,0x20,0x48,0x5D,0x00,0x87,0x06,0xA0,0x00,0xFC,0x04,0xE9,0x00,0x7F,
    0x04,0xE4,0x00,0x8D,0x02,0x29,0x00,0x7D,0x8A,0x89,0x00,0x7E,0x1A,0xC6,0x02,0x00,
    0x00,0xE2,0x04,0x2A,0x00,0x8C,0xC1,0xEA,0x00,0xEF,0x04,0x57,0x01,0x02,0x93,0x00,
    0x00,0x0A,0x10,0x0F,0x06,0x22,0x00,0x06,0x05,0xA2,0x00,0x0A,0xD8,0x60,0x47,0x3B,
    0xFF,0xFF,0x98,0x11,0x47,0x38,0x16,0x03,0xD4,0x60,0x47,0x3D,0x10,0x02,0xD4,0x60,
    0x47,0x3C,0xC0,0x62,0x00,0x0A,0x20,0x60,0x47,0x40,0x16,0x06,0x05,0xA2,0x00,0x0A,
    0xA0,0x22,0x00,0x0A,0xC4,0x20,0x47,0x3F,0x02,0x01,0x0B,0x00,0x09,0x13,0x17,0x05,
    0x06,0xC4,0xD8,0x84,0x00,0x0D,0xC8,0x85,0x00,0x0E,0x04,0x60,0x47,0x00,0xC0,0x4B,
    0x04,0x2A,0x00,0x8C,0x04,0x51,0xD8,0x80,0x00,0x0D,0xC8,0x80,0x00,0x0E,0x02,0x01,
    0x00,0x0E,0x06,0xC1,0xD8,0x81,0x00,0x02,0x2F,0xD2,0x04,0xC0,0x04,0x5B,0x02,0x01,
    0x0D,0x00,0x10,0x16,0x04,0xC0,0x04,0x5B,0xF8,0xA0,0x47,0x37,0x00,0x05,0xC3,0x22,
    0x00,0xFF,0xFB,0x20,0x47,0x3E,0x00,0x05,0x04,0x60,0x46,0x24,0xF8,0xA0,0x47,0x37,
    0x00,0x05,0xC3,0x22,0x00,0xFF,0x5B,0x20,0x47,0x3E,0x00,0x05,0x04,0x60,0x46,0x06,
    0xD8,0x81,0x00,0x02,0x2F,0xD2,0x02,0x81,0x09,0x00,0x16,0x01,0x04,0xC3,0xC0,0x62,
    0x00,0x0A,0xC0,0x22,0x00,0x04,0xC3,0x00,0x02,0x40,0x00,0x80,0x13,0x01,0x04,0xCC,
    0x09,0xDC,0xD0,0x2C,0x47,0x34,0x09,0x80,0x02,0x80,0x00,0x02,0x16,0x02,0x02,0x03,
    0x00,0x01,0x04,0x5B,0x00,0x02,0x01,0x80,0x31,0x30,0x2B,0x0D,0x0A,0x0C,0x04,0x00,
    0x00,0x01,0xC3,0x4B,0xCA,0x80,0x00,0x7B,0xCA,0x81,0x00,0x7E,0xCA,0x82,0x00,0xE9,
    0xCA,0x83,0x00,0xEB,0xCA,0x82,0x00,0xE8,0xCA,0x83,0x00,0xEA,0xCA,0x85,0x00,0xCC,
    0xCA,0x86,0x00,0xF7,0xCA,0x87,0x00,0x8C,0xCA,0x88,0x00,0xF6,0xCA,0x89,0x00,0xE7,
    0xCA,0x8A,0x00,0xF4,0xCA,0x8A,0x00,0xF5,0x04,0xC3,0x80,0x40,0x14,0x02,0xDC,0x03,
    0x10,0xFC,0x04,0xC0,0xC1,0xEA,0x00,0xEC,0x04,0x17,0x02,0x01,0x00,0x00,0xC1,0xEA,
    0x00,0xEE,0x04,0x17,0xC1,0xEA,0x00,0xE8,0x05,0x87,0x02,0x47,0xFF,0xFE,0xCA,0x87,
    0x00,0xE8,0xC1,0x2A,0x00,0xEA,0x61,0x07,0x04,0xC3,0x3C,0xE0,0x47,0xD2,0xC0,0xEA,
    0x00,0xEA,0x60,0xC4,0xCA,0x83,0x00,0xEA,0x04,0xC5,0xDD,0xC5,0x80,0xC7,0x1A,0xFC,
    0x04,0x5D,0x04,0x2A,0x00,0x8C,0x04,0xC0,0x04,0x5B,0x04,0x2A,0x00,0x8C,0x04,0xC0,
    0x04,0x5B,0x00,0x26,0xC2,0x6A,0x00,0x7B,0x13,0x3A,0xC1,0x29,0x00,0x7F,0x13,0x32,
    0xD9,0x20,0x48,0x5C,0x00,0x87,0xD0,0xE9,0x00,0x82,0x09,0x83,0x02,0x83,0x00,0x01,
    0x13,0x20,0x00,0x00,0x00,0x0F,0x00,0x00,0x00,0x00,0x03,0x60,0x00,0x00,0x00,0x00,
    0x00,0x00,0x00,0x00,0x00,0x00,0x00,0x00,0x00,0x00,0x00,0x00,0x00,0x00,0x00,0x00,
    0x00,0x00,0x00,0x00,0x00,0x00,0x00,0x00,0x00,0x00,0x00,0x00,0x00,0x00,0x00,0x00,
    0x00,0x00,0x00,0x00,0x00,0x00,0x00,0x00,0x00,0x00,0x00,0x00,0x00,0x00,0x00,0x00,
    0x00,0x00,0x00,0x00,0x00,0x00,0x00,0x00,0x00,0x00,0x00,0x00,0x00,0x00,0x00,0x00,
    0x00,0x00,0x00,0x00,0x00,0x00,0x00,0x00,0x00,0x00,0x00,0x00,0x00,0x00,0x00,0x00,
    0x00,0x00,0x00,0x00,0x00,0x00,0x00,0x00,0x00,0x00,0x00,0x00,0x00,0x00,0x00,0x00,
    0x00,0x00,0x00,0x00,0x00,0x00,0x00,0x00,0x00,0x00,0x00,0x00,0x00,0x00,0x00,0x00,
    0x00,0x00,0x00,0x00,0x00,0x00,0x00,0x00,0x00,0x00,0x00,0x00,0x00,0x00,0x00,0x00,
    0x00,0x00,0x00,0x00,0x00,0x00,0x00,0x00,0x00,0x00,0x00,0x00,0x00,0x00,0x00,0x00,
    0x00,0x00,0x00,0x00,0x00,0x00,0x00,0x00,0x00,0x00,0x00,0x00,0x00,0x00,0x00,0x00,
    0x00,0x00,0x00,0x00,0x00,0x00,0x00,0x00,0x00,0x00,0x00,0x00,0x00,0x00,0x00,0x00,
    0x00,0x00,0x00,0x00,0x00,0x00,0x00,0x00,0x00,0x00,0x00,0x00,0x00,0x00,0x00,0x00,
    0x00,0x00,0x00,0x00,0x00,0x00,0x00,0x00,0x00,0x00,0x00,0x00,0x00,0x00,0x00,0x00,
    0x00,0x00,0x00,0x00,0x00,0x00,0x00,0x00,0x00,0x00,0x00,0x00,0x00,0x00,0x00,0x00,
    0x00,0x00,0x00,0x00,0x00,0x00,0x00,0x00,0x00,0x00,0x00,0x00,0x00,0x00,0x00,0x00,
    0x00,0x00,0x00,0x00,0x00,0x00,0x00,0x00,0x00,0x01,0x01,0x01,0x01,0x01,0x01,0x01,
    0x00,0x00,0x00,0x00,0x00,0x00,0x00,0x00,0x00,0x00,0x00,0x00,0x00,0x00,0x00,0x00,
    0x00,0x00,0x00,0x00,0x00,0x00,0x00,0x00,0x00,0x00,0x00,0x00,0x00,0x00,0x00,0x00,
    0x00,0x00,0x00,0x00,0x00,0x00,0x00,0x00,0x00,0x00,0x00,0x00,0x00,0x00,0x00,0x00,
    0x00,0x00,0x00,0x00,0x00,0x00,0x00,0x00,0x00,0x00,0x00,0x00,0x00,0x00,0x00,0x00,
    0x00,0x00,0x00,0x00,0x00,0x00,0x00,0x00,0x00,0x00,0x00,0x00,0x00,0x00,0x00,0x00,
    0x00,0x00,0x00,0x00,0x00,0x00,0x00,0x00,0x00,0x00,0x00,0x00,0x00,0x00,0x00,0x00,
};
