loaded data/ADVENTURE.PR at 0000..7FFF
0100  0002        JMP 2
0101  0060        JMP 96
0102  0000        JMP 0
0103  0000        JMP 0
0104  0000        JMP 0
0105  0000        JMP 0
0106  FFFF        ANDCS# 3,3,SBN
0107  0000        JMP 0
0108  0000        JMP 0
0109  FFFF        ANDCS# 3,3,SBN
010A  0300        JMP 0,3
010B  0001        JMP 1
010C  0113        JMP 19,PC   ; -> 011F
010D  0113        JMP 19,PC   ; -> 0120
010E  FFFF        ANDCS# 3,3,SBN
010F  0003        JMP 3
0110  0128        JMP 40,PC   ; -> 0138
0111  0010        JMP 16
0112  0010        JMP 16
0113  FFFF        ANDCS# 3,3,SBN
0114  0000        JMP 0
0115  0000        JMP 0
0116  0000        JMP 0
0117  0000        JMP 0
0118  0000        JMP 0
0119  0000        JMP 0
011A  0000        JMP 0
011B  0000        JMP 0
011C  0000        JMP 0
011D  02C6        JMP -58,2
011E  0000        JMP 0
011F  0000        JMP 0
0120  0000        JMP 0
0121  0000        JMP 0
0122  0000        JMP 0
0123  0100        JMP 0,PC   ; -> 0123
0124  0000        JMP 0
0125  0000        JMP 0
0126  0000        JMP 0
0127  0001        JMP 1
0128  0129        JMP 41,PC   ; -> 0151
0129  0001        JMP 1
012A  000D        JMP 13
012B  0000        JMP 0
012C  0000        JMP 0
012D  8004        COM 0,0,SZR
012E  0129        JMP 41,PC   ; -> 0157
012F  6800        LEF 1,0
0130  7FC0        LEF 3,@-64,3
0131  0000        JMP 0
0132  0000        JMP 0
0133  0000        JMP 0
0134  0048        JMP 72
0135  0000        JMP 0
0136  0081        JMP 129
0137  0000        JMP 0
0138  00B5        JMP 181
0139  0000        JMP 0
013A  00C1        JMP 193
013B  0000        JMP 0
013C  00D1        JMP 209
013D  0000        JMP 0
013E  00F3        JMP 243
013F  0000        JMP 0
0140  014A        JMP 74,PC   ; -> 018A
0141  0000        JMP 0
0142  015B        JMP 91,PC   ; -> 019D
0143  0000        JMP 0
0144  0172        JMP 114,PC   ; -> 01B6
0145  0000        JMP 0
0146  0186        JMP -122,PC   ; -> 00CC
0147  0000        JMP 0
0148  01F6        JMP -10,PC   ; -> 013E
0149  0000        JMP 0
014A  022D        JMP 45,2
014B  0000        JMP 0
014C  0256        JMP 86,2
014D  0000        JMP 0
014E  02D3        JMP -45,2
014F  0000        JMP 0
0150  0327        JMP 39,3
0151  0001        JMP 1
0152  0000        JMP 0
0153  0001        JMP 1
0154  03C8        JMP -56,3
0155  0002        JMP 2
0156  0000        JMP 0
0157  0002        JMP 2
0158  033E        JMP 62,3
0159  0003        JMP 3
015A  0000        JMP 0
015B  0003        JMP 3
015C  03A4        JMP -92,3
015D  0004        JMP 4
015E  0000        JMP 0
015F  0004        JMP 4
0160  02E9        JMP -23,2
0161  0004        JMP 4
0162  03E8        JMP -24,3
0163  0005        JMP 5
0164  0000        JMP 0
0165  0005        JMP 5
0166  028B        JMP -117,2
0167  0005        JMP 5
0168  03CF        JMP -49,3
0169  0006        JMP 6
016A  0000        JMP 0
016B  0006        JMP 6
016C  024A        JMP 74,2
016D  0006        JMP 6
016E  037E        JMP 126,3
016F  0007        JMP 7
0170  0000        JMP 0
0171  0007        JMP 7
0172  0247        JMP 71,2
0173  0007        JMP 7
0174  037F        JMP 127,3
0175  0008        JMP 8
0176  0000        JMP 0
0177  0008        JMP 8
0178  0235        JMP 53,2
0179  0009        JMP 9
017A  0000        JMP 0
017B  0009        JMP 9
017C  021B        JMP 27,2
017D  000A        JMP 10
017E  0000        JMP 0
017F  000A        JMP 10
0180  01C0        JMP -64,PC   ; -> 0140
0181  000A        JMP 10
0182  039A        JMP -102,3
0183  000B        JMP 11
0184  0000        JMP 0
0185  000B        JMP 11
0186  0134        JMP 52,PC   ; -> 01BA
0187  000B        JMP 11
0188  01F7        JMP -9,PC   ; -> 017F
0189  000B        JMP 11
018A  02AE        JMP -82,2
018B  000B        JMP 11
018C  0359        JMP 89,3
018D  000C        JMP 12
018E  0000        JMP 0
018F  000C        JMP 12
0190  00B7        JMP 183
0191  000C        JMP 12
0192  0173        JMP 115,PC   ; -> 0205
0193  000C        JMP 12
0194  021E        JMP 30,2
0195  000C        JMP 12
0196  02AB        JMP -85,2
0197  000C        JMP 12
0198  0336        JMP 54,3
0199  0000        JMP 0
019A  FFFF        ANDCS# 3,3,SBN
019B  4889        STA 1,137
019C  0000        JMP 0
019D  0333        JMP 51,3
019E  0000        JMP 0
019F  0001        JMP 1
01A0  0000        JMP 0
01A1  0000        JMP 0
01A2  0000        JMP 0
01A3  66B4        LEF 0,@-76,2
01A4  FFFF        ANDCS# 3,3,SBN
01A5  FFFF        ANDCS# 3,3,SBN
01A6  0000        JMP 0
01A7  0000        JMP 0
01A8  0000        JMP 0
01A9  0000        JMP 0
01AA  0000        JMP 0
01AB  0000        JMP 0
01AC  0000        JMP 0
01AD  0000        JMP 0
01AE  0000        JMP 0
01AF  0000        JMP 0
01B0  0000        JMP 0
01B1  0000        JMP 0
01B2  0000        JMP 0
01B3  0000        JMP 0
01B4  0000        JMP 0
01B5  0000        JMP 0
01B6  0000        JMP 0
01B7  0000        JMP 0
01B8  0000        JMP 0
01B9  0000        JMP 0
01BA  0000        JMP 0
01BB  0000        JMP 0
01BC  0000        JMP 0
01BD  0000        JMP 0
01BE  0000        JMP 0
01BF  0000        JMP 0
01C0  0000        JMP 0
01C1  0000        JMP 0
01C2  0000        JMP 0
01C3  0000        JMP 0
01C4  0000        JMP 0
01C5  0000        JMP 0
01C6  0000        JMP 0
01C7  0000        JMP 0
01C8  0000        JMP 0
01C9  0000        JMP 0
01CA  0000        JMP 0
01CB  0000        JMP 0
01CC  0000        JMP 0
01CD  0000        JMP 0
01CE  0000        JMP 0
01CF  0000        JMP 0
01D0  0000        JMP 0
01D1  0000        JMP 0
01D2  0000        JMP 0
01D3  0000        JMP 0
01D4  0000        JMP 0
01D5  0000        JMP 0
01D6  0000        JMP 0
01D7  0000        JMP 0
01D8  0000        JMP 0
01D9  0000        JMP 0
01DA  0000        JMP 0
01DB  0000        JMP 0
01DC  0000        JMP 0
01DD  0000        JMP 0
01DE  0000        JMP 0
01DF  0000        JMP 0
01E0  0000        JMP 0
01E1  0000        JMP 0
01E2  0000        JMP 0
01E3  0000        JMP 0
01E4  0000        JMP 0
01E5  0000        JMP 0
01E6  0000        JMP 0
01E7  0000        JMP 0
01E8  0000        JMP 0
01E9  0000        JMP 0
01EA  0000        JMP 0
01EB  0000        JMP 0
01EC  0000        JMP 0
01ED  0000        JMP 0
01EE  0000        JMP 0
01EF  0000        JMP 0
01F0  0000        JMP 0
01F1  0000        JMP 0
01F2  0000        JMP 0
01F3  0000        JMP 0
01F4  0000        JMP 0
01F5  0000        JMP 0
01F6  0000        JMP 0
01F7  0000        JMP 0
01F8  0000        JMP 0
01F9  0000        JMP 0
01FA  0000        JMP 0
01FB  0000        JMP 0
01FC  0000        JMP 0
01FD  0000        JMP 0
01FE  0000        JMP 0
01FF  0000        JMP 0
0200  0000        JMP 0
0201  0000        JMP 0
0202  0000        JMP 0
0203  0000        JMP 0
0204  0000        JMP 0
0205  0000        JMP 0
0206  0000        JMP 0
0207  0000        JMP 0
0208  0000        JMP 0
0209  0000        JMP 0
020A  0000        JMP 0
020B  0000        JMP 0
020C  0000        JMP 0
020D  0000        JMP 0
020E  0000        JMP 0
020F  0000        JMP 0
0210  0000        JMP 0
0211  0000        JMP 0
0212  0000        JMP 0
0213  0000        JMP 0
0214  0000        JMP 0
0215  0000        JMP 0
0216  0000        JMP 0
0217  0000        JMP 0
0218  0000        JMP 0
0219  0000        JMP 0
021A  0000        JMP 0
021B  0000        JMP 0
021C  0000        JMP 0
021D  0000        JMP 0
021E  0000        JMP 0
021F  0000        JMP 0
0220  0000        JMP 0
0221  0000        JMP 0
0222  0000        JMP 0
0223  0000        JMP 0
0224  0000        JMP 0
0225  0000        JMP 0
0226  0000        JMP 0
0227  0000        JMP 0
0228  0000        JMP 0
0229  0000        JMP 0
022A  0000        JMP 0
022B  8087        COMR 0,0,SBN
022C  8087        COMR 0,0,SBN
022D  8087        COMR 0,0,SBN
022E  8087        COMR 0,0,SBN
022F  8087        COMR 0,0,SBN
0230  8087        COMR 0,0,SBN
0231  8087        COMR 0,0,SBN
0232  8087        COMR 0,0,SBN
0233  8087        COMR 0,0,SBN
0234  8087        COMR 0,0,SBN
0235  8087        COMR 0,0,SBN
0236  8087        COMR 0,0,SBN
0237  8087        COMR 0,0,SBN
0238  8087        COMR 0,0,SBN
0239  8087        COMR 0,0,SBN
023A  8087        COMR 0,0,SBN
023B  8087        COMR 0,0,SBN
023C  8087        COMR 0,0,SBN
023D  8087        COMR 0,0,SBN
023E  8087        COMR 0,0,SBN
023F  8087        COMR 0,0,SBN
0240  8087        COMR 0,0,SBN
0241  8087        COMR 0,0,SBN
0242  8087        COMR 0,0,SBN
0243  8087        COMR 0,0,SBN
0244  8087        COMR 0,0,SBN
0245  8087        COMR 0,0,SBN
0246  8087        COMR 0,0,SBN
0247  8087        COMR 0,0,SBN
0248  8087        COMR 0,0,SBN
0249  8087        COMR 0,0,SBN
024A  8087        COMR 0,0,SBN
024B  8087        COMR 0,0,SBN
024C  8087        COMR 0,0,SBN
024D  8087        COMR 0,0,SBN
024E  8087        COMR 0,0,SBN
024F  8087        COMR 0,0,SBN
0250  8087        COMR 0,0,SBN
0251  8087        COMR 0,0,SBN
0252  8087        COMR 0,0,SBN
0253  8087        COMR 0,0,SBN
0254  8087        COMR 0,0,SBN
0255  8087        COMR 0,0,SBN
0256  8087        COMR 0,0,SBN
0257  8087        COMR 0,0,SBN
0258  8087        COMR 0,0,SBN
0259  8087        COMR 0,0,SBN
025A  8087        COMR 0,0,SBN
025B  8087        COMR 0,0,SBN
025C  8087        COMR 0,0,SBN
025D  8087        COMR 0,0,SBN
025E  8087        COMR 0,0,SBN
025F  8087        COMR 0,0,SBN
0260  8087        COMR 0,0,SBN
0261  8087        COMR 0,0,SBN
0262  8087        COMR 0,0,SBN
0263  8087        COMR 0,0,SBN
0264  8087        COMR 0,0,SBN
0265  8087        COMR 0,0,SBN
0266  8087        COMR 0,0,SBN
0267  8087        COMR 0,0,SBN
0268  8087        COMR 0,0,SBN
0269  8087        COMR 0,0,SBN
026A  8087        COMR 0,0,SBN
026B  FFFF        ANDCS# 3,3,SBN
026C  0000        JMP 0
026D  0000        JMP 0
026E  0000        JMP 0
026F  0000        JMP 0
0270  FFFF        ANDCS# 3,3,SBN
0271  FFFF        ANDCS# 3,3,SBN
0272  FFFF        ANDCS# 3,3,SBN
0273  FFFF        ANDCS# 3,3,SBN
0274  FFFF        ANDCS# 3,3,SBN
0275  FFFF        ANDCS# 3,3,SBN
0276  FFFF        ANDCS# 3,3,SBN
0277  FFFF        ANDCS# 3,3,SBN
0278  FFFF        ANDCS# 3,3,SBN
0279  FFFF        ANDCS# 3,3,SBN
027A  FFFF        ANDCS# 3,3,SBN
027B  FFFF        ANDCS# 3,3,SBN
027C  FFFF        ANDCS# 3,3,SBN
027D  FFFF        ANDCS# 3,3,SBN
027E  FFFF        ANDCS# 3,3,SBN
027F  FFFF        ANDCS# 3,3,SBN
0280  FFFF        ANDCS# 3,3,SBN
0281  FFFF        ANDCS# 3,3,SBN
0282  FFFF        ANDCS# 3,3,SBN
0283  FFFF        ANDCS# 3,3,SBN
0284  FFFF        ANDCS# 3,3,SBN
0285  FFFF        ANDCS# 3,3,SBN
0286  FFFF        ANDCS# 3,3,SBN
0287  FFFF        ANDCS# 3,3,SBN
0288  FFFF        ANDCS# 3,3,SBN
0289  FFFF        ANDCS# 3,3,SBN
028A  FFFF        ANDCS# 3,3,SBN
028B  FFFF        ANDCS# 3,3,SBN
028C  FFFF        ANDCS# 3,3,SBN
028D  FFFF        ANDCS# 3,3,SBN
028E  FFFF        ANDCS# 3,3,SBN
028F  FFFF        ANDCS# 3,3,SBN
0290  FFFF        ANDCS# 3,3,SBN
0291  FFFF        ANDCS# 3,3,SBN
0292  FFFF        ANDCS# 3,3,SBN
0293  FFFF        ANDCS# 3,3,SBN
0294  FFFF        ANDCS# 3,3,SBN
0295  FFFF        ANDCS# 3,3,SBN
0296  FFFF        ANDCS# 3,3,SBN
0297  FFFF        ANDCS# 3,3,SBN
0298  FFFF        ANDCS# 3,3,SBN
0299  FFFF        ANDCS# 3,3,SBN
029A  FFFF        ANDCS# 3,3,SBN
029B  FFFF        ANDCS# 3,3,SBN
029C  FFFF        ANDCS# 3,3,SBN
029D  FFFF        ANDCS# 3,3,SBN
029E  FFFF        ANDCS# 3,3,SBN
029F  FFFF        ANDCS# 3,3,SBN
02A0  FFFF        ANDCS# 3,3,SBN
02A1  FFFF        ANDCS# 3,3,SBN
02A2  FFFF        ANDCS# 3,3,SBN
02A3  FFFF        ANDCS# 3,3,SBN
02A4  FFFF        ANDCS# 3,3,SBN
02A5  FFFF        ANDCS# 3,3,SBN
02A6  FFFF        ANDCS# 3,3,SBN
02A7  FFFF        ANDCS# 3,3,SBN
02A8  FFFF        ANDCS# 3,3,SBN
02A9  FFFF        ANDCS# 3,3,SBN
02AA  FFFF        ANDCS# 3,3,SBN
02AB  FFFF        ANDCS# 3,3,SBN
02AC  FFFF        ANDCS# 3,3,SBN
02AD  FFFF        ANDCS# 3,3,SBN
02AE  FFFF        ANDCS# 3,3,SBN
02AF  FFFF        ANDCS# 3,3,SBN
02B0  0000        JMP 0
02B1  0000        JMP 0
02B2  0000        JMP 0
02B3  0000        JMP 0
02B4  0000        JMP 0
02B5  0000        JMP 0
02B6  0000        JMP 0
02B7  0000        JMP 0
02B8  0000        JMP 0
02B9  0000        JMP 0
02BA  0000        JMP 0
02BB  0000        JMP 0
02BC  0000        JMP 0
02BD  0000        JMP 0
02BE  0000        JMP 0
02BF  0000        JMP 0
02C0  0000        JMP 0
02C1  0000        JMP 0
02C2  0000        JMP 0
02C3  0000        JMP 0
02C4  0D63        JSR @99,PC   ; -> 0327
02C5  CC01        ADC 2,1,SKP
02C6  2020        LDA 0,32
02C7  41FB        STA 0,-5,PC   ; -> 02C2
02C8  3160        LDA 2,96,PC   ; -> 0328
02C9  32F9        LDA 2,-7,2
02CA  51F9        STA 2,-7,PC   ; -> 02C3
02CB  2200        LDA 0,0,2
02CC  820D        MOV# 0,0,SNR
02CD  0110        JMP 16,PC   ; -> 02DD
02CE  2209        LDA 0,9,2
02CF  9A00        MOV 0,3
02D0  FA4A        MOVL# 3,3,SZC
02D1  0B00        JSR 0,3
02D2  8250        MOVZL 0,0
02D3  31F0        LDA 2,-16,PC   ; -> 02C3
02D4  4209        STA 0,9,2
02D5  0C0F        JSR @15
02D6  8000        COM 0,0
02D7  013C        JMP 60,PC   ; -> 0313
02D8  F7F8 000C   ADDI 000C,2
02DA  21E8        LDA 0,-24,PC   ; -> 02C2
02DB  4020        STA 0,32
02DC  01EE        JMP -18,PC   ; -> 02CA
02DD  8400        ADC 0,0
02DE  4200        STA 0,0,2
02DF  014D        JMP 77,PC   ; -> 032C
02E0  434F        STA 0,79,3
02E1  554C        STA 2,@76,PC   ; -> 032D
02E2  444E        STA 0,@78
02E3  2754        LDA 0,@84,3
02E4  204F        LDA 0,79
02E5  5045        STA 2,69
02E6  4E20        STA 1,@32,2
02E7  464F        STA 0,@79,2
02E8  5254        STA 2,84,2
02E9  5241        STA 2,65,2
02EA  4E20        STA 1,@32,2
02EB  3520        LDA 2,@32,PC   ; -> 030B
02EC  4552        STA 0,@82,PC   ; -> 033E
02ED  524F        STA 2,79,2
02EE  5220        STA 2,32,2
02EF  4649        STA 0,@73,2
02F0  4C45        STA 1,@69
02F1  3A20        LDA 3,32,2
02F2  0000        JMP 0
02F3  0000        JMP 0
02F4  0000        JMP 0
02F5  0000        JMP 0
02F6  0000        JMP 0
02F7  0000        JMP 0
02F8  0000        JMP 0
02F9  0000        JMP 0
02FA  0000        JMP 0
02FB  0000        JMP 0
02FC  0000        JMP 0
02FD  0000        JMP 0
02FE  0000        JMP 0
02FF  0000        JMP 0
0300  0000        JMP 0
0301  0000        JMP 0
0302  0000        JMP 0
0303  0000        JMP 0
0304  0000        JMP 0
0305  0000        JMP 0
0306  0000        JMP 0
0307  0000        JMP 0
0308  0000        JMP 0
0309  0000        JMP 0
030A  0000        JMP 0
030B  0000        JMP 0
030C  0000        JMP 0
030D  0000        JMP 0
030E  0000        JMP 0
030F  0000        JMP 0
0310  0000        JMP 0
0311  0000        JMP 0
0312  0040        JMP 64
0313  29AF        LDA 1,-81,PC   ; -> 02C2
0314  4820        STA 1,32
0315  8648        PSH 0,0
0316  2A09        LDA 1,9,2
0317  3112        LDA 2,18,PC   ; -> 0329
0318  3912        LDA 3,18,PC   ; -> 032A
0319  A5C8        LDB 1,0
031A  820D        MOV# 0,0,SNR
031B  0107        JMP 7,PC   ; -> 0322
031C  E608        STB 3,0
031D  D300        INC 2,2
031E  AB00        INC 1,1
031F  FB00        INC 3,3
0320  19F2        DSZ -14,PC   ; -> 0312
0321  01F8        JMP -8,PC   ; -> 0319
0322  2909        LDA 1,9,PC   ; -> 032B
0323  8688        POP 0,0
0324  0C0F        JSR @15
0325  800A        COM# 0,0,SZC
0326  0100        JMP 0,PC   ; -> 0326
0327  7888        LEF 3,136
0328  6689        LEF 0,@-119,2
0329  D024        COMO 2,2,SZR
032A  05E4        JMP @-28,PC   ; -> 030E
032B  05C0        JMP @-64,PC   ; -> 02EB
032C  E538 7F83   ELEF 0,7F83,PC   ; -> 02B0
032E  8D38 75F2   EJSR 75F2,PC   ; -> 7921
0330  051F        JMP @31,PC   ; -> 034F
0331  CEE8        ?ECL CEE8          <<< unknown extended
0332  D6E8        ?ECL D6E8          <<< unknown extended
0333  311D        LDA 2,29,PC   ; -> 0350
0334  D20D        MOV# 2,2,SNR
0335  0107        JMP 7,PC   ; -> 033C
0336  311B        LDA 2,27,PC   ; -> 0351
0337  D20C        MOV# 2,2,SZR
0338  011A        JMP 26,PC   ; -> 0352
0339  8D38 0080   EJSR 0080,PC   ; -> 03BA
033B  0514        JMP @20,PC   ; -> 034F
033C  0C0F        JSR @15
033D  003C        JMP 60
033E  0511        JMP @17,PC   ; -> 034F
033F  0915        JSR 21,PC   ; -> 0354
0340  0003        JMP 3
0341  003C        JMP 60
0342  0E10        JSR @16,2
0343  0064        JMP 100
0344  000A        JMP 10
0345  0258        JMP 88,2
0346  000A        JMP 10
0347  0064        JMP 100
0348  1770        ISZ @112,3
0349  0001        JMP 1
034A  03E8        JMP -24,3
034B  EA60        MOVOL 3,1
034C  0014        JMP 20
034D  0032        JMP 50
034E  0BB8        JSR -72,3
034F  7889        LEF 3,137
0350  0000        JMP 0
0351  0001        JMP 1
0352  0DD5        JSR @-43,PC   ; -> 0327
0353  8C1E        ADCZ# 0,1,SEZ
0354  9E00        ADD 0,3
0355  9E00        ADD 0,3
0356  9E00        ADD 0,3
0357  305F        LDA 2,95
0358  2300        LDA 0,0,3
0359  42BE        STA 0,-66,2
035A  2301        LDA 0,1,3
035B  42BD        STA 0,-67,2
035C  2302        LDA 0,2,3
035D  42BC        STA 0,-68,2
035E  0C0F        JSR @15
035F  0003        JMP 3
0360  05EF        JMP @-17,PC   ; -> 034F
0361  A600        ADD 1,0
0362  3D13        LDA 3,@19,PC   ; -> 0375
0363  E51E        SUBZ# 3,0,SEZ
0364  E200        MOV 3,0
0365  3111        LDA 2,17,PC   ; -> 0376
0366  3911        LDA 3,17,PC   ; -> 0377
0367  DD0D        SUB# 2,3,SNR
0368  3110        LDA 2,16,PC   ; -> 0378
0369  3910        LDA 3,16,PC   ; -> 0379
036A  DE90        ADDZR 2,3
036B  FA90        MOVZR 3,3
036C  BB48        HXR 1,3
036D  E51B        SUBZ# 3,0,SNC
036E  010C        JMP 12,PC   ; -> 037A
036F  A500        SUB 1,0
0370  0C0F        JSR @15
0371  000C        JMP 12
0372  05DD        JMP @-35,PC   ; -> 034F
0373  AB00        INC 1,1
0374  0508        JMP @8,PC   ; -> 037C
0375  6681        LEF 0,@-127,2
0376  0B90        JSR -112,3
0377  03BB        JMP -69,3
0378  02C2        JMP -62,2
0379  0423        JMP @35
037A  0DAD        JSR @-83,PC   ; -> 0327
037B  8C2A        ADCO# 0,1,SZC
037C  78A8        LEF 3,168
037D  0000        JMP 0
037E  0000        JMP 0
037F  0000        JMP 0
0380  0000        JMP 0
0381  0000        JMP 0
0382  0000        JMP 0
0383  0000        JMP 0
0384  0000        JMP 0
0385  0000        JMP 0
0386  0000        JMP 0
0387  0000        JMP 0
0388  0000        JMP 0
0389  0000        JMP 0
038A  0000        JMP 0
038B  0000        JMP 0
038C  0000        JMP 0
038D  0000        JMP 0
038E  0000        JMP 0
038F  0000        JMP 0
0390  0000        JMP 0
0391  0000        JMP 0
0392  0000        JMP 0
0393  0000        JMP 0
0394  0000        JMP 0
0395  0000        JMP 0
0396  0000        JMP 0
0397  0000        JMP 0
0398  0000        JMP 0
0399  0000        JMP 0
039A  0000        JMP 0
039B  0000        JMP 0
039C  0000        JMP 0
039D  0000        JMP 0
039E  0000        JMP 0
039F  0000        JMP 0
03A0  0000        JMP 0
03A1  0000        JMP 0
03A2  0000        JMP 0
03A3  0000        JMP 0
03A4  0000        JMP 0
03A5  0000        JMP 0
03A6  0000        JMP 0
03A7  0000        JMP 0
03A8  0000        JMP 0
03A9  0000        JMP 0
03AA  0000        JMP 0
03AB  0000        JMP 0
03AC  0000        JMP 0
03AD  0000        JMP 0
03AE  0000        JMP 0
03AF  0000        JMP 0
03B0  0000        JMP 0
03B1  0000        JMP 0
03B2  0000        JMP 0
03B3  0000        JMP 0
03B4  0000        JMP 0
03B5  0000        JMP 0
03B6  0000        JMP 0
03B7  0000        JMP 0
03B8  0000        JMP 0
03B9  8400        ADC 0,0
03BA  0301        JMP 1,3
03BB  FFFF        ANDCS# 3,3,SBN
03BC  0000        JMP 0
03BD  0000        JMP 0
03BE  0000        JMP 0
03BF  0000        JMP 0
03C0  0000        JMP 0
03C1  2A41        LDA 1,65,2
03C2  4456        STA 0,@86
03C3  454E        STA 0,@78,PC   ; -> 0411
03C4  5455        STA 2,@85
03C5  5245        STA 2,69,2
03C6  2A53        LDA 1,83,2
03C7  4156        STA 0,86,PC   ; -> 041D
03C8  452A        STA 0,@42,PC   ; -> 03F2
03C9  0005        JMP 5
03CA  2020        LDA 0,32
03CB  0005        JMP 5
03CC  0000        JMP 0
03CD  0000        JMP 0
03CE  0000        JMP 0
03CF  0000        JMP 0
03D0  0000        JMP 0
03D1  0000        JMP 0
03D2  0000        JMP 0
03D3  0000        JMP 0
03D4  0000        JMP 0
03D5  0000        JMP 0
03D6  0000        JMP 0
03D7  0000        JMP 0
03D8  0000        JMP 0
03D9  0000        JMP 0
03DA  0000        JMP 0
03DB  0000        JMP 0
03DC  0000        JMP 0
03DD  0000        JMP 0
03DE  0000        JMP 0
03DF  0000        JMP 0
03E0  0000        JMP 0
03E1  0000        JMP 0
03E2  0000        JMP 0
03E3  0000        JMP 0
03E4  0000        JMP 0
03E5  0000        JMP 0
03E6  0000        JMP 0
03E7  0000        JMP 0
03E8  0000        JMP 0
03E9  0000        JMP 0
03EA  0000        JMP 0
03EB  0000        JMP 0
03EC  0000        JMP 0
03ED  0000        JMP 0
03EE  0000        JMP 0
03EF  0000        JMP 0
03F0  0000        JMP 0
03F1  0000        JMP 0
03F2  0000        JMP 0
03F3  0000        JMP 0
03F4  0000        JMP 0
03F5  0000        JMP 0
03F6  0000        JMP 0
03F7  0000        JMP 0
03F8  0000        JMP 0
03F9  0000        JMP 0
03FA  0000        JMP 0
03FB  0000        JMP 0
03FC  0000        JMP 0
03FD  0000        JMP 0
03FE  0000        JMP 0
03FF  0000        JMP 0
0400  0000        JMP 0
0401  0000        JMP 0
0402  0000        JMP 0
0403  0000        JMP 0
0404  0000        JMP 0
0405  0000        JMP 0
0406  0000        JMP 0
0407  0000        JMP 0
0408  0000        JMP 0
0409  0000        JMP 0
040A  0000        JMP 0
040B  0000        JMP 0
040C  0000        JMP 0
040D  0000        JMP 0
040E  0000        JMP 0
040F  0000        JMP 0
0410  0000        JMP 0
0411  0000        JMP 0
0412  0000        JMP 0
0413  0000        JMP 0
0414  0000        JMP 0
0415  0000        JMP 0
0416  0000        JMP 0
0417  0000        JMP 0
0418  0000        JMP 0
0419  0000        JMP 0
041A  0000        JMP 0
041B  0000        JMP 0
041C  2020        LDA 0,32
041D  2A41        LDA 1,65,2
041E  4456        STA 0,@86
041F  454E        STA 0,@78,PC   ; -> 046D
0420  5455        STA 2,@85
0421  5245        STA 2,69,2
0422  2A53        LDA 1,83,2
0423  4156        STA 0,86,PC   ; -> 0479
0424  452A        STA 0,@42,PC   ; -> 044E
0425  0002        JMP 2
0426  0001        JMP 1
0427  0000        JMP 0
0428  0000        JMP 0
0429  8018        ?ECL 8018          <<< unknown extended
042A  0000        JMP 0
042B  0000        JMP 0
042C  0000        JMP 0
042D  0000        JMP 0
042E  0008        JMP 8
042F  0000        JMP 0
0430  2020        LDA 0,32
0431  0000        JMP 0
0432  0000        JMP 0
0433  001F        JMP 31
0434  003B        JMP 59
0435  005A        JMP 90
0436  0078        JMP 120
0437  0097        JMP 151
0438  00B5        JMP 181
0439  00D4        JMP 212
043A  00F3        JMP 243
043B  0111        JMP 17,PC   ; -> 044C
043C  0130        JMP 48,PC   ; -> 046C
043D  014E        JMP 78,PC   ; -> 048B
043E  2020        LDA 0,32
043F  7720        LEF 2,@32,3
0440  6820        LEF 1,32
0441  6120        LEF 0,32,PC   ; -> 0461
0442  7420        LEF 2,@32
0443  3F20        LDA 3,@32,3
0444  2020        LDA 0,32
0445  6820        LEF 1,32
0446  6520        LEF 0,@32,PC   ; -> 0466
0447  7220        LEF 2,32,2
0448  6520        LEF 0,@32,PC   ; -> 0468
0449  2E20        LDA 1,@32,2
044A  2220        LDA 0,32,2
044B  2E20        LDA 1,@32,2
044C  732E        LEF 2,46,3
044D  2E20        LDA 1,@32,2
044E  0000        JMP 0
044F  0000        JMP 0
0450  0000        JMP 0
0451  0000        JMP 0
0452  0000        JMP 0
0453  0000        JMP 0
0454  0000        JMP 0
0455  0000        JMP 0
0456  0000        JMP 0
0457  0000        JMP 0
0458  0000        JMP 0
0459  0000        JMP 0
045A  0000        JMP 0
045B  0000        JMP 0
045C  0000        JMP 0
045D  0000        JMP 0
045E  0000        JMP 0
045F  0000        JMP 0
0460  0000        JMP 0
0461  0000        JMP 0
0462  0000        JMP 0
0463  0000        JMP 0
0464  0000        JMP 0
0465  0000        JMP 0
0466  0000        JMP 0
0467  0000        JMP 0
0468  0000        JMP 0
0469  0000        JMP 0
046A  0000        JMP 0
046B  0000        JMP 0
046C  0000        JMP 0
046D  0000        JMP 0
046E  0000        JMP 0
046F  0000        JMP 0
0470  0000        JMP 0
0471  0000        JMP 0
0472  0000        JMP 0
0473  0000        JMP 0
0474  0000        JMP 0
0475  0000        JMP 0
0476  0000        JMP 0
0477  0000        JMP 0
0478  0000        JMP 0
0479  0000        JMP 0
047A  0000        JMP 0
047B  0000        JMP 0
047C  0000        JMP 0
047D  0000        JMP 0
047E  0000        JMP 0
047F  0000        JMP 0
0480  0000        JMP 0
0481  0000        JMP 0
0482  0000        JMP 0
0483  0000        JMP 0
0484  0000        JMP 0
0485  0000        JMP 0
0486  0000        JMP 0
0487  0000        JMP 0
0488  0000        JMP 0
0489  0000        JMP 0
048A  0000        JMP 0
048B  0000        JMP 0
048C  0000        JMP 0
048D  0000        JMP 0
048E  0000        JMP 0
048F  0000        JMP 0
0490  0000        JMP 0
0491  0000        JMP 0
0492  0000        JMP 0
0493  0000        JMP 0
0494  0000        JMP 0
0495  0000        JMP 0
0496  0000        JMP 0
0497  0000        JMP 0
0498  0000        JMP 0
0499  0000        JMP 0
049A  0000        JMP 0
049B  0000        JMP 0
049C  0000        JMP 0
049D  0000        JMP 0
049E  0000        JMP 0
049F  0000        JMP 0
04A0  0000        JMP 0
04A1  0000        JMP 0
04A2  0000        JMP 0
04A3  0000        JMP 0
04A4  0000        JMP 0
04A5  0000        JMP 0
04A6  0000        JMP 0
04A7  0000        JMP 0
04A8  0000        JMP 0
04A9  0000        JMP 0
04AA  0000        JMP 0
04AB  0000        JMP 0
04AC  0000        JMP 0
04AD  0000        JMP 0
04AE  0000        JMP 0
04AF  0000        JMP 0
04B0  0000        JMP 0
04B1  0000        JMP 0
04B2  0000        JMP 0
04B3  0000        JMP 0
04B4  0000        JMP 0
04B5  0000        JMP 0
04B6  0000        JMP 0
04B7  0000        JMP 0
04B8  0000        JMP 0
04B9  0001        JMP 1
04BA  0002        JMP 2
04BB  0004        JMP 4
04BC  0008        JMP 8
04BD  0010        JMP 16
04BE  0020        JMP 32
04BF  0040        JMP 64
04C0  0080        JMP 128
04C1  0100        JMP 0,PC   ; -> 04C1
04C2  0200        JMP 0,2
04C3  0400        JMP @0
04C4  0800        JSR 0
04C5  1000        ISZ 0
04C6  2000        LDA 0,0
04C7  4000        STA 0,0
04C8  0000        JMP 0
04C9  4120        STA 0,32,PC   ; -> 04E9
04CA  4220        STA 0,32,2
04CB  4320        STA 0,32,3
04CC  4420        STA 0,@32
04CD  4520        STA 0,@32,PC   ; -> 04ED
04CE  4620        STA 0,@32,2
04CF  4720        STA 0,@32,3
04D0  4820        STA 1,32
04D1  4920        STA 1,32,PC   ; -> 04F1
04D2  4A20        STA 1,32,2
04D3  4B20        STA 1,32,3
04D4  4C20        STA 1,@32
04D5  4D20        STA 1,@32,PC   ; -> 04F5
04D6  4E20        STA 1,@32,2
04D7  4F20        STA 1,@32,3
04D8  5020        STA 2,32
04D9  5120        STA 2,32,PC   ; -> 04F9
04DA  5220        STA 2,32,2
04DB  5320        STA 2,32,3
04DC  5420        STA 2,@32
04DD  5520        STA 2,@32,PC   ; -> 04FD
04DE  5620        STA 2,@32,2
04DF  5720        STA 2,@32,3
04E0  5820        STA 3,32
04E1  5920        STA 3,32,PC   ; -> 0501
04E2  5A20        STA 3,32,2
04E3  2020        LDA 0,32
04E4  0001        JMP 1
04E5  001E        JMP 30
04E6  005A        JMP 90
04E7  0000        JMP 0
04E8  0000        JMP 0
04E9  0000        JMP 0
04EA  0013        JMP 19
04EB  001B        JMP 27
04EC  0021        JMP 33
04ED  002C        JMP 44
04EE  0040        JMP 64
04EF  0072        JMP 114
04F0  0000        JMP 0
04F1  0000        JMP 0
04F2  0000        JMP 0
04F3  0000        JMP 0
04F4  0000        JMP 0
04F5  0000        JMP 0
04F6  0012        JMP 18
04F7  0000        JMP 0
04F8  0000        JMP 0
04F9  0000        JMP 0
04FA  0000        JMP 0
04FB  0000        JMP 0
04FC  0000        JMP 0
04FD  0000        JMP 0
04FE  0000        JMP 0
04FF  0000        JMP 0
0500  0000        JMP 0
0501  0000        JMP 0
0502  0000        JMP 0
0503  0000        JMP 0
0504  0000        JMP 0
0505  0000        JMP 0
0506  0000        JMP 0
0507  0000        JMP 0
0508  0000        JMP 0
0509  0000        JMP 0
050A  0000        JMP 0
050B  0000        JMP 0
050C  0000        JMP 0
050D  0000        JMP 0
050E  0000        JMP 0
050F  0000        JMP 0
0510  0000        JMP 0
0511  0000        JMP 0
0512  0000        JMP 0
0513  0000        JMP 0
0514  0000        JMP 0
0515  0000        JMP 0
0516  0000        JMP 0
0517  0000        JMP 0
0518  0000        JMP 0
0519  0000        JMP 0
051A  0000        JMP 0
051B  0000        JMP 0
051C  0000        JMP 0
051D  0000        JMP 0
051E  0000        JMP 0
051F  0000        JMP 0
0520  0000        JMP 0
0521  0000        JMP 0
0522  0000        JMP 0
0523  0000        JMP 0
0524  0000        JMP 0
0525  0000        JMP 0
0526  0000        JMP 0
0527  0000        JMP 0
0528  0000        JMP 0
0529  0000        JMP 0
052A  0000        JMP 0
052B  0000        JMP 0
052C  0000        JMP 0
052D  0000        JMP 0
052E  0000        JMP 0
052F  0000        JMP 0
0530  0000        JMP 0
0531  0000        JMP 0
0532  0000        JMP 0
0533  0000        JMP 0
0534  0000        JMP 0
0535  0000        JMP 0
0536  0000        JMP 0
0537  0000        JMP 0
0538  0000        JMP 0
0539  0000        JMP 0
053A  0000        JMP 0
053B  0000        JMP 0
053C  0000        JMP 0
053D  0000        JMP 0
053E  0000        JMP 0
053F  0000        JMP 0
0540  0000        JMP 0
0541  0000        JMP 0
0542  0000        JMP 0
0543  0000        JMP 0
0544  0000        JMP 0
0545  0000        JMP 0
0546  0000        JMP 0
0547  0000        JMP 0
0548  0000        JMP 0
0549  0000        JMP 0
054A  0000        JMP 0
054B  0000        JMP 0
054C  0000        JMP 0
054D  0000        JMP 0
054E  0000        JMP 0
054F  0000        JMP 0
0550  0000        JMP 0
0551  0000        JMP 0
0552  0000        JMP 0
0553  0000        JMP 0
0554  0000        JMP 0
0555  0000        JMP 0
0556  0000        JMP 0
0557  0000        JMP 0
0558  0000        JMP 0
0559  0000        JMP 0
055A  0000        JMP 0
055B  0000        JMP 0
055C  0000        JMP 0
055D  0000        JMP 0
055E  0000        JMP 0
055F  0000        JMP 0
0560  0000        JMP 0
0561  0000        JMP 0
0562  0000        JMP 0
0563  0000        JMP 0
0564  0000        JMP 0
0565  0000        JMP 0
0566  0000        JMP 0
0567  0000        JMP 0
0568  0000        JMP 0
0569  0000        JMP 0
056A  0000        JMP 0
056B  0000        JMP 0
056C  0000        JMP 0
056D  0000        JMP 0
056E  0000        JMP 0
056F  0000        JMP 0
0570  0000        JMP 0
0571  0000        JMP 0
0572  0014        JMP 20
0573  0000        JMP 0
0574  0000        JMP 0
0575  0000        JMP 0
0576  0000        JMP 0
0577  0000        JMP 0
0578  0000        JMP 0
0579  0000        JMP 0
057A  0000        JMP 0
057B  0000        JMP 0
057C  0000        JMP 0
057D  0000        JMP 0
057E  0000        JMP 0
057F  0000        JMP 0
0580  0000        JMP 0
0581  0000        JMP 0
0582  0000        JMP 0
0583  0000        JMP 0
0584  0000        JMP 0
0585  0000        JMP 0
0586  0000        JMP 0
0587  0000        JMP 0
0588  0000        JMP 0
0589  0000        JMP 0
058A  0000        JMP 0
058B  0000        JMP 0
058C  000C        JMP 12
058D  0000        JMP 0
058E  0000        JMP 0
058F  0000        JMP 0
0590  0000        JMP 0
0591  0000        JMP 0
0592  0000        JMP 0
0593  0000        JMP 0
0594  0000        JMP 0
0595  0000        JMP 0
0596  0000        JMP 0
0597  0000        JMP 0
0598  0000        JMP 0
0599  0000        JMP 0
059A  0000        JMP 0
059B  0000        JMP 0
059C  0000        JMP 0
059D  0000        JMP 0
059E  0000        JMP 0
059F  0000        JMP 0
05A0  0000        JMP 0
05A1  0000        JMP 0
05A2  0000        JMP 0
05A3  0000        JMP 0
05A4  0000        JMP 0
05A5  0000        JMP 0
05A6  0000        JMP 0
05A7  0000        JMP 0
05A8  0000        JMP 0
05A9  0000        JMP 0
05AA  0000        JMP 0
05AB  0000        JMP 0
05AC  0000        JMP 0
05AD  0000        JMP 0
05AE  0000        JMP 0
05AF  0000        JMP 0
05B0  0000        JMP 0
05B1  0023        JMP 35
05B2  0000        JMP 0
05B3  0000        JMP 0
05B4  0000        JMP 0
05B5  0000        JMP 0
05B6  0000        JMP 0
05B7  0000        JMP 0
05B8  0000        JMP 0
05B9  0000        JMP 0
05BA  0000        JMP 0
05BB  0000        JMP 0
05BC  0000        JMP 0
05BD  0000        JMP 0
05BE  0000        JMP 0
05BF  0000        JMP 0
05C0  0000        JMP 0
05C1  0000        JMP 0
05C2  0000        JMP 0
05C3  0000        JMP 0
05C4  0000        JMP 0
05C5  0000        JMP 0
05C6  0000        JMP 0
05C7  0000        JMP 0
05C8  0000        JMP 0
05C9  0000        JMP 0
05CA  0000        JMP 0
05CB  0000        JMP 0
05CC  0000        JMP 0
05CD  0000        JMP 0
05CE  0000        JMP 0
05CF  0000        JMP 0
05D0  0000        JMP 0
05D1  0000        JMP 0
05D2  0000        JMP 0
05D3  0000        JMP 0
05D4  0000        JMP 0
05D5  0000        JMP 0
05D6  0000        JMP 0
05D7  0000        JMP 0
05D8  0000        JMP 0
05D9  0000        JMP 0
05DA  0000        JMP 0
05DB  0000        JMP 0
05DC  0000        JMP 0
05DD  0000        JMP 0
05DE  0000        JMP 0
05DF  0000        JMP 0
05E0  0000        JMP 0
05E1  0000        JMP 0
05E2  0000        JMP 0
05E3  0000        JMP 0
05E4  0000        JMP 0
05E5  0000        JMP 0
05E6  0000        JMP 0
05E7  0000        JMP 0
05E8  0000        JMP 0
05E9  0000        JMP 0
05EA  0000        JMP 0
05EB  0000        JMP 0
05EC  0000        JMP 0
05ED  0000        JMP 0
05EE  0000        JMP 0
05EF  0000        JMP 0
05F0  0000        JMP 0
05F1  0000        JMP 0
05F2  0000        JMP 0
05F3  0000        JMP 0
05F4  0000        JMP 0
05F5  0000        JMP 0
05F6  0000        JMP 0
05F7  0000        JMP 0
05F8  0000        JMP 0
05F9  0000        JMP 0
05FA  0000        JMP 0
05FB  0000        JMP 0
05FC  0000        JMP 0
05FD  0000        JMP 0
05FE  0000        JMP 0
05FF  0000        JMP 0
0600  0000        JMP 0
0601  0000        JMP 0
0602  0000        JMP 0
0603  0000        JMP 0
0604  0000        JMP 0
0605  0000        JMP 0
0606  0000        JMP 0
0607  0000        JMP 0
0608  0000        JMP 0
0609  0000        JMP 0
060A  0000        JMP 0
060B  0000        JMP 0
060C  0000        JMP 0
060D  0000        JMP 0
060E  0000        JMP 0
060F  0000        JMP 0
0610  0000        JMP 0
0611  0000        JMP 0
0612  0000        JMP 0
0613  0000        JMP 0
0614  0000        JMP 0
0615  0000        JMP 0
0616  0000        JMP 0
0617  0000        JMP 0
0618  0000        JMP 0
0619  0000        JMP 0
061A  0000        JMP 0
061B  0000        JMP 0
061C  0000        JMP 0
061D  0000        JMP 0
061E  0000        JMP 0
061F  0000        JMP 0
0620  0000        JMP 0
0621  0000        JMP 0
0622  0000        JMP 0
0623  0000        JMP 0
0624  0000        JMP 0
0625  0000        JMP 0
0626  0000        JMP 0
0627  0000        JMP 0
0628  0000        JMP 0
0629  0000        JMP 0
062A  0000        JMP 0
062B  0000        JMP 0
062C  0000        JMP 0
062D  0000        JMP 0
062E  0000        JMP 0
062F  0000        JMP 0
0630  0000        JMP 0
0631  0000        JMP 0
0632  0000        JMP 0
0633  0000        JMP 0
0634  0000        JMP 0
0635  0000        JMP 0
0636  0000        JMP 0
0637  0000        JMP 0
0638  0000        JMP 0
0639  0000        JMP 0
063A  0000        JMP 0
063B  0000        JMP 0
063C  0000        JMP 0
063D  0000        JMP 0
063E  0000        JMP 0
063F  0000        JMP 0
0640  0000        JMP 0
0641  0000        JMP 0
0642  0000        JMP 0
0643  0000        JMP 0
0644  0000        JMP 0
0645  0000        JMP 0
0646  0000        JMP 0
0647  0000        JMP 0
0648  0000        JMP 0
0649  0000        JMP 0
064A  0000        JMP 0
064B  0000        JMP 0
064C  0000        JMP 0
064D  0000        JMP 0
064E  0000        JMP 0
064F  0000        JMP 0
0650  0000        JMP 0
0651  0000        JMP 0
0652  0000        JMP 0
0653  0000        JMP 0
0654  0000        JMP 0
0655  0000        JMP 0
0656  0000        JMP 0
0657  0000        JMP 0
0658  0000        JMP 0
0659  0000        JMP 0
065A  0000        JMP 0
065B  0000        JMP 0
065C  0000        JMP 0
065D  0000        JMP 0
065E  0000        JMP 0
065F  0000        JMP 0
0660  0000        JMP 0
0661  0000        JMP 0
0662  0000        JMP 0
0663  0000        JMP 0
0664  0000        JMP 0
0665  0000        JMP 0
0666  0000        JMP 0
0667  0000        JMP 0
0668  0000        JMP 0
0669  0000        JMP 0
066A  0000        JMP 0
066B  0000        JMP 0
066C  0000        JMP 0
066D  0000        JMP 0
066E  0000        JMP 0
066F  0000        JMP 0
0670  0000        JMP 0
0671  0000        JMP 0
0672  0000        JMP 0
0673  0000        JMP 0
0674  0000        JMP 0
0675  0000        JMP 0
0676  0000        JMP 0
0677  0000        JMP 0
0678  0000        JMP 0
0679  0000        JMP 0
067A  0000        JMP 0
067B  0000        JMP 0
067C  0000        JMP 0
067D  0000        JMP 0
067E  0000        JMP 0
067F  0000        JMP 0
0680  0000        JMP 0
0681  0000        JMP 0
0682  0000        JMP 0
0683  0000        JMP 0
0684  0000        JMP 0
0685  0000        JMP 0
0686  0000        JMP 0
0687  0000        JMP 0
0688  0000        JMP 0
0689  0000        JMP 0
068A  0000        JMP 0
068B  0000        JMP 0
068C  0000        JMP 0
068D  0000        JMP 0
068E  0000        JMP 0
068F  0000        JMP 0
0690  0000        JMP 0
0691  0000        JMP 0
0692  0000        JMP 0
0693  0000        JMP 0
0694  0000        JMP 0
0695  0000        JMP 0
0696  0000        JMP 0
0697  0000        JMP 0
0698  0000        JMP 0
0699  0000        JMP 0
069A  0000        JMP 0
069B  0000        JMP 0
069C  0000        JMP 0
069D  0000        JMP 0
069E  0000        JMP 0
069F  0000        JMP 0
06A0  0000        JMP 0
06A1  0000        JMP 0
06A2  0000        JMP 0
06A3  0000        JMP 0
06A4  0000        JMP 0
06A5  0000        JMP 0
06A6  0000        JMP 0
06A7  0000        JMP 0
06A8  0000        JMP 0
06A9  0000        JMP 0
06AA  0000        JMP 0
06AB  0000        JMP 0
06AC  0000        JMP 0
06AD  0000        JMP 0
06AE  0000        JMP 0
06AF  0000        JMP 0
06B0  0000        JMP 0
06B1  0000        JMP 0
06B2  0000        JMP 0
06B3  0000        JMP 0
06B4  0000        JMP 0
06B5  0000        JMP 0
06B6  0000        JMP 0
06B7  0000        JMP 0
06B8  0000        JMP 0
06B9  0000        JMP 0
06BA  0000        JMP 0
06BB  0000        JMP 0
06BC  0000        JMP 0
06BD  0000        JMP 0
06BE  0000        JMP 0
06BF  0000        JMP 0
06C0  0000        JMP 0
06C1  0000        JMP 0
06C2  0000        JMP 0
06C3  0000        JMP 0
06C4  0000        JMP 0
06C5  0000        JMP 0
06C6  0000        JMP 0
06C7  0000        JMP 0
06C8  0000        JMP 0
06C9  0000        JMP 0
06CA  0000        JMP 0
06CB  0000        JMP 0
06CC  0000        JMP 0
06CD  0000        JMP 0
06CE  0000        JMP 0
06CF  0000        JMP 0
06D0  0000        JMP 0
06D1  0000        JMP 0
06D2  0000        JMP 0
06D3  0000        JMP 0
06D4  0000        JMP 0
06D5  0000        JMP 0
06D6  0000        JMP 0
06D7  0000        JMP 0
06D8  0000        JMP 0
06D9  0000        JMP 0
06DA  0000        JMP 0
06DB  0000        JMP 0
06DC  0000        JMP 0
06DD  0000        JMP 0
06DE  0000        JMP 0
06DF  0000        JMP 0
06E0  0000        JMP 0
06E1  0000        JMP 0
06E2  0000        JMP 0
06E3  0000        JMP 0
06E4  0000        JMP 0
06E5  0000        JMP 0
06E6  0000        JMP 0
06E7  0000        JMP 0
06E8  0000        JMP 0
06E9  0000        JMP 0
06EA  0000        JMP 0
06EB  0000        JMP 0
06EC  0000        JMP 0
06ED  0000        JMP 0
06EE  0000        JMP 0
06EF  0000        JMP 0
06F0  0000        JMP 0
06F1  0000        JMP 0
06F2  0000        JMP 0
06F3  0000        JMP 0
06F4  0000        JMP 0
06F5  0000        JMP 0
06F6  0000        JMP 0
06F7  0000        JMP 0
06F8  0000        JMP 0
06F9  0000        JMP 0
06FA  0000        JMP 0
06FB  0000        JMP 0
06FC  0000        JMP 0
06FD  0000        JMP 0
06FE  0000        JMP 0
06FF  0000        JMP 0
0700  0000        JMP 0
0701  0000        JMP 0
0702  0000        JMP 0
0703  0000        JMP 0
0704  0000        JMP 0
0705  0000        JMP 0
0706  0000        JMP 0
0707  0000        JMP 0
0708  0000        JMP 0
0709  0000        JMP 0
070A  0000        JMP 0
070B  0000        JMP 0
070C  0000        JMP 0
070D  0000        JMP 0
070E  0000        JMP 0
070F  0000        JMP 0
0710  0000        JMP 0
0711  0000        JMP 0
0712  0000        JMP 0
0713  0000        JMP 0
0714  0000        JMP 0
0715  0000        JMP 0
0716  0000        JMP 0
0717  0000        JMP 0
0718  0000        JMP 0
0719  0000        JMP 0
071A  0000        JMP 0
071B  0000        JMP 0
071C  0000        JMP 0
071D  0000        JMP 0
071E  0000        JMP 0
071F  0000        JMP 0
0720  0000        JMP 0
0721  0000        JMP 0
0722  0000        JMP 0
0723  0000        JMP 0
0724  0000        JMP 0
0725  0000        JMP 0
0726  0000        JMP 0
0727  0000        JMP 0
0728  0000        JMP 0
0729  0000        JMP 0
072A  0000        JMP 0
072B  0000        JMP 0
072C  0000        JMP 0
072D  0000        JMP 0
072E  0000        JMP 0
072F  0000        JMP 0
0730  0000        JMP 0
0731  0000        JMP 0
0732  0000        JMP 0
0733  0000        JMP 0
0734  0000        JMP 0
0735  0000        JMP 0
0736  0000        JMP 0
0737  0000        JMP 0
0738  0000        JMP 0
0739  0000        JMP 0
073A  0000        JMP 0
073B  0000        JMP 0
073C  0000        JMP 0
073D  0000        JMP 0
073E  0000        JMP 0
073F  0000        JMP 0
0740  0000        JMP 0
0741  0000        JMP 0
0742  0000        JMP 0
0743  0000        JMP 0
0744  0000        JMP 0
0745  0000        JMP 0
0746  0000        JMP 0
0747  0000        JMP 0
0748  0000        JMP 0
0749  0000        JMP 0
074A  0000        JMP 0
074B  0000        JMP 0
074C  0000        JMP 0
074D  0000        JMP 0
074E  0000        JMP 0
074F  0000        JMP 0
0750  0000        JMP 0
0751  0000        JMP 0
0752  0000        JMP 0
0753  0000        JMP 0
0754  0000        JMP 0
0755  0000        JMP 0
0756  0000        JMP 0
0757  0000        JMP 0
0758  0000        JMP 0
0759  0000        JMP 0
075A  0000        JMP 0
075B  0000        JMP 0
075C  0000        JMP 0
075D  0000        JMP 0
075E  0000        JMP 0
075F  0000        JMP 0
0760  0000        JMP 0
0761  0000        JMP 0
0762  0000        JMP 0
0763  0000        JMP 0
0764  0000        JMP 0
0765  0000        JMP 0
0766  0000        JMP 0
0767  0000        JMP 0
0768  0000        JMP 0
0769  0000        JMP 0
076A  0000        JMP 0
076B  0000        JMP 0
076C  0000        JMP 0
076D  0000        JMP 0
076E  0000        JMP 0
076F  0000        JMP 0
0770  0000        JMP 0
0771  0000        JMP 0
0772  0000        JMP 0
0773  0000        JMP 0
0774  0000        JMP 0
0775  0000        JMP 0
0776  0000        JMP 0
0777  0000        JMP 0
0778  0000        JMP 0
0779  0000        JMP 0
077A  0000        JMP 0
077B  0000        JMP 0
077C  0000        JMP 0
077D  0000        JMP 0
077E  0000        JMP 0
077F  0000        JMP 0
0780  0000        JMP 0
0781  0000        JMP 0
0782  0000        JMP 0
0783  0000        JMP 0
0784  0000        JMP 0
0785  0000        JMP 0
0786  0000        JMP 0
0787  0000        JMP 0
0788  0000        JMP 0
0789  0000        JMP 0
078A  0000        JMP 0
078B  0000        JMP 0
078C  0000        JMP 0
078D  0000        JMP 0
078E  0000        JMP 0
078F  0000        JMP 0
0790  0000        JMP 0
0791  0000        JMP 0
0792  0000        JMP 0
0793  0000        JMP 0
0794  0000        JMP 0
0795  0000        JMP 0
0796  0000        JMP 0
0797  0000        JMP 0
0798  0000        JMP 0
0799  0000        JMP 0
079A  0000        JMP 0
079B  0000        JMP 0
079C  0000        JMP 0
079D  0000        JMP 0
079E  0000        JMP 0
079F  0000        JMP 0
07A0  0000        JMP 0
07A1  0000        JMP 0
07A2  0000        JMP 0
07A3  0000        JMP 0
07A4  0000        JMP 0
07A5  0000        JMP 0
07A6  0000        JMP 0
07A7  0000        JMP 0
07A8  0000        JMP 0
07A9  0000        JMP 0
07AA  0000        JMP 0
07AB  0000        JMP 0
07AC  0000        JMP 0
07AD  0000        JMP 0
07AE  0000        JMP 0
07AF  0000        JMP 0
07B0  0000        JMP 0
07B1  0000        JMP 0
07B2  0000        JMP 0
07B3  0000        JMP 0
07B4  0000        JMP 0
07B5  0000        JMP 0
07B6  0000        JMP 0
07B7  0000        JMP 0
07B8  0000        JMP 0
07B9  0000        JMP 0
07BA  0000        JMP 0
07BB  0000        JMP 0
07BC  0000        JMP 0
07BD  0000        JMP 0
07BE  0000        JMP 0
07BF  0000        JMP 0
07C0  0000        JMP 0
07C1  0000        JMP 0
07C2  0000        JMP 0
07C3  0000        JMP 0
07C4  0000        JMP 0
07C5  0000        JMP 0
07C6  0000        JMP 0
07C7  0000        JMP 0
07C8  0000        JMP 0
07C9  0000        JMP 0
07CA  0000        JMP 0
07CB  0000        JMP 0
07CC  0000        JMP 0
07CD  0000        JMP 0
07CE  0000        JMP 0
07CF  0000        JMP 0
07D0  0000        JMP 0
07D1  0000        JMP 0
07D2  0000        JMP 0
07D3  0000        JMP 0
07D4  0000        JMP 0
07D5  0000        JMP 0
07D6  0000        JMP 0
07D7  0000        JMP 0
07D8  0000        JMP 0
07D9  0000        JMP 0
07DA  0000        JMP 0
07DB  0000        JMP 0
07DC  0000        JMP 0
07DD  0000        JMP 0
07DE  0000        JMP 0
07DF  0000        JMP 0
07E0  0000        JMP 0
07E1  0000        JMP 0
07E2  0000        JMP 0
07E3  0000        JMP 0
07E4  0000        JMP 0
07E5  0000        JMP 0
07E6  0000        JMP 0
07E7  0000        JMP 0
07E8  0000        JMP 0
07E9  0000        JMP 0
07EA  0000        JMP 0
07EB  0000        JMP 0
07EC  0000        JMP 0
07ED  0000        JMP 0
07EE  0000        JMP 0
07EF  0000        JMP 0
07F0  0000        JMP 0
07F1  0000        JMP 0
07F2  0000        JMP 0
07F3  0000        JMP 0
07F4  0000        JMP 0
07F5  0000        JMP 0
07F6  0000        JMP 0
07F7  0000        JMP 0
07F8  0000        JMP 0
07F9  0000        JMP 0
07FA  0000        JMP 0
07FB  0000        JMP 0
07FC  0000        JMP 0
07FD  0000        JMP 0
07FE  0000        JMP 0
07FF  0000        JMP 0
0800  0000        JMP 0
0801  0000        JMP 0
0802  0000        JMP 0
0803  0000        JMP 0
0804  0000        JMP 0
0805  0000        JMP 0
0806  0000        JMP 0
0807  0000        JMP 0
0808  0000        JMP 0
0809  0000        JMP 0
080A  0000        JMP 0
080B  0000        JMP 0
080C  0000        JMP 0
080D  0000        JMP 0
080E  0000        JMP 0
080F  0000        JMP 0
0810  0000        JMP 0
0811  0000        JMP 0
0812  0000        JMP 0
0813  0000        JMP 0
0814  0000        JMP 0
0815  0000        JMP 0
0816  0000        JMP 0
0817  0000        JMP 0
0818  0000        JMP 0
0819  0000        JMP 0
081A  0000        JMP 0
081B  0000        JMP 0
081C  0000        JMP 0
081D  0000        JMP 0
081E  0000        JMP 0
081F  0000        JMP 0
0820  0000        JMP 0
0821  0000        JMP 0
0822  0000        JMP 0
0823  0000        JMP 0
0824  0000        JMP 0
0825  0000        JMP 0
0826  0000        JMP 0
0827  0000        JMP 0
0828  0000        JMP 0
0829  0000        JMP 0
082A  0000        JMP 0
082B  0000        JMP 0
082C  0000        JMP 0
082D  0000        JMP 0
082E  0000        JMP 0
082F  0000        JMP 0
0830  0000        JMP 0
0831  0000        JMP 0
0832  0000        JMP 0
0833  0000        JMP 0
0834  0000        JMP 0
0835  0000        JMP 0
0836  0000        JMP 0
0837  0000        JMP 0
0838  0000        JMP 0
0839  0000        JMP 0
083A  0000        JMP 0
083B  0000        JMP 0
083C  0000        JMP 0
083D  0000        JMP 0
083E  0000        JMP 0
083F  0000        JMP 0
0840  0000        JMP 0
0841  0000        JMP 0
0842  0000        JMP 0
0843  0000        JMP 0
0844  0000        JMP 0
0845  0000        JMP 0
0846  0000        JMP 0
0847  0000        JMP 0
0848  0000        JMP 0
0849  0000        JMP 0
084A  0000        JMP 0
084B  0000        JMP 0
084C  0000        JMP 0
084D  0000        JMP 0
084E  0000        JMP 0
084F  0000        JMP 0
0850  0000        JMP 0
0851  0000        JMP 0
0852  0000        JMP 0
0853  0000        JMP 0
0854  0000        JMP 0
0855  0000        JMP 0
0856  0000        JMP 0
0857  0000        JMP 0
0858  0000        JMP 0
0859  0000        JMP 0
085A  0000        JMP 0
085B  0000        JMP 0
085C  0000        JMP 0
085D  0000        JMP 0
085E  0000        JMP 0
085F  0000        JMP 0
0860  0000        JMP 0
0861  0000        JMP 0
0862  0000        JMP 0
0863  0000        JMP 0
0864  0000        JMP 0
0865  0000        JMP 0
0866  0000        JMP 0
0867  0000        JMP 0
0868  0000        JMP 0
0869  0000        JMP 0
086A  0000        JMP 0
086B  0000        JMP 0
086C  0000        JMP 0
086D  0000        JMP 0
086E  0000        JMP 0
086F  0000        JMP 0
0870  0000        JMP 0
0871  0000        JMP 0
0872  0000        JMP 0
0873  0000        JMP 0
0874  0000        JMP 0
0875  0000        JMP 0
0876  0000        JMP 0
0877  0000        JMP 0
0878  0000        JMP 0
0879  0000        JMP 0
087A  0000        JMP 0
087B  0000        JMP 0
087C  0000        JMP 0
087D  0000        JMP 0
087E  0000        JMP 0
087F  0000        JMP 0
0880  0000        JMP 0
0881  0000        JMP 0
0882  0000        JMP 0
0883  0000        JMP 0
0884  0000        JMP 0
0885  0000        JMP 0
0886  0000        JMP 0
0887  0000        JMP 0
0888  0000        JMP 0
0889  0000        JMP 0
088A  0000        JMP 0
088B  0000        JMP 0
088C  0000        JMP 0
088D  0000        JMP 0
088E  0000        JMP 0
088F  0000        JMP 0
0890  0000        JMP 0
0891  0000        JMP 0
0892  0000        JMP 0
0893  0000        JMP 0
0894  0000        JMP 0
0895  0000        JMP 0
0896  0000        JMP 0
0897  0000        JMP 0
0898  0000        JMP 0
0899  0000        JMP 0
089A  0000        JMP 0
089B  0000        JMP 0
089C  0000        JMP 0
089D  0000        JMP 0
089E  0000        JMP 0
089F  0000        JMP 0
08A0  0000        JMP 0
08A1  0000        JMP 0
08A2  0000        JMP 0
08A3  0000        JMP 0
08A4  0000        JMP 0
08A5  0000        JMP 0
08A6  0000        JMP 0
08A7  0000        JMP 0
08A8  0000        JMP 0
08A9  0000        JMP 0
08AA  0000        JMP 0
08AB  0000        JMP 0
08AC  0000        JMP 0
08AD  0000        JMP 0
08AE  0000        JMP 0
08AF  0000        JMP 0
08B0  0000        JMP 0
08B1  0000        JMP 0
08B2  0000        JMP 0
08B3  0000        JMP 0
08B4  0000        JMP 0
08B5  0000        JMP 0
08B6  0000        JMP 0
08B7  0000        JMP 0
08B8  0000        JMP 0
08B9  0000        JMP 0
08BA  0000        JMP 0
08BB  0000        JMP 0
08BC  0000        JMP 0
08BD  0000        JMP 0
08BE  0000        JMP 0
08BF  0000        JMP 0
08C0  0000        JMP 0
08C1  0000        JMP 0
08C2  0000        JMP 0
08C3  0000        JMP 0
08C4  0000        JMP 0
08C5  0000        JMP 0
08C6  0000        JMP 0
08C7  0000        JMP 0
08C8  0000        JMP 0
08C9  0000        JMP 0
08CA  0000        JMP 0
08CB  0000        JMP 0
08CC  0000        JMP 0
08CD  0000        JMP 0
08CE  0000        JMP 0
08CF  0000        JMP 0
08D0  0000        JMP 0
08D1  0000        JMP 0
08D2  0000        JMP 0
08D3  0000        JMP 0
08D4  0000        JMP 0
08D5  0000        JMP 0
08D6  0000        JMP 0
08D7  0000        JMP 0
08D8  0000        JMP 0
08D9  0000        JMP 0
08DA  0000        JMP 0
08DB  0000        JMP 0
08DC  0000        JMP 0
08DD  0000        JMP 0
08DE  0000        JMP 0
08DF  0000        JMP 0
08E0  0000        JMP 0
08E1  0000        JMP 0
08E2  0000        JMP 0
08E3  0000        JMP 0
08E4  0000        JMP 0
08E5  0000        JMP 0
08E6  0000        JMP 0
08E7  0000        JMP 0
08E8  0000        JMP 0
08E9  0000        JMP 0
08EA  0000        JMP 0
08EB  0000        JMP 0
08EC  0000        JMP 0
08ED  0000        JMP 0
08EE  0000        JMP 0
08EF  0000        JMP 0
08F0  0000        JMP 0
08F1  0000        JMP 0
08F2  0000        JMP 0
08F3  0000        JMP 0
08F4  0000        JMP 0
08F5  0000        JMP 0
08F6  0000        JMP 0
08F7  0000        JMP 0
08F8  0000        JMP 0
08F9  0000        JMP 0
08FA  0000        JMP 0
08FB  0000        JMP 0
08FC  0000        JMP 0
08FD  0000        JMP 0
08FE  0000        JMP 0
08FF  0000        JMP 0
0900  0000        JMP 0
0901  0000        JMP 0
0902  0000        JMP 0
0903  0000        JMP 0
0904  0000        JMP 0
0905  0000        JMP 0
0906  0000        JMP 0
0907  0000        JMP 0
0908  0000        JMP 0
0909  0000        JMP 0
090A  0000        JMP 0
090B  0000        JMP 0
090C  0000        JMP 0
090D  0000        JMP 0
090E  0000        JMP 0
090F  0000        JMP 0
0910  0000        JMP 0
0911  0000        JMP 0
0912  0000        JMP 0
0913  0000        JMP 0
0914  0000        JMP 0
0915  0000        JMP 0
0916  0000        JMP 0
0917  0000        JMP 0
0918  0000        JMP 0
0919  0000        JMP 0
091A  0000        JMP 0
091B  0000        JMP 0
091C  0000        JMP 0
091D  0000        JMP 0
091E  0000        JMP 0
091F  0000        JMP 0
0920  0000        JMP 0
0921  0000        JMP 0
0922  0000        JMP 0
0923  0000        JMP 0
0924  0000        JMP 0
0925  0000        JMP 0
0926  0000        JMP 0
0927  0000        JMP 0
0928  0000        JMP 0
0929  0000        JMP 0
092A  0000        JMP 0
092B  0000        JMP 0
092C  0000        JMP 0
092D  0000        JMP 0
092E  0000        JMP 0
092F  0000        JMP 0
0930  0000        JMP 0
0931  0000        JMP 0
0932  0000        JMP 0
0933  0000        JMP 0
0934  0000        JMP 0
0935  0000        JMP 0
0936  0000        JMP 0
0937  0000        JMP 0
0938  0000        JMP 0
0939  0000        JMP 0
093A  0000        JMP 0
093B  0000        JMP 0
093C  0000        JMP 0
093D  0000        JMP 0
093E  0000        JMP 0
093F  0000        JMP 0
0940  0000        JMP 0
0941  0000        JMP 0
0942  0000        JMP 0
0943  0000        JMP 0
0944  0000        JMP 0
0945  0000        JMP 0
0946  0000        JMP 0
0947  0000        JMP 0
0948  0000        JMP 0
0949  0000        JMP 0
094A  0000        JMP 0
094B  0000        JMP 0
094C  0000        JMP 0
094D  0000        JMP 0
094E  0000        JMP 0
094F  0000        JMP 0
0950  0000        JMP 0
0951  0000        JMP 0
0952  0000        JMP 0
0953  0000        JMP 0
0954  0000        JMP 0
0955  0000        JMP 0
0956  0000        JMP 0
0957  0000        JMP 0
0958  0000        JMP 0
0959  0000        JMP 0
095A  0000        JMP 0
095B  0000        JMP 0
095C  0000        JMP 0
095D  0000        JMP 0
095E  0000        JMP 0
095F  0000        JMP 0
0960  0000        JMP 0
0961  0000        JMP 0
0962  0000        JMP 0
0963  0000        JMP 0
0964  0000        JMP 0
0965  0000        JMP 0
0966  0000        JMP 0
0967  0000        JMP 0
0968  0000        JMP 0
0969  0000        JMP 0
096A  0000        JMP 0
096B  0000        JMP 0
096C  0000        JMP 0
096D  0000        JMP 0
096E  0000        JMP 0
096F  0000        JMP 0
0970  0000        JMP 0
0971  0000        JMP 0
0972  0000        JMP 0
0973  0000        JMP 0
0974  0000        JMP 0
0975  0000        JMP 0
0976  0000        JMP 0
0977  0000        JMP 0
0978  0000        JMP 0
0979  0000        JMP 0
097A  0000        JMP 0
097B  0000        JMP 0
097C  0000        JMP 0
097D  0000        JMP 0
097E  0000        JMP 0
097F  0000        JMP 0
0980  0000        JMP 0
0981  0000        JMP 0
0982  0000        JMP 0
0983  0000        JMP 0
0984  0000        JMP 0
0985  0000        JMP 0
0986  0000        JMP 0
0987  0000        JMP 0
0988  0000        JMP 0
0989  0000        JMP 0
098A  0000        JMP 0
098B  0000        JMP 0
098C  0000        JMP 0
098D  0000        JMP 0
098E  0000        JMP 0
098F  0000        JMP 0
0990  0000        JMP 0
0991  0000        JMP 0
0992  0000        JMP 0
0993  0000        JMP 0
0994  0000        JMP 0
0995  0000        JMP 0
0996  0000        JMP 0
0997  0000        JMP 0
0998  0000        JMP 0
0999  0000        JMP 0
099A  0000        JMP 0
099B  0000        JMP 0
099C  0000        JMP 0
099D  0000        JMP 0
099E  0000        JMP 0
099F  0000        JMP 0
09A0  0000        JMP 0
09A1  0000        JMP 0
09A2  0000        JMP 0
09A3  0000        JMP 0
09A4  0000        JMP 0
09A5  0000        JMP 0
09A6  0000        JMP 0
09A7  0000        JMP 0
09A8  0000        JMP 0
09A9  0000        JMP 0
09AA  0000        JMP 0
09AB  0000        JMP 0
09AC  0000        JMP 0
09AD  0000        JMP 0
09AE  0000        JMP 0
09AF  0000        JMP 0
09B0  0000        JMP 0
09B1  0000        JMP 0
09B2  0000        JMP 0
09B3  0000        JMP 0
09B4  0000        JMP 0
09B5  0000        JMP 0
09B6  0000        JMP 0
09B7  0000        JMP 0
09B8  0000        JMP 0
09B9  0000        JMP 0
09BA  0000        JMP 0
09BB  0000        JMP 0
09BC  0000        JMP 0
09BD  0000        JMP 0
09BE  0000        JMP 0
09BF  0000        JMP 0
09C0  0000        JMP 0
09C1  0000        JMP 0
09C2  0000        JMP 0
09C3  0000        JMP 0
09C4  0000        JMP 0
09C5  0000        JMP 0
09C6  0000        JMP 0
09C7  0000        JMP 0
09C8  0000        JMP 0
09C9  0000        JMP 0
09CA  0000        JMP 0
09CB  0000        JMP 0
09CC  0000        JMP 0
09CD  0000        JMP 0
09CE  0000        JMP 0
09CF  0000        JMP 0
09D0  0000        JMP 0
09D1  0000        JMP 0
09D2  0000        JMP 0
09D3  0000        JMP 0
09D4  0000        JMP 0
09D5  0000        JMP 0
09D6  0000        JMP 0
09D7  0000        JMP 0
09D8  0000        JMP 0
09D9  0000        JMP 0
09DA  0000        JMP 0
09DB  0000        JMP 0
09DC  0000        JMP 0
09DD  0000        JMP 0
09DE  0000        JMP 0
09DF  0000        JMP 0
09E0  0000        JMP 0
09E1  0000        JMP 0
09E2  0000        JMP 0
09E3  0000        JMP 0
09E4  0000        JMP 0
09E5  0000        JMP 0
09E6  0000        JMP 0
09E7  0000        JMP 0
09E8  0000        JMP 0
09E9  0000        JMP 0
09EA  0000        JMP 0
09EB  0000        JMP 0
09EC  0000        JMP 0
09ED  0000        JMP 0
09EE  0000        JMP 0
09EF  0000        JMP 0
09F0  0000        JMP 0
09F1  0000        JMP 0
09F2  0000        JMP 0
09F3  0000        JMP 0
09F4  0000        JMP 0
09F5  0000        JMP 0
09F6  0000        JMP 0
09F7  0000        JMP 0
09F8  0000        JMP 0
09F9  0000        JMP 0
09FA  0000        JMP 0
09FB  0000        JMP 0
09FC  0000        JMP 0
09FD  0000        JMP 0
09FE  0000        JMP 0
09FF  0000        JMP 0
0A00  0000        JMP 0
0A01  0000        JMP 0
0A02  0000        JMP 0
0A03  0000        JMP 0
0A04  0000        JMP 0
0A05  0000        JMP 0
0A06  0000        JMP 0
0A07  0000        JMP 0
0A08  0000        JMP 0
0A09  0000        JMP 0
0A0A  0000        JMP 0
0A0B  0000        JMP 0
0A0C  0000        JMP 0
0A0D  0000        JMP 0
0A0E  0000        JMP 0
0A0F  0000        JMP 0
0A10  0000        JMP 0
0A11  0000        JMP 0
0A12  0000        JMP 0
0A13  0000        JMP 0
0A14  0000        JMP 0
0A15  0000        JMP 0
0A16  0000        JMP 0
0A17  0000        JMP 0
0A18  0000        JMP 0
0A19  0000        JMP 0
0A1A  0000        JMP 0
0A1B  0000        JMP 0
0A1C  0000        JMP 0
0A1D  0000        JMP 0
0A1E  0000        JMP 0
0A1F  0000        JMP 0
0A20  0000        JMP 0
0A21  0000        JMP 0
0A22  0000        JMP 0
0A23  0000        JMP 0
0A24  0000        JMP 0
0A25  0000        JMP 0
0A26  0000        JMP 0
0A27  0000        JMP 0
0A28  0000        JMP 0
0A29  0000        JMP 0
0A2A  0000        JMP 0
0A2B  0000        JMP 0
0A2C  0000        JMP 0
0A2D  0000        JMP 0
0A2E  0000        JMP 0
0A2F  0000        JMP 0
0A30  0000        JMP 0
0A31  0000        JMP 0
0A32  0000        JMP 0
0A33  0000        JMP 0
0A34  0000        JMP 0
0A35  0000        JMP 0
0A36  0000        JMP 0
0A37  0000        JMP 0
0A38  0000        JMP 0
0A39  0000        JMP 0
0A3A  0000        JMP 0
0A3B  0000        JMP 0
0A3C  0000        JMP 0
0A3D  0000        JMP 0
0A3E  0000        JMP 0
0A3F  0000        JMP 0
0A40  0000        JMP 0
0A41  0000        JMP 0
0A42  0000        JMP 0
0A43  0000        JMP 0
0A44  0000        JMP 0
0A45  0000        JMP 0
0A46  0000        JMP 0
0A47  0000        JMP 0
0A48  0000        JMP 0
0A49  0000        JMP 0
0A4A  0000        JMP 0
0A4B  0000        JMP 0
0A4C  0000        JMP 0
0A4D  0000        JMP 0
0A4E  0000        JMP 0
0A4F  0000        JMP 0
0A50  0000        JMP 0
0A51  0000        JMP 0
0A52  0000        JMP 0
0A53  0000        JMP 0
0A54  0000        JMP 0
0A55  0000        JMP 0
0A56  0000        JMP 0
0A57  0000        JMP 0
0A58  0000        JMP 0
0A59  0000        JMP 0
0A5A  0000        JMP 0
0A5B  0000        JMP 0
0A5C  0000        JMP 0
0A5D  0000        JMP 0
0A5E  0000        JMP 0
0A5F  0000        JMP 0
0A60  0000        JMP 0
0A61  0000        JMP 0
0A62  0000        JMP 0
0A63  0000        JMP 0
0A64  0000        JMP 0
0A65  0000        JMP 0
0A66  0000        JMP 0
0A67  0000        JMP 0
0A68  0000        JMP 0
0A69  0000        JMP 0
0A6A  0000        JMP 0
0A6B  0000        JMP 0
0A6C  0000        JMP 0
0A6D  0000        JMP 0
0A6E  0000        JMP 0
0A6F  0000        JMP 0
0A70  0000        JMP 0
0A71  0000        JMP 0
0A72  0000        JMP 0
0A73  0000        JMP 0
0A74  0000        JMP 0
0A75  0000        JMP 0
0A76  0000        JMP 0
0A77  0000        JMP 0
0A78  0000        JMP 0
0A79  0000        JMP 0
0A7A  0000        JMP 0
0A7B  0000        JMP 0
0A7C  0000        JMP 0
0A7D  0000        JMP 0
0A7E  0000        JMP 0
0A7F  0000        JMP 0
0A80  0000        JMP 0
0A81  0000        JMP 0
0A82  0000        JMP 0
0A83  0000        JMP 0
0A84  0000        JMP 0
0A85  0000        JMP 0
0A86  0000        JMP 0
0A87  0000        JMP 0
0A88  0000        JMP 0
0A89  0000        JMP 0
0A8A  0000        JMP 0
0A8B  0000        JMP 0
0A8C  0000        JMP 0
0A8D  0000        JMP 0
0A8E  0000        JMP 0
0A8F  0000        JMP 0
0A90  0000        JMP 0
0A91  0000        JMP 0
0A92  0000        JMP 0
0A93  0000        JMP 0
0A94  0000        JMP 0
0A95  0000        JMP 0
0A96  0000        JMP 0
0A97  0000        JMP 0
0A98  0000        JMP 0
0A99  0000        JMP 0
0A9A  0000        JMP 0
0A9B  0000        JMP 0
0A9C  0000        JMP 0
0A9D  0000        JMP 0
0A9E  0000        JMP 0
0A9F  0000        JMP 0
0AA0  0000        JMP 0
0AA1  0000        JMP 0
0AA2  0000        JMP 0
0AA3  0000        JMP 0
0AA4  0000        JMP 0
0AA5  0000        JMP 0
0AA6  0000        JMP 0
0AA7  0000        JMP 0
0AA8  0000        JMP 0
0AA9  0000        JMP 0
0AAA  0000        JMP 0
0AAB  0000        JMP 0
0AAC  0000        JMP 0
0AAD  0000        JMP 0
0AAE  0000        JMP 0
0AAF  0000        JMP 0
0AB0  0000        JMP 0
0AB1  0000        JMP 0
0AB2  0000        JMP 0
0AB3  0000        JMP 0
0AB4  0000        JMP 0
0AB5  0000        JMP 0
0AB6  0000        JMP 0
0AB7  0000        JMP 0
0AB8  0000        JMP 0
0AB9  0000        JMP 0
0ABA  0000        JMP 0
0ABB  0000        JMP 0
0ABC  0000        JMP 0
0ABD  0000        JMP 0
0ABE  0000        JMP 0
0ABF  0000        JMP 0
0AC0  0000        JMP 0
0AC1  0000        JMP 0
0AC2  0000        JMP 0
0AC3  0000        JMP 0
0AC4  0000        JMP 0
0AC5  0000        JMP 0
0AC6  0000        JMP 0
0AC7  0000        JMP 0
0AC8  0000        JMP 0
0AC9  0000        JMP 0
0ACA  0000        JMP 0
0ACB  0000        JMP 0
0ACC  0000        JMP 0
0ACD  0000        JMP 0
0ACE  0000        JMP 0
0ACF  0000        JMP 0
0AD0  0000        JMP 0
0AD1  0000        JMP 0
0AD2  0000        JMP 0
0AD3  0000        JMP 0
0AD4  0000        JMP 0
0AD5  0000        JMP 0
0AD6  0000        JMP 0
0AD7  0000        JMP 0
0AD8  0000        JMP 0
0AD9  0000        JMP 0
0ADA  0000        JMP 0
0ADB  0000        JMP 0
0ADC  0000        JMP 0
0ADD  0000        JMP 0
0ADE  0000        JMP 0
0ADF  0000        JMP 0
0AE0  0000        JMP 0
0AE1  0000        JMP 0
0AE2  0000        JMP 0
0AE3  0000        JMP 0
0AE4  0000        JMP 0
0AE5  0000        JMP 0
0AE6  0000        JMP 0
0AE7  0000        JMP 0
0AE8  0000        JMP 0
0AE9  0000        JMP 0
0AEA  0000        JMP 0
0AEB  0000        JMP 0
0AEC  0000        JMP 0
0AED  0000        JMP 0
0AEE  0000        JMP 0
0AEF  0000        JMP 0
0AF0  0000        JMP 0
0AF1  0000        JMP 0
0AF2  0000        JMP 0
0AF3  0000        JMP 0
0AF4  0000        JMP 0
0AF5  0000        JMP 0
0AF6  0000        JMP 0
0AF7  0000        JMP 0
0AF8  0000        JMP 0
0AF9  0000        JMP 0
0AFA  0000        JMP 0
0AFB  0000        JMP 0
0AFC  0000        JMP 0
0AFD  0000        JMP 0
0AFE  0000        JMP 0
0AFF  0000        JMP 0
0B00  0000        JMP 0
0B01  0000        JMP 0
0B02  0000        JMP 0
0B03  00D2        JMP 210
0B04  0000        JMP 0
0B05  0000        JMP 0
0B06  0000        JMP 0
0B07  0000        JMP 0
0B08  0000        JMP 0
0B09  0000        JMP 0
0B0A  0000        JMP 0
0B0B  0000        JMP 0
0B0C  0000        JMP 0
0B0D  0000        JMP 0
0B0E  0000        JMP 0
0B0F  0000        JMP 0
0B10  0000        JMP 0
0B11  0000        JMP 0
0B12  0000        JMP 0
0B13  0000        JMP 0
0B14  0000        JMP 0
0B15  0000        JMP 0
0B16  0000        JMP 0
0B17  0000        JMP 0
0B18  0000        JMP 0
0B19  0000        JMP 0
0B1A  0000        JMP 0
0B1B  0000        JMP 0
0B1C  0000        JMP 0
0B1D  0000        JMP 0
0B1E  0000        JMP 0
0B1F  0000        JMP 0
0B20  0000        JMP 0
0B21  0000        JMP 0
0B22  0000        JMP 0
0B23  0000        JMP 0
0B24  0000        JMP 0
0B25  0000        JMP 0
0B26  0000        JMP 0
0B27  0000        JMP 0
0B28  0000        JMP 0
0B29  0000        JMP 0
0B2A  0000        JMP 0
0B2B  0000        JMP 0
0B2C  0000        JMP 0
0B2D  0000        JMP 0
0B2E  0000        JMP 0
0B2F  0000        JMP 0
0B30  0000        JMP 0
0B31  0000        JMP 0
0B32  0000        JMP 0
0B33  0000        JMP 0
0B34  0000        JMP 0
0B35  0000        JMP 0
0B36  0000        JMP 0
0B37  0000        JMP 0
0B38  0000        JMP 0
0B39  0000        JMP 0
0B3A  0000        JMP 0
0B3B  0000        JMP 0
0B3C  0000        JMP 0
0B3D  0000        JMP 0
0B3E  0000        JMP 0
0B3F  0000        JMP 0
0B40  0000        JMP 0
0B41  0000        JMP 0
0B42  0000        JMP 0
0B43  0000        JMP 0
0B44  0000        JMP 0
0B45  0000        JMP 0
0B46  0000        JMP 0
0B47  0000        JMP 0
0B48  0000        JMP 0
0B49  0000        JMP 0
0B4A  0000        JMP 0
0B4B  0000        JMP 0
0B4C  0000        JMP 0
0B4D  0000        JMP 0
0B4E  0000        JMP 0
0B4F  0000        JMP 0
0B50  0000        JMP 0
0B51  0000        JMP 0
0B52  0000        JMP 0
0B53  0000        JMP 0
0B54  0000        JMP 0
0B55  0000        JMP 0
0B56  0000        JMP 0
0B57  0000        JMP 0
0B58  0000        JMP 0
0B59  0000        JMP 0
0B5A  0000        JMP 0
0B5B  0000        JMP 0
0B5C  0000        JMP 0
0B5D  0000        JMP 0
0B5E  0000        JMP 0
0B5F  0000        JMP 0
0B60  0000        JMP 0
0B61  0000        JMP 0
0B62  0000        JMP 0
0B63  0000        JMP 0
0B64  0000        JMP 0
0B65  0000        JMP 0
0B66  0000        JMP 0
0B67  0000        JMP 0
0B68  0064        JMP 100
0B69  0005        JMP 5
0B6A  0006        JMP 6
0B6B  0001        JMP 1
0B6C  0002        JMP 2
0B6D  0000        JMP 0
0B6E  0000        JMP 0
0B6F  0000        JMP 0
0B70  0000        JMP 0
0B71  0000        JMP 0
0B72  0000        JMP 0
0B73  0000        JMP 0
0B74  0000        JMP 0
0B75  0000        JMP 0
0B76  0000        JMP 0
0B77  0000        JMP 0
0B78  0000        JMP 0
0B79  0000        JMP 0
0B7A  0000        JMP 0
0B7B  0000        JMP 0
0B7C  0000        JMP 0
0B7D  0000        JMP 0
0B7E  0000        JMP 0
0B7F  0000        JMP 0
0B80  0000        JMP 0
0B81  0000        JMP 0
0B82  0000        JMP 0
0B83  0000        JMP 0
0B84  0000        JMP 0
0B85  0000        JMP 0
0B86  0000        JMP 0
0B87  0000        JMP 0
0B88  0000        JMP 0
0B89  0000        JMP 0
0B8A  0000        JMP 0
0B8B  0000        JMP 0
0B8C  0000        JMP 0
0B8D  0000        JMP 0
0B8E  0000        JMP 0
0B8F  0000        JMP 0
0B90  0000        JMP 0
0B91  0000        JMP 0
0B92  0000        JMP 0
0B93  0000        JMP 0
0B94  0000        JMP 0
0B95  0000        JMP 0
0B96  0000        JMP 0
0B97  0000        JMP 0
0B98  0000        JMP 0
0B99  0000        JMP 0
0B9A  0000        JMP 0
0B9B  0000        JMP 0
0B9C  0000        JMP 0
0B9D  0000        JMP 0
0B9E  0000        JMP 0
0B9F  0000        JMP 0
0BA0  0000        JMP 0
0BA1  0000        JMP 0
0BA2  0000        JMP 0
0BA3  0000        JMP 0
0BA4  0000        JMP 0
0BA5  0000        JMP 0
0BA6  0000        JMP 0
0BA7  0000        JMP 0
0BA8  0000        JMP 0
0BA9  0000        JMP 0
0BAA  0000        JMP 0
0BAB  0000        JMP 0
0BAC  0000        JMP 0
0BAD  0000        JMP 0
0BAE  0000        JMP 0
0BAF  0000        JMP 0
0BB0  0000        JMP 0
0BB1  0000        JMP 0
0BB2  0000        JMP 0
0BB3  0000        JMP 0
0BB4  0000        JMP 0
0BB5  0000        JMP 0
0BB6  0000        JMP 0
0BB7  0000        JMP 0
0BB8  0000        JMP 0
0BB9  0000        JMP 0
0BBA  0000        JMP 0
0BBB  0000        JMP 0
0BBC  0000        JMP 0
0BBD  0000        JMP 0
0BBE  0000        JMP 0
0BBF  0000        JMP 0
0BC0  0000        JMP 0
0BC1  0000        JMP 0
0BC2  0000        JMP 0
0BC3  0000        JMP 0
0BC4  0000        JMP 0
0BC5  0000        JMP 0
0BC6  0000        JMP 0
0BC7  0000        JMP 0
0BC8  0000        JMP 0
0BC9  0000        JMP 0
0BCA  0000        JMP 0
0BCB  0000        JMP 0
0BCC  0000        JMP 0
0BCD  0000        JMP 0
0BCE  0000        JMP 0
0BCF  0000        JMP 0
0BD0  0000        JMP 0
0BD1  0000        JMP 0
0BD2  0000        JMP 0
0BD3  0000        JMP 0
0BD4  0000        JMP 0
0BD5  0000        JMP 0
0BD6  0000        JMP 0
0BD7  0000        JMP 0
0BD8  0000        JMP 0
0BD9  0000        JMP 0
0BDA  0000        JMP 0
0BDB  0000        JMP 0
0BDC  0000        JMP 0
0BDD  0000        JMP 0
0BDE  0000        JMP 0
0BDF  0000        JMP 0
0BE0  0000        JMP 0
0BE1  0000        JMP 0
0BE2  0000        JMP 0
0BE3  0000        JMP 0
0BE4  0000        JMP 0
0BE5  0000        JMP 0
0BE6  0000        JMP 0
0BE7  0000        JMP 0
0BE8  0000        JMP 0
0BE9  0000        JMP 0
0BEA  0000        JMP 0
0BEB  0000        JMP 0
0BEC  0000        JMP 0
0BED  0000        JMP 0
0BEE  0000        JMP 0
0BEF  0000        JMP 0
0BF0  0000        JMP 0
0BF1  0000        JMP 0
0BF2  0000        JMP 0
0BF3  0000        JMP 0
0BF4  0000        JMP 0
0BF5  0000        JMP 0
0BF6  0000        JMP 0
0BF7  0000        JMP 0
0BF8  0000        JMP 0
0BF9  0000        JMP 0
0BFA  0000        JMP 0
0BFB  0000        JMP 0
0BFC  0000        JMP 0
0BFD  0000        JMP 0
0BFE  0000        JMP 0
0BFF  0000        JMP 0
0C00  0000        JMP 0
0C01  0000        JMP 0
0C02  0000        JMP 0
0C03  0000        JMP 0
0C04  0000        JMP 0
0C05  0000        JMP 0
0C06  0000        JMP 0
0C07  0000        JMP 0
0C08  0000        JMP 0
0C09  0000        JMP 0
0C0A  0000        JMP 0
0C0B  0000        JMP 0
0C0C  0000        JMP 0
0C0D  0000        JMP 0
0C0E  0000        JMP 0
0C0F  0000        JMP 0
0C10  0000        JMP 0
0C11  0000        JMP 0
0C12  0000        JMP 0
0C13  0000        JMP 0
0C14  0000        JMP 0
0C15  0000        JMP 0
0C16  0000        JMP 0
0C17  0000        JMP 0
0C18  0000        JMP 0
0C19  0000        JMP 0
0C1A  0000        JMP 0
0C1B  0000        JMP 0
0C1C  0000        JMP 0
0C1D  0000        JMP 0
0C1E  0000        JMP 0
0C1F  0000        JMP 0
0C20  0000        JMP 0
0C21  0000        JMP 0
0C22  0000        JMP 0
0C23  0000        JMP 0
0C24  0000        JMP 0
0C25  0000        JMP 0
0C26  0000        JMP 0
0C27  0000        JMP 0
0C28  0000        JMP 0
0C29  0000        JMP 0
0C2A  0000        JMP 0
0C2B  0000        JMP 0
0C2C  0000        JMP 0
0C2D  0000        JMP 0
0C2E  0000        JMP 0
0C2F  0000        JMP 0
0C30  0000        JMP 0
0C31  0000        JMP 0
0C32  0000        JMP 0
0C33  0000        JMP 0
0C34  0000        JMP 0
0C35  0000        JMP 0
0C36  0000        JMP 0
0C37  0000        JMP 0
0C38  0000        JMP 0
0C39  0000        JMP 0
0C3A  0000        JMP 0
0C3B  0000        JMP 0
0C3C  0000        JMP 0
0C3D  0000        JMP 0
0C3E  0000        JMP 0
0C3F  0000        JMP 0
0C40  0000        JMP 0
0C41  0000        JMP 0
0C42  0000        JMP 0
0C43  0000        JMP 0
0C44  0000        JMP 0
0C45  0000        JMP 0
0C46  0000        JMP 0
0C47  0000        JMP 0
0C48  0000        JMP 0
0C49  0000        JMP 0
0C4A  0000        JMP 0
0C4B  0000        JMP 0
0C4C  0000        JMP 0
0C4D  0000        JMP 0
0C4E  0000        JMP 0
0C4F  0000        JMP 0
0C50  0000        JMP 0
0C51  0000        JMP 0
0C52  0000        JMP 0
0C53  0000        JMP 0
0C54  0000        JMP 0
0C55  0000        JMP 0
0C56  0000        JMP 0
0C57  0000        JMP 0
0C58  0000        JMP 0
0C59  0000        JMP 0
0C5A  0000        JMP 0
0C5B  0000        JMP 0
0C5C  0000        JMP 0
0C5D  0000        JMP 0
0C5E  0000        JMP 0
0C5F  0000        JMP 0
0C60  0000        JMP 0
0C61  0000        JMP 0
0C62  0000        JMP 0
0C63  0000        JMP 0
0C64  0000        JMP 0
0C65  0000        JMP 0
0C66  0000        JMP 0
0C67  0000        JMP 0
0C68  0000        JMP 0
0C69  0000        JMP 0
0C6A  0000        JMP 0
0C6B  0000        JMP 0
0C6C  0000        JMP 0
0C6D  0000        JMP 0
0C6E  0000        JMP 0
0C6F  0000        JMP 0
0C70  0000        JMP 0
0C71  0000        JMP 0
0C72  0000        JMP 0
0C73  0000        JMP 0
0C74  0000        JMP 0
0C75  0000        JMP 0
0C76  0000        JMP 0
0C77  0000        JMP 0
0C78  0000        JMP 0
0C79  0000        JMP 0
0C7A  0000        JMP 0
0C7B  0000        JMP 0
0C7C  0000        JMP 0
0C7D  0000        JMP 0
0C7E  0000        JMP 0
0C7F  0000        JMP 0
0C80  0000        JMP 0
0C81  0000        JMP 0
0C82  0000        JMP 0
0C83  0000        JMP 0
0C84  0000        JMP 0
0C85  0000        JMP 0
0C86  0000        JMP 0
0C87  0000        JMP 0
0C88  0000        JMP 0
0C89  0000        JMP 0
0C8A  0000        JMP 0
0C8B  0000        JMP 0
0C8C  0000        JMP 0
0C8D  0000        JMP 0
0C8E  0000        JMP 0
0C8F  0000        JMP 0
0C90  0000        JMP 0
0C91  0000        JMP 0
0C92  0000        JMP 0
0C93  0000        JMP 0
0C94  0000        JMP 0
0C95  0000        JMP 0
0C96  0000        JMP 0
0C97  0000        JMP 0
0C98  0000        JMP 0
0C99  0000        JMP 0
0C9A  0000        JMP 0
0C9B  0000        JMP 0
0C9C  0000        JMP 0
0C9D  0000        JMP 0
0C9E  0000        JMP 0
0C9F  0000        JMP 0
0CA0  0000        JMP 0
0CA1  0000        JMP 0
0CA2  0000        JMP 0
0CA3  0000        JMP 0
0CA4  0000        JMP 0
0CA5  0000        JMP 0
0CA6  0000        JMP 0
0CA7  0000        JMP 0
0CA8  0000        JMP 0
0CA9  0000        JMP 0
0CAA  0000        JMP 0
0CAB  0000        JMP 0
0CAC  0000        JMP 0
0CAD  0000        JMP 0
0CAE  0000        JMP 0
0CAF  0000        JMP 0
0CB0  0000        JMP 0
0CB1  0000        JMP 0
0CB2  0000        JMP 0
0CB3  0000        JMP 0
0CB4  0000        JMP 0
0CB5  0000        JMP 0
0CB6  0000        JMP 0
0CB7  0000        JMP 0
0CB8  0000        JMP 0
0CB9  0000        JMP 0
0CBA  0000        JMP 0
0CBB  0000        JMP 0
0CBC  0000        JMP 0
0CBD  0000        JMP 0
0CBE  0000        JMP 0
0CBF  0000        JMP 0
0CC0  0000        JMP 0
0CC1  0000        JMP 0
0CC2  0000        JMP 0
0CC3  0000        JMP 0
0CC4  0000        JMP 0
0CC5  0000        JMP 0
0CC6  0000        JMP 0
0CC7  0000        JMP 0
0CC8  0000        JMP 0
0CC9  0000        JMP 0
0CCA  0000        JMP 0
0CCB  0000        JMP 0
0CCC  0000        JMP 0
0CCD  0000        JMP 0
0CCE  0000        JMP 0
0CCF  0000        JMP 0
0CD0  0000        JMP 0
0CD1  0000        JMP 0
0CD2  0000        JMP 0
0CD3  0000        JMP 0
0CD4  0000        JMP 0
0CD5  0000        JMP 0
0CD6  0000        JMP 0
0CD7  0000        JMP 0
0CD8  0000        JMP 0
0CD9  0000        JMP 0
0CDA  0000        JMP 0
0CDB  0000        JMP 0
0CDC  0000        JMP 0
0CDD  0000        JMP 0
0CDE  0000        JMP 0
0CDF  0000        JMP 0
0CE0  0000        JMP 0
0CE1  0000        JMP 0
0CE2  0000        JMP 0
0CE3  0000        JMP 0
0CE4  0000        JMP 0
0CE5  0000        JMP 0
0CE6  0000        JMP 0
0CE7  0000        JMP 0
0CE8  0000        JMP 0
0CE9  0000        JMP 0
0CEA  0000        JMP 0
0CEB  0000        JMP 0
0CEC  0000        JMP 0
0CED  0000        JMP 0
0CEE  0000        JMP 0
0CEF  0000        JMP 0
0CF0  0000        JMP 0
0CF1  0000        JMP 0
0CF2  0000        JMP 0
0CF3  0000        JMP 0
0CF4  0000        JMP 0
0CF5  0000        JMP 0
0CF6  0000        JMP 0
0CF7  0000        JMP 0
0CF8  0000        JMP 0
0CF9  0000        JMP 0
0CFA  0000        JMP 0
0CFB  0000        JMP 0
0CFC  0000        JMP 0
0CFD  0000        JMP 0
0CFE  0000        JMP 0
0CFF  0000        JMP 0
0D00  0000        JMP 0
0D01  0000        JMP 0
0D02  0000        JMP 0
0D03  0000        JMP 0
0D04  0000        JMP 0
0D05  0000        JMP 0
0D06  0000        JMP 0
0D07  0000        JMP 0
0D08  0000        JMP 0
0D09  0000        JMP 0
0D0A  0000        JMP 0
0D0B  0000        JMP 0
0D0C  0000        JMP 0
0D0D  0000        JMP 0
0D0E  0000        JMP 0
0D0F  0000        JMP 0
0D10  0000        JMP 0
0D11  0000        JMP 0
0D12  0000        JMP 0
0D13  0000        JMP 0
0D14  0000        JMP 0
0D15  0000        JMP 0
0D16  0000        JMP 0
0D17  0000        JMP 0
0D18  0000        JMP 0
0D19  0000        JMP 0
0D1A  0000        JMP 0
0D1B  0000        JMP 0
0D1C  0000        JMP 0
0D1D  0000        JMP 0
0D1E  0000        JMP 0
0D1F  0000        JMP 0
0D20  0000        JMP 0
0D21  0000        JMP 0
0D22  0000        JMP 0
0D23  0000        JMP 0
0D24  0000        JMP 0
0D25  0000        JMP 0
0D26  0000        JMP 0
0D27  0000        JMP 0
0D28  0000        JMP 0
0D29  0000        JMP 0
0D2A  0000        JMP 0
0D2B  0000        JMP 0
0D2C  0000        JMP 0
0D2D  0000        JMP 0
0D2E  0000        JMP 0
0D2F  0000        JMP 0
0D30  0000        JMP 0
0D31  0000        JMP 0
0D32  0000        JMP 0
0D33  0000        JMP 0
0D34  0000        JMP 0
0D35  0000        JMP 0
0D36  0000        JMP 0
0D37  0000        JMP 0
0D38  0000        JMP 0
0D39  0000        JMP 0
0D3A  0000        JMP 0
0D3B  0000        JMP 0
0D3C  0000        JMP 0
0D3D  0000        JMP 0
0D3E  0000        JMP 0
0D3F  0000        JMP 0
0D40  0000        JMP 0
0D41  0000        JMP 0
0D42  0000        JMP 0
0D43  0000        JMP 0
0D44  0000        JMP 0
0D45  0000        JMP 0
0D46  0000        JMP 0
0D47  0000        JMP 0
0D48  0000        JMP 0
0D49  0000        JMP 0
0D4A  0000        JMP 0
0D4B  0000        JMP 0
0D4C  0000        JMP 0
0D4D  0000        JMP 0
0D4E  0000        JMP 0
0D4F  0000        JMP 0
0D50  0000        JMP 0
0D51  0000        JMP 0
0D52  0000        JMP 0
0D53  0000        JMP 0
0D54  0000        JMP 0
0D55  0000        JMP 0
0D56  0000        JMP 0
0D57  0000        JMP 0
0D58  0000        JMP 0
0D59  0000        JMP 0
0D5A  0000        JMP 0
0D5B  0000        JMP 0
0D5C  0000        JMP 0
0D5D  0000        JMP 0
0D5E  0000        JMP 0
0D5F  0000        JMP 0
0D60  0000        JMP 0
0D61  0000        JMP 0
0D62  0000        JMP 0
0D63  0000        JMP 0
0D64  0000        JMP 0
0D65  0000        JMP 0
0D66  0000        JMP 0
0D67  0000        JMP 0
0D68  0000        JMP 0
0D69  0000        JMP 0
0D6A  0000        JMP 0
0D6B  0000        JMP 0
0D6C  0000        JMP 0
0D6D  0000        JMP 0
0D6E  0000        JMP 0
0D6F  0000        JMP 0
0D70  0000        JMP 0
0D71  0000        JMP 0
0D72  0000        JMP 0
0D73  0000        JMP 0
0D74  0000        JMP 0
0D75  0000        JMP 0
0D76  0000        JMP 0
0D77  0000        JMP 0
0D78  0000        JMP 0
0D79  0000        JMP 0
0D7A  0000        JMP 0
0D7B  0000        JMP 0
0D7C  0000        JMP 0
0D7D  0000        JMP 0
0D7E  0000        JMP 0
0D7F  0000        JMP 0
0D80  0000        JMP 0
0D81  0000        JMP 0
0D82  0000        JMP 0
0D83  0000        JMP 0
0D84  0000        JMP 0
0D85  0000        JMP 0
0D86  0000        JMP 0
0D87  0000        JMP 0
0D88  0000        JMP 0
0D89  0000        JMP 0
0D8A  0000        JMP 0
0D8B  0000        JMP 0
0D8C  0000        JMP 0
0D8D  0000        JMP 0
0D8E  0000        JMP 0
0D8F  0000        JMP 0
0D90  0000        JMP 0
0D91  0000        JMP 0
0D92  0000        JMP 0
0D93  0000        JMP 0
0D94  0000        JMP 0
0D95  0000        JMP 0
0D96  0000        JMP 0
0D97  0000        JMP 0
0D98  0000        JMP 0
0D99  0000        JMP 0
0D9A  0000        JMP 0
0D9B  0000        JMP 0
0D9C  0000        JMP 0
0D9D  0000        JMP 0
0D9E  0000        JMP 0
0D9F  0000        JMP 0
0DA0  0000        JMP 0
0DA1  0000        JMP 0
0DA2  0000        JMP 0
0DA3  0000        JMP 0
0DA4  0000        JMP 0
0DA5  0000        JMP 0
0DA6  0000        JMP 0
0DA7  0000        JMP 0
0DA8  0000        JMP 0
0DA9  0000        JMP 0
0DAA  0000        JMP 0
0DAB  0000        JMP 0
0DAC  0000        JMP 0
0DAD  0000        JMP 0
0DAE  0000        JMP 0
0DAF  0000        JMP 0
0DB0  0000        JMP 0
0DB1  0000        JMP 0
0DB2  0000        JMP 0
0DB3  0000        JMP 0
0DB4  0000        JMP 0
0DB5  0000        JMP 0
0DB6  0000        JMP 0
0DB7  0000        JMP 0
0DB8  0000        JMP 0
0DB9  0000        JMP 0
0DBA  0000        JMP 0
0DBB  0000        JMP 0
0DBC  0000        JMP 0
0DBD  0000        JMP 0
0DBE  0000        JMP 0
0DBF  0000        JMP 0
0DC0  0000        JMP 0
0DC1  0000        JMP 0
0DC2  0000        JMP 0
0DC3  0000        JMP 0
0DC4  0000        JMP 0
0DC5  0000        JMP 0
0DC6  0000        JMP 0
0DC7  0000        JMP 0
0DC8  0000        JMP 0
0DC9  0000        JMP 0
0DCA  0000        JMP 0
0DCB  0000        JMP 0
0DCC  0000        JMP 0
0DCD  0000        JMP 0
0DCE  0000        JMP 0
0DCF  0000        JMP 0
0DD0  0000        JMP 0
0DD1  0000        JMP 0
0DD2  0000        JMP 0
0DD3  0000        JMP 0
0DD4  0000        JMP 0
0DD5  0000        JMP 0
0DD6  0000        JMP 0
0DD7  0000        JMP 0
0DD8  0000        JMP 0
0DD9  0000        JMP 0
0DDA  0000        JMP 0
0DDB  0000        JMP 0
0DDC  0000        JMP 0
0DDD  0000        JMP 0
0DDE  0000        JMP 0
0DDF  0000        JMP 0
0DE0  0000        JMP 0
0DE1  0000        JMP 0
0DE2  0000        JMP 0
0DE3  0000        JMP 0
0DE4  0000        JMP 0
0DE5  0000        JMP 0
0DE6  0000        JMP 0
0DE7  0000        JMP 0
0DE8  0000        JMP 0
0DE9  0000        JMP 0
0DEA  0000        JMP 0
0DEB  0000        JMP 0
0DEC  0000        JMP 0
0DED  0000        JMP 0
0DEE  0000        JMP 0
0DEF  0000        JMP 0
0DF0  0000        JMP 0
0DF1  0000        JMP 0
0DF2  0000        JMP 0
0DF3  0000        JMP 0
0DF4  0000        JMP 0
0DF5  0000        JMP 0
0DF6  0000        JMP 0
0DF7  0000        JMP 0
0DF8  0000        JMP 0
0DF9  0000        JMP 0
0DFA  0000        JMP 0
0DFB  0000        JMP 0
0DFC  0000        JMP 0
0DFD  0000        JMP 0
0DFE  0000        JMP 0
0DFF  0000        JMP 0
0E00  0000        JMP 0
0E01  0000        JMP 0
0E02  0000        JMP 0
0E03  0000        JMP 0
0E04  0000        JMP 0
0E05  0000        JMP 0
0E06  0000        JMP 0
0E07  0000        JMP 0
0E08  0000        JMP 0
0E09  0000        JMP 0
0E0A  0000        JMP 0
0E0B  0000        JMP 0
0E0C  0000        JMP 0
0E0D  0000        JMP 0
0E0E  0000        JMP 0
0E0F  0000        JMP 0
0E10  0000        JMP 0
0E11  0000        JMP 0
0E12  0000        JMP 0
0E13  0000        JMP 0
0E14  0000        JMP 0
0E15  0000        JMP 0
0E16  0000        JMP 0
0E17  0000        JMP 0
0E18  0000        JMP 0
0E19  0000        JMP 0
0E1A  0000        JMP 0
0E1B  0000        JMP 0
0E1C  0000        JMP 0
0E1D  0000        JMP 0
0E1E  0000        JMP 0
0E1F  0000        JMP 0
0E20  0000        JMP 0
0E21  0000        JMP 0
0E22  0000        JMP 0
0E23  0000        JMP 0
0E24  0000        JMP 0
0E25  0000        JMP 0
0E26  0000        JMP 0
0E27  0000        JMP 0
0E28  0000        JMP 0
0E29  0000        JMP 0
0E2A  0000        JMP 0
0E2B  0000        JMP 0
0E2C  0000        JMP 0
0E2D  0000        JMP 0
0E2E  0000        JMP 0
0E2F  0000        JMP 0
0E30  0000        JMP 0
0E31  0000        JMP 0
0E32  0000        JMP 0
0E33  0000        JMP 0
0E34  0000        JMP 0
0E35  0000        JMP 0
0E36  0000        JMP 0
0E37  0000        JMP 0
0E38  0000        JMP 0
0E39  0000        JMP 0
0E3A  0000        JMP 0
0E3B  0000        JMP 0
0E3C  0000        JMP 0
0E3D  0000        JMP 0
0E3E  0000        JMP 0
0E3F  0000        JMP 0
0E40  0000        JMP 0
0E41  0000        JMP 0
0E42  0000        JMP 0
0E43  0000        JMP 0
0E44  0000        JMP 0
0E45  0000        JMP 0
0E46  0000        JMP 0
0E47  0000        JMP 0
0E48  0000        JMP 0
0E49  0000        JMP 0
0E4A  0000        JMP 0
0E4B  0000        JMP 0
0E4C  0000        JMP 0
0E4D  0000        JMP 0
0E4E  0000        JMP 0
0E4F  0000        JMP 0
0E50  0000        JMP 0
0E51  0000        JMP 0
0E52  0000        JMP 0
0E53  0000        JMP 0
0E54  0000        JMP 0
0E55  0000        JMP 0
0E56  0000        JMP 0
0E57  0000        JMP 0
0E58  0000        JMP 0
0E59  0000        JMP 0
0E5A  0000        JMP 0
0E5B  0000        JMP 0
0E5C  0000        JMP 0
0E5D  0000        JMP 0
0E5E  0000        JMP 0
0E5F  0000        JMP 0
0E60  0000        JMP 0
0E61  0000        JMP 0
0E62  0000        JMP 0
0E63  0000        JMP 0
0E64  0000        JMP 0
0E65  0000        JMP 0
0E66  0000        JMP 0
0E67  0000        JMP 0
0E68  0000        JMP 0
0E69  0000        JMP 0
0E6A  0000        JMP 0
0E6B  0000        JMP 0
0E6C  0000        JMP 0
0E6D  0000        JMP 0
0E6E  0000        JMP 0
0E6F  0000        JMP 0
0E70  0000        JMP 0
0E71  0000        JMP 0
0E72  0000        JMP 0
0E73  0000        JMP 0
0E74  0000        JMP 0
0E75  0000        JMP 0
0E76  0000        JMP 0
0E77  0000        JMP 0
0E78  0000        JMP 0
0E79  0000        JMP 0
0E7A  0000        JMP 0
0E7B  0000        JMP 0
0E7C  0000        JMP 0
0E7D  0000        JMP 0
0E7E  0000        JMP 0
0E7F  0000        JMP 0
0E80  0000        JMP 0
0E81  0000        JMP 0
0E82  0000        JMP 0
0E83  0000        JMP 0
0E84  0000        JMP 0
0E85  0000        JMP 0
0E86  0000        JMP 0
0E87  0000        JMP 0
0E88  0000        JMP 0
0E89  0000        JMP 0
0E8A  0000        JMP 0
0E8B  0000        JMP 0
0E8C  0000        JMP 0
0E8D  0000        JMP 0
0E8E  0000        JMP 0
0E8F  0000        JMP 0
0E90  0000        JMP 0
0E91  0000        JMP 0
0E92  0000        JMP 0
0E93  0000        JMP 0
0E94  0000        JMP 0
0E95  0000        JMP 0
0E96  0000        JMP 0
0E97  0000        JMP 0
0E98  0000        JMP 0
0E99  0000        JMP 0
0E9A  0000        JMP 0
0E9B  0000        JMP 0
0E9C  0000        JMP 0
0E9D  0000        JMP 0
0E9E  0000        JMP 0
0E9F  0000        JMP 0
0EA0  0000        JMP 0
0EA1  0000        JMP 0
0EA2  0000        JMP 0
0EA3  0000        JMP 0
0EA4  0000        JMP 0
0EA5  0000        JMP 0
0EA6  0000        JMP 0
0EA7  0000        JMP 0
0EA8  0000        JMP 0
0EA9  0000        JMP 0
0EAA  0000        JMP 0
0EAB  0000        JMP 0
0EAC  0000        JMP 0
0EAD  0000        JMP 0
0EAE  0000        JMP 0
0EAF  0000        JMP 0
0EB0  0000        JMP 0
0EB1  0000        JMP 0
0EB2  0000        JMP 0
0EB3  0000        JMP 0
0EB4  0000        JMP 0
0EB5  0000        JMP 0
0EB6  0000        JMP 0
0EB7  0000        JMP 0
0EB8  0000        JMP 0
0EB9  0000        JMP 0
0EBA  0000        JMP 0
0EBB  0000        JMP 0
0EBC  0000        JMP 0
0EBD  0000        JMP 0
0EBE  0000        JMP 0
0EBF  0000        JMP 0
0EC0  0000        JMP 0
0EC1  0000        JMP 0
0EC2  0000        JMP 0
0EC3  0000        JMP 0
0EC4  0000        JMP 0
0EC5  0000        JMP 0
0EC6  0000        JMP 0
0EC7  0000        JMP 0
0EC8  0000        JMP 0
0EC9  0000        JMP 0
0ECA  0000        JMP 0
0ECB  0000        JMP 0
0ECC  0000        JMP 0
0ECD  0000        JMP 0
0ECE  0000        JMP 0
0ECF  0000        JMP 0
0ED0  0000        JMP 0
0ED1  0000        JMP 0
0ED2  0000        JMP 0
0ED3  0000        JMP 0
0ED4  0000        JMP 0
0ED5  0000        JMP 0
0ED6  0000        JMP 0
0ED7  0000        JMP 0
0ED8  0000        JMP 0
0ED9  0000        JMP 0
0EDA  0000        JMP 0
0EDB  0000        JMP 0
0EDC  0000        JMP 0
0EDD  0000        JMP 0
0EDE  0000        JMP 0
0EDF  0000        JMP 0
0EE0  0000        JMP 0
0EE1  0000        JMP 0
0EE2  0000        JMP 0
0EE3  0000        JMP 0
0EE4  0000        JMP 0
0EE5  0000        JMP 0
0EE6  0000        JMP 0
0EE7  0000        JMP 0
0EE8  0000        JMP 0
0EE9  0000        JMP 0
0EEA  0000        JMP 0
0EEB  0000        JMP 0
0EEC  0000        JMP 0
0EED  0000        JMP 0
0EEE  0000        JMP 0
0EEF  0000        JMP 0
0EF0  0000        JMP 0
0EF1  0000        JMP 0
0EF2  0000        JMP 0
0EF3  0000        JMP 0
0EF4  0000        JMP 0
0EF5  0000        JMP 0
0EF6  0000        JMP 0
0EF7  0000        JMP 0
0EF8  0000        JMP 0
0EF9  0000        JMP 0
0EFA  0000        JMP 0
0EFB  0000        JMP 0
0EFC  0000        JMP 0
0EFD  0000        JMP 0
0EFE  0000        JMP 0
0EFF  0000        JMP 0
0F00  0000        JMP 0
0F01  0000        JMP 0
0F02  0000        JMP 0
0F03  0000        JMP 0
0F04  0000        JMP 0
0F05  0000        JMP 0
0F06  0000        JMP 0
0F07  0000        JMP 0
0F08  0000        JMP 0
0F09  0000        JMP 0
0F0A  0000        JMP 0
0F0B  0000        JMP 0
0F0C  0000        JMP 0
0F0D  0000        JMP 0
0F0E  0000        JMP 0
0F0F  0000        JMP 0
0F10  0000        JMP 0
0F11  0000        JMP 0
0F12  0000        JMP 0
0F13  0000        JMP 0
0F14  0000        JMP 0
0F15  0000        JMP 0
0F16  0000        JMP 0
0F17  0000        JMP 0
0F18  0000        JMP 0
0F19  0000        JMP 0
0F1A  0000        JMP 0
0F1B  0000        JMP 0
0F1C  0000        JMP 0
0F1D  0000        JMP 0
0F1E  0000        JMP 0
0F1F  0000        JMP 0
0F20  0000        JMP 0
0F21  0000        JMP 0
0F22  0000        JMP 0
0F23  0000        JMP 0
0F24  0000        JMP 0
0F25  0000        JMP 0
0F26  0000        JMP 0
0F27  0000        JMP 0
0F28  0000        JMP 0
0F29  0000        JMP 0
0F2A  0000        JMP 0
0F2B  0000        JMP 0
0F2C  0000        JMP 0
0F2D  0000        JMP 0
0F2E  0000        JMP 0
0F2F  0000        JMP 0
0F30  0000        JMP 0
0F31  0000        JMP 0
0F32  0000        JMP 0
0F33  0000        JMP 0
0F34  0000        JMP 0
0F35  0000        JMP 0
0F36  0000        JMP 0
0F37  0000        JMP 0
0F38  0000        JMP 0
0F39  0000        JMP 0
0F3A  0000        JMP 0
0F3B  0000        JMP 0
0F3C  0000        JMP 0
0F3D  0000        JMP 0
0F3E  0000        JMP 0
0F3F  0000        JMP 0
0F40  0000        JMP 0
0F41  0000        JMP 0
0F42  0000        JMP 0
0F43  0000        JMP 0
0F44  0000        JMP 0
0F45  0000        JMP 0
0F46  0000        JMP 0
0F47  0000        JMP 0
0F48  0000        JMP 0
0F49  0000        JMP 0
0F4A  0000        JMP 0
0F4B  0000        JMP 0
0F4C  0000        JMP 0
0F4D  0000        JMP 0
0F4E  0000        JMP 0
0F4F  0000        JMP 0
0F50  0000        JMP 0
0F51  0000        JMP 0
0F52  0000        JMP 0
0F53  0000        JMP 0
0F54  0000        JMP 0
0F55  0000        JMP 0
0F56  0000        JMP 0
0F57  0000        JMP 0
0F58  0000        JMP 0
0F59  0000        JMP 0
0F5A  0000        JMP 0
0F5B  0000        JMP 0
0F5C  0000        JMP 0
0F5D  0000        JMP 0
0F5E  0000        JMP 0
0F5F  0000        JMP 0
0F60  0000        JMP 0
0F61  0000        JMP 0
0F62  0000        JMP 0
0F63  0000        JMP 0
0F64  0000        JMP 0
0F65  0000        JMP 0
0F66  0000        JMP 0
0F67  0000        JMP 0
0F68  0000        JMP 0
0F69  0000        JMP 0
0F6A  0000        JMP 0
0F6B  0000        JMP 0
0F6C  0000        JMP 0
0F6D  0000        JMP 0
0F6E  0000        JMP 0
0F6F  0000        JMP 0
0F70  0000        JMP 0
0F71  0000        JMP 0
0F72  0000        JMP 0
0F73  0000        JMP 0
0F74  0000        JMP 0
0F75  0000        JMP 0
0F76  0000        JMP 0
0F77  0000        JMP 0
0F78  0000        JMP 0
0F79  0000        JMP 0
0F7A  0000        JMP 0
0F7B  0000        JMP 0
0F7C  0000        JMP 0
0F7D  0000        JMP 0
0F7E  0000        JMP 0
0F7F  0000        JMP 0
0F80  0000        JMP 0
0F81  0000        JMP 0
0F82  0000        JMP 0
0F83  0000        JMP 0
0F84  0000        JMP 0
0F85  0000        JMP 0
0F86  0000        JMP 0
0F87  0000        JMP 0
0F88  0000        JMP 0
0F89  0000        JMP 0
0F8A  0000        JMP 0
0F8B  0000        JMP 0
0F8C  0000        JMP 0
0F8D  0000        JMP 0
0F8E  0000        JMP 0
0F8F  0000        JMP 0
0F90  0000        JMP 0
0F91  0000        JMP 0
0F92  0000        JMP 0
0F93  0000        JMP 0
0F94  0000        JMP 0
0F95  0000        JMP 0
0F96  0000        JMP 0
0F97  0000        JMP 0
0F98  0000        JMP 0
0F99  0000        JMP 0
0F9A  0000        JMP 0
0F9B  0000        JMP 0
0F9C  0000        JMP 0
0F9D  0000        JMP 0
0F9E  0000        JMP 0
0F9F  0000        JMP 0
0FA0  0000        JMP 0
0FA1  0000        JMP 0
0FA2  0000        JMP 0
0FA3  0000        JMP 0
0FA4  0000        JMP 0
0FA5  0000        JMP 0
0FA6  0000        JMP 0
0FA7  0000        JMP 0
0FA8  0000        JMP 0
0FA9  0000        JMP 0
0FAA  0000        JMP 0
0FAB  0000        JMP 0
0FAC  0000        JMP 0
0FAD  0000        JMP 0
0FAE  0000        JMP 0
0FAF  0000        JMP 0
0FB0  0000        JMP 0
0FB1  0000        JMP 0
0FB2  0000        JMP 0
0FB3  0000        JMP 0
0FB4  0000        JMP 0
0FB5  0000        JMP 0
0FB6  0000        JMP 0
0FB7  0000        JMP 0
0FB8  0000        JMP 0
0FB9  0000        JMP 0
0FBA  0000        JMP 0
0FBB  0000        JMP 0
0FBC  0000        JMP 0
0FBD  0000        JMP 0
0FBE  0000        JMP 0
0FBF  0000        JMP 0
0FC0  0000        JMP 0
0FC1  0000        JMP 0
0FC2  0000        JMP 0
0FC3  0000        JMP 0
0FC4  0000        JMP 0
0FC5  0000        JMP 0
0FC6  0000        JMP 0
0FC7  0000        JMP 0
0FC8  0000        JMP 0
0FC9  0000        JMP 0
0FCA  0000        JMP 0
0FCB  0000        JMP 0
0FCC  0000        JMP 0
0FCD  0000        JMP 0
0FCE  0000        JMP 0
0FCF  0000        JMP 0
0FD0  0000        JMP 0
0FD1  0000        JMP 0
0FD2  0000        JMP 0
0FD3  0000        JMP 0
0FD4  0000        JMP 0
0FD5  0000        JMP 0
0FD6  0000        JMP 0
0FD7  0000        JMP 0
0FD8  0000        JMP 0
0FD9  0000        JMP 0
0FDA  0000        JMP 0
0FDB  0000        JMP 0
0FDC  0000        JMP 0
0FDD  0000        JMP 0
0FDE  0000        JMP 0
0FDF  0000        JMP 0
0FE0  0000        JMP 0
0FE1  0000        JMP 0
0FE2  0000        JMP 0
0FE3  0000        JMP 0
0FE4  0000        JMP 0
0FE5  0000        JMP 0
0FE6  0000        JMP 0
0FE7  0000        JMP 0
0FE8  0000        JMP 0
0FE9  0000        JMP 0
0FEA  0000        JMP 0
0FEB  0000        JMP 0
0FEC  0000        JMP 0
0FED  0000        JMP 0
0FEE  0000        JMP 0
0FEF  0000        JMP 0
0FF0  0000        JMP 0
0FF1  0000        JMP 0
0FF2  0000        JMP 0
0FF3  0000        JMP 0
0FF4  0000        JMP 0
0FF5  0000        JMP 0
0FF6  0000        JMP 0
0FF7  0000        JMP 0
0FF8  0000        JMP 0
0FF9  0000        JMP 0
0FFA  0000        JMP 0
0FFB  0000        JMP 0
0FFC  0000        JMP 0
0FFD  0000        JMP 0
0FFE  0000        JMP 0
0FFF  0000        JMP 0
1000  0000        JMP 0
1001  0000        JMP 0
1002  0000        JMP 0
1003  0000        JMP 0
1004  0000        JMP 0
1005  0000        JMP 0
1006  0000        JMP 0
1007  0000        JMP 0
1008  0000        JMP 0
1009  0000        JMP 0
100A  0000        JMP 0
100B  0000        JMP 0
100C  0000        JMP 0
100D  0000        JMP 0
100E  0000        JMP 0
100F  0000        JMP 0
1010  0000        JMP 0
1011  0000        JMP 0
1012  0000        JMP 0
1013  0000        JMP 0
1014  0000        JMP 0
1015  0000        JMP 0
1016  0000        JMP 0
1017  0000        JMP 0
1018  0000        JMP 0
1019  0000        JMP 0
101A  0000        JMP 0
101B  0000        JMP 0
101C  0000        JMP 0
101D  0000        JMP 0
101E  0000        JMP 0
101F  0000        JMP 0
1020  0000        JMP 0
1021  0000        JMP 0
1022  0000        JMP 0
1023  0000        JMP 0
1024  0000        JMP 0
1025  0000        JMP 0
1026  0000        JMP 0
1027  0000        JMP 0
1028  0000        JMP 0
1029  0000        JMP 0
102A  0000        JMP 0
102B  0000        JMP 0
102C  0000        JMP 0
102D  0000        JMP 0
102E  0000        JMP 0
102F  0000        JMP 0
1030  0000        JMP 0
1031  0000        JMP 0
1032  0000        JMP 0
1033  0000        JMP 0
1034  0000        JMP 0
1035  0000        JMP 0
1036  0000        JMP 0
1037  0000        JMP 0
1038  0000        JMP 0
1039  0000        JMP 0
103A  0000        JMP 0
103B  0000        JMP 0
103C  0000        JMP 0
103D  0000        JMP 0
103E  0000        JMP 0
103F  0000        JMP 0
1040  0000        JMP 0
1041  0000        JMP 0
1042  0000        JMP 0
1043  0000        JMP 0
1044  0000        JMP 0
1045  0000        JMP 0
1046  0000        JMP 0
1047  0000        JMP 0
1048  0000        JMP 0
1049  0000        JMP 0
104A  0000        JMP 0
104B  0000        JMP 0
104C  0000        JMP 0
104D  0000        JMP 0
104E  0000        JMP 0
104F  0000        JMP 0
1050  0000        JMP 0
1051  0000        JMP 0
1052  0000        JMP 0
1053  0000        JMP 0
1054  0000        JMP 0
1055  0000        JMP 0
1056  0000        JMP 0
1057  0000        JMP 0
1058  0000        JMP 0
1059  0000        JMP 0
105A  0000        JMP 0
105B  0000        JMP 0
105C  0000        JMP 0
105D  0000        JMP 0
105E  0000        JMP 0
105F  0000        JMP 0
1060  0000        JMP 0
1061  0000        JMP 0
1062  0000        JMP 0
1063  0000        JMP 0
1064  0000        JMP 0
1065  0000        JMP 0
1066  0000        JMP 0
1067  0000        JMP 0
1068  0000        JMP 0
1069  0000        JMP 0
106A  0000        JMP 0
106B  0000        JMP 0
106C  0000        JMP 0
106D  0000        JMP 0
106E  0000        JMP 0
106F  0000        JMP 0
1070  0000        JMP 0
1071  0000        JMP 0
1072  0000        JMP 0
1073  0000        JMP 0
1074  0000        JMP 0
1075  0000        JMP 0
1076  0000        JMP 0
1077  0000        JMP 0
1078  0000        JMP 0
1079  0000        JMP 0
107A  0000        JMP 0
107B  0000        JMP 0
107C  0000        JMP 0
107D  0000        JMP 0
107E  0000        JMP 0
107F  0000        JMP 0
1080  0000        JMP 0
1081  0000        JMP 0
1082  0000        JMP 0
1083  0000        JMP 0
1084  0000        JMP 0
1085  0000        JMP 0
1086  0000        JMP 0
1087  0000        JMP 0
1088  0000        JMP 0
1089  0000        JMP 0
108A  0000        JMP 0
108B  0000        JMP 0
108C  0000        JMP 0
108D  0000        JMP 0
108E  0000        JMP 0
108F  0000        JMP 0
1090  0000        JMP 0
1091  0000        JMP 0
1092  0000        JMP 0
1093  0000        JMP 0
1094  0000        JMP 0
1095  0000        JMP 0
1096  0000        JMP 0
1097  0000        JMP 0
1098  0000        JMP 0
1099  0000        JMP 0
109A  0000        JMP 0
109B  0000        JMP 0
109C  0000        JMP 0
109D  0000        JMP 0
109E  0000        JMP 0
109F  0000        JMP 0
10A0  0000        JMP 0
10A1  0000        JMP 0
10A2  0000        JMP 0
10A3  0000        JMP 0
10A4  0000        JMP 0
10A5  0000        JMP 0
10A6  0000        JMP 0
10A7  0000        JMP 0
10A8  0000        JMP 0
10A9  0000        JMP 0
10AA  0000        JMP 0
10AB  0000        JMP 0
10AC  0000        JMP 0
10AD  0000        JMP 0
10AE  0000        JMP 0
10AF  0000        JMP 0
10B0  0000        JMP 0
10B1  0000        JMP 0
10B2  0000        JMP 0
10B3  0000        JMP 0
10B4  0000        JMP 0
10B5  0000        JMP 0
10B6  0000        JMP 0
10B7  0000        JMP 0
10B8  0000        JMP 0
10B9  0000        JMP 0
10BA  0000        JMP 0
10BB  0000        JMP 0
10BC  0000        JMP 0
10BD  0000        JMP 0
10BE  0000        JMP 0
10BF  0000        JMP 0
10C0  0000        JMP 0
10C1  0000        JMP 0
10C2  0000        JMP 0
10C3  0000        JMP 0
10C4  0000        JMP 0
10C5  0000        JMP 0
10C6  0000        JMP 0
10C7  0000        JMP 0
10C8  0000        JMP 0
10C9  0000        JMP 0
10CA  0000        JMP 0
10CB  0000        JMP 0
10CC  0000        JMP 0
10CD  0000        JMP 0
10CE  0000        JMP 0
10CF  0000        JMP 0
10D0  0000        JMP 0
10D1  0000        JMP 0
10D2  0000        JMP 0
10D3  0000        JMP 0
10D4  0000        JMP 0
10D5  0000        JMP 0
10D6  0000        JMP 0
10D7  0000        JMP 0
10D8  0000        JMP 0
10D9  0000        JMP 0
10DA  0000        JMP 0
10DB  0000        JMP 0
10DC  0000        JMP 0
10DD  0000        JMP 0
10DE  0000        JMP 0
10DF  0000        JMP 0
10E0  0000        JMP 0
10E1  0000        JMP 0
10E2  0000        JMP 0
10E3  0000        JMP 0
10E4  0000        JMP 0
10E5  0000        JMP 0
10E6  0000        JMP 0
10E7  0000        JMP 0
10E8  0000        JMP 0
10E9  0000        JMP 0
10EA  0000        JMP 0
10EB  0000        JMP 0
10EC  0000        JMP 0
10ED  0000        JMP 0
10EE  0000        JMP 0
10EF  0000        JMP 0
10F0  0000        JMP 0
10F1  0000        JMP 0
10F2  0000        JMP 0
10F3  0000        JMP 0
10F4  0000        JMP 0
10F5  0000        JMP 0
10F6  0000        JMP 0
10F7  0000        JMP 0
10F8  0000        JMP 0
10F9  0000        JMP 0
10FA  0000        JMP 0
10FB  0000        JMP 0
10FC  0000        JMP 0
10FD  0000        JMP 0
10FE  0000        JMP 0
10FF  0000        JMP 0
1100  0000        JMP 0
1101  0000        JMP 0
1102  0000        JMP 0
1103  0000        JMP 0
1104  0000        JMP 0
1105  0000        JMP 0
1106  0000        JMP 0
1107  0000        JMP 0
1108  0000        JMP 0
1109  0000        JMP 0
110A  0000        JMP 0
110B  0000        JMP 0
110C  0000        JMP 0
110D  0000        JMP 0
110E  0000        JMP 0
110F  0000        JMP 0
1110  0000        JMP 0
1111  0000        JMP 0
1112  0000        JMP 0
1113  0000        JMP 0
1114  0000        JMP 0
1115  0000        JMP 0
1116  0000        JMP 0
1117  0000        JMP 0
1118  0000        JMP 0
1119  0000        JMP 0
111A  0000        JMP 0
111B  0000        JMP 0
111C  0000        JMP 0
111D  0000        JMP 0
111E  0000        JMP 0
111F  0000        JMP 0
1120  0000        JMP 0
1121  0000        JMP 0
1122  0000        JMP 0
1123  0000        JMP 0
1124  0000        JMP 0
1125  0000        JMP 0
1126  0000        JMP 0
1127  0000        JMP 0
1128  0000        JMP 0
1129  0000        JMP 0
112A  0000        JMP 0
112B  0000        JMP 0
112C  0000        JMP 0
112D  0000        JMP 0
112E  0000        JMP 0
112F  0000        JMP 0
1130  0000        JMP 0
1131  0000        JMP 0
1132  0000        JMP 0
1133  0000        JMP 0
1134  0000        JMP 0
1135  0000        JMP 0
1136  0000        JMP 0
1137  0000        JMP 0
1138  0000        JMP 0
1139  0000        JMP 0
113A  0000        JMP 0
113B  0000        JMP 0
113C  0000        JMP 0
113D  0000        JMP 0
113E  0000        JMP 0
113F  0000        JMP 0
1140  0000        JMP 0
1141  0000        JMP 0
1142  0000        JMP 0
1143  0000        JMP 0
1144  0000        JMP 0
1145  0000        JMP 0
1146  0000        JMP 0
1147  0000        JMP 0
1148  0000        JMP 0
1149  0000        JMP 0
114A  0000        JMP 0
114B  0000        JMP 0
114C  0000        JMP 0
114D  0000        JMP 0
114E  0000        JMP 0
114F  0000        JMP 0
1150  0000        JMP 0
1151  0000        JMP 0
1152  0000        JMP 0
1153  0000        JMP 0
1154  0000        JMP 0
1155  0000        JMP 0
1156  0000        JMP 0
1157  0000        JMP 0
1158  0000        JMP 0
1159  0000        JMP 0
115A  0000        JMP 0
115B  0000        JMP 0
115C  0000        JMP 0
115D  0000        JMP 0
115E  0000        JMP 0
115F  0000        JMP 0
1160  0000        JMP 0
1161  0000        JMP 0
1162  0000        JMP 0
1163  0000        JMP 0
1164  0000        JMP 0
1165  0000        JMP 0
1166  0000        JMP 0
1167  0000        JMP 0
1168  0000        JMP 0
1169  0000        JMP 0
116A  0000        JMP 0
116B  0000        JMP 0
116C  0000        JMP 0
116D  0000        JMP 0
116E  0000        JMP 0
116F  0000        JMP 0
1170  0000        JMP 0
1171  0000        JMP 0
1172  0000        JMP 0
1173  0000        JMP 0
1174  0000        JMP 0
1175  0000        JMP 0
1176  0000        JMP 0
1177  0000        JMP 0
1178  0000        JMP 0
1179  0000        JMP 0
117A  0000        JMP 0
117B  0000        JMP 0
117C  0000        JMP 0
117D  0000        JMP 0
117E  0000        JMP 0
117F  0000        JMP 0
1180  0000        JMP 0
1181  0000        JMP 0
1182  0000        JMP 0
1183  0000        JMP 0
1184  0000        JMP 0
1185  0000        JMP 0
1186  0000        JMP 0
1187  0000        JMP 0
1188  0000        JMP 0
1189  0000        JMP 0
118A  0000        JMP 0
118B  0000        JMP 0
118C  0000        JMP 0
118D  0000        JMP 0
118E  0000        JMP 0
118F  0000        JMP 0
1190  0000        JMP 0
1191  0000        JMP 0
1192  0000        JMP 0
1193  0000        JMP 0
1194  0000        JMP 0
1195  0000        JMP 0
1196  0000        JMP 0
1197  0000        JMP 0
1198  0000        JMP 0
1199  0000        JMP 0
119A  0000        JMP 0
119B  0000        JMP 0
119C  0000        JMP 0
119D  0000        JMP 0
119E  0000        JMP 0
119F  0000        JMP 0
11A0  0000        JMP 0
11A1  0000        JMP 0
11A2  0000        JMP 0
11A3  0000        JMP 0
11A4  0000        JMP 0
11A5  0000        JMP 0
11A6  0000        JMP 0
11A7  0000        JMP 0
11A8  0000        JMP 0
11A9  0000        JMP 0
11AA  0000        JMP 0
11AB  0000        JMP 0
11AC  0000        JMP 0
11AD  0000        JMP 0
11AE  0000        JMP 0
11AF  0000        JMP 0
11B0  0000        JMP 0
11B1  0000        JMP 0
11B2  0000        JMP 0
11B3  0000        JMP 0
11B4  0000        JMP 0
11B5  0000        JMP 0
11B6  0000        JMP 0
11B7  0000        JMP 0
11B8  0000        JMP 0
11B9  0000        JMP 0
11BA  0000        JMP 0
11BB  0000        JMP 0
11BC  0000        JMP 0
11BD  0000        JMP 0
11BE  0000        JMP 0
11BF  0000        JMP 0
11C0  0000        JMP 0
11C1  0000        JMP 0
11C2  0000        JMP 0
11C3  0000        JMP 0
11C4  0000        JMP 0
11C5  0000        JMP 0
11C6  0000        JMP 0
11C7  0000        JMP 0
11C8  0000        JMP 0
11C9  0000        JMP 0
11CA  0000        JMP 0
11CB  0000        JMP 0
11CC  0000        JMP 0
11CD  0000        JMP 0
11CE  0000        JMP 0
11CF  0000        JMP 0
11D0  0000        JMP 0
11D1  0000        JMP 0
11D2  0000        JMP 0
11D3  0000        JMP 0
11D4  0000        JMP 0
11D5  0000        JMP 0
11D6  0000        JMP 0
11D7  0000        JMP 0
11D8  0000        JMP 0
11D9  0000        JMP 0
11DA  0000        JMP 0
11DB  0000        JMP 0
11DC  0000        JMP 0
11DD  0000        JMP 0
11DE  0000        JMP 0
11DF  0000        JMP 0
11E0  0000        JMP 0
11E1  0000        JMP 0
11E2  0000        JMP 0
11E3  0000        JMP 0
11E4  0000        JMP 0
11E5  0000        JMP 0
11E6  0000        JMP 0
11E7  0000        JMP 0
11E8  0000        JMP 0
11E9  0000        JMP 0
11EA  0000        JMP 0
11EB  0000        JMP 0
11EC  0000        JMP 0
11ED  0000        JMP 0
11EE  0000        JMP 0
11EF  0000        JMP 0
11F0  0000        JMP 0
11F1  0000        JMP 0
11F2  0000        JMP 0
11F3  0000        JMP 0
11F4  0000        JMP 0
11F5  0000        JMP 0
11F6  0000        JMP 0
11F7  0000        JMP 0
11F8  0000        JMP 0
11F9  0000        JMP 0
11FA  0000        JMP 0
11FB  0000        JMP 0
11FC  0000        JMP 0
11FD  0000        JMP 0
11FE  0000        JMP 0
11FF  0000        JMP 0
1200  0000        JMP 0
1201  0000        JMP 0
1202  0000        JMP 0
1203  0000        JMP 0
1204  0000        JMP 0
1205  0000        JMP 0
1206  0000        JMP 0
1207  0000        JMP 0
1208  0000        JMP 0
1209  0000        JMP 0
120A  0000        JMP 0
120B  0000        JMP 0
120C  0000        JMP 0
120D  0000        JMP 0
120E  0000        JMP 0
120F  0000        JMP 0
1210  0000        JMP 0
1211  0000        JMP 0
1212  0000        JMP 0
1213  0000        JMP 0
1214  0000        JMP 0
1215  0000        JMP 0
1216  0000        JMP 0
1217  0000        JMP 0
1218  0000        JMP 0
1219  0000        JMP 0
121A  0000        JMP 0
121B  0000        JMP 0
121C  0000        JMP 0
121D  0000        JMP 0
121E  0000        JMP 0
121F  0000        JMP 0
1220  0000        JMP 0
1221  0000        JMP 0
1222  0000        JMP 0
1223  0000        JMP 0
1224  0000        JMP 0
1225  0000        JMP 0
1226  0000        JMP 0
1227  0000        JMP 0
1228  0000        JMP 0
1229  0000        JMP 0
122A  0000        JMP 0
122B  0000        JMP 0
122C  0000        JMP 0
122D  0000        JMP 0
122E  0000        JMP 0
122F  0000        JMP 0
1230  0000        JMP 0
1231  0000        JMP 0
1232  0000        JMP 0
1233  0000        JMP 0
1234  0000        JMP 0
1235  0000        JMP 0
1236  0000        JMP 0
1237  0000        JMP 0
1238  0000        JMP 0
1239  0000        JMP 0
123A  0000        JMP 0
123B  0000        JMP 0
123C  0000        JMP 0
123D  0000        JMP 0
123E  0000        JMP 0
123F  0000        JMP 0
1240  0000        JMP 0
1241  0000        JMP 0
1242  0000        JMP 0
1243  0000        JMP 0
1244  0000        JMP 0
1245  0000        JMP 0
1246  0000        JMP 0
1247  0000        JMP 0
1248  0000        JMP 0
1249  0000        JMP 0
124A  0000        JMP 0
124B  0000        JMP 0
124C  0000        JMP 0
124D  0000        JMP 0
124E  0000        JMP 0
124F  0000        JMP 0
1250  0000        JMP 0
1251  0000        JMP 0
1252  0000        JMP 0
1253  0000        JMP 0
1254  0000        JMP 0
1255  0000        JMP 0
1256  0000        JMP 0
1257  0000        JMP 0
1258  0000        JMP 0
1259  0000        JMP 0
125A  0000        JMP 0
125B  0000        JMP 0
125C  0000        JMP 0
125D  0000        JMP 0
125E  0000        JMP 0
125F  0000        JMP 0
1260  0000        JMP 0
1261  0000        JMP 0
1262  0000        JMP 0
1263  0000        JMP 0
1264  0000        JMP 0
1265  0000        JMP 0
1266  0000        JMP 0
1267  0000        JMP 0
1268  0000        JMP 0
1269  0000        JMP 0
126A  0000        JMP 0
126B  0000        JMP 0
126C  0000        JMP 0
126D  0000        JMP 0
126E  0000        JMP 0
126F  0000        JMP 0
1270  0000        JMP 0
1271  0000        JMP 0
1272  0000        JMP 0
1273  0000        JMP 0
1274  0000        JMP 0
1275  0000        JMP 0
1276  0000        JMP 0
1277  0000        JMP 0
1278  0000        JMP 0
1279  0000        JMP 0
127A  0000        JMP 0
127B  0000        JMP 0
127C  0000        JMP 0
127D  0000        JMP 0
127E  0000        JMP 0
127F  0000        JMP 0
1280  0000        JMP 0
1281  0000        JMP 0
1282  0000        JMP 0
1283  0000        JMP 0
1284  0000        JMP 0
1285  0000        JMP 0
1286  0000        JMP 0
1287  0000        JMP 0
1288  0000        JMP 0
1289  0000        JMP 0
128A  0000        JMP 0
128B  0000        JMP 0
128C  0000        JMP 0
128D  0000        JMP 0
128E  0000        JMP 0
128F  0000        JMP 0
1290  0000        JMP 0
1291  0000        JMP 0
1292  0000        JMP 0
1293  0000        JMP 0
1294  0000        JMP 0
1295  0000        JMP 0
1296  0000        JMP 0
1297  0000        JMP 0
1298  0000        JMP 0
1299  0000        JMP 0
129A  0000        JMP 0
129B  0000        JMP 0
129C  0000        JMP 0
129D  0000        JMP 0
129E  0000        JMP 0
129F  0000        JMP 0
12A0  0000        JMP 0
12A1  0000        JMP 0
12A2  0000        JMP 0
12A3  0000        JMP 0
12A4  0000        JMP 0
12A5  0000        JMP 0
12A6  0000        JMP 0
12A7  0000        JMP 0
12A8  0000        JMP 0
12A9  0000        JMP 0
12AA  0000        JMP 0
12AB  0000        JMP 0
12AC  0000        JMP 0
12AD  0000        JMP 0
12AE  0000        JMP 0
12AF  0000        JMP 0
12B0  0000        JMP 0
12B1  0000        JMP 0
12B2  0000        JMP 0
12B3  0000        JMP 0
12B4  0000        JMP 0
12B5  0000        JMP 0
12B6  0000        JMP 0
12B7  0000        JMP 0
12B8  0000        JMP 0
12B9  0000        JMP 0
12BA  0000        JMP 0
12BB  0000        JMP 0
12BC  0000        JMP 0
12BD  0000        JMP 0
12BE  0000        JMP 0
12BF  0000        JMP 0
12C0  0000        JMP 0
12C1  0000        JMP 0
12C2  0000        JMP 0
12C3  0000        JMP 0
12C4  0000        JMP 0
12C5  0000        JMP 0
12C6  0000        JMP 0
12C7  0000        JMP 0
12C8  0000        JMP 0
12C9  0000        JMP 0
12CA  0000        JMP 0
12CB  0000        JMP 0
12CC  0000        JMP 0
12CD  0000        JMP 0
12CE  0000        JMP 0
12CF  0000        JMP 0
12D0  0000        JMP 0
12D1  0000        JMP 0
12D2  0000        JMP 0
12D3  0000        JMP 0
12D4  0000        JMP 0
12D5  0000        JMP 0
12D6  0000        JMP 0
12D7  0000        JMP 0
12D8  0000        JMP 0
12D9  0000        JMP 0
12DA  0000        JMP 0
12DB  0000        JMP 0
12DC  0000        JMP 0
12DD  0000        JMP 0
12DE  0000        JMP 0
12DF  0000        JMP 0
12E0  0000        JMP 0
12E1  0000        JMP 0
12E2  0000        JMP 0
12E3  0000        JMP 0
12E4  0000        JMP 0
12E5  0000        JMP 0
12E6  0000        JMP 0
12E7  0000        JMP 0
12E8  0000        JMP 0
12E9  0000        JMP 0
12EA  0000        JMP 0
12EB  0000        JMP 0
12EC  0000        JMP 0
12ED  0000        JMP 0
12EE  0000        JMP 0
12EF  0000        JMP 0
12F0  0000        JMP 0
12F1  0000        JMP 0
12F2  0000        JMP 0
12F3  0000        JMP 0
12F4  0000        JMP 0
12F5  0000        JMP 0
12F6  0000        JMP 0
12F7  0000        JMP 0
12F8  0000        JMP 0
12F9  0000        JMP 0
12FA  0000        JMP 0
12FB  0000        JMP 0
12FC  0000        JMP 0
12FD  0000        JMP 0
12FE  0000        JMP 0
12FF  0000        JMP 0
1300  0000        JMP 0
1301  0000        JMP 0
1302  0000        JMP 0
1303  0000        JMP 0
1304  0000        JMP 0
1305  0000        JMP 0
1306  0000        JMP 0
1307  0000        JMP 0
1308  0000        JMP 0
1309  0000        JMP 0
130A  0000        JMP 0
130B  0000        JMP 0
130C  0000        JMP 0
130D  0000        JMP 0
130E  0000        JMP 0
130F  0000        JMP 0
1310  0000        JMP 0
1311  0000        JMP 0
1312  0000        JMP 0
1313  0000        JMP 0
1314  0000        JMP 0
1315  0000        JMP 0
1316  0000        JMP 0
1317  0000        JMP 0
1318  0000        JMP 0
1319  0000        JMP 0
131A  0000        JMP 0
131B  0000        JMP 0
131C  0000        JMP 0
131D  0000        JMP 0
131E  0000        JMP 0
131F  0000        JMP 0
1320  0000        JMP 0
1321  0000        JMP 0
1322  0000        JMP 0
1323  0000        JMP 0
1324  0000        JMP 0
1325  0000        JMP 0
1326  0000        JMP 0
1327  0000        JMP 0
1328  0000        JMP 0
1329  0000        JMP 0
132A  0000        JMP 0
132B  0000        JMP 0
132C  0000        JMP 0
132D  0000        JMP 0
132E  0000        JMP 0
132F  0000        JMP 0
1330  0000        JMP 0
1331  0000        JMP 0
1332  0000        JMP 0
1333  0000        JMP 0
1334  0000        JMP 0
1335  0000        JMP 0
1336  0000        JMP 0
1337  0000        JMP 0
1338  0000        JMP 0
1339  0000        JMP 0
133A  0000        JMP 0
133B  0000        JMP 0
133C  0000        JMP 0
133D  0000        JMP 0
133E  0000        JMP 0
133F  0000        JMP 0
1340  0000        JMP 0
1341  0000        JMP 0
1342  0000        JMP 0
1343  0000        JMP 0
1344  0000        JMP 0
1345  0000        JMP 0
1346  0000        JMP 0
1347  0000        JMP 0
1348  0000        JMP 0
1349  0000        JMP 0
134A  0000        JMP 0
134B  0000        JMP 0
134C  0000        JMP 0
134D  0000        JMP 0
134E  0000        JMP 0
134F  0000        JMP 0
1350  0000        JMP 0
1351  0000        JMP 0
1352  0000        JMP 0
1353  0000        JMP 0
1354  0000        JMP 0
1355  0000        JMP 0
1356  0000        JMP 0
1357  0000        JMP 0
1358  0000        JMP 0
1359  0000        JMP 0
135A  0000        JMP 0
135B  0000        JMP 0
135C  0000        JMP 0
135D  0000        JMP 0
135E  0000        JMP 0
135F  0000        JMP 0
1360  0000        JMP 0
1361  0000        JMP 0
1362  0000        JMP 0
1363  0000        JMP 0
1364  0000        JMP 0
1365  0000        JMP 0
1366  0000        JMP 0
1367  0000        JMP 0
1368  0000        JMP 0
1369  0000        JMP 0
136A  0000        JMP 0
136B  0000        JMP 0
136C  0000        JMP 0
136D  0000        JMP 0
136E  0000        JMP 0
136F  0000        JMP 0
1370  0000        JMP 0
1371  0000        JMP 0
1372  0000        JMP 0
1373  0000        JMP 0
1374  0000        JMP 0
1375  0000        JMP 0
1376  0000        JMP 0
1377  0000        JMP 0
1378  0000        JMP 0
1379  0000        JMP 0
137A  0000        JMP 0
137B  0000        JMP 0
137C  0000        JMP 0
137D  0000        JMP 0
137E  0000        JMP 0
137F  0000        JMP 0
1380  0000        JMP 0
1381  0000        JMP 0
1382  0000        JMP 0
1383  0000        JMP 0
1384  0000        JMP 0
1385  0000        JMP 0
1386  0000        JMP 0
1387  0000        JMP 0
1388  0000        JMP 0
1389  0000        JMP 0
138A  0000        JMP 0
138B  0000        JMP 0
138C  0000        JMP 0
138D  0000        JMP 0
138E  0000        JMP 0
138F  0000        JMP 0
1390  0000        JMP 0
1391  0000        JMP 0
1392  0000        JMP 0
1393  0000        JMP 0
1394  0000        JMP 0
1395  0000        JMP 0
1396  0000        JMP 0
1397  0000        JMP 0
1398  0000        JMP 0
1399  0000        JMP 0
139A  0000        JMP 0
139B  0000        JMP 0
139C  0000        JMP 0
139D  0000        JMP 0
139E  0000        JMP 0
139F  0000        JMP 0
13A0  0000        JMP 0
13A1  0000        JMP 0
13A2  0000        JMP 0
13A3  0000        JMP 0
13A4  0000        JMP 0
13A5  0000        JMP 0
13A6  0000        JMP 0
13A7  0000        JMP 0
13A8  0000        JMP 0
13A9  0000        JMP 0
13AA  0000        JMP 0
13AB  0000        JMP 0
13AC  0000        JMP 0
13AD  0000        JMP 0
13AE  0000        JMP 0
13AF  0000        JMP 0
13B0  0000        JMP 0
13B1  0000        JMP 0
13B2  0000        JMP 0
13B3  0000        JMP 0
13B4  0000        JMP 0
13B5  0000        JMP 0
13B6  0000        JMP 0
13B7  0000        JMP 0
13B8  0000        JMP 0
13B9  0000        JMP 0
13BA  0000        JMP 0
13BB  0000        JMP 0
13BC  0000        JMP 0
13BD  0000        JMP 0
13BE  0000        JMP 0
13BF  0000        JMP 0
13C0  0000        JMP 0
13C1  0000        JMP 0
13C2  0000        JMP 0
13C3  0000        JMP 0
13C4  0000        JMP 0
13C5  0000        JMP 0
13C6  0000        JMP 0
13C7  0000        JMP 0
13C8  0000        JMP 0
13C9  0000        JMP 0
13CA  0000        JMP 0
13CB  0000        JMP 0
13CC  0000        JMP 0
13CD  0000        JMP 0
13CE  0000        JMP 0
13CF  0000        JMP 0
13D0  0000        JMP 0
13D1  0000        JMP 0
13D2  0000        JMP 0
13D3  0000        JMP 0
13D4  0000        JMP 0
13D5  0000        JMP 0
13D6  0000        JMP 0
13D7  0000        JMP 0
13D8  0000        JMP 0
13D9  0000        JMP 0
13DA  0000        JMP 0
13DB  0000        JMP 0
13DC  0000        JMP 0
13DD  0000        JMP 0
13DE  0000        JMP 0
13DF  0000        JMP 0
13E0  0000        JMP 0
13E1  0000        JMP 0
13E2  0000        JMP 0
13E3  0000        JMP 0
13E4  0000        JMP 0
13E5  0000        JMP 0
13E6  0000        JMP 0
13E7  0000        JMP 0
13E8  0000        JMP 0
13E9  0000        JMP 0
13EA  0000        JMP 0
13EB  0000        JMP 0
13EC  0000        JMP 0
13ED  0000        JMP 0
13EE  0000        JMP 0
13EF  0000        JMP 0
13F0  0000        JMP 0
13F1  0000        JMP 0
13F2  0000        JMP 0
13F3  0000        JMP 0
13F4  0000        JMP 0
13F5  0000        JMP 0
13F6  0000        JMP 0
13F7  0000        JMP 0
13F8  0000        JMP 0
13F9  0000        JMP 0
13FA  0000        JMP 0
13FB  0000        JMP 0
13FC  0000        JMP 0
13FD  0000        JMP 0
13FE  0000        JMP 0
13FF  0000        JMP 0
1400  0000        JMP 0
1401  0000        JMP 0
1402  0000        JMP 0
1403  0000        JMP 0
1404  0000        JMP 0
1405  0000        JMP 0
1406  0000        JMP 0
1407  0000        JMP 0
1408  0000        JMP 0
1409  0000        JMP 0
140A  0000        JMP 0
140B  0000        JMP 0
140C  0000        JMP 0
140D  0000        JMP 0
140E  0000        JMP 0
140F  0000        JMP 0
1410  0000        JMP 0
1411  0000        JMP 0
1412  0000        JMP 0
1413  0000        JMP 0
1414  0000        JMP 0
1415  0000        JMP 0
1416  0000        JMP 0
1417  0000        JMP 0
1418  0000        JMP 0
1419  0000        JMP 0
141A  0000        JMP 0
141B  0000        JMP 0
141C  0000        JMP 0
141D  0000        JMP 0
141E  0000        JMP 0
141F  0000        JMP 0
1420  0000        JMP 0
1421  0000        JMP 0
1422  0000        JMP 0
1423  0000        JMP 0
1424  0000        JMP 0
1425  0000        JMP 0
1426  0000        JMP 0
1427  0000        JMP 0
1428  0000        JMP 0
1429  0000        JMP 0
142A  0000        JMP 0
142B  0000        JMP 0
142C  0000        JMP 0
142D  0000        JMP 0
142E  0000        JMP 0
142F  0000        JMP 0
1430  0000        JMP 0
1431  0000        JMP 0
1432  0000        JMP 0
1433  0000        JMP 0
1434  0000        JMP 0
1435  0000        JMP 0
1436  0000        JMP 0
1437  0000        JMP 0
1438  0000        JMP 0
1439  0000        JMP 0
143A  0000        JMP 0
143B  0000        JMP 0
143C  0000        JMP 0
143D  0000        JMP 0
143E  0000        JMP 0
143F  0000        JMP 0
1440  0000        JMP 0
1441  0000        JMP 0
1442  0000        JMP 0
1443  0000        JMP 0
1444  0000        JMP 0
1445  0000        JMP 0
1446  0000        JMP 0
1447  0000        JMP 0
1448  0000        JMP 0
1449  0000        JMP 0
144A  0000        JMP 0
144B  0000        JMP 0
144C  0000        JMP 0
144D  0000        JMP 0
144E  0000        JMP 0
144F  0000        JMP 0
1450  0000        JMP 0
1451  0000        JMP 0
1452  0000        JMP 0
1453  0000        JMP 0
1454  0000        JMP 0
1455  0000        JMP 0
1456  0000        JMP 0
1457  0000        JMP 0
1458  0000        JMP 0
1459  0000        JMP 0
145A  0000        JMP 0
145B  0000        JMP 0
145C  0000        JMP 0
145D  0000        JMP 0
145E  0000        JMP 0
145F  0000        JMP 0
1460  0000        JMP 0
1461  0000        JMP 0
1462  0000        JMP 0
1463  0000        JMP 0
1464  0000        JMP 0
1465  0000        JMP 0
1466  0000        JMP 0
1467  0000        JMP 0
1468  0000        JMP 0
1469  0000        JMP 0
146A  0000        JMP 0
146B  0000        JMP 0
146C  0000        JMP 0
146D  0000        JMP 0
146E  0000        JMP 0
146F  0000        JMP 0
1470  0000        JMP 0
1471  0000        JMP 0
1472  0000        JMP 0
1473  0000        JMP 0
1474  0000        JMP 0
1475  0000        JMP 0
1476  0000        JMP 0
1477  0000        JMP 0
1478  0000        JMP 0
1479  0000        JMP 0
147A  0000        JMP 0
147B  0000        JMP 0
147C  0000        JMP 0
147D  0000        JMP 0
147E  0000        JMP 0
147F  0000        JMP 0
1480  0000        JMP 0
1481  0000        JMP 0
1482  0000        JMP 0
1483  0000        JMP 0
1484  0000        JMP 0
1485  0000        JMP 0
1486  0000        JMP 0
1487  0000        JMP 0
1488  0000        JMP 0
1489  0000        JMP 0
148A  0000        JMP 0
148B  0000        JMP 0
148C  0000        JMP 0
148D  0000        JMP 0
148E  0000        JMP 0
148F  0000        JMP 0
1490  0000        JMP 0
1491  0000        JMP 0
1492  0000        JMP 0
1493  0000        JMP 0
1494  0000        JMP 0
1495  0000        JMP 0
1496  0000        JMP 0
1497  0000        JMP 0
1498  0000        JMP 0
1499  0000        JMP 0
149A  0000        JMP 0
149B  0000        JMP 0
149C  0000        JMP 0
149D  0000        JMP 0
149E  0000        JMP 0
149F  0000        JMP 0
14A0  0000        JMP 0
14A1  0000        JMP 0
14A2  0000        JMP 0
14A3  0000        JMP 0
14A4  0000        JMP 0
14A5  0000        JMP 0
14A6  0000        JMP 0
14A7  0000        JMP 0
14A8  0000        JMP 0
14A9  0000        JMP 0
14AA  0000        JMP 0
14AB  0000        JMP 0
14AC  0000        JMP 0
14AD  0000        JMP 0
14AE  0000        JMP 0
14AF  0000        JMP 0
14B0  0000        JMP 0
14B1  0000        JMP 0
14B2  0000        JMP 0
14B3  0000        JMP 0
14B4  0000        JMP 0
14B5  0000        JMP 0
14B6  0000        JMP 0
14B7  0000        JMP 0
14B8  0000        JMP 0
14B9  0000        JMP 0
14BA  0000        JMP 0
14BB  0000        JMP 0
14BC  0000        JMP 0
14BD  0000        JMP 0
14BE  0000        JMP 0
14BF  0000        JMP 0
14C0  0000        JMP 0
14C1  0000        JMP 0
14C2  0000        JMP 0
14C3  0000        JMP 0
14C4  0000        JMP 0
14C5  0000        JMP 0
14C6  0000        JMP 0
14C7  0000        JMP 0
14C8  0000        JMP 0
14C9  0000        JMP 0
14CA  0000        JMP 0
14CB  0000        JMP 0
14CC  0000        JMP 0
14CD  0000        JMP 0
14CE  0000        JMP 0
14CF  0000        JMP 0
14D0  0000        JMP 0
14D1  0000        JMP 0
14D2  0000        JMP 0
14D3  0000        JMP 0
14D4  0000        JMP 0
14D5  0000        JMP 0
14D6  0000        JMP 0
14D7  0000        JMP 0
14D8  0000        JMP 0
14D9  0000        JMP 0
14DA  0000        JMP 0
14DB  0000        JMP 0
14DC  0000        JMP 0
14DD  0000        JMP 0
14DE  0000        JMP 0
14DF  0000        JMP 0
14E0  0000        JMP 0
14E1  0000        JMP 0
14E2  0000        JMP 0
14E3  0000        JMP 0
14E4  0000        JMP 0
14E5  0000        JMP 0
14E6  0000        JMP 0
14E7  0000        JMP 0
14E8  0000        JMP 0
14E9  0000        JMP 0
14EA  0000        JMP 0
14EB  0000        JMP 0
14EC  0000        JMP 0
14ED  0000        JMP 0
14EE  0000        JMP 0
14EF  0000        JMP 0
14F0  0000        JMP 0
14F1  0000        JMP 0
14F2  0000        JMP 0
14F3  0000        JMP 0
14F4  0000        JMP 0
14F5  0000        JMP 0
14F6  0000        JMP 0
14F7  0000        JMP 0
14F8  0000        JMP 0
14F9  0000        JMP 0
14FA  0000        JMP 0
14FB  0000        JMP 0
14FC  0000        JMP 0
14FD  0000        JMP 0
14FE  0000        JMP 0
14FF  0000        JMP 0
1500  0000        JMP 0
1501  0000        JMP 0
1502  0000        JMP 0
1503  0000        JMP 0
1504  0000        JMP 0
1505  0000        JMP 0
1506  0000        JMP 0
1507  0000        JMP 0
1508  0000        JMP 0
1509  0000        JMP 0
150A  0000        JMP 0
150B  0000        JMP 0
150C  0000        JMP 0
150D  0000        JMP 0
150E  0000        JMP 0
150F  0000        JMP 0
1510  0000        JMP 0
1511  0000        JMP 0
1512  0000        JMP 0
1513  0000        JMP 0
1514  0000        JMP 0
1515  0000        JMP 0
1516  0000        JMP 0
1517  0000        JMP 0
1518  0000        JMP 0
1519  0000        JMP 0
151A  0000        JMP 0
151B  0000        JMP 0
151C  0000        JMP 0
151D  0000        JMP 0
151E  0000        JMP 0
151F  0000        JMP 0
1520  0000        JMP 0
1521  0000        JMP 0
1522  0000        JMP 0
1523  0000        JMP 0
1524  0000        JMP 0
1525  0000        JMP 0
1526  0000        JMP 0
1527  0000        JMP 0
1528  0000        JMP 0
1529  0000        JMP 0
152A  0000        JMP 0
152B  0000        JMP 0
152C  0000        JMP 0
152D  0000        JMP 0
152E  0000        JMP 0
152F  0000        JMP 0
1530  0000        JMP 0
1531  0000        JMP 0
1532  0000        JMP 0
1533  0000        JMP 0
1534  0000        JMP 0
1535  0000        JMP 0
1536  0000        JMP 0
1537  0000        JMP 0
1538  0000        JMP 0
1539  0000        JMP 0
153A  0000        JMP 0
153B  0000        JMP 0
153C  0000        JMP 0
153D  0000        JMP 0
153E  0000        JMP 0
153F  0000        JMP 0
1540  0000        JMP 0
1541  0000        JMP 0
1542  0000        JMP 0
1543  0000        JMP 0
1544  0000        JMP 0
1545  0000        JMP 0
1546  0000        JMP 0
1547  0000        JMP 0
1548  0000        JMP 0
1549  0000        JMP 0
154A  0000        JMP 0
154B  0000        JMP 0
154C  0000        JMP 0
154D  0000        JMP 0
154E  0000        JMP 0
154F  0000        JMP 0
1550  0000        JMP 0
1551  0000        JMP 0
1552  0000        JMP 0
1553  0000        JMP 0
1554  0000        JMP 0
1555  0000        JMP 0
1556  0000        JMP 0
1557  0000        JMP 0
1558  0000        JMP 0
1559  0000        JMP 0
155A  0000        JMP 0
155B  0000        JMP 0
155C  0000        JMP 0
155D  0000        JMP 0
155E  0000        JMP 0
155F  0000        JMP 0
1560  0000        JMP 0
1561  0000        JMP 0
1562  0000        JMP 0
1563  0000        JMP 0
1564  0000        JMP 0
1565  0000        JMP 0
1566  0000        JMP 0
1567  0000        JMP 0
1568  0000        JMP 0
1569  0000        JMP 0
156A  0000        JMP 0
156B  0000        JMP 0
156C  0000        JMP 0
156D  0000        JMP 0
156E  0000        JMP 0
156F  0000        JMP 0
1570  0000        JMP 0
1571  0000        JMP 0
1572  0000        JMP 0
1573  0000        JMP 0
1574  0000        JMP 0
1575  0000        JMP 0
1576  0000        JMP 0
1577  0000        JMP 0
1578  0000        JMP 0
1579  0000        JMP 0
157A  0000        JMP 0
157B  0000        JMP 0
157C  0000        JMP 0
157D  0000        JMP 0
157E  0000        JMP 0
157F  0000        JMP 0
1580  0000        JMP 0
1581  0000        JMP 0
1582  0000        JMP 0
1583  0000        JMP 0
1584  0000        JMP 0
1585  0000        JMP 0
1586  0000        JMP 0
1587  0000        JMP 0
1588  0000        JMP 0
1589  0000        JMP 0
158A  0000        JMP 0
158B  0000        JMP 0
158C  0000        JMP 0
158D  0000        JMP 0
158E  0000        JMP 0
158F  0000        JMP 0
1590  0000        JMP 0
1591  0000        JMP 0
1592  0000        JMP 0
1593  0000        JMP 0
1594  0000        JMP 0
1595  0000        JMP 0
1596  0000        JMP 0
1597  0000        JMP 0
1598  0000        JMP 0
1599  0000        JMP 0
159A  0000        JMP 0
159B  0000        JMP 0
159C  0000        JMP 0
159D  0000        JMP 0
159E  0000        JMP 0
159F  0000        JMP 0
15A0  0000        JMP 0
15A1  0000        JMP 0
15A2  0000        JMP 0
15A3  0000        JMP 0
15A4  0000        JMP 0
15A5  0000        JMP 0
15A6  0000        JMP 0
15A7  0000        JMP 0
15A8  0000        JMP 0
15A9  0000        JMP 0
15AA  0000        JMP 0
15AB  0000        JMP 0
15AC  0000        JMP 0
15AD  0000        JMP 0
15AE  0000        JMP 0
15AF  0000        JMP 0
15B0  0000        JMP 0
15B1  0000        JMP 0
15B2  0000        JMP 0
15B3  0000        JMP 0
15B4  0000        JMP 0
15B5  0000        JMP 0
15B6  0000        JMP 0
15B7  0000        JMP 0
15B8  0000        JMP 0
15B9  0000        JMP 0
15BA  0000        JMP 0
15BB  0000        JMP 0
15BC  0000        JMP 0
15BD  0000        JMP 0
15BE  0000        JMP 0
15BF  0000        JMP 0
15C0  0000        JMP 0
15C1  0000        JMP 0
15C2  0000        JMP 0
15C3  0000        JMP 0
15C4  0000        JMP 0
15C5  0000        JMP 0
15C6  0000        JMP 0
15C7  0000        JMP 0
15C8  0000        JMP 0
15C9  0000        JMP 0
15CA  0000        JMP 0
15CB  0000        JMP 0
15CC  0000        JMP 0
15CD  0000        JMP 0
15CE  0000        JMP 0
15CF  0000        JMP 0
15D0  0000        JMP 0
15D1  0000        JMP 0
15D2  0000        JMP 0
15D3  0000        JMP 0
15D4  0000        JMP 0
15D5  0000        JMP 0
15D6  0000        JMP 0
15D7  0000        JMP 0
15D8  0000        JMP 0
15D9  0000        JMP 0
15DA  0000        JMP 0
15DB  0000        JMP 0
15DC  0000        JMP 0
15DD  0000        JMP 0
15DE  0000        JMP 0
15DF  0000        JMP 0
15E0  0000        JMP 0
15E1  0000        JMP 0
15E2  0000        JMP 0
15E3  0000        JMP 0
15E4  0000        JMP 0
15E5  0000        JMP 0
15E6  0000        JMP 0
15E7  0000        JMP 0
15E8  0000        JMP 0
15E9  0000        JMP 0
15EA  0000        JMP 0
15EB  0000        JMP 0
15EC  0000        JMP 0
15ED  0000        JMP 0
15EE  0000        JMP 0
15EF  0000        JMP 0
15F0  0000        JMP 0
15F1  0000        JMP 0
15F2  0000        JMP 0
15F3  0000        JMP 0
15F4  0000        JMP 0
15F5  0000        JMP 0
15F6  0000        JMP 0
15F7  0000        JMP 0
15F8  0000        JMP 0
15F9  0000        JMP 0
15FA  0000        JMP 0
15FB  0000        JMP 0
15FC  0000        JMP 0
15FD  0000        JMP 0
15FE  0000        JMP 0
15FF  0000        JMP 0
1600  0000        JMP 0
1601  0000        JMP 0
1602  0000        JMP 0
1603  0000        JMP 0
1604  0000        JMP 0
1605  0000        JMP 0
1606  0000        JMP 0
1607  0000        JMP 0
1608  0000        JMP 0
1609  0000        JMP 0
160A  0000        JMP 0
160B  0000        JMP 0
160C  0000        JMP 0
160D  0000        JMP 0
160E  0000        JMP 0
160F  0000        JMP 0
1610  0000        JMP 0
1611  0000        JMP 0
1612  0000        JMP 0
1613  0000        JMP 0
1614  0000        JMP 0
1615  0000        JMP 0
1616  0000        JMP 0
1617  0000        JMP 0
1618  0000        JMP 0
1619  0000        JMP 0
161A  0000        JMP 0
161B  0000        JMP 0
161C  0000        JMP 0
161D  0000        JMP 0
161E  0000        JMP 0
161F  0000        JMP 0
1620  0000        JMP 0
1621  0000        JMP 0
1622  0000        JMP 0
1623  0000        JMP 0
1624  0000        JMP 0
1625  0000        JMP 0
1626  0000        JMP 0
1627  0000        JMP 0
1628  0000        JMP 0
1629  0000        JMP 0
162A  0000        JMP 0
162B  0000        JMP 0
162C  0000        JMP 0
162D  0000        JMP 0
162E  0000        JMP 0
162F  0000        JMP 0
1630  0000        JMP 0
1631  0000        JMP 0
1632  0000        JMP 0
1633  0000        JMP 0
1634  0000        JMP 0
1635  0000        JMP 0
1636  0000        JMP 0
1637  0000        JMP 0
1638  0000        JMP 0
1639  0000        JMP 0
163A  0000        JMP 0
163B  0000        JMP 0
163C  0000        JMP 0
163D  0000        JMP 0
163E  0000        JMP 0
163F  0000        JMP 0
1640  0000        JMP 0
1641  0000        JMP 0
1642  0000        JMP 0
1643  0000        JMP 0
1644  0000        JMP 0
1645  0000        JMP 0
1646  0000        JMP 0
1647  0000        JMP 0
1648  0000        JMP 0
1649  0000        JMP 0
164A  0000        JMP 0
164B  0000        JMP 0
164C  0000        JMP 0
164D  0000        JMP 0
164E  0000        JMP 0
164F  0000        JMP 0
1650  0000        JMP 0
1651  0000        JMP 0
1652  0000        JMP 0
1653  0000        JMP 0
1654  0000        JMP 0
1655  0000        JMP 0
1656  0000        JMP 0
1657  0000        JMP 0
1658  0000        JMP 0
1659  0000        JMP 0
165A  0000        JMP 0
165B  0000        JMP 0
165C  0000        JMP 0
165D  0000        JMP 0
165E  0000        JMP 0
165F  0000        JMP 0
1660  0000        JMP 0
1661  0000        JMP 0
1662  0000        JMP 0
1663  0000        JMP 0
1664  0000        JMP 0
1665  0000        JMP 0
1666  0000        JMP 0
1667  0000        JMP 0
1668  0000        JMP 0
1669  0000        JMP 0
166A  0000        JMP 0
166B  0000        JMP 0
166C  0000        JMP 0
166D  0000        JMP 0
166E  0000        JMP 0
166F  0000        JMP 0
1670  0000        JMP 0
1671  0000        JMP 0
1672  0000        JMP 0
1673  0000        JMP 0
1674  0000        JMP 0
1675  0000        JMP 0
1676  0000        JMP 0
1677  0000        JMP 0
1678  0000        JMP 0
1679  0000        JMP 0
167A  0000        JMP 0
167B  0000        JMP 0
167C  0000        JMP 0
167D  0000        JMP 0
167E  0000        JMP 0
167F  0000        JMP 0
1680  0000        JMP 0
1681  0000        JMP 0
1682  0000        JMP 0
1683  0000        JMP 0
1684  0000        JMP 0
1685  0000        JMP 0
1686  0000        JMP 0
1687  0000        JMP 0
1688  0000        JMP 0
1689  0000        JMP 0
168A  0000        JMP 0
168B  0000        JMP 0
168C  0000        JMP 0
168D  0000        JMP 0
168E  0000        JMP 0
168F  0000        JMP 0
1690  0000        JMP 0
1691  0000        JMP 0
1692  0000        JMP 0
1693  0000        JMP 0
1694  0000        JMP 0
1695  0000        JMP 0
1696  0000        JMP 0
1697  0000        JMP 0
1698  0000        JMP 0
1699  0000        JMP 0
169A  0000        JMP 0
169B  0000        JMP 0
169C  0000        JMP 0
169D  0000        JMP 0
169E  0000        JMP 0
169F  0000        JMP 0
16A0  0000        JMP 0
16A1  0000        JMP 0
16A2  0000        JMP 0
16A3  0000        JMP 0
16A4  0000        JMP 0
16A5  0000        JMP 0
16A6  0000        JMP 0
16A7  0000        JMP 0
16A8  0000        JMP 0
16A9  0000        JMP 0
16AA  0000        JMP 0
16AB  0000        JMP 0
16AC  0000        JMP 0
16AD  0000        JMP 0
16AE  0000        JMP 0
16AF  0000        JMP 0
16B0  0000        JMP 0
16B1  0000        JMP 0
16B2  0000        JMP 0
16B3  0000        JMP 0
16B4  0000        JMP 0
16B5  0000        JMP 0
16B6  0000        JMP 0
16B7  0000        JMP 0
16B8  0000        JMP 0
16B9  0000        JMP 0
16BA  0000        JMP 0
16BB  0000        JMP 0
16BC  0000        JMP 0
16BD  0000        JMP 0
16BE  0000        JMP 0
16BF  0000        JMP 0
16C0  0000        JMP 0
16C1  0000        JMP 0
16C2  0000        JMP 0
16C3  0000        JMP 0
16C4  0000        JMP 0
16C5  0000        JMP 0
16C6  0000        JMP 0
16C7  0000        JMP 0
16C8  0000        JMP 0
16C9  0000        JMP 0
16CA  0000        JMP 0
16CB  0000        JMP 0
16CC  0000        JMP 0
16CD  0000        JMP 0
16CE  0000        JMP 0
16CF  0000        JMP 0
16D0  0000        JMP 0
16D1  0000        JMP 0
16D2  0000        JMP 0
16D3  0000        JMP 0
16D4  0000        JMP 0
16D5  0000        JMP 0
16D6  0000        JMP 0
16D7  0000        JMP 0
16D8  0000        JMP 0
16D9  0000        JMP 0
16DA  0000        JMP 0
16DB  0000        JMP 0
16DC  0000        JMP 0
16DD  0000        JMP 0
16DE  0000        JMP 0
16DF  0000        JMP 0
16E0  0000        JMP 0
16E1  0000        JMP 0
16E2  0000        JMP 0
16E3  0000        JMP 0
16E4  0000        JMP 0
16E5  0000        JMP 0
16E6  0000        JMP 0
16E7  0000        JMP 0
16E8  0000        JMP 0
16E9  0000        JMP 0
16EA  0000        JMP 0
16EB  0000        JMP 0
16EC  0000        JMP 0
16ED  0000        JMP 0
16EE  0000        JMP 0
16EF  0000        JMP 0
16F0  0000        JMP 0
16F1  0000        JMP 0
16F2  0000        JMP 0
16F3  0000        JMP 0
16F4  0000        JMP 0
16F5  0000        JMP 0
16F6  0000        JMP 0
16F7  0000        JMP 0
16F8  0000        JMP 0
16F9  0000        JMP 0
16FA  0000        JMP 0
16FB  0000        JMP 0
16FC  0000        JMP 0
16FD  0000        JMP 0
16FE  0000        JMP 0
16FF  0000        JMP 0
1700  0000        JMP 0
1701  0000        JMP 0
1702  0000        JMP 0
1703  0000        JMP 0
1704  0000        JMP 0
1705  0000        JMP 0
1706  0000        JMP 0
1707  0000        JMP 0
1708  0000        JMP 0
1709  0000        JMP 0
170A  0000        JMP 0
170B  0000        JMP 0
170C  0000        JMP 0
170D  0000        JMP 0
170E  0000        JMP 0
170F  0000        JMP 0
1710  0000        JMP 0
1711  0000        JMP 0
1712  0000        JMP 0
1713  0000        JMP 0
1714  0000        JMP 0
1715  0000        JMP 0
1716  0000        JMP 0
1717  0000        JMP 0
1718  0000        JMP 0
1719  0000        JMP 0
171A  0000        JMP 0
171B  0000        JMP 0
171C  0000        JMP 0
171D  0000        JMP 0
171E  0000        JMP 0
171F  0000        JMP 0
1720  0000        JMP 0
1721  0000        JMP 0
1722  0000        JMP 0
1723  0000        JMP 0
1724  0000        JMP 0
1725  0000        JMP 0
1726  0000        JMP 0
1727  0000        JMP 0
1728  0000        JMP 0
1729  0000        JMP 0
172A  0000        JMP 0
172B  0000        JMP 0
172C  0000        JMP 0
172D  0000        JMP 0
172E  0000        JMP 0
172F  0000        JMP 0
1730  0000        JMP 0
1731  0000        JMP 0
1732  0000        JMP 0
1733  0000        JMP 0
1734  0000        JMP 0
1735  0000        JMP 0
1736  0000        JMP 0
1737  0000        JMP 0
1738  0000        JMP 0
1739  0000        JMP 0
173A  0000        JMP 0
173B  0000        JMP 0
173C  0000        JMP 0
173D  0000        JMP 0
173E  0000        JMP 0
173F  0000        JMP 0
1740  0000        JMP 0
1741  0000        JMP 0
1742  0000        JMP 0
1743  0000        JMP 0
1744  0000        JMP 0
1745  0000        JMP 0
1746  0000        JMP 0
1747  0000        JMP 0
1748  0000        JMP 0
1749  0000        JMP 0
174A  0000        JMP 0
174B  0000        JMP 0
174C  0000        JMP 0
174D  0000        JMP 0
174E  0000        JMP 0
174F  0000        JMP 0
1750  0000        JMP 0
1751  0000        JMP 0
1752  0000        JMP 0
1753  0000        JMP 0
1754  0000        JMP 0
1755  0000        JMP 0
1756  0000        JMP 0
1757  0000        JMP 0
1758  0000        JMP 0
1759  0000        JMP 0
175A  0000        JMP 0
175B  0000        JMP 0
175C  0000        JMP 0
175D  0000        JMP 0
175E  0000        JMP 0
175F  0000        JMP 0
1760  0000        JMP 0
1761  0000        JMP 0
1762  0000        JMP 0
1763  0000        JMP 0
1764  0000        JMP 0
1765  0000        JMP 0
1766  0000        JMP 0
1767  0000        JMP 0
1768  0000        JMP 0
1769  0000        JMP 0
176A  0000        JMP 0
176B  0000        JMP 0
176C  0000        JMP 0
176D  0000        JMP 0
176E  0000        JMP 0
176F  0000        JMP 0
1770  0000        JMP 0
1771  0000        JMP 0
1772  0000        JMP 0
1773  0000        JMP 0
1774  0000        JMP 0
1775  0000        JMP 0
1776  0000        JMP 0
1777  0000        JMP 0
1778  0000        JMP 0
1779  0000        JMP 0
177A  0000        JMP 0
177B  0000        JMP 0
177C  0000        JMP 0
177D  0000        JMP 0
177E  0000        JMP 0
177F  0000        JMP 0
1780  0000        JMP 0
1781  0000        JMP 0
1782  0000        JMP 0
1783  0000        JMP 0
1784  0000        JMP 0
1785  0000        JMP 0
1786  0000        JMP 0
1787  0000        JMP 0
1788  0000        JMP 0
1789  0000        JMP 0
178A  0000        JMP 0
178B  0000        JMP 0
178C  0000        JMP 0
178D  0000        JMP 0
178E  0000        JMP 0
178F  0000        JMP 0
1790  0000        JMP 0
1791  0000        JMP 0
1792  0000        JMP 0
1793  0000        JMP 0
1794  0000        JMP 0
1795  0000        JMP 0
1796  0000        JMP 0
1797  0000        JMP 0
1798  0000        JMP 0
1799  0000        JMP 0
179A  0000        JMP 0
179B  0000        JMP 0
179C  0000        JMP 0
179D  0000        JMP 0
179E  0000        JMP 0
179F  0000        JMP 0
17A0  0000        JMP 0
17A1  0000        JMP 0
17A2  0000        JMP 0
17A3  0000        JMP 0
17A4  0000        JMP 0
17A5  0000        JMP 0
17A6  0000        JMP 0
17A7  0000        JMP 0
17A8  0000        JMP 0
17A9  0000        JMP 0
17AA  0000        JMP 0
17AB  0000        JMP 0
17AC  0000        JMP 0
17AD  0000        JMP 0
17AE  0000        JMP 0
17AF  0000        JMP 0
17B0  0000        JMP 0
17B1  0000        JMP 0
17B2  0000        JMP 0
17B3  0000        JMP 0
17B4  0000        JMP 0
17B5  0000        JMP 0
17B6  0000        JMP 0
17B7  0000        JMP 0
17B8  0000        JMP 0
17B9  0000        JMP 0
17BA  0000        JMP 0
17BB  0000        JMP 0
17BC  0000        JMP 0
17BD  0000        JMP 0
17BE  0000        JMP 0
17BF  0000        JMP 0
17C0  0000        JMP 0
17C1  0000        JMP 0
17C2  0000        JMP 0
17C3  0000        JMP 0
17C4  0000        JMP 0
17C5  0000        JMP 0
17C6  0000        JMP 0
17C7  0000        JMP 0
17C8  0000        JMP 0
17C9  0000        JMP 0
17CA  0000        JMP 0
17CB  0000        JMP 0
17CC  0000        JMP 0
17CD  0000        JMP 0
17CE  0000        JMP 0
17CF  0000        JMP 0
17D0  0000        JMP 0
17D1  0000        JMP 0
17D2  0000        JMP 0
17D3  0000        JMP 0
17D4  0000        JMP 0
17D5  0000        JMP 0
17D6  0000        JMP 0
17D7  0000        JMP 0
17D8  0000        JMP 0
17D9  0000        JMP 0
17DA  0000        JMP 0
17DB  0000        JMP 0
17DC  0000        JMP 0
17DD  0000        JMP 0
17DE  0000        JMP 0
17DF  0000        JMP 0
17E0  0000        JMP 0
17E1  0000        JMP 0
17E2  0000        JMP 0
17E3  0000        JMP 0
17E4  0000        JMP 0
17E5  0000        JMP 0
17E6  0000        JMP 0
17E7  0000        JMP 0
17E8  0000        JMP 0
17E9  0000        JMP 0
17EA  0000        JMP 0
17EB  0000        JMP 0
17EC  0000        JMP 0
17ED  0000        JMP 0
17EE  0000        JMP 0
17EF  0000        JMP 0
17F0  0000        JMP 0
17F1  0000        JMP 0
17F2  0000        JMP 0
17F3  0000        JMP 0
17F4  0000        JMP 0
17F5  0000        JMP 0
17F6  0000        JMP 0
17F7  0000        JMP 0
17F8  0000        JMP 0
17F9  0000        JMP 0
17FA  0000        JMP 0
17FB  0000        JMP 0
17FC  0000        JMP 0
17FD  0000        JMP 0
17FE  0000        JMP 0
17FF  0000        JMP 0
1800  0000        JMP 0
1801  0000        JMP 0
1802  0000        JMP 0
1803  0000        JMP 0
1804  0000        JMP 0
1805  0000        JMP 0
1806  0000        JMP 0
1807  0000        JMP 0
1808  0000        JMP 0
1809  0000        JMP 0
180A  0000        JMP 0
180B  0000        JMP 0
180C  0000        JMP 0
180D  0000        JMP 0
180E  0000        JMP 0
180F  0000        JMP 0
1810  0000        JMP 0
1811  0000        JMP 0
1812  0000        JMP 0
1813  0000        JMP 0
1814  0000        JMP 0
1815  0000        JMP 0
1816  0000        JMP 0
1817  0000        JMP 0
1818  0000        JMP 0
1819  0000        JMP 0
181A  0000        JMP 0
181B  0000        JMP 0
181C  0000        JMP 0
181D  0000        JMP 0
181E  0000        JMP 0
181F  0000        JMP 0
1820  0000        JMP 0
1821  0000        JMP 0
1822  0000        JMP 0
1823  0000        JMP 0
1824  0000        JMP 0
1825  0000        JMP 0
1826  0000        JMP 0
1827  0000        JMP 0
1828  0000        JMP 0
1829  0000        JMP 0
182A  0000        JMP 0
182B  0000        JMP 0
182C  0000        JMP 0
182D  0000        JMP 0
182E  0000        JMP 0
182F  0000        JMP 0
1830  0000        JMP 0
1831  0000        JMP 0
1832  0000        JMP 0
1833  0000        JMP 0
1834  0000        JMP 0
1835  0000        JMP 0
1836  0000        JMP 0
1837  0000        JMP 0
1838  0000        JMP 0
1839  0000        JMP 0
183A  0000        JMP 0
183B  0000        JMP 0
183C  0000        JMP 0
183D  0000        JMP 0
183E  0000        JMP 0
183F  0000        JMP 0
1840  0000        JMP 0
1841  0000        JMP 0
1842  0000        JMP 0
1843  0000        JMP 0
1844  0000        JMP 0
1845  0000        JMP 0
1846  0000        JMP 0
1847  0000        JMP 0
1848  0000        JMP 0
1849  0000        JMP 0
184A  0000        JMP 0
184B  0000        JMP 0
184C  0000        JMP 0
184D  0000        JMP 0
184E  0000        JMP 0
184F  0000        JMP 0
1850  0000        JMP 0
1851  0000        JMP 0
1852  0000        JMP 0
1853  0000        JMP 0
1854  0000        JMP 0
1855  0000        JMP 0
1856  0000        JMP 0
1857  0000        JMP 0
1858  0000        JMP 0
1859  0000        JMP 0
185A  0000        JMP 0
185B  0000        JMP 0
185C  0000        JMP 0
185D  0000        JMP 0
185E  0000        JMP 0
185F  0000        JMP 0
1860  0000        JMP 0
1861  0000        JMP 0
1862  0000        JMP 0
1863  0000        JMP 0
1864  0000        JMP 0
1865  0000        JMP 0
1866  0000        JMP 0
1867  0000        JMP 0
1868  0000        JMP 0
1869  0000        JMP 0
186A  0000        JMP 0
186B  0000        JMP 0
186C  0000        JMP 0
186D  0000        JMP 0
186E  0000        JMP 0
186F  0000        JMP 0
1870  0000        JMP 0
1871  0000        JMP 0
1872  0000        JMP 0
1873  0000        JMP 0
1874  0000        JMP 0
1875  0000        JMP 0
1876  0000        JMP 0
1877  0000        JMP 0
1878  0000        JMP 0
1879  0000        JMP 0
187A  0000        JMP 0
187B  0000        JMP 0
187C  0000        JMP 0
187D  0000        JMP 0
187E  0000        JMP 0
187F  0000        JMP 0
1880  0000        JMP 0
1881  0000        JMP 0
1882  0000        JMP 0
1883  0000        JMP 0
1884  0000        JMP 0
1885  0000        JMP 0
1886  0000        JMP 0
1887  0000        JMP 0
1888  0000        JMP 0
1889  0000        JMP 0
188A  0000        JMP 0
188B  0000        JMP 0
188C  0000        JMP 0
188D  0000        JMP 0
188E  0000        JMP 0
188F  0000        JMP 0
1890  0000        JMP 0
1891  0000        JMP 0
1892  0000        JMP 0
1893  0000        JMP 0
1894  0000        JMP 0
1895  0000        JMP 0
1896  0000        JMP 0
1897  0000        JMP 0
1898  0000        JMP 0
1899  0000        JMP 0
189A  0000        JMP 0
189B  0000        JMP 0
189C  0000        JMP 0
189D  0000        JMP 0
189E  0000        JMP 0
189F  0000        JMP 0
18A0  0000        JMP 0
18A1  0000        JMP 0
18A2  0000        JMP 0
18A3  0000        JMP 0
18A4  0000        JMP 0
18A5  0000        JMP 0
18A6  0000        JMP 0
18A7  0000        JMP 0
18A8  0000        JMP 0
18A9  0000        JMP 0
18AA  0000        JMP 0
18AB  0000        JMP 0
18AC  0000        JMP 0
18AD  0000        JMP 0
18AE  0000        JMP 0
18AF  0000        JMP 0
18B0  0000        JMP 0
18B1  0000        JMP 0
18B2  0000        JMP 0
18B3  0000        JMP 0
18B4  0000        JMP 0
18B5  0000        JMP 0
18B6  0000        JMP 0
18B7  0000        JMP 0
18B8  0000        JMP 0
18B9  0000        JMP 0
18BA  0000        JMP 0
18BB  0000        JMP 0
18BC  0000        JMP 0
18BD  0000        JMP 0
18BE  0000        JMP 0
18BF  0000        JMP 0
18C0  0000        JMP 0
18C1  0000        JMP 0
18C2  0000        JMP 0
18C3  0000        JMP 0
18C4  0000        JMP 0
18C5  0000        JMP 0
18C6  0000        JMP 0
18C7  0000        JMP 0
18C8  0000        JMP 0
18C9  0000        JMP 0
18CA  0000        JMP 0
18CB  0000        JMP 0
18CC  0000        JMP 0
18CD  0000        JMP 0
18CE  0000        JMP 0
18CF  0000        JMP 0
18D0  0000        JMP 0
18D1  0000        JMP 0
18D2  0000        JMP 0
18D3  0000        JMP 0
18D4  0000        JMP 0
18D5  0000        JMP 0
18D6  0000        JMP 0
18D7  0000        JMP 0
18D8  0000        JMP 0
18D9  0000        JMP 0
18DA  0000        JMP 0
18DB  0000        JMP 0
18DC  0000        JMP 0
18DD  0000        JMP 0
18DE  0000        JMP 0
18DF  0000        JMP 0
18E0  0000        JMP 0
18E1  0000        JMP 0
18E2  0000        JMP 0
18E3  0000        JMP 0
18E4  0000        JMP 0
18E5  0000        JMP 0
18E6  0000        JMP 0
18E7  0000        JMP 0
18E8  0000        JMP 0
18E9  0000        JMP 0
18EA  0000        JMP 0
18EB  0000        JMP 0
18EC  0000        JMP 0
18ED  0000        JMP 0
18EE  0000        JMP 0
18EF  0000        JMP 0
18F0  0000        JMP 0
18F1  0000        JMP 0
18F2  0000        JMP 0
18F3  0000        JMP 0
18F4  0000        JMP 0
18F5  0000        JMP 0
18F6  0000        JMP 0
18F7  0000        JMP 0
18F8  0000        JMP 0
18F9  0000        JMP 0
18FA  0000        JMP 0
18FB  0000        JMP 0
18FC  0000        JMP 0
18FD  0000        JMP 0
18FE  0000        JMP 0
18FF  0000        JMP 0
1900  0000        JMP 0
1901  0000        JMP 0
1902  0000        JMP 0
1903  0000        JMP 0
1904  0000        JMP 0
1905  0000        JMP 0
1906  0000        JMP 0
1907  0000        JMP 0
1908  0000        JMP 0
1909  0000        JMP 0
190A  0000        JMP 0
190B  0000        JMP 0
190C  0000        JMP 0
190D  0000        JMP 0
190E  0000        JMP 0
190F  0000        JMP 0
1910  0000        JMP 0
1911  0000        JMP 0
1912  0000        JMP 0
1913  0000        JMP 0
1914  0000        JMP 0
1915  0000        JMP 0
1916  0000        JMP 0
1917  0000        JMP 0
1918  0000        JMP 0
1919  0000        JMP 0
191A  0000        JMP 0
191B  0000        JMP 0
191C  0000        JMP 0
191D  0000        JMP 0
191E  0000        JMP 0
191F  0000        JMP 0
1920  0000        JMP 0
1921  0000        JMP 0
1922  0000        JMP 0
1923  0000        JMP 0
1924  0000        JMP 0
1925  0000        JMP 0
1926  0000        JMP 0
1927  0000        JMP 0
1928  0000        JMP 0
1929  0000        JMP 0
192A  0000        JMP 0
192B  0000        JMP 0
192C  0000        JMP 0
192D  0000        JMP 0
192E  0000        JMP 0
192F  0000        JMP 0
1930  0000        JMP 0
1931  0000        JMP 0
1932  0000        JMP 0
1933  0000        JMP 0
1934  0000        JMP 0
1935  0000        JMP 0
1936  0000        JMP 0
1937  0000        JMP 0
1938  0000        JMP 0
1939  0000        JMP 0
193A  0000        JMP 0
193B  0000        JMP 0
193C  0000        JMP 0
193D  0000        JMP 0
193E  0000        JMP 0
193F  0000        JMP 0
1940  0000        JMP 0
1941  0000        JMP 0
1942  0000        JMP 0
1943  0000        JMP 0
1944  0000        JMP 0
1945  0000        JMP 0
1946  0000        JMP 0
1947  0000        JMP 0
1948  0000        JMP 0
1949  0000        JMP 0
194A  0000        JMP 0
194B  0000        JMP 0
194C  0000        JMP 0
194D  0000        JMP 0
194E  0000        JMP 0
194F  0000        JMP 0
1950  0000        JMP 0
1951  0000        JMP 0
1952  0000        JMP 0
1953  0000        JMP 0
1954  0000        JMP 0
1955  0000        JMP 0
1956  0000        JMP 0
1957  0000        JMP 0
1958  0000        JMP 0
1959  0000        JMP 0
195A  0000        JMP 0
195B  0000        JMP 0
195C  0000        JMP 0
195D  0000        JMP 0
195E  0000        JMP 0
195F  0000        JMP 0
1960  0000        JMP 0
1961  0000        JMP 0
1962  0000        JMP 0
1963  0000        JMP 0
1964  0000        JMP 0
1965  0000        JMP 0
1966  0000        JMP 0
1967  0000        JMP 0
1968  0000        JMP 0
1969  0000        JMP 0
196A  0000        JMP 0
196B  0000        JMP 0
196C  0000        JMP 0
196D  0000        JMP 0
196E  0000        JMP 0
196F  0000        JMP 0
1970  0000        JMP 0
1971  0000        JMP 0
1972  0000        JMP 0
1973  0000        JMP 0
1974  0000        JMP 0
1975  0000        JMP 0
1976  0000        JMP 0
1977  0000        JMP 0
1978  0000        JMP 0
1979  0000        JMP 0
197A  0000        JMP 0
197B  0000        JMP 0
197C  0000        JMP 0
197D  0000        JMP 0
197E  0000        JMP 0
197F  0000        JMP 0
1980  0000        JMP 0
1981  0000        JMP 0
1982  0000        JMP 0
1983  0000        JMP 0
1984  0000        JMP 0
1985  0000        JMP 0
1986  0000        JMP 0
1987  0000        JMP 0
1988  0000        JMP 0
1989  0000        JMP 0
198A  0000        JMP 0
198B  0000        JMP 0
198C  0000        JMP 0
198D  0000        JMP 0
198E  0000        JMP 0
198F  0000        JMP 0
1990  0000        JMP 0
1991  0000        JMP 0
1992  0000        JMP 0
1993  0000        JMP 0
1994  0000        JMP 0
1995  0000        JMP 0
1996  0000        JMP 0
1997  0000        JMP 0
1998  0000        JMP 0
1999  0000        JMP 0
199A  0000        JMP 0
199B  0000        JMP 0
199C  0000        JMP 0
199D  0000        JMP 0
199E  0000        JMP 0
199F  0000        JMP 0
19A0  0000        JMP 0
19A1  0000        JMP 0
19A2  0000        JMP 0
19A3  0000        JMP 0
19A4  0000        JMP 0
19A5  0000        JMP 0
19A6  0000        JMP 0
19A7  0000        JMP 0
19A8  0000        JMP 0
19A9  0000        JMP 0
19AA  0000        JMP 0
19AB  0000        JMP 0
19AC  0000        JMP 0
19AD  0000        JMP 0
19AE  0000        JMP 0
19AF  0000        JMP 0
19B0  0000        JMP 0
19B1  0000        JMP 0
19B2  0000        JMP 0
19B3  0000        JMP 0
19B4  0000        JMP 0
19B5  0000        JMP 0
19B6  0000        JMP 0
19B7  0000        JMP 0
19B8  0000        JMP 0
19B9  0000        JMP 0
19BA  0000        JMP 0
19BB  0000        JMP 0
19BC  0000        JMP 0
19BD  0000        JMP 0
19BE  0000        JMP 0
19BF  0000        JMP 0
19C0  0000        JMP 0
19C1  0000        JMP 0
19C2  0000        JMP 0
19C3  0000        JMP 0
19C4  0000        JMP 0
19C5  0000        JMP 0
19C6  0000        JMP 0
19C7  0000        JMP 0
19C8  0000        JMP 0
19C9  0000        JMP 0
19CA  0000        JMP 0
19CB  0000        JMP 0
19CC  0000        JMP 0
19CD  0000        JMP 0
19CE  0000        JMP 0
19CF  0000        JMP 0
19D0  0000        JMP 0
19D1  0000        JMP 0
19D2  0000        JMP 0
19D3  0000        JMP 0
19D4  0000        JMP 0
19D5  0000        JMP 0
19D6  0000        JMP 0
19D7  0000        JMP 0
19D8  0000        JMP 0
19D9  0000        JMP 0
19DA  0000        JMP 0
19DB  0000        JMP 0
19DC  0000        JMP 0
19DD  0000        JMP 0
19DE  0000        JMP 0
19DF  0000        JMP 0
19E0  0000        JMP 0
19E1  0000        JMP 0
19E2  0000        JMP 0
19E3  0000        JMP 0
19E4  0000        JMP 0
19E5  0000        JMP 0
19E6  0000        JMP 0
19E7  0000        JMP 0
19E8  0000        JMP 0
19E9  0000        JMP 0
19EA  0000        JMP 0
19EB  0000        JMP 0
19EC  0000        JMP 0
19ED  0000        JMP 0
19EE  0000        JMP 0
19EF  0000        JMP 0
19F0  0000        JMP 0
19F1  0000        JMP 0
19F2  0000        JMP 0
19F3  0000        JMP 0
19F4  0000        JMP 0
19F5  0000        JMP 0
19F6  0000        JMP 0
19F7  0000        JMP 0
19F8  0000        JMP 0
19F9  0000        JMP 0
19FA  0000        JMP 0
19FB  0000        JMP 0
19FC  0000        JMP 0
19FD  0000        JMP 0
19FE  0000        JMP 0
19FF  0000        JMP 0
1A00  0000        JMP 0
1A01  0000        JMP 0
1A02  0000        JMP 0
1A03  0000        JMP 0
1A04  0000        JMP 0
1A05  0000        JMP 0
1A06  0000        JMP 0
1A07  0000        JMP 0
1A08  0000        JMP 0
1A09  0000        JMP 0
1A0A  0000        JMP 0
1A0B  0000        JMP 0
1A0C  0000        JMP 0
1A0D  0000        JMP 0
1A0E  0000        JMP 0
1A0F  0000        JMP 0
1A10  0000        JMP 0
1A11  0000        JMP 0
1A12  0000        JMP 0
1A13  0000        JMP 0
1A14  0000        JMP 0
1A15  0000        JMP 0
1A16  0000        JMP 0
1A17  0000        JMP 0
1A18  0000        JMP 0
1A19  0000        JMP 0
1A1A  0000        JMP 0
1A1B  0000        JMP 0
1A1C  0000        JMP 0
1A1D  0000        JMP 0
1A1E  0000        JMP 0
1A1F  0000        JMP 0
1A20  0000        JMP 0
1A21  0000        JMP 0
1A22  0000        JMP 0
1A23  0000        JMP 0
1A24  0000        JMP 0
1A25  0000        JMP 0
1A26  0000        JMP 0
1A27  0000        JMP 0
1A28  0000        JMP 0
1A29  0000        JMP 0
1A2A  0000        JMP 0
1A2B  0000        JMP 0
1A2C  0000        JMP 0
1A2D  0000        JMP 0
1A2E  0000        JMP 0
1A2F  0000        JMP 0
1A30  0000        JMP 0
1A31  0000        JMP 0
1A32  0000        JMP 0
1A33  0000        JMP 0
1A34  0000        JMP 0
1A35  0000        JMP 0
1A36  0000        JMP 0
1A37  0000        JMP 0
1A38  0000        JMP 0
1A39  0000        JMP 0
1A3A  0000        JMP 0
1A3B  0000        JMP 0
1A3C  0000        JMP 0
1A3D  0000        JMP 0
1A3E  0000        JMP 0
1A3F  0000        JMP 0
1A40  0000        JMP 0
1A41  0000        JMP 0
1A42  0000        JMP 0
1A43  0000        JMP 0
1A44  0000        JMP 0
1A45  0000        JMP 0
1A46  0000        JMP 0
1A47  0000        JMP 0
1A48  0000        JMP 0
1A49  0000        JMP 0
1A4A  0000        JMP 0
1A4B  0000        JMP 0
1A4C  0000        JMP 0
1A4D  0000        JMP 0
1A4E  0000        JMP 0
1A4F  0000        JMP 0
1A50  0000        JMP 0
1A51  0000        JMP 0
1A52  0000        JMP 0
1A53  0000        JMP 0
1A54  0000        JMP 0
1A55  0000        JMP 0
1A56  0000        JMP 0
1A57  0000        JMP 0
1A58  0000        JMP 0
1A59  0000        JMP 0
1A5A  0000        JMP 0
1A5B  0000        JMP 0
1A5C  0000        JMP 0
1A5D  0000        JMP 0
1A5E  0000        JMP 0
1A5F  0000        JMP 0
1A60  0000        JMP 0
1A61  0000        JMP 0
1A62  0000        JMP 0
1A63  0000        JMP 0
1A64  0000        JMP 0
1A65  0000        JMP 0
1A66  0000        JMP 0
1A67  0000        JMP 0
1A68  0000        JMP 0
1A69  0000        JMP 0
1A6A  0000        JMP 0
1A6B  0000        JMP 0
1A6C  0000        JMP 0
1A6D  0000        JMP 0
1A6E  0000        JMP 0
1A6F  0000        JMP 0
1A70  0000        JMP 0
1A71  0000        JMP 0
1A72  0000        JMP 0
1A73  0000        JMP 0
1A74  0000        JMP 0
1A75  0000        JMP 0
1A76  0000        JMP 0
1A77  0000        JMP 0
1A78  0000        JMP 0
1A79  0000        JMP 0
1A7A  0000        JMP 0
1A7B  0000        JMP 0
1A7C  0000        JMP 0
1A7D  0000        JMP 0
1A7E  0000        JMP 0
1A7F  0000        JMP 0
1A80  0000        JMP 0
1A81  0000        JMP 0
1A82  0000        JMP 0
1A83  0000        JMP 0
1A84  0000        JMP 0
1A85  0000        JMP 0
1A86  0000        JMP 0
1A87  0000        JMP 0
1A88  0000        JMP 0
1A89  0000        JMP 0
1A8A  0000        JMP 0
1A8B  0000        JMP 0
1A8C  0000        JMP 0
1A8D  0000        JMP 0
1A8E  0000        JMP 0
1A8F  0000        JMP 0
1A90  0000        JMP 0
1A91  0000        JMP 0
1A92  0000        JMP 0
1A93  0000        JMP 0
1A94  0000        JMP 0
1A95  0000        JMP 0
1A96  0000        JMP 0
1A97  0000        JMP 0
1A98  0000        JMP 0
1A99  0000        JMP 0
1A9A  0000        JMP 0
1A9B  0000        JMP 0
1A9C  0000        JMP 0
1A9D  0000        JMP 0
1A9E  0000        JMP 0
1A9F  0000        JMP 0
1AA0  0000        JMP 0
1AA1  0000        JMP 0
1AA2  0000        JMP 0
1AA3  0000        JMP 0
1AA4  0000        JMP 0
1AA5  0000        JMP 0
1AA6  0000        JMP 0
1AA7  0000        JMP 0
1AA8  0000        JMP 0
1AA9  0000        JMP 0
1AAA  0000        JMP 0
1AAB  0000        JMP 0
1AAC  0000        JMP 0
1AAD  0000        JMP 0
1AAE  0000        JMP 0
1AAF  0000        JMP 0
1AB0  0000        JMP 0
1AB1  0000        JMP 0
1AB2  0000        JMP 0
1AB3  0000        JMP 0
1AB4  0000        JMP 0
1AB5  0000        JMP 0
1AB6  0000        JMP 0
1AB7  0000        JMP 0
1AB8  0000        JMP 0
1AB9  0000        JMP 0
1ABA  0000        JMP 0
1ABB  0000        JMP 0
1ABC  0000        JMP 0
1ABD  0000        JMP 0
1ABE  0000        JMP 0
1ABF  0000        JMP 0
1AC0  0000        JMP 0
1AC1  0000        JMP 0
1AC2  0000        JMP 0
1AC3  0000        JMP 0
1AC4  0000        JMP 0
1AC5  0000        JMP 0
1AC6  0000        JMP 0
1AC7  0000        JMP 0
1AC8  0000        JMP 0
1AC9  0000        JMP 0
1ACA  0000        JMP 0
1ACB  0000        JMP 0
1ACC  0000        JMP 0
1ACD  0000        JMP 0
1ACE  0000        JMP 0
1ACF  0000        JMP 0
1AD0  0000        JMP 0
1AD1  0000        JMP 0
1AD2  0000        JMP 0
1AD3  0000        JMP 0
1AD4  0000        JMP 0
1AD5  0000        JMP 0
1AD6  0000        JMP 0
1AD7  0000        JMP 0
1AD8  0000        JMP 0
1AD9  0000        JMP 0
1ADA  0000        JMP 0
1ADB  0000        JMP 0
1ADC  0000        JMP 0
1ADD  0000        JMP 0
1ADE  0000        JMP 0
1ADF  0000        JMP 0
1AE0  0000        JMP 0
1AE1  0000        JMP 0
1AE2  0000        JMP 0
1AE3  0000        JMP 0
1AE4  0000        JMP 0
1AE5  0000        JMP 0
1AE6  0000        JMP 0
1AE7  0000        JMP 0
1AE8  0000        JMP 0
1AE9  0000        JMP 0
1AEA  0000        JMP 0
1AEB  0000        JMP 0
1AEC  0000        JMP 0
1AED  0000        JMP 0
1AEE  0000        JMP 0
1AEF  0000        JMP 0
1AF0  0000        JMP 0
1AF1  0000        JMP 0
1AF2  0000        JMP 0
1AF3  0000        JMP 0
1AF4  0000        JMP 0
1AF5  0000        JMP 0
1AF6  0000        JMP 0
1AF7  0000        JMP 0
1AF8  0000        JMP 0
1AF9  0000        JMP 0
1AFA  0000        JMP 0
1AFB  0000        JMP 0
1AFC  0000        JMP 0
1AFD  0000        JMP 0
1AFE  0000        JMP 0
1AFF  0000        JMP 0
1B00  0000        JMP 0
1B01  0000        JMP 0
1B02  0000        JMP 0
1B03  0000        JMP 0
1B04  0000        JMP 0
1B05  0000        JMP 0
1B06  0000        JMP 0
1B07  0000        JMP 0
1B08  0000        JMP 0
1B09  0000        JMP 0
1B0A  0000        JMP 0
1B0B  0000        JMP 0
1B0C  0000        JMP 0
1B0D  0000        JMP 0
1B0E  0000        JMP 0
1B0F  0000        JMP 0
1B10  0000        JMP 0
1B11  0000        JMP 0
1B12  0000        JMP 0
1B13  0000        JMP 0
1B14  0000        JMP 0
1B15  0000        JMP 0
1B16  0000        JMP 0
1B17  0000        JMP 0
1B18  0000        JMP 0
1B19  0000        JMP 0
1B1A  0000        JMP 0
1B1B  0000        JMP 0
1B1C  0000        JMP 0
1B1D  0000        JMP 0
1B1E  0000        JMP 0
1B1F  0000        JMP 0
1B20  0000        JMP 0
1B21  0000        JMP 0
1B22  0000        JMP 0
1B23  0000        JMP 0
1B24  0000        JMP 0
1B25  0000        JMP 0
1B26  0000        JMP 0
1B27  0000        JMP 0
1B28  0000        JMP 0
1B29  0000        JMP 0
1B2A  0000        JMP 0
1B2B  0000        JMP 0
1B2C  0000        JMP 0
1B2D  0000        JMP 0
1B2E  0000        JMP 0
1B2F  0000        JMP 0
1B30  0000        JMP 0
1B31  0000        JMP 0
1B32  0000        JMP 0
1B33  0000        JMP 0
1B34  0000        JMP 0
1B35  0000        JMP 0
1B36  0000        JMP 0
1B37  0000        JMP 0
1B38  0000        JMP 0
1B39  0000        JMP 0
1B3A  0000        JMP 0
1B3B  0000        JMP 0
1B3C  0000        JMP 0
1B3D  0000        JMP 0
1B3E  0000        JMP 0
1B3F  0000        JMP 0
1B40  0000        JMP 0
1B41  0000        JMP 0
1B42  0000        JMP 0
1B43  0000        JMP 0
1B44  0000        JMP 0
1B45  0000        JMP 0
1B46  0000        JMP 0
1B47  0000        JMP 0
1B48  0000        JMP 0
1B49  0000        JMP 0
1B4A  0000        JMP 0
1B4B  0000        JMP 0
1B4C  0000        JMP 0
1B4D  0000        JMP 0
1B4E  0000        JMP 0
1B4F  0000        JMP 0
1B50  0000        JMP 0
1B51  0000        JMP 0
1B52  0000        JMP 0
1B53  0000        JMP 0
1B54  0000        JMP 0
1B55  0000        JMP 0
1B56  0000        JMP 0
1B57  0000        JMP 0
1B58  0000        JMP 0
1B59  0000        JMP 0
1B5A  0000        JMP 0
1B5B  0000        JMP 0
1B5C  0000        JMP 0
1B5D  0000        JMP 0
1B5E  0000        JMP 0
1B5F  0000        JMP 0
1B60  0000        JMP 0
1B61  0000        JMP 0
1B62  0000        JMP 0
1B63  0000        JMP 0
1B64  0000        JMP 0
1B65  0000        JMP 0
1B66  0000        JMP 0
1B67  0000        JMP 0
1B68  0000        JMP 0
1B69  0000        JMP 0
1B6A  0000        JMP 0
1B6B  0000        JMP 0
1B6C  0000        JMP 0
1B6D  0000        JMP 0
1B6E  0000        JMP 0
1B6F  0000        JMP 0
1B70  0000        JMP 0
1B71  0000        JMP 0
1B72  0000        JMP 0
1B73  0000        JMP 0
1B74  0000        JMP 0
1B75  0000        JMP 0
1B76  0000        JMP 0
1B77  0000        JMP 0
1B78  0000        JMP 0
1B79  0000        JMP 0
1B7A  0000        JMP 0
1B7B  0000        JMP 0
1B7C  0000        JMP 0
1B7D  0000        JMP 0
1B7E  0000        JMP 0
1B7F  0000        JMP 0
1B80  0000        JMP 0
1B81  0000        JMP 0
1B82  0000        JMP 0
1B83  0000        JMP 0
1B84  0000        JMP 0
1B85  0000        JMP 0
1B86  0000        JMP 0
1B87  0000        JMP 0
1B88  0000        JMP 0
1B89  0000        JMP 0
1B8A  0000        JMP 0
1B8B  0000        JMP 0
1B8C  0000        JMP 0
1B8D  0000        JMP 0
1B8E  0000        JMP 0
1B8F  0000        JMP 0
1B90  0000        JMP 0
1B91  0000        JMP 0
1B92  0000        JMP 0
1B93  0000        JMP 0
1B94  0000        JMP 0
1B95  0000        JMP 0
1B96  0000        JMP 0
1B97  0000        JMP 0
1B98  0000        JMP 0
1B99  0000        JMP 0
1B9A  0000        JMP 0
1B9B  0000        JMP 0
1B9C  0000        JMP 0
1B9D  0000        JMP 0
1B9E  0000        JMP 0
1B9F  0000        JMP 0
1BA0  0000        JMP 0
1BA1  0000        JMP 0
1BA2  0000        JMP 0
1BA3  0000        JMP 0
1BA4  0000        JMP 0
1BA5  0000        JMP 0
1BA6  0000        JMP 0
1BA7  0000        JMP 0
1BA8  0000        JMP 0
1BA9  0000        JMP 0
1BAA  0000        JMP 0
1BAB  0000        JMP 0
1BAC  0000        JMP 0
1BAD  0000        JMP 0
1BAE  0000        JMP 0
1BAF  0000        JMP 0
1BB0  0000        JMP 0
1BB1  0000        JMP 0
1BB2  0000        JMP 0
1BB3  0000        JMP 0
1BB4  0000        JMP 0
1BB5  0000        JMP 0
1BB6  0000        JMP 0
1BB7  0000        JMP 0
1BB8  0000        JMP 0
1BB9  0000        JMP 0
1BBA  0000        JMP 0
1BBB  0000        JMP 0
1BBC  0000        JMP 0
1BBD  0000        JMP 0
1BBE  0000        JMP 0
1BBF  0000        JMP 0
1BC0  0000        JMP 0
1BC1  0000        JMP 0
1BC2  0000        JMP 0
1BC3  0000        JMP 0
1BC4  0000        JMP 0
1BC5  0000        JMP 0
1BC6  0000        JMP 0
1BC7  0000        JMP 0
1BC8  0000        JMP 0
1BC9  0000        JMP 0
1BCA  0000        JMP 0
1BCB  0000        JMP 0
1BCC  0000        JMP 0
1BCD  0000        JMP 0
1BCE  0000        JMP 0
1BCF  0000        JMP 0
1BD0  0000        JMP 0
1BD1  0000        JMP 0
1BD2  0000        JMP 0
1BD3  0000        JMP 0
1BD4  0000        JMP 0
1BD5  0000        JMP 0
1BD6  0000        JMP 0
1BD7  0000        JMP 0
1BD8  0000        JMP 0
1BD9  0000        JMP 0
1BDA  0000        JMP 0
1BDB  0000        JMP 0
1BDC  0000        JMP 0
1BDD  0000        JMP 0
1BDE  0000        JMP 0
1BDF  0000        JMP 0
1BE0  0000        JMP 0
1BE1  0000        JMP 0
1BE2  0000        JMP 0
1BE3  0000        JMP 0
1BE4  0000        JMP 0
1BE5  0000        JMP 0
1BE6  0000        JMP 0
1BE7  0000        JMP 0
1BE8  0000        JMP 0
1BE9  0000        JMP 0
1BEA  0000        JMP 0
1BEB  0000        JMP 0
1BEC  0000        JMP 0
1BED  0000        JMP 0
1BEE  0000        JMP 0
1BEF  0000        JMP 0
1BF0  0000        JMP 0
1BF1  0000        JMP 0
1BF2  0000        JMP 0
1BF3  0000        JMP 0
1BF4  0000        JMP 0
1BF5  0000        JMP 0
1BF6  0000        JMP 0
1BF7  0000        JMP 0
1BF8  0000        JMP 0
1BF9  0000        JMP 0
1BFA  0000        JMP 0
1BFB  0000        JMP 0
1BFC  0000        JMP 0
1BFD  0000        JMP 0
1BFE  0000        JMP 0
1BFF  0000        JMP 0
1C00  0000        JMP 0
1C01  0000        JMP 0
1C02  0000        JMP 0
1C03  0000        JMP 0
1C04  0000        JMP 0
1C05  0000        JMP 0
1C06  0000        JMP 0
1C07  0000        JMP 0
1C08  0000        JMP 0
1C09  0000        JMP 0
1C0A  0000        JMP 0
1C0B  0000        JMP 0
1C0C  0000        JMP 0
1C0D  0000        JMP 0
1C0E  0000        JMP 0
1C0F  0000        JMP 0
1C10  0000        JMP 0
1C11  0000        JMP 0
1C12  0000        JMP 0
1C13  0000        JMP 0
1C14  0000        JMP 0
1C15  0000        JMP 0
1C16  0000        JMP 0
1C17  0000        JMP 0
1C18  0000        JMP 0
1C19  0000        JMP 0
1C1A  0000        JMP 0
1C1B  0000        JMP 0
1C1C  0000        JMP 0
1C1D  0000        JMP 0
1C1E  0000        JMP 0
1C1F  0000        JMP 0
1C20  0000        JMP 0
1C21  0000        JMP 0
1C22  0000        JMP 0
1C23  0000        JMP 0
1C24  0000        JMP 0
1C25  0000        JMP 0
1C26  0000        JMP 0
1C27  0000        JMP 0
1C28  0000        JMP 0
1C29  0000        JMP 0
1C2A  0000        JMP 0
1C2B  0000        JMP 0
1C2C  0000        JMP 0
1C2D  0000        JMP 0
1C2E  0000        JMP 0
1C2F  0000        JMP 0
1C30  0000        JMP 0
1C31  0000        JMP 0
1C32  0000        JMP 0
1C33  0000        JMP 0
1C34  0000        JMP 0
1C35  0000        JMP 0
1C36  0000        JMP 0
1C37  0000        JMP 0
1C38  0000        JMP 0
1C39  0000        JMP 0
1C3A  0000        JMP 0
1C3B  0000        JMP 0
1C3C  0000        JMP 0
1C3D  0000        JMP 0
1C3E  0000        JMP 0
1C3F  0000        JMP 0
1C40  0000        JMP 0
1C41  0000        JMP 0
1C42  0000        JMP 0
1C43  0000        JMP 0
1C44  0000        JMP 0
1C45  0000        JMP 0
1C46  0000        JMP 0
1C47  0000        JMP 0
1C48  0000        JMP 0
1C49  0000        JMP 0
1C4A  0000        JMP 0
1C4B  0000        JMP 0
1C4C  0000        JMP 0
1C4D  0000        JMP 0
1C4E  0000        JMP 0
1C4F  0000        JMP 0
1C50  0000        JMP 0
1C51  0000        JMP 0
1C52  0000        JMP 0
1C53  0000        JMP 0
1C54  0000        JMP 0
1C55  0000        JMP 0
1C56  0000        JMP 0
1C57  0000        JMP 0
1C58  0000        JMP 0
1C59  0000        JMP 0
1C5A  0000        JMP 0
1C5B  0000        JMP 0
1C5C  0000        JMP 0
1C5D  0000        JMP 0
1C5E  0000        JMP 0
1C5F  0000        JMP 0
1C60  0000        JMP 0
1C61  0000        JMP 0
1C62  0000        JMP 0
1C63  0000        JMP 0
1C64  0000        JMP 0
1C65  0000        JMP 0
1C66  0000        JMP 0
1C67  0000        JMP 0
1C68  0000        JMP 0
1C69  0000        JMP 0
1C6A  0000        JMP 0
1C6B  0000        JMP 0
1C6C  0000        JMP 0
1C6D  0000        JMP 0
1C6E  0000        JMP 0
1C6F  0000        JMP 0
1C70  0000        JMP 0
1C71  0000        JMP 0
1C72  0000        JMP 0
1C73  0000        JMP 0
1C74  0000        JMP 0
1C75  0000        JMP 0
1C76  0000        JMP 0
1C77  0000        JMP 0
1C78  0000        JMP 0
1C79  0000        JMP 0
1C7A  0000        JMP 0
1C7B  0000        JMP 0
1C7C  0000        JMP 0
1C7D  0000        JMP 0
1C7E  0000        JMP 0
1C7F  0000        JMP 0
1C80  0000        JMP 0
1C81  0000        JMP 0
1C82  0000        JMP 0
1C83  0000        JMP 0
1C84  0000        JMP 0
1C85  0000        JMP 0
1C86  0000        JMP 0
1C87  0000        JMP 0
1C88  0000        JMP 0
1C89  0000        JMP 0
1C8A  0000        JMP 0
1C8B  0000        JMP 0
1C8C  0000        JMP 0
1C8D  0000        JMP 0
1C8E  0000        JMP 0
1C8F  0000        JMP 0
1C90  0000        JMP 0
1C91  0000        JMP 0
1C92  0000        JMP 0
1C93  0000        JMP 0
1C94  0000        JMP 0
1C95  0000        JMP 0
1C96  0000        JMP 0
1C97  0000        JMP 0
1C98  0000        JMP 0
1C99  0000        JMP 0
1C9A  0000        JMP 0
1C9B  0000        JMP 0
1C9C  0000        JMP 0
1C9D  0000        JMP 0
1C9E  0000        JMP 0
1C9F  0000        JMP 0
1CA0  0000        JMP 0
1CA1  0000        JMP 0
1CA2  0000        JMP 0
1CA3  0000        JMP 0
1CA4  0000        JMP 0
1CA5  0000        JMP 0
1CA6  0000        JMP 0
1CA7  0000        JMP 0
1CA8  0000        JMP 0
1CA9  0000        JMP 0
1CAA  0000        JMP 0
1CAB  0000        JMP 0
1CAC  0000        JMP 0
1CAD  0000        JMP 0
1CAE  0000        JMP 0
1CAF  0000        JMP 0
1CB0  0000        JMP 0
1CB1  0000        JMP 0
1CB2  0000        JMP 0
1CB3  0000        JMP 0
1CB4  0000        JMP 0
1CB5  0000        JMP 0
1CB6  0000        JMP 0
1CB7  0000        JMP 0
1CB8  0000        JMP 0
1CB9  0000        JMP 0
1CBA  0000        JMP 0
1CBB  0000        JMP 0
1CBC  0000        JMP 0
1CBD  0000        JMP 0
1CBE  0000        JMP 0
1CBF  0000        JMP 0
1CC0  0000        JMP 0
1CC1  0000        JMP 0
1CC2  0000        JMP 0
1CC3  0000        JMP 0
1CC4  0000        JMP 0
1CC5  0000        JMP 0
1CC6  0000        JMP 0
1CC7  0000        JMP 0
1CC8  0000        JMP 0
1CC9  0000        JMP 0
1CCA  0000        JMP 0
1CCB  0000        JMP 0
1CCC  0000        JMP 0
1CCD  0000        JMP 0
1CCE  0000        JMP 0
1CCF  0000        JMP 0
1CD0  0000        JMP 0
1CD1  0000        JMP 0
1CD2  0000        JMP 0
1CD3  0000        JMP 0
1CD4  0000        JMP 0
1CD5  0000        JMP 0
1CD6  0000        JMP 0
1CD7  0000        JMP 0
1CD8  0000        JMP 0
1CD9  0000        JMP 0
1CDA  0000        JMP 0
1CDB  0000        JMP 0
1CDC  0000        JMP 0
1CDD  0000        JMP 0
1CDE  0000        JMP 0
1CDF  0000        JMP 0
1CE0  0000        JMP 0
1CE1  0000        JMP 0
1CE2  0000        JMP 0
1CE3  0000        JMP 0
1CE4  0000        JMP 0
1CE5  0000        JMP 0
1CE6  0000        JMP 0
1CE7  0000        JMP 0
1CE8  0000        JMP 0
1CE9  0000        JMP 0
1CEA  0000        JMP 0
1CEB  0000        JMP 0
1CEC  0000        JMP 0
1CED  0000        JMP 0
1CEE  0000        JMP 0
1CEF  0000        JMP 0
1CF0  0000        JMP 0
1CF1  0000        JMP 0
1CF2  0000        JMP 0
1CF3  0000        JMP 0
1CF4  0000        JMP 0
1CF5  0000        JMP 0
1CF6  0000        JMP 0
1CF7  0000        JMP 0
1CF8  0000        JMP 0
1CF9  0000        JMP 0
1CFA  0000        JMP 0
1CFB  0000        JMP 0
1CFC  0000        JMP 0
1CFD  0000        JMP 0
1CFE  0000        JMP 0
1CFF  0000        JMP 0
1D00  0000        JMP 0
1D01  0000        JMP 0
1D02  0000        JMP 0
1D03  0000        JMP 0
1D04  0000        JMP 0
1D05  0000        JMP 0
1D06  0000        JMP 0
1D07  0000        JMP 0
1D08  0000        JMP 0
1D09  0000        JMP 0
1D0A  0000        JMP 0
1D0B  0000        JMP 0
1D0C  0000        JMP 0
1D0D  0000        JMP 0
1D0E  0000        JMP 0
1D0F  0000        JMP 0
1D10  0000        JMP 0
1D11  0000        JMP 0
1D12  0000        JMP 0
1D13  0000        JMP 0
1D14  0000        JMP 0
1D15  0000        JMP 0
1D16  0000        JMP 0
1D17  0000        JMP 0
1D18  0000        JMP 0
1D19  0000        JMP 0
1D1A  0000        JMP 0
1D1B  0000        JMP 0
1D1C  0000        JMP 0
1D1D  0000        JMP 0
1D1E  0000        JMP 0
1D1F  0000        JMP 0
1D20  0000        JMP 0
1D21  0000        JMP 0
1D22  0000        JMP 0
1D23  0000        JMP 0
1D24  0000        JMP 0
1D25  0000        JMP 0
1D26  0000        JMP 0
1D27  0000        JMP 0
1D28  0000        JMP 0
1D29  0000        JMP 0
1D2A  0000        JMP 0
1D2B  0000        JMP 0
1D2C  0000        JMP 0
1D2D  0000        JMP 0
1D2E  0000        JMP 0
1D2F  0000        JMP 0
1D30  0000        JMP 0
1D31  0000        JMP 0
1D32  0000        JMP 0
1D33  0000        JMP 0
1D34  0000        JMP 0
1D35  0000        JMP 0
1D36  0000        JMP 0
1D37  0000        JMP 0
1D38  0000        JMP 0
1D39  0000        JMP 0
1D3A  0000        JMP 0
1D3B  0000        JMP 0
1D3C  0000        JMP 0
1D3D  0000        JMP 0
1D3E  0000        JMP 0
1D3F  0000        JMP 0
1D40  0000        JMP 0
1D41  0000        JMP 0
1D42  0000        JMP 0
1D43  0000        JMP 0
1D44  0000        JMP 0
1D45  0000        JMP 0
1D46  0000        JMP 0
1D47  0000        JMP 0
1D48  0000        JMP 0
1D49  0000        JMP 0
1D4A  0000        JMP 0
1D4B  0000        JMP 0
1D4C  0000        JMP 0
1D4D  0000        JMP 0
1D4E  0000        JMP 0
1D4F  0000        JMP 0
1D50  0000        JMP 0
1D51  0000        JMP 0
1D52  0000        JMP 0
1D53  0000        JMP 0
1D54  0000        JMP 0
1D55  0000        JMP 0
1D56  0000        JMP 0
1D57  0000        JMP 0
1D58  0000        JMP 0
1D59  0000        JMP 0
1D5A  0000        JMP 0
1D5B  0000        JMP 0
1D5C  0000        JMP 0
1D5D  0000        JMP 0
1D5E  0000        JMP 0
1D5F  0000        JMP 0
1D60  0000        JMP 0
1D61  0000        JMP 0
1D62  0000        JMP 0
1D63  0000        JMP 0
1D64  0000        JMP 0
1D65  0000        JMP 0
1D66  0000        JMP 0
1D67  0000        JMP 0
1D68  0000        JMP 0
1D69  0000        JMP 0
1D6A  0000        JMP 0
1D6B  0000        JMP 0
1D6C  0000        JMP 0
1D6D  0000        JMP 0
1D6E  0000        JMP 0
1D6F  0000        JMP 0
1D70  0000        JMP 0
1D71  0000        JMP 0
1D72  0000        JMP 0
1D73  0000        JMP 0
1D74  0000        JMP 0
1D75  0000        JMP 0
1D76  0000        JMP 0
1D77  0000        JMP 0
1D78  0000        JMP 0
1D79  0000        JMP 0
1D7A  0000        JMP 0
1D7B  0000        JMP 0
1D7C  0000        JMP 0
1D7D  0000        JMP 0
1D7E  0000        JMP 0
1D7F  0000        JMP 0
1D80  0000        JMP 0
1D81  0000        JMP 0
1D82  0000        JMP 0
1D83  0000        JMP 0
1D84  0000        JMP 0
1D85  0000        JMP 0
1D86  0000        JMP 0
1D87  0000        JMP 0
1D88  0000        JMP 0
1D89  0000        JMP 0
1D8A  0000        JMP 0
1D8B  0000        JMP 0
1D8C  0000        JMP 0
1D8D  0000        JMP 0
1D8E  0000        JMP 0
1D8F  0000        JMP 0
1D90  0000        JMP 0
1D91  0000        JMP 0
1D92  0000        JMP 0
1D93  0000        JMP 0
1D94  0000        JMP 0
1D95  0000        JMP 0
1D96  0000        JMP 0
1D97  0000        JMP 0
1D98  0000        JMP 0
1D99  0000        JMP 0
1D9A  0000        JMP 0
1D9B  0000        JMP 0
1D9C  0000        JMP 0
1D9D  0000        JMP 0
1D9E  0000        JMP 0
1D9F  0000        JMP 0
1DA0  0000        JMP 0
1DA1  0000        JMP 0
1DA2  0000        JMP 0
1DA3  0000        JMP 0
1DA4  0000        JMP 0
1DA5  0000        JMP 0
1DA6  0000        JMP 0
1DA7  0000        JMP 0
1DA8  0000        JMP 0
1DA9  0000        JMP 0
1DAA  0000        JMP 0
1DAB  0000        JMP 0
1DAC  0000        JMP 0
1DAD  0000        JMP 0
1DAE  0000        JMP 0
1DAF  0000        JMP 0
1DB0  0000        JMP 0
1DB1  0000        JMP 0
1DB2  0000        JMP 0
1DB3  0000        JMP 0
1DB4  0000        JMP 0
1DB5  0000        JMP 0
1DB6  0000        JMP 0
1DB7  0000        JMP 0
1DB8  0000        JMP 0
1DB9  0000        JMP 0
1DBA  0000        JMP 0
1DBB  0000        JMP 0
1DBC  0000        JMP 0
1DBD  0000        JMP 0
1DBE  0000        JMP 0
1DBF  0000        JMP 0
1DC0  0000        JMP 0
1DC1  0000        JMP 0
1DC2  0000        JMP 0
1DC3  0000        JMP 0
1DC4  0000        JMP 0
1DC5  0000        JMP 0
1DC6  0000        JMP 0
1DC7  0000        JMP 0
1DC8  0000        JMP 0
1DC9  0000        JMP 0
1DCA  0000        JMP 0
1DCB  0000        JMP 0
1DCC  0000        JMP 0
1DCD  0000        JMP 0
1DCE  0000        JMP 0
1DCF  0000        JMP 0
1DD0  0000        JMP 0
1DD1  0000        JMP 0
1DD2  0000        JMP 0
1DD3  0000        JMP 0
1DD4  0000        JMP 0
1DD5  0000        JMP 0
1DD6  0000        JMP 0
1DD7  0000        JMP 0
1DD8  0000        JMP 0
1DD9  0000        JMP 0
1DDA  0000        JMP 0
1DDB  0000        JMP 0
1DDC  0000        JMP 0
1DDD  0000        JMP 0
1DDE  0000        JMP 0
1DDF  0000        JMP 0
1DE0  0000        JMP 0
1DE1  0000        JMP 0
1DE2  0000        JMP 0
1DE3  0000        JMP 0
1DE4  0000        JMP 0
1DE5  0000        JMP 0
1DE6  0000        JMP 0
1DE7  0000        JMP 0
1DE8  0000        JMP 0
1DE9  0000        JMP 0
1DEA  0000        JMP 0
1DEB  0000        JMP 0
1DEC  0000        JMP 0
1DED  0000        JMP 0
1DEE  0000        JMP 0
1DEF  0000        JMP 0
1DF0  0000        JMP 0
1DF1  0000        JMP 0
1DF2  0000        JMP 0
1DF3  0000        JMP 0
1DF4  0000        JMP 0
1DF5  0000        JMP 0
1DF6  0000        JMP 0
1DF7  0000        JMP 0
1DF8  0000        JMP 0
1DF9  0000        JMP 0
1DFA  0000        JMP 0
1DFB  0000        JMP 0
1DFC  0000        JMP 0
1DFD  0000        JMP 0
1DFE  0000        JMP 0
1DFF  0000        JMP 0
1E00  0000        JMP 0
1E01  0000        JMP 0
1E02  0000        JMP 0
1E03  0000        JMP 0
1E04  0000        JMP 0
1E05  0000        JMP 0
1E06  0000        JMP 0
1E07  0000        JMP 0
1E08  0000        JMP 0
1E09  0000        JMP 0
1E0A  0000        JMP 0
1E0B  0000        JMP 0
1E0C  0000        JMP 0
1E0D  0000        JMP 0
1E0E  0000        JMP 0
1E0F  0000        JMP 0
1E10  0000        JMP 0
1E11  0000        JMP 0
1E12  0000        JMP 0
1E13  0000        JMP 0
1E14  0000        JMP 0
1E15  0000        JMP 0
1E16  0000        JMP 0
1E17  0000        JMP 0
1E18  0000        JMP 0
1E19  0000        JMP 0
1E1A  0000        JMP 0
1E1B  0000        JMP 0
1E1C  0000        JMP 0
1E1D  0000        JMP 0
1E1E  0000        JMP 0
1E1F  0000        JMP 0
1E20  0000        JMP 0
1E21  0000        JMP 0
1E22  0000        JMP 0
1E23  0000        JMP 0
1E24  0000        JMP 0
1E25  0000        JMP 0
1E26  0000        JMP 0
1E27  0000        JMP 0
1E28  0000        JMP 0
1E29  0000        JMP 0
1E2A  0000        JMP 0
1E2B  0000        JMP 0
1E2C  0000        JMP 0
1E2D  0000        JMP 0
1E2E  0000        JMP 0
1E2F  0000        JMP 0
1E30  0000        JMP 0
1E31  0000        JMP 0
1E32  0000        JMP 0
1E33  0000        JMP 0
1E34  0000        JMP 0
1E35  0000        JMP 0
1E36  0000        JMP 0
1E37  0000        JMP 0
1E38  0000        JMP 0
1E39  0000        JMP 0
1E3A  0000        JMP 0
1E3B  0000        JMP 0
1E3C  0000        JMP 0
1E3D  0000        JMP 0
1E3E  0000        JMP 0
1E3F  0000        JMP 0
1E40  0000        JMP 0
1E41  0000        JMP 0
1E42  0000        JMP 0
1E43  0000        JMP 0
1E44  0000        JMP 0
1E45  0000        JMP 0
1E46  0000        JMP 0
1E47  0000        JMP 0
1E48  0000        JMP 0
1E49  0000        JMP 0
1E4A  0000        JMP 0
1E4B  0000        JMP 0
1E4C  0000        JMP 0
1E4D  0000        JMP 0
1E4E  0000        JMP 0
1E4F  0000        JMP 0
1E50  0000        JMP 0
1E51  0000        JMP 0
1E52  0000        JMP 0
1E53  0000        JMP 0
1E54  0000        JMP 0
1E55  0000        JMP 0
1E56  0000        JMP 0
1E57  0000        JMP 0
1E58  0000        JMP 0
1E59  0000        JMP 0
1E5A  0000        JMP 0
1E5B  0000        JMP 0
1E5C  0000        JMP 0
1E5D  0000        JMP 0
1E5E  0000        JMP 0
1E5F  0000        JMP 0
1E60  0000        JMP 0
1E61  0000        JMP 0
1E62  0000        JMP 0
1E63  0000        JMP 0
1E64  0000        JMP 0
1E65  0000        JMP 0
1E66  0000        JMP 0
1E67  0000        JMP 0
1E68  0000        JMP 0
1E69  0000        JMP 0
1E6A  0000        JMP 0
1E6B  0000        JMP 0
1E6C  0000        JMP 0
1E6D  0000        JMP 0
1E6E  0000        JMP 0
1E6F  0000        JMP 0
1E70  0000        JMP 0
1E71  0000        JMP 0
1E72  0000        JMP 0
1E73  0000        JMP 0
1E74  0000        JMP 0
1E75  0000        JMP 0
1E76  0000        JMP 0
1E77  0000        JMP 0
1E78  0000        JMP 0
1E79  0000        JMP 0
1E7A  0000        JMP 0
1E7B  0000        JMP 0
1E7C  0000        JMP 0
1E7D  0000        JMP 0
1E7E  0000        JMP 0
1E7F  0000        JMP 0
1E80  0000        JMP 0
1E81  0000        JMP 0
1E82  0000        JMP 0
1E83  0000        JMP 0
1E84  0000        JMP 0
1E85  0000        JMP 0
1E86  0000        JMP 0
1E87  0000        JMP 0
1E88  0000        JMP 0
1E89  0000        JMP 0
1E8A  0000        JMP 0
1E8B  0000        JMP 0
1E8C  0000        JMP 0
1E8D  0000        JMP 0
1E8E  0000        JMP 0
1E8F  0000        JMP 0
1E90  0000        JMP 0
1E91  0000        JMP 0
1E92  0000        JMP 0
1E93  0000        JMP 0
1E94  0000        JMP 0
1E95  0000        JMP 0
1E96  0000        JMP 0
1E97  0000        JMP 0
1E98  0000        JMP 0
1E99  0000        JMP 0
1E9A  0000        JMP 0
1E9B  0000        JMP 0
1E9C  0000        JMP 0
1E9D  0000        JMP 0
1E9E  0000        JMP 0
1E9F  0000        JMP 0
1EA0  0000        JMP 0
1EA1  0000        JMP 0
1EA2  0000        JMP 0
1EA3  0000        JMP 0
1EA4  0000        JMP 0
1EA5  0000        JMP 0
1EA6  0000        JMP 0
1EA7  0000        JMP 0
1EA8  0000        JMP 0
1EA9  0000        JMP 0
1EAA  0000        JMP 0
1EAB  0000        JMP 0
1EAC  0000        JMP 0
1EAD  0000        JMP 0
1EAE  0000        JMP 0
1EAF  0000        JMP 0
1EB0  0000        JMP 0
1EB1  0000        JMP 0
1EB2  0000        JMP 0
1EB3  0000        JMP 0
1EB4  0000        JMP 0
1EB5  0000        JMP 0
1EB6  0000        JMP 0
1EB7  0000        JMP 0
1EB8  0000        JMP 0
1EB9  0000        JMP 0
1EBA  0000        JMP 0
1EBB  0000        JMP 0
1EBC  0000        JMP 0
1EBD  0000        JMP 0
1EBE  0000        JMP 0
1EBF  0000        JMP 0
1EC0  0000        JMP 0
1EC1  0000        JMP 0
1EC2  0000        JMP 0
1EC3  0000        JMP 0
1EC4  0000        JMP 0
1EC5  0000        JMP 0
1EC6  0000        JMP 0
1EC7  0000        JMP 0
1EC8  0000        JMP 0
1EC9  0000        JMP 0
1ECA  0000        JMP 0
1ECB  0000        JMP 0
1ECC  0000        JMP 0
1ECD  0000        JMP 0
1ECE  0000        JMP 0
1ECF  0000        JMP 0
1ED0  0000        JMP 0
1ED1  0000        JMP 0
1ED2  0000        JMP 0
1ED3  0000        JMP 0
1ED4  0000        JMP 0
1ED5  0000        JMP 0
1ED6  0000        JMP 0
1ED7  0000        JMP 0
1ED8  0000        JMP 0
1ED9  0000        JMP 0
1EDA  0000        JMP 0
1EDB  0000        JMP 0
1EDC  0000        JMP 0
1EDD  0000        JMP 0
1EDE  0000        JMP 0
1EDF  0000        JMP 0
1EE0  0000        JMP 0
1EE1  0000        JMP 0
1EE2  0000        JMP 0
1EE3  0000        JMP 0
1EE4  0000        JMP 0
1EE5  0000        JMP 0
1EE6  0000        JMP 0
1EE7  0000        JMP 0
1EE8  0000        JMP 0
1EE9  0000        JMP 0
1EEA  0000        JMP 0
1EEB  0000        JMP 0
1EEC  0000        JMP 0
1EED  0000        JMP 0
1EEE  0000        JMP 0
1EEF  0000        JMP 0
1EF0  0000        JMP 0
1EF1  0000        JMP 0
1EF2  0000        JMP 0
1EF3  0000        JMP 0
1EF4  0000        JMP 0
1EF5  0000        JMP 0
1EF6  0000        JMP 0
1EF7  0000        JMP 0
1EF8  0000        JMP 0
1EF9  0000        JMP 0
1EFA  0000        JMP 0
1EFB  0000        JMP 0
1EFC  0000        JMP 0
1EFD  0000        JMP 0
1EFE  0000        JMP 0
1EFF  0000        JMP 0
1F00  0000        JMP 0
1F01  0000        JMP 0
1F02  0000        JMP 0
1F03  0000        JMP 0
1F04  0000        JMP 0
1F05  0000        JMP 0
1F06  0000        JMP 0
1F07  0000        JMP 0
1F08  0000        JMP 0
1F09  0000        JMP 0
1F0A  0000        JMP 0
1F0B  0000        JMP 0
1F0C  0000        JMP 0
1F0D  0000        JMP 0
1F0E  0000        JMP 0
1F0F  0000        JMP 0
1F10  0000        JMP 0
1F11  0000        JMP 0
1F12  0000        JMP 0
1F13  0000        JMP 0
1F14  0000        JMP 0
1F15  0000        JMP 0
1F16  0000        JMP 0
1F17  0000        JMP 0
1F18  0000        JMP 0
1F19  0000        JMP 0
1F1A  0000        JMP 0
1F1B  0000        JMP 0
1F1C  0000        JMP 0
1F1D  0000        JMP 0
1F1E  0000        JMP 0
1F1F  0000        JMP 0
1F20  0000        JMP 0
1F21  0000        JMP 0
1F22  0000        JMP 0
1F23  0000        JMP 0
1F24  0000        JMP 0
1F25  0000        JMP 0
1F26  0000        JMP 0
1F27  0000        JMP 0
1F28  0000        JMP 0
1F29  0000        JMP 0
1F2A  0000        JMP 0
1F2B  0000        JMP 0
1F2C  0000        JMP 0
1F2D  0000        JMP 0
1F2E  0000        JMP 0
1F2F  0000        JMP 0
1F30  0000        JMP 0
1F31  0000        JMP 0
1F32  0000        JMP 0
1F33  0000        JMP 0
1F34  0000        JMP 0
1F35  0000        JMP 0
1F36  0000        JMP 0
1F37  0000        JMP 0
1F38  0000        JMP 0
1F39  0000        JMP 0
1F3A  0000        JMP 0
1F3B  0000        JMP 0
1F3C  0000        JMP 0
1F3D  0000        JMP 0
1F3E  0000        JMP 0
1F3F  0000        JMP 0
1F40  0000        JMP 0
1F41  0000        JMP 0
1F42  0000        JMP 0
1F43  0000        JMP 0
1F44  0000        JMP 0
1F45  0000        JMP 0
1F46  0000        JMP 0
1F47  0000        JMP 0
1F48  0000        JMP 0
1F49  0000        JMP 0
1F4A  0000        JMP 0
1F4B  0000        JMP 0
1F4C  0000        JMP 0
1F4D  0000        JMP 0
1F4E  0000        JMP 0
1F4F  0000        JMP 0
1F50  0000        JMP 0
1F51  0000        JMP 0
1F52  0000        JMP 0
1F53  0000        JMP 0
1F54  0000        JMP 0
1F55  0000        JMP 0
1F56  0000        JMP 0
1F57  0000        JMP 0
1F58  0000        JMP 0
1F59  0000        JMP 0
1F5A  0000        JMP 0
1F5B  0000        JMP 0
1F5C  0000        JMP 0
1F5D  0000        JMP 0
1F5E  0000        JMP 0
1F5F  0000        JMP 0
1F60  0000        JMP 0
1F61  0000        JMP 0
1F62  0000        JMP 0
1F63  0000        JMP 0
1F64  0000        JMP 0
1F65  0000        JMP 0
1F66  0000        JMP 0
1F67  0000        JMP 0
1F68  0000        JMP 0
1F69  0000        JMP 0
1F6A  0000        JMP 0
1F6B  0000        JMP 0
1F6C  0000        JMP 0
1F6D  0000        JMP 0
1F6E  0000        JMP 0
1F6F  0000        JMP 0
1F70  0000        JMP 0
1F71  0000        JMP 0
1F72  0000        JMP 0
1F73  0000        JMP 0
1F74  0000        JMP 0
1F75  0000        JMP 0
1F76  0000        JMP 0
1F77  0000        JMP 0
1F78  0000        JMP 0
1F79  0000        JMP 0
1F7A  0000        JMP 0
1F7B  0000        JMP 0
1F7C  0000        JMP 0
1F7D  0000        JMP 0
1F7E  0000        JMP 0
1F7F  0000        JMP 0
1F80  0000        JMP 0
1F81  0000        JMP 0
1F82  0000        JMP 0
1F83  0000        JMP 0
1F84  0000        JMP 0
1F85  0000        JMP 0
1F86  0000        JMP 0
1F87  0000        JMP 0
1F88  0000        JMP 0
1F89  0000        JMP 0
1F8A  0000        JMP 0
1F8B  0000        JMP 0
1F8C  0000        JMP 0
1F8D  0000        JMP 0
1F8E  0000        JMP 0
1F8F  0000        JMP 0
1F90  0000        JMP 0
1F91  0000        JMP 0
1F92  0000        JMP 0
1F93  0000        JMP 0
1F94  0000        JMP 0
1F95  0000        JMP 0
1F96  0000        JMP 0
1F97  0000        JMP 0
1F98  0000        JMP 0
1F99  0000        JMP 0
1F9A  0000        JMP 0
1F9B  0000        JMP 0
1F9C  0000        JMP 0
1F9D  0000        JMP 0
1F9E  0000        JMP 0
1F9F  0000        JMP 0
1FA0  0000        JMP 0
1FA1  0000        JMP 0
1FA2  0000        JMP 0
1FA3  0000        JMP 0
1FA4  0000        JMP 0
1FA5  0000        JMP 0
1FA6  0000        JMP 0
1FA7  0000        JMP 0
1FA8  0000        JMP 0
1FA9  0000        JMP 0
1FAA  0000        JMP 0
1FAB  0000        JMP 0
1FAC  0000        JMP 0
1FAD  0000        JMP 0
1FAE  0000        JMP 0
1FAF  0000        JMP 0
1FB0  0000        JMP 0
1FB1  0000        JMP 0
1FB2  0000        JMP 0
1FB3  0000        JMP 0
1FB4  0000        JMP 0
1FB5  0000        JMP 0
1FB6  0000        JMP 0
1FB7  0000        JMP 0
1FB8  0000        JMP 0
1FB9  0000        JMP 0
1FBA  0000        JMP 0
1FBB  0000        JMP 0
1FBC  0000        JMP 0
1FBD  0000        JMP 0
1FBE  0000        JMP 0
1FBF  0000        JMP 0
1FC0  0000        JMP 0
1FC1  0000        JMP 0
1FC2  0000        JMP 0
1FC3  0000        JMP 0
1FC4  0000        JMP 0
1FC5  0000        JMP 0
1FC6  0000        JMP 0
1FC7  0000        JMP 0
1FC8  0000        JMP 0
1FC9  0000        JMP 0
1FCA  0000        JMP 0
1FCB  0000        JMP 0
1FCC  0000        JMP 0
1FCD  0000        JMP 0
1FCE  0000        JMP 0
1FCF  0000        JMP 0
1FD0  0000        JMP 0
1FD1  0000        JMP 0
1FD2  0000        JMP 0
1FD3  0000        JMP 0
1FD4  0000        JMP 0
1FD5  0000        JMP 0
1FD6  0000        JMP 0
1FD7  0000        JMP 0
1FD8  0000        JMP 0
1FD9  0000        JMP 0
1FDA  0000        JMP 0
1FDB  0000        JMP 0
1FDC  0000        JMP 0
1FDD  0000        JMP 0
1FDE  0000        JMP 0
1FDF  0000        JMP 0
1FE0  0000        JMP 0
1FE1  0000        JMP 0
1FE2  0000        JMP 0
1FE3  0000        JMP 0
1FE4  0000        JMP 0
1FE5  0000        JMP 0
1FE6  0000        JMP 0
1FE7  0000        JMP 0
1FE8  0000        JMP 0
1FE9  0000        JMP 0
1FEA  0000        JMP 0
1FEB  0000        JMP 0
1FEC  0000        JMP 0
1FED  0000        JMP 0
1FEE  0000        JMP 0
1FEF  0000        JMP 0
1FF0  0000        JMP 0
1FF1  0000        JMP 0
1FF2  0000        JMP 0
1FF3  0000        JMP 0
1FF4  0000        JMP 0
1FF5  0000        JMP 0
1FF6  0000        JMP 0
1FF7  0000        JMP 0
1FF8  0000        JMP 0
1FF9  0000        JMP 0
1FFA  0000        JMP 0
1FFB  0000        JMP 0
1FFC  0000        JMP 0
1FFD  0000        JMP 0
1FFE  0000        JMP 0
1FFF  0000        JMP 0
2000  0000        JMP 0
2001  0000        JMP 0
2002  0000        JMP 0
2003  0000        JMP 0
2004  0000        JMP 0
2005  0000        JMP 0
2006  0000        JMP 0
2007  0000        JMP 0
2008  0000        JMP 0
2009  0000        JMP 0
200A  0000        JMP 0
200B  0000        JMP 0
200C  0000        JMP 0
200D  0000        JMP 0
200E  0000        JMP 0
200F  0000        JMP 0
2010  0000        JMP 0
2011  0000        JMP 0
2012  0000        JMP 0
2013  0000        JMP 0
2014  0000        JMP 0
2015  0000        JMP 0
2016  0000        JMP 0
2017  0000        JMP 0
2018  0000        JMP 0
2019  0000        JMP 0
201A  0000        JMP 0
201B  0000        JMP 0
201C  0000        JMP 0
201D  0000        JMP 0
201E  0000        JMP 0
201F  0000        JMP 0
2020  0000        JMP 0
2021  0000        JMP 0
2022  0000        JMP 0
2023  0000        JMP 0
2024  0000        JMP 0
2025  0000        JMP 0
2026  0000        JMP 0
2027  0000        JMP 0
2028  0000        JMP 0
2029  0000        JMP 0
202A  0000        JMP 0
202B  0000        JMP 0
202C  0000        JMP 0
202D  0000        JMP 0
202E  0000        JMP 0
202F  0000        JMP 0
2030  0000        JMP 0
2031  0000        JMP 0
2032  0000        JMP 0
2033  0000        JMP 0
2034  0000        JMP 0
2035  0000        JMP 0
2036  0000        JMP 0
2037  0000        JMP 0
2038  0000        JMP 0
2039  0000        JMP 0
203A  0000        JMP 0
203B  0000        JMP 0
203C  0000        JMP 0
203D  0000        JMP 0
203E  0000        JMP 0
203F  0000        JMP 0
2040  0000        JMP 0
2041  0000        JMP 0
2042  0000        JMP 0
2043  0000        JMP 0
2044  0000        JMP 0
2045  0000        JMP 0
2046  0000        JMP 0
2047  0000        JMP 0
2048  0000        JMP 0
2049  0000        JMP 0
204A  0000        JMP 0
204B  0000        JMP 0
204C  0000        JMP 0
204D  0000        JMP 0
204E  0000        JMP 0
204F  0000        JMP 0
2050  0000        JMP 0
2051  0000        JMP 0
2052  0000        JMP 0
2053  0000        JMP 0
2054  0000        JMP 0
2055  0000        JMP 0
2056  0000        JMP 0
2057  0000        JMP 0
2058  0000        JMP 0
2059  0000        JMP 0
205A  0000        JMP 0
205B  0000        JMP 0
205C  0000        JMP 0
205D  0000        JMP 0
205E  0000        JMP 0
205F  0000        JMP 0
2060  0000        JMP 0
2061  0000        JMP 0
2062  0000        JMP 0
2063  0000        JMP 0
2064  0000        JMP 0
2065  0000        JMP 0
2066  0000        JMP 0
2067  0000        JMP 0
2068  0000        JMP 0
2069  0000        JMP 0
206A  0000        JMP 0
206B  0000        JMP 0
206C  0000        JMP 0
206D  0000        JMP 0
206E  0000        JMP 0
206F  0000        JMP 0
2070  0000        JMP 0
2071  0000        JMP 0
2072  0000        JMP 0
2073  0000        JMP 0
2074  0000        JMP 0
2075  0000        JMP 0
2076  0000        JMP 0
2077  0000        JMP 0
2078  0000        JMP 0
2079  0000        JMP 0
207A  0000        JMP 0
207B  0000        JMP 0
207C  0000        JMP 0
207D  0000        JMP 0
207E  0000        JMP 0
207F  0000        JMP 0
2080  0000        JMP 0
2081  0000        JMP 0
2082  0000        JMP 0
2083  0000        JMP 0
2084  0000        JMP 0
2085  0000        JMP 0
2086  0000        JMP 0
2087  0000        JMP 0
2088  0000        JMP 0
2089  0000        JMP 0
208A  0000        JMP 0
208B  0000        JMP 0
208C  0000        JMP 0
208D  0000        JMP 0
208E  0000        JMP 0
208F  0000        JMP 0
2090  0000        JMP 0
2091  0000        JMP 0
2092  0000        JMP 0
2093  0000        JMP 0
2094  0000        JMP 0
2095  0000        JMP 0
2096  0000        JMP 0
2097  0000        JMP 0
2098  0000        JMP 0
2099  0000        JMP 0
209A  0000        JMP 0
209B  0000        JMP 0
209C  0000        JMP 0
209D  0000        JMP 0
209E  0000        JMP 0
209F  0000        JMP 0
20A0  0000        JMP 0
20A1  0000        JMP 0
20A2  0000        JMP 0
20A3  0000        JMP 0
20A4  0000        JMP 0
20A5  0000        JMP 0
20A6  0000        JMP 0
20A7  0000        JMP 0
20A8  0000        JMP 0
20A9  0000        JMP 0
20AA  0000        JMP 0
20AB  0000        JMP 0
20AC  0000        JMP 0
20AD  0000        JMP 0
20AE  0000        JMP 0
20AF  0000        JMP 0
20B0  0000        JMP 0
20B1  0000        JMP 0
20B2  0000        JMP 0
20B3  0000        JMP 0
20B4  0000        JMP 0
20B5  0000        JMP 0
20B6  0000        JMP 0
20B7  0000        JMP 0
20B8  0000        JMP 0
20B9  0000        JMP 0
20BA  0000        JMP 0
20BB  0000        JMP 0
20BC  0000        JMP 0
20BD  0000        JMP 0
20BE  0000        JMP 0
20BF  0000        JMP 0
20C0  0000        JMP 0
20C1  0000        JMP 0
20C2  0000        JMP 0
20C3  0000        JMP 0
20C4  0000        JMP 0
20C5  0000        JMP 0
20C6  0000        JMP 0
20C7  0000        JMP 0
20C8  0000        JMP 0
20C9  0000        JMP 0
20CA  0000        JMP 0
20CB  0000        JMP 0
20CC  0000        JMP 0
20CD  0000        JMP 0
20CE  0000        JMP 0
20CF  0000        JMP 0
20D0  0000        JMP 0
20D1  0000        JMP 0
20D2  0000        JMP 0
20D3  0000        JMP 0
20D4  0000        JMP 0
20D5  0000        JMP 0
20D6  0000        JMP 0
20D7  0000        JMP 0
20D8  0000        JMP 0
20D9  0000        JMP 0
20DA  0000        JMP 0
20DB  0000        JMP 0
20DC  0000        JMP 0
20DD  0000        JMP 0
20DE  0000        JMP 0
20DF  0000        JMP 0
20E0  0000        JMP 0
20E1  0000        JMP 0
20E2  0000        JMP 0
20E3  0000        JMP 0
20E4  0000        JMP 0
20E5  0000        JMP 0
20E6  0000        JMP 0
20E7  0000        JMP 0
20E8  0000        JMP 0
20E9  0000        JMP 0
20EA  0000        JMP 0
20EB  0000        JMP 0
20EC  0000        JMP 0
20ED  0000        JMP 0
20EE  0000        JMP 0
20EF  0000        JMP 0
20F0  0000        JMP 0
20F1  0000        JMP 0
20F2  0000        JMP 0
20F3  0000        JMP 0
20F4  0000        JMP 0
20F5  0000        JMP 0
20F6  0000        JMP 0
20F7  0000        JMP 0
20F8  0000        JMP 0
20F9  0000        JMP 0
20FA  0000        JMP 0
20FB  0000        JMP 0
20FC  0000        JMP 0
20FD  0000        JMP 0
20FE  0000        JMP 0
20FF  0000        JMP 0
2100  0000        JMP 0
2101  0000        JMP 0
2102  0000        JMP 0
2103  0000        JMP 0
2104  0000        JMP 0
2105  0000        JMP 0
2106  0000        JMP 0
2107  0000        JMP 0
2108  0000        JMP 0
2109  0000        JMP 0
210A  0000        JMP 0
210B  0000        JMP 0
210C  0000        JMP 0
210D  0000        JMP 0
210E  0000        JMP 0
210F  0000        JMP 0
2110  0000        JMP 0
2111  0000        JMP 0
2112  0000        JMP 0
2113  0000        JMP 0
2114  0000        JMP 0
2115  0000        JMP 0
2116  0000        JMP 0
2117  0000        JMP 0
2118  0000        JMP 0
2119  0000        JMP 0
211A  0000        JMP 0
211B  0000        JMP 0
211C  0000        JMP 0
211D  0000        JMP 0
211E  0000        JMP 0
211F  0000        JMP 0
2120  0000        JMP 0
2121  0000        JMP 0
2122  0000        JMP 0
2123  0000        JMP 0
2124  0000        JMP 0
2125  0000        JMP 0
2126  0000        JMP 0
2127  0000        JMP 0
2128  0000        JMP 0
2129  0000        JMP 0
212A  0000        JMP 0
212B  0000        JMP 0
212C  0000        JMP 0
212D  0000        JMP 0
212E  0000        JMP 0
212F  0000        JMP 0
2130  0000        JMP 0
2131  0000        JMP 0
2132  0000        JMP 0
2133  0000        JMP 0
2134  0000        JMP 0
2135  0000        JMP 0
2136  0000        JMP 0
2137  0000        JMP 0
2138  0000        JMP 0
2139  0000        JMP 0
213A  0000        JMP 0
213B  0000        JMP 0
213C  0000        JMP 0
213D  0000        JMP 0
213E  0000        JMP 0
213F  0000        JMP 0
2140  0000        JMP 0
2141  0000        JMP 0
2142  0000        JMP 0
2143  0000        JMP 0
2144  0000        JMP 0
2145  0000        JMP 0
2146  0000        JMP 0
2147  0000        JMP 0
2148  0000        JMP 0
2149  0000        JMP 0
214A  0000        JMP 0
214B  0000        JMP 0
214C  0000        JMP 0
214D  0000        JMP 0
214E  0000        JMP 0
214F  0000        JMP 0
2150  0000        JMP 0
2151  0000        JMP 0
2152  0000        JMP 0
2153  0000        JMP 0
2154  0000        JMP 0
2155  0000        JMP 0
2156  0000        JMP 0
2157  0000        JMP 0
2158  0000        JMP 0
2159  0000        JMP 0
215A  0000        JMP 0
215B  0000        JMP 0
215C  0000        JMP 0
215D  0000        JMP 0
215E  0000        JMP 0
215F  0000        JMP 0
2160  0000        JMP 0
2161  0000        JMP 0
2162  0000        JMP 0
2163  0000        JMP 0
2164  0000        JMP 0
2165  0000        JMP 0
2166  0000        JMP 0
2167  0000        JMP 0
2168  0000        JMP 0
2169  0000        JMP 0
216A  0000        JMP 0
216B  0000        JMP 0
216C  0000        JMP 0
216D  0000        JMP 0
216E  0000        JMP 0
216F  0000        JMP 0
2170  0000        JMP 0
2171  0000        JMP 0
2172  0000        JMP 0
2173  0000        JMP 0
2174  0000        JMP 0
2175  0000        JMP 0
2176  0000        JMP 0
2177  0000        JMP 0
2178  0000        JMP 0
2179  0000        JMP 0
217A  0000        JMP 0
217B  0000        JMP 0
217C  0000        JMP 0
217D  0000        JMP 0
217E  0000        JMP 0
217F  0000        JMP 0
2180  0000        JMP 0
2181  0000        JMP 0
2182  0000        JMP 0
2183  0000        JMP 0
2184  0000        JMP 0
2185  0000        JMP 0
2186  0000        JMP 0
2187  0000        JMP 0
2188  0000        JMP 0
2189  0000        JMP 0
218A  0000        JMP 0
218B  0000        JMP 0
218C  0000        JMP 0
218D  0000        JMP 0
218E  0000        JMP 0
218F  0000        JMP 0
2190  0000        JMP 0
2191  0000        JMP 0
2192  0000        JMP 0
2193  0000        JMP 0
2194  0000        JMP 0
2195  0000        JMP 0
2196  0000        JMP 0
2197  0000        JMP 0
2198  0000        JMP 0
2199  0000        JMP 0
219A  0000        JMP 0
219B  0000        JMP 0
219C  0000        JMP 0
219D  0000        JMP 0
219E  0000        JMP 0
219F  0000        JMP 0
21A0  0000        JMP 0
21A1  0000        JMP 0
21A2  0000        JMP 0
21A3  0000        JMP 0
21A4  0000        JMP 0
21A5  0000        JMP 0
21A6  0000        JMP 0
21A7  0000        JMP 0
21A8  0000        JMP 0
21A9  0000        JMP 0
21AA  0000        JMP 0
21AB  0000        JMP 0
21AC  0000        JMP 0
21AD  0000        JMP 0
21AE  0000        JMP 0
21AF  0000        JMP 0
21B0  0000        JMP 0
21B1  0000        JMP 0
21B2  0000        JMP 0
21B3  0000        JMP 0
21B4  0000        JMP 0
21B5  0000        JMP 0
21B6  0000        JMP 0
21B7  0000        JMP 0
21B8  0000        JMP 0
21B9  0000        JMP 0
21BA  0000        JMP 0
21BB  0000        JMP 0
21BC  0000        JMP 0
21BD  0000        JMP 0
21BE  0000        JMP 0
21BF  0000        JMP 0
21C0  0000        JMP 0
21C1  0000        JMP 0
21C2  0000        JMP 0
21C3  0000        JMP 0
21C4  0000        JMP 0
21C5  0000        JMP 0
21C6  0000        JMP 0
21C7  0000        JMP 0
21C8  0000        JMP 0
21C9  0000        JMP 0
21CA  0000        JMP 0
21CB  0000        JMP 0
21CC  0000        JMP 0
21CD  0000        JMP 0
21CE  0000        JMP 0
21CF  0000        JMP 0
21D0  0000        JMP 0
21D1  0000        JMP 0
21D2  0000        JMP 0
21D3  0000        JMP 0
21D4  0000        JMP 0
21D5  0000        JMP 0
21D6  0000        JMP 0
21D7  0000        JMP 0
21D8  0000        JMP 0
21D9  0000        JMP 0
21DA  0000        JMP 0
21DB  0000        JMP 0
21DC  0000        JMP 0
21DD  0000        JMP 0
21DE  0000        JMP 0
21DF  0000        JMP 0
21E0  0000        JMP 0
21E1  0000        JMP 0
21E2  0000        JMP 0
21E3  0000        JMP 0
21E4  0000        JMP 0
21E5  0000        JMP 0
21E6  0000        JMP 0
21E7  0000        JMP 0
21E8  0000        JMP 0
21E9  0000        JMP 0
21EA  0000        JMP 0
21EB  0000        JMP 0
21EC  0000        JMP 0
21ED  0000        JMP 0
21EE  0000        JMP 0
21EF  0000        JMP 0
21F0  0000        JMP 0
21F1  0000        JMP 0
21F2  0000        JMP 0
21F3  0000        JMP 0
21F4  0000        JMP 0
21F5  0000        JMP 0
21F6  0000        JMP 0
21F7  0000        JMP 0
21F8  0000        JMP 0
21F9  0000        JMP 0
21FA  0000        JMP 0
21FB  0000        JMP 0
21FC  0000        JMP 0
21FD  0000        JMP 0
21FE  0000        JMP 0
21FF  0000        JMP 0
2200  0000        JMP 0
2201  0000        JMP 0
2202  0000        JMP 0
2203  0000        JMP 0
2204  0000        JMP 0
2205  0000        JMP 0
2206  0000        JMP 0
2207  0000        JMP 0
2208  0000        JMP 0
2209  0000        JMP 0
220A  0000        JMP 0
220B  0000        JMP 0
220C  0000        JMP 0
220D  0000        JMP 0
220E  0000        JMP 0
220F  0000        JMP 0
2210  0000        JMP 0
2211  0000        JMP 0
2212  0000        JMP 0
2213  0000        JMP 0
2214  0000        JMP 0
2215  0000        JMP 0
2216  0000        JMP 0
2217  0000        JMP 0
2218  0000        JMP 0
2219  0000        JMP 0
221A  0000        JMP 0
221B  0000        JMP 0
221C  0000        JMP 0
221D  0000        JMP 0
221E  0000        JMP 0
221F  0000        JMP 0
2220  0000        JMP 0
2221  0000        JMP 0
2222  0000        JMP 0
2223  0000        JMP 0
2224  0000        JMP 0
2225  0000        JMP 0
2226  0000        JMP 0
2227  0000        JMP 0
2228  0000        JMP 0
2229  0000        JMP 0
222A  0000        JMP 0
222B  0000        JMP 0
222C  0000        JMP 0
222D  0000        JMP 0
222E  0000        JMP 0
222F  0000        JMP 0
2230  0000        JMP 0
2231  0000        JMP 0
2232  0000        JMP 0
2233  0000        JMP 0
2234  0000        JMP 0
2235  0000        JMP 0
2236  0000        JMP 0
2237  0000        JMP 0
2238  0000        JMP 0
2239  0000        JMP 0
223A  0000        JMP 0
223B  0000        JMP 0
223C  0000        JMP 0
223D  0000        JMP 0
223E  0000        JMP 0
223F  0000        JMP 0
2240  0000        JMP 0
2241  0000        JMP 0
2242  0000        JMP 0
2243  0000        JMP 0
2244  0000        JMP 0
2245  0000        JMP 0
2246  0000        JMP 0
2247  0000        JMP 0
2248  0000        JMP 0
2249  0000        JMP 0
224A  0000        JMP 0
224B  0000        JMP 0
224C  0000        JMP 0
224D  0000        JMP 0
224E  0000        JMP 0
224F  0000        JMP 0
2250  0000        JMP 0
2251  0000        JMP 0
2252  0000        JMP 0
2253  0000        JMP 0
2254  0000        JMP 0
2255  0000        JMP 0
2256  0000        JMP 0
2257  0000        JMP 0
2258  0000        JMP 0
2259  0000        JMP 0
225A  0000        JMP 0
225B  0000        JMP 0
225C  0000        JMP 0
225D  0000        JMP 0
225E  0000        JMP 0
225F  0000        JMP 0
2260  0000        JMP 0
2261  0000        JMP 0
2262  0000        JMP 0
2263  0000        JMP 0
2264  0000        JMP 0
2265  0000        JMP 0
2266  0000        JMP 0
2267  0000        JMP 0
2268  0000        JMP 0
2269  0000        JMP 0
226A  0000        JMP 0
226B  0000        JMP 0
226C  0000        JMP 0
226D  0000        JMP 0
226E  0000        JMP 0
226F  0000        JMP 0
2270  0000        JMP 0
2271  0000        JMP 0
2272  0000        JMP 0
2273  0000        JMP 0
2274  0000        JMP 0
2275  0000        JMP 0
2276  0000        JMP 0
2277  0000        JMP 0
2278  0000        JMP 0
2279  0000        JMP 0
227A  0000        JMP 0
227B  0000        JMP 0
227C  0000        JMP 0
227D  0000        JMP 0
227E  0000        JMP 0
227F  0000        JMP 0
2280  0000        JMP 0
2281  0000        JMP 0
2282  0000        JMP 0
2283  0000        JMP 0
2284  0000        JMP 0
2285  0000        JMP 0
2286  0000        JMP 0
2287  0000        JMP 0
2288  0000        JMP 0
2289  0000        JMP 0
228A  0000        JMP 0
228B  0000        JMP 0
228C  0000        JMP 0
228D  0000        JMP 0
228E  0000        JMP 0
228F  0000        JMP 0
2290  0000        JMP 0
2291  0000        JMP 0
2292  0000        JMP 0
2293  0000        JMP 0
2294  0000        JMP 0
2295  0000        JMP 0
2296  0000        JMP 0
2297  0000        JMP 0
2298  0000        JMP 0
2299  0000        JMP 0
229A  0000        JMP 0
229B  0000        JMP 0
229C  0000        JMP 0
229D  0000        JMP 0
229E  0000        JMP 0
229F  0000        JMP 0
22A0  0000        JMP 0
22A1  0000        JMP 0
22A2  0000        JMP 0
22A3  0000        JMP 0
22A4  0000        JMP 0
22A5  0000        JMP 0
22A6  0000        JMP 0
22A7  0000        JMP 0
22A8  0000        JMP 0
22A9  0000        JMP 0
22AA  0000        JMP 0
22AB  0000        JMP 0
22AC  0000        JMP 0
22AD  0000        JMP 0
22AE  0000        JMP 0
22AF  0000        JMP 0
22B0  0000        JMP 0
22B1  0000        JMP 0
22B2  0000        JMP 0
22B3  0000        JMP 0
22B4  0000        JMP 0
22B5  0000        JMP 0
22B6  0000        JMP 0
22B7  0000        JMP 0
22B8  0000        JMP 0
22B9  0000        JMP 0
22BA  0000        JMP 0
22BB  0000        JMP 0
22BC  0000        JMP 0
22BD  0000        JMP 0
22BE  0000        JMP 0
22BF  0000        JMP 0
22C0  0000        JMP 0
22C1  0000        JMP 0
22C2  0000        JMP 0
22C3  0000        JMP 0
22C4  0000        JMP 0
22C5  0000        JMP 0
22C6  0000        JMP 0
22C7  0000        JMP 0
22C8  0000        JMP 0
22C9  0000        JMP 0
22CA  0000        JMP 0
22CB  0000        JMP 0
22CC  0000        JMP 0
22CD  0000        JMP 0
22CE  0000        JMP 0
22CF  0000        JMP 0
22D0  0000        JMP 0
22D1  0000        JMP 0
22D2  0000        JMP 0
22D3  0000        JMP 0
22D4  0000        JMP 0
22D5  0000        JMP 0
22D6  0000        JMP 0
22D7  0000        JMP 0
22D8  0000        JMP 0
22D9  0000        JMP 0
22DA  0000        JMP 0
22DB  0000        JMP 0
22DC  0000        JMP 0
22DD  0000        JMP 0
22DE  0000        JMP 0
22DF  0000        JMP 0
22E0  0000        JMP 0
22E1  0000        JMP 0
22E2  0000        JMP 0
22E3  0000        JMP 0
22E4  0000        JMP 0
22E5  0000        JMP 0
22E6  0000        JMP 0
22E7  0000        JMP 0
22E8  0000        JMP 0
22E9  0000        JMP 0
22EA  0000        JMP 0
22EB  0000        JMP 0
22EC  0000        JMP 0
22ED  0000        JMP 0
22EE  0000        JMP 0
22EF  0000        JMP 0
22F0  0000        JMP 0
22F1  0000        JMP 0
22F2  0000        JMP 0
22F3  0000        JMP 0
22F4  0000        JMP 0
22F5  0000        JMP 0
22F6  0000        JMP 0
22F7  0000        JMP 0
22F8  0000        JMP 0
22F9  0000        JMP 0
22FA  0000        JMP 0
22FB  0000        JMP 0
22FC  0000        JMP 0
22FD  0000        JMP 0
22FE  0000        JMP 0
22FF  0000        JMP 0
2300  0000        JMP 0
2301  0000        JMP 0
2302  0000        JMP 0
2303  0000        JMP 0
2304  0000        JMP 0
2305  0000        JMP 0
2306  0000        JMP 0
2307  0000        JMP 0
2308  0000        JMP 0
2309  0000        JMP 0
230A  0000        JMP 0
230B  0000        JMP 0
230C  0000        JMP 0
230D  0000        JMP 0
230E  0000        JMP 0
230F  0000        JMP 0
2310  0000        JMP 0
2311  0000        JMP 0
2312  0000        JMP 0
2313  0000        JMP 0
2314  0000        JMP 0
2315  0000        JMP 0
2316  0000        JMP 0
2317  0000        JMP 0
2318  0000        JMP 0
2319  0000        JMP 0
231A  0000        JMP 0
231B  0000        JMP 0
231C  0000        JMP 0
231D  0000        JMP 0
231E  0000        JMP 0
231F  0000        JMP 0
2320  0000        JMP 0
2321  0000        JMP 0
2322  0000        JMP 0
2323  0000        JMP 0
2324  0000        JMP 0
2325  0000        JMP 0
2326  0000        JMP 0
2327  0000        JMP 0
2328  0000        JMP 0
2329  0000        JMP 0
232A  0000        JMP 0
232B  0000        JMP 0
232C  0000        JMP 0
232D  0000        JMP 0
232E  0000        JMP 0
232F  0000        JMP 0
2330  0000        JMP 0
2331  0000        JMP 0
2332  0000        JMP 0
2333  0000        JMP 0
2334  0000        JMP 0
2335  0000        JMP 0
2336  0000        JMP 0
2337  0000        JMP 0
2338  0000        JMP 0
2339  0000        JMP 0
233A  0000        JMP 0
233B  0000        JMP 0
233C  0000        JMP 0
233D  0000        JMP 0
233E  0000        JMP 0
233F  0000        JMP 0
2340  0000        JMP 0
2341  0000        JMP 0
2342  0000        JMP 0
2343  0000        JMP 0
2344  0000        JMP 0
2345  0000        JMP 0
2346  0000        JMP 0
2347  0000        JMP 0
2348  0000        JMP 0
2349  0000        JMP 0
234A  0000        JMP 0
234B  0000        JMP 0
234C  0000        JMP 0
234D  0000        JMP 0
234E  0000        JMP 0
234F  0000        JMP 0
2350  0000        JMP 0
2351  0000        JMP 0
2352  0000        JMP 0
2353  0000        JMP 0
2354  0000        JMP 0
2355  0000        JMP 0
2356  0000        JMP 0
2357  0000        JMP 0
2358  0000        JMP 0
2359  0000        JMP 0
235A  0000        JMP 0
235B  0000        JMP 0
235C  0000        JMP 0
235D  0000        JMP 0
235E  0000        JMP 0
235F  0000        JMP 0
2360  0000        JMP 0
2361  0000        JMP 0
2362  0000        JMP 0
2363  0000        JMP 0
2364  0000        JMP 0
2365  0000        JMP 0
2366  0000        JMP 0
2367  0000        JMP 0
2368  0000        JMP 0
2369  0000        JMP 0
236A  0000        JMP 0
236B  0000        JMP 0
236C  0000        JMP 0
236D  0000        JMP 0
236E  0000        JMP 0
236F  0000        JMP 0
2370  0000        JMP 0
2371  0000        JMP 0
2372  0000        JMP 0
2373  0000        JMP 0
2374  0000        JMP 0
2375  0000        JMP 0
2376  0000        JMP 0
2377  0000        JMP 0
2378  0000        JMP 0
2379  0000        JMP 0
237A  0000        JMP 0
237B  0000        JMP 0
237C  0000        JMP 0
237D  0000        JMP 0
237E  0000        JMP 0
237F  0000        JMP 0
2380  0000        JMP 0
2381  0000        JMP 0
2382  0000        JMP 0
2383  0000        JMP 0
2384  0000        JMP 0
2385  0000        JMP 0
2386  0000        JMP 0
2387  0000        JMP 0
2388  0000        JMP 0
2389  0000        JMP 0
238A  0000        JMP 0
238B  0000        JMP 0
238C  0000        JMP 0
238D  0000        JMP 0
238E  0000        JMP 0
238F  0000        JMP 0
2390  0000        JMP 0
2391  0000        JMP 0
2392  0000        JMP 0
2393  0000        JMP 0
2394  0000        JMP 0
2395  0000        JMP 0
2396  0000        JMP 0
2397  0000        JMP 0
2398  0000        JMP 0
2399  0000        JMP 0
239A  0000        JMP 0
239B  0000        JMP 0
239C  0000        JMP 0
239D  0000        JMP 0
239E  0000        JMP 0
239F  0000        JMP 0
23A0  0000        JMP 0
23A1  0000        JMP 0
23A2  0000        JMP 0
23A3  0000        JMP 0
23A4  0000        JMP 0
23A5  0000        JMP 0
23A6  0000        JMP 0
23A7  0000        JMP 0
23A8  0000        JMP 0
23A9  0000        JMP 0
23AA  0000        JMP 0
23AB  0000        JMP 0
23AC  0000        JMP 0
23AD  0000        JMP 0
23AE  0000        JMP 0
23AF  0000        JMP 0
23B0  0000        JMP 0
23B1  0000        JMP 0
23B2  0000        JMP 0
23B3  0000        JMP 0
23B4  0000        JMP 0
23B5  0000        JMP 0
23B6  0000        JMP 0
23B7  0000        JMP 0
23B8  0000        JMP 0
23B9  0000        JMP 0
23BA  0000        JMP 0
23BB  0000        JMP 0
23BC  0000        JMP 0
23BD  0000        JMP 0
23BE  0000        JMP 0
23BF  0000        JMP 0
23C0  0000        JMP 0
23C1  0000        JMP 0
23C2  0000        JMP 0
23C3  0000        JMP 0
23C4  0000        JMP 0
23C5  0000        JMP 0
23C6  0000        JMP 0
23C7  0000        JMP 0
23C8  0000        JMP 0
23C9  0000        JMP 0
23CA  0000        JMP 0
23CB  0000        JMP 0
23CC  0000        JMP 0
23CD  0000        JMP 0
23CE  0000        JMP 0
23CF  0000        JMP 0
23D0  0000        JMP 0
23D1  0000        JMP 0
23D2  0000        JMP 0
23D3  0000        JMP 0
23D4  0000        JMP 0
23D5  0000        JMP 0
23D6  0000        JMP 0
23D7  0000        JMP 0
23D8  0000        JMP 0
23D9  0000        JMP 0
23DA  0000        JMP 0
23DB  0000        JMP 0
23DC  0000        JMP 0
23DD  0000        JMP 0
23DE  0000        JMP 0
23DF  0000        JMP 0
23E0  0000        JMP 0
23E1  0000        JMP 0
23E2  0000        JMP 0
23E3  0000        JMP 0
23E4  0000        JMP 0
23E5  0000        JMP 0
23E6  0000        JMP 0
23E7  0000        JMP 0
23E8  0000        JMP 0
23E9  0000        JMP 0
23EA  0000        JMP 0
23EB  0000        JMP 0
23EC  0000        JMP 0
23ED  0000        JMP 0
23EE  0000        JMP 0
23EF  0000        JMP 0
23F0  0000        JMP 0
23F1  0000        JMP 0
23F2  0000        JMP 0
23F3  0000        JMP 0
23F4  0000        JMP 0
23F5  0000        JMP 0
23F6  0000        JMP 0
23F7  0000        JMP 0
23F8  0000        JMP 0
23F9  0000        JMP 0
23FA  0000        JMP 0
23FB  0000        JMP 0
23FC  0000        JMP 0
23FD  0000        JMP 0
23FE  0000        JMP 0
23FF  0000        JMP 0
2400  0000        JMP 0
2401  0000        JMP 0
2402  0000        JMP 0
2403  0000        JMP 0
2404  0000        JMP 0
2405  0000        JMP 0
2406  0000        JMP 0
2407  0000        JMP 0
2408  0000        JMP 0
2409  0000        JMP 0
240A  0000        JMP 0
240B  0000        JMP 0
240C  0000        JMP 0
240D  0000        JMP 0
240E  0000        JMP 0
240F  0000        JMP 0
2410  0000        JMP 0
2411  0000        JMP 0
2412  0000        JMP 0
2413  0000        JMP 0
2414  0000        JMP 0
2415  0000        JMP 0
2416  0000        JMP 0
2417  0000        JMP 0
2418  0000        JMP 0
2419  0000        JMP 0
241A  0000        JMP 0
241B  0000        JMP 0
241C  0000        JMP 0
241D  0000        JMP 0
241E  0000        JMP 0
241F  0000        JMP 0
2420  0000        JMP 0
2421  0000        JMP 0
2422  0000        JMP 0
2423  0000        JMP 0
2424  0000        JMP 0
2425  0000        JMP 0
2426  0000        JMP 0
2427  0000        JMP 0
2428  0000        JMP 0
2429  0000        JMP 0
242A  0000        JMP 0
242B  0000        JMP 0
242C  0000        JMP 0
242D  0000        JMP 0
242E  0000        JMP 0
242F  0000        JMP 0
2430  0000        JMP 0
2431  0000        JMP 0
2432  0000        JMP 0
2433  0000        JMP 0
2434  0000        JMP 0
2435  0000        JMP 0
2436  0000        JMP 0
2437  0000        JMP 0
2438  0000        JMP 0
2439  0000        JMP 0
243A  0000        JMP 0
243B  0000        JMP 0
243C  0000        JMP 0
243D  0000        JMP 0
243E  0000        JMP 0
243F  0000        JMP 0
2440  0000        JMP 0
2441  0000        JMP 0
2442  0000        JMP 0
2443  0000        JMP 0
2444  0000        JMP 0
2445  0000        JMP 0
2446  0000        JMP 0
2447  0000        JMP 0
2448  0000        JMP 0
2449  0000        JMP 0
244A  0000        JMP 0
244B  0000        JMP 0
244C  0000        JMP 0
244D  0000        JMP 0
244E  0000        JMP 0
244F  0000        JMP 0
2450  0000        JMP 0
2451  0000        JMP 0
2452  0000        JMP 0
2453  0000        JMP 0
2454  0000        JMP 0
2455  0000        JMP 0
2456  0000        JMP 0
2457  0000        JMP 0
2458  0000        JMP 0
2459  0000        JMP 0
245A  0000        JMP 0
245B  0000        JMP 0
245C  0000        JMP 0
245D  0000        JMP 0
245E  0000        JMP 0
245F  0000        JMP 0
2460  0000        JMP 0
2461  0000        JMP 0
2462  0000        JMP 0
2463  0000        JMP 0
2464  0000        JMP 0
2465  0000        JMP 0
2466  0000        JMP 0
2467  0000        JMP 0
2468  0000        JMP 0
2469  0000        JMP 0
246A  0000        JMP 0
246B  0000        JMP 0
246C  0000        JMP 0
246D  0000        JMP 0
246E  0000        JMP 0
246F  0000        JMP 0
2470  0000        JMP 0
2471  0000        JMP 0
2472  0000        JMP 0
2473  0000        JMP 0
2474  0000        JMP 0
2475  0000        JMP 0
2476  0000        JMP 0
2477  0000        JMP 0
2478  0000        JMP 0
2479  0000        JMP 0
247A  0000        JMP 0
247B  0000        JMP 0
247C  0000        JMP 0
247D  0000        JMP 0
247E  0000        JMP 0
247F  0000        JMP 0
2480  0000        JMP 0
2481  0000        JMP 0
2482  0000        JMP 0
2483  0000        JMP 0
2484  0000        JMP 0
2485  0000        JMP 0
2486  0000        JMP 0
2487  0000        JMP 0
2488  0000        JMP 0
2489  0000        JMP 0
248A  0000        JMP 0
248B  0000        JMP 0
248C  0000        JMP 0
248D  0000        JMP 0
248E  0000        JMP 0
248F  0000        JMP 0
2490  0000        JMP 0
2491  0000        JMP 0
2492  0000        JMP 0
2493  0000        JMP 0
2494  0000        JMP 0
2495  0000        JMP 0
2496  0000        JMP 0
2497  0000        JMP 0
2498  0000        JMP 0
2499  0000        JMP 0
249A  0000        JMP 0
249B  0000        JMP 0
249C  0000        JMP 0
249D  0000        JMP 0
249E  0000        JMP 0
249F  0000        JMP 0
24A0  0000        JMP 0
24A1  0000        JMP 0
24A2  0000        JMP 0
24A3  0000        JMP 0
24A4  0000        JMP 0
24A5  0000        JMP 0
24A6  0000        JMP 0
24A7  0000        JMP 0
24A8  0000        JMP 0
24A9  0000        JMP 0
24AA  0000        JMP 0
24AB  0000        JMP 0
24AC  0000        JMP 0
24AD  0000        JMP 0
24AE  0000        JMP 0
24AF  0000        JMP 0
24B0  0000        JMP 0
24B1  0000        JMP 0
24B2  0000        JMP 0
24B3  0000        JMP 0
24B4  0000        JMP 0
24B5  0000        JMP 0
24B6  0000        JMP 0
24B7  0000        JMP 0
24B8  0000        JMP 0
24B9  0000        JMP 0
24BA  0000        JMP 0
24BB  0000        JMP 0
24BC  0000        JMP 0
24BD  0000        JMP 0
24BE  0000        JMP 0
24BF  0000        JMP 0
24C0  0000        JMP 0
24C1  0000        JMP 0
24C2  0000        JMP 0
24C3  0000        JMP 0
24C4  0000        JMP 0
24C5  0000        JMP 0
24C6  0000        JMP 0
24C7  0000        JMP 0
24C8  0000        JMP 0
24C9  0000        JMP 0
24CA  0000        JMP 0
24CB  0000        JMP 0
24CC  0000        JMP 0
24CD  0000        JMP 0
24CE  0000        JMP 0
24CF  0000        JMP 0
24D0  0000        JMP 0
24D1  0000        JMP 0
24D2  0000        JMP 0
24D3  0000        JMP 0
24D4  0000        JMP 0
24D5  0000        JMP 0
24D6  0000        JMP 0
24D7  0000        JMP 0
24D8  0000        JMP 0
24D9  0000        JMP 0
24DA  0000        JMP 0
24DB  0000        JMP 0
24DC  0000        JMP 0
24DD  0000        JMP 0
24DE  0000        JMP 0
24DF  0000        JMP 0
24E0  0000        JMP 0
24E1  0000        JMP 0
24E2  0000        JMP 0
24E3  0000        JMP 0
24E4  0000        JMP 0
24E5  0000        JMP 0
24E6  0000        JMP 0
24E7  0000        JMP 0
24E8  0000        JMP 0
24E9  0000        JMP 0
24EA  0000        JMP 0
24EB  0000        JMP 0
24EC  0000        JMP 0
24ED  0000        JMP 0
24EE  0000        JMP 0
24EF  0000        JMP 0
24F0  0000        JMP 0
24F1  0000        JMP 0
24F2  0000        JMP 0
24F3  0000        JMP 0
24F4  0000        JMP 0
24F5  0000        JMP 0
24F6  0000        JMP 0
24F7  0000        JMP 0
24F8  0000        JMP 0
24F9  0000        JMP 0
24FA  0000        JMP 0
24FB  0000        JMP 0
24FC  0000        JMP 0
24FD  0000        JMP 0
24FE  0000        JMP 0
24FF  0000        JMP 0
2500  0000        JMP 0
2501  0000        JMP 0
2502  0000        JMP 0
2503  0000        JMP 0
2504  0000        JMP 0
2505  0000        JMP 0
2506  0000        JMP 0
2507  0000        JMP 0
2508  0000        JMP 0
2509  0000        JMP 0
250A  0000        JMP 0
250B  0000        JMP 0
250C  0000        JMP 0
250D  0000        JMP 0
250E  0000        JMP 0
250F  0000        JMP 0
2510  0000        JMP 0
2511  0000        JMP 0
2512  0000        JMP 0
2513  0000        JMP 0
2514  0000        JMP 0
2515  0000        JMP 0
2516  0000        JMP 0
2517  0000        JMP 0
2518  0000        JMP 0
2519  0000        JMP 0
251A  0000        JMP 0
251B  0000        JMP 0
251C  0000        JMP 0
251D  0000        JMP 0
251E  0000        JMP 0
251F  0000        JMP 0
2520  0000        JMP 0
2521  0000        JMP 0
2522  0000        JMP 0
2523  0000        JMP 0
2524  0000        JMP 0
2525  0000        JMP 0
2526  0000        JMP 0
2527  0000        JMP 0
2528  0000        JMP 0
2529  0000        JMP 0
252A  0000        JMP 0
252B  0000        JMP 0
252C  0000        JMP 0
252D  0000        JMP 0
252E  0000        JMP 0
252F  0000        JMP 0
2530  0000        JMP 0
2531  0000        JMP 0
2532  0000        JMP 0
2533  0000        JMP 0
2534  0000        JMP 0
2535  0000        JMP 0
2536  0000        JMP 0
2537  0000        JMP 0
2538  0000        JMP 0
2539  0000        JMP 0
253A  0000        JMP 0
253B  0000        JMP 0
253C  0000        JMP 0
253D  0000        JMP 0
253E  0000        JMP 0
253F  0000        JMP 0
2540  0000        JMP 0
2541  0000        JMP 0
2542  0000        JMP 0
2543  0000        JMP 0
2544  0000        JMP 0
2545  0000        JMP 0
2546  0000        JMP 0
2547  0000        JMP 0
2548  0000        JMP 0
2549  0000        JMP 0
254A  0000        JMP 0
254B  0000        JMP 0
254C  0000        JMP 0
254D  0000        JMP 0
254E  0000        JMP 0
254F  0000        JMP 0
2550  0000        JMP 0
2551  0000        JMP 0
2552  0000        JMP 0
2553  0000        JMP 0
2554  0000        JMP 0
2555  0000        JMP 0
2556  0000        JMP 0
2557  0000        JMP 0
2558  0000        JMP 0
2559  0000        JMP 0
255A  0000        JMP 0
255B  0000        JMP 0
255C  0000        JMP 0
255D  0000        JMP 0
255E  0000        JMP 0
255F  0000        JMP 0
2560  0000        JMP 0
2561  0000        JMP 0
2562  0000        JMP 0
2563  0000        JMP 0
2564  0000        JMP 0
2565  0000        JMP 0
2566  0000        JMP 0
2567  0000        JMP 0
2568  0000        JMP 0
2569  0000        JMP 0
256A  0000        JMP 0
256B  0000        JMP 0
256C  0000        JMP 0
256D  0000        JMP 0
256E  0000        JMP 0
256F  0000        JMP 0
2570  0000        JMP 0
2571  0000        JMP 0
2572  0000        JMP 0
2573  0000        JMP 0
2574  0000        JMP 0
2575  0000        JMP 0
2576  0000        JMP 0
2577  0000        JMP 0
2578  0000        JMP 0
2579  0000        JMP 0
257A  0000        JMP 0
257B  0000        JMP 0
257C  0000        JMP 0
257D  0000        JMP 0
257E  0000        JMP 0
257F  0000        JMP 0
2580  0000        JMP 0
2581  0000        JMP 0
2582  0000        JMP 0
2583  0000        JMP 0
2584  0000        JMP 0
2585  0000        JMP 0
2586  0000        JMP 0
2587  0000        JMP 0
2588  0000        JMP 0
2589  0000        JMP 0
258A  0000        JMP 0
258B  0000        JMP 0
258C  0000        JMP 0
258D  0000        JMP 0
258E  0000        JMP 0
258F  0000        JMP 0
2590  0000        JMP 0
2591  0000        JMP 0
2592  0000        JMP 0
2593  0000        JMP 0
2594  0000        JMP 0
2595  0000        JMP 0
2596  0000        JMP 0
2597  0000        JMP 0
2598  0000        JMP 0
2599  0000        JMP 0
259A  0000        JMP 0
259B  0000        JMP 0
259C  0000        JMP 0
259D  0000        JMP 0
259E  0000        JMP 0
259F  0000        JMP 0
25A0  0000        JMP 0
25A1  0000        JMP 0
25A2  0000        JMP 0
25A3  0000        JMP 0
25A4  0000        JMP 0
25A5  0000        JMP 0
25A6  0000        JMP 0
25A7  0000        JMP 0
25A8  0000        JMP 0
25A9  0000        JMP 0
25AA  0000        JMP 0
25AB  0000        JMP 0
25AC  0000        JMP 0
25AD  0000        JMP 0
25AE  0000        JMP 0
25AF  0000        JMP 0
25B0  0000        JMP 0
25B1  0000        JMP 0
25B2  0000        JMP 0
25B3  0000        JMP 0
25B4  0000        JMP 0
25B5  0000        JMP 0
25B6  0000        JMP 0
25B7  0000        JMP 0
25B8  0000        JMP 0
25B9  0000        JMP 0
25BA  0000        JMP 0
25BB  0000        JMP 0
25BC  0000        JMP 0
25BD  0000        JMP 0
25BE  0000        JMP 0
25BF  0000        JMP 0
25C0  0000        JMP 0
25C1  0000        JMP 0
25C2  0000        JMP 0
25C3  0000        JMP 0
25C4  0000        JMP 0
25C5  0000        JMP 0
25C6  0000        JMP 0
25C7  0000        JMP 0
25C8  0000        JMP 0
25C9  0000        JMP 0
25CA  0000        JMP 0
25CB  0000        JMP 0
25CC  0000        JMP 0
25CD  0000        JMP 0
25CE  0000        JMP 0
25CF  0000        JMP 0
25D0  0000        JMP 0
25D1  0000        JMP 0
25D2  0000        JMP 0
25D3  0000        JMP 0
25D4  0000        JMP 0
25D5  0000        JMP 0
25D6  0000        JMP 0
25D7  0000        JMP 0
25D8  0000        JMP 0
25D9  0000        JMP 0
25DA  0000        JMP 0
25DB  0000        JMP 0
25DC  0000        JMP 0
25DD  0000        JMP 0
25DE  0000        JMP 0
25DF  0000        JMP 0
25E0  0000        JMP 0
25E1  0000        JMP 0
25E2  0000        JMP 0
25E3  0000        JMP 0
25E4  0000        JMP 0
25E5  0000        JMP 0
25E6  0000        JMP 0
25E7  0000        JMP 0
25E8  0000        JMP 0
25E9  0000        JMP 0
25EA  0000        JMP 0
25EB  0000        JMP 0
25EC  0000        JMP 0
25ED  0000        JMP 0
25EE  0000        JMP 0
25EF  0000        JMP 0
25F0  0000        JMP 0
25F1  0000        JMP 0
25F2  0000        JMP 0
25F3  0000        JMP 0
25F4  0000        JMP 0
25F5  0000        JMP 0
25F6  0000        JMP 0
25F7  0000        JMP 0
25F8  0000        JMP 0
25F9  0000        JMP 0
25FA  0000        JMP 0
25FB  0000        JMP 0
25FC  0000        JMP 0
25FD  0000        JMP 0
25FE  0000        JMP 0
25FF  0000        JMP 0
2600  0000        JMP 0
2601  0000        JMP 0
2602  0000        JMP 0
2603  0000        JMP 0
2604  0000        JMP 0
2605  0000        JMP 0
2606  0000        JMP 0
2607  0000        JMP 0
2608  0000        JMP 0
2609  0000        JMP 0
260A  0000        JMP 0
260B  0000        JMP 0
260C  0000        JMP 0
260D  0000        JMP 0
260E  0000        JMP 0
260F  0000        JMP 0
2610  0000        JMP 0
2611  0000        JMP 0
2612  0000        JMP 0
2613  0000        JMP 0
2614  0000        JMP 0
2615  0000        JMP 0
2616  0000        JMP 0
2617  0000        JMP 0
2618  0000        JMP 0
2619  0000        JMP 0
261A  0000        JMP 0
261B  0000        JMP 0
261C  0000        JMP 0
261D  0000        JMP 0
261E  0000        JMP 0
261F  0000        JMP 0
2620  0000        JMP 0
2621  0000        JMP 0
2622  0000        JMP 0
2623  0000        JMP 0
2624  0000        JMP 0
2625  0000        JMP 0
2626  0000        JMP 0
2627  0000        JMP 0
2628  0000        JMP 0
2629  0000        JMP 0
262A  0000        JMP 0
262B  0000        JMP 0
262C  0000        JMP 0
262D  0000        JMP 0
262E  0000        JMP 0
262F  0000        JMP 0
2630  0000        JMP 0
2631  0000        JMP 0
2632  0000        JMP 0
2633  0000        JMP 0
2634  0000        JMP 0
2635  0000        JMP 0
2636  0000        JMP 0
2637  0000        JMP 0
2638  0000        JMP 0
2639  0000        JMP 0
263A  0000        JMP 0
263B  0000        JMP 0
263C  0000        JMP 0
263D  0000        JMP 0
263E  0000        JMP 0
263F  0000        JMP 0
2640  0000        JMP 0
2641  0000        JMP 0
2642  0000        JMP 0
2643  0000        JMP 0
2644  0000        JMP 0
2645  0000        JMP 0
2646  0000        JMP 0
2647  0000        JMP 0
2648  0000        JMP 0
2649  0000        JMP 0
264A  0000        JMP 0
264B  0000        JMP 0
264C  0000        JMP 0
264D  0000        JMP 0
264E  0000        JMP 0
264F  0000        JMP 0
2650  0000        JMP 0
2651  0000        JMP 0
2652  0000        JMP 0
2653  0000        JMP 0
2654  0000        JMP 0
2655  0000        JMP 0
2656  0000        JMP 0
2657  0000        JMP 0
2658  0000        JMP 0
2659  0000        JMP 0
265A  0000        JMP 0
265B  0000        JMP 0
265C  0000        JMP 0
265D  0000        JMP 0
265E  0000        JMP 0
265F  0000        JMP 0
2660  0000        JMP 0
2661  0000        JMP 0
2662  0000        JMP 0
2663  0000        JMP 0
2664  0000        JMP 0
2665  0000        JMP 0
2666  0000        JMP 0
2667  0000        JMP 0
2668  0000        JMP 0
2669  0000        JMP 0
266A  0000        JMP 0
266B  0000        JMP 0
266C  0000        JMP 0
266D  0000        JMP 0
266E  0000        JMP 0
266F  0000        JMP 0
2670  0000        JMP 0
2671  0000        JMP 0
2672  0000        JMP 0
2673  0000        JMP 0
2674  0000        JMP 0
2675  0000        JMP 0
2676  0000        JMP 0
2677  0000        JMP 0
2678  0000        JMP 0
2679  0000        JMP 0
267A  0000        JMP 0
267B  0000        JMP 0
267C  0000        JMP 0
267D  0000        JMP 0
267E  0000        JMP 0
267F  0000        JMP 0
2680  0000        JMP 0
2681  0000        JMP 0
2682  0000        JMP 0
2683  0000        JMP 0
2684  0000        JMP 0
2685  0000        JMP 0
2686  0000        JMP 0
2687  0000        JMP 0
2688  0000        JMP 0
2689  0000        JMP 0
268A  0000        JMP 0
268B  0000        JMP 0
268C  0000        JMP 0
268D  0000        JMP 0
268E  0000        JMP 0
268F  0000        JMP 0
2690  0000        JMP 0
2691  0000        JMP 0
2692  0000        JMP 0
2693  0000        JMP 0
2694  0000        JMP 0
2695  0000        JMP 0
2696  0000        JMP 0
2697  0000        JMP 0
2698  0000        JMP 0
2699  0000        JMP 0
269A  0000        JMP 0
269B  0000        JMP 0
269C  0000        JMP 0
269D  0000        JMP 0
269E  0000        JMP 0
269F  0000        JMP 0
26A0  0000        JMP 0
26A1  0000        JMP 0
26A2  0000        JMP 0
26A3  0000        JMP 0
26A4  0000        JMP 0
26A5  0000        JMP 0
26A6  0000        JMP 0
26A7  0000        JMP 0
26A8  0000        JMP 0
26A9  0000        JMP 0
26AA  0000        JMP 0
26AB  0000        JMP 0
26AC  0000        JMP 0
26AD  0000        JMP 0
26AE  0000        JMP 0
26AF  0000        JMP 0
26B0  0000        JMP 0
26B1  0000        JMP 0
26B2  0000        JMP 0
26B3  0000        JMP 0
26B4  0000        JMP 0
26B5  0000        JMP 0
26B6  0000        JMP 0
26B7  0000        JMP 0
26B8  0000        JMP 0
26B9  0000        JMP 0
26BA  0000        JMP 0
26BB  0000        JMP 0
26BC  0000        JMP 0
26BD  0000        JMP 0
26BE  0000        JMP 0
26BF  0000        JMP 0
26C0  0000        JMP 0
26C1  0000        JMP 0
26C2  0000        JMP 0
26C3  0000        JMP 0
26C4  0000        JMP 0
26C5  0000        JMP 0
26C6  0000        JMP 0
26C7  0000        JMP 0
26C8  0000        JMP 0
26C9  0000        JMP 0
26CA  0000        JMP 0
26CB  0000        JMP 0
26CC  0000        JMP 0
26CD  0000        JMP 0
26CE  0000        JMP 0
26CF  0000        JMP 0
26D0  0000        JMP 0
26D1  0000        JMP 0
26D2  0000        JMP 0
26D3  0000        JMP 0
26D4  0000        JMP 0
26D5  0000        JMP 0
26D6  0000        JMP 0
26D7  0000        JMP 0
26D8  0000        JMP 0
26D9  0000        JMP 0
26DA  0000        JMP 0
26DB  0000        JMP 0
26DC  0000        JMP 0
26DD  0000        JMP 0
26DE  0000        JMP 0
26DF  0000        JMP 0
26E0  0000        JMP 0
26E1  0000        JMP 0
26E2  0000        JMP 0
26E3  0000        JMP 0
26E4  0000        JMP 0
26E5  0000        JMP 0
26E6  0000        JMP 0
26E7  0000        JMP 0
26E8  0000        JMP 0
26E9  0000        JMP 0
26EA  0000        JMP 0
26EB  0000        JMP 0
26EC  0000        JMP 0
26ED  0000        JMP 0
26EE  0000        JMP 0
26EF  0000        JMP 0
26F0  0000        JMP 0
26F1  0000        JMP 0
26F2  0000        JMP 0
26F3  0000        JMP 0
26F4  0000        JMP 0
26F5  0000        JMP 0
26F6  0000        JMP 0
26F7  0000        JMP 0
26F8  0000        JMP 0
26F9  0000        JMP 0
26FA  0000        JMP 0
26FB  0000        JMP 0
26FC  0000        JMP 0
26FD  0000        JMP 0
26FE  0000        JMP 0
26FF  0000        JMP 0
2700  0000        JMP 0
2701  0000        JMP 0
2702  0000        JMP 0
2703  0000        JMP 0
2704  0000        JMP 0
2705  0000        JMP 0
2706  0000        JMP 0
2707  0000        JMP 0
2708  0000        JMP 0
2709  0000        JMP 0
270A  0000        JMP 0
270B  0000        JMP 0
270C  0000        JMP 0
270D  0000        JMP 0
270E  0000        JMP 0
270F  0000        JMP 0
2710  0000        JMP 0
2711  0000        JMP 0
2712  0000        JMP 0
2713  0000        JMP 0
2714  0000        JMP 0
2715  0000        JMP 0
2716  0000        JMP 0
2717  0000        JMP 0
2718  0000        JMP 0
2719  0000        JMP 0
271A  0000        JMP 0
271B  0000        JMP 0
271C  0000        JMP 0
271D  0000        JMP 0
271E  0000        JMP 0
271F  0000        JMP 0
2720  0000        JMP 0
2721  0000        JMP 0
2722  0000        JMP 0
2723  0000        JMP 0
2724  0000        JMP 0
2725  0000        JMP 0
2726  0000        JMP 0
2727  0000        JMP 0
2728  0000        JMP 0
2729  0000        JMP 0
272A  0000        JMP 0
272B  0000        JMP 0
272C  0000        JMP 0
272D  0000        JMP 0
272E  0000        JMP 0
272F  0000        JMP 0
2730  0000        JMP 0
2731  0000        JMP 0
2732  0000        JMP 0
2733  0000        JMP 0
2734  0000        JMP 0
2735  0000        JMP 0
2736  0000        JMP 0
2737  0000        JMP 0
2738  0000        JMP 0
2739  0000        JMP 0
273A  0000        JMP 0
273B  0000        JMP 0
273C  0000        JMP 0
273D  0000        JMP 0
273E  0000        JMP 0
273F  0000        JMP 0
2740  0000        JMP 0
2741  0000        JMP 0
2742  0000        JMP 0
2743  0000        JMP 0
2744  0000        JMP 0
2745  0000        JMP 0
2746  0000        JMP 0
2747  0000        JMP 0
2748  0000        JMP 0
2749  0000        JMP 0
274A  0000        JMP 0
274B  0000        JMP 0
274C  0000        JMP 0
274D  0000        JMP 0
274E  0000        JMP 0
274F  0000        JMP 0
2750  0000        JMP 0
2751  0000        JMP 0
2752  0000        JMP 0
2753  0000        JMP 0
2754  0000        JMP 0
2755  0000        JMP 0
2756  0000        JMP 0
2757  0000        JMP 0
2758  0000        JMP 0
2759  0000        JMP 0
275A  0000        JMP 0
275B  0000        JMP 0
275C  0000        JMP 0
275D  0000        JMP 0
275E  0000        JMP 0
275F  0000        JMP 0
2760  0000        JMP 0
2761  0000        JMP 0
2762  0000        JMP 0
2763  0000        JMP 0
2764  0000        JMP 0
2765  0000        JMP 0
2766  0000        JMP 0
2767  0000        JMP 0
2768  0000        JMP 0
2769  0000        JMP 0
276A  0000        JMP 0
276B  0000        JMP 0
276C  0000        JMP 0
276D  0000        JMP 0
276E  0000        JMP 0
276F  0000        JMP 0
2770  0000        JMP 0
2771  0000        JMP 0
2772  0000        JMP 0
2773  0000        JMP 0
2774  0000        JMP 0
2775  0000        JMP 0
2776  0000        JMP 0
2777  0000        JMP 0
2778  0000        JMP 0
2779  0000        JMP 0
277A  0000        JMP 0
277B  0000        JMP 0
277C  0000        JMP 0
277D  0000        JMP 0
277E  0000        JMP 0
277F  0000        JMP 0
2780  0000        JMP 0
2781  0000        JMP 0
2782  0000        JMP 0
2783  0000        JMP 0
2784  0000        JMP 0
2785  0000        JMP 0
2786  0000        JMP 0
2787  0000        JMP 0
2788  0000        JMP 0
2789  0000        JMP 0
278A  0000        JMP 0
278B  0000        JMP 0
278C  0000        JMP 0
278D  0000        JMP 0
278E  0000        JMP 0
278F  0000        JMP 0
2790  0000        JMP 0
2791  0000        JMP 0
2792  0000        JMP 0
2793  0000        JMP 0
2794  0000        JMP 0
2795  0000        JMP 0
2796  0000        JMP 0
2797  0000        JMP 0
2798  0000        JMP 0
2799  0000        JMP 0
279A  0000        JMP 0
279B  0000        JMP 0
279C  0000        JMP 0
279D  0000        JMP 0
279E  0000        JMP 0
279F  0000        JMP 0
27A0  0000        JMP 0
27A1  0000        JMP 0
27A2  0000        JMP 0
27A3  0000        JMP 0
27A4  0000        JMP 0
27A5  0000        JMP 0
27A6  0000        JMP 0
27A7  0000        JMP 0
27A8  0000        JMP 0
27A9  0000        JMP 0
27AA  0000        JMP 0
27AB  0000        JMP 0
27AC  0000        JMP 0
27AD  0000        JMP 0
27AE  0000        JMP 0
27AF  0000        JMP 0
27B0  0000        JMP 0
27B1  0000        JMP 0
27B2  0000        JMP 0
27B3  0000        JMP 0
27B4  0000        JMP 0
27B5  0000        JMP 0
27B6  0000        JMP 0
27B7  0000        JMP 0
27B8  0000        JMP 0
27B9  0000        JMP 0
27BA  0000        JMP 0
27BB  0000        JMP 0
27BC  0000        JMP 0
27BD  0000        JMP 0
27BE  0000        JMP 0
27BF  0000        JMP 0
27C0  0000        JMP 0
27C1  0000        JMP 0
27C2  0000        JMP 0
27C3  0000        JMP 0
27C4  0000        JMP 0
27C5  0000        JMP 0
27C6  0000        JMP 0
27C7  0000        JMP 0
27C8  0000        JMP 0
27C9  0000        JMP 0
27CA  0000        JMP 0
27CB  0000        JMP 0
27CC  0000        JMP 0
27CD  0000        JMP 0
27CE  0000        JMP 0
27CF  0000        JMP 0
27D0  0000        JMP 0
27D1  0000        JMP 0
27D2  0000        JMP 0
27D3  0000        JMP 0
27D4  0000        JMP 0
27D5  0000        JMP 0
27D6  0000        JMP 0
27D7  0000        JMP 0
27D8  0000        JMP 0
27D9  0000        JMP 0
27DA  0000        JMP 0
27DB  0000        JMP 0
27DC  0000        JMP 0
27DD  0000        JMP 0
27DE  0000        JMP 0
27DF  0000        JMP 0
27E0  0000        JMP 0
27E1  0000        JMP 0
27E2  0000        JMP 0
27E3  0000        JMP 0
27E4  0000        JMP 0
27E5  0000        JMP 0
27E6  0000        JMP 0
27E7  0000        JMP 0
27E8  0000        JMP 0
27E9  0000        JMP 0
27EA  0000        JMP 0
27EB  0000        JMP 0
27EC  0000        JMP 0
27ED  0000        JMP 0
27EE  0000        JMP 0
27EF  0000        JMP 0
27F0  0000        JMP 0
27F1  0000        JMP 0
27F2  0000        JMP 0
27F3  0000        JMP 0
27F4  0000        JMP 0
27F5  0000        JMP 0
27F6  0000        JMP 0
27F7  0000        JMP 0
27F8  0000        JMP 0
27F9  0000        JMP 0
27FA  0000        JMP 0
27FB  0000        JMP 0
27FC  0000        JMP 0
27FD  0000        JMP 0
27FE  0000        JMP 0
27FF  0000        JMP 0
2800  0000        JMP 0
2801  0000        JMP 0
2802  0000        JMP 0
2803  0000        JMP 0
2804  0000        JMP 0
2805  0000        JMP 0
2806  0000        JMP 0
2807  0000        JMP 0
2808  0000        JMP 0
2809  0000        JMP 0
280A  0000        JMP 0
280B  0000        JMP 0
280C  0000        JMP 0
280D  0000        JMP 0
280E  0000        JMP 0
280F  0000        JMP 0
2810  0000        JMP 0
2811  0000        JMP 0
2812  0000        JMP 0
2813  0000        JMP 0
2814  0000        JMP 0
2815  0000        JMP 0
2816  0000        JMP 0
2817  0000        JMP 0
2818  0000        JMP 0
2819  0000        JMP 0
281A  0000        JMP 0
281B  0000        JMP 0
281C  0000        JMP 0
281D  0000        JMP 0
281E  0000        JMP 0
281F  0000        JMP 0
2820  0000        JMP 0
2821  0000        JMP 0
2822  0000        JMP 0
2823  0000        JMP 0
2824  0000        JMP 0
2825  0000        JMP 0
2826  0000        JMP 0
2827  0000        JMP 0
2828  0000        JMP 0
2829  0000        JMP 0
282A  0000        JMP 0
282B  0000        JMP 0
282C  0000        JMP 0
282D  0000        JMP 0
282E  0000        JMP 0
282F  0000        JMP 0
2830  0000        JMP 0
2831  0000        JMP 0
2832  0000        JMP 0
2833  0000        JMP 0
2834  0000        JMP 0
2835  0000        JMP 0
2836  0000        JMP 0
2837  0000        JMP 0
2838  0000        JMP 0
2839  0000        JMP 0
283A  0000        JMP 0
283B  0000        JMP 0
283C  0000        JMP 0
283D  0000        JMP 0
283E  0000        JMP 0
283F  0000        JMP 0
2840  0000        JMP 0
2841  0000        JMP 0
2842  0000        JMP 0
2843  0000        JMP 0
2844  0000        JMP 0
2845  0000        JMP 0
2846  0000        JMP 0
2847  0000        JMP 0
2848  0000        JMP 0
2849  0000        JMP 0
284A  0000        JMP 0
284B  0000        JMP 0
284C  0000        JMP 0
284D  0000        JMP 0
284E  0000        JMP 0
284F  0000        JMP 0
2850  0000        JMP 0
2851  0000        JMP 0
2852  0000        JMP 0
2853  0000        JMP 0
2854  0000        JMP 0
2855  0000        JMP 0
2856  0000        JMP 0
2857  0000        JMP 0
2858  0000        JMP 0
2859  0000        JMP 0
285A  0000        JMP 0
285B  0000        JMP 0
285C  0000        JMP 0
285D  0000        JMP 0
285E  0000        JMP 0
285F  0000        JMP 0
2860  0000        JMP 0
2861  0000        JMP 0
2862  0000        JMP 0
2863  0000        JMP 0
2864  0000        JMP 0
2865  0000        JMP 0
2866  0000        JMP 0
2867  0000        JMP 0
2868  0000        JMP 0
2869  0000        JMP 0
286A  0000        JMP 0
286B  0000        JMP 0
286C  0000        JMP 0
286D  0000        JMP 0
286E  0000        JMP 0
286F  0000        JMP 0
2870  0000        JMP 0
2871  0000        JMP 0
2872  0000        JMP 0
2873  0000        JMP 0
2874  0000        JMP 0
2875  0000        JMP 0
2876  0000        JMP 0
2877  0000        JMP 0
2878  0000        JMP 0
2879  0000        JMP 0
287A  0000        JMP 0
287B  0000        JMP 0
287C  0000        JMP 0
287D  0000        JMP 0
287E  0000        JMP 0
287F  0000        JMP 0
2880  0000        JMP 0
2881  0000        JMP 0
2882  0000        JMP 0
2883  0000        JMP 0
2884  0000        JMP 0
2885  0000        JMP 0
2886  0000        JMP 0
2887  0000        JMP 0
2888  0000        JMP 0
2889  0000        JMP 0
288A  0000        JMP 0
288B  0000        JMP 0
288C  0000        JMP 0
288D  0000        JMP 0
288E  0000        JMP 0
288F  0000        JMP 0
2890  0000        JMP 0
2891  0000        JMP 0
2892  0000        JMP 0
2893  0000        JMP 0
2894  0000        JMP 0
2895  0000        JMP 0
2896  0000        JMP 0
2897  0000        JMP 0
2898  0000        JMP 0
2899  0000        JMP 0
289A  0000        JMP 0
289B  0000        JMP 0
289C  0000        JMP 0
289D  0000        JMP 0
289E  0000        JMP 0
289F  0000        JMP 0
28A0  0000        JMP 0
28A1  0000        JMP 0
28A2  0000        JMP 0
28A3  0000        JMP 0
28A4  0000        JMP 0
28A5  0000        JMP 0
28A6  0000        JMP 0
28A7  0000        JMP 0
28A8  0000        JMP 0
28A9  0000        JMP 0
28AA  0000        JMP 0
28AB  0000        JMP 0
28AC  0000        JMP 0
28AD  0000        JMP 0
28AE  0000        JMP 0
28AF  0000        JMP 0
28B0  0000        JMP 0
28B1  0000        JMP 0
28B2  0000        JMP 0
28B3  0000        JMP 0
28B4  0000        JMP 0
28B5  0000        JMP 0
28B6  0000        JMP 0
28B7  0000        JMP 0
28B8  0000        JMP 0
28B9  0000        JMP 0
28BA  0000        JMP 0
28BB  0000        JMP 0
28BC  0000        JMP 0
28BD  0000        JMP 0
28BE  0000        JMP 0
28BF  0000        JMP 0
28C0  0000        JMP 0
28C1  0000        JMP 0
28C2  0000        JMP 0
28C3  0000        JMP 0
28C4  0000        JMP 0
28C5  0000        JMP 0
28C6  0000        JMP 0
28C7  0000        JMP 0
28C8  0000        JMP 0
28C9  0000        JMP 0
28CA  0000        JMP 0
28CB  0000        JMP 0
28CC  0000        JMP 0
28CD  0000        JMP 0
28CE  0000        JMP 0
28CF  0000        JMP 0
28D0  0000        JMP 0
28D1  0000        JMP 0
28D2  0000        JMP 0
28D3  0000        JMP 0
28D4  0000        JMP 0
28D5  0000        JMP 0
28D6  0000        JMP 0
28D7  0000        JMP 0
28D8  0000        JMP 0
28D9  0000        JMP 0
28DA  0000        JMP 0
28DB  0000        JMP 0
28DC  0000        JMP 0
28DD  0000        JMP 0
28DE  0000        JMP 0
28DF  0000        JMP 0
28E0  0000        JMP 0
28E1  0000        JMP 0
28E2  0000        JMP 0
28E3  0000        JMP 0
28E4  0000        JMP 0
28E5  0000        JMP 0
28E6  0000        JMP 0
28E7  0000        JMP 0
28E8  0000        JMP 0
28E9  0000        JMP 0
28EA  0000        JMP 0
28EB  0000        JMP 0
28EC  0000        JMP 0
28ED  0000        JMP 0
28EE  0000        JMP 0
28EF  0000        JMP 0
28F0  0000        JMP 0
28F1  0000        JMP 0
28F2  0000        JMP 0
28F3  0000        JMP 0
28F4  0000        JMP 0
28F5  0000        JMP 0
28F6  0000        JMP 0
28F7  0000        JMP 0
28F8  0000        JMP 0
28F9  0000        JMP 0
28FA  0000        JMP 0
28FB  0000        JMP 0
28FC  0000        JMP 0
28FD  0000        JMP 0
28FE  0000        JMP 0
28FF  0000        JMP 0
2900  0000        JMP 0
2901  0000        JMP 0
2902  0000        JMP 0
2903  0000        JMP 0
2904  0000        JMP 0
2905  0000        JMP 0
2906  0000        JMP 0
2907  0000        JMP 0
2908  0000        JMP 0
2909  0000        JMP 0
290A  0000        JMP 0
290B  0000        JMP 0
290C  0000        JMP 0
290D  0000        JMP 0
290E  0000        JMP 0
290F  0000        JMP 0
2910  0000        JMP 0
2911  0000        JMP 0
2912  0000        JMP 0
2913  0000        JMP 0
2914  0000        JMP 0
2915  0000        JMP 0
2916  0000        JMP 0
2917  0000        JMP 0
2918  0000        JMP 0
2919  0000        JMP 0
291A  0000        JMP 0
291B  0000        JMP 0
291C  0000        JMP 0
291D  0000        JMP 0
291E  0000        JMP 0
291F  0000        JMP 0
2920  0000        JMP 0
2921  0000        JMP 0
2922  0000        JMP 0
2923  0000        JMP 0
2924  0000        JMP 0
2925  0000        JMP 0
2926  0000        JMP 0
2927  0000        JMP 0
2928  0000        JMP 0
2929  0000        JMP 0
292A  0000        JMP 0
292B  0000        JMP 0
292C  0000        JMP 0
292D  0000        JMP 0
292E  0000        JMP 0
292F  0000        JMP 0
2930  0000        JMP 0
2931  0000        JMP 0
2932  0000        JMP 0
2933  0000        JMP 0
2934  0000        JMP 0
2935  0000        JMP 0
2936  0000        JMP 0
2937  0000        JMP 0
2938  0000        JMP 0
2939  0000        JMP 0
293A  0000        JMP 0
293B  0000        JMP 0
293C  0000        JMP 0
293D  0000        JMP 0
293E  0000        JMP 0
293F  0000        JMP 0
2940  0000        JMP 0
2941  0000        JMP 0
2942  0000        JMP 0
2943  0000        JMP 0
2944  0000        JMP 0
2945  0000        JMP 0
2946  0000        JMP 0
2947  0000        JMP 0
2948  0000        JMP 0
2949  0000        JMP 0
294A  0000        JMP 0
294B  0000        JMP 0
294C  0000        JMP 0
294D  0000        JMP 0
294E  0000        JMP 0
294F  0000        JMP 0
2950  0000        JMP 0
2951  0000        JMP 0
2952  0000        JMP 0
2953  0000        JMP 0
2954  0000        JMP 0
2955  0000        JMP 0
2956  0000        JMP 0
2957  0000        JMP 0
2958  0000        JMP 0
2959  0000        JMP 0
295A  0000        JMP 0
295B  0000        JMP 0
295C  0000        JMP 0
295D  0000        JMP 0
295E  0000        JMP 0
295F  0000        JMP 0
2960  0000        JMP 0
2961  0000        JMP 0
2962  0000        JMP 0
2963  0000        JMP 0
2964  0000        JMP 0
2965  0000        JMP 0
2966  0000        JMP 0
2967  0000        JMP 0
2968  0000        JMP 0
2969  0000        JMP 0
296A  0000        JMP 0
296B  0000        JMP 0
296C  0000        JMP 0
296D  0000        JMP 0
296E  0000        JMP 0
296F  0000        JMP 0
2970  0000        JMP 0
2971  0000        JMP 0
2972  0000        JMP 0
2973  0000        JMP 0
2974  0000        JMP 0
2975  0000        JMP 0
2976  0000        JMP 0
2977  0000        JMP 0
2978  0000        JMP 0
2979  0000        JMP 0
297A  0000        JMP 0
297B  0000        JMP 0
297C  0000        JMP 0
297D  0000        JMP 0
297E  0000        JMP 0
297F  0000        JMP 0
2980  0000        JMP 0
2981  0000        JMP 0
2982  0000        JMP 0
2983  0000        JMP 0
2984  0000        JMP 0
2985  0000        JMP 0
2986  0000        JMP 0
2987  0000        JMP 0
2988  0000        JMP 0
2989  0000        JMP 0
298A  0000        JMP 0
298B  0000        JMP 0
298C  0000        JMP 0
298D  0000        JMP 0
298E  0000        JMP 0
298F  0000        JMP 0
2990  0000        JMP 0
2991  0000        JMP 0
2992  0000        JMP 0
2993  0000        JMP 0
2994  0000        JMP 0
2995  0000        JMP 0
2996  0000        JMP 0
2997  0000        JMP 0
2998  0000        JMP 0
2999  0000        JMP 0
299A  0000        JMP 0
299B  0000        JMP 0
299C  0000        JMP 0
299D  0000        JMP 0
299E  0000        JMP 0
299F  0000        JMP 0
29A0  0000        JMP 0
29A1  0000        JMP 0
29A2  0000        JMP 0
29A3  0000        JMP 0
29A4  0000        JMP 0
29A5  0000        JMP 0
29A6  0000        JMP 0
29A7  0000        JMP 0
29A8  0000        JMP 0
29A9  0000        JMP 0
29AA  0000        JMP 0
29AB  0000        JMP 0
29AC  0000        JMP 0
29AD  0000        JMP 0
29AE  0000        JMP 0
29AF  0000        JMP 0
29B0  0000        JMP 0
29B1  0000        JMP 0
29B2  0000        JMP 0
29B3  0000        JMP 0
29B4  0000        JMP 0
29B5  0000        JMP 0
29B6  0000        JMP 0
29B7  0000        JMP 0
29B8  0000        JMP 0
29B9  0000        JMP 0
29BA  0000        JMP 0
29BB  0000        JMP 0
29BC  0000        JMP 0
29BD  0000        JMP 0
29BE  0000        JMP 0
29BF  0000        JMP 0
29C0  0000        JMP 0
29C1  0000        JMP 0
29C2  0000        JMP 0
29C3  0000        JMP 0
29C4  0000        JMP 0
29C5  0000        JMP 0
29C6  0000        JMP 0
29C7  0000        JMP 0
29C8  0000        JMP 0
29C9  0000        JMP 0
29CA  0000        JMP 0
29CB  0000        JMP 0
29CC  0000        JMP 0
29CD  0000        JMP 0
29CE  0000        JMP 0
29CF  0000        JMP 0
29D0  0000        JMP 0
29D1  0000        JMP 0
29D2  0000        JMP 0
29D3  0000        JMP 0
29D4  0000        JMP 0
29D5  0000        JMP 0
29D6  0000        JMP 0
29D7  0000        JMP 0
29D8  0000        JMP 0
29D9  0000        JMP 0
29DA  0000        JMP 0
29DB  0000        JMP 0
29DC  0000        JMP 0
29DD  0000        JMP 0
29DE  0000        JMP 0
29DF  0000        JMP 0
29E0  0000        JMP 0
29E1  0000        JMP 0
29E2  0000        JMP 0
29E3  0000        JMP 0
29E4  0000        JMP 0
29E5  0000        JMP 0
29E6  0000        JMP 0
29E7  0000        JMP 0
29E8  0000        JMP 0
29E9  0000        JMP 0
29EA  0000        JMP 0
29EB  0000        JMP 0
29EC  0000        JMP 0
29ED  0000        JMP 0
29EE  0000        JMP 0
29EF  0000        JMP 0
29F0  0000        JMP 0
29F1  0000        JMP 0
29F2  0000        JMP 0
29F3  0000        JMP 0
29F4  0000        JMP 0
29F5  0000        JMP 0
29F6  0000        JMP 0
29F7  0000        JMP 0
29F8  0000        JMP 0
29F9  0000        JMP 0
29FA  0000        JMP 0
29FB  0000        JMP 0
29FC  0000        JMP 0
29FD  0000        JMP 0
29FE  0000        JMP 0
29FF  0000        JMP 0
2A00  0000        JMP 0
2A01  0000        JMP 0
2A02  0000        JMP 0
2A03  0000        JMP 0
2A04  0000        JMP 0
2A05  0000        JMP 0
2A06  0000        JMP 0
2A07  0000        JMP 0
2A08  0000        JMP 0
2A09  0000        JMP 0
2A0A  0000        JMP 0
2A0B  0000        JMP 0
2A0C  0000        JMP 0
2A0D  0000        JMP 0
2A0E  0000        JMP 0
2A0F  0000        JMP 0
2A10  0000        JMP 0
2A11  0000        JMP 0
2A12  0000        JMP 0
2A13  0000        JMP 0
2A14  0000        JMP 0
2A15  0000        JMP 0
2A16  0000        JMP 0
2A17  0000        JMP 0
2A18  0000        JMP 0
2A19  0000        JMP 0
2A1A  0000        JMP 0
2A1B  0000        JMP 0
2A1C  0000        JMP 0
2A1D  0000        JMP 0
2A1E  0000        JMP 0
2A1F  0000        JMP 0
2A20  0000        JMP 0
2A21  0000        JMP 0
2A22  0000        JMP 0
2A23  0000        JMP 0
2A24  0000        JMP 0
2A25  0000        JMP 0
2A26  0000        JMP 0
2A27  0000        JMP 0
2A28  0000        JMP 0
2A29  0000        JMP 0
2A2A  0000        JMP 0
2A2B  0000        JMP 0
2A2C  0000        JMP 0
2A2D  0000        JMP 0
2A2E  0000        JMP 0
2A2F  0000        JMP 0
2A30  0000        JMP 0
2A31  0000        JMP 0
2A32  0000        JMP 0
2A33  0000        JMP 0
2A34  0000        JMP 0
2A35  0000        JMP 0
2A36  0000        JMP 0
2A37  0000        JMP 0
2A38  0000        JMP 0
2A39  0000        JMP 0
2A3A  0000        JMP 0
2A3B  0000        JMP 0
2A3C  0000        JMP 0
2A3D  0000        JMP 0
2A3E  0000        JMP 0
2A3F  0000        JMP 0
2A40  0000        JMP 0
2A41  0000        JMP 0
2A42  0000        JMP 0
2A43  0000        JMP 0
2A44  0000        JMP 0
2A45  0000        JMP 0
2A46  0000        JMP 0
2A47  0000        JMP 0
2A48  0000        JMP 0
2A49  0000        JMP 0
2A4A  0000        JMP 0
2A4B  0000        JMP 0
2A4C  0000        JMP 0
2A4D  0000        JMP 0
2A4E  0000        JMP 0
2A4F  0000        JMP 0
2A50  0000        JMP 0
2A51  0000        JMP 0
2A52  0000        JMP 0
2A53  0000        JMP 0
2A54  0000        JMP 0
2A55  0000        JMP 0
2A56  0000        JMP 0
2A57  0000        JMP 0
2A58  0000        JMP 0
2A59  0000        JMP 0
2A5A  0000        JMP 0
2A5B  0000        JMP 0
2A5C  0000        JMP 0
2A5D  0000        JMP 0
2A5E  0000        JMP 0
2A5F  0000        JMP 0
2A60  0000        JMP 0
2A61  0000        JMP 0
2A62  0000        JMP 0
2A63  0000        JMP 0
2A64  0000        JMP 0
2A65  0000        JMP 0
2A66  0000        JMP 0
2A67  0000        JMP 0
2A68  0000        JMP 0
2A69  0000        JMP 0
2A6A  0000        JMP 0
2A6B  0000        JMP 0
2A6C  0000        JMP 0
2A6D  0000        JMP 0
2A6E  0000        JMP 0
2A6F  0000        JMP 0
2A70  0000        JMP 0
2A71  0000        JMP 0
2A72  0000        JMP 0
2A73  0000        JMP 0
2A74  0000        JMP 0
2A75  0000        JMP 0
2A76  0000        JMP 0
2A77  0000        JMP 0
2A78  0000        JMP 0
2A79  0000        JMP 0
2A7A  0000        JMP 0
2A7B  0000        JMP 0
2A7C  0000        JMP 0
2A7D  0000        JMP 0
2A7E  0000        JMP 0
2A7F  0000        JMP 0
2A80  0000        JMP 0
2A81  0000        JMP 0
2A82  0000        JMP 0
2A83  0000        JMP 0
2A84  0000        JMP 0
2A85  0000        JMP 0
2A86  0000        JMP 0
2A87  0000        JMP 0
2A88  0000        JMP 0
2A89  0000        JMP 0
2A8A  0000        JMP 0
2A8B  0000        JMP 0
2A8C  0000        JMP 0
2A8D  0000        JMP 0
2A8E  0000        JMP 0
2A8F  0000        JMP 0
2A90  0000        JMP 0
2A91  0000        JMP 0
2A92  0000        JMP 0
2A93  0000        JMP 0
2A94  0000        JMP 0
2A95  0000        JMP 0
2A96  0000        JMP 0
2A97  0000        JMP 0
2A98  0000        JMP 0
2A99  0000        JMP 0
2A9A  0000        JMP 0
2A9B  0000        JMP 0
2A9C  0000        JMP 0
2A9D  0000        JMP 0
2A9E  0000        JMP 0
2A9F  0000        JMP 0
2AA0  0000        JMP 0
2AA1  0000        JMP 0
2AA2  0000        JMP 0
2AA3  0000        JMP 0
2AA4  0000        JMP 0
2AA5  0000        JMP 0
2AA6  0000        JMP 0
2AA7  0000        JMP 0
2AA8  0000        JMP 0
2AA9  0000        JMP 0
2AAA  0000        JMP 0
2AAB  0000        JMP 0
2AAC  0000        JMP 0
2AAD  0000        JMP 0
2AAE  0000        JMP 0
2AAF  0000        JMP 0
2AB0  0000        JMP 0
2AB1  0000        JMP 0
2AB2  0000        JMP 0
2AB3  0000        JMP 0
2AB4  0000        JMP 0
2AB5  0000        JMP 0
2AB6  0000        JMP 0
2AB7  0000        JMP 0
2AB8  0000        JMP 0
2AB9  0000        JMP 0
2ABA  0000        JMP 0
2ABB  0000        JMP 0
2ABC  0000        JMP 0
2ABD  0000        JMP 0
2ABE  0000        JMP 0
2ABF  0000        JMP 0
2AC0  0000        JMP 0
2AC1  0000        JMP 0
2AC2  0000        JMP 0
2AC3  0000        JMP 0
2AC4  0000        JMP 0
2AC5  0000        JMP 0
2AC6  0000        JMP 0
2AC7  0000        JMP 0
2AC8  0000        JMP 0
2AC9  0000        JMP 0
2ACA  0000        JMP 0
2ACB  0000        JMP 0
2ACC  0000        JMP 0
2ACD  0000        JMP 0
2ACE  0000        JMP 0
2ACF  0000        JMP 0
2AD0  0000        JMP 0
2AD1  0000        JMP 0
2AD2  0000        JMP 0
2AD3  0000        JMP 0
2AD4  0000        JMP 0
2AD5  0000        JMP 0
2AD6  0000        JMP 0
2AD7  0000        JMP 0
2AD8  0000        JMP 0
2AD9  0000        JMP 0
2ADA  0000        JMP 0
2ADB  0000        JMP 0
2ADC  0000        JMP 0
2ADD  0000        JMP 0
2ADE  0000        JMP 0
2ADF  0000        JMP 0
2AE0  0000        JMP 0
2AE1  0000        JMP 0
2AE2  0000        JMP 0
2AE3  0000        JMP 0
2AE4  0000        JMP 0
2AE5  0000        JMP 0
2AE6  0000        JMP 0
2AE7  0000        JMP 0
2AE8  0000        JMP 0
2AE9  0000        JMP 0
2AEA  0000        JMP 0
2AEB  0000        JMP 0
2AEC  0000        JMP 0
2AED  0000        JMP 0
2AEE  0000        JMP 0
2AEF  0000        JMP 0
2AF0  0000        JMP 0
2AF1  0000        JMP 0
2AF2  0000        JMP 0
2AF3  0000        JMP 0
2AF4  0000        JMP 0
2AF5  0000        JMP 0
2AF6  0000        JMP 0
2AF7  0000        JMP 0
2AF8  0000        JMP 0
2AF9  0000        JMP 0
2AFA  0000        JMP 0
2AFB  0000        JMP 0
2AFC  0000        JMP 0
2AFD  0000        JMP 0
2AFE  0000        JMP 0
2AFF  0000        JMP 0
2B00  0000        JMP 0
2B01  0000        JMP 0
2B02  0000        JMP 0
2B03  0000        JMP 0
2B04  0000        JMP 0
2B05  0000        JMP 0
2B06  0000        JMP 0
2B07  0000        JMP 0
2B08  0000        JMP 0
2B09  0000        JMP 0
2B0A  0000        JMP 0
2B0B  0000        JMP 0
2B0C  0000        JMP 0
2B0D  0000        JMP 0
2B0E  0000        JMP 0
2B0F  0000        JMP 0
2B10  0000        JMP 0
2B11  0000        JMP 0
2B12  0000        JMP 0
2B13  0000        JMP 0
2B14  0000        JMP 0
2B15  0000        JMP 0
2B16  0000        JMP 0
2B17  0000        JMP 0
2B18  0000        JMP 0
2B19  0000        JMP 0
2B1A  0000        JMP 0
2B1B  0000        JMP 0
2B1C  0000        JMP 0
2B1D  0000        JMP 0
2B1E  0000        JMP 0
2B1F  0000        JMP 0
2B20  0000        JMP 0
2B21  0000        JMP 0
2B22  0000        JMP 0
2B23  0000        JMP 0
2B24  0000        JMP 0
2B25  0000        JMP 0
2B26  0000        JMP 0
2B27  0000        JMP 0
2B28  0000        JMP 0
2B29  0000        JMP 0
2B2A  0000        JMP 0
2B2B  0000        JMP 0
2B2C  0000        JMP 0
2B2D  0000        JMP 0
2B2E  0000        JMP 0
2B2F  0000        JMP 0
2B30  0000        JMP 0
2B31  0000        JMP 0
2B32  0000        JMP 0
2B33  0000        JMP 0
2B34  0000        JMP 0
2B35  0000        JMP 0
2B36  0000        JMP 0
2B37  0000        JMP 0
2B38  0000        JMP 0
2B39  0000        JMP 0
2B3A  0000        JMP 0
2B3B  0000        JMP 0
2B3C  0000        JMP 0
2B3D  0000        JMP 0
2B3E  0000        JMP 0
2B3F  0000        JMP 0
2B40  0000        JMP 0
2B41  0000        JMP 0
2B42  0000        JMP 0
2B43  0000        JMP 0
2B44  0000        JMP 0
2B45  0000        JMP 0
2B46  0000        JMP 0
2B47  0000        JMP 0
2B48  0000        JMP 0
2B49  0000        JMP 0
2B4A  0000        JMP 0
2B4B  0000        JMP 0
2B4C  0000        JMP 0
2B4D  0000        JMP 0
2B4E  0000        JMP 0
2B4F  0000        JMP 0
2B50  0000        JMP 0
2B51  0000        JMP 0
2B52  0000        JMP 0
2B53  0000        JMP 0
2B54  0000        JMP 0
2B55  0000        JMP 0
2B56  0000        JMP 0
2B57  0000        JMP 0
2B58  0000        JMP 0
2B59  0000        JMP 0
2B5A  0000        JMP 0
2B5B  0000        JMP 0
2B5C  0000        JMP 0
2B5D  0000        JMP 0
2B5E  0000        JMP 0
2B5F  0000        JMP 0
2B60  0000        JMP 0
2B61  0000        JMP 0
2B62  0000        JMP 0
2B63  0000        JMP 0
2B64  0000        JMP 0
2B65  0000        JMP 0
2B66  0000        JMP 0
2B67  0000        JMP 0
2B68  0000        JMP 0
2B69  0000        JMP 0
2B6A  0000        JMP 0
2B6B  0000        JMP 0
2B6C  0000        JMP 0
2B6D  0000        JMP 0
2B6E  0000        JMP 0
2B6F  0000        JMP 0
2B70  0000        JMP 0
2B71  0000        JMP 0
2B72  0000        JMP 0
2B73  0000        JMP 0
2B74  0000        JMP 0
2B75  0000        JMP 0
2B76  0000        JMP 0
2B77  0000        JMP 0
2B78  0000        JMP 0
2B79  0000        JMP 0
2B7A  0000        JMP 0
2B7B  0000        JMP 0
2B7C  0000        JMP 0
2B7D  0000        JMP 0
2B7E  0000        JMP 0
2B7F  0000        JMP 0
2B80  0000        JMP 0
2B81  0000        JMP 0
2B82  0000        JMP 0
2B83  0000        JMP 0
2B84  0000        JMP 0
2B85  0000        JMP 0
2B86  0000        JMP 0
2B87  0000        JMP 0
2B88  0000        JMP 0
2B89  0000        JMP 0
2B8A  0000        JMP 0
2B8B  0000        JMP 0
2B8C  0000        JMP 0
2B8D  0000        JMP 0
2B8E  0000        JMP 0
2B8F  0000        JMP 0
2B90  0000        JMP 0
2B91  0000        JMP 0
2B92  0000        JMP 0
2B93  0000        JMP 0
2B94  0000        JMP 0
2B95  0000        JMP 0
2B96  0000        JMP 0
2B97  0000        JMP 0
2B98  0000        JMP 0
2B99  0000        JMP 0
2B9A  0000        JMP 0
2B9B  0000        JMP 0
2B9C  0000        JMP 0
2B9D  0000        JMP 0
2B9E  0000        JMP 0
2B9F  0000        JMP 0
2BA0  0000        JMP 0
2BA1  0000        JMP 0
2BA2  0000        JMP 0
2BA3  0000        JMP 0
2BA4  0000        JMP 0
2BA5  0000        JMP 0
2BA6  0000        JMP 0
2BA7  0000        JMP 0
2BA8  0000        JMP 0
2BA9  0000        JMP 0
2BAA  0000        JMP 0
2BAB  0000        JMP 0
2BAC  0000        JMP 0
2BAD  0000        JMP 0
2BAE  0000        JMP 0
2BAF  0000        JMP 0
2BB0  0000        JMP 0
2BB1  0000        JMP 0
2BB2  0000        JMP 0
2BB3  0000        JMP 0
2BB4  0000        JMP 0
2BB5  0000        JMP 0
2BB6  0000        JMP 0
2BB7  0000        JMP 0
2BB8  0000        JMP 0
2BB9  0000        JMP 0
2BBA  0000        JMP 0
2BBB  0000        JMP 0
2BBC  0000        JMP 0
2BBD  0000        JMP 0
2BBE  0000        JMP 0
2BBF  0000        JMP 0
2BC0  0000        JMP 0
2BC1  0000        JMP 0
2BC2  0000        JMP 0
2BC3  0000        JMP 0
2BC4  0000        JMP 0
2BC5  0000        JMP 0
2BC6  0000        JMP 0
2BC7  0000        JMP 0
2BC8  0000        JMP 0
2BC9  0000        JMP 0
2BCA  0000        JMP 0
2BCB  0000        JMP 0
2BCC  0000        JMP 0
2BCD  0000        JMP 0
2BCE  0000        JMP 0
2BCF  0000        JMP 0
2BD0  0000        JMP 0
2BD1  0000        JMP 0
2BD2  0000        JMP 0
2BD3  0000        JMP 0
2BD4  0000        JMP 0
2BD5  0000        JMP 0
2BD6  0000        JMP 0
2BD7  0000        JMP 0
2BD8  0000        JMP 0
2BD9  0000        JMP 0
2BDA  0000        JMP 0
2BDB  0000        JMP 0
2BDC  0000        JMP 0
2BDD  0000        JMP 0
2BDE  0000        JMP 0
2BDF  0000        JMP 0
2BE0  0000        JMP 0
2BE1  0000        JMP 0
2BE2  0000        JMP 0
2BE3  0000        JMP 0
2BE4  0000        JMP 0
2BE5  0000        JMP 0
2BE6  0000        JMP 0
2BE7  0000        JMP 0
2BE8  0000        JMP 0
2BE9  0000        JMP 0
2BEA  0000        JMP 0
2BEB  0000        JMP 0
2BEC  0000        JMP 0
2BED  0000        JMP 0
2BEE  0000        JMP 0
2BEF  0000        JMP 0
2BF0  0000        JMP 0
2BF1  0000        JMP 0
2BF2  0000        JMP 0
2BF3  0000        JMP 0
2BF4  0000        JMP 0
2BF5  0000        JMP 0
2BF6  0000        JMP 0
2BF7  0000        JMP 0
2BF8  0000        JMP 0
2BF9  0000        JMP 0
2BFA  0000        JMP 0
2BFB  0000        JMP 0
2BFC  0000        JMP 0
2BFD  0000        JMP 0
2BFE  0000        JMP 0
2BFF  0000        JMP 0
2C00  0000        JMP 0
2C01  0000        JMP 0
2C02  0000        JMP 0
2C03  0000        JMP 0
2C04  0000        JMP 0
2C05  0000        JMP 0
2C06  0000        JMP 0
2C07  0000        JMP 0
2C08  0000        JMP 0
2C09  0000        JMP 0
2C0A  0000        JMP 0
2C0B  0000        JMP 0
2C0C  0000        JMP 0
2C0D  0000        JMP 0
2C0E  0000        JMP 0
2C0F  0000        JMP 0
2C10  0000        JMP 0
2C11  0000        JMP 0
2C12  0000        JMP 0
2C13  0000        JMP 0
2C14  0000        JMP 0
2C15  0000        JMP 0
2C16  0000        JMP 0
2C17  0000        JMP 0
2C18  0000        JMP 0
2C19  0000        JMP 0
2C1A  0000        JMP 0
2C1B  0000        JMP 0
2C1C  0000        JMP 0
2C1D  0000        JMP 0
2C1E  0000        JMP 0
2C1F  0000        JMP 0
2C20  0000        JMP 0
2C21  0000        JMP 0
2C22  0000        JMP 0
2C23  0000        JMP 0
2C24  0000        JMP 0
2C25  0000        JMP 0
2C26  0000        JMP 0
2C27  0000        JMP 0
2C28  0000        JMP 0
2C29  0000        JMP 0
2C2A  0000        JMP 0
2C2B  0000        JMP 0
2C2C  0000        JMP 0
2C2D  0000        JMP 0
2C2E  0000        JMP 0
2C2F  0000        JMP 0
2C30  0000        JMP 0
2C31  0000        JMP 0
2C32  0000        JMP 0
2C33  0000        JMP 0
2C34  0000        JMP 0
2C35  0000        JMP 0
2C36  0000        JMP 0
2C37  0000        JMP 0
2C38  0000        JMP 0
2C39  0000        JMP 0
2C3A  0000        JMP 0
2C3B  0000        JMP 0
2C3C  0000        JMP 0
2C3D  0000        JMP 0
2C3E  0000        JMP 0
2C3F  0000        JMP 0
2C40  0000        JMP 0
2C41  0000        JMP 0
2C42  0000        JMP 0
2C43  0000        JMP 0
2C44  0000        JMP 0
2C45  0000        JMP 0
2C46  0000        JMP 0
2C47  0000        JMP 0
2C48  0000        JMP 0
2C49  0000        JMP 0
2C4A  0000        JMP 0
2C4B  0000        JMP 0
2C4C  0000        JMP 0
2C4D  0000        JMP 0
2C4E  0000        JMP 0
2C4F  0000        JMP 0
2C50  0000        JMP 0
2C51  0000        JMP 0
2C52  0000        JMP 0
2C53  0000        JMP 0
2C54  0000        JMP 0
2C55  0000        JMP 0
2C56  0000        JMP 0
2C57  0000        JMP 0
2C58  0000        JMP 0
2C59  0000        JMP 0
2C5A  0000        JMP 0
2C5B  0000        JMP 0
2C5C  0000        JMP 0
2C5D  0000        JMP 0
2C5E  0000        JMP 0
2C5F  0000        JMP 0
2C60  0000        JMP 0
2C61  0000        JMP 0
2C62  0000        JMP 0
2C63  0000        JMP 0
2C64  0000        JMP 0
2C65  0000        JMP 0
2C66  0000        JMP 0
2C67  0000        JMP 0
2C68  0000        JMP 0
2C69  0000        JMP 0
2C6A  0000        JMP 0
2C6B  0000        JMP 0
2C6C  0000        JMP 0
2C6D  0000        JMP 0
2C6E  0000        JMP 0
2C6F  0000        JMP 0
2C70  0000        JMP 0
2C71  0000        JMP 0
2C72  0000        JMP 0
2C73  0000        JMP 0
2C74  0000        JMP 0
2C75  0000        JMP 0
2C76  0000        JMP 0
2C77  0000        JMP 0
2C78  0000        JMP 0
2C79  0000        JMP 0
2C7A  0000        JMP 0
2C7B  0000        JMP 0
2C7C  0000        JMP 0
2C7D  0000        JMP 0
2C7E  0000        JMP 0
2C7F  0000        JMP 0
2C80  0000        JMP 0
2C81  0000        JMP 0
2C82  0000        JMP 0
2C83  0000        JMP 0
2C84  0000        JMP 0
2C85  0000        JMP 0
2C86  0000        JMP 0
2C87  0000        JMP 0
2C88  0000        JMP 0
2C89  0000        JMP 0
2C8A  0000        JMP 0
2C8B  0000        JMP 0
2C8C  0000        JMP 0
2C8D  0000        JMP 0
2C8E  0000        JMP 0
2C8F  0000        JMP 0
2C90  0000        JMP 0
2C91  0000        JMP 0
2C92  0000        JMP 0
2C93  0000        JMP 0
2C94  0000        JMP 0
2C95  0000        JMP 0
2C96  0000        JMP 0
2C97  0000        JMP 0
2C98  0000        JMP 0
2C99  0000        JMP 0
2C9A  0000        JMP 0
2C9B  0000        JMP 0
2C9C  0000        JMP 0
2C9D  0000        JMP 0
2C9E  0000        JMP 0
2C9F  0000        JMP 0
2CA0  0000        JMP 0
2CA1  0000        JMP 0
2CA2  0000        JMP 0
2CA3  0000        JMP 0
2CA4  0000        JMP 0
2CA5  0000        JMP 0
2CA6  0000        JMP 0
2CA7  0000        JMP 0
2CA8  0000        JMP 0
2CA9  0000        JMP 0
2CAA  0000        JMP 0
2CAB  0000        JMP 0
2CAC  0000        JMP 0
2CAD  0000        JMP 0
2CAE  0000        JMP 0
2CAF  0000        JMP 0
2CB0  0000        JMP 0
2CB1  0000        JMP 0
2CB2  0000        JMP 0
2CB3  0000        JMP 0
2CB4  0000        JMP 0
2CB5  0000        JMP 0
2CB6  0000        JMP 0
2CB7  0000        JMP 0
2CB8  0000        JMP 0
2CB9  0000        JMP 0
2CBA  0000        JMP 0
2CBB  0000        JMP 0
2CBC  0000        JMP 0
2CBD  0000        JMP 0
2CBE  0000        JMP 0
2CBF  0000        JMP 0
2CC0  0000        JMP 0
2CC1  0000        JMP 0
2CC2  0000        JMP 0
2CC3  0000        JMP 0
2CC4  0000        JMP 0
2CC5  0000        JMP 0
2CC6  0000        JMP 0
2CC7  0000        JMP 0
2CC8  0000        JMP 0
2CC9  0000        JMP 0
2CCA  0000        JMP 0
2CCB  0000        JMP 0
2CCC  0000        JMP 0
2CCD  0000        JMP 0
2CCE  0000        JMP 0
2CCF  0000        JMP 0
2CD0  0000        JMP 0
2CD1  0000        JMP 0
2CD2  0000        JMP 0
2CD3  0000        JMP 0
2CD4  0000        JMP 0
2CD5  0000        JMP 0
2CD6  0000        JMP 0
2CD7  0000        JMP 0
2CD8  0000        JMP 0
2CD9  0000        JMP 0
2CDA  0000        JMP 0
2CDB  0000        JMP 0
2CDC  0000        JMP 0
2CDD  0000        JMP 0
2CDE  0000        JMP 0
2CDF  0000        JMP 0
2CE0  0000        JMP 0
2CE1  0000        JMP 0
2CE2  0000        JMP 0
2CE3  0000        JMP 0
2CE4  0000        JMP 0
2CE5  0000        JMP 0
2CE6  0000        JMP 0
2CE7  0000        JMP 0
2CE8  0000        JMP 0
2CE9  0000        JMP 0
2CEA  0000        JMP 0
2CEB  0000        JMP 0
2CEC  0000        JMP 0
2CED  0000        JMP 0
2CEE  0000        JMP 0
2CEF  0000        JMP 0
2CF0  0000        JMP 0
2CF1  0000        JMP 0
2CF2  0000        JMP 0
2CF3  0000        JMP 0
2CF4  0000        JMP 0
2CF5  0000        JMP 0
2CF6  0000        JMP 0
2CF7  0000        JMP 0
2CF8  0000        JMP 0
2CF9  0000        JMP 0
2CFA  0000        JMP 0
2CFB  0000        JMP 0
2CFC  0000        JMP 0
2CFD  0000        JMP 0
2CFE  0000        JMP 0
2CFF  0000        JMP 0
2D00  0000        JMP 0
2D01  0000        JMP 0
2D02  0000        JMP 0
2D03  0000        JMP 0
2D04  0000        JMP 0
2D05  0000        JMP 0
2D06  0000        JMP 0
2D07  0000        JMP 0
2D08  0000        JMP 0
2D09  0000        JMP 0
2D0A  0000        JMP 0
2D0B  0000        JMP 0
2D0C  0000        JMP 0
2D0D  0000        JMP 0
2D0E  0000        JMP 0
2D0F  0000        JMP 0
2D10  0000        JMP 0
2D11  0000        JMP 0
2D12  0000        JMP 0
2D13  0000        JMP 0
2D14  0000        JMP 0
2D15  0000        JMP 0
2D16  0000        JMP 0
2D17  0000        JMP 0
2D18  0000        JMP 0
2D19  0000        JMP 0
2D1A  0000        JMP 0
2D1B  0000        JMP 0
2D1C  0000        JMP 0
2D1D  0000        JMP 0
2D1E  0000        JMP 0
2D1F  0000        JMP 0
2D20  0000        JMP 0
2D21  0000        JMP 0
2D22  0000        JMP 0
2D23  0000        JMP 0
2D24  0000        JMP 0
2D25  0000        JMP 0
2D26  0000        JMP 0
2D27  0000        JMP 0
2D28  0000        JMP 0
2D29  0000        JMP 0
2D2A  0000        JMP 0
2D2B  0000        JMP 0
2D2C  0000        JMP 0
2D2D  0000        JMP 0
2D2E  0000        JMP 0
2D2F  0000        JMP 0
2D30  0000        JMP 0
2D31  0000        JMP 0
2D32  0000        JMP 0
2D33  0000        JMP 0
2D34  0000        JMP 0
2D35  0000        JMP 0
2D36  0000        JMP 0
2D37  0000        JMP 0
2D38  0000        JMP 0
2D39  0000        JMP 0
2D3A  0000        JMP 0
2D3B  0000        JMP 0
2D3C  0000        JMP 0
2D3D  0000        JMP 0
2D3E  0000        JMP 0
2D3F  0000        JMP 0
2D40  0000        JMP 0
2D41  0000        JMP 0
2D42  0000        JMP 0
2D43  0000        JMP 0
2D44  0000        JMP 0
2D45  0000        JMP 0
2D46  0000        JMP 0
2D47  0000        JMP 0
2D48  0000        JMP 0
2D49  0000        JMP 0
2D4A  0000        JMP 0
2D4B  0000        JMP 0
2D4C  0000        JMP 0
2D4D  0000        JMP 0
2D4E  0000        JMP 0
2D4F  0000        JMP 0
2D50  0000        JMP 0
2D51  0000        JMP 0
2D52  0000        JMP 0
2D53  0000        JMP 0
2D54  0000        JMP 0
2D55  0000        JMP 0
2D56  0000        JMP 0
2D57  0000        JMP 0
2D58  0000        JMP 0
2D59  0000        JMP 0
2D5A  0000        JMP 0
2D5B  0000        JMP 0
2D5C  0000        JMP 0
2D5D  0000        JMP 0
2D5E  0000        JMP 0
2D5F  0000        JMP 0
2D60  0000        JMP 0
2D61  0000        JMP 0
2D62  0000        JMP 0
2D63  0000        JMP 0
2D64  0000        JMP 0
2D65  0000        JMP 0
2D66  0000        JMP 0
2D67  0000        JMP 0
2D68  0000        JMP 0
2D69  0000        JMP 0
2D6A  0000        JMP 0
2D6B  0000        JMP 0
2D6C  0000        JMP 0
2D6D  0000        JMP 0
2D6E  0000        JMP 0
2D6F  0000        JMP 0
2D70  0000        JMP 0
2D71  0000        JMP 0
2D72  0000        JMP 0
2D73  0000        JMP 0
2D74  0000        JMP 0
2D75  0000        JMP 0
2D76  0000        JMP 0
2D77  0000        JMP 0
2D78  0000        JMP 0
2D79  0000        JMP 0
2D7A  0000        JMP 0
2D7B  0000        JMP 0
2D7C  0000        JMP 0
2D7D  0000        JMP 0
2D7E  0000        JMP 0
2D7F  0000        JMP 0
2D80  0000        JMP 0
2D81  0000        JMP 0
2D82  0000        JMP 0
2D83  0000        JMP 0
2D84  0000        JMP 0
2D85  0000        JMP 0
2D86  0000        JMP 0
2D87  0000        JMP 0
2D88  0000        JMP 0
2D89  0000        JMP 0
2D8A  0000        JMP 0
2D8B  0000        JMP 0
2D8C  0000        JMP 0
2D8D  0000        JMP 0
2D8E  0000        JMP 0
2D8F  0000        JMP 0
2D90  0000        JMP 0
2D91  0000        JMP 0
2D92  0000        JMP 0
2D93  0000        JMP 0
2D94  0000        JMP 0
2D95  0000        JMP 0
2D96  0000        JMP 0
2D97  0000        JMP 0
2D98  0000        JMP 0
2D99  0000        JMP 0
2D9A  0000        JMP 0
2D9B  0000        JMP 0
2D9C  0000        JMP 0
2D9D  0000        JMP 0
2D9E  0000        JMP 0
2D9F  0000        JMP 0
2DA0  0000        JMP 0
2DA1  0000        JMP 0
2DA2  0000        JMP 0
2DA3  0000        JMP 0
2DA4  0000        JMP 0
2DA5  0000        JMP 0
2DA6  0000        JMP 0
2DA7  0000        JMP 0
2DA8  0000        JMP 0
2DA9  0000        JMP 0
2DAA  0000        JMP 0
2DAB  0000        JMP 0
2DAC  0000        JMP 0
2DAD  0000        JMP 0
2DAE  0000        JMP 0
2DAF  0000        JMP 0
2DB0  0000        JMP 0
2DB1  0000        JMP 0
2DB2  0000        JMP 0
2DB3  0000        JMP 0
2DB4  0000        JMP 0
2DB5  0000        JMP 0
2DB6  0000        JMP 0
2DB7  0000        JMP 0
2DB8  0000        JMP 0
2DB9  0000        JMP 0
2DBA  0000        JMP 0
2DBB  0000        JMP 0
2DBC  0000        JMP 0
2DBD  0000        JMP 0
2DBE  0000        JMP 0
2DBF  0000        JMP 0
2DC0  0000        JMP 0
2DC1  0000        JMP 0
2DC2  0000        JMP 0
2DC3  0000        JMP 0
2DC4  0000        JMP 0
2DC5  0000        JMP 0
2DC6  0000        JMP 0
2DC7  0000        JMP 0
2DC8  0000        JMP 0
2DC9  0000        JMP 0
2DCA  0000        JMP 0
2DCB  0000        JMP 0
2DCC  0000        JMP 0
2DCD  0000        JMP 0
2DCE  0000        JMP 0
2DCF  0000        JMP 0
2DD0  0000        JMP 0
2DD1  0000        JMP 0
2DD2  0000        JMP 0
2DD3  0000        JMP 0
2DD4  0000        JMP 0
2DD5  0000        JMP 0
2DD6  0000        JMP 0
2DD7  0000        JMP 0
2DD8  0000        JMP 0
2DD9  0000        JMP 0
2DDA  0000        JMP 0
2DDB  0000        JMP 0
2DDC  0000        JMP 0
2DDD  0000        JMP 0
2DDE  0000        JMP 0
2DDF  0000        JMP 0
2DE0  0000        JMP 0
2DE1  0000        JMP 0
2DE2  0000        JMP 0
2DE3  0000        JMP 0
2DE4  0000        JMP 0
2DE5  0000        JMP 0
2DE6  0000        JMP 0
2DE7  0000        JMP 0
2DE8  0000        JMP 0
2DE9  0000        JMP 0
2DEA  0000        JMP 0
2DEB  0000        JMP 0
2DEC  0000        JMP 0
2DED  0000        JMP 0
2DEE  0000        JMP 0
2DEF  0000        JMP 0
2DF0  0000        JMP 0
2DF1  0000        JMP 0
2DF2  0000        JMP 0
2DF3  0000        JMP 0
2DF4  0000        JMP 0
2DF5  0000        JMP 0
2DF6  0000        JMP 0
2DF7  0000        JMP 0
2DF8  0000        JMP 0
2DF9  0000        JMP 0
2DFA  0000        JMP 0
2DFB  0000        JMP 0
2DFC  0000        JMP 0
2DFD  0000        JMP 0
2DFE  0000        JMP 0
2DFF  0000        JMP 0
2E00  0000        JMP 0
2E01  0000        JMP 0
2E02  0000        JMP 0
2E03  0000        JMP 0
2E04  0000        JMP 0
2E05  0000        JMP 0
2E06  0000        JMP 0
2E07  0000        JMP 0
2E08  0000        JMP 0
2E09  0000        JMP 0
2E0A  0000        JMP 0
2E0B  0000        JMP 0
2E0C  0000        JMP 0
2E0D  0000        JMP 0
2E0E  0000        JMP 0
2E0F  0000        JMP 0
2E10  0000        JMP 0
2E11  0000        JMP 0
2E12  0000        JMP 0
2E13  0000        JMP 0
2E14  0000        JMP 0
2E15  0000        JMP 0
2E16  0000        JMP 0
2E17  0000        JMP 0
2E18  0000        JMP 0
2E19  0000        JMP 0
2E1A  0000        JMP 0
2E1B  0000        JMP 0
2E1C  0000        JMP 0
2E1D  0000        JMP 0
2E1E  0000        JMP 0
2E1F  0000        JMP 0
2E20  0000        JMP 0
2E21  0000        JMP 0
2E22  0000        JMP 0
2E23  0000        JMP 0
2E24  0000        JMP 0
2E25  0000        JMP 0
2E26  0000        JMP 0
2E27  0000        JMP 0
2E28  0000        JMP 0
2E29  0000        JMP 0
2E2A  0000        JMP 0
2E2B  0000        JMP 0
2E2C  0000        JMP 0
2E2D  0000        JMP 0
2E2E  0000        JMP 0
2E2F  0000        JMP 0
2E30  0000        JMP 0
2E31  0000        JMP 0
2E32  0000        JMP 0
2E33  0000        JMP 0
2E34  0000        JMP 0
2E35  0000        JMP 0
2E36  0000        JMP 0
2E37  0000        JMP 0
2E38  0000        JMP 0
2E39  0000        JMP 0
2E3A  0000        JMP 0
2E3B  0000        JMP 0
2E3C  0000        JMP 0
2E3D  0000        JMP 0
2E3E  0000        JMP 0
2E3F  0000        JMP 0
2E40  0000        JMP 0
2E41  0000        JMP 0
2E42  0000        JMP 0
2E43  0000        JMP 0
2E44  0000        JMP 0
2E45  0000        JMP 0
2E46  0000        JMP 0
2E47  0000        JMP 0
2E48  0000        JMP 0
2E49  0000        JMP 0
2E4A  0000        JMP 0
2E4B  0000        JMP 0
2E4C  0000        JMP 0
2E4D  0000        JMP 0
2E4E  0000        JMP 0
2E4F  0000        JMP 0
2E50  0000        JMP 0
2E51  0000        JMP 0
2E52  0000        JMP 0
2E53  0000        JMP 0
2E54  0000        JMP 0
2E55  0000        JMP 0
2E56  0000        JMP 0
2E57  0000        JMP 0
2E58  0000        JMP 0
2E59  0000        JMP 0
2E5A  0000        JMP 0
2E5B  0000        JMP 0
2E5C  0000        JMP 0
2E5D  0000        JMP 0
2E5E  0000        JMP 0
2E5F  0000        JMP 0
2E60  0000        JMP 0
2E61  0000        JMP 0
2E62  0000        JMP 0
2E63  0000        JMP 0
2E64  0000        JMP 0
2E65  0000        JMP 0
2E66  0000        JMP 0
2E67  0000        JMP 0
2E68  0000        JMP 0
2E69  0000        JMP 0
2E6A  0000        JMP 0
2E6B  0000        JMP 0
2E6C  0000        JMP 0
2E6D  0000        JMP 0
2E6E  0000        JMP 0
2E6F  0000        JMP 0
2E70  0000        JMP 0
2E71  0000        JMP 0
2E72  0000        JMP 0
2E73  0000        JMP 0
2E74  0000        JMP 0
2E75  0000        JMP 0
2E76  0000        JMP 0
2E77  0000        JMP 0
2E78  0000        JMP 0
2E79  0000        JMP 0
2E7A  0000        JMP 0
2E7B  0000        JMP 0
2E7C  0000        JMP 0
2E7D  0000        JMP 0
2E7E  0000        JMP 0
2E7F  0000        JMP 0
2E80  0000        JMP 0
2E81  0000        JMP 0
2E82  0000        JMP 0
2E83  0000        JMP 0
2E84  0000        JMP 0
2E85  0000        JMP 0
2E86  0000        JMP 0
2E87  0000        JMP 0
2E88  0000        JMP 0
2E89  0000        JMP 0
2E8A  0000        JMP 0
2E8B  0000        JMP 0
2E8C  0000        JMP 0
2E8D  0000        JMP 0
2E8E  0000        JMP 0
2E8F  0000        JMP 0
2E90  0000        JMP 0
2E91  0000        JMP 0
2E92  0000        JMP 0
2E93  0000        JMP 0
2E94  0000        JMP 0
2E95  0000        JMP 0
2E96  0000        JMP 0
2E97  0000        JMP 0
2E98  0000        JMP 0
2E99  0000        JMP 0
2E9A  0000        JMP 0
2E9B  0000        JMP 0
2E9C  0000        JMP 0
2E9D  0000        JMP 0
2E9E  0000        JMP 0
2E9F  0000        JMP 0
2EA0  0000        JMP 0
2EA1  0000        JMP 0
2EA2  0000        JMP 0
2EA3  0000        JMP 0
2EA4  0000        JMP 0
2EA5  0000        JMP 0
2EA6  0000        JMP 0
2EA7  0000        JMP 0
2EA8  0000        JMP 0
2EA9  0000        JMP 0
2EAA  0000        JMP 0
2EAB  0000        JMP 0
2EAC  0000        JMP 0
2EAD  0000        JMP 0
2EAE  0000        JMP 0
2EAF  0000        JMP 0
2EB0  0000        JMP 0
2EB1  0000        JMP 0
2EB2  0000        JMP 0
2EB3  0000        JMP 0
2EB4  0000        JMP 0
2EB5  0000        JMP 0
2EB6  0000        JMP 0
2EB7  0000        JMP 0
2EB8  0000        JMP 0
2EB9  0000        JMP 0
2EBA  0000        JMP 0
2EBB  0000        JMP 0
2EBC  0000        JMP 0
2EBD  0000        JMP 0
2EBE  0000        JMP 0
2EBF  0000        JMP 0
2EC0  0000        JMP 0
2EC1  0000        JMP 0
2EC2  0000        JMP 0
2EC3  0000        JMP 0
2EC4  0000        JMP 0
2EC5  0000        JMP 0
2EC6  0000        JMP 0
2EC7  0000        JMP 0
2EC8  0000        JMP 0
2EC9  0000        JMP 0
2ECA  0000        JMP 0
2ECB  0000        JMP 0
2ECC  0000        JMP 0
2ECD  0000        JMP 0
2ECE  0000        JMP 0
2ECF  0000        JMP 0
2ED0  0000        JMP 0
2ED1  0000        JMP 0
2ED2  0000        JMP 0
2ED3  0000        JMP 0
2ED4  0000        JMP 0
2ED5  0000        JMP 0
2ED6  0000        JMP 0
2ED7  0000        JMP 0
2ED8  0000        JMP 0
2ED9  0000        JMP 0
2EDA  0000        JMP 0
2EDB  0000        JMP 0
2EDC  0000        JMP 0
2EDD  0000        JMP 0
2EDE  0000        JMP 0
2EDF  0000        JMP 0
2EE0  0000        JMP 0
2EE1  0000        JMP 0
2EE2  0000        JMP 0
2EE3  0000        JMP 0
2EE4  0000        JMP 0
2EE5  0000        JMP 0
2EE6  0000        JMP 0
2EE7  0000        JMP 0
2EE8  0000        JMP 0
2EE9  0000        JMP 0
2EEA  0000        JMP 0
2EEB  0000        JMP 0
2EEC  0000        JMP 0
2EED  0000        JMP 0
2EEE  0000        JMP 0
2EEF  0000        JMP 0
2EF0  0000        JMP 0
2EF1  0000        JMP 0
2EF2  0000        JMP 0
2EF3  0000        JMP 0
2EF4  0000        JMP 0
2EF5  0000        JMP 0
2EF6  0000        JMP 0
2EF7  0000        JMP 0
2EF8  0000        JMP 0
2EF9  0000        JMP 0
2EFA  0000        JMP 0
2EFB  0000        JMP 0
2EFC  0000        JMP 0
2EFD  0000        JMP 0
2EFE  0000        JMP 0
2EFF  0000        JMP 0
2F00  0000        JMP 0
2F01  0000        JMP 0
2F02  0000        JMP 0
2F03  0000        JMP 0
2F04  0000        JMP 0
2F05  0000        JMP 0
2F06  0000        JMP 0
2F07  0000        JMP 0
2F08  0000        JMP 0
2F09  0000        JMP 0
2F0A  0000        JMP 0
2F0B  0000        JMP 0
2F0C  0000        JMP 0
2F0D  0000        JMP 0
2F0E  0000        JMP 0
2F0F  0000        JMP 0
2F10  0000        JMP 0
2F11  0000        JMP 0
2F12  0000        JMP 0
2F13  0000        JMP 0
2F14  0000        JMP 0
2F15  0000        JMP 0
2F16  0000        JMP 0
2F17  0000        JMP 0
2F18  0000        JMP 0
2F19  0000        JMP 0
2F1A  0000        JMP 0
2F1B  0000        JMP 0
2F1C  0000        JMP 0
2F1D  0000        JMP 0
2F1E  0000        JMP 0
2F1F  0000        JMP 0
2F20  0000        JMP 0
2F21  0000        JMP 0
2F22  0000        JMP 0
2F23  0000        JMP 0
2F24  0000        JMP 0
2F25  0000        JMP 0
2F26  0000        JMP 0
2F27  0000        JMP 0
2F28  0000        JMP 0
2F29  0000        JMP 0
2F2A  0000        JMP 0
2F2B  0000        JMP 0
2F2C  0000        JMP 0
2F2D  0000        JMP 0
2F2E  0000        JMP 0
2F2F  0000        JMP 0
2F30  0000        JMP 0
2F31  0000        JMP 0
2F32  0000        JMP 0
2F33  0000        JMP 0
2F34  0000        JMP 0
2F35  0000        JMP 0
2F36  0000        JMP 0
2F37  0000        JMP 0
2F38  0000        JMP 0
2F39  0000        JMP 0
2F3A  0000        JMP 0
2F3B  0000        JMP 0
2F3C  0000        JMP 0
2F3D  0000        JMP 0
2F3E  0000        JMP 0
2F3F  0000        JMP 0
2F40  0000        JMP 0
2F41  0000        JMP 0
2F42  0000        JMP 0
2F43  0000        JMP 0
2F44  0000        JMP 0
2F45  0000        JMP 0
2F46  0000        JMP 0
2F47  0000        JMP 0
2F48  0000        JMP 0
2F49  0000        JMP 0
2F4A  0000        JMP 0
2F4B  0000        JMP 0
2F4C  0000        JMP 0
2F4D  0000        JMP 0
2F4E  0000        JMP 0
2F4F  0000        JMP 0
2F50  0000        JMP 0
2F51  0000        JMP 0
2F52  0000        JMP 0
2F53  0000        JMP 0
2F54  0000        JMP 0
2F55  0000        JMP 0
2F56  0000        JMP 0
2F57  0000        JMP 0
2F58  0000        JMP 0
2F59  0000        JMP 0
2F5A  0000        JMP 0
2F5B  0000        JMP 0
2F5C  0000        JMP 0
2F5D  0000        JMP 0
2F5E  0000        JMP 0
2F5F  0000        JMP 0
2F60  0000        JMP 0
2F61  0000        JMP 0
2F62  0000        JMP 0
2F63  0000        JMP 0
2F64  0000        JMP 0
2F65  0000        JMP 0
2F66  0000        JMP 0
2F67  0000        JMP 0
2F68  0000        JMP 0
2F69  0000        JMP 0
2F6A  0000        JMP 0
2F6B  0000        JMP 0
2F6C  0000        JMP 0
2F6D  0000        JMP 0
2F6E  0000        JMP 0
2F6F  0000        JMP 0
2F70  0000        JMP 0
2F71  0000        JMP 0
2F72  0000        JMP 0
2F73  0000        JMP 0
2F74  0000        JMP 0
2F75  0000        JMP 0
2F76  0000        JMP 0
2F77  0000        JMP 0
2F78  0000        JMP 0
2F79  0000        JMP 0
2F7A  0000        JMP 0
2F7B  0000        JMP 0
2F7C  0000        JMP 0
2F7D  0000        JMP 0
2F7E  0000        JMP 0
2F7F  0000        JMP 0
2F80  0000        JMP 0
2F81  0000        JMP 0
2F82  0000        JMP 0
2F83  0000        JMP 0
2F84  0000        JMP 0
2F85  0000        JMP 0
2F86  0000        JMP 0
2F87  0000        JMP 0
2F88  0000        JMP 0
2F89  0000        JMP 0
2F8A  0000        JMP 0
2F8B  0000        JMP 0
2F8C  0000        JMP 0
2F8D  0000        JMP 0
2F8E  0000        JMP 0
2F8F  0000        JMP 0
2F90  0000        JMP 0
2F91  0000        JMP 0
2F92  0000        JMP 0
2F93  0000        JMP 0
2F94  0000        JMP 0
2F95  0000        JMP 0
2F96  0000        JMP 0
2F97  0000        JMP 0
2F98  0000        JMP 0
2F99  0000        JMP 0
2F9A  0000        JMP 0
2F9B  0000        JMP 0
2F9C  0000        JMP 0
2F9D  0000        JMP 0
2F9E  0000        JMP 0
2F9F  0000        JMP 0
2FA0  0000        JMP 0
2FA1  0000        JMP 0
2FA2  0000        JMP 0
2FA3  0000        JMP 0
2FA4  0000        JMP 0
2FA5  0000        JMP 0
2FA6  0000        JMP 0
2FA7  0000        JMP 0
2FA8  0000        JMP 0
2FA9  0000        JMP 0
2FAA  0000        JMP 0
2FAB  0000        JMP 0
2FAC  0000        JMP 0
2FAD  0000        JMP 0
2FAE  0000        JMP 0
2FAF  0000        JMP 0
2FB0  0000        JMP 0
2FB1  0000        JMP 0
2FB2  0000        JMP 0
2FB3  0000        JMP 0
2FB4  0000        JMP 0
2FB5  0000        JMP 0
2FB6  0000        JMP 0
2FB7  0000        JMP 0
2FB8  0000        JMP 0
2FB9  0000        JMP 0
2FBA  0000        JMP 0
2FBB  0000        JMP 0
2FBC  0000        JMP 0
2FBD  0000        JMP 0
2FBE  0000        JMP 0
2FBF  0000        JMP 0
2FC0  0000        JMP 0
2FC1  0000        JMP 0
2FC2  0000        JMP 0
2FC3  0000        JMP 0
2FC4  0000        JMP 0
2FC5  0000        JMP 0
2FC6  0000        JMP 0
2FC7  0000        JMP 0
2FC8  0000        JMP 0
2FC9  0000        JMP 0
2FCA  0000        JMP 0
2FCB  0000        JMP 0
2FCC  0000        JMP 0
2FCD  0000        JMP 0
2FCE  0000        JMP 0
2FCF  0000        JMP 0
2FD0  0000        JMP 0
2FD1  0000        JMP 0
2FD2  0000        JMP 0
2FD3  0000        JMP 0
2FD4  0000        JMP 0
2FD5  0000        JMP 0
2FD6  0000        JMP 0
2FD7  0000        JMP 0
2FD8  0000        JMP 0
2FD9  0000        JMP 0
2FDA  0000        JMP 0
2FDB  0000        JMP 0
2FDC  0000        JMP 0
2FDD  0000        JMP 0
2FDE  0000        JMP 0
2FDF  0000        JMP 0
2FE0  0000        JMP 0
2FE1  0000        JMP 0
2FE2  0000        JMP 0
2FE3  0000        JMP 0
2FE4  0000        JMP 0
2FE5  0000        JMP 0
2FE6  0000        JMP 0
2FE7  0000        JMP 0
2FE8  0000        JMP 0
2FE9  0000        JMP 0
2FEA  0000        JMP 0
2FEB  0000        JMP 0
2FEC  0000        JMP 0
2FED  0000        JMP 0
2FEE  0000        JMP 0
2FEF  0000        JMP 0
2FF0  0000        JMP 0
2FF1  0000        JMP 0
2FF2  0000        JMP 0
2FF3  0000        JMP 0
2FF4  0000        JMP 0
2FF5  0000        JMP 0
2FF6  0000        JMP 0
2FF7  0000        JMP 0
2FF8  0000        JMP 0
2FF9  0000        JMP 0
2FFA  0000        JMP 0
2FFB  0000        JMP 0
2FFC  0000        JMP 0
2FFD  0000        JMP 0
2FFE  0000        JMP 0
2FFF  0000        JMP 0
3000  0000        JMP 0
3001  0000        JMP 0
3002  0000        JMP 0
3003  0000        JMP 0
3004  0000        JMP 0
3005  0000        JMP 0
3006  0000        JMP 0
3007  0000        JMP 0
3008  0000        JMP 0
3009  0000        JMP 0
300A  0000        JMP 0
300B  0000        JMP 0
300C  0000        JMP 0
300D  0000        JMP 0
300E  0000        JMP 0
300F  0000        JMP 0
3010  0000        JMP 0
3011  0000        JMP 0
3012  0000        JMP 0
3013  0000        JMP 0
3014  0000        JMP 0
3015  0000        JMP 0
3016  0000        JMP 0
3017  0000        JMP 0
3018  0000        JMP 0
3019  0000        JMP 0
301A  0000        JMP 0
301B  0000        JMP 0
301C  0000        JMP 0
301D  0000        JMP 0
301E  0000        JMP 0
301F  0000        JMP 0
3020  0000        JMP 0
3021  0000        JMP 0
3022  0000        JMP 0
3023  0000        JMP 0
3024  0000        JMP 0
3025  0000        JMP 0
3026  0000        JMP 0
3027  0000        JMP 0
3028  0000        JMP 0
3029  0000        JMP 0
302A  0000        JMP 0
302B  0000        JMP 0
302C  0000        JMP 0
302D  0000        JMP 0
302E  0000        JMP 0
302F  0000        JMP 0
3030  0000        JMP 0
3031  0000        JMP 0
3032  0000        JMP 0
3033  0000        JMP 0
3034  0000        JMP 0
3035  0000        JMP 0
3036  0000        JMP 0
3037  0000        JMP 0
3038  0000        JMP 0
3039  0000        JMP 0
303A  0000        JMP 0
303B  0000        JMP 0
303C  0000        JMP 0
303D  0000        JMP 0
303E  0000        JMP 0
303F  0000        JMP 0
3040  0000        JMP 0
3041  0000        JMP 0
3042  0000        JMP 0
3043  0000        JMP 0
3044  0000        JMP 0
3045  0000        JMP 0
3046  0000        JMP 0
3047  0000        JMP 0
3048  0000        JMP 0
3049  0000        JMP 0
304A  0000        JMP 0
304B  0000        JMP 0
304C  0000        JMP 0
304D  0000        JMP 0
304E  0000        JMP 0
304F  0000        JMP 0
3050  0000        JMP 0
3051  0000        JMP 0
3052  0000        JMP 0
3053  0000        JMP 0
3054  0000        JMP 0
3055  0000        JMP 0
3056  0000        JMP 0
3057  0000        JMP 0
3058  0000        JMP 0
3059  0000        JMP 0
305A  0000        JMP 0
305B  0000        JMP 0
305C  0000        JMP 0
305D  0000        JMP 0
305E  0000        JMP 0
305F  0000        JMP 0
3060  0000        JMP 0
3061  0000        JMP 0
3062  0000        JMP 0
3063  0000        JMP 0
3064  0000        JMP 0
3065  0000        JMP 0
3066  0000        JMP 0
3067  0000        JMP 0
3068  0000        JMP 0
3069  0000        JMP 0
306A  0000        JMP 0
306B  0000        JMP 0
306C  0000        JMP 0
306D  0000        JMP 0
306E  0000        JMP 0
306F  0000        JMP 0
3070  0000        JMP 0
3071  0000        JMP 0
3072  0000        JMP 0
3073  0000        JMP 0
3074  0000        JMP 0
3075  0000        JMP 0
3076  0000        JMP 0
3077  0000        JMP 0
3078  0000        JMP 0
3079  0000        JMP 0
307A  0000        JMP 0
307B  0000        JMP 0
307C  0000        JMP 0
307D  0000        JMP 0
307E  0000        JMP 0
307F  0000        JMP 0
3080  0000        JMP 0
3081  0000        JMP 0
3082  0000        JMP 0
3083  0000        JMP 0
3084  0000        JMP 0
3085  0000        JMP 0
3086  0000        JMP 0
3087  0000        JMP 0
3088  0000        JMP 0
3089  0000        JMP 0
308A  0000        JMP 0
308B  0000        JMP 0
308C  0000        JMP 0
308D  0000        JMP 0
308E  0000        JMP 0
308F  0000        JMP 0
3090  0000        JMP 0
3091  0000        JMP 0
3092  0000        JMP 0
3093  0000        JMP 0
3094  0000        JMP 0
3095  0000        JMP 0
3096  0000        JMP 0
3097  0000        JMP 0
3098  0000        JMP 0
3099  0000        JMP 0
309A  0000        JMP 0
309B  0000        JMP 0
309C  0000        JMP 0
309D  0000        JMP 0
309E  0000        JMP 0
309F  0000        JMP 0
30A0  0000        JMP 0
30A1  0000        JMP 0
30A2  0000        JMP 0
30A3  0000        JMP 0
30A4  0000        JMP 0
30A5  0000        JMP 0
30A6  0000        JMP 0
30A7  0000        JMP 0
30A8  0000        JMP 0
30A9  0000        JMP 0
30AA  0000        JMP 0
30AB  0000        JMP 0
30AC  0000        JMP 0
30AD  0000        JMP 0
30AE  0000        JMP 0
30AF  0000        JMP 0
30B0  0000        JMP 0
30B1  0000        JMP 0
30B2  0000        JMP 0
30B3  0000        JMP 0
30B4  0000        JMP 0
30B5  0000        JMP 0
30B6  0000        JMP 0
30B7  0000        JMP 0
30B8  0000        JMP 0
30B9  0000        JMP 0
30BA  0000        JMP 0
30BB  0000        JMP 0
30BC  0000        JMP 0
30BD  0000        JMP 0
30BE  0000        JMP 0
30BF  0000        JMP 0
30C0  0000        JMP 0
30C1  0000        JMP 0
30C2  0000        JMP 0
30C3  0000        JMP 0
30C4  0000        JMP 0
30C5  0000        JMP 0
30C6  0000        JMP 0
30C7  0000        JMP 0
30C8  0000        JMP 0
30C9  0000        JMP 0
30CA  0000        JMP 0
30CB  0000        JMP 0
30CC  0000        JMP 0
30CD  0000        JMP 0
30CE  0000        JMP 0
30CF  0000        JMP 0
30D0  0000        JMP 0
30D1  0000        JMP 0
30D2  0000        JMP 0
30D3  0000        JMP 0
30D4  0000        JMP 0
30D5  0000        JMP 0
30D6  0000        JMP 0
30D7  0000        JMP 0
30D8  0000        JMP 0
30D9  0000        JMP 0
30DA  0000        JMP 0
30DB  0000        JMP 0
30DC  0000        JMP 0
30DD  0000        JMP 0
30DE  0000        JMP 0
30DF  0000        JMP 0
30E0  0000        JMP 0
30E1  0000        JMP 0
30E2  0000        JMP 0
30E3  0000        JMP 0
30E4  0000        JMP 0
30E5  0000        JMP 0
30E6  0000        JMP 0
30E7  0000        JMP 0
30E8  0000        JMP 0
30E9  0000        JMP 0
30EA  0000        JMP 0
30EB  0000        JMP 0
30EC  0000        JMP 0
30ED  0000        JMP 0
30EE  0000        JMP 0
30EF  0000        JMP 0
30F0  0000        JMP 0
30F1  0000        JMP 0
30F2  0000        JMP 0
30F3  0000        JMP 0
30F4  0000        JMP 0
30F5  0000        JMP 0
30F6  0000        JMP 0
30F7  0000        JMP 0
30F8  0000        JMP 0
30F9  0000        JMP 0
30FA  0000        JMP 0
30FB  0000        JMP 0
30FC  0000        JMP 0
30FD  0000        JMP 0
30FE  0000        JMP 0
30FF  0000        JMP 0
3100  0000        JMP 0
3101  0000        JMP 0
3102  0000        JMP 0
3103  0000        JMP 0
3104  0000        JMP 0
3105  0000        JMP 0
3106  0000        JMP 0
3107  0000        JMP 0
3108  0000        JMP 0
3109  0000        JMP 0
310A  0000        JMP 0
310B  0000        JMP 0
310C  0000        JMP 0
310D  0000        JMP 0
310E  0000        JMP 0
310F  0000        JMP 0
3110  0000        JMP 0
3111  0000        JMP 0
3112  0000        JMP 0
3113  0000        JMP 0
3114  0000        JMP 0
3115  0000        JMP 0
3116  0000        JMP 0
3117  0000        JMP 0
3118  0000        JMP 0
3119  0000        JMP 0
311A  0000        JMP 0
311B  0000        JMP 0
311C  0000        JMP 0
311D  0000        JMP 0
311E  0000        JMP 0
311F  0000        JMP 0
3120  0000        JMP 0
3121  0000        JMP 0
3122  0000        JMP 0
3123  0000        JMP 0
3124  0000        JMP 0
3125  0000        JMP 0
3126  0000        JMP 0
3127  0000        JMP 0
3128  0000        JMP 0
3129  0000        JMP 0
312A  0000        JMP 0
312B  0000        JMP 0
312C  0000        JMP 0
312D  0000        JMP 0
312E  0000        JMP 0
312F  0000        JMP 0
3130  0000        JMP 0
3131  0000        JMP 0
3132  0000        JMP 0
3133  0000        JMP 0
3134  0000        JMP 0
3135  0000        JMP 0
3136  0000        JMP 0
3137  0000        JMP 0
3138  0000        JMP 0
3139  0000        JMP 0
313A  0000        JMP 0
313B  0000        JMP 0
313C  0000        JMP 0
313D  0000        JMP 0
313E  0000        JMP 0
313F  0000        JMP 0
3140  0000        JMP 0
3141  0000        JMP 0
3142  0000        JMP 0
3143  0000        JMP 0
3144  0000        JMP 0
3145  0000        JMP 0
3146  0000        JMP 0
3147  0000        JMP 0
3148  0000        JMP 0
3149  0000        JMP 0
314A  0000        JMP 0
314B  0000        JMP 0
314C  0000        JMP 0
314D  0000        JMP 0
314E  0000        JMP 0
314F  0000        JMP 0
3150  0000        JMP 0
3151  0000        JMP 0
3152  0000        JMP 0
3153  0000        JMP 0
3154  0000        JMP 0
3155  0000        JMP 0
3156  0000        JMP 0
3157  0000        JMP 0
3158  0000        JMP 0
3159  0000        JMP 0
315A  0000        JMP 0
315B  0000        JMP 0
315C  0000        JMP 0
315D  0000        JMP 0
315E  0000        JMP 0
315F  0000        JMP 0
3160  0000        JMP 0
3161  0000        JMP 0
3162  0000        JMP 0
3163  0000        JMP 0
3164  0000        JMP 0
3165  0000        JMP 0
3166  0000        JMP 0
3167  0000        JMP 0
3168  0000        JMP 0
3169  0000        JMP 0
316A  0000        JMP 0
316B  0000        JMP 0
316C  0000        JMP 0
316D  0000        JMP 0
316E  0000        JMP 0
316F  0000        JMP 0
3170  0000        JMP 0
3171  0000        JMP 0
3172  0000        JMP 0
3173  0000        JMP 0
3174  0000        JMP 0
3175  0000        JMP 0
3176  0000        JMP 0
3177  0000        JMP 0
3178  0000        JMP 0
3179  0000        JMP 0
317A  0000        JMP 0
317B  0000        JMP 0
317C  0000        JMP 0
317D  0000        JMP 0
317E  0000        JMP 0
317F  0000        JMP 0
3180  0000        JMP 0
3181  0000        JMP 0
3182  0000        JMP 0
3183  0000        JMP 0
3184  0000        JMP 0
3185  0000        JMP 0
3186  0000        JMP 0
3187  0000        JMP 0
3188  0000        JMP 0
3189  0000        JMP 0
318A  0000        JMP 0
318B  0000        JMP 0
318C  0000        JMP 0
318D  0000        JMP 0
318E  0000        JMP 0
318F  0000        JMP 0
3190  0000        JMP 0
3191  0000        JMP 0
3192  0000        JMP 0
3193  0000        JMP 0
3194  0000        JMP 0
3195  0000        JMP 0
3196  0000        JMP 0
3197  0000        JMP 0
3198  0000        JMP 0
3199  0000        JMP 0
319A  0000        JMP 0
319B  0000        JMP 0
319C  0000        JMP 0
319D  0000        JMP 0
319E  0000        JMP 0
319F  0000        JMP 0
31A0  0000        JMP 0
31A1  0000        JMP 0
31A2  0000        JMP 0
31A3  0000        JMP 0
31A4  0000        JMP 0
31A5  0000        JMP 0
31A6  0000        JMP 0
31A7  0000        JMP 0
31A8  0000        JMP 0
31A9  0000        JMP 0
31AA  0000        JMP 0
31AB  0000        JMP 0
31AC  0000        JMP 0
31AD  0000        JMP 0
31AE  0000        JMP 0
31AF  0000        JMP 0
31B0  0000        JMP 0
31B1  0000        JMP 0
31B2  0000        JMP 0
31B3  0000        JMP 0
31B4  0000        JMP 0
31B5  0000        JMP 0
31B6  0000        JMP 0
31B7  0000        JMP 0
31B8  0000        JMP 0
31B9  0000        JMP 0
31BA  0000        JMP 0
31BB  0000        JMP 0
31BC  0000        JMP 0
31BD  0000        JMP 0
31BE  0000        JMP 0
31BF  0000        JMP 0
31C0  0000        JMP 0
31C1  0000        JMP 0
31C2  0000        JMP 0
31C3  0000        JMP 0
31C4  0000        JMP 0
31C5  0000        JMP 0
31C6  0000        JMP 0
31C7  0000        JMP 0
31C8  0000        JMP 0
31C9  0000        JMP 0
31CA  0000        JMP 0
31CB  0000        JMP 0
31CC  0000        JMP 0
31CD  0000        JMP 0
31CE  0000        JMP 0
31CF  0000        JMP 0
31D0  0000        JMP 0
31D1  0000        JMP 0
31D2  0000        JMP 0
31D3  0000        JMP 0
31D4  0000        JMP 0
31D5  0000        JMP 0
31D6  0000        JMP 0
31D7  0000        JMP 0
31D8  0000        JMP 0
31D9  0000        JMP 0
31DA  0000        JMP 0
31DB  0000        JMP 0
31DC  0000        JMP 0
31DD  0000        JMP 0
31DE  0000        JMP 0
31DF  0000        JMP 0
31E0  0000        JMP 0
31E1  0000        JMP 0
31E2  0000        JMP 0
31E3  0000        JMP 0
31E4  0000        JMP 0
31E5  0000        JMP 0
31E6  0000        JMP 0
31E7  0000        JMP 0
31E8  0000        JMP 0
31E9  0000        JMP 0
31EA  0000        JMP 0
31EB  0000        JMP 0
31EC  0000        JMP 0
31ED  0000        JMP 0
31EE  0000        JMP 0
31EF  0000        JMP 0
31F0  0000        JMP 0
31F1  0000        JMP 0
31F2  0000        JMP 0
31F3  0000        JMP 0
31F4  0000        JMP 0
31F5  0000        JMP 0
31F6  0000        JMP 0
31F7  0000        JMP 0
31F8  0000        JMP 0
31F9  0000        JMP 0
31FA  0000        JMP 0
31FB  0000        JMP 0
31FC  0000        JMP 0
31FD  0000        JMP 0
31FE  0000        JMP 0
31FF  0000        JMP 0
3200  0000        JMP 0
3201  0000        JMP 0
3202  0000        JMP 0
3203  0000        JMP 0
3204  0000        JMP 0
3205  0000        JMP 0
3206  0000        JMP 0
3207  0000        JMP 0
3208  0000        JMP 0
3209  0000        JMP 0
320A  0000        JMP 0
320B  0000        JMP 0
320C  0000        JMP 0
320D  0000        JMP 0
320E  0000        JMP 0
320F  0000        JMP 0
3210  0000        JMP 0
3211  0000        JMP 0
3212  0000        JMP 0
3213  0000        JMP 0
3214  0000        JMP 0
3215  0000        JMP 0
3216  0000        JMP 0
3217  0000        JMP 0
3218  0000        JMP 0
3219  0000        JMP 0
321A  0000        JMP 0
321B  0000        JMP 0
321C  0000        JMP 0
321D  0000        JMP 0
321E  0000        JMP 0
321F  0000        JMP 0
3220  0000        JMP 0
3221  0000        JMP 0
3222  0000        JMP 0
3223  0000        JMP 0
3224  0000        JMP 0
3225  0000        JMP 0
3226  0000        JMP 0
3227  0000        JMP 0
3228  0000        JMP 0
3229  0000        JMP 0
322A  0000        JMP 0
322B  0000        JMP 0
322C  0000        JMP 0
322D  0000        JMP 0
322E  0000        JMP 0
322F  0000        JMP 0
3230  0000        JMP 0
3231  0000        JMP 0
3232  0000        JMP 0
3233  0000        JMP 0
3234  0000        JMP 0
3235  0000        JMP 0
3236  0000        JMP 0
3237  0000        JMP 0
3238  0000        JMP 0
3239  0000        JMP 0
323A  0000        JMP 0
323B  0000        JMP 0
323C  0000        JMP 0
323D  0000        JMP 0
323E  0000        JMP 0
323F  0000        JMP 0
3240  0000        JMP 0
3241  0000        JMP 0
3242  0000        JMP 0
3243  0000        JMP 0
3244  0000        JMP 0
3245  0000        JMP 0
3246  0000        JMP 0
3247  0000        JMP 0
3248  0000        JMP 0
3249  0000        JMP 0
324A  0000        JMP 0
324B  0000        JMP 0
324C  0000        JMP 0
324D  0000        JMP 0
324E  0000        JMP 0
324F  0000        JMP 0
3250  0000        JMP 0
3251  0000        JMP 0
3252  0000        JMP 0
3253  0000        JMP 0
3254  0000        JMP 0
3255  0000        JMP 0
3256  0000        JMP 0
3257  0000        JMP 0
3258  0000        JMP 0
3259  0000        JMP 0
325A  0000        JMP 0
325B  0000        JMP 0
325C  0000        JMP 0
325D  0000        JMP 0
325E  0000        JMP 0
325F  0000        JMP 0
3260  0000        JMP 0
3261  0000        JMP 0
3262  0000        JMP 0
3263  0000        JMP 0
3264  0000        JMP 0
3265  0000        JMP 0
3266  0000        JMP 0
3267  0000        JMP 0
3268  0000        JMP 0
3269  0000        JMP 0
326A  0000        JMP 0
326B  0000        JMP 0
326C  0000        JMP 0
326D  0000        JMP 0
326E  0000        JMP 0
326F  0000        JMP 0
3270  0000        JMP 0
3271  0000        JMP 0
3272  0000        JMP 0
3273  0000        JMP 0
3274  0000        JMP 0
3275  0000        JMP 0
3276  0000        JMP 0
3277  0000        JMP 0
3278  0000        JMP 0
3279  0000        JMP 0
327A  0000        JMP 0
327B  0000        JMP 0
327C  0000        JMP 0
327D  0000        JMP 0
327E  0000        JMP 0
327F  0000        JMP 0
3280  0000        JMP 0
3281  0000        JMP 0
3282  0000        JMP 0
3283  0000        JMP 0
3284  0000        JMP 0
3285  0000        JMP 0
3286  0000        JMP 0
3287  0000        JMP 0
3288  0000        JMP 0
3289  0000        JMP 0
328A  0000        JMP 0
328B  0000        JMP 0
328C  0000        JMP 0
328D  0000        JMP 0
328E  0000        JMP 0
328F  0000        JMP 0
3290  0000        JMP 0
3291  0000        JMP 0
3292  0000        JMP 0
3293  0000        JMP 0
3294  0000        JMP 0
3295  0000        JMP 0
3296  0000        JMP 0
3297  0000        JMP 0
3298  0000        JMP 0
3299  0000        JMP 0
329A  0000        JMP 0
329B  0000        JMP 0
329C  0000        JMP 0
329D  0000        JMP 0
329E  0000        JMP 0
329F  0000        JMP 0
32A0  0000        JMP 0
32A1  0000        JMP 0
32A2  0000        JMP 0
32A3  0000        JMP 0
32A4  0000        JMP 0
32A5  0000        JMP 0
32A6  0000        JMP 0
32A7  0000        JMP 0
32A8  0000        JMP 0
32A9  0000        JMP 0
32AA  0000        JMP 0
32AB  0000        JMP 0
32AC  0000        JMP 0
32AD  0000        JMP 0
32AE  0000        JMP 0
32AF  0000        JMP 0
32B0  0000        JMP 0
32B1  0000        JMP 0
32B2  0000        JMP 0
32B3  0000        JMP 0
32B4  0000        JMP 0
32B5  0000        JMP 0
32B6  0000        JMP 0
32B7  0000        JMP 0
32B8  0000        JMP 0
32B9  0000        JMP 0
32BA  0000        JMP 0
32BB  0000        JMP 0
32BC  0000        JMP 0
32BD  0000        JMP 0
32BE  0000        JMP 0
32BF  0000        JMP 0
32C0  0000        JMP 0
32C1  0000        JMP 0
32C2  0000        JMP 0
32C3  0000        JMP 0
32C4  0000        JMP 0
32C5  0000        JMP 0
32C6  0000        JMP 0
32C7  0000        JMP 0
32C8  0000        JMP 0
32C9  0000        JMP 0
32CA  0000        JMP 0
32CB  0000        JMP 0
32CC  0000        JMP 0
32CD  0000        JMP 0
32CE  0000        JMP 0
32CF  0000        JMP 0
32D0  0000        JMP 0
32D1  0000        JMP 0
32D2  0000        JMP 0
32D3  0000        JMP 0
32D4  0000        JMP 0
32D5  0000        JMP 0
32D6  0000        JMP 0
32D7  0000        JMP 0
32D8  0000        JMP 0
32D9  0000        JMP 0
32DA  0000        JMP 0
32DB  0000        JMP 0
32DC  0000        JMP 0
32DD  0000        JMP 0
32DE  0000        JMP 0
32DF  0000        JMP 0
32E0  0000        JMP 0
32E1  0000        JMP 0
32E2  0000        JMP 0
32E3  0000        JMP 0
32E4  0000        JMP 0
32E5  0000        JMP 0
32E6  0000        JMP 0
32E7  0000        JMP 0
32E8  0000        JMP 0
32E9  0000        JMP 0
32EA  0000        JMP 0
32EB  0000        JMP 0
32EC  0000        JMP 0
32ED  0000        JMP 0
32EE  0000        JMP 0
32EF  0000        JMP 0
32F0  0000        JMP 0
32F1  0000        JMP 0
32F2  0000        JMP 0
32F3  0000        JMP 0
32F4  0000        JMP 0
32F5  0000        JMP 0
32F6  0000        JMP 0
32F7  0000        JMP 0
32F8  0000        JMP 0
32F9  0000        JMP 0
32FA  0000        JMP 0
32FB  0000        JMP 0
32FC  0000        JMP 0
32FD  0000        JMP 0
32FE  0000        JMP 0
32FF  0000        JMP 0
3300  0000        JMP 0
3301  0000        JMP 0
3302  0000        JMP 0
3303  0000        JMP 0
3304  0000        JMP 0
3305  0000        JMP 0
3306  0000        JMP 0
3307  0000        JMP 0
3308  0000        JMP 0
3309  0000        JMP 0
330A  0000        JMP 0
330B  0000        JMP 0
330C  0000        JMP 0
330D  0000        JMP 0
330E  0000        JMP 0
330F  0000        JMP 0
3310  0000        JMP 0
3311  0000        JMP 0
3312  0000        JMP 0
3313  0000        JMP 0
3314  0000        JMP 0
3315  0000        JMP 0
3316  0000        JMP 0
3317  0000        JMP 0
3318  0000        JMP 0
3319  0000        JMP 0
331A  0000        JMP 0
331B  0000        JMP 0
331C  0000        JMP 0
331D  0000        JMP 0
331E  0000        JMP 0
331F  0000        JMP 0
3320  0000        JMP 0
3321  0000        JMP 0
3322  0000        JMP 0
3323  0000        JMP 0
3324  0000        JMP 0
3325  0000        JMP 0
3326  0000        JMP 0
3327  0000        JMP 0
3328  0000        JMP 0
3329  0000        JMP 0
332A  0000        JMP 0
332B  0000        JMP 0
332C  0000        JMP 0
332D  0000        JMP 0
332E  0000        JMP 0
332F  0000        JMP 0
3330  0000        JMP 0
3331  0000        JMP 0
3332  0000        JMP 0
3333  0000        JMP 0
3334  0000        JMP 0
3335  0000        JMP 0
3336  0000        JMP 0
3337  0000        JMP 0
3338  0000        JMP 0
3339  0000        JMP 0
333A  0000        JMP 0
333B  0000        JMP 0
333C  0000        JMP 0
333D  0000        JMP 0
333E  0000        JMP 0
333F  0000        JMP 0
3340  0000        JMP 0
3341  0000        JMP 0
3342  0000        JMP 0
3343  0000        JMP 0
3344  0000        JMP 0
3345  0000        JMP 0
3346  0000        JMP 0
3347  0000        JMP 0
3348  0000        JMP 0
3349  0000        JMP 0
334A  0000        JMP 0
334B  0000        JMP 0
334C  0000        JMP 0
334D  0000        JMP 0
334E  0000        JMP 0
334F  0000        JMP 0
3350  0000        JMP 0
3351  0000        JMP 0
3352  0000        JMP 0
3353  0000        JMP 0
3354  0000        JMP 0
3355  0000        JMP 0
3356  0000        JMP 0
3357  0000        JMP 0
3358  0000        JMP 0
3359  0000        JMP 0
335A  0000        JMP 0
335B  0000        JMP 0
335C  0000        JMP 0
335D  0000        JMP 0
335E  0000        JMP 0
335F  0000        JMP 0
3360  0000        JMP 0
3361  0000        JMP 0
3362  0000        JMP 0
3363  0000        JMP 0
3364  0000        JMP 0
3365  0000        JMP 0
3366  0000        JMP 0
3367  0000        JMP 0
3368  0000        JMP 0
3369  0000        JMP 0
336A  0000        JMP 0
336B  0000        JMP 0
336C  0000        JMP 0
336D  0000        JMP 0
336E  0000        JMP 0
336F  0000        JMP 0
3370  0000        JMP 0
3371  0000        JMP 0
3372  0000        JMP 0
3373  0000        JMP 0
3374  0000        JMP 0
3375  0000        JMP 0
3376  0000        JMP 0
3377  0000        JMP 0
3378  0000        JMP 0
3379  0000        JMP 0
337A  0000        JMP 0
337B  0000        JMP 0
337C  0000        JMP 0
337D  0000        JMP 0
337E  0000        JMP 0
337F  0000        JMP 0
3380  0000        JMP 0
3381  0000        JMP 0
3382  0000        JMP 0
3383  0000        JMP 0
3384  0000        JMP 0
3385  0000        JMP 0
3386  0000        JMP 0
3387  0000        JMP 0
3388  0000        JMP 0
3389  0000        JMP 0
338A  0000        JMP 0
338B  0000        JMP 0
338C  0000        JMP 0
338D  0000        JMP 0
338E  0000        JMP 0
338F  0000        JMP 0
3390  0000        JMP 0
3391  0000        JMP 0
3392  0000        JMP 0
3393  0000        JMP 0
3394  0000        JMP 0
3395  0000        JMP 0
3396  0000        JMP 0
3397  0000        JMP 0
3398  0000        JMP 0
3399  0000        JMP 0
339A  0000        JMP 0
339B  0000        JMP 0
339C  0000        JMP 0
339D  0000        JMP 0
339E  0000        JMP 0
339F  0000        JMP 0
33A0  0000        JMP 0
33A1  0000        JMP 0
33A2  0000        JMP 0
33A3  0000        JMP 0
33A4  0000        JMP 0
33A5  0000        JMP 0
33A6  0000        JMP 0
33A7  0000        JMP 0
33A8  0000        JMP 0
33A9  0000        JMP 0
33AA  0000        JMP 0
33AB  0000        JMP 0
33AC  0000        JMP 0
33AD  0000        JMP 0
33AE  0000        JMP 0
33AF  0000        JMP 0
33B0  0000        JMP 0
33B1  0000        JMP 0
33B2  0000        JMP 0
33B3  0000        JMP 0
33B4  0000        JMP 0
33B5  0000        JMP 0
33B6  0000        JMP 0
33B7  0000        JMP 0
33B8  0000        JMP 0
33B9  0000        JMP 0
33BA  0000        JMP 0
33BB  0000        JMP 0
33BC  0000        JMP 0
33BD  0000        JMP 0
33BE  0000        JMP 0
33BF  0000        JMP 0
33C0  0000        JMP 0
33C1  0000        JMP 0
33C2  0000        JMP 0
33C3  0000        JMP 0
33C4  0000        JMP 0
33C5  0000        JMP 0
33C6  0000        JMP 0
33C7  0000        JMP 0
33C8  0000        JMP 0
33C9  0000        JMP 0
33CA  0000        JMP 0
33CB  0000        JMP 0
33CC  0000        JMP 0
33CD  0000        JMP 0
33CE  0000        JMP 0
33CF  0000        JMP 0
33D0  0000        JMP 0
33D1  0000        JMP 0
33D2  0000        JMP 0
33D3  0000        JMP 0
33D4  0000        JMP 0
33D5  0000        JMP 0
33D6  0000        JMP 0
33D7  0000        JMP 0
33D8  0000        JMP 0
33D9  0000        JMP 0
33DA  0000        JMP 0
33DB  0000        JMP 0
33DC  0000        JMP 0
33DD  0000        JMP 0
33DE  0000        JMP 0
33DF  0000        JMP 0
33E0  0000        JMP 0
33E1  0000        JMP 0
33E2  0000        JMP 0
33E3  0000        JMP 0
33E4  0000        JMP 0
33E5  0000        JMP 0
33E6  0000        JMP 0
33E7  0000        JMP 0
33E8  0000        JMP 0
33E9  0000        JMP 0
33EA  0000        JMP 0
33EB  0000        JMP 0
33EC  0000        JMP 0
33ED  0000        JMP 0
33EE  0000        JMP 0
33EF  0000        JMP 0
33F0  0000        JMP 0
33F1  0000        JMP 0
33F2  0000        JMP 0
33F3  0000        JMP 0
33F4  0000        JMP 0
33F5  0000        JMP 0
33F6  0000        JMP 0
33F7  0000        JMP 0
33F8  0000        JMP 0
33F9  0000        JMP 0
33FA  0000        JMP 0
33FB  0000        JMP 0
33FC  0000        JMP 0
33FD  0000        JMP 0
33FE  0000        JMP 0
33FF  0000        JMP 0
3400  0000        JMP 0
3401  0000        JMP 0
3402  0000        JMP 0
3403  0000        JMP 0
3404  0000        JMP 0
3405  0000        JMP 0
3406  0000        JMP 0
3407  0000        JMP 0
3408  0000        JMP 0
3409  0000        JMP 0
340A  0000        JMP 0
340B  0000        JMP 0
340C  0000        JMP 0
340D  0000        JMP 0
340E  0000        JMP 0
340F  0000        JMP 0
3410  0000        JMP 0
3411  0000        JMP 0
3412  0000        JMP 0
3413  0000        JMP 0
3414  0000        JMP 0
3415  0000        JMP 0
3416  0000        JMP 0
3417  0000        JMP 0
3418  0000        JMP 0
3419  0000        JMP 0
341A  0000        JMP 0
341B  0000        JMP 0
341C  0000        JMP 0
341D  0000        JMP 0
341E  0000        JMP 0
341F  0000        JMP 0
3420  0000        JMP 0
3421  0000        JMP 0
3422  0000        JMP 0
3423  0000        JMP 0
3424  0000        JMP 0
3425  0000        JMP 0
3426  0000        JMP 0
3427  0000        JMP 0
3428  0000        JMP 0
3429  0000        JMP 0
342A  0000        JMP 0
342B  0000        JMP 0
342C  0000        JMP 0
342D  0000        JMP 0
342E  0000        JMP 0
342F  0000        JMP 0
3430  0000        JMP 0
3431  0000        JMP 0
3432  0000        JMP 0
3433  0000        JMP 0
3434  0000        JMP 0
3435  0000        JMP 0
3436  0000        JMP 0
3437  0000        JMP 0
3438  0000        JMP 0
3439  0000        JMP 0
343A  0000        JMP 0
343B  0000        JMP 0
343C  0000        JMP 0
343D  0000        JMP 0
343E  0000        JMP 0
343F  0000        JMP 0
3440  0000        JMP 0
3441  0000        JMP 0
3442  0000        JMP 0
3443  0000        JMP 0
3444  0000        JMP 0
3445  0000        JMP 0
3446  0000        JMP 0
3447  0000        JMP 0
3448  0000        JMP 0
3449  0000        JMP 0
344A  0000        JMP 0
344B  0000        JMP 0
344C  0000        JMP 0
344D  0000        JMP 0
344E  0000        JMP 0
344F  0000        JMP 0
3450  0000        JMP 0
3451  0000        JMP 0
3452  0000        JMP 0
3453  0000        JMP 0
3454  0000        JMP 0
3455  0000        JMP 0
3456  0000        JMP 0
3457  0000        JMP 0
3458  0000        JMP 0
3459  0000        JMP 0
345A  0000        JMP 0
345B  0000        JMP 0
345C  0000        JMP 0
345D  0000        JMP 0
345E  0000        JMP 0
345F  0000        JMP 0
3460  0000        JMP 0
3461  0000        JMP 0
3462  0000        JMP 0
3463  0000        JMP 0
3464  0000        JMP 0
3465  0000        JMP 0
3466  0000        JMP 0
3467  0000        JMP 0
3468  0000        JMP 0
3469  0000        JMP 0
346A  0000        JMP 0
346B  0000        JMP 0
346C  0000        JMP 0
346D  0000        JMP 0
346E  0000        JMP 0
346F  0000        JMP 0
3470  0000        JMP 0
3471  0000        JMP 0
3472  0000        JMP 0
3473  0000        JMP 0
3474  0000        JMP 0
3475  0000        JMP 0
3476  0000        JMP 0
3477  0000        JMP 0
3478  0000        JMP 0
3479  0000        JMP 0
347A  0000        JMP 0
347B  0000        JMP 0
347C  0000        JMP 0
347D  0000        JMP 0
347E  0000        JMP 0
347F  0000        JMP 0
3480  0000        JMP 0
3481  0000        JMP 0
3482  0000        JMP 0
3483  0000        JMP 0
3484  0000        JMP 0
3485  0000        JMP 0
3486  0000        JMP 0
3487  0000        JMP 0
3488  0000        JMP 0
3489  0000        JMP 0
348A  0000        JMP 0
348B  0000        JMP 0
348C  0000        JMP 0
348D  0000        JMP 0
348E  0000        JMP 0
348F  0000        JMP 0
3490  0000        JMP 0
3491  0000        JMP 0
3492  0000        JMP 0
3493  0000        JMP 0
3494  0000        JMP 0
3495  0000        JMP 0
3496  0000        JMP 0
3497  0000        JMP 0
3498  0000        JMP 0
3499  0000        JMP 0
349A  0000        JMP 0
349B  0000        JMP 0
349C  0000        JMP 0
349D  0000        JMP 0
349E  0000        JMP 0
349F  0000        JMP 0
34A0  0000        JMP 0
34A1  0000        JMP 0
34A2  0000        JMP 0
34A3  0000        JMP 0
34A4  0000        JMP 0
34A5  0000        JMP 0
34A6  0000        JMP 0
34A7  0000        JMP 0
34A8  0000        JMP 0
34A9  0000        JMP 0
34AA  0000        JMP 0
34AB  0000        JMP 0
34AC  0000        JMP 0
34AD  0000        JMP 0
34AE  0000        JMP 0
34AF  0000        JMP 0
34B0  0000        JMP 0
34B1  0000        JMP 0
34B2  0000        JMP 0
34B3  0000        JMP 0
34B4  0000        JMP 0
34B5  0000        JMP 0
34B6  0000        JMP 0
34B7  0000        JMP 0
34B8  0000        JMP 0
34B9  0000        JMP 0
34BA  0000        JMP 0
34BB  0000        JMP 0
34BC  0000        JMP 0
34BD  0000        JMP 0
34BE  0000        JMP 0
34BF  0000        JMP 0
34C0  0000        JMP 0
34C1  0000        JMP 0
34C2  0000        JMP 0
34C3  0000        JMP 0
34C4  0000        JMP 0
34C5  0000        JMP 0
34C6  0000        JMP 0
34C7  0000        JMP 0
34C8  0000        JMP 0
34C9  0000        JMP 0
34CA  0000        JMP 0
34CB  0000        JMP 0
34CC  0000        JMP 0
34CD  0000        JMP 0
34CE  0000        JMP 0
34CF  0000        JMP 0
34D0  0000        JMP 0
34D1  0000        JMP 0
34D2  0000        JMP 0
34D3  0000        JMP 0
34D4  0000        JMP 0
34D5  0000        JMP 0
34D6  0000        JMP 0
34D7  0000        JMP 0
34D8  0000        JMP 0
34D9  0000        JMP 0
34DA  0000        JMP 0
34DB  0000        JMP 0
34DC  0000        JMP 0
34DD  0000        JMP 0
34DE  0000        JMP 0
34DF  0000        JMP 0
34E0  0000        JMP 0
34E1  0000        JMP 0
34E2  0000        JMP 0
34E3  0000        JMP 0
34E4  0000        JMP 0
34E5  0000        JMP 0
34E6  0000        JMP 0
34E7  0000        JMP 0
34E8  0000        JMP 0
34E9  0000        JMP 0
34EA  0000        JMP 0
34EB  0000        JMP 0
34EC  0000        JMP 0
34ED  0000        JMP 0
34EE  0000        JMP 0
34EF  0000        JMP 0
34F0  0000        JMP 0
34F1  0000        JMP 0
34F2  0000        JMP 0
34F3  0000        JMP 0
34F4  0000        JMP 0
34F5  0000        JMP 0
34F6  0000        JMP 0
34F7  0000        JMP 0
34F8  0000        JMP 0
34F9  0000        JMP 0
34FA  0000        JMP 0
34FB  0000        JMP 0
34FC  0000        JMP 0
34FD  0000        JMP 0
34FE  0000        JMP 0
34FF  0000        JMP 0
3500  0000        JMP 0
3501  0000        JMP 0
3502  0000        JMP 0
3503  0000        JMP 0
3504  0000        JMP 0
3505  0000        JMP 0
3506  0000        JMP 0
3507  0000        JMP 0
3508  0000        JMP 0
3509  0000        JMP 0
350A  0000        JMP 0
350B  0000        JMP 0
350C  0000        JMP 0
350D  0000        JMP 0
350E  0000        JMP 0
350F  0000        JMP 0
3510  0000        JMP 0
3511  0000        JMP 0
3512  0000        JMP 0
3513  0000        JMP 0
3514  0000        JMP 0
3515  0000        JMP 0
3516  0000        JMP 0
3517  0000        JMP 0
3518  0000        JMP 0
3519  0000        JMP 0
351A  0000        JMP 0
351B  0000        JMP 0
351C  0000        JMP 0
351D  0000        JMP 0
351E  0000        JMP 0
351F  0000        JMP 0
3520  0000        JMP 0
3521  0000        JMP 0
3522  0000        JMP 0
3523  0000        JMP 0
3524  0000        JMP 0
3525  0000        JMP 0
3526  0000        JMP 0
3527  0000        JMP 0
3528  0000        JMP 0
3529  0000        JMP 0
352A  0000        JMP 0
352B  0000        JMP 0
352C  0000        JMP 0
352D  0000        JMP 0
352E  0000        JMP 0
352F  0000        JMP 0
3530  0000        JMP 0
3531  0000        JMP 0
3532  0000        JMP 0
3533  0000        JMP 0
3534  0000        JMP 0
3535  0000        JMP 0
3536  0000        JMP 0
3537  0000        JMP 0
3538  0000        JMP 0
3539  0000        JMP 0
353A  0000        JMP 0
353B  0000        JMP 0
353C  0000        JMP 0
353D  0000        JMP 0
353E  0000        JMP 0
353F  0000        JMP 0
3540  0000        JMP 0
3541  0000        JMP 0
3542  0000        JMP 0
3543  0000        JMP 0
3544  0000        JMP 0
3545  0000        JMP 0
3546  0000        JMP 0
3547  0000        JMP 0
3548  0000        JMP 0
3549  0000        JMP 0
354A  0000        JMP 0
354B  0000        JMP 0
354C  0000        JMP 0
354D  0000        JMP 0
354E  0000        JMP 0
354F  0000        JMP 0
3550  0000        JMP 0
3551  0000        JMP 0
3552  0000        JMP 0
3553  0000        JMP 0
3554  0000        JMP 0
3555  0000        JMP 0
3556  0000        JMP 0
3557  0000        JMP 0
3558  0000        JMP 0
3559  0000        JMP 0
355A  0000        JMP 0
355B  0000        JMP 0
355C  0000        JMP 0
355D  0000        JMP 0
355E  0000        JMP 0
355F  0000        JMP 0
3560  0000        JMP 0
3561  0000        JMP 0
3562  0000        JMP 0
3563  0000        JMP 0
3564  0000        JMP 0
3565  0000        JMP 0
3566  0000        JMP 0
3567  0000        JMP 0
3568  0000        JMP 0
3569  0000        JMP 0
356A  0000        JMP 0
356B  0000        JMP 0
356C  0000        JMP 0
356D  0000        JMP 0
356E  0000        JMP 0
356F  0000        JMP 0
3570  0000        JMP 0
3571  0000        JMP 0
3572  0000        JMP 0
3573  0000        JMP 0
3574  0000        JMP 0
3575  0000        JMP 0
3576  0000        JMP 0
3577  0000        JMP 0
3578  0000        JMP 0
3579  0000        JMP 0
357A  0000        JMP 0
357B  0000        JMP 0
357C  0000        JMP 0
357D  0000        JMP 0
357E  0000        JMP 0
357F  0000        JMP 0
3580  0000        JMP 0
3581  0000        JMP 0
3582  0000        JMP 0
3583  0000        JMP 0
3584  0000        JMP 0
3585  0000        JMP 0
3586  0000        JMP 0
3587  0000        JMP 0
3588  0000        JMP 0
3589  0000        JMP 0
358A  0000        JMP 0
358B  0000        JMP 0
358C  0000        JMP 0
358D  0000        JMP 0
358E  0000        JMP 0
358F  0000        JMP 0
3590  0000        JMP 0
3591  0000        JMP 0
3592  0000        JMP 0
3593  0000        JMP 0
3594  0000        JMP 0
3595  0000        JMP 0
3596  0000        JMP 0
3597  0000        JMP 0
3598  0000        JMP 0
3599  0000        JMP 0
359A  0000        JMP 0
359B  0000        JMP 0
359C  0000        JMP 0
359D  0000        JMP 0
359E  0000        JMP 0
359F  0000        JMP 0
35A0  0000        JMP 0
35A1  0000        JMP 0
35A2  0000        JMP 0
35A3  0000        JMP 0
35A4  0000        JMP 0
35A5  0000        JMP 0
35A6  0000        JMP 0
35A7  0000        JMP 0
35A8  0000        JMP 0
35A9  0000        JMP 0
35AA  0000        JMP 0
35AB  0000        JMP 0
35AC  0000        JMP 0
35AD  0000        JMP 0
35AE  0000        JMP 0
35AF  0000        JMP 0
35B0  0000        JMP 0
35B1  0000        JMP 0
35B2  0000        JMP 0
35B3  0000        JMP 0
35B4  0000        JMP 0
35B5  0000        JMP 0
35B6  0000        JMP 0
35B7  0000        JMP 0
35B8  0000        JMP 0
35B9  0000        JMP 0
35BA  0000        JMP 0
35BB  0000        JMP 0
35BC  0000        JMP 0
35BD  0000        JMP 0
35BE  0000        JMP 0
35BF  0000        JMP 0
35C0  0000        JMP 0
35C1  0000        JMP 0
35C2  0000        JMP 0
35C3  0000        JMP 0
35C4  0000        JMP 0
35C5  0000        JMP 0
35C6  0000        JMP 0
35C7  0000        JMP 0
35C8  0000        JMP 0
35C9  0000        JMP 0
35CA  0000        JMP 0
35CB  0000        JMP 0
35CC  0000        JMP 0
35CD  0000        JMP 0
35CE  0000        JMP 0
35CF  0000        JMP 0
35D0  0000        JMP 0
35D1  0000        JMP 0
35D2  0000        JMP 0
35D3  0000        JMP 0
35D4  0000        JMP 0
35D5  0000        JMP 0
35D6  0000        JMP 0
35D7  0000        JMP 0
35D8  0000        JMP 0
35D9  0000        JMP 0
35DA  0000        JMP 0
35DB  0000        JMP 0
35DC  0000        JMP 0
35DD  0000        JMP 0
35DE  0000        JMP 0
35DF  0000        JMP 0
35E0  0000        JMP 0
35E1  0000        JMP 0
35E2  0000        JMP 0
35E3  0000        JMP 0
35E4  0000        JMP 0
35E5  0000        JMP 0
35E6  0000        JMP 0
35E7  0000        JMP 0
35E8  0000        JMP 0
35E9  0000        JMP 0
35EA  0000        JMP 0
35EB  0000        JMP 0
35EC  0000        JMP 0
35ED  0000        JMP 0
35EE  0000        JMP 0
35EF  0000        JMP 0
35F0  0000        JMP 0
35F1  0000        JMP 0
35F2  0000        JMP 0
35F3  0000        JMP 0
35F4  0000        JMP 0
35F5  0000        JMP 0
35F6  0000        JMP 0
35F7  0000        JMP 0
35F8  0000        JMP 0
35F9  0000        JMP 0
35FA  0000        JMP 0
35FB  0000        JMP 0
35FC  0000        JMP 0
35FD  0000        JMP 0
35FE  0000        JMP 0
35FF  0000        JMP 0
3600  0000        JMP 0
3601  0000        JMP 0
3602  0000        JMP 0
3603  0000        JMP 0
3604  0000        JMP 0
3605  0000        JMP 0
3606  0000        JMP 0
3607  0000        JMP 0
3608  0000        JMP 0
3609  0000        JMP 0
360A  0000        JMP 0
360B  0000        JMP 0
360C  0000        JMP 0
360D  0000        JMP 0
360E  0000        JMP 0
360F  0000        JMP 0
3610  0000        JMP 0
3611  0000        JMP 0
3612  0000        JMP 0
3613  0000        JMP 0
3614  0000        JMP 0
3615  0000        JMP 0
3616  0000        JMP 0
3617  0000        JMP 0
3618  0000        JMP 0
3619  0000        JMP 0
361A  0000        JMP 0
361B  0000        JMP 0
361C  0000        JMP 0
361D  0000        JMP 0
361E  0000        JMP 0
361F  0000        JMP 0
3620  0000        JMP 0
3621  0000        JMP 0
3622  0000        JMP 0
3623  0000        JMP 0
3624  0000        JMP 0
3625  0000        JMP 0
3626  0000        JMP 0
3627  0000        JMP 0
3628  0000        JMP 0
3629  0000        JMP 0
362A  0000        JMP 0
362B  0000        JMP 0
362C  0000        JMP 0
362D  0000        JMP 0
362E  0000        JMP 0
362F  0000        JMP 0
3630  0000        JMP 0
3631  0000        JMP 0
3632  0000        JMP 0
3633  0000        JMP 0
3634  0000        JMP 0
3635  0000        JMP 0
3636  0000        JMP 0
3637  0000        JMP 0
3638  0000        JMP 0
3639  0000        JMP 0
363A  0000        JMP 0
363B  0000        JMP 0
363C  0000        JMP 0
363D  0000        JMP 0
363E  0000        JMP 0
363F  0000        JMP 0
3640  0000        JMP 0
3641  0000        JMP 0
3642  0000        JMP 0
3643  0000        JMP 0
3644  0000        JMP 0
3645  0000        JMP 0
3646  0000        JMP 0
3647  0000        JMP 0
3648  0000        JMP 0
3649  0000        JMP 0
364A  0000        JMP 0
364B  0000        JMP 0
364C  0000        JMP 0
364D  0000        JMP 0
364E  0000        JMP 0
364F  0000        JMP 0
3650  0000        JMP 0
3651  0000        JMP 0
3652  0000        JMP 0
3653  0000        JMP 0
3654  0000        JMP 0
3655  0000        JMP 0
3656  0000        JMP 0
3657  0000        JMP 0
3658  0000        JMP 0
3659  0000        JMP 0
365A  0000        JMP 0
365B  0000        JMP 0
365C  0000        JMP 0
365D  0000        JMP 0
365E  0000        JMP 0
365F  0000        JMP 0
3660  0000        JMP 0
3661  0000        JMP 0
3662  0000        JMP 0
3663  0000        JMP 0
3664  0000        JMP 0
3665  0000        JMP 0
3666  0000        JMP 0
3667  0000        JMP 0
3668  0000        JMP 0
3669  0000        JMP 0
366A  0000        JMP 0
366B  0000        JMP 0
366C  0000        JMP 0
366D  0000        JMP 0
366E  0000        JMP 0
366F  0000        JMP 0
3670  0000        JMP 0
3671  0000        JMP 0
3672  0000        JMP 0
3673  0000        JMP 0
3674  0000        JMP 0
3675  0000        JMP 0
3676  0000        JMP 0
3677  0000        JMP 0
3678  0000        JMP 0
3679  0000        JMP 0
367A  0000        JMP 0
367B  0000        JMP 0
367C  0000        JMP 0
367D  0000        JMP 0
367E  0000        JMP 0
367F  0000        JMP 0
3680  0000        JMP 0
3681  0000        JMP 0
3682  0000        JMP 0
3683  0000        JMP 0
3684  0000        JMP 0
3685  0000        JMP 0
3686  0000        JMP 0
3687  0000        JMP 0
3688  0000        JMP 0
3689  0000        JMP 0
368A  0000        JMP 0
368B  0000        JMP 0
368C  0000        JMP 0
368D  0000        JMP 0
368E  0000        JMP 0
368F  0000        JMP 0
3690  0000        JMP 0
3691  0000        JMP 0
3692  0000        JMP 0
3693  0000        JMP 0
3694  0000        JMP 0
3695  0000        JMP 0
3696  0000        JMP 0
3697  0000        JMP 0
3698  0000        JMP 0
3699  0000        JMP 0
369A  0000        JMP 0
369B  0000        JMP 0
369C  0000        JMP 0
369D  0000        JMP 0
369E  0000        JMP 0
369F  0000        JMP 0
36A0  0000        JMP 0
36A1  0000        JMP 0
36A2  0000        JMP 0
36A3  0000        JMP 0
36A4  0000        JMP 0
36A5  0000        JMP 0
36A6  0000        JMP 0
36A7  0000        JMP 0
36A8  0000        JMP 0
36A9  0000        JMP 0
36AA  0000        JMP 0
36AB  0000        JMP 0
36AC  0000        JMP 0
36AD  0000        JMP 0
36AE  0000        JMP 0
36AF  0000        JMP 0
36B0  0000        JMP 0
36B1  0000        JMP 0
36B2  0000        JMP 0
36B3  0000        JMP 0
36B4  0000        JMP 0
36B5  0000        JMP 0
36B6  0000        JMP 0
36B7  0000        JMP 0
36B8  0000        JMP 0
36B9  0000        JMP 0
36BA  0000        JMP 0
36BB  0000        JMP 0
36BC  0000        JMP 0
36BD  0000        JMP 0
36BE  0000        JMP 0
36BF  0000        JMP 0
36C0  0000        JMP 0
36C1  0000        JMP 0
36C2  0000        JMP 0
36C3  0000        JMP 0
36C4  0000        JMP 0
36C5  0000        JMP 0
36C6  0000        JMP 0
36C7  0000        JMP 0
36C8  0000        JMP 0
36C9  0000        JMP 0
36CA  0000        JMP 0
36CB  0000        JMP 0
36CC  0000        JMP 0
36CD  0000        JMP 0
36CE  0000        JMP 0
36CF  0000        JMP 0
36D0  0000        JMP 0
36D1  0000        JMP 0
36D2  0000        JMP 0
36D3  0000        JMP 0
36D4  0000        JMP 0
36D5  0000        JMP 0
36D6  0000        JMP 0
36D7  0000        JMP 0
36D8  0000        JMP 0
36D9  0000        JMP 0
36DA  0000        JMP 0
36DB  0000        JMP 0
36DC  0000        JMP 0
36DD  0000        JMP 0
36DE  0000        JMP 0
36DF  0000        JMP 0
36E0  0000        JMP 0
36E1  0000        JMP 0
36E2  0000        JMP 0
36E3  0000        JMP 0
36E4  0000        JMP 0
36E5  0000        JMP 0
36E6  0000        JMP 0
36E7  0000        JMP 0
36E8  0000        JMP 0
36E9  0000        JMP 0
36EA  0000        JMP 0
36EB  0000        JMP 0
36EC  0000        JMP 0
36ED  0000        JMP 0
36EE  0000        JMP 0
36EF  0000        JMP 0
36F0  0000        JMP 0
36F1  0000        JMP 0
36F2  0000        JMP 0
36F3  0000        JMP 0
36F4  0000        JMP 0
36F5  0000        JMP 0
36F6  0000        JMP 0
36F7  0000        JMP 0
36F8  0000        JMP 0
36F9  0000        JMP 0
36FA  0000        JMP 0
36FB  0000        JMP 0
36FC  0000        JMP 0
36FD  0000        JMP 0
36FE  0000        JMP 0
36FF  0000        JMP 0
3700  0000        JMP 0
3701  0000        JMP 0
3702  0000        JMP 0
3703  0000        JMP 0
3704  0000        JMP 0
3705  0000        JMP 0
3706  0000        JMP 0
3707  0000        JMP 0
3708  0000        JMP 0
3709  0000        JMP 0
370A  0000        JMP 0
370B  0000        JMP 0
370C  0000        JMP 0
370D  0000        JMP 0
370E  0000        JMP 0
370F  0000        JMP 0
3710  0000        JMP 0
3711  0000        JMP 0
3712  0000        JMP 0
3713  0000        JMP 0
3714  0000        JMP 0
3715  0000        JMP 0
3716  0000        JMP 0
3717  0000        JMP 0
3718  0000        JMP 0
3719  0000        JMP 0
371A  0000        JMP 0
371B  0000        JMP 0
371C  0000        JMP 0
371D  0000        JMP 0
371E  0000        JMP 0
371F  0000        JMP 0
3720  0000        JMP 0
3721  0000        JMP 0
3722  0000        JMP 0
3723  0000        JMP 0
3724  0000        JMP 0
3725  0000        JMP 0
3726  0000        JMP 0
3727  0000        JMP 0
3728  0000        JMP 0
3729  0000        JMP 0
372A  0000        JMP 0
372B  0000        JMP 0
372C  0000        JMP 0
372D  0000        JMP 0
372E  0000        JMP 0
372F  0000        JMP 0
3730  0000        JMP 0
3731  0000        JMP 0
3732  0000        JMP 0
3733  0000        JMP 0
3734  0000        JMP 0
3735  0000        JMP 0
3736  0000        JMP 0
3737  0000        JMP 0
3738  0000        JMP 0
3739  0000        JMP 0
373A  0000        JMP 0
373B  0000        JMP 0
373C  0000        JMP 0
373D  0000        JMP 0
373E  0000        JMP 0
373F  0000        JMP 0
3740  0000        JMP 0
3741  0000        JMP 0
3742  0000        JMP 0
3743  0000        JMP 0
3744  0000        JMP 0
3745  0000        JMP 0
3746  0000        JMP 0
3747  0000        JMP 0
3748  0000        JMP 0
3749  0000        JMP 0
374A  0000        JMP 0
374B  0000        JMP 0
374C  0000        JMP 0
374D  0000        JMP 0
374E  0000        JMP 0
374F  0000        JMP 0
3750  0000        JMP 0
3751  0000        JMP 0
3752  0000        JMP 0
3753  0000        JMP 0
3754  0000        JMP 0
3755  0000        JMP 0
3756  0000        JMP 0
3757  0000        JMP 0
3758  0000        JMP 0
3759  0000        JMP 0
375A  0000        JMP 0
375B  0000        JMP 0
375C  0000        JMP 0
375D  0000        JMP 0
375E  0000        JMP 0
375F  0000        JMP 0
3760  0000        JMP 0
3761  0000        JMP 0
3762  0000        JMP 0
3763  0000        JMP 0
3764  0000        JMP 0
3765  0000        JMP 0
3766  0000        JMP 0
3767  0000        JMP 0
3768  0000        JMP 0
3769  0000        JMP 0
376A  0000        JMP 0
376B  0000        JMP 0
376C  0000        JMP 0
376D  0000        JMP 0
376E  0000        JMP 0
376F  0000        JMP 0
3770  0000        JMP 0
3771  0000        JMP 0
3772  0000        JMP 0
3773  0000        JMP 0
3774  0000        JMP 0
3775  0000        JMP 0
3776  0000        JMP 0
3777  0000        JMP 0
3778  0000        JMP 0
3779  0000        JMP 0
377A  0000        JMP 0
377B  0000        JMP 0
377C  0000        JMP 0
377D  0000        JMP 0
377E  0000        JMP 0
377F  0000        JMP 0
3780  0000        JMP 0
3781  0000        JMP 0
3782  0000        JMP 0
3783  0000        JMP 0
3784  0000        JMP 0
3785  0000        JMP 0
3786  0000        JMP 0
3787  0000        JMP 0
3788  0000        JMP 0
3789  0000        JMP 0
378A  0000        JMP 0
378B  0000        JMP 0
378C  0000        JMP 0
378D  0000        JMP 0
378E  0000        JMP 0
378F  0000        JMP 0
3790  0000        JMP 0
3791  0000        JMP 0
3792  0000        JMP 0
3793  0000        JMP 0
3794  0000        JMP 0
3795  0000        JMP 0
3796  0000        JMP 0
3797  0000        JMP 0
3798  0000        JMP 0
3799  0000        JMP 0
379A  0000        JMP 0
379B  0000        JMP 0
379C  0000        JMP 0
379D  0000        JMP 0
379E  0000        JMP 0
379F  0000        JMP 0
37A0  0000        JMP 0
37A1  0000        JMP 0
37A2  0000        JMP 0
37A3  0000        JMP 0
37A4  0000        JMP 0
37A5  0000        JMP 0
37A6  0000        JMP 0
37A7  0000        JMP 0
37A8  0000        JMP 0
37A9  0000        JMP 0
37AA  0000        JMP 0
37AB  0000        JMP 0
37AC  0000        JMP 0
37AD  0000        JMP 0
37AE  0000        JMP 0
37AF  0000        JMP 0
37B0  0000        JMP 0
37B1  0000        JMP 0
37B2  0000        JMP 0
37B3  0000        JMP 0
37B4  0000        JMP 0
37B5  0000        JMP 0
37B6  0000        JMP 0
37B7  0000        JMP 0
37B8  0000        JMP 0
37B9  0000        JMP 0
37BA  0000        JMP 0
37BB  0000        JMP 0
37BC  0000        JMP 0
37BD  0000        JMP 0
37BE  0000        JMP 0
37BF  0000        JMP 0
37C0  0000        JMP 0
37C1  0000        JMP 0
37C2  0000        JMP 0
37C3  0000        JMP 0
37C4  0000        JMP 0
37C5  0000        JMP 0
37C6  0000        JMP 0
37C7  0000        JMP 0
37C8  0000        JMP 0
37C9  0000        JMP 0
37CA  0000        JMP 0
37CB  0000        JMP 0
37CC  0000        JMP 0
37CD  0000        JMP 0
37CE  0000        JMP 0
37CF  0000        JMP 0
37D0  0000        JMP 0
37D1  0000        JMP 0
37D2  0000        JMP 0
37D3  0000        JMP 0
37D4  0000        JMP 0
37D5  0000        JMP 0
37D6  0000        JMP 0
37D7  0000        JMP 0
37D8  0000        JMP 0
37D9  0000        JMP 0
37DA  0000        JMP 0
37DB  0000        JMP 0
37DC  0000        JMP 0
37DD  0000        JMP 0
37DE  0000        JMP 0
37DF  0000        JMP 0
37E0  0000        JMP 0
37E1  0000        JMP 0
37E2  0000        JMP 0
37E3  0000        JMP 0
37E4  0000        JMP 0
37E5  0000        JMP 0
37E6  0000        JMP 0
37E7  0000        JMP 0
37E8  0000        JMP 0
37E9  0000        JMP 0
37EA  0000        JMP 0
37EB  0000        JMP 0
37EC  0000        JMP 0
37ED  0000        JMP 0
37EE  0000        JMP 0
37EF  0000        JMP 0
37F0  0000        JMP 0
37F1  0000        JMP 0
37F2  0000        JMP 0
37F3  0000        JMP 0
37F4  0000        JMP 0
37F5  0000        JMP 0
37F6  0000        JMP 0
37F7  0000        JMP 0
37F8  0000        JMP 0
37F9  0000        JMP 0
37FA  0000        JMP 0
37FB  0000        JMP 0
37FC  0000        JMP 0
37FD  0000        JMP 0
37FE  0000        JMP 0
37FF  0000        JMP 0
3800  0000        JMP 0
3801  0000        JMP 0
3802  0000        JMP 0
3803  0000        JMP 0
3804  0000        JMP 0
3805  0000        JMP 0
3806  0000        JMP 0
3807  0000        JMP 0
3808  0000        JMP 0
3809  0000        JMP 0
380A  0000        JMP 0
380B  0000        JMP 0
380C  0000        JMP 0
380D  0000        JMP 0
380E  0000        JMP 0
380F  0000        JMP 0
3810  0000        JMP 0
3811  0000        JMP 0
3812  0000        JMP 0
3813  0000        JMP 0
3814  0000        JMP 0
3815  0000        JMP 0
3816  0000        JMP 0
3817  0000        JMP 0
3818  0000        JMP 0
3819  0000        JMP 0
381A  0000        JMP 0
381B  0000        JMP 0
381C  0000        JMP 0
381D  0000        JMP 0
381E  0000        JMP 0
381F  0000        JMP 0
3820  0000        JMP 0
3821  0000        JMP 0
3822  0000        JMP 0
3823  0000        JMP 0
3824  0000        JMP 0
3825  0000        JMP 0
3826  0000        JMP 0
3827  0000        JMP 0
3828  0000        JMP 0
3829  0000        JMP 0
382A  0000        JMP 0
382B  0000        JMP 0
382C  0000        JMP 0
382D  0000        JMP 0
382E  0000        JMP 0
382F  0000        JMP 0
3830  0000        JMP 0
3831  0000        JMP 0
3832  0000        JMP 0
3833  0000        JMP 0
3834  0000        JMP 0
3835  0000        JMP 0
3836  0000        JMP 0
3837  0000        JMP 0
3838  0000        JMP 0
3839  0000        JMP 0
383A  0000        JMP 0
383B  0000        JMP 0
383C  0000        JMP 0
383D  0000        JMP 0
383E  0000        JMP 0
383F  0000        JMP 0
3840  0000        JMP 0
3841  0000        JMP 0
3842  0000        JMP 0
3843  0000        JMP 0
3844  0000        JMP 0
3845  0000        JMP 0
3846  0000        JMP 0
3847  0000        JMP 0
3848  0000        JMP 0
3849  0000        JMP 0
384A  0000        JMP 0
384B  0000        JMP 0
384C  0000        JMP 0
384D  0000        JMP 0
384E  0000        JMP 0
384F  0000        JMP 0
3850  0000        JMP 0
3851  0000        JMP 0
3852  0000        JMP 0
3853  0000        JMP 0
3854  0000        JMP 0
3855  0000        JMP 0
3856  0000        JMP 0
3857  0000        JMP 0
3858  0000        JMP 0
3859  0000        JMP 0
385A  0000        JMP 0
385B  0000        JMP 0
385C  0000        JMP 0
385D  0000        JMP 0
385E  0000        JMP 0
385F  0000        JMP 0
3860  0000        JMP 0
3861  0000        JMP 0
3862  0000        JMP 0
3863  0000        JMP 0
3864  0000        JMP 0
3865  0000        JMP 0
3866  0000        JMP 0
3867  0000        JMP 0
3868  0000        JMP 0
3869  0000        JMP 0
386A  0000        JMP 0
386B  0000        JMP 0
386C  0000        JMP 0
386D  0000        JMP 0
386E  0000        JMP 0
386F  0000        JMP 0
3870  0000        JMP 0
3871  0000        JMP 0
3872  0000        JMP 0
3873  0000        JMP 0
3874  0000        JMP 0
3875  0000        JMP 0
3876  0000        JMP 0
3877  0000        JMP 0
3878  0000        JMP 0
3879  0000        JMP 0
387A  0000        JMP 0
387B  0000        JMP 0
387C  0000        JMP 0
387D  0000        JMP 0
387E  0000        JMP 0
387F  0000        JMP 0
3880  0000        JMP 0
3881  0000        JMP 0
3882  0000        JMP 0
3883  0000        JMP 0
3884  0000        JMP 0
3885  0000        JMP 0
3886  0000        JMP 0
3887  0000        JMP 0
3888  0000        JMP 0
3889  0000        JMP 0
388A  0000        JMP 0
388B  0000        JMP 0
388C  0000        JMP 0
388D  0000        JMP 0
388E  0000        JMP 0
388F  0000        JMP 0
3890  0000        JMP 0
3891  0000        JMP 0
3892  0000        JMP 0
3893  0000        JMP 0
3894  0000        JMP 0
3895  0000        JMP 0
3896  0000        JMP 0
3897  0000        JMP 0
3898  0000        JMP 0
3899  0000        JMP 0
389A  0000        JMP 0
389B  0000        JMP 0
389C  0000        JMP 0
389D  0000        JMP 0
389E  0000        JMP 0
389F  0000        JMP 0
38A0  0000        JMP 0
38A1  0000        JMP 0
38A2  0000        JMP 0
38A3  0000        JMP 0
38A4  0000        JMP 0
38A5  0000        JMP 0
38A6  0000        JMP 0
38A7  0000        JMP 0
38A8  0000        JMP 0
38A9  0000        JMP 0
38AA  0000        JMP 0
38AB  0000        JMP 0
38AC  0000        JMP 0
38AD  0000        JMP 0
38AE  0000        JMP 0
38AF  0000        JMP 0
38B0  0000        JMP 0
38B1  0000        JMP 0
38B2  0000        JMP 0
38B3  0000        JMP 0
38B4  0000        JMP 0
38B5  0000        JMP 0
38B6  0000        JMP 0
38B7  0000        JMP 0
38B8  0000        JMP 0
38B9  0000        JMP 0
38BA  0000        JMP 0
38BB  0000        JMP 0
38BC  0000        JMP 0
38BD  0000        JMP 0
38BE  0000        JMP 0
38BF  0000        JMP 0
38C0  0000        JMP 0
38C1  0000        JMP 0
38C2  0000        JMP 0
38C3  0000        JMP 0
38C4  0000        JMP 0
38C5  0000        JMP 0
38C6  0000        JMP 0
38C7  0000        JMP 0
38C8  0000        JMP 0
38C9  0000        JMP 0
38CA  0000        JMP 0
38CB  0000        JMP 0
38CC  0000        JMP 0
38CD  0000        JMP 0
38CE  0000        JMP 0
38CF  0000        JMP 0
38D0  0000        JMP 0
38D1  0000        JMP 0
38D2  0000        JMP 0
38D3  0000        JMP 0
38D4  0000        JMP 0
38D5  0000        JMP 0
38D6  0000        JMP 0
38D7  0000        JMP 0
38D8  0000        JMP 0
38D9  0000        JMP 0
38DA  0000        JMP 0
38DB  0000        JMP 0
38DC  0000        JMP 0
38DD  0000        JMP 0
38DE  0000        JMP 0
38DF  0000        JMP 0
38E0  0000        JMP 0
38E1  0000        JMP 0
38E2  0000        JMP 0
38E3  0000        JMP 0
38E4  0000        JMP 0
38E5  0000        JMP 0
38E6  0000        JMP 0
38E7  0000        JMP 0
38E8  0000        JMP 0
38E9  0000        JMP 0
38EA  0000        JMP 0
38EB  0000        JMP 0
38EC  0000        JMP 0
38ED  0000        JMP 0
38EE  0000        JMP 0
38EF  0000        JMP 0
38F0  0000        JMP 0
38F1  0000        JMP 0
38F2  0000        JMP 0
38F3  0000        JMP 0
38F4  0000        JMP 0
38F5  0000        JMP 0
38F6  0000        JMP 0
38F7  0000        JMP 0
38F8  0000        JMP 0
38F9  0000        JMP 0
38FA  0000        JMP 0
38FB  0000        JMP 0
38FC  0000        JMP 0
38FD  0000        JMP 0
38FE  0000        JMP 0
38FF  0000        JMP 0
3900  0000        JMP 0
3901  0000        JMP 0
3902  0000        JMP 0
3903  0000        JMP 0
3904  0000        JMP 0
3905  0000        JMP 0
3906  0000        JMP 0
3907  0000        JMP 0
3908  0000        JMP 0
3909  0000        JMP 0
390A  0000        JMP 0
390B  0000        JMP 0
390C  0000        JMP 0
390D  0000        JMP 0
390E  0000        JMP 0
390F  0000        JMP 0
3910  0000        JMP 0
3911  0000        JMP 0
3912  0000        JMP 0
3913  0000        JMP 0
3914  0000        JMP 0
3915  0000        JMP 0
3916  0000        JMP 0
3917  0000        JMP 0
3918  0000        JMP 0
3919  0000        JMP 0
391A  0000        JMP 0
391B  0000        JMP 0
391C  0000        JMP 0
391D  0000        JMP 0
391E  0000        JMP 0
391F  0000        JMP 0
3920  0000        JMP 0
3921  0000        JMP 0
3922  0000        JMP 0
3923  0000        JMP 0
3924  0000        JMP 0
3925  0000        JMP 0
3926  0000        JMP 0
3927  0000        JMP 0
3928  0000        JMP 0
3929  0000        JMP 0
392A  0000        JMP 0
392B  0000        JMP 0
392C  0000        JMP 0
392D  0000        JMP 0
392E  0000        JMP 0
392F  0000        JMP 0
3930  0000        JMP 0
3931  0000        JMP 0
3932  0000        JMP 0
3933  0000        JMP 0
3934  0000        JMP 0
3935  0000        JMP 0
3936  0000        JMP 0
3937  0000        JMP 0
3938  0000        JMP 0
3939  0000        JMP 0
393A  0000        JMP 0
393B  0000        JMP 0
393C  0000        JMP 0
393D  0000        JMP 0
393E  0000        JMP 0
393F  0000        JMP 0
3940  0000        JMP 0
3941  0000        JMP 0
3942  0000        JMP 0
3943  0000        JMP 0
3944  0000        JMP 0
3945  0000        JMP 0
3946  0000        JMP 0
3947  0000        JMP 0
3948  0000        JMP 0
3949  0000        JMP 0
394A  0000        JMP 0
394B  0000        JMP 0
394C  0000        JMP 0
394D  0000        JMP 0
394E  0000        JMP 0
394F  0000        JMP 0
3950  0000        JMP 0
3951  0000        JMP 0
3952  0000        JMP 0
3953  0000        JMP 0
3954  0000        JMP 0
3955  0000        JMP 0
3956  0000        JMP 0
3957  0000        JMP 0
3958  0000        JMP 0
3959  0000        JMP 0
395A  0000        JMP 0
395B  0000        JMP 0
395C  0000        JMP 0
395D  0000        JMP 0
395E  0000        JMP 0
395F  0000        JMP 0
3960  0000        JMP 0
3961  0000        JMP 0
3962  0000        JMP 0
3963  0000        JMP 0
3964  0000        JMP 0
3965  0000        JMP 0
3966  0000        JMP 0
3967  0000        JMP 0
3968  0000        JMP 0
3969  0000        JMP 0
396A  0000        JMP 0
396B  0000        JMP 0
396C  0000        JMP 0
396D  0000        JMP 0
396E  0000        JMP 0
396F  0000        JMP 0
3970  0000        JMP 0
3971  0000        JMP 0
3972  0000        JMP 0
3973  0000        JMP 0
3974  0000        JMP 0
3975  0000        JMP 0
3976  0000        JMP 0
3977  0000        JMP 0
3978  0000        JMP 0
3979  0000        JMP 0
397A  0000        JMP 0
397B  0000        JMP 0
397C  0000        JMP 0
397D  0000        JMP 0
397E  0000        JMP 0
397F  0000        JMP 0
3980  0000        JMP 0
3981  0000        JMP 0
3982  0000        JMP 0
3983  0000        JMP 0
3984  0000        JMP 0
3985  0000        JMP 0
3986  0000        JMP 0
3987  0000        JMP 0
3988  0000        JMP 0
3989  0000        JMP 0
398A  0000        JMP 0
398B  0000        JMP 0
398C  0000        JMP 0
398D  0000        JMP 0
398E  0000        JMP 0
398F  0000        JMP 0
3990  0000        JMP 0
3991  0000        JMP 0
3992  0000        JMP 0
3993  0000        JMP 0
3994  0000        JMP 0
3995  0000        JMP 0
3996  0000        JMP 0
3997  0000        JMP 0
3998  0000        JMP 0
3999  0000        JMP 0
399A  0000        JMP 0
399B  0000        JMP 0
399C  0000        JMP 0
399D  0000        JMP 0
399E  0000        JMP 0
399F  0000        JMP 0
39A0  0000        JMP 0
39A1  0000        JMP 0
39A2  0000        JMP 0
39A3  0000        JMP 0
39A4  0000        JMP 0
39A5  0000        JMP 0
39A6  0000        JMP 0
39A7  0000        JMP 0
39A8  0000        JMP 0
39A9  0000        JMP 0
39AA  0000        JMP 0
39AB  0000        JMP 0
39AC  0000        JMP 0
39AD  0000        JMP 0
39AE  0000        JMP 0
39AF  0000        JMP 0
39B0  0000        JMP 0
39B1  0000        JMP 0
39B2  0000        JMP 0
39B3  0000        JMP 0
39B4  0000        JMP 0
39B5  0000        JMP 0
39B6  0000        JMP 0
39B7  0000        JMP 0
39B8  0000        JMP 0
39B9  0000        JMP 0
39BA  0000        JMP 0
39BB  0000        JMP 0
39BC  0000        JMP 0
39BD  0000        JMP 0
39BE  0000        JMP 0
39BF  0000        JMP 0
39C0  0000        JMP 0
39C1  0000        JMP 0
39C2  0000        JMP 0
39C3  0000        JMP 0
39C4  0000        JMP 0
39C5  0000        JMP 0
39C6  0000        JMP 0
39C7  0000        JMP 0
39C8  0000        JMP 0
39C9  0000        JMP 0
39CA  0000        JMP 0
39CB  0000        JMP 0
39CC  0000        JMP 0
39CD  0000        JMP 0
39CE  0000        JMP 0
39CF  0000        JMP 0
39D0  0000        JMP 0
39D1  0000        JMP 0
39D2  0000        JMP 0
39D3  0000        JMP 0
39D4  0000        JMP 0
39D5  0000        JMP 0
39D6  0000        JMP 0
39D7  0000        JMP 0
39D8  0000        JMP 0
39D9  0000        JMP 0
39DA  0000        JMP 0
39DB  0000        JMP 0
39DC  0000        JMP 0
39DD  0000        JMP 0
39DE  0000        JMP 0
39DF  0000        JMP 0
39E0  0000        JMP 0
39E1  0000        JMP 0
39E2  0000        JMP 0
39E3  0000        JMP 0
39E4  0000        JMP 0
39E5  0000        JMP 0
39E6  0000        JMP 0
39E7  0000        JMP 0
39E8  0000        JMP 0
39E9  0000        JMP 0
39EA  0000        JMP 0
39EB  0000        JMP 0
39EC  0000        JMP 0
39ED  0000        JMP 0
39EE  0000        JMP 0
39EF  0000        JMP 0
39F0  0000        JMP 0
39F1  0000        JMP 0
39F2  0000        JMP 0
39F3  0000        JMP 0
39F4  0000        JMP 0
39F5  0000        JMP 0
39F6  0000        JMP 0
39F7  0000        JMP 0
39F8  0000        JMP 0
39F9  0000        JMP 0
39FA  0000        JMP 0
39FB  0000        JMP 0
39FC  0000        JMP 0
39FD  0000        JMP 0
39FE  0000        JMP 0
39FF  0000        JMP 0
3A00  0000        JMP 0
3A01  0000        JMP 0
3A02  0000        JMP 0
3A03  0000        JMP 0
3A04  0000        JMP 0
3A05  0000        JMP 0
3A06  0000        JMP 0
3A07  0000        JMP 0
3A08  0000        JMP 0
3A09  0000        JMP 0
3A0A  0000        JMP 0
3A0B  0000        JMP 0
3A0C  0000        JMP 0
3A0D  0000        JMP 0
3A0E  0000        JMP 0
3A0F  0000        JMP 0
3A10  0000        JMP 0
3A11  0000        JMP 0
3A12  0000        JMP 0
3A13  0000        JMP 0
3A14  0000        JMP 0
3A15  0000        JMP 0
3A16  0000        JMP 0
3A17  0000        JMP 0
3A18  0000        JMP 0
3A19  0000        JMP 0
3A1A  0000        JMP 0
3A1B  0000        JMP 0
3A1C  0000        JMP 0
3A1D  0000        JMP 0
3A1E  0000        JMP 0
3A1F  0000        JMP 0
3A20  0000        JMP 0
3A21  0000        JMP 0
3A22  0000        JMP 0
3A23  0000        JMP 0
3A24  0000        JMP 0
3A25  0000        JMP 0
3A26  0000        JMP 0
3A27  0000        JMP 0
3A28  0000        JMP 0
3A29  0000        JMP 0
3A2A  0000        JMP 0
3A2B  0000        JMP 0
3A2C  0000        JMP 0
3A2D  0000        JMP 0
3A2E  0000        JMP 0
3A2F  0000        JMP 0
3A30  0000        JMP 0
3A31  0000        JMP 0
3A32  0000        JMP 0
3A33  0000        JMP 0
3A34  0000        JMP 0
3A35  0000        JMP 0
3A36  0000        JMP 0
3A37  0000        JMP 0
3A38  0000        JMP 0
3A39  0000        JMP 0
3A3A  0000        JMP 0
3A3B  0000        JMP 0
3A3C  0000        JMP 0
3A3D  0000        JMP 0
3A3E  0000        JMP 0
3A3F  0000        JMP 0
3A40  0000        JMP 0
3A41  0000        JMP 0
3A42  0000        JMP 0
3A43  0000        JMP 0
3A44  0000        JMP 0
3A45  0000        JMP 0
3A46  0000        JMP 0
3A47  0000        JMP 0
3A48  0000        JMP 0
3A49  0000        JMP 0
3A4A  0000        JMP 0
3A4B  0000        JMP 0
3A4C  0000        JMP 0
3A4D  0000        JMP 0
3A4E  0000        JMP 0
3A4F  0000        JMP 0
3A50  0000        JMP 0
3A51  0000        JMP 0
3A52  0000        JMP 0
3A53  0000        JMP 0
3A54  0000        JMP 0
3A55  0000        JMP 0
3A56  0000        JMP 0
3A57  0000        JMP 0
3A58  0000        JMP 0
3A59  0000        JMP 0
3A5A  0000        JMP 0
3A5B  0000        JMP 0
3A5C  0000        JMP 0
3A5D  0000        JMP 0
3A5E  0000        JMP 0
3A5F  0000        JMP 0
3A60  0000        JMP 0
3A61  0000        JMP 0
3A62  0000        JMP 0
3A63  0000        JMP 0
3A64  0000        JMP 0
3A65  0000        JMP 0
3A66  0000        JMP 0
3A67  0000        JMP 0
3A68  0000        JMP 0
3A69  0000        JMP 0
3A6A  0000        JMP 0
3A6B  0000        JMP 0
3A6C  0000        JMP 0
3A6D  0000        JMP 0
3A6E  0000        JMP 0
3A6F  0000        JMP 0
3A70  0000        JMP 0
3A71  0000        JMP 0
3A72  0000        JMP 0
3A73  0000        JMP 0
3A74  0000        JMP 0
3A75  0000        JMP 0
3A76  0000        JMP 0
3A77  0000        JMP 0
3A78  0000        JMP 0
3A79  0000        JMP 0
3A7A  0000        JMP 0
3A7B  0000        JMP 0
3A7C  0000        JMP 0
3A7D  0000        JMP 0
3A7E  0000        JMP 0
3A7F  0000        JMP 0
3A80  0000        JMP 0
3A81  0000        JMP 0
3A82  0000        JMP 0
3A83  0000        JMP 0
3A84  0000        JMP 0
3A85  0000        JMP 0
3A86  0000        JMP 0
3A87  0000        JMP 0
3A88  0000        JMP 0
3A89  0000        JMP 0
3A8A  0000        JMP 0
3A8B  0000        JMP 0
3A8C  0000        JMP 0
3A8D  0000        JMP 0
3A8E  0000        JMP 0
3A8F  0000        JMP 0
3A90  0000        JMP 0
3A91  0000        JMP 0
3A92  0000        JMP 0
3A93  0000        JMP 0
3A94  0000        JMP 0
3A95  0000        JMP 0
3A96  0000        JMP 0
3A97  0000        JMP 0
3A98  0000        JMP 0
3A99  0000        JMP 0
3A9A  0000        JMP 0
3A9B  0000        JMP 0
3A9C  0000        JMP 0
3A9D  0000        JMP 0
3A9E  0000        JMP 0
3A9F  0000        JMP 0
3AA0  0000        JMP 0
3AA1  0000        JMP 0
3AA2  0000        JMP 0
3AA3  0000        JMP 0
3AA4  0000        JMP 0
3AA5  0000        JMP 0
3AA6  0000        JMP 0
3AA7  0000        JMP 0
3AA8  0000        JMP 0
3AA9  0000        JMP 0
3AAA  0000        JMP 0
3AAB  0000        JMP 0
3AAC  0000        JMP 0
3AAD  0000        JMP 0
3AAE  0000        JMP 0
3AAF  0000        JMP 0
3AB0  0000        JMP 0
3AB1  0000        JMP 0
3AB2  0000        JMP 0
3AB3  0000        JMP 0
3AB4  0000        JMP 0
3AB5  0000        JMP 0
3AB6  0000        JMP 0
3AB7  0000        JMP 0
3AB8  0000        JMP 0
3AB9  0000        JMP 0
3ABA  0000        JMP 0
3ABB  0000        JMP 0
3ABC  0000        JMP 0
3ABD  0000        JMP 0
3ABE  0000        JMP 0
3ABF  0000        JMP 0
3AC0  0000        JMP 0
3AC1  0000        JMP 0
3AC2  0000        JMP 0
3AC3  0000        JMP 0
3AC4  0000        JMP 0
3AC5  0000        JMP 0
3AC6  0000        JMP 0
3AC7  0000        JMP 0
3AC8  0000        JMP 0
3AC9  0000        JMP 0
3ACA  0000        JMP 0
3ACB  0000        JMP 0
3ACC  0000        JMP 0
3ACD  0000        JMP 0
3ACE  0000        JMP 0
3ACF  0000        JMP 0
3AD0  0000        JMP 0
3AD1  0000        JMP 0
3AD2  0000        JMP 0
3AD3  0000        JMP 0
3AD4  0000        JMP 0
3AD5  0000        JMP 0
3AD6  0000        JMP 0
3AD7  0000        JMP 0
3AD8  0000        JMP 0
3AD9  0000        JMP 0
3ADA  0000        JMP 0
3ADB  0000        JMP 0
3ADC  0000        JMP 0
3ADD  0000        JMP 0
3ADE  0000        JMP 0
3ADF  0000        JMP 0
3AE0  0000        JMP 0
3AE1  0000        JMP 0
3AE2  0000        JMP 0
3AE3  0000        JMP 0
3AE4  0000        JMP 0
3AE5  0000        JMP 0
3AE6  0000        JMP 0
3AE7  0000        JMP 0
3AE8  0000        JMP 0
3AE9  0000        JMP 0
3AEA  0000        JMP 0
3AEB  0000        JMP 0
3AEC  0000        JMP 0
3AED  0000        JMP 0
3AEE  0000        JMP 0
3AEF  0000        JMP 0
3AF0  0000        JMP 0
3AF1  0000        JMP 0
3AF2  0000        JMP 0
3AF3  0000        JMP 0
3AF4  0000        JMP 0
3AF5  0000        JMP 0
3AF6  0000        JMP 0
3AF7  0000        JMP 0
3AF8  0000        JMP 0
3AF9  0000        JMP 0
3AFA  0000        JMP 0
3AFB  0000        JMP 0
3AFC  0000        JMP 0
3AFD  0000        JMP 0
3AFE  0000        JMP 0
3AFF  0000        JMP 0
3B00  0000        JMP 0
3B01  0000        JMP 0
3B02  0000        JMP 0
3B03  0000        JMP 0
3B04  0000        JMP 0
3B05  0000        JMP 0
3B06  0000        JMP 0
3B07  0000        JMP 0
3B08  0000        JMP 0
3B09  0000        JMP 0
3B0A  0000        JMP 0
3B0B  0000        JMP 0
3B0C  0000        JMP 0
3B0D  0000        JMP 0
3B0E  0000        JMP 0
3B0F  0000        JMP 0
3B10  0000        JMP 0
3B11  0000        JMP 0
3B12  0000        JMP 0
3B13  0000        JMP 0
3B14  0000        JMP 0
3B15  0000        JMP 0
3B16  0000        JMP 0
3B17  0000        JMP 0
3B18  0000        JMP 0
3B19  0000        JMP 0
3B1A  0000        JMP 0
3B1B  0000        JMP 0
3B1C  0000        JMP 0
3B1D  0000        JMP 0
3B1E  0000        JMP 0
3B1F  0000        JMP 0
3B20  0000        JMP 0
3B21  0000        JMP 0
3B22  0000        JMP 0
3B23  0000        JMP 0
3B24  0000        JMP 0
3B25  0000        JMP 0
3B26  0000        JMP 0
3B27  0000        JMP 0
3B28  0000        JMP 0
3B29  0000        JMP 0
3B2A  0000        JMP 0
3B2B  0000        JMP 0
3B2C  0000        JMP 0
3B2D  0000        JMP 0
3B2E  0000        JMP 0
3B2F  0000        JMP 0
3B30  0000        JMP 0
3B31  0000        JMP 0
3B32  0000        JMP 0
3B33  0000        JMP 0
3B34  0000        JMP 0
3B35  0000        JMP 0
3B36  0000        JMP 0
3B37  0000        JMP 0
3B38  0000        JMP 0
3B39  0000        JMP 0
3B3A  0000        JMP 0
3B3B  0000        JMP 0
3B3C  0000        JMP 0
3B3D  0000        JMP 0
3B3E  0000        JMP 0
3B3F  0000        JMP 0
3B40  0000        JMP 0
3B41  0000        JMP 0
3B42  0000        JMP 0
3B43  0000        JMP 0
3B44  0000        JMP 0
3B45  0000        JMP 0
3B46  0000        JMP 0
3B47  0000        JMP 0
3B48  0000        JMP 0
3B49  0000        JMP 0
3B4A  0000        JMP 0
3B4B  0000        JMP 0
3B4C  0000        JMP 0
3B4D  0000        JMP 0
3B4E  0000        JMP 0
3B4F  0000        JMP 0
3B50  0000        JMP 0
3B51  0000        JMP 0
3B52  0000        JMP 0
3B53  0000        JMP 0
3B54  0000        JMP 0
3B55  0000        JMP 0
3B56  0000        JMP 0
3B57  0000        JMP 0
3B58  0000        JMP 0
3B59  0000        JMP 0
3B5A  0000        JMP 0
3B5B  0000        JMP 0
3B5C  0000        JMP 0
3B5D  0000        JMP 0
3B5E  0000        JMP 0
3B5F  0000        JMP 0
3B60  0000        JMP 0
3B61  0000        JMP 0
3B62  0000        JMP 0
3B63  0000        JMP 0
3B64  0000        JMP 0
3B65  0000        JMP 0
3B66  0000        JMP 0
3B67  0000        JMP 0
3B68  0000        JMP 0
3B69  0000        JMP 0
3B6A  0000        JMP 0
3B6B  0000        JMP 0
3B6C  0000        JMP 0
3B6D  0000        JMP 0
3B6E  0000        JMP 0
3B6F  0000        JMP 0
3B70  0000        JMP 0
3B71  0000        JMP 0
3B72  0000        JMP 0
3B73  0000        JMP 0
3B74  0000        JMP 0
3B75  0000        JMP 0
3B76  0000        JMP 0
3B77  0000        JMP 0
3B78  0000        JMP 0
3B79  0000        JMP 0
3B7A  0000        JMP 0
3B7B  0000        JMP 0
3B7C  0000        JMP 0
3B7D  0000        JMP 0
3B7E  0000        JMP 0
3B7F  0000        JMP 0
3B80  0000        JMP 0
3B81  0000        JMP 0
3B82  0000        JMP 0
3B83  0000        JMP 0
3B84  0000        JMP 0
3B85  0000        JMP 0
3B86  0000        JMP 0
3B87  0000        JMP 0
3B88  0000        JMP 0
3B89  0000        JMP 0
3B8A  0000        JMP 0
3B8B  0000        JMP 0
3B8C  0000        JMP 0
3B8D  0000        JMP 0
3B8E  0000        JMP 0
3B8F  0000        JMP 0
3B90  0000        JMP 0
3B91  0000        JMP 0
3B92  0000        JMP 0
3B93  0000        JMP 0
3B94  0000        JMP 0
3B95  0000        JMP 0
3B96  0000        JMP 0
3B97  0000        JMP 0
3B98  0000        JMP 0
3B99  0000        JMP 0
3B9A  0000        JMP 0
3B9B  0000        JMP 0
3B9C  0000        JMP 0
3B9D  0000        JMP 0
3B9E  0000        JMP 0
3B9F  0000        JMP 0
3BA0  0000        JMP 0
3BA1  0000        JMP 0
3BA2  0000        JMP 0
3BA3  0000        JMP 0
3BA4  0000        JMP 0
3BA5  0000        JMP 0
3BA6  0000        JMP 0
3BA7  0000        JMP 0
3BA8  0000        JMP 0
3BA9  0000        JMP 0
3BAA  0000        JMP 0
3BAB  0000        JMP 0
3BAC  0000        JMP 0
3BAD  0000        JMP 0
3BAE  0000        JMP 0
3BAF  0000        JMP 0
3BB0  0000        JMP 0
3BB1  0000        JMP 0
3BB2  0000        JMP 0
3BB3  0000        JMP 0
3BB4  0000        JMP 0
3BB5  0000        JMP 0
3BB6  0000        JMP 0
3BB7  0000        JMP 0
3BB8  0000        JMP 0
3BB9  0000        JMP 0
3BBA  0000        JMP 0
3BBB  0000        JMP 0
3BBC  0000        JMP 0
3BBD  0000        JMP 0
3BBE  0000        JMP 0
3BBF  0000        JMP 0
3BC0  0000        JMP 0
3BC1  0000        JMP 0
3BC2  0000        JMP 0
3BC3  0000        JMP 0
3BC4  0000        JMP 0
3BC5  0000        JMP 0
3BC6  0000        JMP 0
3BC7  0000        JMP 0
3BC8  0000        JMP 0
3BC9  0000        JMP 0
3BCA  0000        JMP 0
3BCB  0000        JMP 0
3BCC  0000        JMP 0
3BCD  0000        JMP 0
3BCE  0000        JMP 0
3BCF  0000        JMP 0
3BD0  0000        JMP 0
3BD1  0000        JMP 0
3BD2  0000        JMP 0
3BD3  0000        JMP 0
3BD4  0000        JMP 0
3BD5  0000        JMP 0
3BD6  0000        JMP 0
3BD7  0000        JMP 0
3BD8  0000        JMP 0
3BD9  0000        JMP 0
3BDA  0000        JMP 0
3BDB  0000        JMP 0
3BDC  0000        JMP 0
3BDD  0000        JMP 0
3BDE  0000        JMP 0
3BDF  0000        JMP 0
3BE0  0000        JMP 0
3BE1  0000        JMP 0
3BE2  0000        JMP 0
3BE3  0000        JMP 0
3BE4  0000        JMP 0
3BE5  0000        JMP 0
3BE6  0000        JMP 0
3BE7  0000        JMP 0
3BE8  0000        JMP 0
3BE9  0000        JMP 0
3BEA  0000        JMP 0
3BEB  0000        JMP 0
3BEC  0000        JMP 0
3BED  0000        JMP 0
3BEE  0000        JMP 0
3BEF  0000        JMP 0
3BF0  0000        JMP 0
3BF1  0000        JMP 0
3BF2  0000        JMP 0
3BF3  0000        JMP 0
3BF4  0000        JMP 0
3BF5  0000        JMP 0
3BF6  0000        JMP 0
3BF7  0000        JMP 0
3BF8  0000        JMP 0
3BF9  0000        JMP 0
3BFA  0000        JMP 0
3BFB  0000        JMP 0
3BFC  0000        JMP 0
3BFD  0000        JMP 0
3BFE  0000        JMP 0
3BFF  0000        JMP 0
3C00  0000        JMP 0
3C01  0000        JMP 0
3C02  0000        JMP 0
3C03  0000        JMP 0
3C04  0000        JMP 0
3C05  0000        JMP 0
3C06  0000        JMP 0
3C07  0000        JMP 0
3C08  0000        JMP 0
3C09  0000        JMP 0
3C0A  0000        JMP 0
3C0B  0000        JMP 0
3C0C  0000        JMP 0
3C0D  0000        JMP 0
3C0E  0000        JMP 0
3C0F  0000        JMP 0
3C10  0000        JMP 0
3C11  0000        JMP 0
3C12  0000        JMP 0
3C13  0000        JMP 0
3C14  0000        JMP 0
3C15  0000        JMP 0
3C16  0000        JMP 0
3C17  0000        JMP 0
3C18  0000        JMP 0
3C19  0000        JMP 0
3C1A  0000        JMP 0
3C1B  0000        JMP 0
3C1C  0000        JMP 0
3C1D  0000        JMP 0
3C1E  0000        JMP 0
3C1F  0000        JMP 0
3C20  0000        JMP 0
3C21  0000        JMP 0
3C22  0000        JMP 0
3C23  0000        JMP 0
3C24  0000        JMP 0
3C25  0000        JMP 0
3C26  0000        JMP 0
3C27  0000        JMP 0
3C28  0000        JMP 0
3C29  0000        JMP 0
3C2A  0000        JMP 0
3C2B  0000        JMP 0
3C2C  0000        JMP 0
3C2D  0000        JMP 0
3C2E  0000        JMP 0
3C2F  0000        JMP 0
3C30  0000        JMP 0
3C31  0000        JMP 0
3C32  0000        JMP 0
3C33  0000        JMP 0
3C34  0000        JMP 0
3C35  0000        JMP 0
3C36  0000        JMP 0
3C37  0000        JMP 0
3C38  0000        JMP 0
3C39  0000        JMP 0
3C3A  0000        JMP 0
3C3B  0000        JMP 0
3C3C  0000        JMP 0
3C3D  0000        JMP 0
3C3E  0000        JMP 0
3C3F  0000        JMP 0
3C40  0000        JMP 0
3C41  0000        JMP 0
3C42  0000        JMP 0
3C43  0000        JMP 0
3C44  0000        JMP 0
3C45  0000        JMP 0
3C46  0000        JMP 0
3C47  0000        JMP 0
3C48  0000        JMP 0
3C49  0000        JMP 0
3C4A  0000        JMP 0
3C4B  0000        JMP 0
3C4C  0000        JMP 0
3C4D  0000        JMP 0
3C4E  0000        JMP 0
3C4F  0000        JMP 0
3C50  0000        JMP 0
3C51  0000        JMP 0
3C52  0000        JMP 0
3C53  0000        JMP 0
3C54  0000        JMP 0
3C55  0000        JMP 0
3C56  0000        JMP 0
3C57  0000        JMP 0
3C58  0000        JMP 0
3C59  0000        JMP 0
3C5A  0000        JMP 0
3C5B  0000        JMP 0
3C5C  0000        JMP 0
3C5D  0000        JMP 0
3C5E  0000        JMP 0
3C5F  0000        JMP 0
3C60  0000        JMP 0
3C61  0000        JMP 0
3C62  0000        JMP 0
3C63  0000        JMP 0
3C64  0000        JMP 0
3C65  0000        JMP 0
3C66  0000        JMP 0
3C67  0000        JMP 0
3C68  0000        JMP 0
3C69  0000        JMP 0
3C6A  0000        JMP 0
3C6B  0000        JMP 0
3C6C  0000        JMP 0
3C6D  0000        JMP 0
3C6E  0000        JMP 0
3C6F  0000        JMP 0
3C70  0000        JMP 0
3C71  0000        JMP 0
3C72  0000        JMP 0
3C73  0000        JMP 0
3C74  0000        JMP 0
3C75  0000        JMP 0
3C76  0000        JMP 0
3C77  0000        JMP 0
3C78  0000        JMP 0
3C79  0000        JMP 0
3C7A  0000        JMP 0
3C7B  0000        JMP 0
3C7C  0000        JMP 0
3C7D  0000        JMP 0
3C7E  0000        JMP 0
3C7F  0000        JMP 0
3C80  0000        JMP 0
3C81  0000        JMP 0
3C82  0000        JMP 0
3C83  0000        JMP 0
3C84  0000        JMP 0
3C85  0000        JMP 0
3C86  0000        JMP 0
3C87  0000        JMP 0
3C88  0000        JMP 0
3C89  0000        JMP 0
3C8A  0000        JMP 0
3C8B  0000        JMP 0
3C8C  0000        JMP 0
3C8D  0000        JMP 0
3C8E  0000        JMP 0
3C8F  0000        JMP 0
3C90  0000        JMP 0
3C91  0000        JMP 0
3C92  0000        JMP 0
3C93  0000        JMP 0
3C94  0000        JMP 0
3C95  0000        JMP 0
3C96  0000        JMP 0
3C97  0000        JMP 0
3C98  0000        JMP 0
3C99  0000        JMP 0
3C9A  0000        JMP 0
3C9B  0000        JMP 0
3C9C  0000        JMP 0
3C9D  0000        JMP 0
3C9E  0000        JMP 0
3C9F  0000        JMP 0
3CA0  0000        JMP 0
3CA1  0000        JMP 0
3CA2  0000        JMP 0
3CA3  0000        JMP 0
3CA4  0000        JMP 0
3CA5  0000        JMP 0
3CA6  0000        JMP 0
3CA7  0000        JMP 0
3CA8  0000        JMP 0
3CA9  0000        JMP 0
3CAA  0000        JMP 0
3CAB  0000        JMP 0
3CAC  0000        JMP 0
3CAD  0000        JMP 0
3CAE  0000        JMP 0
3CAF  0000        JMP 0
3CB0  0000        JMP 0
3CB1  0000        JMP 0
3CB2  0000        JMP 0
3CB3  0000        JMP 0
3CB4  0000        JMP 0
3CB5  0000        JMP 0
3CB6  0000        JMP 0
3CB7  0000        JMP 0
3CB8  0000        JMP 0
3CB9  0000        JMP 0
3CBA  0000        JMP 0
3CBB  0000        JMP 0
3CBC  0000        JMP 0
3CBD  0000        JMP 0
3CBE  0000        JMP 0
3CBF  0000        JMP 0
3CC0  0000        JMP 0
3CC1  0000        JMP 0
3CC2  0000        JMP 0
3CC3  0000        JMP 0
3CC4  0000        JMP 0
3CC5  0000        JMP 0
3CC6  0000        JMP 0
3CC7  0000        JMP 0
3CC8  0000        JMP 0
3CC9  0000        JMP 0
3CCA  0000        JMP 0
3CCB  0000        JMP 0
3CCC  0000        JMP 0
3CCD  0000        JMP 0
3CCE  0000        JMP 0
3CCF  0000        JMP 0
3CD0  0000        JMP 0
3CD1  0000        JMP 0
3CD2  0000        JMP 0
3CD3  0000        JMP 0
3CD4  0000        JMP 0
3CD5  0000        JMP 0
3CD6  0000        JMP 0
3CD7  0000        JMP 0
3CD8  0000        JMP 0
3CD9  0000        JMP 0
3CDA  0000        JMP 0
3CDB  0000        JMP 0
3CDC  0000        JMP 0
3CDD  0000        JMP 0
3CDE  0000        JMP 0
3CDF  0000        JMP 0
3CE0  0000        JMP 0
3CE1  0000        JMP 0
3CE2  0000        JMP 0
3CE3  0000        JMP 0
3CE4  0000        JMP 0
3CE5  0000        JMP 0
3CE6  0000        JMP 0
3CE7  0000        JMP 0
3CE8  0000        JMP 0
3CE9  0000        JMP 0
3CEA  0000        JMP 0
3CEB  0000        JMP 0
3CEC  0000        JMP 0
3CED  0000        JMP 0
3CEE  0000        JMP 0
3CEF  0000        JMP 0
3CF0  0000        JMP 0
3CF1  0000        JMP 0
3CF2  0000        JMP 0
3CF3  0000        JMP 0
3CF4  0000        JMP 0
3CF5  0000        JMP 0
3CF6  0000        JMP 0
3CF7  0000        JMP 0
3CF8  0000        JMP 0
3CF9  0000        JMP 0
3CFA  0000        JMP 0
3CFB  0000        JMP 0
3CFC  0000        JMP 0
3CFD  0000        JMP 0
3CFE  0000        JMP 0
3CFF  0000        JMP 0
3D00  0000        JMP 0
3D01  0000        JMP 0
3D02  0000        JMP 0
3D03  0000        JMP 0
3D04  0000        JMP 0
3D05  0000        JMP 0
3D06  0000        JMP 0
3D07  0000        JMP 0
3D08  0000        JMP 0
3D09  0000        JMP 0
3D0A  0000        JMP 0
3D0B  0000        JMP 0
3D0C  0000        JMP 0
3D0D  0000        JMP 0
3D0E  0000        JMP 0
3D0F  0000        JMP 0
3D10  0000        JMP 0
3D11  0000        JMP 0
3D12  0000        JMP 0
3D13  0000        JMP 0
3D14  0000        JMP 0
3D15  0000        JMP 0
3D16  0000        JMP 0
3D17  0000        JMP 0
3D18  0000        JMP 0
3D19  0000        JMP 0
3D1A  0000        JMP 0
3D1B  0000        JMP 0
3D1C  0000        JMP 0
3D1D  0000        JMP 0
3D1E  0000        JMP 0
3D1F  0000        JMP 0
3D20  0000        JMP 0
3D21  0000        JMP 0
3D22  0000        JMP 0
3D23  0000        JMP 0
3D24  0000        JMP 0
3D25  0000        JMP 0
3D26  0000        JMP 0
3D27  0000        JMP 0
3D28  0000        JMP 0
3D29  0000        JMP 0
3D2A  0000        JMP 0
3D2B  0000        JMP 0
3D2C  0000        JMP 0
3D2D  0000        JMP 0
3D2E  0000        JMP 0
3D2F  0000        JMP 0
3D30  0000        JMP 0
3D31  0000        JMP 0
3D32  0000        JMP 0
3D33  0000        JMP 0
3D34  0000        JMP 0
3D35  0000        JMP 0
3D36  0000        JMP 0
3D37  0000        JMP 0
3D38  0000        JMP 0
3D39  0000        JMP 0
3D3A  0000        JMP 0
3D3B  0000        JMP 0
3D3C  0000        JMP 0
3D3D  0000        JMP 0
3D3E  0000        JMP 0
3D3F  0000        JMP 0
3D40  0000        JMP 0
3D41  0000        JMP 0
3D42  0000        JMP 0
3D43  0000        JMP 0
3D44  0000        JMP 0
3D45  0000        JMP 0
3D46  0000        JMP 0
3D47  0000        JMP 0
3D48  0000        JMP 0
3D49  0000        JMP 0
3D4A  0000        JMP 0
3D4B  0000        JMP 0
3D4C  0000        JMP 0
3D4D  0000        JMP 0
3D4E  0000        JMP 0
3D4F  0000        JMP 0
3D50  0000        JMP 0
3D51  0000        JMP 0
3D52  0000        JMP 0
3D53  0000        JMP 0
3D54  0000        JMP 0
3D55  0000        JMP 0
3D56  0000        JMP 0
3D57  0000        JMP 0
3D58  0000        JMP 0
3D59  0000        JMP 0
3D5A  0000        JMP 0
3D5B  0000        JMP 0
3D5C  0000        JMP 0
3D5D  0000        JMP 0
3D5E  0000        JMP 0
3D5F  0000        JMP 0
3D60  0000        JMP 0
3D61  0000        JMP 0
3D62  0000        JMP 0
3D63  0000        JMP 0
3D64  0000        JMP 0
3D65  0000        JMP 0
3D66  0000        JMP 0
3D67  0000        JMP 0
3D68  0000        JMP 0
3D69  0000        JMP 0
3D6A  0000        JMP 0
3D6B  0000        JMP 0
3D6C  0000        JMP 0
3D6D  0000        JMP 0
3D6E  0000        JMP 0
3D6F  0000        JMP 0
3D70  0000        JMP 0
3D71  0000        JMP 0
3D72  0000        JMP 0
3D73  0000        JMP 0
3D74  0000        JMP 0
3D75  0000        JMP 0
3D76  0000        JMP 0
3D77  0000        JMP 0
3D78  0000        JMP 0
3D79  0000        JMP 0
3D7A  0000        JMP 0
3D7B  0000        JMP 0
3D7C  0000        JMP 0
3D7D  0000        JMP 0
3D7E  0000        JMP 0
3D7F  0000        JMP 0
3D80  0000        JMP 0
3D81  0000        JMP 0
3D82  0000        JMP 0
3D83  0000        JMP 0
3D84  0000        JMP 0
3D85  0000        JMP 0
3D86  0000        JMP 0
3D87  0000        JMP 0
3D88  0000        JMP 0
3D89  0000        JMP 0
3D8A  0000        JMP 0
3D8B  0000        JMP 0
3D8C  0000        JMP 0
3D8D  0000        JMP 0
3D8E  0000        JMP 0
3D8F  0000        JMP 0
3D90  0000        JMP 0
3D91  0000        JMP 0
3D92  0000        JMP 0
3D93  0000        JMP 0
3D94  0000        JMP 0
3D95  0000        JMP 0
3D96  0000        JMP 0
3D97  0000        JMP 0
3D98  0000        JMP 0
3D99  0000        JMP 0
3D9A  0000        JMP 0
3D9B  0000        JMP 0
3D9C  0000        JMP 0
3D9D  0000        JMP 0
3D9E  0000        JMP 0
3D9F  0000        JMP 0
3DA0  0000        JMP 0
3DA1  0000        JMP 0
3DA2  0000        JMP 0
3DA3  0000        JMP 0
3DA4  0000        JMP 0
3DA5  0000        JMP 0
3DA6  0000        JMP 0
3DA7  0000        JMP 0
3DA8  0000        JMP 0
3DA9  0000        JMP 0
3DAA  0000        JMP 0
3DAB  0000        JMP 0
3DAC  0000        JMP 0
3DAD  0000        JMP 0
3DAE  0000        JMP 0
3DAF  0000        JMP 0
3DB0  0000        JMP 0
3DB1  0000        JMP 0
3DB2  0000        JMP 0
3DB3  0000        JMP 0
3DB4  0000        JMP 0
3DB5  0000        JMP 0
3DB6  0000        JMP 0
3DB7  0000        JMP 0
3DB8  0000        JMP 0
3DB9  0000        JMP 0
3DBA  0000        JMP 0
3DBB  0000        JMP 0
3DBC  0000        JMP 0
3DBD  0000        JMP 0
3DBE  0000        JMP 0
3DBF  0000        JMP 0
3DC0  0000        JMP 0
3DC1  0000        JMP 0
3DC2  0000        JMP 0
3DC3  0000        JMP 0
3DC4  0000        JMP 0
3DC5  0000        JMP 0
3DC6  0000        JMP 0
3DC7  0000        JMP 0
3DC8  0000        JMP 0
3DC9  0000        JMP 0
3DCA  0000        JMP 0
3DCB  0000        JMP 0
3DCC  0000        JMP 0
3DCD  0000        JMP 0
3DCE  0000        JMP 0
3DCF  0000        JMP 0
3DD0  0000        JMP 0
3DD1  0000        JMP 0
3DD2  0000        JMP 0
3DD3  0000        JMP 0
3DD4  0000        JMP 0
3DD5  0000        JMP 0
3DD6  0000        JMP 0
3DD7  0000        JMP 0
3DD8  0000        JMP 0
3DD9  0000        JMP 0
3DDA  0000        JMP 0
3DDB  0000        JMP 0
3DDC  0000        JMP 0
3DDD  0000        JMP 0
3DDE  0000        JMP 0
3DDF  0000        JMP 0
3DE0  0000        JMP 0
3DE1  0000        JMP 0
3DE2  0000        JMP 0
3DE3  0000        JMP 0
3DE4  0000        JMP 0
3DE5  0000        JMP 0
3DE6  0000        JMP 0
3DE7  0000        JMP 0
3DE8  0000        JMP 0
3DE9  0000        JMP 0
3DEA  0000        JMP 0
3DEB  0000        JMP 0
3DEC  0000        JMP 0
3DED  0000        JMP 0
3DEE  0000        JMP 0
3DEF  0000        JMP 0
3DF0  0000        JMP 0
3DF1  0000        JMP 0
3DF2  0000        JMP 0
3DF3  0000        JMP 0
3DF4  0000        JMP 0
3DF5  0000        JMP 0
3DF6  0000        JMP 0
3DF7  0000        JMP 0
3DF8  0000        JMP 0
3DF9  0000        JMP 0
3DFA  0000        JMP 0
3DFB  0000        JMP 0
3DFC  0000        JMP 0
3DFD  0000        JMP 0
3DFE  0000        JMP 0
3DFF  0000        JMP 0
3E00  0000        JMP 0
3E01  0000        JMP 0
3E02  0000        JMP 0
3E03  0000        JMP 0
3E04  0000        JMP 0
3E05  0000        JMP 0
3E06  0000        JMP 0
3E07  0000        JMP 0
3E08  0000        JMP 0
3E09  0000        JMP 0
3E0A  0000        JMP 0
3E0B  0000        JMP 0
3E0C  0000        JMP 0
3E0D  0000        JMP 0
3E0E  0000        JMP 0
3E0F  0000        JMP 0
3E10  0000        JMP 0
3E11  0000        JMP 0
3E12  0000        JMP 0
3E13  0000        JMP 0
3E14  0000        JMP 0
3E15  0000        JMP 0
3E16  0000        JMP 0
3E17  0000        JMP 0
3E18  0000        JMP 0
3E19  0000        JMP 0
3E1A  0000        JMP 0
3E1B  0000        JMP 0
3E1C  0000        JMP 0
3E1D  0000        JMP 0
3E1E  0000        JMP 0
3E1F  0000        JMP 0
3E20  0000        JMP 0
3E21  0000        JMP 0
3E22  0000        JMP 0
3E23  0000        JMP 0
3E24  0000        JMP 0
3E25  0000        JMP 0
3E26  0000        JMP 0
3E27  0000        JMP 0
3E28  0000        JMP 0
3E29  0000        JMP 0
3E2A  0000        JMP 0
3E2B  0000        JMP 0
3E2C  0000        JMP 0
3E2D  0000        JMP 0
3E2E  0000        JMP 0
3E2F  0000        JMP 0
3E30  0000        JMP 0
3E31  0000        JMP 0
3E32  0000        JMP 0
3E33  0000        JMP 0
3E34  0000        JMP 0
3E35  0000        JMP 0
3E36  0000        JMP 0
3E37  0000        JMP 0
3E38  0000        JMP 0
3E39  0000        JMP 0
3E3A  0000        JMP 0
3E3B  0000        JMP 0
3E3C  0000        JMP 0
3E3D  0000        JMP 0
3E3E  0000        JMP 0
3E3F  0000        JMP 0
3E40  0000        JMP 0
3E41  0000        JMP 0
3E42  0000        JMP 0
3E43  0000        JMP 0
3E44  0000        JMP 0
3E45  0000        JMP 0
3E46  0000        JMP 0
3E47  0000        JMP 0
3E48  0000        JMP 0
3E49  0000        JMP 0
3E4A  0000        JMP 0
3E4B  0000        JMP 0
3E4C  0000        JMP 0
3E4D  0000        JMP 0
3E4E  0000        JMP 0
3E4F  0000        JMP 0
3E50  0000        JMP 0
3E51  0000        JMP 0
3E52  0000        JMP 0
3E53  0000        JMP 0
3E54  0000        JMP 0
3E55  0000        JMP 0
3E56  0000        JMP 0
3E57  0000        JMP 0
3E58  0000        JMP 0
3E59  0000        JMP 0
3E5A  0000        JMP 0
3E5B  0000        JMP 0
3E5C  0000        JMP 0
3E5D  0000        JMP 0
3E5E  0000        JMP 0
3E5F  0000        JMP 0
3E60  0000        JMP 0
3E61  0000        JMP 0
3E62  0000        JMP 0
3E63  0000        JMP 0
3E64  0000        JMP 0
3E65  0000        JMP 0
3E66  0000        JMP 0
3E67  0000        JMP 0
3E68  0000        JMP 0
3E69  0000        JMP 0
3E6A  0000        JMP 0
3E6B  0000        JMP 0
3E6C  0000        JMP 0
3E6D  0000        JMP 0
3E6E  0000        JMP 0
3E6F  0000        JMP 0
3E70  0000        JMP 0
3E71  0000        JMP 0
3E72  0000        JMP 0
3E73  0000        JMP 0
3E74  0000        JMP 0
3E75  0000        JMP 0
3E76  0000        JMP 0
3E77  0000        JMP 0
3E78  0000        JMP 0
3E79  0000        JMP 0
3E7A  0000        JMP 0
3E7B  0000        JMP 0
3E7C  0000        JMP 0
3E7D  0000        JMP 0
3E7E  0000        JMP 0
3E7F  0000        JMP 0
3E80  0000        JMP 0
3E81  0000        JMP 0
3E82  0000        JMP 0
3E83  0000        JMP 0
3E84  0000        JMP 0
3E85  0000        JMP 0
3E86  0000        JMP 0
3E87  0000        JMP 0
3E88  0000        JMP 0
3E89  0000        JMP 0
3E8A  0000        JMP 0
3E8B  0000        JMP 0
3E8C  0000        JMP 0
3E8D  0000        JMP 0
3E8E  0000        JMP 0
3E8F  0000        JMP 0
3E90  0000        JMP 0
3E91  0000        JMP 0
3E92  0000        JMP 0
3E93  0000        JMP 0
3E94  0000        JMP 0
3E95  0000        JMP 0
3E96  0000        JMP 0
3E97  0000        JMP 0
3E98  0000        JMP 0
3E99  0000        JMP 0
3E9A  0000        JMP 0
3E9B  0000        JMP 0
3E9C  0000        JMP 0
3E9D  0000        JMP 0
3E9E  0000        JMP 0
3E9F  0000        JMP 0
3EA0  0000        JMP 0
3EA1  0000        JMP 0
3EA2  0000        JMP 0
3EA3  0000        JMP 0
3EA4  0000        JMP 0
3EA5  0000        JMP 0
3EA6  0000        JMP 0
3EA7  0000        JMP 0
3EA8  0000        JMP 0
3EA9  0000        JMP 0
3EAA  0000        JMP 0
3EAB  0000        JMP 0
3EAC  0000        JMP 0
3EAD  0000        JMP 0
3EAE  0000        JMP 0
3EAF  0000        JMP 0
3EB0  0000        JMP 0
3EB1  0000        JMP 0
3EB2  0000        JMP 0
3EB3  0000        JMP 0
3EB4  0000        JMP 0
3EB5  0000        JMP 0
3EB6  0000        JMP 0
3EB7  0000        JMP 0
3EB8  0000        JMP 0
3EB9  0000        JMP 0
3EBA  0000        JMP 0
3EBB  0000        JMP 0
3EBC  0000        JMP 0
3EBD  0000        JMP 0
3EBE  0000        JMP 0
3EBF  0000        JMP 0
3EC0  0000        JMP 0
3EC1  0000        JMP 0
3EC2  0000        JMP 0
3EC3  0000        JMP 0
3EC4  0000        JMP 0
3EC5  0000        JMP 0
3EC6  0000        JMP 0
3EC7  0000        JMP 0
3EC8  0000        JMP 0
3EC9  0000        JMP 0
3ECA  0000        JMP 0
3ECB  0000        JMP 0
3ECC  0000        JMP 0
3ECD  0000        JMP 0
3ECE  0000        JMP 0
3ECF  0000        JMP 0
3ED0  0000        JMP 0
3ED1  0000        JMP 0
3ED2  0000        JMP 0
3ED3  0000        JMP 0
3ED4  0000        JMP 0
3ED5  0000        JMP 0
3ED6  0000        JMP 0
3ED7  0000        JMP 0
3ED8  0000        JMP 0
3ED9  0000        JMP 0
3EDA  0000        JMP 0
3EDB  0000        JMP 0
3EDC  0000        JMP 0
3EDD  0000        JMP 0
3EDE  0000        JMP 0
3EDF  0000        JMP 0
3EE0  0000        JMP 0
3EE1  0000        JMP 0
3EE2  0000        JMP 0
3EE3  0000        JMP 0
3EE4  0000        JMP 0
3EE5  0000        JMP 0
3EE6  0000        JMP 0
3EE7  0000        JMP 0
3EE8  0000        JMP 0
3EE9  0000        JMP 0
3EEA  0000        JMP 0
3EEB  0000        JMP 0
3EEC  0000        JMP 0
3EED  0000        JMP 0
3EEE  0000        JMP 0
3EEF  0000        JMP 0
3EF0  0000        JMP 0
3EF1  0000        JMP 0
3EF2  0000        JMP 0
3EF3  0000        JMP 0
3EF4  0000        JMP 0
3EF5  0000        JMP 0
3EF6  0000        JMP 0
3EF7  0000        JMP 0
3EF8  0000        JMP 0
3EF9  0000        JMP 0
3EFA  0000        JMP 0
3EFB  0000        JMP 0
3EFC  0000        JMP 0
3EFD  0000        JMP 0
3EFE  0000        JMP 0
3EFF  0000        JMP 0
3F00  0000        JMP 0
3F01  0000        JMP 0
3F02  0000        JMP 0
3F03  0000        JMP 0
3F04  0000        JMP 0
3F05  0000        JMP 0
3F06  0000        JMP 0
3F07  0000        JMP 0
3F08  0000        JMP 0
3F09  0000        JMP 0
3F0A  0000        JMP 0
3F0B  0000        JMP 0
3F0C  0000        JMP 0
3F0D  0000        JMP 0
3F0E  0000        JMP 0
3F0F  0000        JMP 0
3F10  0000        JMP 0
3F11  0000        JMP 0
3F12  0000        JMP 0
3F13  0000        JMP 0
3F14  0000        JMP 0
3F15  0000        JMP 0
3F16  0000        JMP 0
3F17  0000        JMP 0
3F18  0000        JMP 0
3F19  0000        JMP 0
3F1A  0000        JMP 0
3F1B  0000        JMP 0
3F1C  0000        JMP 0
3F1D  0000        JMP 0
3F1E  0000        JMP 0
3F1F  0000        JMP 0
3F20  0000        JMP 0
3F21  0000        JMP 0
3F22  0000        JMP 0
3F23  0000        JMP 0
3F24  0000        JMP 0
3F25  0000        JMP 0
3F26  0000        JMP 0
3F27  0000        JMP 0
3F28  0000        JMP 0
3F29  0000        JMP 0
3F2A  0000        JMP 0
3F2B  0000        JMP 0
3F2C  0000        JMP 0
3F2D  0000        JMP 0
3F2E  0000        JMP 0
3F2F  0000        JMP 0
3F30  0000        JMP 0
3F31  0000        JMP 0
3F32  0000        JMP 0
3F33  0000        JMP 0
3F34  0000        JMP 0
3F35  0000        JMP 0
3F36  0000        JMP 0
3F37  0000        JMP 0
3F38  0000        JMP 0
3F39  0000        JMP 0
3F3A  0000        JMP 0
3F3B  0000        JMP 0
3F3C  0000        JMP 0
3F3D  0000        JMP 0
3F3E  0000        JMP 0
3F3F  0000        JMP 0
3F40  0000        JMP 0
3F41  0000        JMP 0
3F42  0000        JMP 0
3F43  0000        JMP 0
3F44  0000        JMP 0
3F45  0000        JMP 0
3F46  0000        JMP 0
3F47  0000        JMP 0
3F48  0000        JMP 0
3F49  0000        JMP 0
3F4A  0000        JMP 0
3F4B  0000        JMP 0
3F4C  0000        JMP 0
3F4D  0000        JMP 0
3F4E  0000        JMP 0
3F4F  0000        JMP 0
3F50  0000        JMP 0
3F51  0000        JMP 0
3F52  0000        JMP 0
3F53  0000        JMP 0
3F54  0000        JMP 0
3F55  0000        JMP 0
3F56  0000        JMP 0
3F57  0000        JMP 0
3F58  0000        JMP 0
3F59  0000        JMP 0
3F5A  0000        JMP 0
3F5B  0000        JMP 0
3F5C  0000        JMP 0
3F5D  0000        JMP 0
3F5E  0000        JMP 0
3F5F  0000        JMP 0
3F60  0000        JMP 0
3F61  0000        JMP 0
3F62  0000        JMP 0
3F63  0000        JMP 0
3F64  0000        JMP 0
3F65  0000        JMP 0
3F66  0000        JMP 0
3F67  0000        JMP 0
3F68  0000        JMP 0
3F69  0000        JMP 0
3F6A  0000        JMP 0
3F6B  0000        JMP 0
3F6C  0000        JMP 0
3F6D  0000        JMP 0
3F6E  0000        JMP 0
3F6F  0000        JMP 0
3F70  0000        JMP 0
3F71  0000        JMP 0
3F72  0000        JMP 0
3F73  0000        JMP 0
3F74  0000        JMP 0
3F75  0000        JMP 0
3F76  0000        JMP 0
3F77  0000        JMP 0
3F78  0000        JMP 0
3F79  0000        JMP 0
3F7A  0000        JMP 0
3F7B  0000        JMP 0
3F7C  0000        JMP 0
3F7D  0000        JMP 0
3F7E  0000        JMP 0
3F7F  0000        JMP 0
3F80  0000        JMP 0
3F81  0000        JMP 0
3F82  0000        JMP 0
3F83  0000        JMP 0
3F84  0000        JMP 0
3F85  0000        JMP 0
3F86  0000        JMP 0
3F87  0000        JMP 0
3F88  0000        JMP 0
3F89  0000        JMP 0
3F8A  0000        JMP 0
3F8B  0000        JMP 0
3F8C  0000        JMP 0
3F8D  0000        JMP 0
3F8E  0000        JMP 0
3F8F  0000        JMP 0
3F90  0000        JMP 0
3F91  0000        JMP 0
3F92  0000        JMP 0
3F93  0000        JMP 0
3F94  0000        JMP 0
3F95  0000        JMP 0
3F96  0000        JMP 0
3F97  0000        JMP 0
3F98  0000        JMP 0
3F99  0000        JMP 0
3F9A  0000        JMP 0
3F9B  0000        JMP 0
3F9C  0000        JMP 0
3F9D  0000        JMP 0
3F9E  0000        JMP 0
3F9F  0000        JMP 0
3FA0  0000        JMP 0
3FA1  0000        JMP 0
3FA2  0000        JMP 0
3FA3  0000        JMP 0
3FA4  0000        JMP 0
3FA5  0000        JMP 0
3FA6  0000        JMP 0
3FA7  0000        JMP 0
3FA8  0000        JMP 0
3FA9  0000        JMP 0
3FAA  0000        JMP 0
3FAB  0000        JMP 0
3FAC  0000        JMP 0
3FAD  0000        JMP 0
3FAE  0000        JMP 0
3FAF  0000        JMP 0
3FB0  0000        JMP 0
3FB1  0000        JMP 0
3FB2  0000        JMP 0
3FB3  0000        JMP 0
3FB4  0000        JMP 0
3FB5  0000        JMP 0
3FB6  0000        JMP 0
3FB7  0000        JMP 0
3FB8  0000        JMP 0
3FB9  0000        JMP 0
3FBA  0000        JMP 0
3FBB  0000        JMP 0
3FBC  0000        JMP 0
3FBD  0000        JMP 0
3FBE  0000        JMP 0
3FBF  0000        JMP 0
3FC0  0000        JMP 0
3FC1  0000        JMP 0
3FC2  0000        JMP 0
3FC3  0000        JMP 0
3FC4  0000        JMP 0
3FC5  0000        JMP 0
3FC6  0000        JMP 0
3FC7  0000        JMP 0
3FC8  0000        JMP 0
3FC9  0000        JMP 0
3FCA  0000        JMP 0
3FCB  0000        JMP 0
3FCC  0000        JMP 0
3FCD  0000        JMP 0
3FCE  0000        JMP 0
3FCF  0000        JMP 0
3FD0  0000        JMP 0
3FD1  0000        JMP 0
3FD2  0000        JMP 0
3FD3  0000        JMP 0
3FD4  0000        JMP 0
3FD5  0000        JMP 0
3FD6  0000        JMP 0
3FD7  0000        JMP 0
3FD8  0000        JMP 0
3FD9  0000        JMP 0
3FDA  0000        JMP 0
3FDB  0000        JMP 0
3FDC  0000        JMP 0
3FDD  0000        JMP 0
3FDE  0000        JMP 0
3FDF  0000        JMP 0
3FE0  0000        JMP 0
3FE1  0000        JMP 0
3FE2  0000        JMP 0
3FE3  0000        JMP 0
3FE4  0000        JMP 0
3FE5  0000        JMP 0
3FE6  0000        JMP 0
3FE7  0000        JMP 0
3FE8  0000        JMP 0
3FE9  0000        JMP 0
3FEA  0000        JMP 0
3FEB  0000        JMP 0
3FEC  0000        JMP 0
3FED  0000        JMP 0
3FEE  0000        JMP 0
3FEF  0000        JMP 0
3FF0  0000        JMP 0
3FF1  0000        JMP 0
3FF2  0000        JMP 0
3FF3  0000        JMP 0
3FF4  0000        JMP 0
3FF5  0000        JMP 0
3FF6  0000        JMP 0
3FF7  0000        JMP 0
3FF8  0000        JMP 0
3FF9  0000        JMP 0
3FFA  0000        JMP 0
3FFB  0000        JMP 0
3FFC  0000        JMP 0
3FFD  0000        JMP 0
3FFE  0000        JMP 0
3FFF  0000        JMP 0
4000  0009        JMP 9
4001  0082        JMP 130
4002  000F        JMP 15
4003  0001        JMP 1
4004  0063        JMP 99
4005  0036        JMP 54
4006  0000        JMP 0
4007  0001        JMP 1
4008  0021        JMP 33
4009  0002        JMP 2
400A  001E        JMP 30
400B  FFFF        ANDCS# 3,3,SBN
400C  0003        JMP 3
400D  0004        JMP 4
400E  0008        JMP 8
400F  002B        JMP 43
4010  0005        JMP 5
4011  0046        JMP 70
4012  0006        JMP 6
4013  000A        JMP 10
4014  0011        JMP 17
4015  03E8        JMP -24,3
4016  0016        JMP 22
4017  003C        JMP 60
4018  0064        JMP 100
4019  0014        JMP 20
401A  003D        JMP 61
401B  000D        JMP 13
401C  0020        JMP 32
401D  0017        JMP 23
401E  0018        JMP 24
401F  282F        LDA 1,47
4020  2720        LDA 0,@32,3
4021  272C        LDA 0,@44,3
4022  3230        LDA 2,48,2
4023  4131        STA 0,49,PC   ; -> 4054
4024  2900        LDA 1,0,PC   ; -> 4024
4025  004C        JMP 76
4026  001D        JMP 29
4027  0088        JMP 136
4028  282F        LDA 1,47
4029  2F2F        LDA 1,@47,3
402A  2720        LDA 0,@32,3
402B  596F        STA 3,111,PC   ; -> 409A
402C  7520        LEF 2,@32,PC   ; -> 404C
402D  7363        LEF 2,99,3
402E  6F72        LEF 1,@114,3
402F  6564        LEF 0,@100,PC   ; -> 4093
4030  272C        LDA 0,@44,3
4031  4934        STA 1,52,PC   ; -> 4065
4032  2C27        LDA 1,@39
4033  206F        LDA 0,111
4034  7574        LEF 2,@116,PC   ; -> 40A8
4035  206F        LDA 0,111
4036  6620        LEF 0,@32,2
4037  6120        LEF 0,32,PC   ; -> 4057
4038  706F        LEF 2,111
4039  7373        LEF 2,115,3
403A  6962        LEF 1,98,PC   ; -> 409C
403B  6C65        LEF 1,@101
403C  272C        LDA 0,@44,3
403D  4934        STA 1,52,PC   ; -> 4071
403E  2C27        LDA 1,@39
403F  2C20        LDA 1,@32
4040  7573        LEF 2,@115,PC   ; -> 40B3
4041  696E        LEF 1,110,PC   ; -> 40AF
4042  6727        LEF 0,@39,3
4043  2C49        LDA 1,@73
4044  352C        LDA 2,@44,PC   ; -> 4070
4045  2720        LDA 0,@32,3
4046  7475        LEF 2,@117
4047  726E        LEF 2,110,2
4048  732E        LEF 2,46,3
4049  2729        LDA 0,@41,3
404A  0000        JMP 0
404B  282F        LDA 1,47
404C  2720        LDA 0,@32,3
404D  596F        STA 3,111,PC   ; -> 40BC
404E  7520        LEF 2,@32,PC   ; -> 406E
404F  6A75        LEF 1,117,2
4050  7374        LEF 2,116,3
4051  2077        LDA 0,119
4052  656E        LEF 0,@110,PC   ; -> 40C0
4053  7420        LEF 2,@32
4054  6F66        LEF 1,@102,3
4055  6620        LEF 0,@32,2
4056  6D79        LEF 1,@121,PC   ; -> 40CF
4057  2073        LDA 0,115
4058  6361        LEF 0,97,3
4059  6C65        LEF 1,@101
405A  2121        LDA 0,33,PC   ; -> 407B
405B  272F        LDA 0,@47,3
405C  2900        LDA 1,0,PC   ; -> 405C
405D  282F        LDA 1,47
405E  2720        LDA 0,@32,3
405F  546F        STA 2,@111
4060  2061        LDA 0,97
4061  6368        LEF 0,104,3
4062  6965        LEF 1,101,PC   ; -> 40C7
4063  7665        LEF 2,@101,2
4064  2074        LDA 0,116
4065  6865        LEF 1,101
4066  206E        LDA 0,110
4067  6578        LEF 0,@120,PC   ; -> 40DF
4068  7420        LEF 2,@32
4069  6869        LEF 1,105
406A  6768        LEF 0,@104,3
406B  6572        LEF 0,@114,PC   ; -> 40DD
406C  2072        LDA 0,114
406D  6174        LEF 0,116,PC   ; -> 40E1
406E  696E        LEF 1,110,PC   ; -> 40DC
406F  672C        LEF 0,@44,3
4070  2079        LDA 0,121
4071  6F75        LEF 1,@117,3
4072  206E        LDA 0,110
4073  6565        LEF 0,@101,PC   ; -> 40D8
4074  6427        LEF 0,@39
4075  2C49        LDA 1,@73
4076  332C        LDA 2,44,3
4077  2720        LDA 0,@32,3
4078  6D6F        LEF 1,@111,PC   ; -> 40E7
4079  7265        LEF 2,101,2
407A  2070        LDA 0,112
407B  6F69        LEF 1,@105,3
407C  6E74        LEF 1,@116,2
407D  272C        LDA 0,@44,3
407E  4132        STA 0,50,PC   ; -> 40B0
407F  2F29        LDA 1,@41,3
4080  0000        JMP 0
4081  282F        LDA 1,47
4082  2720        LDA 0,@32,3
4083  546F        STA 2,@111
4084  2061        LDA 0,97
4085  6368        LEF 0,104,3
4086  6965        LEF 1,101,PC   ; -> 40EB
4087  7665        LEF 2,@101,2
4088  2074        LDA 0,116
4089  6865        LEF 1,101
408A  206E        LDA 0,110
408B  6578        LEF 0,@120,PC   ; -> 4103
408C  7420        LEF 2,@32
408D  6869        LEF 1,105
408E  6768        LEF 0,@104,3
408F  6572        LEF 0,@114,PC   ; -> 4101
4090  2072        LDA 0,114
4091  6174        LEF 0,116,PC   ; -> 4105
4092  696E        LEF 1,110,PC   ; -> 4100
4093  6720        LEF 0,@32,3
4094  776F        LEF 2,@111,3
4095  756C        LEF 2,@108,PC   ; -> 4101
4096  6420        LEF 0,@32
4097  6265        LEF 0,101,2
4098  2061        LDA 0,97
4099  206E        LDA 0,110
409A  6561        LEF 0,@97,PC   ; -> 40FB
409B  7420        LEF 2,@32
409C  7472        LEF 2,@114
409D  6963        LEF 1,99,PC   ; -> 4100
409E  6B21        LEF 1,33,3
409F  272F        LDA 0,@47,3
40A0  2F27        LDA 1,@39,3
40A1  2043        LDA 0,67
40A2  6F6E        LEF 1,@110,3
40A3  6772        LEF 0,@114,3
40A4  6174        LEF 0,116,PC   ; -> 4118
40A5  756C        LEF 2,@108,PC   ; -> 4111
40A6  6174        LEF 0,116,PC   ; -> 411A
40A7  696F        LEF 1,111,PC   ; -> 4116
40A8  6E73        LEF 1,@115,2
40A9  2121        LDA 0,33,PC   ; -> 40CA
40AA  272F        LDA 0,@47,3
40AB  2900        LDA 1,0,PC   ; -> 40AB
40AC  282F        LDA 1,47
40AD  2720        LDA 0,@32,3
40AE  5468        STA 2,@104
40AF  6520        LEF 0,@32,PC   ; -> 40CF
40B0  6361        LEF 0,97,3
40B1  7665        LEF 2,@101,2
40B2  2069        LDA 0,105
40B3  7320        LEF 2,32,3
40B4  636C        LEF 0,108,3
40B5  6F73        LEF 1,@115,3
40B6  6564        LEF 0,@100,PC   ; -> 411A
40B7  2066        LDA 0,102
40B8  6F72        LEF 1,@114,3
40B9  2072        LDA 0,114
40BA  6570        LEF 0,@112,PC   ; -> 412A
40BB  6169        LEF 0,105,PC   ; -> 4124
40BC  7273        LEF 2,115,2
40BD  2E27        LDA 1,@39,2
40BE  2F2F        LDA 1,@47,3
40BF  2720        LDA 0,@32,3
40C0  2857        LDA 1,87
40C1  6520        LEF 0,@32,PC   ; -> 40E1
40C2  6E65        LEF 1,@101,2
40C3  6564        LEF 0,@100,PC   ; -> 4127
40C4  2074        LDA 0,116
40C5  6F20        LEF 1,@32,3
40C6  7265        LEF 2,101,2
40C7  6275        LEF 0,117,2
40C8  696C        LEF 1,108,PC   ; -> 4134
40C9  6420        LEF 0,@32
40CA  7468        LEF 2,@104
40CB  6520        LEF 0,@32,PC   ; -> 40EB
40CC  7465        LEF 2,@101
40CD  7874        LEF 3,116
40CE  2061        LDA 0,97
40CF  6E64        LEF 1,@100,2
40D0  2064        LDA 0,100
40D1  6174        LEF 0,116,PC   ; -> 4145
40D2  6120        LEF 0,32,PC   ; -> 40F2
40D3  6669        LEF 0,@105,2
40D4  6C65        LEF 1,@101
40D5  7329        LEF 2,41,3
40D6  272F        LDA 0,@47,3
40D7  2900        LDA 1,0,PC   ; -> 40D7
40D8  0064        JMP 100
40D9  0001        JMP 1
40DA  FFFF        ANDCS# 3,3,SBN
40DB  0064        JMP 100
40DC  0001        JMP 1
40DD  FFFF        ANDCS# 3,3,SBN
40DE  0064        JMP 100
40DF  0001        JMP 1
40E0  012C        JMP 44,PC   ; -> 410C
40E1  0000        JMP 0
40E2  FFFF        ANDCS# 3,3,SBN
40E3  0001        JMP 1
40E4  0064        JMP 100
40E5  2831        LDA 1,49
40E6  4820        STA 1,32
40E7  2C33        LDA 1,@51
40E8  3541        LDA 2,@65,PC   ; -> 4129
40E9  3229        LDA 2,41,2
40EA  0000        JMP 0
40EB  0001        JMP 1
40EC  2849        LDA 1,73
40ED  322C        LDA 2,44,2
40EE  3335        LDA 2,53,3
40EF  4132        STA 0,50,PC   ; -> 4121
40F0  2900        LDA 1,0,PC   ; -> 40F0
40F1  0001        JMP 1
40F2  0001        JMP 1
40F3  0001        JMP 1
40F4  282F        LDA 1,47
40F5  2720        LDA 0,@32,3
40F6  506C        STA 2,108
40F7  6561        LEF 0,@97,PC   ; -> 4158
40F8  7365        LEF 2,101,3
40F9  2061        LDA 0,97
40FA  6E73        LEF 1,@115,2
40FB  7765        LEF 2,@101,3
40FC  7220        LEF 2,32,2
40FD  7468        LEF 2,@104
40FE  6520        LEF 0,@32,PC   ; -> 411E
40FF  7175        LEF 2,117,PC   ; -> 4174
4100  6573        LEF 0,@115,PC   ; -> 4173
4101  7469        LEF 2,@105
4102  6F6E        LEF 1,@110,3
4103  2E27        LDA 1,@39,2
4104  2900        LDA 1,0,PC   ; -> 4104
4105  0001        JMP 1
4106  0000        JMP 0
4107  004D        JMP 77
4108  016D        JMP 109,PC   ; -> 4175
4109  0004        JMP 4
410A  0013        JMP 19
410B  0001        JMP 1
410C  003C        JMP 60
410D  0001        JMP 1
410E  0010        JMP 16
410F  0001        JMP 1
4110  FFFF        ANDCS# 3,3,SBN
4111  0048        JMP 72
4112  0007        JMP 7
4113  0047        JMP 71
4114  0062        JMP 98
4115  0001        JMP 1
4116  FFFF        ANDCS# 3,3,SBN
4117  0063        JMP 99
4118  0000        JMP 0
4119  0001        JMP 1
411A  0000        JMP 0
411B  0064        JMP 100
411C  008D        JMP 141
411D  0001        JMP 1
411E  000A        JMP 10
411F  0009        JMP 9
4120  0008        JMP 8
4121  0007        JMP 7
4122  0006        JMP 6
4123  0005        JMP 5
4124  0004        JMP 4
4125  0003        JMP 3
4126  0002        JMP 2
4127  0000        JMP 0
4128  0001        JMP 1
4129  0002        JMP 2
412A  0005        JMP 5
412B  0004        JMP 4
412C  000F        JMP 15
412D  0064        JMP 100
412E  005F        JMP 95
412F  FFFF        ANDCS# 3,3,SBN
4130  0032        JMP 50
4131  0003        JMP 3
4132  012C        JMP 44,PC   ; -> 415E
4133  0014        JMP 20
4134  0006        JMP 6
4135  007F        JMP 127
4136  0080        JMP 128
4137  0000        JMP 0
4138  00BA        JMP 186
4139  03E8        JMP -24,3
413A  0000        JMP 0
413B  282F        LDA 1,47
413C  2720        LDA 0,@32,3
413D  4966        STA 1,102,PC   ; -> 41A3
413E  2079        LDA 0,121
413F  6F75        LEF 1,@117,3
4140  2071        LDA 0,113
4141  7569        LEF 2,@105,PC   ; -> 41AA
4142  7420        LEF 2,@32
4143  6E6F        LEF 1,@111,2
4144  772C        LEF 2,@44,3
4145  2079        LDA 0,121
4146  6F75        LEF 1,@117,3
4147  2077        LDA 0,119
4148  6F75        LEF 1,@117,3
4149  6C64        LEF 1,@100
414A  2073        LDA 0,115
414B  636F        LEF 0,111,3
414C  7265        LEF 2,101,2
414D  272C        LDA 0,@44,3
414E  4934        STA 1,52,PC   ; -> 4182
414F  2C27        LDA 1,@39
4150  206F        LDA 0,111
4151  7574        LEF 2,@116,PC   ; -> 41C5
4152  206F        LDA 0,111
4153  6620        LEF 0,@32,2
4154  272C        LDA 0,@44,3
4155  4934        STA 1,52,PC   ; -> 4189
4156  2C27        LDA 1,@39
4157  2070        LDA 0,112
4158  6F69        LEF 1,@105,3
4159  6E74        LEF 1,@116,2
415A  732C        LEF 2,44,3
415B  2069        LDA 0,105
415C  6E20        LEF 1,@32,2
415D  272C        LDA 0,@44,3
415E  4934        STA 1,52,PC   ; -> 4192
415F  2C27        LDA 1,@39
4160  2074        LDA 0,116
4161  7572        LEF 2,@114,PC   ; -> 41D3
4162  6E73        LEF 1,@115,2
4163  2E27        LDA 1,@39,2
4164  2900        LDA 1,0,PC   ; -> 4164
4165  008F        JMP 143
4166  0036        JMP 54
4167  0008        JMP 8
4168  0016        JMP 22
4169  0001        JMP 1
416A  0002        JMP 2
416B  0005        JMP 5
416C  0000        JMP 0
416D  FFFF        ANDCS# 3,3,SBN
416E  0064        JMP 100
416F  0010        JMP 16
4170  0007        JMP 7
4171  0089        JMP 137
4172  002D        JMP 45
4173  002C        JMP 44
4174  0096        JMP 150
4175  002E        JMP 46
4176  0031        JMP 49
4177  0015        JMP 21
4178  00A7        JMP 167
4179  009D        JMP 157
417A  00A5        JMP 165
417B  000B        JMP 11
417C  00D1        JMP 209
417D  0036        JMP 54
417E  0003        JMP 3
417F  002A        JMP 42
4180  0007        JMP 7
4181  0001        JMP 1
4182  0097        JMP 151
4183  0005        JMP 5
4184  0004        JMP 4
4185  0000        JMP 0
4186  FFFF        ANDCS# 3,3,SBN
4187  0002        JMP 2
4188  0008        JMP 8
4189  0001        JMP 1
418A  0002        JMP 2
418B  001A        JMP 26
418C  0064        JMP 100
418D  012C        JMP 44,PC   ; -> 41B9
418E  0003        JMP 3
418F  0019        JMP 25
4190  FFFF        ANDCS# 3,3,SBN
4191  00C8        JMP 200
4192  01F4        JMP -12,PC   ; -> 4186
4193  0014        JMP 20
4194  00C7        JMP 199
4195  0075        JMP 117
4196  0000        JMP 0
4197  00A2        JMP 162
4198  005B        JMP 91
4199  008C        JMP 140
419A  000F        JMP 15
419B  0000        JMP 0
419C  0008        JMP 8
419D  0039        JMP 57
419E  003A        JMP 58
419F  000C        JMP 12
41A0  002B        JMP 43
41A1  0032        JMP 50
41A2  0009        JMP 9
41A3  001D        JMP 29
41A4  001E        JMP 30
41A5  0007        JMP 7
41A6  0024        JMP 36
41A7  0025        JMP 37
41A8  000A        JMP 10
41A9  000B        JMP 11
41AA  0013        JMP 19
41AB  003B        JMP 59
41AC  003E        JMP 62
41AD  0041        JMP 65
41AE  002A        JMP 42
41AF  0011        JMP 17
41B0  0050        JMP 80
41B1  282F        LDA 1,47
41B2  2720        LDA 0,@32,3
41B3  436F        STA 0,111,3
41B4  6C6F        LEF 1,@111
41B5  7373        LEF 2,115,3
41B6  616C        LEF 0,108,PC   ; -> 4222
41B7  2043        LDA 0,67
41B8  6176        LEF 0,118,PC   ; -> 422E
41B9  6520        LEF 0,@32,PC   ; -> 41D9
41BA  6973        LEF 1,115,PC   ; -> 422D
41BB  2075        LDA 0,117
41BC  6E64        LEF 1,@100,2
41BD  6572        LEF 0,@114,PC   ; -> 422F
41BE  206E        LDA 0,110
41BF  6577        LEF 0,@119,PC   ; -> 4236
41C0  206D        LDA 0,109
41C1  616E        LEF 0,110,PC   ; -> 422F
41C2  6167        LEF 0,103,PC   ; -> 4229
41C3  656D        LEF 0,@109,PC   ; -> 4230
41C4  656E        LEF 0,@110,PC   ; -> 4232
41C5  742E        LEF 2,@46
41C6  2E2E        LDA 1,@46,2
41C7  2E2E        LDA 1,@46,2
41C8  272F        LDA 0,@47,3
41C9  2F27        LDA 1,@39,3
41CA  2049        LDA 0,73
41CB  6E74        LEF 1,@116,2
41CC  7265        LEF 2,101,2
41CD  7069        LEF 2,105
41CE  6420        LEF 0,@32
41CF  4164        STA 0,100,PC   ; -> 4233
41D0  7665        LEF 2,@101,2
41D1  6E74        LEF 1,@116,2
41D2  7572        LEF 2,@114,PC   ; -> 4244
41D3  6572        LEF 0,@114,PC   ; -> 4245
41D4  7320        LEF 2,32,3
41D5  7769        LEF 2,@105,3
41D6  6C6C        LEF 1,@108
41D7  2062        LDA 0,98
41D8  6520        LEF 0,@32,PC   ; -> 41F8
41D9  706C        LEF 2,108
41DA  6561        LEF 0,@97,PC   ; -> 423B
41DB  7365        LEF 2,101,3
41DC  6420        LEF 0,@32
41DD  746F        LEF 2,@111
41DE  206E        LDA 0,110
41DF  6F74        LEF 1,@116,3
41E0  6520        LEF 0,@32,PC   ; -> 4200
41E1  7468        LEF 2,@104
41E2  6174        LEF 0,116,PC   ; -> 4256
41E3  272F        LDA 0,@47,3
41E4  2720        LDA 0,@32,3
41E5  7468        LEF 2,@104
41E6  6520        LEF 0,@32,PC   ; -> 4206
41E7  4361        STA 0,97,3
41E8  7665        LEF 2,@101,2
41E9  2069        LDA 0,105
41EA  7320        LEF 2,32,3
41EB  6E6F        LEF 1,@111,2
41EC  7720        LEF 2,@32,3
41ED  6F70        LEF 1,@112,3
41EE  656E        LEF 0,@110,PC   ; -> 425C
41EF  2061        LDA 0,97
41F0  6C6C        LEF 1,@108
41F1  2064        LDA 0,100
41F2  6179        LEF 0,121,PC   ; -> 426B
41F3  2C20        LDA 1,@32
41F4  6576        LEF 0,@118,PC   ; -> 426A
41F5  6572        LEF 0,@114,PC   ; -> 4267
41F6  7920        LEF 3,32,PC   ; -> 4216
41F7  6461        LEF 0,@97
41F8  7921        LEF 3,33,PC   ; -> 4219
41F9  272F        LDA 0,@47,3
41FA  2900        LDA 1,0,PC   ; -> 41FA
41FB  0008        JMP 8
41FC  0007        JMP 7
41FD  0001        JMP 1
41FE  FFFF        ANDCS# 3,3,SBN
41FF  00D2        JMP 210
4200  00C8        JMP 200
4201  0001        JMP 1
4202  FFFF        ANDCS# 3,3,SBN
4203  0007        JMP 7
4204  0008        JMP 8
4205  001E        JMP 30
4206  0015        JMP 21
4207  0002        JMP 2
4208  0000        JMP 0
4209  00CE        JMP 206
420A  009A        JMP 154
420B  00A3        JMP 163
420C  0064        JMP 100
420D  0036        JMP 54
420E  0001        JMP 1
420F  FFFF        ANDCS# 3,3,SBN
4210  0002        JMP 2
4211  0008        JMP 8
4212  0005        JMP 5
4213  0004        JMP 4
4214  005E        JMP 94
4215  008A        JMP 138
4216  0018        JMP 24
4217  2827        LDA 1,39
4218  2046        LDA 0,70
4219  6174        LEF 0,116,PC   ; -> 428D
421A  616C        LEF 0,108,PC   ; -> 4286
421B  2065        LDA 0,101
421C  7272        LEF 2,114,2
421D  6F72        LEF 1,@114,3
421E  2C20        LDA 1,@32
421F  7365        LEF 2,101,3
4220  6520        LEF 0,@32,PC   ; -> 4240
4221  736F        LEF 2,111,3
4222  7572        LEF 2,@114,PC   ; -> 4294
4223  6365        LEF 0,101,3
4224  2063        LDA 0,99
4225  6F64        LEF 1,@100,3
4226  6520        LEF 0,@32,PC   ; -> 4246
4227  666F        LEF 0,@111,2
4228  7220        LEF 2,32,2
4229  696E        LEF 1,110,PC   ; -> 4297
422A  7465        LEF 2,@101
422B  7270        LEF 2,112,2
422C  7265        LEF 2,101,2
422D  7461        LEF 2,@97
422E  7469        LEF 2,@105
422F  6F6E        LEF 1,@110,3
4230  2E27        LDA 1,@39,2
4231  2F27        LDA 1,@39,3
4232  2050        LDA 0,80
4233  726F        LEF 2,111,2
4234  6261        LEF 0,97,2
4235  626C        LEF 0,108,2
4236  6520        LEF 0,@32,PC   ; -> 4256
4237  6361        LEF 0,97,3
4238  7573        LEF 2,@115,PC   ; -> 42AB
4239  653A        LEF 0,@58,PC   ; -> 4273
423A  2065        LDA 0,101
423B  7272        LEF 2,114,2
423C  6F6E        LEF 1,@110,3
423D  656F        LEF 0,@111,PC   ; -> 42AC
423E  7573        LEF 2,@115,PC   ; -> 42B1
423F  2069        LDA 0,105
4240  6E66        LEF 1,@102,2
4241  6F20        LEF 1,@32,3
4242  696E        LEF 1,110,PC   ; -> 42B0
4243  2064        LDA 0,100
4244  6174        LEF 0,116,PC   ; -> 42B8
4245  6162        LEF 0,98,PC   ; -> 42A7
4246  6173        LEF 0,115,PC   ; -> 42B9
4247  652E        LEF 0,@46,PC   ; -> 4275
4248  272F        LDA 0,@47,3
4249  2720        LDA 0,@32,3
424A  4572        STA 0,@114,PC   ; -> 42BC
424B  726F        LEF 2,111,2
424C  7220        LEF 2,32,2
424D  636F        LEF 0,111,3
424E  6465        LEF 0,@101
424F  203D        LDA 0,61
4250  272C        LDA 0,@44,3
4251  4932        STA 1,50,PC   ; -> 4283
4252  2F29        LDA 1,@41,3
4253  0000        JMP 0
4254  001C        JMP 28
4255  0001        JMP 1
4256  FFFF        ANDCS# 3,3,SBN
4257  0010        JMP 16
4258  0007        JMP 7
4259  006F        JMP 111
425A  0036        JMP 54
425B  0020        JMP 32
425C  0037        JMP 55
425D  001F        JMP 31
425E  0006        JMP 6
425F  0082        JMP 130
4260  000F        JMP 15
4261  0001        JMP 1
4262  0022        JMP 34
4263  0000        JMP 0
4264  0002        JMP 2
4265  007C        JMP 124
4266  0078        JMP 120
4267  007A        JMP 122
4268  003D        JMP 61
4269  0069        JMP 105
426A  00AB        JMP 171
426B  0029        JMP 41
426C  0025        JMP 37
426D  0003        JMP 3
426E  00AC        JMP 172
426F  00AD        JMP 173
4270  0001        JMP 1
4271  FFFF        ANDCS# 3,3,SBN
4272  0002        JMP 2
4273  0010        JMP 16
4274  0007        JMP 7
4275  004E        JMP 78
4276  0000        JMP 0
4277  004D        JMP 77
4278  0070        JMP 112
4279  0006        JMP 6
427A  0071        JMP 113
427B  0036        JMP 54
427C  2710        LDA 0,@16,3
427D  009C        JMP 156
427E  0003        JMP 3
427F  0007        JMP 7
4280  0001        JMP 1
4281  FFFF        ANDCS# 3,3,SBN
4282  0032        JMP 50
4283  0011        JMP 17
4284  0005        JMP 5
4285  0098        JMP 152
4286  009E        JMP 158
4287  00CC        JMP 204
4288  0000        JMP 0
4289  0012        JMP 18
428A  0030        JMP 48
428B  0003        JMP 3
428C  0000        JMP 0
428D  002F        JMP 47
428E  0095        JMP 149
428F  00A4        JMP 164
4290  0013        JMP 19
4291  009F        JMP 159
4292  0064        JMP 100
4293  00CF        JMP 207
4294  0002        JMP 2
4295  0064        JMP 100
4296  0066        JMP 102
4297  0001        JMP 1
4298  006E        JMP 110
4299  00B6        JMP 182
429A  00CD        JMP 205
429B  FFFF        ANDCS# 3,3,SBN
429C  0065        JMP 101
429D  0000        JMP 0
429E  0067        JMP 103
429F  0003        JMP 3
42A0  00A8        JMP 168
42A1  000E        JMP 14
42A2  0001        JMP 1
42A3  282F        LDA 1,47
42A4  2720        LDA 0,@32,3
42A5  5468        STA 2,@104
42A6  6572        LEF 0,@114,PC   ; -> 4318
42A7  6520        LEF 0,@32,PC   ; -> 42C7
42A8  6172        LEF 0,114,PC   ; -> 431A
42A9  6527        LEF 0,@39,PC   ; -> 42D0
42AA  2C49        LDA 1,@73
42AB  322C        LDA 2,44,2
42AC  2720        LDA 0,@32,3
42AD  7468        LEF 2,@104
42AE  7265        LEF 2,101,2
42AF  6174        LEF 0,116,PC   ; -> 4323
42B0  656E        LEF 0,@110,PC   ; -> 431E
42B1  696E        LEF 1,110,PC   ; -> 431F
42B2  6720        LEF 0,@32,3
42B3  6C69        LEF 1,@105
42B4  7474        LEF 2,@116
42B5  6C65        LEF 1,@101
42B6  2064        LDA 0,100
42B7  7761        LEF 2,@97,3
42B8  7276        LEF 2,118,2
42B9  6573        LEF 0,@115,PC   ; -> 432C
42BA  2069        LDA 0,105
42BB  6E20        LEF 1,@32,2
42BC  7468        LEF 2,@104
42BD  6520        LEF 0,@32,PC   ; -> 42DD
42BE  726F        LEF 2,111,2
42BF  6F6D        LEF 1,@109,3
42C0  2077        LDA 0,119
42C1  6974        LEF 1,116,PC   ; -> 4335
42C2  6820        LEF 1,32
42C3  796F        LEF 3,111,PC   ; -> 4332
42C4  752E        LEF 2,@46,PC   ; -> 42F2
42C5  2729        LDA 0,@41,3
42C6  0000        JMP 0
42C7  0004        JMP 4
42C8  0002        JMP 2
42C9  0003        JMP 3
42CA  FFFF        ANDCS# 3,3,SBN
42CB  0014        JMP 20
42CC  282F        LDA 1,47
42CD  4932        STA 1,50,PC   ; -> 42FF
42CE  2C27        LDA 1,@39
42CF  206F        LDA 0,111
42D0  6620        LEF 0,@32,2
42D1  7468        LEF 2,@104
42D2  656D        LEF 0,@109,PC   ; -> 433F
42D3  2074        LDA 0,116
42D4  6872        LEF 1,114
42D5  6F77        LEF 1,@119,3
42D6  206B        LDA 0,107
42D7  6E69        LEF 1,@105,2
42D8  7665        LEF 2,@101,2
42D9  7320        LEF 2,32,3
42DA  6174        LEF 0,116,PC   ; -> 434E
42DB  2079        LDA 0,121
42DC  6F75        LEF 1,@117,3
42DD  2127        LDA 0,39,PC   ; -> 4304
42DE  2900        LDA 1,0,PC   ; -> 42DE
42DF  0006        JMP 6
42E0  282F        LDA 1,47
42E1  4932        STA 1,50,PC   ; -> 4313
42E2  2C27        LDA 1,@39
42E3  206F        LDA 0,111
42E4  6620        LEF 0,@32,2
42E5  7468        LEF 2,@104
42E6  656D        LEF 0,@109,PC   ; -> 4353
42E7  2067        LDA 0,103
42E8  6574        LEF 0,@116,PC   ; -> 435C
42E9  2079        LDA 0,121
42EA  6F75        LEF 1,@117,3
42EB  2127        LDA 0,39,PC   ; -> 4312
42EC  2900        LDA 1,0,PC   ; -> 42EC
42ED  0063        JMP 99
42EE  0005        JMP 5
42EF  0034        JMP 52
42F0  0004        JMP 4
42F1  0001        JMP 1
42F2  0002        JMP 2
42F3  FFFF        ANDCS# 3,3,SBN
42F4  0015        JMP 21
42F5  0014        JMP 20
42F6  0009        JMP 9
42F7  001B        JMP 27
42F8  0003        JMP 3
42F9  0000        JMP 0
42FA  003C        JMP 60
42FB  0036        JMP 54
42FC  282F        LDA 1,47
42FD  2720        LDA 0,@32,3
42FE  4920        STA 1,32,PC   ; -> 431E
42FF  616D        LEF 0,109,PC   ; -> 436C
4300  2070        LDA 0,112
4301  7265        LEF 2,101,2
4302  7061        LEF 2,97
4303  7265        LEF 2,101,2
4304  6420        LEF 0,@32
4305  746F        LEF 2,@111
4306  2067        LDA 0,103
4307  6976        LEF 1,118,PC   ; -> 437D
4308  6520        LEF 0,@32,PC   ; -> 4328
4309  796F        LEF 3,111,PC   ; -> 4378
430A  7520        LEF 2,@32,PC   ; -> 432A
430B  6120        LEF 0,32,PC   ; -> 432B
430C  6869        LEF 1,105
430D  6E74        LEF 1,@116,2
430E  2C20        LDA 1,@32
430F  6275        LEF 0,117,2
4310  7420        LEF 2,@32
4311  6974        LEF 1,116,PC   ; -> 4385
4312  2077        LDA 0,119
4313  696C        LEF 1,108,PC   ; -> 437F
4314  6C20        LEF 1,@32
4315  636F        LEF 0,111,3
4316  7374        LEF 2,116,3
4317  2079        LDA 0,121
4318  6F75        LEF 1,@117,3
4319  272C        LDA 0,@44,3
431A  4932        STA 1,50,PC   ; -> 434C
431B  2C27        LDA 1,@39
431C  2070        LDA 0,112
431D  6F69        LEF 1,@105,3
431E  6E74        LEF 1,@116,2
431F  732E        LEF 2,46,3
4320  2729        LDA 0,@41,3
4321  0000        JMP 0
4322  0028        JMP 40
4323  0050        JMP 80
4324  00AF        JMP 175
4325  001E        JMP 30
4326  0064        JMP 100
4327  7FFF        LEF 3,@-1,3
4328  0010        JMP 16
4329  0001        JMP 1
432A  0002        JMP 2
432B  0008        JMP 8
432C  0005        JMP 5
432D  0004        JMP 4
432E  FFFF        ANDCS# 3,3,SBN
432F  006E        JMP 110
4330  0007        JMP 7
4331  0000        JMP 0
4332  004A        JMP 74
4333  0001        JMP 1
4334  FFFF        ANDCS# 3,3,SBN
4335  003E        JMP 62
4336  0041        JMP 65
4337  0047        JMP 71
4338  07E9        JMP @-23,3
4339  282F        LDA 1,47
433A  2720        LDA 0,@32,3
433B  4F6B        STA 1,@107,3
433C  6179        LEF 0,121,PC   ; -> 43B5
433D  2C20        LDA 1,@32
433E  2227        LDA 0,39,2
433F  2C32        LDA 1,@50
4340  3041        LDA 2,65
4341  3129        LDA 2,41,PC   ; -> 436A
4342  0000        JMP 0
4343  0002        JMP 2
4344  0008        JMP 8
4345  0000        JMP 0
4346  000D        JMP 13
4347  0010        JMP 16
4348  0001        JMP 1
4349  0002        JMP 2
434A  0005        JMP 5
434B  0007        JMP 7
434C  FFFF        ANDCS# 3,3,SBN
434D  0019        JMP 25
434E  0073        JMP 115
434F  00A9        JMP 169
4350  00AA        JMP 170
4351  0014        JMP 20
4352  0069        JMP 105
4353  0068        JMP 104
4354  0008        JMP 8
4355  005C        JMP 92
4356  001A        JMP 26
4357  001B        JMP 27
4358  0003        JMP 3
4359  0001        JMP 1
435A  0002        JMP 2
435B  FFFF        ANDCS# 3,3,SBN
435C  0064        JMP 100
435D  0023        JMP 35
435E  0010        JMP 16
435F  008D        JMP 141
4360  0021        JMP 33
4361  0019        JMP 25
4362  0008        JMP 8
4363  0000        JMP 0
4364  0001        JMP 1
4365  FFFF        ANDCS# 3,3,SBN
4366  000E        JMP 14
4367  000F        JMP 15
4368  282F        LDA 1,47
4369  2720        LDA 0,@32,3
436A  5768        STA 2,@104,3
436B  6174        LEF 0,116,PC   ; -> 43DF
436C  2064        LDA 0,100
436D  6F20        LEF 1,@32,3
436E  796F        LEF 3,111,PC   ; -> 43DD
436F  7520        LEF 2,@32,PC   ; -> 438F
4370  7761        LEF 2,@97,3
4371  6E74        LEF 1,@116,2
4372  2074        LDA 0,116
4373  6F20        LEF 1,@32,3
4374  646F        LEF 0,@111
4375  2077        LDA 0,119
4376  6974        LEF 1,116,PC   ; -> 43EA
4377  6820        LEF 1,32
4378  7468        LEF 2,@104
4379  6520        LEF 0,@32,PC   ; -> 4399
437A  272C        LDA 0,@44,3
437B  3230        LDA 2,48,2
437C  4131        STA 0,49,PC   ; -> 43AD
437D  2900        LDA 1,0,PC   ; -> 437D
437E  0009        JMP 9
437F  0004        JMP 4
4380  0007        JMP 7
4381  0002        JMP 2
4382  0005        JMP 5
4383  0008        JMP 8
4384  0074        JMP 116
4385  282F        LDA 1,47
4386  2720        LDA 0,@32,3
4387  4920        STA 1,32,PC   ; -> 43A7
4388  7365        LEF 2,101,3
4389  6520        LEF 0,@32,PC   ; -> 43A9
438A  6E6F        LEF 1,@111,2
438B  2027        LDA 0,39
438C  2C32        LDA 1,@50
438D  3041        LDA 2,65
438E  3129        LDA 2,41,PC   ; -> 43B7
438F  0000        JMP 0
4390  0006        JMP 6
4391  0007        JMP 7
4392  0010        JMP 16
4393  0001        JMP 1
4394  FFFF        ANDCS# 3,3,SBN
4395  006B        JMP 107
4396  0002        JMP 2
4397  0008        JMP 8
4398  0005        JMP 5
4399  0004        JMP 4
439A  006A        JMP 106
439B  0069        JMP 105
439C  006C        JMP 108
439D  001D        JMP 29
439E  0090        JMP 144
439F  0091        JMP 145
43A0  0048        JMP 72
43A1  4900        STA 1,0,PC   ; -> 43A1
43A2  4144        STA 0,68,PC   ; -> 43E6
43A3  5645        STA 2,@69,2
43A4  4E54        STA 1,@84,2
43A5  5552        STA 2,@82,PC   ; -> 43F7
43A6  452E        STA 0,@46,PC   ; -> 43D4
43A7  5458        STA 2,@88
43A8  5400        STA 2,@0
43A9  0003        JMP 3
43AA  4144        STA 0,68,PC   ; -> 43EE
43AB  5645        STA 2,@69,2
43AC  4E54        STA 1,@84,2
43AD  5552        STA 2,@82,PC   ; -> 43FF
43AE  452E        STA 0,@46,PC   ; -> 43DC
43AF  4441        STA 0,@65
43B0  5441        STA 2,@65
43B1  0000        JMP 0
43B2  002A        JMP 42
43B3  0078        JMP 120
43B4  000A        JMP 10
43B5  001E        JMP 30
43B6  00F4        JMP 244
43B7  0034        JMP 52
43B8  004A        JMP 74
43B9  057A        JMP @122,PC   ; -> 4433
43BA  0258        JMP 88,2
43BB  01A6        JMP -90,PC   ; -> 4361
43BC  00CA        JMP 202
43BD  0008        JMP 8
43BE  0021        JMP 33
43BF  0000        JMP 0
43C0  0001        JMP 1
43C1  0010        JMP 16
43C2  0046        JMP 70
43C3  0002        JMP 2
43C4  282F        LDA 1,47
43C5  2246        LDA 0,70,2
43C6  696C        LEF 1,108,PC   ; -> 4432
43C7  6520        LEF 0,@32,PC   ; -> 43E7
43C8  6E6F        LEF 1,@111,2
43C9  7420        LEF 2,@32
43CA  666F        LEF 0,@111,2
43CB  756E        LEF 2,@110,PC   ; -> 4439
43CC  642C        LEF 0,@44
43CD  206F        LDA 0,111
43CE  7220        LEF 2,32,2
43CF  6974        LEF 1,116,PC   ; -> 4443
43D0  2773        LDA 0,@115,3
43D1  206E        LDA 0,110
43D2  6F74        LEF 1,@116,3
43D3  2061        LDA 0,97
43D4  6E20        LEF 1,@32,2
43D5  4164        STA 0,100,PC   ; -> 4439
43D6  7665        LEF 2,@101,2
43D7  6E74        LEF 1,@116,2
43D8  7572        LEF 2,@114,PC   ; -> 444A
43D9  6520        LEF 0,@32,PC   ; -> 43F9
43DA  7361        LEF 2,97,3
43DB  7665        LEF 2,@101,2
43DC  2066        LDA 0,102
43DD  696C        LEF 1,108,PC   ; -> 4449
43DE  6521        LEF 0,@33,PC   ; -> 43FF
43DF  222F        LDA 0,47,2
43E0  2900        LDA 1,0,PC   ; -> 43E0
43E1  0004        JMP 4
43E2  7FFF        LEF 3,@-1,3
43E3  FFFF        ANDCS# 3,3,SBN
43E4  0041        JMP 65
43E5  01F4        JMP -12,PC   ; -> 43D9
43E6  05DC        JMP @-36,PC   ; -> 43C2
43E7  0001        JMP 1
43E8  0000        JMP 0
43E9  0000        JMP 0
43EA  0006        JMP 6
43EB  0064        JMP 100
43EC  0003        JMP 3
43ED  0081        JMP 129
43EE  FFFF        ANDCS# 3,3,SBN
43EF  0001        JMP 1
43F0  000C        JMP 12
43F1  0073        JMP 115
43F2  0074        JMP 116
43F3  0084        JMP 132
43F4  0007        JMP 7
43F5  0001        JMP 1
43F6  0085        JMP 133
43F7  0073        JMP 115
43F8  0086        JMP 134
43F9  FFFF        ANDCS# 3,3,SBN
43FA  0087        JMP 135
43FB  0016        JMP 22
43FC  0010        JMP 16
43FD  0001        JMP 1
43FE  FFFF        ANDCS# 3,3,SBN
43FF  0064        JMP 100
4400  0002        JMP 2
4401  0007        JMP 7
4402  00BE        JMP 190
4403  00C4        JMP 196
4404  00BF        JMP 191
4405  00C2        JMP 194
4406  00C0        JMP 192
4407  00C1        JMP 193
4408  0036        JMP 54
4409  0008        JMP 8
440A  0000        JMP 0
440B  0032        JMP 50
440C  0001        JMP 1
440D  000C        JMP 12
440E  000E        JMP 14
440F  0010        JMP 16
4410  0002        JMP 2
4411  0003        JMP 3
4412  000A        JMP 10
4413  0006        JMP 6
4414  0019        JMP 25
4415  0087        JMP 135
4416  0014        JMP 20
4417  0086        JMP 134
4418  0085        JMP 133
4419  0023        JMP 35
441A  006C        JMP 108
441B  0015        JMP 21
441C  0028        JMP 40
441D  01F4        JMP -12,PC   ; -> 4411
441E  282F        LDA 1,47
441F  2900        LDA 1,0,PC   ; -> 441F
4420  2838        LDA 1,56
4421  3041        LDA 2,65
4422  3129        LDA 2,41,PC   ; -> 444B
4423  0000        JMP 0
4424  0050        JMP 80
4425  0000        JMP 0
4426  0001        JMP 1
4427  0051        JMP 81
4428  000B        JMP 11
4429  2833        LDA 1,51
442A  3648        LDA 2,@72,2
442B  2049        LDA 0,73
442C  2077        LDA 0,119
442D  6F6E        LEF 1,@110,3
442E  2774        LDA 0,@116,3
442F  2062        LDA 0,98
4430  6520        LEF 0,@32,PC   ; -> 4450
4431  6162        LEF 0,98,PC   ; -> 4493
4432  6C65        LEF 1,@101
4433  2074        LDA 0,116
4434  6F20        LEF 1,@32,3
4435  756E        LEF 2,@110,PC   ; -> 44A3
4436  6465        LEF 0,@101
4437  7273        LEF 2,115,2
4438  7461        LEF 2,@97
4439  6E64        LEF 1,@100,2
443A  2074        LDA 0,116
443B  6861        LEF 1,97
443C  7421        LEF 2,@33
443D  2F2F        LDA 1,@47,3
443E  2900        LDA 1,0,PC   ; -> 443E
443F  2822        LDA 1,34
4440  2049        LDA 0,73
4441  276D        LDA 0,@109,3
4442  2073        LDA 0,115
4443  6F72        LEF 1,@114,3
4444  7279        LEF 2,121,2
4445  2C20        LDA 1,@32
4446  6275        LEF 0,117,2
4447  7420        LEF 2,@32
4448  4920        STA 1,32,PC   ; -> 4468
4449  6469        LEF 0,@105
444A  646E        LEF 0,@110
444B  2774        LDA 0,@116,3
444C  2068        LDA 0,104
444D  6561        LEF 0,@97,PC   ; -> 44AE
444E  7220        LEF 2,32,2
444F  7468        LEF 2,@104
4450  6174        LEF 0,116,PC   ; -> 44C4
4451  2E2E        LDA 1,@46,2
4452  2E2E        LDA 1,@46,2
4453  2E2E        LDA 1,@46,2
4454  2E2E        LDA 1,@46,2
4455  222F        LDA 0,47,2
4456  2F29        LDA 1,@41,3
4457  0000        JMP 0
4458  0001        JMP 1
4459  0004        JMP 4
445A  0003        JMP 3
445B  0002        JMP 2
445C  0005        JMP 5
445D  FFFF        ANDCS# 3,3,SBN
445E  03E8        JMP -24,3
445F  0000        JMP 0
4460  0001        JMP 1
4461  000A        JMP 10
4462  0009        JMP 9
4463  0008        JMP 8
4464  0007        JMP 7
4465  0006        JMP 6
4466  0005        JMP 5
4467  0004        JMP 4
4468  0003        JMP 3
4469  0002        JMP 2
446A  0001        JMP 1
446B  00BC        JMP 188
446C  0001        JMP 1
446D  FFFF        ANDCS# 3,3,SBN
446E  09C4        JSR -60,PC   ; -> 4432
446F  0000        JMP 0
4470  000C        JMP 12
4471  0001        JMP 1
4472  00BB        JMP 187
4473  00B7        JMP 183
4474  00BD        JMP 189
4475  0000        JMP 0
4476  00B8        JMP 184
4477  00B9        JMP 185
4478  0016        JMP 22
4479  282F        LDA 1,47
447A  2720        LDA 0,@32,3
447B  506C        STA 2,108
447C  6561        LEF 0,@97,PC   ; -> 44DD
447D  7365        LEF 2,101,3
447E  2065        LDA 0,101
447F  6E74        LEF 1,@116,2
4480  6572        LEF 0,@114,PC   ; -> 44F2
4481  2074        LDA 0,116
4482  6865        LEF 1,101
4483  2066        LDA 0,102
4484  696C        LEF 1,108,PC   ; -> 44F0
4485  656E        LEF 0,@110,PC   ; -> 44F3
4486  616D        LEF 0,109,PC   ; -> 44F3
4487  6520        LEF 0,@32,PC   ; -> 44A7
4488  666F        LEF 0,@111,2
4489  7220        LEF 2,32,2
448A  7361        LEF 2,97,3
448B  7669        LEF 2,@105,2
448C  6E67        LEF 1,@103,2
448D  2074        LDA 0,116
448E  6869        LEF 1,105
448F  6E67        LEF 1,@103,2
4490  733A        LEF 2,58,3
4491  272F        LDA 0,@47,3
4492  2F29        LDA 1,@41,3
4493  0000        JMP 0
4494  2831        LDA 1,49
4495  3641        LDA 2,@65,2
4496  3229        LDA 2,41,2
4497  0000        JMP 0
4498  0010        JMP 16
4499  0001        JMP 1
449A  0003        JMP 3
449B  0000        JMP 0
449C  001F        JMP 31
449D  4F00        STA 1,@0,3
449E  282F        LDA 1,47
449F  2720        LDA 0,@32,3
44A0  5468        STA 2,@104
44A1  6174        LEF 0,116,PC   ; -> 4515
44A2  2066        LDA 0,102
44A3  696C        LEF 1,108,PC   ; -> 450F
44A4  6520        LEF 0,@32,PC   ; -> 44C4
44A5  616C        LEF 0,108,PC   ; -> 4511
44A6  7265        LEF 2,101,2
44A7  6164        LEF 0,100,PC   ; -> 450B
44A8  7920        LEF 3,32,PC   ; -> 44C8
44A9  6578        LEF 0,@120,PC   ; -> 4521
44AA  6973        LEF 1,115,PC   ; -> 451D
44AB  7473        LEF 2,@115
44AC  2120        LDA 0,32,PC   ; -> 44CC
44AD  2054        LDA 0,84
44AE  7279        LEF 2,121,2
44AF  2061        LDA 0,97
44B0  6E6F        LEF 1,@111,2
44B1  7468        LEF 2,@104
44B2  6572        LEF 0,@114,PC   ; -> 4524
44B3  206F        LDA 0,111
44B4  6E65        LEF 1,@101,2
44B5  2E27        LDA 1,@39,2
44B6  2F2F        LDA 1,@47,3
44B7  2900        LDA 1,0,PC   ; -> 44B7
44B8  0046        JMP 70
44B9  0258        JMP 88,2
44BA  057A        JMP @122,PC   ; -> 4534
44BB  00F4        JMP 244
44BC  001E        JMP 30
44BD  000A        JMP 10
44BE  002A        JMP 42
44BF  282F        LDA 1,47
44C0  2720        LDA 0,@32,3
44C1  596F        STA 3,111,PC   ; -> 4530
44C2  7572        LEF 2,@114,PC   ; -> 4534
44C3  2041        LDA 0,65
44C4  6476        LEF 0,@118
44C5  656E        LEF 0,@110,PC   ; -> 4533
44C6  7475        LEF 2,@117
44C7  7265        LEF 2,101,2
44C8  7320        LEF 2,32,3
44C9  6861        LEF 1,97
44CA  7665        LEF 2,@101,2
44CB  2062        LDA 0,98
44CC  6565        LEF 0,@101,PC   ; -> 4531
44CD  6E20        LEF 1,@32,2
44CE  7375        LEF 2,117,3
44CF  7370        LEF 2,112,3
44D0  656E        LEF 0,@110,PC   ; -> 453E
44D1  6465        LEF 0,@101
44D2  6420        LEF 0,@32
44D3  666F        LEF 0,@111,2
44D4  7220        LEF 2,32,2
44D5  6E6F        LEF 1,@111,2
44D6  7721        LEF 2,@33,3
44D7  272F        LDA 0,@47,3
44D8  2F27        LDA 1,@39,3
44D9  2054        LDA 0,84
44DA  6F20        LEF 1,@32,3
44DB  7265        LEF 2,101,2
44DC  7375        LEF 2,117,3
44DD  6D65        LEF 1,@101,PC   ; -> 4542
44DE  2074        LDA 0,116
44DF  6865        LEF 1,101
44E0  6D20        LEF 1,@32,PC   ; -> 4500
44E1  6C61        LEF 1,@97
44E2  7465        LEF 2,@101
44E3  722C        LEF 2,44,2
44E4  2075        LDA 0,117
44E5  7365        LEF 2,101,3
44E6  2074        LDA 0,116
44E7  6865        LEF 1,101
44E8  2066        LDA 0,102
44E9  6F6C        LEF 1,@108,3
44EA  6C6F        LEF 1,@111
44EB  7769        LEF 2,@105,3
44EC  6E67        LEF 1,@103,2
44ED  2063        LDA 0,99
44EE  6F6D        LEF 1,@109,3
44EF  6D61        LEF 1,@97,PC   ; -> 4550
44F0  6E64        LEF 1,@100,2
44F1  206C        LDA 0,108
44F2  696E        LEF 1,110,PC   ; -> 4560
44F3  653A        LEF 0,@58,PC   ; -> 452D
44F4  272F        LDA 0,@47,3
44F5  2F27        LDA 1,@39,3
44F6  2020        LDA 0,32
44F7  2020        LDA 0,32
44F8  2020        LDA 0,32
44F9  2020        LDA 0,32
44FA  2058        LDA 0,88
44FB  2041        LDA 0,65
44FC  4456        STA 0,@86
44FD  454E        STA 0,@78,PC   ; -> 454B
44FE  5455        STA 2,@85
44FF  5245        STA 2,69,2
4500  2027        LDA 0,39
4501  3136        LDA 2,54,PC   ; -> 4537
4502  4132        STA 0,50,PC   ; -> 4534
4503  2C2F        LDA 1,@47
4504  2900        LDA 1,0,PC   ; -> 4504
4505  0007        JMP 7
4506  0001        JMP 1
4507  FFFF        ANDCS# 3,3,SBN
4508  00B8        JMP 184
4509  0027        JMP 39
450A  0004        JMP 4
450B  0008        JMP 8
450C  0000        JMP 0
450D  0028        JMP 40
450E  0002        JMP 2
450F  0010        JMP 16
4510  0002        JMP 2
4511  0051        JMP 81
4512  0052        JMP 82
4513  0036        JMP 54
4514  0001        JMP 1
4515  0000        JMP 0
4516  FFFF        ANDCS# 3,3,SBN
4517  0065        JMP 101
4518  0064        JMP 100
4519  0003        JMP 3
451A  0083        JMP 131
451B  0094        JMP 148
451C  0007        JMP 7
451D  0001        JMP 1
451E  00C5        JMP 197
451F  0015        JMP 21
4520  00C6        JMP 198
4521  FFFF        ANDCS# 3,3,SBN
4522  0002        JMP 2
4523  00C7        JMP 199
4524  0007        JMP 7
4525  0001        JMP 1
4526  FFFF        ANDCS# 3,3,SBN
4527  001D        JMP 29
4528  0002        JMP 2
4529  0008        JMP 8
452A  0000        JMP 0
452B  0000        JMP 0
452C  0000        JMP 0
452D  0000        JMP 0
452E  0000        JMP 0
452F  0000        JMP 0
4530  0000        JMP 0
4531  0000        JMP 0
4532  0000        JMP 0
4533  0000        JMP 0
4534  0000        JMP 0
4535  0000        JMP 0
4536  0000        JMP 0
4537  0000        JMP 0
4538  0000        JMP 0
4539  0000        JMP 0
453A  0000        JMP 0
453B  0000        JMP 0
453C  0000        JMP 0
453D  0000        JMP 0
453E  0000        JMP 0
453F  0000        JMP 0
4540  0000        JMP 0
4541  0000        JMP 0
4542  0000        JMP 0
4543  0000        JMP 0
4544  0000        JMP 0
4545  0000        JMP 0
4546  0000        JMP 0
4547  0000        JMP 0
4548  0000        JMP 0
4549  0000        JMP 0
454A  0000        JMP 0
454B  0000        JMP 0
454C  0000        JMP 0
454D  0000        JMP 0
454E  0000        JMP 0
454F  0000        JMP 0
4550  0000        JMP 0
4551  0000        JMP 0
4552  0000        JMP 0
4553  0000        JMP 0
4554  0000        JMP 0
4555  0000        JMP 0
4556  0000        JMP 0
4557  0000        JMP 0
4558  0000        JMP 0
4559  0000        JMP 0
455A  0000        JMP 0
455B  0000        JMP 0
455C  0000        JMP 0
455D  0000        JMP 0
455E  0000        JMP 0
455F  0000        JMP 0
4560  0000        JMP 0
4561  0000        JMP 0
4562  0000        JMP 0
4563  0000        JMP 0
4564  0000        JMP 0
4565  0000        JMP 0
4566  0000        JMP 0
4567  0000        JMP 0
4568  0000        JMP 0
4569  0000        JMP 0
456A  0000        JMP 0
456B  0000        JMP 0
456C  0000        JMP 0
456D  0000        JMP 0
456E  0000        JMP 0
456F  0000        JMP 0
4570  0000        JMP 0
4571  0000        JMP 0
4572  0000        JMP 0
4573  0000        JMP 0
4574  0000        JMP 0
4575  0000        JMP 0
4576  0000        JMP 0
4577  0000        JMP 0
4578  0000        JMP 0
4579  0000        JMP 0
457A  0000        JMP 0
457B  0000        JMP 0
457C  0000        JMP 0
457D  0000        JMP 0
457E  0000        JMP 0
457F  0000        JMP 0
4580  0000        JMP 0
4581  0000        JMP 0
4582  0000        JMP 0
4583  0000        JMP 0
4584  0000        JMP 0
4585  0000        JMP 0
4586  0000        JMP 0
4587  0000        JMP 0
4588  0000        JMP 0
4589  0000        JMP 0
458A  0000        JMP 0
458B  0000        JMP 0
458C  0000        JMP 0
458D  0000        JMP 0
458E  0000        JMP 0
458F  0000        JMP 0
4590  0000        JMP 0
4591  0000        JMP 0
4592  0000        JMP 0
4593  0000        JMP 0
4594  0000        JMP 0
4595  0000        JMP 0
4596  0000        JMP 0
4597  0000        JMP 0
4598  0000        JMP 0
4599  0000        JMP 0
459A  0000        JMP 0
459B  0000        JMP 0
459C  0000        JMP 0
459D  0000        JMP 0
459E  0000        JMP 0
459F  0000        JMP 0
45A0  0000        JMP 0
45A1  0000        JMP 0
45A2  0000        JMP 0
45A3  0000        JMP 0
45A4  0000        JMP 0
45A5  0000        JMP 0
45A6  0000        JMP 0
45A7  0000        JMP 0
45A8  0000        JMP 0
45A9  0000        JMP 0
45AA  0000        JMP 0
45AB  0000        JMP 0
45AC  0000        JMP 0
45AD  0000        JMP 0
45AE  0000        JMP 0
45AF  0000        JMP 0
45B0  0000        JMP 0
45B1  0000        JMP 0
45B2  0000        JMP 0
45B3  0000        JMP 0
45B4  0000        JMP 0
45B5  0000        JMP 0
45B6  0000        JMP 0
45B7  0000        JMP 0
45B8  0000        JMP 0
45B9  0000        JMP 0
45BA  0000        JMP 0
45BB  0000        JMP 0
45BC  0000        JMP 0
45BD  0000        JMP 0
45BE  0000        JMP 0
45BF  0000        JMP 0
45C0  0000        JMP 0
45C1  0000        JMP 0
45C2  0000        JMP 0
45C3  0000        JMP 0
45C4  0000        JMP 0
45C5  0000        JMP 0
45C6  0000        JMP 0
45C7  0000        JMP 0
45C8  0000        JMP 0
45C9  0000        JMP 0
45CA  0000        JMP 0
45CB  0000        JMP 0
45CC  0000        JMP 0
45CD  0000        JMP 0
45CE  0000        JMP 0
45CF  0000        JMP 0
45D0  0000        JMP 0
45D1  0000        JMP 0
45D2  0000        JMP 0
45D3  0000        JMP 0
45D4  0000        JMP 0
45D5  0000        JMP 0
45D6  0000        JMP 0
45D7  0000        JMP 0
45D8  0000        JMP 0
45D9  0000        JMP 0
45DA  0000        JMP 0
45DB  0000        JMP 0
45DC  0000        JMP 0
45DD  0000        JMP 0
45DE  0000        JMP 0
45DF  0000        JMP 0
45E0  0000        JMP 0
45E1  0000        JMP 0
45E2  0000        JMP 0
45E3  0000        JMP 0
45E4  0000        JMP 0
45E5  0000        JMP 0
45E6  0000        JMP 0
45E7  0000        JMP 0
45E8  0000        JMP 0
45E9  0000        JMP 0
45EA  0000        JMP 0
45EB  0000        JMP 0
45EC  0000        JMP 0
45ED  0000        JMP 0
45EE  0000        JMP 0
45EF  0000        JMP 0
45F0  0000        JMP 0
45F1  0000        JMP 0
45F2  0000        JMP 0
45F3  0000        JMP 0
45F4  0000        JMP 0
45F5  0000        JMP 0
45F6  0000        JMP 0
45F7  0000        JMP 0
45F8  0000        JMP 0
45F9  0000        JMP 0
45FA  0000        JMP 0
45FB  0000        JMP 0
45FC  0000        JMP 0
45FD  0000        JMP 0
45FE  0000        JMP 0
45FF  0000        JMP 0
4600  0000        JMP 0
4601  0000        JMP 0
4602  0000        JMP 0
4603  0000        JMP 0
4604  0000        JMP 0
4605  0000        JMP 0
4606  0000        JMP 0
4607  0000        JMP 0
4608  0000        JMP 0
4609  0000        JMP 0
460A  0000        JMP 0
460B  0000        JMP 0
460C  0000        JMP 0
460D  0000        JMP 0
460E  0000        JMP 0
460F  0000        JMP 0
4610  0000        JMP 0
4611  0000        JMP 0
4612  0000        JMP 0
4613  0000        JMP 0
4614  0000        JMP 0
4615  0000        JMP 0
4616  0000        JMP 0
4617  0000        JMP 0
4618  0000        JMP 0
4619  0000        JMP 0
461A  0000        JMP 0
461B  0000        JMP 0
461C  0000        JMP 0
461D  0000        JMP 0
461E  0000        JMP 0
461F  0000        JMP 0
4620  0000        JMP 0
4621  0000        JMP 0
4622  0000        JMP 0
4623  0000        JMP 0
4624  0000        JMP 0
4625  0000        JMP 0
4626  0000        JMP 0
4627  0000        JMP 0
4628  0000        JMP 0
4629  0000        JMP 0
462A  0000        JMP 0
462B  0000        JMP 0
462C  0000        JMP 0
462D  0000        JMP 0
462E  0000        JMP 0
462F  0000        JMP 0
4630  0000        JMP 0
4631  0000        JMP 0
4632  0000        JMP 0
4633  0000        JMP 0
4634  0000        JMP 0
4635  0000        JMP 0
4636  0000        JMP 0
4637  0000        JMP 0
4638  0000        JMP 0
4639  0000        JMP 0
463A  0000        JMP 0
463B  0000        JMP 0
463C  0000        JMP 0
463D  0000        JMP 0
463E  0000        JMP 0
463F  0000        JMP 0
4640  0000        JMP 0
4641  0000        JMP 0
4642  0000        JMP 0
4643  0000        JMP 0
4644  0000        JMP 0
4645  0000        JMP 0
4646  0000        JMP 0
4647  0000        JMP 0
4648  0000        JMP 0
4649  0000        JMP 0
464A  0000        JMP 0
464B  0000        JMP 0
464C  0000        JMP 0
464D  0000        JMP 0
464E  0000        JMP 0
464F  0000        JMP 0
4650  0000        JMP 0
4651  0000        JMP 0
4652  0000        JMP 0
4653  0000        JMP 0
4654  0000        JMP 0
4655  0000        JMP 0
4656  0000        JMP 0
4657  0000        JMP 0
4658  0000        JMP 0
4659  0000        JMP 0
465A  0000        JMP 0
465B  0000        JMP 0
465C  0000        JMP 0
465D  0000        JMP 0
465E  0000        JMP 0
465F  0000        JMP 0
4660  0000        JMP 0
4661  0000        JMP 0
4662  0000        JMP 0
4663  0000        JMP 0
4664  0000        JMP 0
4665  0000        JMP 0
4666  0000        JMP 0
4667  0000        JMP 0
4668  0000        JMP 0
4669  0000        JMP 0
466A  0000        JMP 0
466B  0000        JMP 0
466C  0000        JMP 0
466D  0000        JMP 0
466E  0000        JMP 0
466F  0000        JMP 0
4670  0000        JMP 0
4671  0000        JMP 0
4672  0000        JMP 0
4673  0000        JMP 0
4674  0000        JMP 0
4675  0000        JMP 0
4676  0000        JMP 0
4677  0000        JMP 0
4678  0000        JMP 0
4679  0000        JMP 0
467A  0000        JMP 0
467B  0000        JMP 0
467C  0000        JMP 0
467D  0000        JMP 0
467E  0000        JMP 0
467F  0000        JMP 0
4680  0000        JMP 0
4681  0000        JMP 0
4682  0000        JMP 0
4683  0000        JMP 0
4684  0000        JMP 0
4685  0000        JMP 0
4686  0000        JMP 0
4687  0000        JMP 0
4688  0000        JMP 0
4689  0000        JMP 0
468A  0000        JMP 0
468B  0000        JMP 0
468C  0000        JMP 0
468D  0000        JMP 0
468E  0000        JMP 0
468F  0000        JMP 0
4690  0000        JMP 0
4691  0000        JMP 0
4692  0000        JMP 0
4693  0000        JMP 0
4694  0000        JMP 0
4695  0000        JMP 0
4696  0000        JMP 0
4697  0000        JMP 0
4698  0000        JMP 0
4699  0000        JMP 0
469A  0000        JMP 0
469B  0000        JMP 0
469C  0000        JMP 0
469D  0000        JMP 0
469E  0000        JMP 0
469F  0000        JMP 0
46A0  0000        JMP 0
46A1  0000        JMP 0
46A2  0000        JMP 0
46A3  0000        JMP 0
46A4  0000        JMP 0
46A5  0000        JMP 0
46A6  0000        JMP 0
46A7  0000        JMP 0
46A8  0000        JMP 0
46A9  0000        JMP 0
46AA  0000        JMP 0
46AB  0000        JMP 0
46AC  0000        JMP 0
46AD  0000        JMP 0
46AE  0000        JMP 0
46AF  0000        JMP 0
46B0  0000        JMP 0
46B1  0000        JMP 0
46B2  0000        JMP 0
46B3  0000        JMP 0
46B4  0000        JMP 0
46B5  0000        JMP 0
46B6  0000        JMP 0
46B7  0000        JMP 0
46B8  0000        JMP 0
46B9  0000        JMP 0
46BA  0000        JMP 0
46BB  0000        JMP 0
46BC  0000        JMP 0
46BD  0000        JMP 0
46BE  0000        JMP 0
46BF  0000        JMP 0
46C0  0000        JMP 0
46C1  0000        JMP 0
46C2  0000        JMP 0
46C3  0000        JMP 0
46C4  0000        JMP 0
46C5  0000        JMP 0
46C6  0000        JMP 0
46C7  0000        JMP 0
46C8  0000        JMP 0
46C9  0000        JMP 0
46CA  0000        JMP 0
46CB  0000        JMP 0
46CC  0000        JMP 0
46CD  0000        JMP 0
46CE  0000        JMP 0
46CF  0000        JMP 0
46D0  0000        JMP 0
46D1  0000        JMP 0
46D2  0000        JMP 0
46D3  0000        JMP 0
46D4  0000        JMP 0
46D5  0000        JMP 0
46D6  0000        JMP 0
46D7  0000        JMP 0
46D8  0000        JMP 0
46D9  0000        JMP 0
46DA  0000        JMP 0
46DB  0000        JMP 0
46DC  0000        JMP 0
46DD  0000        JMP 0
46DE  0000        JMP 0
46DF  0000        JMP 0
46E0  0000        JMP 0
46E1  0000        JMP 0
46E2  0000        JMP 0
46E3  0000        JMP 0
46E4  0000        JMP 0
46E5  0000        JMP 0
46E6  0000        JMP 0
46E7  0000        JMP 0
46E8  0000        JMP 0
46E9  0000        JMP 0
46EA  0000        JMP 0
46EB  0000        JMP 0
46EC  0000        JMP 0
46ED  0000        JMP 0
46EE  0000        JMP 0
46EF  0000        JMP 0
46F0  0000        JMP 0
46F1  0000        JMP 0
46F2  0000        JMP 0
46F3  0000        JMP 0
46F4  0000        JMP 0
46F5  0000        JMP 0
46F6  0000        JMP 0
46F7  0000        JMP 0
46F8  0000        JMP 0
46F9  0000        JMP 0
46FA  0000        JMP 0
46FB  0000        JMP 0
46FC  0000        JMP 0
46FD  0000        JMP 0
46FE  0000        JMP 0
46FF  0000        JMP 0
4700  0000        JMP 0
4701  0000        JMP 0
4702  0000        JMP 0
4703  0000        JMP 0
4704  0000        JMP 0
4705  0000        JMP 0
4706  0000        JMP 0
4707  0000        JMP 0
4708  0000        JMP 0
4709  0000        JMP 0
470A  0000        JMP 0
470B  0000        JMP 0
470C  0000        JMP 0
470D  0000        JMP 0
470E  0000        JMP 0
470F  0000        JMP 0
4710  0000        JMP 0
4711  0000        JMP 0
4712  0000        JMP 0
4713  0000        JMP 0
4714  0000        JMP 0
4715  0000        JMP 0
4716  0000        JMP 0
4717  0000        JMP 0
4718  0000        JMP 0
4719  0000        JMP 0
471A  0000        JMP 0
471B  0000        JMP 0
471C  0000        JMP 0
471D  0000        JMP 0
471E  0000        JMP 0
471F  0000        JMP 0
4720  0000        JMP 0
4721  0000        JMP 0
4722  0000        JMP 0
4723  0000        JMP 0
4724  0000        JMP 0
4725  0000        JMP 0
4726  0000        JMP 0
4727  0000        JMP 0
4728  0000        JMP 0
4729  0000        JMP 0
472A  0000        JMP 0
472B  0000        JMP 0
472C  0000        JMP 0
472D  0000        JMP 0
472E  0000        JMP 0
472F  0000        JMP 0
4730  0000        JMP 0
4731  0000        JMP 0
4732  0000        JMP 0
4733  0000        JMP 0
4734  0000        JMP 0
4735  0000        JMP 0
4736  0000        JMP 0
4737  0000        JMP 0
4738  0000        JMP 0
4739  0000        JMP 0
473A  0000        JMP 0
473B  0000        JMP 0
473C  0000        JMP 0
473D  0000        JMP 0
473E  0000        JMP 0
473F  0000        JMP 0
4740  0000        JMP 0
4741  0000        JMP 0
4742  0000        JMP 0
4743  0000        JMP 0
4744  0000        JMP 0
4745  0000        JMP 0
4746  0000        JMP 0
4747  0000        JMP 0
4748  0000        JMP 0
4749  0000        JMP 0
474A  0000        JMP 0
474B  0000        JMP 0
474C  0000        JMP 0
474D  0000        JMP 0
474E  0000        JMP 0
474F  0000        JMP 0
4750  0000        JMP 0
4751  0000        JMP 0
4752  0000        JMP 0
4753  0000        JMP 0
4754  0000        JMP 0
4755  0000        JMP 0
4756  0000        JMP 0
4757  0000        JMP 0
4758  0000        JMP 0
4759  0000        JMP 0
475A  0000        JMP 0
475B  0000        JMP 0
475C  0000        JMP 0
475D  0000        JMP 0
475E  0000        JMP 0
475F  0000        JMP 0
4760  0000        JMP 0
4761  0000        JMP 0
4762  0000        JMP 0
4763  0000        JMP 0
4764  0000        JMP 0
4765  0000        JMP 0
4766  0000        JMP 0
4767  0000        JMP 0
4768  0000        JMP 0
4769  0000        JMP 0
476A  0000        JMP 0
476B  0000        JMP 0
476C  0000        JMP 0
476D  0000        JMP 0
476E  0000        JMP 0
476F  0000        JMP 0
4770  0000        JMP 0
4771  0000        JMP 0
4772  0000        JMP 0
4773  0000        JMP 0
4774  0000        JMP 0
4775  0000        JMP 0
4776  0000        JMP 0
4777  0000        JMP 0
4778  0000        JMP 0
4779  0000        JMP 0
477A  0000        JMP 0
477B  0000        JMP 0
477C  0000        JMP 0
477D  0000        JMP 0
477E  0000        JMP 0
477F  0000        JMP 0
4780  0000        JMP 0
4781  0000        JMP 0
4782  0000        JMP 0
4783  0000        JMP 0
4784  0000        JMP 0
4785  0000        JMP 0
4786  0000        JMP 0
4787  0000        JMP 0
4788  0000        JMP 0
4789  0000        JMP 0
478A  0000        JMP 0
478B  0000        JMP 0
478C  0000        JMP 0
478D  0000        JMP 0
478E  0000        JMP 0
478F  0000        JMP 0
4790  0000        JMP 0
4791  0000        JMP 0
4792  0000        JMP 0
4793  0000        JMP 0
4794  0000        JMP 0
4795  0000        JMP 0
4796  0000        JMP 0
4797  0000        JMP 0
4798  0000        JMP 0
4799  0000        JMP 0
479A  0000        JMP 0
479B  0000        JMP 0
479C  0000        JMP 0
479D  0000        JMP 0
479E  0000        JMP 0
479F  0000        JMP 0
47A0  0000        JMP 0
47A1  0000        JMP 0
47A2  0000        JMP 0
47A3  0000        JMP 0
47A4  0000        JMP 0
47A5  0000        JMP 0
47A6  0000        JMP 0
47A7  0000        JMP 0
47A8  0000        JMP 0
47A9  0000        JMP 0
47AA  0000        JMP 0
47AB  0000        JMP 0
47AC  0000        JMP 0
47AD  0000        JMP 0
47AE  0000        JMP 0
47AF  0000        JMP 0
47B0  0000        JMP 0
47B1  0000        JMP 0
47B2  0000        JMP 0
47B3  0000        JMP 0
47B4  0000        JMP 0
47B5  0000        JMP 0
47B6  0000        JMP 0
47B7  0000        JMP 0
47B8  0000        JMP 0
47B9  0000        JMP 0
47BA  0000        JMP 0
47BB  0000        JMP 0
47BC  0000        JMP 0
47BD  0000        JMP 0
47BE  0000        JMP 0
47BF  0000        JMP 0
47C0  0000        JMP 0
47C1  0000        JMP 0
47C2  0000        JMP 0
47C3  0000        JMP 0
47C4  0000        JMP 0
47C5  0000        JMP 0
47C6  0000        JMP 0
47C7  0000        JMP 0
47C8  0000        JMP 0
47C9  0000        JMP 0
47CA  0000        JMP 0
47CB  0000        JMP 0
47CC  0000        JMP 0
47CD  0000        JMP 0
47CE  0000        JMP 0
47CF  0000        JMP 0
47D0  0000        JMP 0
47D1  0000        JMP 0
47D2  0000        JMP 0
47D3  0000        JMP 0
47D4  0000        JMP 0
47D5  0000        JMP 0
47D6  0000        JMP 0
47D7  0000        JMP 0
47D8  0000        JMP 0
47D9  0000        JMP 0
47DA  0000        JMP 0
47DB  0000        JMP 0
47DC  0000        JMP 0
47DD  0000        JMP 0
47DE  0000        JMP 0
47DF  0000        JMP 0
47E0  0000        JMP 0
47E1  0000        JMP 0
47E2  0000        JMP 0
47E3  0000        JMP 0
47E4  0000        JMP 0
47E5  0000        JMP 0
47E6  0000        JMP 0
47E7  0000        JMP 0
47E8  0000        JMP 0
47E9  0000        JMP 0
47EA  0000        JMP 0
47EB  0000        JMP 0
47EC  0000        JMP 0
47ED  0000        JMP 0
47EE  0000        JMP 0
47EF  0000        JMP 0
47F0  0000        JMP 0
47F1  0000        JMP 0
47F2  0000        JMP 0
47F3  0000        JMP 0
47F4  0000        JMP 0
47F5  0000        JMP 0
47F6  0000        JMP 0
47F7  0000        JMP 0
47F8  0000        JMP 0
47F9  0000        JMP 0
47FA  0000        JMP 0
47FB  0000        JMP 0
47FC  0000        JMP 0
47FD  0000        JMP 0
47FE  0000        JMP 0
47FF  0000        JMP 0
4800  0000        JMP 0
4801  0000        JMP 0
4802  0000        JMP 0
4803  0000        JMP 0
4804  0000        JMP 0
4805  0000        JMP 0
4806  0000        JMP 0
4807  0000        JMP 0
4808  0000        JMP 0
4809  0000        JMP 0
480A  0000        JMP 0
480B  0000        JMP 0
480C  0000        JMP 0
480D  0000        JMP 0
480E  0000        JMP 0
480F  0000        JMP 0
4810  0000        JMP 0
4811  0000        JMP 0
4812  0000        JMP 0
4813  0000        JMP 0
4814  0000        JMP 0
4815  0000        JMP 0
4816  0000        JMP 0
4817  0000        JMP 0
4818  0000        JMP 0
4819  0000        JMP 0
481A  0000        JMP 0
481B  0000        JMP 0
481C  0000        JMP 0
481D  0000        JMP 0
481E  0000        JMP 0
481F  0000        JMP 0
4820  0000        JMP 0
4821  0000        JMP 0
4822  0000        JMP 0
4823  0000        JMP 0
4824  0000        JMP 0
4825  0000        JMP 0
4826  0000        JMP 0
4827  0000        JMP 0
4828  0000        JMP 0
4829  0000        JMP 0
482A  0000        JMP 0
482B  0000        JMP 0
482C  0000        JMP 0
482D  0000        JMP 0
482E  0000        JMP 0
482F  0000        JMP 0
4830  0000        JMP 0
4831  0000        JMP 0
4832  0000        JMP 0
4833  0000        JMP 0
4834  0000        JMP 0
4835  0000        JMP 0
4836  0000        JMP 0
4837  0000        JMP 0
4838  0000        JMP 0
4839  0000        JMP 0
483A  0000        JMP 0
483B  0000        JMP 0
483C  0000        JMP 0
483D  0000        JMP 0
483E  0000        JMP 0
483F  0000        JMP 0
4840  0000        JMP 0
4841  0000        JMP 0
4842  0000        JMP 0
4843  0000        JMP 0
4844  0000        JMP 0
4845  0000        JMP 0
4846  0000        JMP 0
4847  0000        JMP 0
4848  0000        JMP 0
4849  0000        JMP 0
484A  0000        JMP 0
484B  0000        JMP 0
484C  0000        JMP 0
484D  0000        JMP 0
484E  0000        JMP 0
484F  0000        JMP 0
4850  0000        JMP 0
4851  0000        JMP 0
4852  0000        JMP 0
4853  0000        JMP 0
4854  0000        JMP 0
4855  0000        JMP 0
4856  0000        JMP 0
4857  0000        JMP 0
4858  0000        JMP 0
4859  0000        JMP 0
485A  0000        JMP 0
485B  0000        JMP 0
485C  0000        JMP 0
485D  0000        JMP 0
485E  0000        JMP 0
485F  0000        JMP 0
4860  0000        JMP 0
4861  0000        JMP 0
4862  0000        JMP 0
4863  0000        JMP 0
4864  0000        JMP 0
4865  0000        JMP 0
4866  0000        JMP 0
4867  0000        JMP 0
4868  0000        JMP 0
4869  0000        JMP 0
486A  0000        JMP 0
486B  0000        JMP 0
486C  0000        JMP 0
486D  0000        JMP 0
486E  0000        JMP 0
486F  0000        JMP 0
4870  0000        JMP 0
4871  0000        JMP 0
4872  0000        JMP 0
4873  0000        JMP 0
4874  0000        JMP 0
4875  0000        JMP 0
4876  0000        JMP 0
4877  0000        JMP 0
4878  0000        JMP 0
4879  0000        JMP 0
487A  0000        JMP 0
487B  0000        JMP 0
487C  0000        JMP 0
487D  0000        JMP 0
487E  0000        JMP 0
487F  0000        JMP 0
4880  0000        JMP 0
4881  0000        JMP 0
4882  0000        JMP 0
4883  0000        JMP 0
4884  0000        JMP 0
4885  0000        JMP 0
4886  0000        JMP 0
4887  0000        JMP 0
4888  0000        JMP 0
4889  0000        JMP 0
488A  0000        JMP 0
488B  0000        JMP 0
488C  0000        JMP 0
488D  0000        JMP 0
488E  0000        JMP 0
488F  0000        JMP 0
4890  0000        JMP 0
4891  0000        JMP 0
4892  0000        JMP 0
4893  0000        JMP 0
4894  0000        JMP 0
4895  0000        JMP 0
4896  0000        JMP 0
4897  0000        JMP 0
4898  0000        JMP 0
4899  0000        JMP 0
489A  0000        JMP 0
489B  0000        JMP 0
489C  0000        JMP 0
489D  0000        JMP 0
489E  0000        JMP 0
489F  0000        JMP 0
48A0  0000        JMP 0
48A1  0000        JMP 0
48A2  0000        JMP 0
48A3  0000        JMP 0
48A4  0000        JMP 0
48A5  0000        JMP 0
48A6  0000        JMP 0
48A7  0000        JMP 0
48A8  0000        JMP 0
48A9  0000        JMP 0
48AA  0000        JMP 0
48AB  0000        JMP 0
48AC  0000        JMP 0
48AD  0000        JMP 0
48AE  0000        JMP 0
48AF  0000        JMP 0
48B0  0000        JMP 0
48B1  0000        JMP 0
48B2  0000        JMP 0
48B3  0000        JMP 0
48B4  0000        JMP 0
48B5  0000        JMP 0
48B6  0000        JMP 0
48B7  0000        JMP 0
48B8  0000        JMP 0
48B9  0000        JMP 0
48BA  0000        JMP 0
48BB  0000        JMP 0
48BC  0000        JMP 0
48BD  0000        JMP 0
48BE  0000        JMP 0
48BF  0000        JMP 0
48C0  0000        JMP 0
48C1  0000        JMP 0
48C2  0000        JMP 0
48C3  0000        JMP 0
48C4  0000        JMP 0
48C5  0000        JMP 0
48C6  0000        JMP 0
48C7  0000        JMP 0
48C8  0000        JMP 0
48C9  0000        JMP 0
48CA  0000        JMP 0
48CB  0000        JMP 0
48CC  0000        JMP 0
48CD  0000        JMP 0
48CE  0000        JMP 0
48CF  0000        JMP 0
48D0  0000        JMP 0
48D1  0000        JMP 0
48D2  0000        JMP 0
48D3  0000        JMP 0
48D4  0000        JMP 0
48D5  0000        JMP 0
48D6  0000        JMP 0
48D7  0000        JMP 0
48D8  0000        JMP 0
48D9  0000        JMP 0
48DA  0000        JMP 0
48DB  0000        JMP 0
48DC  0000        JMP 0
48DD  0000        JMP 0
48DE  0000        JMP 0
48DF  0000        JMP 0
48E0  0000        JMP 0
48E1  0000        JMP 0
48E2  0000        JMP 0
48E3  0000        JMP 0
48E4  0000        JMP 0
48E5  0000        JMP 0
48E6  0000        JMP 0
48E7  0000        JMP 0
48E8  0000        JMP 0
48E9  0000        JMP 0
48EA  0000        JMP 0
48EB  0000        JMP 0
48EC  0000        JMP 0
48ED  0000        JMP 0
48EE  0000        JMP 0
48EF  0000        JMP 0
48F0  0000        JMP 0
48F1  0000        JMP 0
48F2  0000        JMP 0
48F3  0000        JMP 0
48F4  0000        JMP 0
48F5  0000        JMP 0
48F6  0000        JMP 0
48F7  0000        JMP 0
48F8  0000        JMP 0
48F9  0000        JMP 0
48FA  0000        JMP 0
48FB  0000        JMP 0
48FC  0000        JMP 0
48FD  0000        JMP 0
48FE  0000        JMP 0
48FF  0000        JMP 0
4900  0000        JMP 0
4901  0000        JMP 0
4902  0000        JMP 0
4903  0000        JMP 0
4904  0000        JMP 0
4905  0000        JMP 0
4906  0000        JMP 0
4907  0000        JMP 0
4908  0000        JMP 0
4909  0000        JMP 0
490A  0000        JMP 0
490B  0000        JMP 0
490C  0000        JMP 0
490D  0000        JMP 0
490E  0000        JMP 0
490F  0000        JMP 0
4910  0000        JMP 0
4911  0000        JMP 0
4912  0000        JMP 0
4913  0000        JMP 0
4914  0000        JMP 0
4915  0000        JMP 0
4916  0000        JMP 0
4917  0000        JMP 0
4918  0000        JMP 0
4919  0000        JMP 0
491A  0000        JMP 0
491B  0000        JMP 0
491C  0000        JMP 0
491D  0000        JMP 0
491E  0000        JMP 0
491F  0000        JMP 0
4920  0000        JMP 0
4921  0000        JMP 0
4922  0000        JMP 0
4923  0000        JMP 0
4924  0000        JMP 0
4925  0000        JMP 0
4926  0000        JMP 0
4927  0000        JMP 0
4928  0000        JMP 0
4929  0000        JMP 0
492A  0000        JMP 0
492B  0000        JMP 0
492C  0000        JMP 0
492D  0000        JMP 0
492E  0000        JMP 0
492F  0000        JMP 0
4930  0000        JMP 0
4931  0000        JMP 0
4932  0000        JMP 0
4933  0000        JMP 0
4934  0000        JMP 0
4935  0000        JMP 0
4936  0000        JMP 0
4937  0000        JMP 0
4938  0000        JMP 0
4939  0000        JMP 0
493A  0000        JMP 0
493B  0000        JMP 0
493C  0000        JMP 0
493D  0000        JMP 0
493E  0000        JMP 0
493F  0000        JMP 0
4940  0000        JMP 0
4941  0000        JMP 0
4942  0000        JMP 0
4943  0000        JMP 0
4944  0000        JMP 0
4945  0000        JMP 0
4946  0000        JMP 0
4947  0000        JMP 0
4948  0000        JMP 0
4949  0000        JMP 0
494A  0000        JMP 0
494B  0000        JMP 0
494C  0000        JMP 0
494D  0000        JMP 0
494E  0000        JMP 0
494F  0000        JMP 0
4950  0000        JMP 0
4951  0000        JMP 0
4952  0000        JMP 0
4953  0000        JMP 0
4954  0000        JMP 0
4955  0000        JMP 0
4956  0000        JMP 0
4957  0000        JMP 0
4958  0000        JMP 0
4959  0000        JMP 0
495A  0000        JMP 0
495B  0000        JMP 0
495C  0000        JMP 0
495D  0000        JMP 0
495E  0000        JMP 0
495F  0000        JMP 0
4960  0000        JMP 0
4961  0000        JMP 0
4962  0000        JMP 0
4963  0000        JMP 0
4964  0000        JMP 0
4965  0000        JMP 0
4966  0000        JMP 0
4967  0000        JMP 0
4968  0000        JMP 0
4969  0000        JMP 0
496A  0000        JMP 0
496B  0000        JMP 0
496C  0000        JMP 0
496D  0000        JMP 0
496E  0000        JMP 0
496F  0000        JMP 0
4970  0000        JMP 0
4971  0000        JMP 0
4972  0000        JMP 0
4973  0000        JMP 0
4974  0000        JMP 0
4975  0000        JMP 0
4976  0000        JMP 0
4977  0000        JMP 0
4978  0000        JMP 0
4979  0000        JMP 0
497A  0000        JMP 0
497B  0000        JMP 0
497C  0000        JMP 0
497D  0000        JMP 0
497E  0000        JMP 0
497F  0000        JMP 0
4980  0000        JMP 0
4981  0000        JMP 0
4982  0000        JMP 0
4983  0000        JMP 0
4984  0000        JMP 0
4985  0000        JMP 0
4986  0000        JMP 0
4987  0000        JMP 0
4988  0000        JMP 0
4989  0000        JMP 0
498A  0000        JMP 0
498B  0000        JMP 0
498C  0000        JMP 0
498D  0000        JMP 0
498E  0000        JMP 0
498F  0000        JMP 0
4990  0000        JMP 0
4991  0000        JMP 0
4992  0000        JMP 0
4993  0000        JMP 0
4994  0000        JMP 0
4995  0000        JMP 0
4996  0000        JMP 0
4997  0000        JMP 0
4998  0000        JMP 0
4999  0000        JMP 0
499A  0000        JMP 0
499B  0000        JMP 0
499C  0000        JMP 0
499D  0000        JMP 0
499E  0000        JMP 0
499F  0000        JMP 0
49A0  0000        JMP 0
49A1  0000        JMP 0
49A2  0000        JMP 0
49A3  0000        JMP 0
49A4  0000        JMP 0
49A5  0000        JMP 0
49A6  0000        JMP 0
49A7  0000        JMP 0
49A8  0000        JMP 0
49A9  0000        JMP 0
49AA  0000        JMP 0
49AB  0000        JMP 0
49AC  0000        JMP 0
49AD  0000        JMP 0
49AE  0000        JMP 0
49AF  0000        JMP 0
49B0  0000        JMP 0
49B1  0000        JMP 0
49B2  0000        JMP 0
49B3  0000        JMP 0
49B4  0000        JMP 0
49B5  0000        JMP 0
49B6  0000        JMP 0
49B7  0000        JMP 0
49B8  0000        JMP 0
49B9  0000        JMP 0
49BA  0000        JMP 0
49BB  0000        JMP 0
49BC  0000        JMP 0
49BD  0000        JMP 0
49BE  0000        JMP 0
49BF  0000        JMP 0
49C0  0000        JMP 0
49C1  0000        JMP 0
49C2  0000        JMP 0
49C3  0000        JMP 0
49C4  0000        JMP 0
49C5  0000        JMP 0
49C6  0000        JMP 0
49C7  0000        JMP 0
49C8  0000        JMP 0
49C9  0000        JMP 0
49CA  0000        JMP 0
49CB  0000        JMP 0
49CC  0000        JMP 0
49CD  0000        JMP 0
49CE  0000        JMP 0
49CF  0000        JMP 0
49D0  0000        JMP 0
49D1  0000        JMP 0
49D2  0000        JMP 0
49D3  0000        JMP 0
49D4  0000        JMP 0
49D5  0000        JMP 0
49D6  0000        JMP 0
49D7  0000        JMP 0
49D8  0000        JMP 0
49D9  0000        JMP 0
49DA  0000        JMP 0
49DB  0000        JMP 0
49DC  0000        JMP 0
49DD  0000        JMP 0
49DE  0000        JMP 0
49DF  0000        JMP 0
49E0  0000        JMP 0
49E1  0000        JMP 0
49E2  0000        JMP 0
49E3  0000        JMP 0
49E4  0000        JMP 0
49E5  0000        JMP 0
49E6  0000        JMP 0
49E7  0000        JMP 0
49E8  0000        JMP 0
49E9  0000        JMP 0
49EA  0000        JMP 0
49EB  0000        JMP 0
49EC  0000        JMP 0
49ED  0000        JMP 0
49EE  0000        JMP 0
49EF  0000        JMP 0
49F0  0000        JMP 0
49F1  0000        JMP 0
49F2  0000        JMP 0
49F3  0000        JMP 0
49F4  0000        JMP 0
49F5  0000        JMP 0
49F6  0000        JMP 0
49F7  0000        JMP 0
49F8  0000        JMP 0
49F9  0000        JMP 0
49FA  0000        JMP 0
49FB  0000        JMP 0
49FC  0000        JMP 0
49FD  0000        JMP 0
49FE  0000        JMP 0
49FF  0000        JMP 0
4A00  0000        JMP 0
4A01  0000        JMP 0
4A02  0000        JMP 0
4A03  0000        JMP 0
4A04  0000        JMP 0
4A05  0000        JMP 0
4A06  0000        JMP 0
4A07  0000        JMP 0
4A08  0000        JMP 0
4A09  0000        JMP 0
4A0A  0000        JMP 0
4A0B  0000        JMP 0
4A0C  0000        JMP 0
4A0D  0000        JMP 0
4A0E  0000        JMP 0
4A0F  0000        JMP 0
4A10  0000        JMP 0
4A11  0000        JMP 0
4A12  0000        JMP 0
4A13  0000        JMP 0
4A14  0000        JMP 0
4A15  0000        JMP 0
4A16  0000        JMP 0
4A17  0000        JMP 0
4A18  0000        JMP 0
4A19  0000        JMP 0
4A1A  0000        JMP 0
4A1B  0000        JMP 0
4A1C  0000        JMP 0
4A1D  0000        JMP 0
4A1E  0000        JMP 0
4A1F  0000        JMP 0
4A20  0000        JMP 0
4A21  0000        JMP 0
4A22  0000        JMP 0
4A23  0000        JMP 0
4A24  0000        JMP 0
4A25  0000        JMP 0
4A26  0000        JMP 0
4A27  0000        JMP 0
4A28  0000        JMP 0
4A29  0000        JMP 0
4A2A  0000        JMP 0
4A2B  0000        JMP 0
4A2C  0000        JMP 0
4A2D  0000        JMP 0
4A2E  0000        JMP 0
4A2F  0000        JMP 0
4A30  0000        JMP 0
4A31  0000        JMP 0
4A32  0000        JMP 0
4A33  0000        JMP 0
4A34  0000        JMP 0
4A35  0000        JMP 0
4A36  0000        JMP 0
4A37  0000        JMP 0
4A38  0000        JMP 0
4A39  0000        JMP 0
4A3A  0000        JMP 0
4A3B  0000        JMP 0
4A3C  0000        JMP 0
4A3D  0000        JMP 0
4A3E  0000        JMP 0
4A3F  0000        JMP 0
4A40  0000        JMP 0
4A41  0000        JMP 0
4A42  0000        JMP 0
4A43  0000        JMP 0
4A44  0000        JMP 0
4A45  0000        JMP 0
4A46  0000        JMP 0
4A47  0000        JMP 0
4A48  0000        JMP 0
4A49  0000        JMP 0
4A4A  0000        JMP 0
4A4B  0000        JMP 0
4A4C  0000        JMP 0
4A4D  0000        JMP 0
4A4E  0000        JMP 0
4A4F  0000        JMP 0
4A50  0000        JMP 0
4A51  0000        JMP 0
4A52  0000        JMP 0
4A53  0000        JMP 0
4A54  0000        JMP 0
4A55  0000        JMP 0
4A56  0000        JMP 0
4A57  0000        JMP 0
4A58  0000        JMP 0
4A59  0000        JMP 0
4A5A  0000        JMP 0
4A5B  0000        JMP 0
4A5C  0000        JMP 0
4A5D  0000        JMP 0
4A5E  0000        JMP 0
4A5F  0000        JMP 0
4A60  0000        JMP 0
4A61  0000        JMP 0
4A62  0000        JMP 0
4A63  0000        JMP 0
4A64  0000        JMP 0
4A65  0000        JMP 0
4A66  0000        JMP 0
4A67  0000        JMP 0
4A68  0000        JMP 0
4A69  0000        JMP 0
4A6A  0000        JMP 0
4A6B  0000        JMP 0
4A6C  0000        JMP 0
4A6D  0000        JMP 0
4A6E  0000        JMP 0
4A6F  0000        JMP 0
4A70  0000        JMP 0
4A71  0000        JMP 0
4A72  0000        JMP 0
4A73  0000        JMP 0
4A74  0000        JMP 0
4A75  0000        JMP 0
4A76  0000        JMP 0
4A77  0000        JMP 0
4A78  0000        JMP 0
4A79  0000        JMP 0
4A7A  0000        JMP 0
4A7B  0000        JMP 0
4A7C  0000        JMP 0
4A7D  0000        JMP 0
4A7E  0000        JMP 0
4A7F  0000        JMP 0
4A80  0000        JMP 0
4A81  0000        JMP 0
4A82  0000        JMP 0
4A83  0000        JMP 0
4A84  0000        JMP 0
4A85  0000        JMP 0
4A86  0000        JMP 0
4A87  0000        JMP 0
4A88  0000        JMP 0
4A89  0000        JMP 0
4A8A  0000        JMP 0
4A8B  0000        JMP 0
4A8C  0000        JMP 0
4A8D  0000        JMP 0
4A8E  0000        JMP 0
4A8F  0000        JMP 0
4A90  0000        JMP 0
4A91  0000        JMP 0
4A92  0000        JMP 0
4A93  0000        JMP 0
4A94  0000        JMP 0
4A95  0000        JMP 0
4A96  0000        JMP 0
4A97  0000        JMP 0
4A98  0000        JMP 0
4A99  0000        JMP 0
4A9A  0000        JMP 0
4A9B  0000        JMP 0
4A9C  0000        JMP 0
4A9D  0000        JMP 0
4A9E  0000        JMP 0
4A9F  0000        JMP 0
4AA0  0000        JMP 0
4AA1  0000        JMP 0
4AA2  0000        JMP 0
4AA3  0000        JMP 0
4AA4  0000        JMP 0
4AA5  0000        JMP 0
4AA6  0000        JMP 0
4AA7  0000        JMP 0
4AA8  0000        JMP 0
4AA9  0000        JMP 0
4AAA  0000        JMP 0
4AAB  0000        JMP 0
4AAC  0000        JMP 0
4AAD  0000        JMP 0
4AAE  0000        JMP 0
4AAF  0000        JMP 0
4AB0  0000        JMP 0
4AB1  0000        JMP 0
4AB2  0000        JMP 0
4AB3  0000        JMP 0
4AB4  0000        JMP 0
4AB5  0000        JMP 0
4AB6  0000        JMP 0
4AB7  0000        JMP 0
4AB8  0000        JMP 0
4AB9  0000        JMP 0
4ABA  0000        JMP 0
4ABB  0000        JMP 0
4ABC  0000        JMP 0
4ABD  0000        JMP 0
4ABE  0000        JMP 0
4ABF  0000        JMP 0
4AC0  0000        JMP 0
4AC1  0000        JMP 0
4AC2  0000        JMP 0
4AC3  0000        JMP 0
4AC4  0000        JMP 0
4AC5  0000        JMP 0
4AC6  0000        JMP 0
4AC7  0000        JMP 0
4AC8  0000        JMP 0
4AC9  0000        JMP 0
4ACA  0000        JMP 0
4ACB  0000        JMP 0
4ACC  0000        JMP 0
4ACD  0000        JMP 0
4ACE  0000        JMP 0
4ACF  0000        JMP 0
4AD0  0000        JMP 0
4AD1  0000        JMP 0
4AD2  0000        JMP 0
4AD3  0000        JMP 0
4AD4  0000        JMP 0
4AD5  0000        JMP 0
4AD6  0000        JMP 0
4AD7  0000        JMP 0
4AD8  0000        JMP 0
4AD9  0000        JMP 0
4ADA  0000        JMP 0
4ADB  0000        JMP 0
4ADC  0000        JMP 0
4ADD  0000        JMP 0
4ADE  0000        JMP 0
4ADF  0000        JMP 0
4AE0  0000        JMP 0
4AE1  0000        JMP 0
4AE2  0000        JMP 0
4AE3  0000        JMP 0
4AE4  0000        JMP 0
4AE5  0000        JMP 0
4AE6  0000        JMP 0
4AE7  0000        JMP 0
4AE8  0000        JMP 0
4AE9  0000        JMP 0
4AEA  0000        JMP 0
4AEB  0000        JMP 0
4AEC  0000        JMP 0
4AED  0000        JMP 0
4AEE  0000        JMP 0
4AEF  0000        JMP 0
4AF0  0000        JMP 0
4AF1  0000        JMP 0
4AF2  0000        JMP 0
4AF3  0000        JMP 0
4AF4  0000        JMP 0
4AF5  0000        JMP 0
4AF6  0000        JMP 0
4AF7  0000        JMP 0
4AF8  0000        JMP 0
4AF9  0000        JMP 0
4AFA  0000        JMP 0
4AFB  0000        JMP 0
4AFC  0000        JMP 0
4AFD  0000        JMP 0
4AFE  0000        JMP 0
4AFF  0000        JMP 0
4B00  0000        JMP 0
4B01  0000        JMP 0
4B02  0000        JMP 0
4B03  0000        JMP 0
4B04  0000        JMP 0
4B05  0000        JMP 0
4B06  0000        JMP 0
4B07  0000        JMP 0
4B08  0000        JMP 0
4B09  0000        JMP 0
4B0A  0000        JMP 0
4B0B  0000        JMP 0
4B0C  0000        JMP 0
4B0D  0000        JMP 0
4B0E  0000        JMP 0
4B0F  0000        JMP 0
4B10  0000        JMP 0
4B11  0000        JMP 0
4B12  0000        JMP 0
4B13  0000        JMP 0
4B14  0000        JMP 0
4B15  0000        JMP 0
4B16  0000        JMP 0
4B17  0000        JMP 0
4B18  0000        JMP 0
4B19  0000        JMP 0
4B1A  0000        JMP 0
4B1B  0000        JMP 0
4B1C  0000        JMP 0
4B1D  0000        JMP 0
4B1E  0000        JMP 0
4B1F  0000        JMP 0
4B20  0000        JMP 0
4B21  0000        JMP 0
4B22  0000        JMP 0
4B23  0000        JMP 0
4B24  0000        JMP 0
4B25  0000        JMP 0
4B26  0000        JMP 0
4B27  0000        JMP 0
4B28  0000        JMP 0
4B29  0000        JMP 0
4B2A  0000        JMP 0
4B2B  0000        JMP 0
4B2C  0000        JMP 0
4B2D  0000        JMP 0
4B2E  0000        JMP 0
4B2F  0000        JMP 0
4B30  0000        JMP 0
4B31  0000        JMP 0
4B32  0000        JMP 0
4B33  0000        JMP 0
4B34  0000        JMP 0
4B35  0000        JMP 0
4B36  0000        JMP 0
4B37  0000        JMP 0
4B38  0000        JMP 0
4B39  0000        JMP 0
4B3A  0000        JMP 0
4B3B  0000        JMP 0
4B3C  0000        JMP 0
4B3D  0000        JMP 0
4B3E  0000        JMP 0
4B3F  0000        JMP 0
4B40  0000        JMP 0
4B41  0000        JMP 0
4B42  0000        JMP 0
4B43  0000        JMP 0
4B44  0000        JMP 0
4B45  0000        JMP 0
4B46  0000        JMP 0
4B47  0000        JMP 0
4B48  0000        JMP 0
4B49  0000        JMP 0
4B4A  0000        JMP 0
4B4B  0000        JMP 0
4B4C  0000        JMP 0
4B4D  0000        JMP 0
4B4E  0000        JMP 0
4B4F  0000        JMP 0
4B50  0000        JMP 0
4B51  0000        JMP 0
4B52  0000        JMP 0
4B53  0000        JMP 0
4B54  0000        JMP 0
4B55  0000        JMP 0
4B56  0000        JMP 0
4B57  0000        JMP 0
4B58  0000        JMP 0
4B59  0000        JMP 0
4B5A  0000        JMP 0
4B5B  0000        JMP 0
4B5C  0000        JMP 0
4B5D  0000        JMP 0
4B5E  0000        JMP 0
4B5F  0000        JMP 0
4B60  0000        JMP 0
4B61  0000        JMP 0
4B62  0000        JMP 0
4B63  0000        JMP 0
4B64  0000        JMP 0
4B65  0000        JMP 0
4B66  0000        JMP 0
4B67  0000        JMP 0
4B68  0000        JMP 0
4B69  0000        JMP 0
4B6A  0000        JMP 0
4B6B  0000        JMP 0
4B6C  0000        JMP 0
4B6D  0000        JMP 0
4B6E  0000        JMP 0
4B6F  0000        JMP 0
4B70  0000        JMP 0
4B71  0000        JMP 0
4B72  0000        JMP 0
4B73  0000        JMP 0
4B74  0000        JMP 0
4B75  0000        JMP 0
4B76  0000        JMP 0
4B77  0000        JMP 0
4B78  0000        JMP 0
4B79  0000        JMP 0
4B7A  0000        JMP 0
4B7B  0000        JMP 0
4B7C  0000        JMP 0
4B7D  0000        JMP 0
4B7E  0000        JMP 0
4B7F  0000        JMP 0
4B80  0000        JMP 0
4B81  0000        JMP 0
4B82  0000        JMP 0
4B83  0000        JMP 0
4B84  0000        JMP 0
4B85  0000        JMP 0
4B86  0000        JMP 0
4B87  0000        JMP 0
4B88  0000        JMP 0
4B89  0000        JMP 0
4B8A  0000        JMP 0
4B8B  0000        JMP 0
4B8C  0000        JMP 0
4B8D  0000        JMP 0
4B8E  0000        JMP 0
4B8F  0000        JMP 0
4B90  0000        JMP 0
4B91  0000        JMP 0
4B92  0000        JMP 0
4B93  0000        JMP 0
4B94  0000        JMP 0
4B95  0000        JMP 0
4B96  0000        JMP 0
4B97  0000        JMP 0
4B98  0000        JMP 0
4B99  0000        JMP 0
4B9A  0000        JMP 0
4B9B  0000        JMP 0
4B9C  0000        JMP 0
4B9D  0000        JMP 0
4B9E  0000        JMP 0
4B9F  0000        JMP 0
4BA0  0000        JMP 0
4BA1  0000        JMP 0
4BA2  0000        JMP 0
4BA3  0000        JMP 0
4BA4  0000        JMP 0
4BA5  0000        JMP 0
4BA6  0000        JMP 0
4BA7  0000        JMP 0
4BA8  0000        JMP 0
4BA9  0000        JMP 0
4BAA  0000        JMP 0
4BAB  0000        JMP 0
4BAC  0000        JMP 0
4BAD  0000        JMP 0
4BAE  0000        JMP 0
4BAF  0000        JMP 0
4BB0  0000        JMP 0
4BB1  0000        JMP 0
4BB2  0000        JMP 0
4BB3  0000        JMP 0
4BB4  0000        JMP 0
4BB5  0000        JMP 0
4BB6  0000        JMP 0
4BB7  0000        JMP 0
4BB8  0000        JMP 0
4BB9  0000        JMP 0
4BBA  0000        JMP 0
4BBB  0000        JMP 0
4BBC  0000        JMP 0
4BBD  0000        JMP 0
4BBE  0000        JMP 0
4BBF  0000        JMP 0
4BC0  0000        JMP 0
4BC1  0000        JMP 0
4BC2  0000        JMP 0
4BC3  0000        JMP 0
4BC4  0000        JMP 0
4BC5  0000        JMP 0
4BC6  0000        JMP 0
4BC7  0000        JMP 0
4BC8  0000        JMP 0
4BC9  0000        JMP 0
4BCA  0000        JMP 0
4BCB  0000        JMP 0
4BCC  0000        JMP 0
4BCD  0000        JMP 0
4BCE  0000        JMP 0
4BCF  0000        JMP 0
4BD0  0000        JMP 0
4BD1  0000        JMP 0
4BD2  0000        JMP 0
4BD3  0000        JMP 0
4BD4  0000        JMP 0
4BD5  0000        JMP 0
4BD6  0000        JMP 0
4BD7  0000        JMP 0
4BD8  0000        JMP 0
4BD9  0000        JMP 0
4BDA  0000        JMP 0
4BDB  0000        JMP 0
4BDC  0000        JMP 0
4BDD  0000        JMP 0
4BDE  0000        JMP 0
4BDF  0000        JMP 0
4BE0  0000        JMP 0
4BE1  0000        JMP 0
4BE2  0000        JMP 0
4BE3  0000        JMP 0
4BE4  0000        JMP 0
4BE5  0000        JMP 0
4BE6  0000        JMP 0
4BE7  0000        JMP 0
4BE8  0000        JMP 0
4BE9  0000        JMP 0
4BEA  0000        JMP 0
4BEB  0000        JMP 0
4BEC  0000        JMP 0
4BED  0000        JMP 0
4BEE  0000        JMP 0
4BEF  0000        JMP 0
4BF0  0000        JMP 0
4BF1  0000        JMP 0
4BF2  0000        JMP 0
4BF3  0000        JMP 0
4BF4  0000        JMP 0
4BF5  0000        JMP 0
4BF6  0000        JMP 0
4BF7  0000        JMP 0
4BF8  0000        JMP 0
4BF9  0000        JMP 0
4BFA  0000        JMP 0
4BFB  0000        JMP 0
4BFC  0000        JMP 0
4BFD  0000        JMP 0
4BFE  0000        JMP 0
4BFF  0000        JMP 0
4C00  0000        JMP 0
4C01  0000        JMP 0
4C02  0000        JMP 0
4C03  0000        JMP 0
4C04  0000        JMP 0
4C05  0000        JMP 0
4C06  0000        JMP 0
4C07  0000        JMP 0
4C08  0000        JMP 0
4C09  0000        JMP 0
4C0A  0000        JMP 0
4C0B  0000        JMP 0
4C0C  0000        JMP 0
4C0D  0000        JMP 0
4C0E  0000        JMP 0
4C0F  0000        JMP 0
4C10  0000        JMP 0
4C11  0000        JMP 0
4C12  0000        JMP 0
4C13  0000        JMP 0
4C14  0000        JMP 0
4C15  0000        JMP 0
4C16  0000        JMP 0
4C17  0000        JMP 0
4C18  0000        JMP 0
4C19  0000        JMP 0
4C1A  0000        JMP 0
4C1B  0000        JMP 0
4C1C  0000        JMP 0
4C1D  0000        JMP 0
4C1E  0000        JMP 0
4C1F  0000        JMP 0
4C20  0000        JMP 0
4C21  0000        JMP 0
4C22  0000        JMP 0
4C23  0000        JMP 0
4C24  0000        JMP 0
4C25  0000        JMP 0
4C26  0000        JMP 0
4C27  0000        JMP 0
4C28  0000        JMP 0
4C29  0000        JMP 0
4C2A  0000        JMP 0
4C2B  0000        JMP 0
4C2C  0000        JMP 0
4C2D  0000        JMP 0
4C2E  0000        JMP 0
4C2F  0000        JMP 0
4C30  0000        JMP 0
4C31  0000        JMP 0
4C32  0000        JMP 0
4C33  0000        JMP 0
4C34  0000        JMP 0
4C35  0000        JMP 0
4C36  0000        JMP 0
4C37  0000        JMP 0
4C38  0000        JMP 0
4C39  0000        JMP 0
4C3A  0000        JMP 0
4C3B  0000        JMP 0
4C3C  0000        JMP 0
4C3D  0000        JMP 0
4C3E  0000        JMP 0
4C3F  0000        JMP 0
4C40  0000        JMP 0
4C41  0000        JMP 0
4C42  0000        JMP 0
4C43  0000        JMP 0
4C44  0000        JMP 0
4C45  0000        JMP 0
4C46  0000        JMP 0
4C47  0000        JMP 0
4C48  0000        JMP 0
4C49  0000        JMP 0
4C4A  0000        JMP 0
4C4B  0000        JMP 0
4C4C  0000        JMP 0
4C4D  0000        JMP 0
4C4E  0000        JMP 0
4C4F  0000        JMP 0
4C50  0000        JMP 0
4C51  0000        JMP 0
4C52  0000        JMP 0
4C53  0000        JMP 0
4C54  0000        JMP 0
4C55  0000        JMP 0
4C56  0000        JMP 0
4C57  0000        JMP 0
4C58  0000        JMP 0
4C59  0000        JMP 0
4C5A  0000        JMP 0
4C5B  0000        JMP 0
4C5C  0000        JMP 0
4C5D  0000        JMP 0
4C5E  0000        JMP 0
4C5F  0000        JMP 0
4C60  0000        JMP 0
4C61  0000        JMP 0
4C62  0000        JMP 0
4C63  0000        JMP 0
4C64  0000        JMP 0
4C65  0000        JMP 0
4C66  0000        JMP 0
4C67  0000        JMP 0
4C68  0000        JMP 0
4C69  0000        JMP 0
4C6A  0000        JMP 0
4C6B  0000        JMP 0
4C6C  0000        JMP 0
4C6D  0000        JMP 0
4C6E  0000        JMP 0
4C6F  0000        JMP 0
4C70  0000        JMP 0
4C71  0000        JMP 0
4C72  0000        JMP 0
4C73  0000        JMP 0
4C74  0000        JMP 0
4C75  0000        JMP 0
4C76  0000        JMP 0
4C77  0000        JMP 0
4C78  0000        JMP 0
4C79  0000        JMP 0
4C7A  0000        JMP 0
4C7B  0000        JMP 0
4C7C  0000        JMP 0
4C7D  0000        JMP 0
4C7E  0000        JMP 0
4C7F  0000        JMP 0
4C80  0000        JMP 0
4C81  0000        JMP 0
4C82  0000        JMP 0
4C83  0000        JMP 0
4C84  0000        JMP 0
4C85  0000        JMP 0
4C86  0000        JMP 0
4C87  0000        JMP 0
4C88  0000        JMP 0
4C89  0000        JMP 0
4C8A  0000        JMP 0
4C8B  0000        JMP 0
4C8C  0000        JMP 0
4C8D  0000        JMP 0
4C8E  0000        JMP 0
4C8F  0000        JMP 0
4C90  0000        JMP 0
4C91  0000        JMP 0
4C92  0000        JMP 0
4C93  0000        JMP 0
4C94  0000        JMP 0
4C95  0000        JMP 0
4C96  0000        JMP 0
4C97  0000        JMP 0
4C98  0000        JMP 0
4C99  0000        JMP 0
4C9A  0000        JMP 0
4C9B  0000        JMP 0
4C9C  0000        JMP 0
4C9D  0000        JMP 0
4C9E  0000        JMP 0
4C9F  0000        JMP 0
4CA0  0000        JMP 0
4CA1  0000        JMP 0
4CA2  0000        JMP 0
4CA3  0000        JMP 0
4CA4  0000        JMP 0
4CA5  0000        JMP 0
4CA6  0000        JMP 0
4CA7  0000        JMP 0
4CA8  0000        JMP 0
4CA9  0000        JMP 0
4CAA  0000        JMP 0
4CAB  0000        JMP 0
4CAC  0000        JMP 0
4CAD  0000        JMP 0
4CAE  0000        JMP 0
4CAF  0000        JMP 0
4CB0  0000        JMP 0
4CB1  0000        JMP 0
4CB2  0000        JMP 0
4CB3  0000        JMP 0
4CB4  0000        JMP 0
4CB5  0000        JMP 0
4CB6  0000        JMP 0
4CB7  0000        JMP 0
4CB8  0000        JMP 0
4CB9  0000        JMP 0
4CBA  0000        JMP 0
4CBB  0000        JMP 0
4CBC  0000        JMP 0
4CBD  0000        JMP 0
4CBE  0000        JMP 0
4CBF  0000        JMP 0
4CC0  0000        JMP 0
4CC1  0000        JMP 0
4CC2  0000        JMP 0
4CC3  0000        JMP 0
4CC4  0000        JMP 0
4CC5  0000        JMP 0
4CC6  0000        JMP 0
4CC7  0000        JMP 0
4CC8  0000        JMP 0
4CC9  0000        JMP 0
4CCA  0000        JMP 0
4CCB  0000        JMP 0
4CCC  0000        JMP 0
4CCD  0000        JMP 0
4CCE  0000        JMP 0
4CCF  0000        JMP 0
4CD0  0000        JMP 0
4CD1  0000        JMP 0
4CD2  0000        JMP 0
4CD3  0000        JMP 0
4CD4  0000        JMP 0
4CD5  0000        JMP 0
4CD6  0000        JMP 0
4CD7  0000        JMP 0
4CD8  0000        JMP 0
4CD9  0000        JMP 0
4CDA  0000        JMP 0
4CDB  0000        JMP 0
4CDC  0000        JMP 0
4CDD  0000        JMP 0
4CDE  0000        JMP 0
4CDF  0000        JMP 0
4CE0  0000        JMP 0
4CE1  0000        JMP 0
4CE2  0000        JMP 0
4CE3  0000        JMP 0
4CE4  0000        JMP 0
4CE5  0000        JMP 0
4CE6  0000        JMP 0
4CE7  0000        JMP 0
4CE8  0000        JMP 0
4CE9  0000        JMP 0
4CEA  0000        JMP 0
4CEB  0000        JMP 0
4CEC  0000        JMP 0
4CED  0000        JMP 0
4CEE  0000        JMP 0
4CEF  0000        JMP 0
4CF0  0000        JMP 0
4CF1  0000        JMP 0
4CF2  0000        JMP 0
4CF3  0000        JMP 0
4CF4  0000        JMP 0
4CF5  0000        JMP 0
4CF6  0000        JMP 0
4CF7  0000        JMP 0
4CF8  0000        JMP 0
4CF9  0000        JMP 0
4CFA  0000        JMP 0
4CFB  0000        JMP 0
4CFC  0000        JMP 0
4CFD  0000        JMP 0
4CFE  0000        JMP 0
4CFF  0000        JMP 0
4D00  0000        JMP 0
4D01  0000        JMP 0
4D02  0000        JMP 0
4D03  0000        JMP 0
4D04  0000        JMP 0
4D05  0000        JMP 0
4D06  0000        JMP 0
4D07  0000        JMP 0
4D08  0000        JMP 0
4D09  0000        JMP 0
4D0A  0000        JMP 0
4D0B  0000        JMP 0
4D0C  0000        JMP 0
4D0D  0000        JMP 0
4D0E  0000        JMP 0
4D0F  0000        JMP 0
4D10  0000        JMP 0
4D11  0000        JMP 0
4D12  0000        JMP 0
4D13  0000        JMP 0
4D14  0000        JMP 0
4D15  0000        JMP 0
4D16  0000        JMP 0
4D17  0000        JMP 0
4D18  0000        JMP 0
4D19  0000        JMP 0
4D1A  0000        JMP 0
4D1B  0000        JMP 0
4D1C  0000        JMP 0
4D1D  0000        JMP 0
4D1E  0000        JMP 0
4D1F  0000        JMP 0
4D20  0000        JMP 0
4D21  0000        JMP 0
4D22  0000        JMP 0
4D23  0000        JMP 0
4D24  0000        JMP 0
4D25  0000        JMP 0
4D26  0000        JMP 0
4D27  0000        JMP 0
4D28  0000        JMP 0
4D29  0000        JMP 0
4D2A  0000        JMP 0
4D2B  0000        JMP 0
4D2C  0000        JMP 0
4D2D  0000        JMP 0
4D2E  0000        JMP 0
4D2F  0000        JMP 0
4D30  0000        JMP 0
4D31  0000        JMP 0
4D32  0000        JMP 0
4D33  0000        JMP 0
4D34  0000        JMP 0
4D35  0000        JMP 0
4D36  0000        JMP 0
4D37  0000        JMP 0
4D38  0000        JMP 0
4D39  0000        JMP 0
4D3A  0000        JMP 0
4D3B  0000        JMP 0
4D3C  0000        JMP 0
4D3D  0000        JMP 0
4D3E  0000        JMP 0
4D3F  0000        JMP 0
4D40  0000        JMP 0
4D41  0000        JMP 0
4D42  0000        JMP 0
4D43  0000        JMP 0
4D44  0000        JMP 0
4D45  0000        JMP 0
4D46  0000        JMP 0
4D47  0000        JMP 0
4D48  0000        JMP 0
4D49  0000        JMP 0
4D4A  0000        JMP 0
4D4B  0000        JMP 0
4D4C  0000        JMP 0
4D4D  0000        JMP 0
4D4E  0000        JMP 0
4D4F  0000        JMP 0
4D50  0000        JMP 0
4D51  0000        JMP 0
4D52  0000        JMP 0
4D53  0000        JMP 0
4D54  0000        JMP 0
4D55  0000        JMP 0
4D56  0000        JMP 0
4D57  0000        JMP 0
4D58  0000        JMP 0
4D59  0000        JMP 0
4D5A  0000        JMP 0
4D5B  0000        JMP 0
4D5C  0000        JMP 0
4D5D  0000        JMP 0
4D5E  0000        JMP 0
4D5F  0000        JMP 0
4D60  0000        JMP 0
4D61  0000        JMP 0
4D62  0000        JMP 0
4D63  0000        JMP 0
4D64  0000        JMP 0
4D65  0000        JMP 0
4D66  0000        JMP 0
4D67  0000        JMP 0
4D68  0000        JMP 0
4D69  0000        JMP 0
4D6A  0000        JMP 0
4D6B  0000        JMP 0
4D6C  0000        JMP 0
4D6D  0000        JMP 0
4D6E  0000        JMP 0
4D6F  0000        JMP 0
4D70  0000        JMP 0
4D71  0000        JMP 0
4D72  0000        JMP 0
4D73  0000        JMP 0
4D74  0000        JMP 0
4D75  0000        JMP 0
4D76  0000        JMP 0
4D77  0000        JMP 0
4D78  0000        JMP 0
4D79  0000        JMP 0
4D7A  0000        JMP 0
4D7B  0000        JMP 0
4D7C  0000        JMP 0
4D7D  0000        JMP 0
4D7E  0000        JMP 0
4D7F  0000        JMP 0
4D80  0000        JMP 0
4D81  0000        JMP 0
4D82  0000        JMP 0
4D83  0000        JMP 0
4D84  0000        JMP 0
4D85  0000        JMP 0
4D86  0000        JMP 0
4D87  0000        JMP 0
4D88  0000        JMP 0
4D89  0000        JMP 0
4D8A  0000        JMP 0
4D8B  0000        JMP 0
4D8C  0000        JMP 0
4D8D  0000        JMP 0
4D8E  0000        JMP 0
4D8F  0000        JMP 0
4D90  0000        JMP 0
4D91  0000        JMP 0
4D92  0000        JMP 0
4D93  0000        JMP 0
4D94  0000        JMP 0
4D95  0000        JMP 0
4D96  0000        JMP 0
4D97  0000        JMP 0
4D98  0000        JMP 0
4D99  0000        JMP 0
4D9A  0000        JMP 0
4D9B  0000        JMP 0
4D9C  0000        JMP 0
4D9D  0000        JMP 0
4D9E  0000        JMP 0
4D9F  0000        JMP 0
4DA0  0000        JMP 0
4DA1  0000        JMP 0
4DA2  0000        JMP 0
4DA3  0000        JMP 0
4DA4  0000        JMP 0
4DA5  0000        JMP 0
4DA6  0000        JMP 0
4DA7  0000        JMP 0
4DA8  0000        JMP 0
4DA9  0000        JMP 0
4DAA  0000        JMP 0
4DAB  0000        JMP 0
4DAC  0000        JMP 0
4DAD  0000        JMP 0
4DAE  0000        JMP 0
4DAF  0000        JMP 0
4DB0  0000        JMP 0
4DB1  0000        JMP 0
4DB2  0000        JMP 0
4DB3  0000        JMP 0
4DB4  0000        JMP 0
4DB5  0000        JMP 0
4DB6  0000        JMP 0
4DB7  0000        JMP 0
4DB8  0000        JMP 0
4DB9  0000        JMP 0
4DBA  0000        JMP 0
4DBB  0000        JMP 0
4DBC  0000        JMP 0
4DBD  0000        JMP 0
4DBE  0000        JMP 0
4DBF  0000        JMP 0
4DC0  0000        JMP 0
4DC1  0000        JMP 0
4DC2  0000        JMP 0
4DC3  0000        JMP 0
4DC4  0000        JMP 0
4DC5  0000        JMP 0
4DC6  0000        JMP 0
4DC7  0000        JMP 0
4DC8  0000        JMP 0
4DC9  0000        JMP 0
4DCA  0000        JMP 0
4DCB  0000        JMP 0
4DCC  0000        JMP 0
4DCD  0000        JMP 0
4DCE  0000        JMP 0
4DCF  0000        JMP 0
4DD0  0000        JMP 0
4DD1  0000        JMP 0
4DD2  0000        JMP 0
4DD3  0000        JMP 0
4DD4  0000        JMP 0
4DD5  0000        JMP 0
4DD6  0000        JMP 0
4DD7  0000        JMP 0
4DD8  0000        JMP 0
4DD9  0000        JMP 0
4DDA  0000        JMP 0
4DDB  0000        JMP 0
4DDC  0000        JMP 0
4DDD  0000        JMP 0
4DDE  0000        JMP 0
4DDF  0000        JMP 0
4DE0  0000        JMP 0
4DE1  0000        JMP 0
4DE2  0000        JMP 0
4DE3  0000        JMP 0
4DE4  0000        JMP 0
4DE5  0000        JMP 0
4DE6  0000        JMP 0
4DE7  0000        JMP 0
4DE8  0000        JMP 0
4DE9  0000        JMP 0
4DEA  0000        JMP 0
4DEB  0000        JMP 0
4DEC  0000        JMP 0
4DED  0000        JMP 0
4DEE  0000        JMP 0
4DEF  0000        JMP 0
4DF0  0000        JMP 0
4DF1  0000        JMP 0
4DF2  0000        JMP 0
4DF3  0000        JMP 0
4DF4  0000        JMP 0
4DF5  0000        JMP 0
4DF6  0000        JMP 0
4DF7  0000        JMP 0
4DF8  0000        JMP 0
4DF9  0000        JMP 0
4DFA  0000        JMP 0
4DFB  0000        JMP 0
4DFC  0000        JMP 0
4DFD  0000        JMP 0
4DFE  0000        JMP 0
4DFF  0000        JMP 0
4E00  0000        JMP 0
4E01  0000        JMP 0
4E02  0000        JMP 0
4E03  0000        JMP 0
4E04  0000        JMP 0
4E05  0000        JMP 0
4E06  0000        JMP 0
4E07  0000        JMP 0
4E08  0000        JMP 0
4E09  0000        JMP 0
4E0A  0000        JMP 0
4E0B  0000        JMP 0
4E0C  0000        JMP 0
4E0D  0000        JMP 0
4E0E  0000        JMP 0
4E0F  0000        JMP 0
4E10  0000        JMP 0
4E11  0000        JMP 0
4E12  0000        JMP 0
4E13  0000        JMP 0
4E14  0000        JMP 0
4E15  0000        JMP 0
4E16  0000        JMP 0
4E17  0000        JMP 0
4E18  0000        JMP 0
4E19  0000        JMP 0
4E1A  0000        JMP 0
4E1B  0000        JMP 0
4E1C  0000        JMP 0
4E1D  0000        JMP 0
4E1E  0000        JMP 0
4E1F  0000        JMP 0
4E20  0000        JMP 0
4E21  0000        JMP 0
4E22  0000        JMP 0
4E23  0000        JMP 0
4E24  0000        JMP 0
4E25  0000        JMP 0
4E26  0000        JMP 0
4E27  0000        JMP 0
4E28  0000        JMP 0
4E29  0000        JMP 0
4E2A  0000        JMP 0
4E2B  0000        JMP 0
4E2C  0000        JMP 0
4E2D  0000        JMP 0
4E2E  0000        JMP 0
4E2F  0000        JMP 0
4E30  0000        JMP 0
4E31  0000        JMP 0
4E32  0000        JMP 0
4E33  0000        JMP 0
4E34  0000        JMP 0
4E35  0000        JMP 0
4E36  0000        JMP 0
4E37  0000        JMP 0
4E38  0000        JMP 0
4E39  0000        JMP 0
4E3A  0000        JMP 0
4E3B  0000        JMP 0
4E3C  0000        JMP 0
4E3D  0000        JMP 0
4E3E  0000        JMP 0
4E3F  0000        JMP 0
4E40  0000        JMP 0
4E41  0000        JMP 0
4E42  0000        JMP 0
4E43  0000        JMP 0
4E44  0000        JMP 0
4E45  0000        JMP 0
4E46  0000        JMP 0
4E47  0000        JMP 0
4E48  0000        JMP 0
4E49  0000        JMP 0
4E4A  0000        JMP 0
4E4B  0000        JMP 0
4E4C  0000        JMP 0
4E4D  0000        JMP 0
4E4E  0000        JMP 0
4E4F  0000        JMP 0
4E50  0000        JMP 0
4E51  0000        JMP 0
4E52  0000        JMP 0
4E53  0000        JMP 0
4E54  0000        JMP 0
4E55  0000        JMP 0
4E56  0000        JMP 0
4E57  0000        JMP 0
4E58  0000        JMP 0
4E59  0000        JMP 0
4E5A  0000        JMP 0
4E5B  0000        JMP 0
4E5C  0000        JMP 0
4E5D  0000        JMP 0
4E5E  0000        JMP 0
4E5F  0000        JMP 0
4E60  0000        JMP 0
4E61  0000        JMP 0
4E62  0000        JMP 0
4E63  0000        JMP 0
4E64  0000        JMP 0
4E65  0000        JMP 0
4E66  0000        JMP 0
4E67  0000        JMP 0
4E68  0000        JMP 0
4E69  0000        JMP 0
4E6A  0000        JMP 0
4E6B  0000        JMP 0
4E6C  0000        JMP 0
4E6D  0000        JMP 0
4E6E  0000        JMP 0
4E6F  0000        JMP 0
4E70  0000        JMP 0
4E71  0000        JMP 0
4E72  0000        JMP 0
4E73  0000        JMP 0
4E74  0000        JMP 0
4E75  0000        JMP 0
4E76  0000        JMP 0
4E77  0000        JMP 0
4E78  0000        JMP 0
4E79  0000        JMP 0
4E7A  0000        JMP 0
4E7B  0000        JMP 0
4E7C  0000        JMP 0
4E7D  0000        JMP 0
4E7E  0000        JMP 0
4E7F  0000        JMP 0
4E80  0000        JMP 0
4E81  0000        JMP 0
4E82  0000        JMP 0
4E83  0000        JMP 0
4E84  0000        JMP 0
4E85  0000        JMP 0
4E86  0000        JMP 0
4E87  0000        JMP 0
4E88  0000        JMP 0
4E89  0000        JMP 0
4E8A  0000        JMP 0
4E8B  0000        JMP 0
4E8C  0000        JMP 0
4E8D  0000        JMP 0
4E8E  0000        JMP 0
4E8F  0000        JMP 0
4E90  0000        JMP 0
4E91  0000        JMP 0
4E92  0000        JMP 0
4E93  0000        JMP 0
4E94  0000        JMP 0
4E95  0000        JMP 0
4E96  0000        JMP 0
4E97  0000        JMP 0
4E98  0000        JMP 0
4E99  0000        JMP 0
4E9A  0000        JMP 0
4E9B  0000        JMP 0
4E9C  0000        JMP 0
4E9D  0000        JMP 0
4E9E  0000        JMP 0
4E9F  0000        JMP 0
4EA0  0000        JMP 0
4EA1  0000        JMP 0
4EA2  0000        JMP 0
4EA3  0000        JMP 0
4EA4  0000        JMP 0
4EA5  0000        JMP 0
4EA6  0000        JMP 0
4EA7  0000        JMP 0
4EA8  0000        JMP 0
4EA9  0000        JMP 0
4EAA  0000        JMP 0
4EAB  0000        JMP 0
4EAC  0000        JMP 0
4EAD  0000        JMP 0
4EAE  0000        JMP 0
4EAF  0000        JMP 0
4EB0  0000        JMP 0
4EB1  0000        JMP 0
4EB2  0000        JMP 0
4EB3  0000        JMP 0
4EB4  0000        JMP 0
4EB5  0000        JMP 0
4EB6  0000        JMP 0
4EB7  0000        JMP 0
4EB8  0000        JMP 0
4EB9  0000        JMP 0
4EBA  0000        JMP 0
4EBB  0000        JMP 0
4EBC  0000        JMP 0
4EBD  0000        JMP 0
4EBE  0000        JMP 0
4EBF  0000        JMP 0
4EC0  0000        JMP 0
4EC1  0000        JMP 0
4EC2  0000        JMP 0
4EC3  0000        JMP 0
4EC4  0000        JMP 0
4EC5  0000        JMP 0
4EC6  0000        JMP 0
4EC7  0000        JMP 0
4EC8  0000        JMP 0
4EC9  0000        JMP 0
4ECA  0000        JMP 0
4ECB  0000        JMP 0
4ECC  0000        JMP 0
4ECD  0000        JMP 0
4ECE  0000        JMP 0
4ECF  0000        JMP 0
4ED0  0000        JMP 0
4ED1  0000        JMP 0
4ED2  0000        JMP 0
4ED3  0000        JMP 0
4ED4  0000        JMP 0
4ED5  0000        JMP 0
4ED6  0000        JMP 0
4ED7  0000        JMP 0
4ED8  0000        JMP 0
4ED9  0000        JMP 0
4EDA  0000        JMP 0
4EDB  0000        JMP 0
4EDC  0000        JMP 0
4EDD  0000        JMP 0
4EDE  0000        JMP 0
4EDF  0000        JMP 0
4EE0  0000        JMP 0
4EE1  0000        JMP 0
4EE2  0000        JMP 0
4EE3  0000        JMP 0
4EE4  0000        JMP 0
4EE5  0000        JMP 0
4EE6  0000        JMP 0
4EE7  0000        JMP 0
4EE8  0000        JMP 0
4EE9  0000        JMP 0
4EEA  0000        JMP 0
4EEB  0000        JMP 0
4EEC  0000        JMP 0
4EED  0000        JMP 0
4EEE  0000        JMP 0
4EEF  0000        JMP 0
4EF0  0000        JMP 0
4EF1  0000        JMP 0
4EF2  0000        JMP 0
4EF3  0000        JMP 0
4EF4  0000        JMP 0
4EF5  0000        JMP 0
4EF6  0000        JMP 0
4EF7  0000        JMP 0
4EF8  0000        JMP 0
4EF9  0000        JMP 0
4EFA  0000        JMP 0
4EFB  0000        JMP 0
4EFC  0000        JMP 0
4EFD  0000        JMP 0
4EFE  0000        JMP 0
4EFF  0000        JMP 0
4F00  0000        JMP 0
4F01  0000        JMP 0
4F02  0000        JMP 0
4F03  0000        JMP 0
4F04  0000        JMP 0
4F05  0000        JMP 0
4F06  0000        JMP 0
4F07  0000        JMP 0
4F08  0000        JMP 0
4F09  0000        JMP 0
4F0A  0000        JMP 0
4F0B  0000        JMP 0
4F0C  0000        JMP 0
4F0D  0000        JMP 0
4F0E  0000        JMP 0
4F0F  0000        JMP 0
4F10  0000        JMP 0
4F11  0000        JMP 0
4F12  0000        JMP 0
4F13  0000        JMP 0
4F14  0000        JMP 0
4F15  0000        JMP 0
4F16  0000        JMP 0
4F17  0000        JMP 0
4F18  0000        JMP 0
4F19  0000        JMP 0
4F1A  0000        JMP 0
4F1B  0000        JMP 0
4F1C  0000        JMP 0
4F1D  0000        JMP 0
4F1E  0000        JMP 0
4F1F  0000        JMP 0
4F20  0000        JMP 0
4F21  0000        JMP 0
4F22  0000        JMP 0
4F23  0000        JMP 0
4F24  0000        JMP 0
4F25  0000        JMP 0
4F26  0000        JMP 0
4F27  0000        JMP 0
4F28  0000        JMP 0
4F29  0000        JMP 0
4F2A  0000        JMP 0
4F2B  0000        JMP 0
4F2C  0000        JMP 0
4F2D  0000        JMP 0
4F2E  0000        JMP 0
4F2F  0000        JMP 0
4F30  0000        JMP 0
4F31  0000        JMP 0
4F32  0000        JMP 0
4F33  0000        JMP 0
4F34  0000        JMP 0
4F35  0000        JMP 0
4F36  0000        JMP 0
4F37  0000        JMP 0
4F38  0000        JMP 0
4F39  0000        JMP 0
4F3A  0000        JMP 0
4F3B  0000        JMP 0
4F3C  0000        JMP 0
4F3D  0000        JMP 0
4F3E  0000        JMP 0
4F3F  0000        JMP 0
4F40  0000        JMP 0
4F41  0000        JMP 0
4F42  0000        JMP 0
4F43  0000        JMP 0
4F44  0000        JMP 0
4F45  0000        JMP 0
4F46  0000        JMP 0
4F47  0000        JMP 0
4F48  0000        JMP 0
4F49  0000        JMP 0
4F4A  0000        JMP 0
4F4B  0000        JMP 0
4F4C  0000        JMP 0
4F4D  0000        JMP 0
4F4E  0000        JMP 0
4F4F  0000        JMP 0
4F50  0000        JMP 0
4F51  0000        JMP 0
4F52  0000        JMP 0
4F53  0000        JMP 0
4F54  0000        JMP 0
4F55  0000        JMP 0
4F56  0000        JMP 0
4F57  0000        JMP 0
4F58  0000        JMP 0
4F59  0000        JMP 0
4F5A  0000        JMP 0
4F5B  0000        JMP 0
4F5C  0000        JMP 0
4F5D  0000        JMP 0
4F5E  0000        JMP 0
4F5F  0000        JMP 0
4F60  0000        JMP 0
4F61  0000        JMP 0
4F62  0000        JMP 0
4F63  0000        JMP 0
4F64  0000        JMP 0
4F65  0000        JMP 0
4F66  0000        JMP 0
4F67  0000        JMP 0
4F68  0000        JMP 0
4F69  0000        JMP 0
4F6A  0000        JMP 0
4F6B  0000        JMP 0
4F6C  0000        JMP 0
4F6D  0000        JMP 0
4F6E  0000        JMP 0
4F6F  0000        JMP 0
4F70  0000        JMP 0
4F71  0000        JMP 0
4F72  0000        JMP 0
4F73  0000        JMP 0
4F74  0000        JMP 0
4F75  0000        JMP 0
4F76  0000        JMP 0
4F77  0000        JMP 0
4F78  0000        JMP 0
4F79  0000        JMP 0
4F7A  0000        JMP 0
4F7B  0000        JMP 0
4F7C  0000        JMP 0
4F7D  0000        JMP 0
4F7E  0000        JMP 0
4F7F  0000        JMP 0
4F80  0000        JMP 0
4F81  0000        JMP 0
4F82  0000        JMP 0
4F83  0000        JMP 0
4F84  0000        JMP 0
4F85  0000        JMP 0
4F86  0000        JMP 0
4F87  0000        JMP 0
4F88  0000        JMP 0
4F89  0000        JMP 0
4F8A  0000        JMP 0
4F8B  0000        JMP 0
4F8C  0000        JMP 0
4F8D  0000        JMP 0
4F8E  0000        JMP 0
4F8F  0000        JMP 0
4F90  0000        JMP 0
4F91  0000        JMP 0
4F92  0000        JMP 0
4F93  0000        JMP 0
4F94  0000        JMP 0
4F95  0000        JMP 0
4F96  0000        JMP 0
4F97  0000        JMP 0
4F98  0000        JMP 0
4F99  0000        JMP 0
4F9A  0000        JMP 0
4F9B  0000        JMP 0
4F9C  0000        JMP 0
4F9D  0000        JMP 0
4F9E  0000        JMP 0
4F9F  0000        JMP 0
4FA0  0000        JMP 0
4FA1  0000        JMP 0
4FA2  0000        JMP 0
4FA3  0000        JMP 0
4FA4  0000        JMP 0
4FA5  0000        JMP 0
4FA6  0000        JMP 0
4FA7  0000        JMP 0
4FA8  0000        JMP 0
4FA9  0000        JMP 0
4FAA  0000        JMP 0
4FAB  0000        JMP 0
4FAC  0000        JMP 0
4FAD  0000        JMP 0
4FAE  0000        JMP 0
4FAF  0000        JMP 0
4FB0  0000        JMP 0
4FB1  0000        JMP 0
4FB2  0000        JMP 0
4FB3  0000        JMP 0
4FB4  0000        JMP 0
4FB5  0000        JMP 0
4FB6  0000        JMP 0
4FB7  0000        JMP 0
4FB8  0000        JMP 0
4FB9  0000        JMP 0
4FBA  0000        JMP 0
4FBB  0000        JMP 0
4FBC  0000        JMP 0
4FBD  0000        JMP 0
4FBE  0000        JMP 0
4FBF  0000        JMP 0
4FC0  0000        JMP 0
4FC1  0000        JMP 0
4FC2  0000        JMP 0
4FC3  0000        JMP 0
4FC4  0000        JMP 0
4FC5  0000        JMP 0
4FC6  0000        JMP 0
4FC7  0000        JMP 0
4FC8  0000        JMP 0
4FC9  0000        JMP 0
4FCA  0000        JMP 0
4FCB  0000        JMP 0
4FCC  0000        JMP 0
4FCD  0000        JMP 0
4FCE  0000        JMP 0
4FCF  0000        JMP 0
4FD0  0000        JMP 0
4FD1  0000        JMP 0
4FD2  0000        JMP 0
4FD3  0000        JMP 0
4FD4  0000        JMP 0
4FD5  0000        JMP 0
4FD6  0000        JMP 0
4FD7  0000        JMP 0
4FD8  0000        JMP 0
4FD9  0000        JMP 0
4FDA  0000        JMP 0
4FDB  0000        JMP 0
4FDC  0000        JMP 0
4FDD  0000        JMP 0
4FDE  0000        JMP 0
4FDF  0000        JMP 0
4FE0  0000        JMP 0
4FE1  0000        JMP 0
4FE2  0000        JMP 0
4FE3  0000        JMP 0
4FE4  0000        JMP 0
4FE5  0000        JMP 0
4FE6  0000        JMP 0
4FE7  0000        JMP 0
4FE8  0000        JMP 0
4FE9  0000        JMP 0
4FEA  0000        JMP 0
4FEB  0000        JMP 0
4FEC  0000        JMP 0
4FED  0000        JMP 0
4FEE  0000        JMP 0
4FEF  0000        JMP 0
4FF0  0000        JMP 0
4FF1  0000        JMP 0
4FF2  0000        JMP 0
4FF3  0000        JMP 0
4FF4  0000        JMP 0
4FF5  0000        JMP 0
4FF6  0000        JMP 0
4FF7  0000        JMP 0
4FF8  0000        JMP 0
4FF9  0000        JMP 0
4FFA  0000        JMP 0
4FFB  0000        JMP 0
4FFC  0000        JMP 0
4FFD  0000        JMP 0
4FFE  0000        JMP 0
4FFF  0000        JMP 0
5000  0000        JMP 0
5001  0000        JMP 0
5002  0000        JMP 0
5003  076C        JMP @108,3
5004  0000        JMP 0
5005  0000        JMP 0
5006  0000        JMP 0
5007  0000        JMP 0
5008  0000        JMP 0
5009  0000        JMP 0
500A  0000        JMP 0
500B  0000        JMP 0
500C  0000        JMP 0
500D  0000        JMP 0
500E  0000        JMP 0
500F  0000        JMP 0
5010  0000        JMP 0
5011  0000        JMP 0
5012  0000        JMP 0
5013  0000        JMP 0
5014  0000        JMP 0
5015  0000        JMP 0
5016  0000        JMP 0
5017  0000        JMP 0
5018  0000        JMP 0
5019  0000        JMP 0
501A  0000        JMP 0
501B  0000        JMP 0
501C  0000        JMP 0
501D  0000        JMP 0
501E  0000        JMP 0
501F  0000        JMP 0
5020  0000        JMP 0
5021  0000        JMP 0
5022  0000        JMP 0
5023  0000        JMP 0
5024  0000        JMP 0
5025  0000        JMP 0
5026  0000        JMP 0
5027  0000        JMP 0
5028  0000        JMP 0
5029  0000        JMP 0
502A  0000        JMP 0
502B  0000        JMP 0
502C  0000        JMP 0
502D  0000        JMP 0
502E  0000        JMP 0
502F  0000        JMP 0
5030  0000        JMP 0
5031  0000        JMP 0
5032  0000        JMP 0
5033  0000        JMP 0
5034  0000        JMP 0
5035  0000        JMP 0
5036  0000        JMP 0
5037  0000        JMP 0
5038  0000        JMP 0
5039  0000        JMP 0
503A  0000        JMP 0
503B  0000        JMP 0
503C  0000        JMP 0
503D  0000        JMP 0
503E  0000        JMP 0
503F  0000        JMP 0
5040  0000        JMP 0
5041  0000        JMP 0
5042  0000        JMP 0
5043  0000        JMP 0
5044  0000        JMP 0
5045  0000        JMP 0
5046  0000        JMP 0
5047  0000        JMP 0
5048  0000        JMP 0
5049  0000        JMP 0
504A  0000        JMP 0
504B  0000        JMP 0
504C  0000        JMP 0
504D  0000        JMP 0
504E  0000        JMP 0
504F  0000        JMP 0
5050  0000        JMP 0
5051  0000        JMP 0
5052  0000        JMP 0
5053  0000        JMP 0
5054  0000        JMP 0
5055  0000        JMP 0
5056  0000        JMP 0
5057  0000        JMP 0
5058  0000        JMP 0
5059  0000        JMP 0
505A  0000        JMP 0
505B  0000        JMP 0
505C  0000        JMP 0
505D  0000        JMP 0
505E  0000        JMP 0
505F  0000        JMP 0
5060  0000        JMP 0
5061  0000        JMP 0
5062  0000        JMP 0
5063  0000        JMP 0
5064  0000        JMP 0
5065  0000        JMP 0
5066  0000        JMP 0
5067  0000        JMP 0
5068  0000        JMP 0
5069  0000        JMP 0
506A  0000        JMP 0
506B  0000        JMP 0
506C  0000        JMP 0
506D  0000        JMP 0
506E  0000        JMP 0
506F  0000        JMP 0
5070  0000        JMP 0
5071  0000        JMP 0
5072  0000        JMP 0
5073  0000        JMP 0
5074  0000        JMP 0
5075  0000        JMP 0
5076  0000        JMP 0
5077  0000        JMP 0
5078  0000        JMP 0
5079  0000        JMP 0
507A  0000        JMP 0
507B  0000        JMP 0
507C  0000        JMP 0
507D  0000        JMP 0
507E  0000        JMP 0
507F  0000        JMP 0
5080  0000        JMP 0
5081  0000        JMP 0
5082  0000        JMP 0
5083  0000        JMP 0
5084  0000        JMP 0
5085  0000        JMP 0
5086  0000        JMP 0
5087  0000        JMP 0
5088  0000        JMP 0
5089  0000        JMP 0
508A  0000        JMP 0
508B  0000        JMP 0
508C  0000        JMP 0
508D  0000        JMP 0
508E  0000        JMP 0
508F  0000        JMP 0
5090  0000        JMP 0
5091  0000        JMP 0
5092  0000        JMP 0
5093  0000        JMP 0
5094  0000        JMP 0
5095  0000        JMP 0
5096  0000        JMP 0
5097  0000        JMP 0
5098  0000        JMP 0
5099  0000        JMP 0
509A  0000        JMP 0
509B  0000        JMP 0
509C  0000        JMP 0
509D  0000        JMP 0
509E  0000        JMP 0
509F  0000        JMP 0
50A0  0000        JMP 0
50A1  0000        JMP 0
50A2  0000        JMP 0
50A3  0000        JMP 0
50A4  0000        JMP 0
50A5  0000        JMP 0
50A6  0000        JMP 0
50A7  0000        JMP 0
50A8  0000        JMP 0
50A9  0000        JMP 0
50AA  0000        JMP 0
50AB  0000        JMP 0
50AC  0000        JMP 0
50AD  0000        JMP 0
50AE  0000        JMP 0
50AF  0000        JMP 0
50B0  0000        JMP 0
50B1  0000        JMP 0
50B2  0000        JMP 0
50B3  0000        JMP 0
50B4  0000        JMP 0
50B5  0000        JMP 0
50B6  0000        JMP 0
50B7  0000        JMP 0
50B8  0000        JMP 0
50B9  0000        JMP 0
50BA  0000        JMP 0
50BB  0000        JMP 0
50BC  0000        JMP 0
50BD  0000        JMP 0
50BE  0000        JMP 0
50BF  0000        JMP 0
50C0  0000        JMP 0
50C1  0000        JMP 0
50C2  0000        JMP 0
50C3  0000        JMP 0
50C4  0000        JMP 0
50C5  0000        JMP 0
50C6  0000        JMP 0
50C7  0000        JMP 0
50C8  0000        JMP 0
50C9  0000        JMP 0
50CA  0000        JMP 0
50CB  0000        JMP 0
50CC  0000        JMP 0
50CD  0000        JMP 0
50CE  0000        JMP 0
50CF  0000        JMP 0
50D0  0000        JMP 0
50D1  0000        JMP 0
50D2  0000        JMP 0
50D3  0000        JMP 0
50D4  0000        JMP 0
50D5  0000        JMP 0
50D6  0000        JMP 0
50D7  0000        JMP 0
50D8  0000        JMP 0
50D9  0000        JMP 0
50DA  0000        JMP 0
50DB  0000        JMP 0
50DC  0000        JMP 0
50DD  0000        JMP 0
50DE  0000        JMP 0
50DF  0000        JMP 0
50E0  0000        JMP 0
50E1  0000        JMP 0
50E2  0000        JMP 0
50E3  0000        JMP 0
50E4  0000        JMP 0
50E5  0000        JMP 0
50E6  0000        JMP 0
50E7  0000        JMP 0
50E8  0000        JMP 0
50E9  0000        JMP 0
50EA  0000        JMP 0
50EB  0000        JMP 0
50EC  0000        JMP 0
50ED  0000        JMP 0
50EE  0000        JMP 0
50EF  0000        JMP 0
50F0  0000        JMP 0
50F1  0000        JMP 0
50F2  0000        JMP 0
50F3  0000        JMP 0
50F4  0000        JMP 0
50F5  0000        JMP 0
50F6  0000        JMP 0
50F7  0000        JMP 0
50F8  0000        JMP 0
50F9  0000        JMP 0
50FA  0000        JMP 0
50FB  0000        JMP 0
50FC  0000        JMP 0
50FD  0000        JMP 0
50FE  0000        JMP 0
50FF  0000        JMP 0
5100  0000        JMP 0
5101  0000        JMP 0
5102  0000        JMP 0
5103  0000        JMP 0
5104  0000        JMP 0
5105  0000        JMP 0
5106  0000        JMP 0
5107  0000        JMP 0
5108  0000        JMP 0
5109  0000        JMP 0
510A  0000        JMP 0
510B  0000        JMP 0
510C  0000        JMP 0
510D  0000        JMP 0
510E  0000        JMP 0
510F  0000        JMP 0
5110  0000        JMP 0
5111  0000        JMP 0
5112  0000        JMP 0
5113  0000        JMP 0
5114  0000        JMP 0
5115  0000        JMP 0
5116  0000        JMP 0
5117  0000        JMP 0
5118  0000        JMP 0
5119  0000        JMP 0
511A  0000        JMP 0
511B  0000        JMP 0
511C  0000        JMP 0
511D  0000        JMP 0
511E  0000        JMP 0
511F  0000        JMP 0
5120  0000        JMP 0
5121  0000        JMP 0
5122  0000        JMP 0
5123  0000        JMP 0
5124  0000        JMP 0
5125  0000        JMP 0
5126  0000        JMP 0
5127  0000        JMP 0
5128  0000        JMP 0
5129  0000        JMP 0
512A  0000        JMP 0
512B  0000        JMP 0
512C  0000        JMP 0
512D  0000        JMP 0
512E  0000        JMP 0
512F  0000        JMP 0
5130  0000        JMP 0
5131  0000        JMP 0
5132  0000        JMP 0
5133  0000        JMP 0
5134  0000        JMP 0
5135  0000        JMP 0
5136  0000        JMP 0
5137  0000        JMP 0
5138  0000        JMP 0
5139  0000        JMP 0
513A  0000        JMP 0
513B  0000        JMP 0
513C  0000        JMP 0
513D  0000        JMP 0
513E  0000        JMP 0
513F  0000        JMP 0
5140  0000        JMP 0
5141  0000        JMP 0
5142  0000        JMP 0
5143  0000        JMP 0
5144  0000        JMP 0
5145  0000        JMP 0
5146  0000        JMP 0
5147  0000        JMP 0
5148  0000        JMP 0
5149  0000        JMP 0
514A  0000        JMP 0
514B  0000        JMP 0
514C  0000        JMP 0
514D  0000        JMP 0
514E  0000        JMP 0
514F  0000        JMP 0
5150  0000        JMP 0
5151  0000        JMP 0
5152  0000        JMP 0
5153  0000        JMP 0
5154  0000        JMP 0
5155  0000        JMP 0
5156  0000        JMP 0
5157  0000        JMP 0
5158  0000        JMP 0
5159  0000        JMP 0
515A  0000        JMP 0
515B  0000        JMP 0
515C  0000        JMP 0
515D  0000        JMP 0
515E  0000        JMP 0
515F  0000        JMP 0
5160  0000        JMP 0
5161  0000        JMP 0
5162  0000        JMP 0
5163  0000        JMP 0
5164  0000        JMP 0
5165  0000        JMP 0
5166  0000        JMP 0
5167  0000        JMP 0
5168  0000        JMP 0
5169  0000        JMP 0
516A  0000        JMP 0
516B  0000        JMP 0
516C  0000        JMP 0
516D  0000        JMP 0
516E  0000        JMP 0
516F  0000        JMP 0
5170  0000        JMP 0
5171  0000        JMP 0
5172  0000        JMP 0
5173  0000        JMP 0
5174  0000        JMP 0
5175  0000        JMP 0
5176  0000        JMP 0
5177  0000        JMP 0
5178  0000        JMP 0
5179  0000        JMP 0
517A  0000        JMP 0
517B  0000        JMP 0
517C  0000        JMP 0
517D  0000        JMP 0
517E  0000        JMP 0
517F  0000        JMP 0
5180  0000        JMP 0
5181  0000        JMP 0
5182  0000        JMP 0
5183  0000        JMP 0
5184  0000        JMP 0
5185  0000        JMP 0
5186  0000        JMP 0
5187  0000        JMP 0
5188  0000        JMP 0
5189  0000        JMP 0
518A  0000        JMP 0
518B  0000        JMP 0
518C  0000        JMP 0
518D  0000        JMP 0
518E  0000        JMP 0
518F  0000        JMP 0
5190  0000        JMP 0
5191  0000        JMP 0
5192  0000        JMP 0
5193  0000        JMP 0
5194  0000        JMP 0
5195  0000        JMP 0
5196  0000        JMP 0
5197  0000        JMP 0
5198  0000        JMP 0
5199  0000        JMP 0
519A  0000        JMP 0
519B  0000        JMP 0
519C  0000        JMP 0
519D  0000        JMP 0
519E  0000        JMP 0
519F  0000        JMP 0
51A0  0000        JMP 0
51A1  0000        JMP 0
51A2  0000        JMP 0
51A3  0000        JMP 0
51A4  0000        JMP 0
51A5  0000        JMP 0
51A6  0000        JMP 0
51A7  0000        JMP 0
51A8  0000        JMP 0
51A9  0000        JMP 0
51AA  0000        JMP 0
51AB  0000        JMP 0
51AC  0000        JMP 0
51AD  0000        JMP 0
51AE  0000        JMP 0
51AF  0000        JMP 0
51B0  0000        JMP 0
51B1  0000        JMP 0
51B2  0000        JMP 0
51B3  0000        JMP 0
51B4  0000        JMP 0
51B5  0000        JMP 0
51B6  0000        JMP 0
51B7  0000        JMP 0
51B8  0000        JMP 0
51B9  0000        JMP 0
51BA  0000        JMP 0
51BB  0000        JMP 0
51BC  0000        JMP 0
51BD  0000        JMP 0
51BE  0000        JMP 0
51BF  0000        JMP 0
51C0  0000        JMP 0
51C1  0000        JMP 0
51C2  0000        JMP 0
51C3  0000        JMP 0
51C4  0000        JMP 0
51C5  0000        JMP 0
51C6  0000        JMP 0
51C7  0000        JMP 0
51C8  0000        JMP 0
51C9  0000        JMP 0
51CA  0000        JMP 0
51CB  0000        JMP 0
51CC  0000        JMP 0
51CD  0000        JMP 0
51CE  0000        JMP 0
51CF  0000        JMP 0
51D0  0000        JMP 0
51D1  0000        JMP 0
51D2  0000        JMP 0
51D3  0000        JMP 0
51D4  0000        JMP 0
51D5  0000        JMP 0
51D6  0000        JMP 0
51D7  0000        JMP 0
51D8  0000        JMP 0
51D9  0000        JMP 0
51DA  0000        JMP 0
51DB  0000        JMP 0
51DC  0000        JMP 0
51DD  0000        JMP 0
51DE  0000        JMP 0
51DF  0000        JMP 0
51E0  0000        JMP 0
51E1  0000        JMP 0
51E2  0000        JMP 0
51E3  0000        JMP 0
51E4  0000        JMP 0
51E5  0000        JMP 0
51E6  0000        JMP 0
51E7  0000        JMP 0
51E8  0000        JMP 0
51E9  0000        JMP 0
51EA  0000        JMP 0
51EB  0000        JMP 0
51EC  0000        JMP 0
51ED  0000        JMP 0
51EE  0000        JMP 0
51EF  0000        JMP 0
51F0  0000        JMP 0
51F1  0000        JMP 0
51F2  0000        JMP 0
51F3  0000        JMP 0
51F4  0000        JMP 0
51F5  0000        JMP 0
51F6  0000        JMP 0
51F7  0000        JMP 0
51F8  0000        JMP 0
51F9  0000        JMP 0
51FA  0000        JMP 0
51FB  0000        JMP 0
51FC  0000        JMP 0
51FD  0000        JMP 0
51FE  0000        JMP 0
51FF  0000        JMP 0
5200  0000        JMP 0
5201  0000        JMP 0
5202  0000        JMP 0
5203  0000        JMP 0
5204  0000        JMP 0
5205  0000        JMP 0
5206  0000        JMP 0
5207  0000        JMP 0
5208  0000        JMP 0
5209  0000        JMP 0
520A  0000        JMP 0
520B  0000        JMP 0
520C  0000        JMP 0
520D  0000        JMP 0
520E  0000        JMP 0
520F  0000        JMP 0
5210  0000        JMP 0
5211  0000        JMP 0
5212  0000        JMP 0
5213  0000        JMP 0
5214  0000        JMP 0
5215  0000        JMP 0
5216  0000        JMP 0
5217  0000        JMP 0
5218  0000        JMP 0
5219  0000        JMP 0
521A  0000        JMP 0
521B  0000        JMP 0
521C  0000        JMP 0
521D  0000        JMP 0
521E  0000        JMP 0
521F  0000        JMP 0
5220  0000        JMP 0
5221  0000        JMP 0
5222  0000        JMP 0
5223  0000        JMP 0
5224  0000        JMP 0
5225  0000        JMP 0
5226  0000        JMP 0
5227  0000        JMP 0
5228  0000        JMP 0
5229  0000        JMP 0
522A  0000        JMP 0
522B  0000        JMP 0
522C  0000        JMP 0
522D  0000        JMP 0
522E  0000        JMP 0
522F  0000        JMP 0
5230  0000        JMP 0
5231  0000        JMP 0
5232  0000        JMP 0
5233  0000        JMP 0
5234  0000        JMP 0
5235  0000        JMP 0
5236  0000        JMP 0
5237  0000        JMP 0
5238  0000        JMP 0
5239  0000        JMP 0
523A  0000        JMP 0
523B  0000        JMP 0
523C  0000        JMP 0
523D  0000        JMP 0
523E  0000        JMP 0
523F  0000        JMP 0
5240  0000        JMP 0
5241  0000        JMP 0
5242  0000        JMP 0
5243  0000        JMP 0
5244  0000        JMP 0
5245  0000        JMP 0
5246  0000        JMP 0
5247  0000        JMP 0
5248  0000        JMP 0
5249  0000        JMP 0
524A  0000        JMP 0
524B  0000        JMP 0
524C  0000        JMP 0
524D  0000        JMP 0
524E  0000        JMP 0
524F  0000        JMP 0
5250  0000        JMP 0
5251  0000        JMP 0
5252  0000        JMP 0
5253  0000        JMP 0
5254  0000        JMP 0
5255  0000        JMP 0
5256  0000        JMP 0
5257  0000        JMP 0
5258  0000        JMP 0
5259  0000        JMP 0
525A  0000        JMP 0
525B  0000        JMP 0
525C  0000        JMP 0
525D  0000        JMP 0
525E  0000        JMP 0
525F  0000        JMP 0
5260  0000        JMP 0
5261  0000        JMP 0
5262  0000        JMP 0
5263  0000        JMP 0
5264  0000        JMP 0
5265  0000        JMP 0
5266  0000        JMP 0
5267  0000        JMP 0
5268  0000        JMP 0
5269  0000        JMP 0
526A  0000        JMP 0
526B  0000        JMP 0
526C  0000        JMP 0
526D  0000        JMP 0
526E  0000        JMP 0
526F  0000        JMP 0
5270  0000        JMP 0
5271  0000        JMP 0
5272  0000        JMP 0
5273  0000        JMP 0
5274  0000        JMP 0
5275  0000        JMP 0
5276  0000        JMP 0
5277  0000        JMP 0
5278  0000        JMP 0
5279  0000        JMP 0
527A  0000        JMP 0
527B  0000        JMP 0
527C  0000        JMP 0
527D  0000        JMP 0
527E  0000        JMP 0
527F  0000        JMP 0
5280  0000        JMP 0
5281  0000        JMP 0
5282  0000        JMP 0
5283  0000        JMP 0
5284  0000        JMP 0
5285  0000        JMP 0
5286  0000        JMP 0
5287  0000        JMP 0
5288  0000        JMP 0
5289  0000        JMP 0
528A  0000        JMP 0
528B  0000        JMP 0
528C  0000        JMP 0
528D  0000        JMP 0
528E  0000        JMP 0
528F  0000        JMP 0
5290  0000        JMP 0
5291  0000        JMP 0
5292  0000        JMP 0
5293  0000        JMP 0
5294  0000        JMP 0
5295  0000        JMP 0
5296  0000        JMP 0
5297  0000        JMP 0
5298  0000        JMP 0
5299  0000        JMP 0
529A  0000        JMP 0
529B  0000        JMP 0
529C  0000        JMP 0
529D  0000        JMP 0
529E  0000        JMP 0
529F  0000        JMP 0
52A0  0000        JMP 0
52A1  0000        JMP 0
52A2  0000        JMP 0
52A3  0000        JMP 0
52A4  0000        JMP 0
52A5  0000        JMP 0
52A6  0000        JMP 0
52A7  0000        JMP 0
52A8  0000        JMP 0
52A9  0000        JMP 0
52AA  0000        JMP 0
52AB  0000        JMP 0
52AC  0000        JMP 0
52AD  0000        JMP 0
52AE  0000        JMP 0
52AF  0000        JMP 0
52B0  0000        JMP 0
52B1  0000        JMP 0
52B2  0000        JMP 0
52B3  0000        JMP 0
52B4  0000        JMP 0
52B5  0000        JMP 0
52B6  0000        JMP 0
52B7  0000        JMP 0
52B8  0000        JMP 0
52B9  0000        JMP 0
52BA  0000        JMP 0
52BB  0000        JMP 0
52BC  0000        JMP 0
52BD  0000        JMP 0
52BE  0000        JMP 0
52BF  0000        JMP 0
52C0  0000        JMP 0
52C1  02BC        JMP -68,2
52C2  0000        JMP 0
52C3  0000        JMP 0
52C4  0000        JMP 0
52C5  0000        JMP 0
52C6  0000        JMP 0
52C7  0000        JMP 0
52C8  0000        JMP 0
52C9  0000        JMP 0
52CA  0000        JMP 0
52CB  0000        JMP 0
52CC  0000        JMP 0
52CD  0000        JMP 0
52CE  0000        JMP 0
52CF  0000        JMP 0
52D0  0000        JMP 0
52D1  0000        JMP 0
52D2  0000        JMP 0
52D3  0000        JMP 0
52D4  0000        JMP 0
52D5  0000        JMP 0
52D6  0000        JMP 0
52D7  0000        JMP 0
52D8  0000        JMP 0
52D9  0000        JMP 0
52DA  0000        JMP 0
52DB  0000        JMP 0
52DC  0000        JMP 0
52DD  0000        JMP 0
52DE  0000        JMP 0
52DF  0000        JMP 0
52E0  0000        JMP 0
52E1  0000        JMP 0
52E2  0000        JMP 0
52E3  0000        JMP 0
52E4  0000        JMP 0
52E5  0000        JMP 0
52E6  0000        JMP 0
52E7  0000        JMP 0
52E8  0000        JMP 0
52E9  0000        JMP 0
52EA  0000        JMP 0
52EB  0000        JMP 0
52EC  0000        JMP 0
52ED  0000        JMP 0
52EE  0000        JMP 0
52EF  0000        JMP 0
52F0  0000        JMP 0
52F1  0000        JMP 0
52F2  0000        JMP 0
52F3  0000        JMP 0
52F4  0000        JMP 0
52F5  0000        JMP 0
52F6  0000        JMP 0
52F7  0000        JMP 0
52F8  0000        JMP 0
52F9  0000        JMP 0
52FA  0000        JMP 0
52FB  0000        JMP 0
52FC  0000        JMP 0
52FD  0000        JMP 0
52FE  0000        JMP 0
52FF  0000        JMP 0
5300  0000        JMP 0
5301  0000        JMP 0
5302  0000        JMP 0
5303  0000        JMP 0
5304  0000        JMP 0
5305  0000        JMP 0
5306  0000        JMP 0
5307  0000        JMP 0
5308  0000        JMP 0
5309  0000        JMP 0
530A  0000        JMP 0
530B  0000        JMP 0
530C  0000        JMP 0
530D  0000        JMP 0
530E  0000        JMP 0
530F  0000        JMP 0
5310  0000        JMP 0
5311  0000        JMP 0
5312  0000        JMP 0
5313  0000        JMP 0
5314  0000        JMP 0
5315  0000        JMP 0
5316  0000        JMP 0
5317  0000        JMP 0
5318  0000        JMP 0
5319  0000        JMP 0
531A  0000        JMP 0
531B  0000        JMP 0
531C  0000        JMP 0
531D  0000        JMP 0
531E  0000        JMP 0
531F  0000        JMP 0
5320  0000        JMP 0
5321  0000        JMP 0
5322  0000        JMP 0
5323  0000        JMP 0
5324  0000        JMP 0
5325  0000        JMP 0
5326  0000        JMP 0
5327  0000        JMP 0
5328  0000        JMP 0
5329  0000        JMP 0
532A  0000        JMP 0
532B  0000        JMP 0
532C  0000        JMP 0
532D  0000        JMP 0
532E  0000        JMP 0
532F  0000        JMP 0
5330  0000        JMP 0
5331  0000        JMP 0
5332  0000        JMP 0
5333  0000        JMP 0
5334  0000        JMP 0
5335  0000        JMP 0
5336  0000        JMP 0
5337  0000        JMP 0
5338  0000        JMP 0
5339  0000        JMP 0
533A  0000        JMP 0
533B  0000        JMP 0
533C  0000        JMP 0
533D  0000        JMP 0
533E  0000        JMP 0
533F  0000        JMP 0
5340  0000        JMP 0
5341  0000        JMP 0
5342  0000        JMP 0
5343  0000        JMP 0
5344  0000        JMP 0
5345  0000        JMP 0
5346  0000        JMP 0
5347  0000        JMP 0
5348  0000        JMP 0
5349  0000        JMP 0
534A  0000        JMP 0
534B  0000        JMP 0
534C  0000        JMP 0
534D  0000        JMP 0
534E  0000        JMP 0
534F  0000        JMP 0
5350  0000        JMP 0
5351  0000        JMP 0
5352  0000        JMP 0
5353  0000        JMP 0
5354  0000        JMP 0
5355  0000        JMP 0
5356  0000        JMP 0
5357  0000        JMP 0
5358  0000        JMP 0
5359  0000        JMP 0
535A  0000        JMP 0
535B  0000        JMP 0
535C  0000        JMP 0
535D  0000        JMP 0
535E  0000        JMP 0
535F  0000        JMP 0
5360  0000        JMP 0
5361  0000        JMP 0
5362  0000        JMP 0
5363  0000        JMP 0
5364  0000        JMP 0
5365  0000        JMP 0
5366  0000        JMP 0
5367  0000        JMP 0
5368  0000        JMP 0
5369  0000        JMP 0
536A  0000        JMP 0
536B  0000        JMP 0
536C  0000        JMP 0
536D  0000        JMP 0
536E  0000        JMP 0
536F  0000        JMP 0
5370  0000        JMP 0
5371  0000        JMP 0
5372  0000        JMP 0
5373  0000        JMP 0
5374  0000        JMP 0
5375  0000        JMP 0
5376  0000        JMP 0
5377  0000        JMP 0
5378  0000        JMP 0
5379  0000        JMP 0
537A  0000        JMP 0
537B  0000        JMP 0
537C  0000        JMP 0
537D  0000        JMP 0
537E  0000        JMP 0
537F  0000        JMP 0
5380  0000        JMP 0
5381  0000        JMP 0
5382  0000        JMP 0
5383  0000        JMP 0
5384  0000        JMP 0
5385  0000        JMP 0
5386  0000        JMP 0
5387  0000        JMP 0
5388  0000        JMP 0
5389  0000        JMP 0
538A  0000        JMP 0
538B  0000        JMP 0
538C  0000        JMP 0
538D  0000        JMP 0
538E  0000        JMP 0
538F  0000        JMP 0
5390  0000        JMP 0
5391  0000        JMP 0
5392  0000        JMP 0
5393  0000        JMP 0
5394  0000        JMP 0
5395  0000        JMP 0
5396  0000        JMP 0
5397  0000        JMP 0
5398  0000        JMP 0
5399  0000        JMP 0
539A  0000        JMP 0
539B  0000        JMP 0
539C  0000        JMP 0
539D  0000        JMP 0
539E  0000        JMP 0
539F  0000        JMP 0
53A0  0000        JMP 0
53A1  0000        JMP 0
53A2  0000        JMP 0
53A3  0000        JMP 0
53A4  0000        JMP 0
53A5  0000        JMP 0
53A6  0000        JMP 0
53A7  0000        JMP 0
53A8  0000        JMP 0
53A9  0000        JMP 0
53AA  0000        JMP 0
53AB  0000        JMP 0
53AC  0000        JMP 0
53AD  0000        JMP 0
53AE  0000        JMP 0
53AF  0000        JMP 0
53B0  0000        JMP 0
53B1  0000        JMP 0
53B2  0000        JMP 0
53B3  0000        JMP 0
53B4  0000        JMP 0
53B5  0000        JMP 0
53B6  0000        JMP 0
53B7  0000        JMP 0
53B8  0000        JMP 0
53B9  0000        JMP 0
53BA  0000        JMP 0
53BB  0000        JMP 0
53BC  0000        JMP 0
53BD  0000        JMP 0
53BE  0000        JMP 0
53BF  0000        JMP 0
53C0  0000        JMP 0
53C1  0000        JMP 0
53C2  0000        JMP 0
53C3  0000        JMP 0
53C4  0000        JMP 0
53C5  0000        JMP 0
53C6  0000        JMP 0
53C7  0000        JMP 0
53C8  0000        JMP 0
53C9  0000        JMP 0
53CA  0000        JMP 0
53CB  0000        JMP 0
53CC  0000        JMP 0
53CD  0000        JMP 0
53CE  0000        JMP 0
53CF  0000        JMP 0
53D0  0000        JMP 0
53D1  0000        JMP 0
53D2  0000        JMP 0
53D3  0000        JMP 0
53D4  0000        JMP 0
53D5  0000        JMP 0
53D6  0000        JMP 0
53D7  0000        JMP 0
53D8  0000        JMP 0
53D9  0000        JMP 0
53DA  0000        JMP 0
53DB  0000        JMP 0
53DC  0000        JMP 0
53DD  0000        JMP 0
53DE  0000        JMP 0
53DF  0000        JMP 0
53E0  0000        JMP 0
53E1  0000        JMP 0
53E2  0000        JMP 0
53E3  0000        JMP 0
53E4  0000        JMP 0
53E5  0000        JMP 0
53E6  0000        JMP 0
53E7  0000        JMP 0
53E8  0000        JMP 0
53E9  0000        JMP 0
53EA  0000        JMP 0
53EB  0000        JMP 0
53EC  0000        JMP 0
53ED  0000        JMP 0
53EE  0096        JMP 150
53EF  0000        JMP 0
53F0  0000        JMP 0
53F1  0000        JMP 0
53F2  0000        JMP 0
53F3  0000        JMP 0
53F4  0000        JMP 0
53F5  0000        JMP 0
53F6  0000        JMP 0
53F7  0000        JMP 0
53F8  0000        JMP 0
53F9  0000        JMP 0
53FA  0000        JMP 0
53FB  0000        JMP 0
53FC  0000        JMP 0
53FD  0000        JMP 0
53FE  0000        JMP 0
53FF  0000        JMP 0
5400  0000        JMP 0
5401  0000        JMP 0
5402  0000        JMP 0
5403  0000        JMP 0
5404  0000        JMP 0
5405  0000        JMP 0
5406  0000        JMP 0
5407  0000        JMP 0
5408  0000        JMP 0
5409  0000        JMP 0
540A  0000        JMP 0
540B  0000        JMP 0
540C  0000        JMP 0
540D  0000        JMP 0
540E  0000        JMP 0
540F  0000        JMP 0
5410  0000        JMP 0
5411  0000        JMP 0
5412  0000        JMP 0
5413  0000        JMP 0
5414  0000        JMP 0
5415  0000        JMP 0
5416  0000        JMP 0
5417  0000        JMP 0
5418  0000        JMP 0
5419  0000        JMP 0
541A  0000        JMP 0
541B  0000        JMP 0
541C  0000        JMP 0
541D  0000        JMP 0
541E  0000        JMP 0
541F  0000        JMP 0
5420  0000        JMP 0
5421  0000        JMP 0
5422  0000        JMP 0
5423  0000        JMP 0
5424  0000        JMP 0
5425  0000        JMP 0
5426  0000        JMP 0
5427  0000        JMP 0
5428  0000        JMP 0
5429  0000        JMP 0
542A  0000        JMP 0
542B  0000        JMP 0
542C  0000        JMP 0
542D  0000        JMP 0
542E  0000        JMP 0
542F  0000        JMP 0
5430  0000        JMP 0
5431  0000        JMP 0
5432  0000        JMP 0
5433  0000        JMP 0
5434  0000        JMP 0
5435  0000        JMP 0
5436  0000        JMP 0
5437  0000        JMP 0
5438  0000        JMP 0
5439  0000        JMP 0
543A  0000        JMP 0
543B  0000        JMP 0
543C  0000        JMP 0
543D  0000        JMP 0
543E  0000        JMP 0
543F  0000        JMP 0
5440  0000        JMP 0
5441  0000        JMP 0
5442  0000        JMP 0
5443  0000        JMP 0
5444  0000        JMP 0
5445  0000        JMP 0
5446  0000        JMP 0
5447  0000        JMP 0
5448  0000        JMP 0
5449  0000        JMP 0
544A  0000        JMP 0
544B  0000        JMP 0
544C  0000        JMP 0
544D  0000        JMP 0
544E  0000        JMP 0
544F  0000        JMP 0
5450  0000        JMP 0
5451  0000        JMP 0
5452  0000        JMP 0
5453  0000        JMP 0
5454  0000        JMP 0
5455  0000        JMP 0
5456  0000        JMP 0
5457  0000        JMP 0
5458  0000        JMP 0
5459  0000        JMP 0
545A  0000        JMP 0
545B  0000        JMP 0
545C  0000        JMP 0
545D  0000        JMP 0
545E  0000        JMP 0
545F  0000        JMP 0
5460  0000        JMP 0
5461  0000        JMP 0
5462  0000        JMP 0
5463  0000        JMP 0
5464  0000        JMP 0
5465  0000        JMP 0
5466  0000        JMP 0
5467  0000        JMP 0
5468  0000        JMP 0
5469  0000        JMP 0
546A  0000        JMP 0
546B  0000        JMP 0
546C  0000        JMP 0
546D  0000        JMP 0
546E  0000        JMP 0
546F  0000        JMP 0
5470  0000        JMP 0
5471  0000        JMP 0
5472  0000        JMP 0
5473  0000        JMP 0
5474  0000        JMP 0
5475  0000        JMP 0
5476  0000        JMP 0
5477  0000        JMP 0
5478  0000        JMP 0
5479  0000        JMP 0
547A  0000        JMP 0
547B  0000        JMP 0
547C  0000        JMP 0
547D  0000        JMP 0
547E  0000        JMP 0
547F  0000        JMP 0
5480  0000        JMP 0
5481  0000        JMP 0
5482  0000        JMP 0
5483  0000        JMP 0
5484  0000        JMP 0
5485  0000        JMP 0
5486  0000        JMP 0
5487  0000        JMP 0
5488  0000        JMP 0
5489  0000        JMP 0
548A  0000        JMP 0
548B  0000        JMP 0
548C  0000        JMP 0
548D  0000        JMP 0
548E  0000        JMP 0
548F  0000        JMP 0
5490  0000        JMP 0
5491  0000        JMP 0
5492  0000        JMP 0
5493  0000        JMP 0
5494  0000        JMP 0
5495  0000        JMP 0
5496  0000        JMP 0
5497  0000        JMP 0
5498  0000        JMP 0
5499  0000        JMP 0
549A  0000        JMP 0
549B  0000        JMP 0
549C  0000        JMP 0
549D  0000        JMP 0
549E  0000        JMP 0
549F  0000        JMP 0
54A0  0000        JMP 0
54A1  0000        JMP 0
54A2  0000        JMP 0
54A3  0000        JMP 0
54A4  0000        JMP 0
54A5  0000        JMP 0
54A6  0000        JMP 0
54A7  0000        JMP 0
54A8  0000        JMP 0
54A9  0000        JMP 0
54AA  0000        JMP 0
54AB  0000        JMP 0
54AC  0000        JMP 0
54AD  0000        JMP 0
54AE  0000        JMP 0
54AF  0000        JMP 0
54B0  0000        JMP 0
54B1  0000        JMP 0
54B2  0000        JMP 0
54B3  0000        JMP 0
54B4  0000        JMP 0
54B5  0000        JMP 0
54B6  0000        JMP 0
54B7  0000        JMP 0
54B8  0000        JMP 0
54B9  0000        JMP 0
54BA  0000        JMP 0
54BB  0000        JMP 0
54BC  0000        JMP 0
54BD  0000        JMP 0
54BE  0000        JMP 0
54BF  0000        JMP 0
54C0  0000        JMP 0
54C1  0000        JMP 0
54C2  0000        JMP 0
54C3  0000        JMP 0
54C4  0000        JMP 0
54C5  0000        JMP 0
54C6  0000        JMP 0
54C7  0000        JMP 0
54C8  0000        JMP 0
54C9  0000        JMP 0
54CA  0000        JMP 0
54CB  0000        JMP 0
54CC  0000        JMP 0
54CD  0000        JMP 0
54CE  0000        JMP 0
54CF  0000        JMP 0
54D0  0000        JMP 0
54D1  0000        JMP 0
54D2  0000        JMP 0
54D3  0000        JMP 0
54D4  0000        JMP 0
54D5  0000        JMP 0
54D6  0000        JMP 0
54D7  0000        JMP 0
54D8  0000        JMP 0
54D9  0000        JMP 0
54DA  0000        JMP 0
54DB  0000        JMP 0
54DC  0000        JMP 0
54DD  0000        JMP 0
54DE  0000        JMP 0
54DF  0000        JMP 0
54E0  0000        JMP 0
54E1  0000        JMP 0
54E2  0000        JMP 0
54E3  0000        JMP 0
54E4  0000        JMP 0
54E5  0000        JMP 0
54E6  0000        JMP 0
54E7  0000        JMP 0
54E8  0000        JMP 0
54E9  0000        JMP 0
54EA  0000        JMP 0
54EB  0000        JMP 0
54EC  0000        JMP 0
54ED  0000        JMP 0
54EE  0000        JMP 0
54EF  0000        JMP 0
54F0  0000        JMP 0
54F1  0000        JMP 0
54F2  0000        JMP 0
54F3  0000        JMP 0
54F4  0000        JMP 0
54F5  0000        JMP 0
54F6  0000        JMP 0
54F7  0000        JMP 0
54F8  0000        JMP 0
54F9  0000        JMP 0
54FA  0000        JMP 0
54FB  0000        JMP 0
54FC  0000        JMP 0
54FD  0000        JMP 0
54FE  0000        JMP 0
54FF  0000        JMP 0
5500  0000        JMP 0
5501  0000        JMP 0
5502  0000        JMP 0
5503  0000        JMP 0
5504  0000        JMP 0
5505  0000        JMP 0
5506  0000        JMP 0
5507  0000        JMP 0
5508  0000        JMP 0
5509  0000        JMP 0
550A  0000        JMP 0
550B  0000        JMP 0
550C  0000        JMP 0
550D  0000        JMP 0
550E  0000        JMP 0
550F  0000        JMP 0
5510  0000        JMP 0
5511  0000        JMP 0
5512  0000        JMP 0
5513  0000        JMP 0
5514  0000        JMP 0
5515  0000        JMP 0
5516  0000        JMP 0
5517  0000        JMP 0
5518  0000        JMP 0
5519  0000        JMP 0
551A  0000        JMP 0
551B  0000        JMP 0
551C  0000        JMP 0
551D  0000        JMP 0
551E  0000        JMP 0
551F  0000        JMP 0
5520  0000        JMP 0
5521  0000        JMP 0
5522  0000        JMP 0
5523  0000        JMP 0
5524  0000        JMP 0
5525  0000        JMP 0
5526  0000        JMP 0
5527  0000        JMP 0
5528  0000        JMP 0
5529  0000        JMP 0
552A  0000        JMP 0
552B  0000        JMP 0
552C  0000        JMP 0
552D  0000        JMP 0
552E  0000        JMP 0
552F  0000        JMP 0
5530  0000        JMP 0
5531  0000        JMP 0
5532  0000        JMP 0
5533  0000        JMP 0
5534  0000        JMP 0
5535  0000        JMP 0
5536  0000        JMP 0
5537  0000        JMP 0
5538  0000        JMP 0
5539  0000        JMP 0
553A  0000        JMP 0
553B  0000        JMP 0
553C  0000        JMP 0
553D  0000        JMP 0
553E  0000        JMP 0
553F  0000        JMP 0
5540  0000        JMP 0
5541  0000        JMP 0
5542  0000        JMP 0
5543  0000        JMP 0
5544  0000        JMP 0
5545  0000        JMP 0
5546  0000        JMP 0
5547  0000        JMP 0
5548  0000        JMP 0
5549  0000        JMP 0
554A  0000        JMP 0
554B  0000        JMP 0
554C  0000        JMP 0
554D  0000        JMP 0
554E  0000        JMP 0
554F  0000        JMP 0
5550  0000        JMP 0
5551  0000        JMP 0
5552  0000        JMP 0
5553  0000        JMP 0
5554  0000        JMP 0
5555  0000        JMP 0
5556  0000        JMP 0
5557  0000        JMP 0
5558  0000        JMP 0
5559  0000        JMP 0
555A  0000        JMP 0
555B  0000        JMP 0
555C  0000        JMP 0
555D  0000        JMP 0
555E  0000        JMP 0
555F  0000        JMP 0
5560  0000        JMP 0
5561  0000        JMP 0
5562  0000        JMP 0
5563  0000        JMP 0
5564  0000        JMP 0
5565  0000        JMP 0
5566  0000        JMP 0
5567  0000        JMP 0
5568  0000        JMP 0
5569  0000        JMP 0
556A  0000        JMP 0
556B  0000        JMP 0
556C  0000        JMP 0
556D  0000        JMP 0
556E  0000        JMP 0
556F  0000        JMP 0
5570  0000        JMP 0
5571  0000        JMP 0
5572  0000        JMP 0
5573  0000        JMP 0
5574  0000        JMP 0
5575  0000        JMP 0
5576  0000        JMP 0
5577  0000        JMP 0
5578  0000        JMP 0
5579  0000        JMP 0
557A  0000        JMP 0
557B  0000        JMP 0
557C  0000        JMP 0
557D  0000        JMP 0
557E  0000        JMP 0
557F  0000        JMP 0
5580  0000        JMP 0
5581  0000        JMP 0
5582  0000        JMP 0
5583  0000        JMP 0
5584  0000        JMP 0
5585  0000        JMP 0
5586  0000        JMP 0
5587  0000        JMP 0
5588  0000        JMP 0
5589  0000        JMP 0
558A  0000        JMP 0
558B  0000        JMP 0
558C  0000        JMP 0
558D  0000        JMP 0
558E  0000        JMP 0
558F  0000        JMP 0
5590  0000        JMP 0
5591  0000        JMP 0
5592  0000        JMP 0
5593  0000        JMP 0
5594  0000        JMP 0
5595  0000        JMP 0
5596  0000        JMP 0
5597  0000        JMP 0
5598  0000        JMP 0
5599  0000        JMP 0
559A  0000        JMP 0
559B  0000        JMP 0
559C  0000        JMP 0
559D  0000        JMP 0
559E  0000        JMP 0
559F  0000        JMP 0
55A0  0000        JMP 0
55A1  0000        JMP 0
55A2  0000        JMP 0
55A3  0000        JMP 0
55A4  0000        JMP 0
55A5  0000        JMP 0
55A6  0000        JMP 0
55A7  0000        JMP 0
55A8  0000        JMP 0
55A9  0000        JMP 0
55AA  0000        JMP 0
55AB  0000        JMP 0
55AC  0000        JMP 0
55AD  0000        JMP 0
55AE  0000        JMP 0
55AF  0000        JMP 0
55B0  0000        JMP 0
55B1  0000        JMP 0
55B2  0000        JMP 0
55B3  0000        JMP 0
55B4  0000        JMP 0
55B5  0000        JMP 0
55B6  0000        JMP 0
55B7  0000        JMP 0
55B8  0000        JMP 0
55B9  0000        JMP 0
55BA  0000        JMP 0
55BB  0000        JMP 0
55BC  0000        JMP 0
55BD  0000        JMP 0
55BE  0000        JMP 0
55BF  0000        JMP 0
55C0  0000        JMP 0
55C1  0000        JMP 0
55C2  0000        JMP 0
55C3  0000        JMP 0
55C4  0000        JMP 0
55C5  0000        JMP 0
55C6  0000        JMP 0
55C7  0000        JMP 0
55C8  0000        JMP 0
55C9  0000        JMP 0
55CA  0000        JMP 0
55CB  0000        JMP 0
55CC  0000        JMP 0
55CD  0000        JMP 0
55CE  0000        JMP 0
55CF  0000        JMP 0
55D0  0000        JMP 0
55D1  0000        JMP 0
55D2  0000        JMP 0
55D3  0000        JMP 0
55D4  0000        JMP 0
55D5  0000        JMP 0
55D6  0000        JMP 0
55D7  0000        JMP 0
55D8  0000        JMP 0
55D9  0000        JMP 0
55DA  0000        JMP 0
55DB  0000        JMP 0
55DC  0000        JMP 0
55DD  0000        JMP 0
55DE  0000        JMP 0
55DF  0000        JMP 0
55E0  0000        JMP 0
55E1  0000        JMP 0
55E2  0000        JMP 0
55E3  0000        JMP 0
55E4  0000        JMP 0
55E5  0000        JMP 0
55E6  0000        JMP 0
55E7  0000        JMP 0
55E8  0000        JMP 0
55E9  0000        JMP 0
55EA  0000        JMP 0
55EB  0000        JMP 0
55EC  0000        JMP 0
55ED  0000        JMP 0
55EE  0000        JMP 0
55EF  0000        JMP 0
55F0  0000        JMP 0
55F1  0000        JMP 0
55F2  0000        JMP 0
55F3  0000        JMP 0
55F4  0000        JMP 0
55F5  0000        JMP 0
55F6  0000        JMP 0
55F7  0000        JMP 0
55F8  0000        JMP 0
55F9  0000        JMP 0
55FA  0000        JMP 0
55FB  0000        JMP 0
55FC  0000        JMP 0
55FD  0000        JMP 0
55FE  0000        JMP 0
55FF  0000        JMP 0
5600  0000        JMP 0
5601  0000        JMP 0
5602  0000        JMP 0
5603  0000        JMP 0
5604  0000        JMP 0
5605  0000        JMP 0
5606  0000        JMP 0
5607  0000        JMP 0
5608  0000        JMP 0
5609  0000        JMP 0
560A  0000        JMP 0
560B  0000        JMP 0
560C  0000        JMP 0
560D  0000        JMP 0
560E  0000        JMP 0
560F  0000        JMP 0
5610  0000        JMP 0
5611  0000        JMP 0
5612  0000        JMP 0
5613  0000        JMP 0
5614  0000        JMP 0
5615  0000        JMP 0
5616  0000        JMP 0
5617  0000        JMP 0
5618  0000        JMP 0
5619  0000        JMP 0
561A  0000        JMP 0
561B  0000        JMP 0
561C  0000        JMP 0
561D  0000        JMP 0
561E  0000        JMP 0
561F  0000        JMP 0
5620  0000        JMP 0
5621  0000        JMP 0
5622  0000        JMP 0
5623  0000        JMP 0
5624  0000        JMP 0
5625  0000        JMP 0
5626  0000        JMP 0
5627  0000        JMP 0
5628  0000        JMP 0
5629  0000        JMP 0
562A  0000        JMP 0
562B  0000        JMP 0
562C  0000        JMP 0
562D  0000        JMP 0
562E  0000        JMP 0
562F  0000        JMP 0
5630  0000        JMP 0
5631  0000        JMP 0
5632  0000        JMP 0
5633  0000        JMP 0
5634  0000        JMP 0
5635  0000        JMP 0
5636  0000        JMP 0
5637  0000        JMP 0
5638  0000        JMP 0
5639  0000        JMP 0
563A  0000        JMP 0
563B  0000        JMP 0
563C  0000        JMP 0
563D  0000        JMP 0
563E  0000        JMP 0
563F  0000        JMP 0
5640  0000        JMP 0
5641  0000        JMP 0
5642  0000        JMP 0
5643  0000        JMP 0
5644  0000        JMP 0
5645  0000        JMP 0
5646  0000        JMP 0
5647  0000        JMP 0
5648  0000        JMP 0
5649  0000        JMP 0
564A  0000        JMP 0
564B  0000        JMP 0
564C  0000        JMP 0
564D  0000        JMP 0
564E  0000        JMP 0
564F  0000        JMP 0
5650  0000        JMP 0
5651  0000        JMP 0
5652  0000        JMP 0
5653  0000        JMP 0
5654  0000        JMP 0
5655  0000        JMP 0
5656  0000        JMP 0
5657  0000        JMP 0
5658  0000        JMP 0
5659  0000        JMP 0
565A  0000        JMP 0
565B  0000        JMP 0
565C  0000        JMP 0
565D  0000        JMP 0
565E  0000        JMP 0
565F  0000        JMP 0
5660  0000        JMP 0
5661  0000        JMP 0
5662  0000        JMP 0
5663  0000        JMP 0
5664  0000        JMP 0
5665  0000        JMP 0
5666  0000        JMP 0
5667  0000        JMP 0
5668  0000        JMP 0
5669  0000        JMP 0
566A  0000        JMP 0
566B  0000        JMP 0
566C  0000        JMP 0
566D  0000        JMP 0
566E  0000        JMP 0
566F  0000        JMP 0
5670  0000        JMP 0
5671  0000        JMP 0
5672  0000        JMP 0
5673  0000        JMP 0
5674  0000        JMP 0
5675  0000        JMP 0
5676  0000        JMP 0
5677  0000        JMP 0
5678  0000        JMP 0
5679  0000        JMP 0
567A  0000        JMP 0
567B  0000        JMP 0
567C  0000        JMP 0
567D  0000        JMP 0
567E  0000        JMP 0
567F  0000        JMP 0
5680  0000        JMP 0
5681  0000        JMP 0
5682  0000        JMP 0
5683  0000        JMP 0
5684  0000        JMP 0
5685  0000        JMP 0
5686  0000        JMP 0
5687  0000        JMP 0
5688  0000        JMP 0
5689  0000        JMP 0
568A  0000        JMP 0
568B  0000        JMP 0
568C  0000        JMP 0
568D  0000        JMP 0
568E  0000        JMP 0
568F  0000        JMP 0
5690  0000        JMP 0
5691  0000        JMP 0
5692  0000        JMP 0
5693  0000        JMP 0
5694  0000        JMP 0
5695  0000        JMP 0
5696  0000        JMP 0
5697  0000        JMP 0
5698  0000        JMP 0
5699  0000        JMP 0
569A  0000        JMP 0
569B  0000        JMP 0
569C  0000        JMP 0
569D  0000        JMP 0
569E  0000        JMP 0
569F  0000        JMP 0
56A0  0000        JMP 0
56A1  0000        JMP 0
56A2  0000        JMP 0
56A3  0000        JMP 0
56A4  0000        JMP 0
56A5  0000        JMP 0
56A6  0000        JMP 0
56A7  0000        JMP 0
56A8  0000        JMP 0
56A9  0000        JMP 0
56AA  0000        JMP 0
56AB  0000        JMP 0
56AC  0000        JMP 0
56AD  0000        JMP 0
56AE  0000        JMP 0
56AF  0000        JMP 0
56B0  0000        JMP 0
56B1  0000        JMP 0
56B2  0000        JMP 0
56B3  0000        JMP 0
56B4  0000        JMP 0
56B5  0000        JMP 0
56B6  0000        JMP 0
56B7  0000        JMP 0
56B8  0000        JMP 0
56B9  0000        JMP 0
56BA  0000        JMP 0
56BB  0000        JMP 0
56BC  0000        JMP 0
56BD  0000        JMP 0
56BE  0000        JMP 0
56BF  0000        JMP 0
56C0  0000        JMP 0
56C1  0000        JMP 0
56C2  0000        JMP 0
56C3  0000        JMP 0
56C4  0000        JMP 0
56C5  0000        JMP 0
56C6  0000        JMP 0
56C7  0000        JMP 0
56C8  0000        JMP 0
56C9  0000        JMP 0
56CA  0000        JMP 0
56CB  0000        JMP 0
56CC  0000        JMP 0
56CD  0000        JMP 0
56CE  0000        JMP 0
56CF  0000        JMP 0
56D0  0000        JMP 0
56D1  0000        JMP 0
56D2  0000        JMP 0
56D3  0000        JMP 0
56D4  0000        JMP 0
56D5  0000        JMP 0
56D6  0000        JMP 0
56D7  0000        JMP 0
56D8  0000        JMP 0
56D9  0000        JMP 0
56DA  0000        JMP 0
56DB  0000        JMP 0
56DC  0000        JMP 0
56DD  0000        JMP 0
56DE  0000        JMP 0
56DF  0000        JMP 0
56E0  0000        JMP 0
56E1  0000        JMP 0
56E2  0000        JMP 0
56E3  0000        JMP 0
56E4  0000        JMP 0
56E5  0000        JMP 0
56E6  0000        JMP 0
56E7  0000        JMP 0
56E8  0000        JMP 0
56E9  0000        JMP 0
56EA  0000        JMP 0
56EB  0000        JMP 0
56EC  0000        JMP 0
56ED  0000        JMP 0
56EE  0000        JMP 0
56EF  0000        JMP 0
56F0  0000        JMP 0
56F1  0000        JMP 0
56F2  0000        JMP 0
56F3  0000        JMP 0
56F4  0000        JMP 0
56F5  0000        JMP 0
56F6  0000        JMP 0
56F7  0000        JMP 0
56F8  0000        JMP 0
56F9  0000        JMP 0
56FA  0000        JMP 0
56FB  0000        JMP 0
56FC  0000        JMP 0
56FD  0000        JMP 0
56FE  0000        JMP 0
56FF  0000        JMP 0
5700  0000        JMP 0
5701  0000        JMP 0
5702  0000        JMP 0
5703  0000        JMP 0
5704  0000        JMP 0
5705  0000        JMP 0
5706  0000        JMP 0
5707  0000        JMP 0
5708  0000        JMP 0
5709  0000        JMP 0
570A  0000        JMP 0
570B  0000        JMP 0
570C  0000        JMP 0
570D  0000        JMP 0
570E  0000        JMP 0
570F  0000        JMP 0
5710  0000        JMP 0
5711  0000        JMP 0
5712  0000        JMP 0
5713  0000        JMP 0
5714  0000        JMP 0
5715  0000        JMP 0
5716  0000        JMP 0
5717  0000        JMP 0
5718  0000        JMP 0
5719  0000        JMP 0
571A  0000        JMP 0
571B  0000        JMP 0
571C  0000        JMP 0
571D  0000        JMP 0
571E  0000        JMP 0
571F  0000        JMP 0
5720  0000        JMP 0
5721  0000        JMP 0
5722  0000        JMP 0
5723  0000        JMP 0
5724  0000        JMP 0
5725  0000        JMP 0
5726  0000        JMP 0
5727  0000        JMP 0
5728  0000        JMP 0
5729  0000        JMP 0
572A  0000        JMP 0
572B  0000        JMP 0
572C  0000        JMP 0
572D  0000        JMP 0
572E  0000        JMP 0
572F  0000        JMP 0
5730  0000        JMP 0
5731  0000        JMP 0
5732  0000        JMP 0
5733  0000        JMP 0
5734  0000        JMP 0
5735  0000        JMP 0
5736  0000        JMP 0
5737  0000        JMP 0
5738  0000        JMP 0
5739  0000        JMP 0
573A  0000        JMP 0
573B  0000        JMP 0
573C  0000        JMP 0
573D  0000        JMP 0
573E  0000        JMP 0
573F  0000        JMP 0
5740  0000        JMP 0
5741  0000        JMP 0
5742  0000        JMP 0
5743  0000        JMP 0
5744  0000        JMP 0
5745  0000        JMP 0
5746  0000        JMP 0
5747  0000        JMP 0
5748  0000        JMP 0
5749  0000        JMP 0
574A  0000        JMP 0
574B  0000        JMP 0
574C  0000        JMP 0
574D  0000        JMP 0
574E  0000        JMP 0
574F  0000        JMP 0
5750  0000        JMP 0
5751  0000        JMP 0
5752  0000        JMP 0
5753  0000        JMP 0
5754  0000        JMP 0
5755  0000        JMP 0
5756  0000        JMP 0
5757  0000        JMP 0
5758  0000        JMP 0
5759  0000        JMP 0
575A  0000        JMP 0
575B  0000        JMP 0
575C  0000        JMP 0
575D  0000        JMP 0
575E  0000        JMP 0
575F  0000        JMP 0
5760  0000        JMP 0
5761  0000        JMP 0
5762  0000        JMP 0
5763  0000        JMP 0
5764  0000        JMP 0
5765  0000        JMP 0
5766  0000        JMP 0
5767  0000        JMP 0
5768  0000        JMP 0
5769  0000        JMP 0
576A  0000        JMP 0
576B  0000        JMP 0
576C  0000        JMP 0
576D  0000        JMP 0
576E  0000        JMP 0
576F  0000        JMP 0
5770  0000        JMP 0
5771  0000        JMP 0
5772  0000        JMP 0
5773  0000        JMP 0
5774  0000        JMP 0
5775  0000        JMP 0
5776  0000        JMP 0
5777  0000        JMP 0
5778  0000        JMP 0
5779  0000        JMP 0
577A  0000        JMP 0
577B  0000        JMP 0
577C  0000        JMP 0
577D  0000        JMP 0
577E  0000        JMP 0
577F  0000        JMP 0
5780  0000        JMP 0
5781  0000        JMP 0
5782  0000        JMP 0
5783  0000        JMP 0
5784  0000        JMP 0
5785  0000        JMP 0
5786  0000        JMP 0
5787  0000        JMP 0
5788  0000        JMP 0
5789  0000        JMP 0
578A  0000        JMP 0
578B  0000        JMP 0
578C  0000        JMP 0
578D  0000        JMP 0
578E  0000        JMP 0
578F  0000        JMP 0
5790  0000        JMP 0
5791  0000        JMP 0
5792  0000        JMP 0
5793  0000        JMP 0
5794  0000        JMP 0
5795  0000        JMP 0
5796  0000        JMP 0
5797  0000        JMP 0
5798  0000        JMP 0
5799  0000        JMP 0
579A  0000        JMP 0
579B  0000        JMP 0
579C  0000        JMP 0
579D  0000        JMP 0
579E  0000        JMP 0
579F  0000        JMP 0
57A0  0000        JMP 0
57A1  0000        JMP 0
57A2  0000        JMP 0
57A3  0000        JMP 0
57A4  0000        JMP 0
57A5  0000        JMP 0
57A6  0000        JMP 0
57A7  0000        JMP 0
57A8  0000        JMP 0
57A9  0000        JMP 0
57AA  0000        JMP 0
57AB  0000        JMP 0
57AC  0000        JMP 0
57AD  0000        JMP 0
57AE  0000        JMP 0
57AF  0000        JMP 0
57B0  0000        JMP 0
57B1  0000        JMP 0
57B2  0000        JMP 0
57B3  0000        JMP 0
57B4  0000        JMP 0
57B5  0000        JMP 0
57B6  0000        JMP 0
57B7  0000        JMP 0
57B8  0000        JMP 0
57B9  0000        JMP 0
57BA  0000        JMP 0
57BB  0000        JMP 0
57BC  0000        JMP 0
57BD  0000        JMP 0
57BE  0000        JMP 0
57BF  0000        JMP 0
57C0  0000        JMP 0
57C1  0000        JMP 0
57C2  0000        JMP 0
57C3  0000        JMP 0
57C4  0000        JMP 0
57C5  0000        JMP 0
57C6  0000        JMP 0
57C7  0000        JMP 0
57C8  0000        JMP 0
57C9  0000        JMP 0
57CA  0000        JMP 0
57CB  0000        JMP 0
57CC  0000        JMP 0
57CD  0000        JMP 0
57CE  0000        JMP 0
57CF  0000        JMP 0
57D0  0000        JMP 0
57D1  0000        JMP 0
57D2  0000        JMP 0
57D3  0000        JMP 0
57D4  0000        JMP 0
57D5  0000        JMP 0
57D6  0000        JMP 0
57D7  0000        JMP 0
57D8  0000        JMP 0
57D9  0000        JMP 0
57DA  0000        JMP 0
57DB  0000        JMP 0
57DC  0000        JMP 0
57DD  0000        JMP 0
57DE  0000        JMP 0
57DF  0000        JMP 0
57E0  0000        JMP 0
57E1  0000        JMP 0
57E2  0000        JMP 0
57E3  0000        JMP 0
57E4  0000        JMP 0
57E5  0000        JMP 0
57E6  0000        JMP 0
57E7  0000        JMP 0
57E8  0000        JMP 0
57E9  0000        JMP 0
57EA  0000        JMP 0
57EB  0000        JMP 0
57EC  0000        JMP 0
57ED  0000        JMP 0
57EE  0000        JMP 0
57EF  0000        JMP 0
57F0  0000        JMP 0
57F1  0000        JMP 0
57F2  0000        JMP 0
57F3  0000        JMP 0
57F4  0000        JMP 0
57F5  0000        JMP 0
57F6  0000        JMP 0
57F7  0000        JMP 0
57F8  0000        JMP 0
57F9  0000        JMP 0
57FA  0000        JMP 0
57FB  0000        JMP 0
57FC  0000        JMP 0
57FD  0000        JMP 0
57FE  0000        JMP 0
57FF  0000        JMP 0
5800  0000        JMP 0
5801  0000        JMP 0
5802  0000        JMP 0
5803  0000        JMP 0
5804  0000        JMP 0
5805  0000        JMP 0
5806  0000        JMP 0
5807  0000        JMP 0
5808  0000        JMP 0
5809  0000        JMP 0
580A  0000        JMP 0
580B  0000        JMP 0
580C  0000        JMP 0
580D  0000        JMP 0
580E  0000        JMP 0
580F  0000        JMP 0
5810  0000        JMP 0
5811  0000        JMP 0
5812  0000        JMP 0
5813  0000        JMP 0
5814  0000        JMP 0
5815  0000        JMP 0
5816  0000        JMP 0
5817  0000        JMP 0
5818  0000        JMP 0
5819  0000        JMP 0
581A  0000        JMP 0
581B  0000        JMP 0
581C  0000        JMP 0
581D  0000        JMP 0
581E  0000        JMP 0
581F  0000        JMP 0
5820  0000        JMP 0
5821  0000        JMP 0
5822  0000        JMP 0
5823  0000        JMP 0
5824  0000        JMP 0
5825  0000        JMP 0
5826  0000        JMP 0
5827  0000        JMP 0
5828  0000        JMP 0
5829  0000        JMP 0
582A  0000        JMP 0
582B  0000        JMP 0
582C  0000        JMP 0
582D  0000        JMP 0
582E  0000        JMP 0
582F  0000        JMP 0
5830  0000        JMP 0
5831  0000        JMP 0
5832  0000        JMP 0
5833  0000        JMP 0
5834  0000        JMP 0
5835  0000        JMP 0
5836  0000        JMP 0
5837  0000        JMP 0
5838  0000        JMP 0
5839  0000        JMP 0
583A  0000        JMP 0
583B  0000        JMP 0
583C  0000        JMP 0
583D  0000        JMP 0
583E  0000        JMP 0
583F  0000        JMP 0
5840  0000        JMP 0
5841  0000        JMP 0
5842  0000        JMP 0
5843  0000        JMP 0
5844  0000        JMP 0
5845  0000        JMP 0
5846  0000        JMP 0
5847  0000        JMP 0
5848  0000        JMP 0
5849  0000        JMP 0
584A  0000        JMP 0
584B  0000        JMP 0
584C  0000        JMP 0
584D  0000        JMP 0
584E  0000        JMP 0
584F  0000        JMP 0
5850  0000        JMP 0
5851  0000        JMP 0
5852  0000        JMP 0
5853  0000        JMP 0
5854  0000        JMP 0
5855  0000        JMP 0
5856  0000        JMP 0
5857  0000        JMP 0
5858  0000        JMP 0
5859  0000        JMP 0
585A  0000        JMP 0
585B  0000        JMP 0
585C  0000        JMP 0
585D  0000        JMP 0
585E  0000        JMP 0
585F  0000        JMP 0
5860  0000        JMP 0
5861  0000        JMP 0
5862  0000        JMP 0
5863  0000        JMP 0
5864  0000        JMP 0
5865  0000        JMP 0
5866  0000        JMP 0
5867  0000        JMP 0
5868  0000        JMP 0
5869  0000        JMP 0
586A  0000        JMP 0
586B  0000        JMP 0
586C  0000        JMP 0
586D  0000        JMP 0
586E  0000        JMP 0
586F  0000        JMP 0
5870  0000        JMP 0
5871  0000        JMP 0
5872  0000        JMP 0
5873  0000        JMP 0
5874  0000        JMP 0
5875  0000        JMP 0
5876  0000        JMP 0
5877  0000        JMP 0
5878  0000        JMP 0
5879  0000        JMP 0
587A  0000        JMP 0
587B  0000        JMP 0
587C  0000        JMP 0
587D  0000        JMP 0
587E  0000        JMP 0
587F  0000        JMP 0
5880  0000        JMP 0
5881  0000        JMP 0
5882  0000        JMP 0
5883  0000        JMP 0
5884  0000        JMP 0
5885  0000        JMP 0
5886  0000        JMP 0
5887  0000        JMP 0
5888  0000        JMP 0
5889  0000        JMP 0
588A  0000        JMP 0
588B  0000        JMP 0
588C  0000        JMP 0
588D  0000        JMP 0
588E  0000        JMP 0
588F  0000        JMP 0
5890  0000        JMP 0
5891  0000        JMP 0
5892  0000        JMP 0
5893  0000        JMP 0
5894  0000        JMP 0
5895  0000        JMP 0
5896  0000        JMP 0
5897  0000        JMP 0
5898  0000        JMP 0
5899  0000        JMP 0
589A  0000        JMP 0
589B  0000        JMP 0
589C  0000        JMP 0
589D  0000        JMP 0
589E  0000        JMP 0
589F  0000        JMP 0
58A0  0000        JMP 0
58A1  0000        JMP 0
58A2  0000        JMP 0
58A3  0000        JMP 0
58A4  0000        JMP 0
58A5  0000        JMP 0
58A6  0000        JMP 0
58A7  0000        JMP 0
58A8  0000        JMP 0
58A9  0000        JMP 0
58AA  0000        JMP 0
58AB  0000        JMP 0
58AC  0000        JMP 0
58AD  0000        JMP 0
58AE  0000        JMP 0
58AF  0000        JMP 0
58B0  0000        JMP 0
58B1  0000        JMP 0
58B2  0000        JMP 0
58B3  0000        JMP 0
58B4  0000        JMP 0
58B5  0000        JMP 0
58B6  0000        JMP 0
58B7  0000        JMP 0
58B8  0000        JMP 0
58B9  0000        JMP 0
58BA  0000        JMP 0
58BB  0000        JMP 0
58BC  0000        JMP 0
58BD  0000        JMP 0
58BE  0000        JMP 0
58BF  0000        JMP 0
58C0  0000        JMP 0
58C1  0000        JMP 0
58C2  0000        JMP 0
58C3  0000        JMP 0
58C4  0000        JMP 0
58C5  0000        JMP 0
58C6  0000        JMP 0
58C7  0000        JMP 0
58C8  0000        JMP 0
58C9  0000        JMP 0
58CA  0000        JMP 0
58CB  0000        JMP 0
58CC  0000        JMP 0
58CD  0000        JMP 0
58CE  0000        JMP 0
58CF  0000        JMP 0
58D0  0000        JMP 0
58D1  0000        JMP 0
58D2  0000        JMP 0
58D3  0000        JMP 0
58D4  0000        JMP 0
58D5  0000        JMP 0
58D6  0000        JMP 0
58D7  0000        JMP 0
58D8  0000        JMP 0
58D9  0000        JMP 0
58DA  0000        JMP 0
58DB  0000        JMP 0
58DC  0000        JMP 0
58DD  0000        JMP 0
58DE  0000        JMP 0
58DF  0000        JMP 0
58E0  0000        JMP 0
58E1  0000        JMP 0
58E2  0000        JMP 0
58E3  0000        JMP 0
58E4  0000        JMP 0
58E5  0000        JMP 0
58E6  0000        JMP 0
58E7  0000        JMP 0
58E8  0000        JMP 0
58E9  0000        JMP 0
58EA  0000        JMP 0
58EB  0000        JMP 0
58EC  0000        JMP 0
58ED  0000        JMP 0
58EE  0000        JMP 0
58EF  0000        JMP 0
58F0  0000        JMP 0
58F1  0000        JMP 0
58F2  0000        JMP 0
58F3  0000        JMP 0
58F4  0000        JMP 0
58F5  0000        JMP 0
58F6  0000        JMP 0
58F7  0000        JMP 0
58F8  0000        JMP 0
58F9  0000        JMP 0
58FA  0000        JMP 0
58FB  0000        JMP 0
58FC  0000        JMP 0
58FD  0000        JMP 0
58FE  0000        JMP 0
58FF  0000        JMP 0
5900  0000        JMP 0
5901  0000        JMP 0
5902  0000        JMP 0
5903  0000        JMP 0
5904  0000        JMP 0
5905  0000        JMP 0
5906  0000        JMP 0
5907  0000        JMP 0
5908  0000        JMP 0
5909  0000        JMP 0
590A  0000        JMP 0
590B  0000        JMP 0
590C  0000        JMP 0
590D  0000        JMP 0
590E  0000        JMP 0
590F  0000        JMP 0
5910  0000        JMP 0
5911  0000        JMP 0
5912  0000        JMP 0
5913  0000        JMP 0
5914  0000        JMP 0
5915  0000        JMP 0
5916  0000        JMP 0
5917  0000        JMP 0
5918  0000        JMP 0
5919  0000        JMP 0
591A  0000        JMP 0
591B  0000        JMP 0
591C  0000        JMP 0
591D  0000        JMP 0
591E  0000        JMP 0
591F  0000        JMP 0
5920  0000        JMP 0
5921  0000        JMP 0
5922  0000        JMP 0
5923  0000        JMP 0
5924  0000        JMP 0
5925  0000        JMP 0
5926  0000        JMP 0
5927  0000        JMP 0
5928  0000        JMP 0
5929  0000        JMP 0
592A  0000        JMP 0
592B  0000        JMP 0
592C  0000        JMP 0
592D  0000        JMP 0
592E  0000        JMP 0
592F  0000        JMP 0
5930  0000        JMP 0
5931  0000        JMP 0
5932  0000        JMP 0
5933  0000        JMP 0
5934  0000        JMP 0
5935  0000        JMP 0
5936  0000        JMP 0
5937  0000        JMP 0
5938  0000        JMP 0
5939  0000        JMP 0
593A  0000        JMP 0
593B  0000        JMP 0
593C  0000        JMP 0
593D  0000        JMP 0
593E  0000        JMP 0
593F  0000        JMP 0
5940  0000        JMP 0
5941  0000        JMP 0
5942  0000        JMP 0
5943  0000        JMP 0
5944  0000        JMP 0
5945  0000        JMP 0
5946  0000        JMP 0
5947  0000        JMP 0
5948  0000        JMP 0
5949  0000        JMP 0
594A  0000        JMP 0
594B  0000        JMP 0
594C  0000        JMP 0
594D  0000        JMP 0
594E  0000        JMP 0
594F  0000        JMP 0
5950  0000        JMP 0
5951  0000        JMP 0
5952  0000        JMP 0
5953  0000        JMP 0
5954  0000        JMP 0
5955  0000        JMP 0
5956  0000        JMP 0
5957  0000        JMP 0
5958  0000        JMP 0
5959  0000        JMP 0
595A  0000        JMP 0
595B  0000        JMP 0
595C  0000        JMP 0
595D  0000        JMP 0
595E  0000        JMP 0
595F  0000        JMP 0
5960  0000        JMP 0
5961  0000        JMP 0
5962  0000        JMP 0
5963  0000        JMP 0
5964  0000        JMP 0
5965  0000        JMP 0
5966  0000        JMP 0
5967  0000        JMP 0
5968  0000        JMP 0
5969  0000        JMP 0
596A  0000        JMP 0
596B  0000        JMP 0
596C  0000        JMP 0
596D  0000        JMP 0
596E  0000        JMP 0
596F  0000        JMP 0
5970  0000        JMP 0
5971  0000        JMP 0
5972  0000        JMP 0
5973  0000        JMP 0
5974  0000        JMP 0
5975  0000        JMP 0
5976  0000        JMP 0
5977  0000        JMP 0
5978  0000        JMP 0
5979  0000        JMP 0
597A  0000        JMP 0
597B  0000        JMP 0
597C  0000        JMP 0
597D  0000        JMP 0
597E  0000        JMP 0
597F  0000        JMP 0
5980  0000        JMP 0
5981  0000        JMP 0
5982  0000        JMP 0
5983  0000        JMP 0
5984  0000        JMP 0
5985  0000        JMP 0
5986  0000        JMP 0
5987  0000        JMP 0
5988  0000        JMP 0
5989  0000        JMP 0
598A  0000        JMP 0
598B  0000        JMP 0
598C  0000        JMP 0
598D  0000        JMP 0
598E  0000        JMP 0
598F  0000        JMP 0
5990  0000        JMP 0
5991  0000        JMP 0
5992  0000        JMP 0
5993  0000        JMP 0
5994  0000        JMP 0
5995  0000        JMP 0
5996  0000        JMP 0
5997  0000        JMP 0
5998  0000        JMP 0
5999  0000        JMP 0
599A  0000        JMP 0
599B  0000        JMP 0
599C  0000        JMP 0
599D  0000        JMP 0
599E  0000        JMP 0
599F  0000        JMP 0
59A0  0000        JMP 0
59A1  0000        JMP 0
59A2  0000        JMP 0
59A3  0000        JMP 0
59A4  0000        JMP 0
59A5  0000        JMP 0
59A6  0000        JMP 0
59A7  0000        JMP 0
59A8  0000        JMP 0
59A9  0000        JMP 0
59AA  0000        JMP 0
59AB  0000        JMP 0
59AC  0000        JMP 0
59AD  0000        JMP 0
59AE  0000        JMP 0
59AF  0000        JMP 0
59B0  0000        JMP 0
59B1  0000        JMP 0
59B2  0000        JMP 0
59B3  0000        JMP 0
59B4  0000        JMP 0
59B5  0000        JMP 0
59B6  0000        JMP 0
59B7  0000        JMP 0
59B8  0000        JMP 0
59B9  0000        JMP 0
59BA  0000        JMP 0
59BB  0000        JMP 0
59BC  0000        JMP 0
59BD  0000        JMP 0
59BE  0000        JMP 0
59BF  0000        JMP 0
59C0  0000        JMP 0
59C1  0000        JMP 0
59C2  0000        JMP 0
59C3  0000        JMP 0
59C4  0000        JMP 0
59C5  0000        JMP 0
59C6  0000        JMP 0
59C7  0000        JMP 0
59C8  0000        JMP 0
59C9  0000        JMP 0
59CA  0000        JMP 0
59CB  0000        JMP 0
59CC  0000        JMP 0
59CD  0000        JMP 0
59CE  0000        JMP 0
59CF  0000        JMP 0
59D0  0000        JMP 0
59D1  0000        JMP 0
59D2  0000        JMP 0
59D3  0000        JMP 0
59D4  0000        JMP 0
59D5  0000        JMP 0
59D6  0000        JMP 0
59D7  0000        JMP 0
59D8  0000        JMP 0
59D9  0000        JMP 0
59DA  0000        JMP 0
59DB  0000        JMP 0
59DC  0000        JMP 0
59DD  0000        JMP 0
59DE  0000        JMP 0
59DF  0000        JMP 0
59E0  0000        JMP 0
59E1  0000        JMP 0
59E2  0000        JMP 0
59E3  0000        JMP 0
59E4  0000        JMP 0
59E5  0000        JMP 0
59E6  0000        JMP 0
59E7  0000        JMP 0
59E8  0000        JMP 0
59E9  0000        JMP 0
59EA  0000        JMP 0
59EB  0000        JMP 0
59EC  0000        JMP 0
59ED  0000        JMP 0
59EE  0000        JMP 0
59EF  0000        JMP 0
59F0  0000        JMP 0
59F1  0000        JMP 0
59F2  0000        JMP 0
59F3  0000        JMP 0
59F4  0000        JMP 0
59F5  0000        JMP 0
59F6  0000        JMP 0
59F7  0000        JMP 0
59F8  0000        JMP 0
59F9  0000        JMP 0
59FA  0000        JMP 0
59FB  0000        JMP 0
59FC  0000        JMP 0
59FD  0000        JMP 0
59FE  0000        JMP 0
59FF  0000        JMP 0
5A00  0000        JMP 0
5A01  0000        JMP 0
5A02  0000        JMP 0
5A03  0000        JMP 0
5A04  0000        JMP 0
5A05  0000        JMP 0
5A06  0000        JMP 0
5A07  0000        JMP 0
5A08  0000        JMP 0
5A09  0000        JMP 0
5A0A  0000        JMP 0
5A0B  0000        JMP 0
5A0C  0000        JMP 0
5A0D  0000        JMP 0
5A0E  0000        JMP 0
5A0F  0000        JMP 0
5A10  0000        JMP 0
5A11  0000        JMP 0
5A12  0000        JMP 0
5A13  0000        JMP 0
5A14  0000        JMP 0
5A15  0000        JMP 0
5A16  0000        JMP 0
5A17  0000        JMP 0
5A18  0000        JMP 0
5A19  0000        JMP 0
5A1A  0000        JMP 0
5A1B  0000        JMP 0
5A1C  0000        JMP 0
5A1D  0000        JMP 0
5A1E  0000        JMP 0
5A1F  0000        JMP 0
5A20  0000        JMP 0
5A21  0000        JMP 0
5A22  0000        JMP 0
5A23  0000        JMP 0
5A24  0000        JMP 0
5A25  0000        JMP 0
5A26  0000        JMP 0
5A27  0000        JMP 0
5A28  0000        JMP 0
5A29  0000        JMP 0
5A2A  0000        JMP 0
5A2B  0000        JMP 0
5A2C  0000        JMP 0
5A2D  0000        JMP 0
5A2E  0000        JMP 0
5A2F  0000        JMP 0
5A30  0000        JMP 0
5A31  0000        JMP 0
5A32  0000        JMP 0
5A33  0000        JMP 0
5A34  0000        JMP 0
5A35  0000        JMP 0
5A36  0000        JMP 0
5A37  0000        JMP 0
5A38  0000        JMP 0
5A39  0000        JMP 0
5A3A  0000        JMP 0
5A3B  0000        JMP 0
5A3C  0000        JMP 0
5A3D  0000        JMP 0
5A3E  0000        JMP 0
5A3F  0000        JMP 0
5A40  0000        JMP 0
5A41  0000        JMP 0
5A42  0000        JMP 0
5A43  0000        JMP 0
5A44  0000        JMP 0
5A45  0000        JMP 0
5A46  0000        JMP 0
5A47  0000        JMP 0
5A48  0000        JMP 0
5A49  0000        JMP 0
5A4A  0000        JMP 0
5A4B  0000        JMP 0
5A4C  0000        JMP 0
5A4D  0000        JMP 0
5A4E  0000        JMP 0
5A4F  0000        JMP 0
5A50  0000        JMP 0
5A51  0000        JMP 0
5A52  0000        JMP 0
5A53  0000        JMP 0
5A54  0000        JMP 0
5A55  0000        JMP 0
5A56  0000        JMP 0
5A57  0000        JMP 0
5A58  0000        JMP 0
5A59  0000        JMP 0
5A5A  0000        JMP 0
5A5B  0000        JMP 0
5A5C  0000        JMP 0
5A5D  0000        JMP 0
5A5E  0000        JMP 0
5A5F  0000        JMP 0
5A60  0000        JMP 0
5A61  0000        JMP 0
5A62  0000        JMP 0
5A63  0000        JMP 0
5A64  0000        JMP 0
5A65  0000        JMP 0
5A66  0000        JMP 0
5A67  0000        JMP 0
5A68  0000        JMP 0
5A69  0000        JMP 0
5A6A  0000        JMP 0
5A6B  0000        JMP 0
5A6C  0000        JMP 0
5A6D  0000        JMP 0
5A6E  0000        JMP 0
5A6F  0000        JMP 0
5A70  0000        JMP 0
5A71  0000        JMP 0
5A72  0000        JMP 0
5A73  0000        JMP 0
5A74  0000        JMP 0
5A75  0000        JMP 0
5A76  0000        JMP 0
5A77  0000        JMP 0
5A78  0000        JMP 0
5A79  0000        JMP 0
5A7A  0000        JMP 0
5A7B  0000        JMP 0
5A7C  0000        JMP 0
5A7D  0000        JMP 0
5A7E  0000        JMP 0
5A7F  0000        JMP 0
5A80  0000        JMP 0
5A81  0000        JMP 0
5A82  0000        JMP 0
5A83  0000        JMP 0
5A84  0000        JMP 0
5A85  0000        JMP 0
5A86  0000        JMP 0
5A87  0000        JMP 0
5A88  0000        JMP 0
5A89  0000        JMP 0
5A8A  0000        JMP 0
5A8B  0000        JMP 0
5A8C  0000        JMP 0
5A8D  0000        JMP 0
5A8E  0000        JMP 0
5A8F  0000        JMP 0
5A90  0000        JMP 0
5A91  0000        JMP 0
5A92  0000        JMP 0
5A93  0000        JMP 0
5A94  0000        JMP 0
5A95  0000        JMP 0
5A96  0000        JMP 0
5A97  0000        JMP 0
5A98  0000        JMP 0
5A99  0000        JMP 0
5A9A  0000        JMP 0
5A9B  0000        JMP 0
5A9C  0000        JMP 0
5A9D  0000        JMP 0
5A9E  0000        JMP 0
5A9F  0000        JMP 0
5AA0  0000        JMP 0
5AA1  0000        JMP 0
5AA2  0000        JMP 0
5AA3  0000        JMP 0
5AA4  0000        JMP 0
5AA5  0000        JMP 0
5AA6  0000        JMP 0
5AA7  0000        JMP 0
5AA8  0000        JMP 0
5AA9  0000        JMP 0
5AAA  0000        JMP 0
5AAB  0000        JMP 0
5AAC  0000        JMP 0
5AAD  0000        JMP 0
5AAE  0000        JMP 0
5AAF  0000        JMP 0
5AB0  0000        JMP 0
5AB1  0000        JMP 0
5AB2  0000        JMP 0
5AB3  0000        JMP 0
5AB4  0000        JMP 0
5AB5  0000        JMP 0
5AB6  0000        JMP 0
5AB7  0000        JMP 0
5AB8  0000        JMP 0
5AB9  0000        JMP 0
5ABA  0000        JMP 0
5ABB  0000        JMP 0
5ABC  0000        JMP 0
5ABD  0000        JMP 0
5ABE  0000        JMP 0
5ABF  0000        JMP 0
5AC0  0000        JMP 0
5AC1  0000        JMP 0
5AC2  0000        JMP 0
5AC3  0000        JMP 0
5AC4  0000        JMP 0
5AC5  0000        JMP 0
5AC6  0000        JMP 0
5AC7  0000        JMP 0
5AC8  0000        JMP 0
5AC9  0000        JMP 0
5ACA  0000        JMP 0
5ACB  0000        JMP 0
5ACC  0000        JMP 0
5ACD  0000        JMP 0
5ACE  0000        JMP 0
5ACF  0000        JMP 0
5AD0  0000        JMP 0
5AD1  0000        JMP 0
5AD2  0000        JMP 0
5AD3  0000        JMP 0
5AD4  0000        JMP 0
5AD5  0000        JMP 0
5AD6  0000        JMP 0
5AD7  0000        JMP 0
5AD8  0000        JMP 0
5AD9  0000        JMP 0
5ADA  0000        JMP 0
5ADB  0000        JMP 0
5ADC  0000        JMP 0
5ADD  0000        JMP 0
5ADE  0000        JMP 0
5ADF  0000        JMP 0
5AE0  0000        JMP 0
5AE1  0000        JMP 0
5AE2  0000        JMP 0
5AE3  0000        JMP 0
5AE4  0000        JMP 0
5AE5  0000        JMP 0
5AE6  0000        JMP 0
5AE7  0000        JMP 0
5AE8  0000        JMP 0
5AE9  0000        JMP 0
5AEA  0000        JMP 0
5AEB  0000        JMP 0
5AEC  0000        JMP 0
5AED  0000        JMP 0
5AEE  0000        JMP 0
5AEF  0000        JMP 0
5AF0  0000        JMP 0
5AF1  0000        JMP 0
5AF2  0000        JMP 0
5AF3  0000        JMP 0
5AF4  0000        JMP 0
5AF5  0000        JMP 0
5AF6  0000        JMP 0
5AF7  0000        JMP 0
5AF8  0000        JMP 0
5AF9  0000        JMP 0
5AFA  0000        JMP 0
5AFB  0000        JMP 0
5AFC  0000        JMP 0
5AFD  0000        JMP 0
5AFE  0000        JMP 0
5AFF  0000        JMP 0
5B00  0000        JMP 0
5B01  0000        JMP 0
5B02  0000        JMP 0
5B03  0000        JMP 0
5B04  0000        JMP 0
5B05  0000        JMP 0
5B06  0000        JMP 0
5B07  0000        JMP 0
5B08  0000        JMP 0
5B09  0000        JMP 0
5B0A  0000        JMP 0
5B0B  0000        JMP 0
5B0C  0000        JMP 0
5B0D  0000        JMP 0
5B0E  0000        JMP 0
5B0F  0000        JMP 0
5B10  0000        JMP 0
5B11  0000        JMP 0
5B12  0000        JMP 0
5B13  0000        JMP 0
5B14  0000        JMP 0
5B15  0000        JMP 0
5B16  0000        JMP 0
5B17  0000        JMP 0
5B18  0000        JMP 0
5B19  0000        JMP 0
5B1A  0000        JMP 0
5B1B  0000        JMP 0
5B1C  0000        JMP 0
5B1D  0000        JMP 0
5B1E  0000        JMP 0
5B1F  0000        JMP 0
5B20  0000        JMP 0
5B21  0000        JMP 0
5B22  0000        JMP 0
5B23  0000        JMP 0
5B24  0000        JMP 0
5B25  0000        JMP 0
5B26  0000        JMP 0
5B27  0000        JMP 0
5B28  0000        JMP 0
5B29  0000        JMP 0
5B2A  0000        JMP 0
5B2B  0000        JMP 0
5B2C  0000        JMP 0
5B2D  0000        JMP 0
5B2E  0000        JMP 0
5B2F  0000        JMP 0
5B30  0000        JMP 0
5B31  0000        JMP 0
5B32  0000        JMP 0
5B33  0000        JMP 0
5B34  0000        JMP 0
5B35  0000        JMP 0
5B36  0000        JMP 0
5B37  0000        JMP 0
5B38  0000        JMP 0
5B39  0000        JMP 0
5B3A  0000        JMP 0
5B3B  0000        JMP 0
5B3C  0000        JMP 0
5B3D  0000        JMP 0
5B3E  0000        JMP 0
5B3F  0000        JMP 0
5B40  0000        JMP 0
5B41  0000        JMP 0
5B42  0000        JMP 0
5B43  0000        JMP 0
5B44  0000        JMP 0
5B45  0000        JMP 0
5B46  0000        JMP 0
5B47  0000        JMP 0
5B48  0000        JMP 0
5B49  0000        JMP 0
5B4A  0000        JMP 0
5B4B  0000        JMP 0
5B4C  0000        JMP 0
5B4D  0000        JMP 0
5B4E  0000        JMP 0
5B4F  0000        JMP 0
5B50  0000        JMP 0
5B51  0000        JMP 0
5B52  0000        JMP 0
5B53  0000        JMP 0
5B54  0000        JMP 0
5B55  0000        JMP 0
5B56  0000        JMP 0
5B57  0000        JMP 0
5B58  0000        JMP 0
5B59  0000        JMP 0
5B5A  0000        JMP 0
5B5B  0000        JMP 0
5B5C  0000        JMP 0
5B5D  0000        JMP 0
5B5E  0000        JMP 0
5B5F  0000        JMP 0
5B60  0000        JMP 0
5B61  0000        JMP 0
5B62  0000        JMP 0
5B63  0000        JMP 0
5B64  0000        JMP 0
5B65  0000        JMP 0
5B66  0000        JMP 0
5B67  0000        JMP 0
5B68  0000        JMP 0
5B69  0000        JMP 0
5B6A  0000        JMP 0
5B6B  0000        JMP 0
5B6C  0000        JMP 0
5B6D  0000        JMP 0
5B6E  0000        JMP 0
5B6F  0000        JMP 0
5B70  0000        JMP 0
5B71  0000        JMP 0
5B72  0000        JMP 0
5B73  0000        JMP 0
5B74  0000        JMP 0
5B75  0000        JMP 0
5B76  0000        JMP 0
5B77  0000        JMP 0
5B78  0000        JMP 0
5B79  0000        JMP 0
5B7A  0000        JMP 0
5B7B  0000        JMP 0
5B7C  0000        JMP 0
5B7D  0000        JMP 0
5B7E  0000        JMP 0
5B7F  0000        JMP 0
5B80  0000        JMP 0
5B81  0000        JMP 0
5B82  0000        JMP 0
5B83  0000        JMP 0
5B84  0000        JMP 0
5B85  0000        JMP 0
5B86  0000        JMP 0
5B87  0000        JMP 0
5B88  0000        JMP 0
5B89  0000        JMP 0
5B8A  0000        JMP 0
5B8B  0000        JMP 0
5B8C  0000        JMP 0
5B8D  0000        JMP 0
5B8E  0000        JMP 0
5B8F  0000        JMP 0
5B90  0000        JMP 0
5B91  0000        JMP 0
5B92  0000        JMP 0
5B93  0000        JMP 0
5B94  0000        JMP 0
5B95  0000        JMP 0
5B96  0000        JMP 0
5B97  0000        JMP 0
5B98  0000        JMP 0
5B99  0000        JMP 0
5B9A  0000        JMP 0
5B9B  0000        JMP 0
5B9C  0000        JMP 0
5B9D  0000        JMP 0
5B9E  0000        JMP 0
5B9F  0000        JMP 0
5BA0  0000        JMP 0
5BA1  0000        JMP 0
5BA2  0000        JMP 0
5BA3  0000        JMP 0
5BA4  0000        JMP 0
5BA5  0000        JMP 0
5BA6  0000        JMP 0
5BA7  0000        JMP 0
5BA8  0000        JMP 0
5BA9  0000        JMP 0
5BAA  0000        JMP 0
5BAB  0000        JMP 0
5BAC  0000        JMP 0
5BAD  0000        JMP 0
5BAE  0000        JMP 0
5BAF  0000        JMP 0
5BB0  0000        JMP 0
5BB1  0000        JMP 0
5BB2  0000        JMP 0
5BB3  0000        JMP 0
5BB4  0000        JMP 0
5BB5  0000        JMP 0
5BB6  0000        JMP 0
5BB7  0000        JMP 0
5BB8  0000        JMP 0
5BB9  0000        JMP 0
5BBA  0000        JMP 0
5BBB  0000        JMP 0
5BBC  0000        JMP 0
5BBD  0000        JMP 0
5BBE  0000        JMP 0
5BBF  0000        JMP 0
5BC0  0000        JMP 0
5BC1  0000        JMP 0
5BC2  0000        JMP 0
5BC3  0000        JMP 0
5BC4  0000        JMP 0
5BC5  0000        JMP 0
5BC6  0000        JMP 0
5BC7  0000        JMP 0
5BC8  0000        JMP 0
5BC9  0000        JMP 0
5BCA  0000        JMP 0
5BCB  0000        JMP 0
5BCC  0000        JMP 0
5BCD  0000        JMP 0
5BCE  0000        JMP 0
5BCF  0000        JMP 0
5BD0  0000        JMP 0
5BD1  0000        JMP 0
5BD2  0000        JMP 0
5BD3  0000        JMP 0
5BD4  0000        JMP 0
5BD5  0000        JMP 0
5BD6  0000        JMP 0
5BD7  0000        JMP 0
5BD8  0000        JMP 0
5BD9  0000        JMP 0
5BDA  0000        JMP 0
5BDB  0000        JMP 0
5BDC  0000        JMP 0
5BDD  0000        JMP 0
5BDE  0000        JMP 0
5BDF  0000        JMP 0
5BE0  0000        JMP 0
5BE1  0000        JMP 0
5BE2  0000        JMP 0
5BE3  0000        JMP 0
5BE4  0000        JMP 0
5BE5  0000        JMP 0
5BE6  0000        JMP 0
5BE7  0000        JMP 0
5BE8  0000        JMP 0
5BE9  0000        JMP 0
5BEA  0000        JMP 0
5BEB  0000        JMP 0
5BEC  0000        JMP 0
5BED  0000        JMP 0
5BEE  0000        JMP 0
5BEF  0000        JMP 0
5BF0  0000        JMP 0
5BF1  0000        JMP 0
5BF2  0000        JMP 0
5BF3  0000        JMP 0
5BF4  0000        JMP 0
5BF5  0000        JMP 0
5BF6  0000        JMP 0
5BF7  0000        JMP 0
5BF8  0000        JMP 0
5BF9  0000        JMP 0
5BFA  0000        JMP 0
5BFB  0000        JMP 0
5BFC  0000        JMP 0
5BFD  0000        JMP 0
5BFE  0000        JMP 0
5BFF  0000        JMP 0
5C00  0000        JMP 0
5C01  0000        JMP 0
5C02  0000        JMP 0
5C03  0000        JMP 0
5C04  0000        JMP 0
5C05  0000        JMP 0
5C06  0000        JMP 0
5C07  0000        JMP 0
5C08  0000        JMP 0
5C09  0000        JMP 0
5C0A  0000        JMP 0
5C0B  0000        JMP 0
5C0C  0000        JMP 0
5C0D  0000        JMP 0
5C0E  0000        JMP 0
5C0F  0000        JMP 0
5C10  0000        JMP 0
5C11  0000        JMP 0
5C12  0000        JMP 0
5C13  0000        JMP 0
5C14  0000        JMP 0
5C15  0000        JMP 0
5C16  0000        JMP 0
5C17  0000        JMP 0
5C18  0000        JMP 0
5C19  0000        JMP 0
5C1A  0000        JMP 0
5C1B  0000        JMP 0
5C1C  0000        JMP 0
5C1D  0000        JMP 0
5C1E  0000        JMP 0
5C1F  0000        JMP 0
5C20  0000        JMP 0
5C21  0000        JMP 0
5C22  0000        JMP 0
5C23  0000        JMP 0
5C24  0000        JMP 0
5C25  0000        JMP 0
5C26  0000        JMP 0
5C27  0000        JMP 0
5C28  0000        JMP 0
5C29  0000        JMP 0
5C2A  0000        JMP 0
5C2B  0000        JMP 0
5C2C  0000        JMP 0
5C2D  0000        JMP 0
5C2E  0000        JMP 0
5C2F  0000        JMP 0
5C30  0000        JMP 0
5C31  0000        JMP 0
5C32  0000        JMP 0
5C33  0000        JMP 0
5C34  0000        JMP 0
5C35  0000        JMP 0
5C36  0000        JMP 0
5C37  0000        JMP 0
5C38  0000        JMP 0
5C39  0000        JMP 0
5C3A  0000        JMP 0
5C3B  0000        JMP 0
5C3C  0000        JMP 0
5C3D  0000        JMP 0
5C3E  0000        JMP 0
5C3F  0000        JMP 0
5C40  0000        JMP 0
5C41  0000        JMP 0
5C42  0000        JMP 0
5C43  0000        JMP 0
5C44  0000        JMP 0
5C45  0000        JMP 0
5C46  0000        JMP 0
5C47  0000        JMP 0
5C48  0000        JMP 0
5C49  0000        JMP 0
5C4A  0000        JMP 0
5C4B  0000        JMP 0
5C4C  0000        JMP 0
5C4D  0000        JMP 0
5C4E  0000        JMP 0
5C4F  0000        JMP 0
5C50  0000        JMP 0
5C51  0000        JMP 0
5C52  0000        JMP 0
5C53  0000        JMP 0
5C54  0000        JMP 0
5C55  0000        JMP 0
5C56  0000        JMP 0
5C57  0000        JMP 0
5C58  0000        JMP 0
5C59  0000        JMP 0
5C5A  0000        JMP 0
5C5B  0000        JMP 0
5C5C  0000        JMP 0
5C5D  0000        JMP 0
5C5E  0000        JMP 0
5C5F  0000        JMP 0
5C60  0000        JMP 0
5C61  0000        JMP 0
5C62  0000        JMP 0
5C63  0000        JMP 0
5C64  0000        JMP 0
5C65  0000        JMP 0
5C66  0000        JMP 0
5C67  0000        JMP 0
5C68  0000        JMP 0
5C69  0000        JMP 0
5C6A  0000        JMP 0
5C6B  0000        JMP 0
5C6C  0000        JMP 0
5C6D  0000        JMP 0
5C6E  0000        JMP 0
5C6F  0000        JMP 0
5C70  0000        JMP 0
5C71  0000        JMP 0
5C72  0000        JMP 0
5C73  0000        JMP 0
5C74  0000        JMP 0
5C75  0000        JMP 0
5C76  0000        JMP 0
5C77  0000        JMP 0
5C78  0000        JMP 0
5C79  0000        JMP 0
5C7A  0000        JMP 0
5C7B  0000        JMP 0
5C7C  0000        JMP 0
5C7D  0000        JMP 0
5C7E  0000        JMP 0
5C7F  0000        JMP 0
5C80  0000        JMP 0
5C81  0000        JMP 0
5C82  0000        JMP 0
5C83  0000        JMP 0
5C84  0000        JMP 0
5C85  0000        JMP 0
5C86  0000        JMP 0
5C87  0000        JMP 0
5C88  0000        JMP 0
5C89  0000        JMP 0
5C8A  0000        JMP 0
5C8B  0000        JMP 0
5C8C  0000        JMP 0
5C8D  0000        JMP 0
5C8E  0000        JMP 0
5C8F  0000        JMP 0
5C90  0000        JMP 0
5C91  0000        JMP 0
5C92  0000        JMP 0
5C93  0000        JMP 0
5C94  0000        JMP 0
5C95  0000        JMP 0
5C96  0000        JMP 0
5C97  0000        JMP 0
5C98  0000        JMP 0
5C99  0000        JMP 0
5C9A  0000        JMP 0
5C9B  0000        JMP 0
5C9C  0000        JMP 0
5C9D  0000        JMP 0
5C9E  0000        JMP 0
5C9F  0000        JMP 0
5CA0  0000        JMP 0
5CA1  0000        JMP 0
5CA2  0000        JMP 0
5CA3  0000        JMP 0
5CA4  0000        JMP 0
5CA5  0000        JMP 0
5CA6  0000        JMP 0
5CA7  0000        JMP 0
5CA8  0000        JMP 0
5CA9  0000        JMP 0
5CAA  0000        JMP 0
5CAB  0000        JMP 0
5CAC  0000        JMP 0
5CAD  0000        JMP 0
5CAE  0000        JMP 0
5CAF  0000        JMP 0
5CB0  0000        JMP 0
5CB1  0000        JMP 0
5CB2  0000        JMP 0
5CB3  0000        JMP 0
5CB4  0000        JMP 0
5CB5  0000        JMP 0
5CB6  0000        JMP 0
5CB7  0000        JMP 0
5CB8  0000        JMP 0
5CB9  0000        JMP 0
5CBA  0000        JMP 0
5CBB  0000        JMP 0
5CBC  0000        JMP 0
5CBD  0000        JMP 0
5CBE  0000        JMP 0
5CBF  0000        JMP 0
5CC0  0000        JMP 0
5CC1  0000        JMP 0
5CC2  0000        JMP 0
5CC3  0000        JMP 0
5CC4  0000        JMP 0
5CC5  0000        JMP 0
5CC6  0000        JMP 0
5CC7  0000        JMP 0
5CC8  0000        JMP 0
5CC9  0000        JMP 0
5CCA  0000        JMP 0
5CCB  0000        JMP 0
5CCC  0000        JMP 0
5CCD  0000        JMP 0
5CCE  0000        JMP 0
5CCF  0000        JMP 0
5CD0  0000        JMP 0
5CD1  0000        JMP 0
5CD2  0000        JMP 0
5CD3  0000        JMP 0
5CD4  0000        JMP 0
5CD5  0000        JMP 0
5CD6  0000        JMP 0
5CD7  0000        JMP 0
5CD8  0000        JMP 0
5CD9  0000        JMP 0
5CDA  0000        JMP 0
5CDB  0000        JMP 0
5CDC  0000        JMP 0
5CDD  0000        JMP 0
5CDE  0000        JMP 0
5CDF  0000        JMP 0
5CE0  0000        JMP 0
5CE1  0000        JMP 0
5CE2  0000        JMP 0
5CE3  0000        JMP 0
5CE4  0000        JMP 0
5CE5  0000        JMP 0
5CE6  0000        JMP 0
5CE7  0000        JMP 0
5CE8  0000        JMP 0
5CE9  0000        JMP 0
5CEA  0000        JMP 0
5CEB  0000        JMP 0
5CEC  0000        JMP 0
5CED  0000        JMP 0
5CEE  0000        JMP 0
5CEF  0000        JMP 0
5CF0  0000        JMP 0
5CF1  0000        JMP 0
5CF2  0000        JMP 0
5CF3  0000        JMP 0
5CF4  0000        JMP 0
5CF5  0000        JMP 0
5CF6  0000        JMP 0
5CF7  0000        JMP 0
5CF8  0000        JMP 0
5CF9  0000        JMP 0
5CFA  0000        JMP 0
5CFB  0000        JMP 0
5CFC  0000        JMP 0
5CFD  0000        JMP 0
5CFE  0000        JMP 0
5CFF  0000        JMP 0
5D00  0000        JMP 0
5D01  0000        JMP 0
5D02  0000        JMP 0
5D03  0000        JMP 0
5D04  0000        JMP 0
5D05  0000        JMP 0
5D06  0000        JMP 0
5D07  0000        JMP 0
5D08  0000        JMP 0
5D09  0000        JMP 0
5D0A  0000        JMP 0
5D0B  0000        JMP 0
5D0C  0000        JMP 0
5D0D  0000        JMP 0
5D0E  0000        JMP 0
5D0F  0000        JMP 0
5D10  0000        JMP 0
5D11  0000        JMP 0
5D12  0000        JMP 0
5D13  0000        JMP 0
5D14  0000        JMP 0
5D15  0000        JMP 0
5D16  0000        JMP 0
5D17  0000        JMP 0
5D18  0000        JMP 0
5D19  0000        JMP 0
5D1A  0000        JMP 0
5D1B  0000        JMP 0
5D1C  0000        JMP 0
5D1D  0000        JMP 0
5D1E  0000        JMP 0
5D1F  0000        JMP 0
5D20  0000        JMP 0
5D21  0000        JMP 0
5D22  0000        JMP 0
5D23  0000        JMP 0
5D24  0000        JMP 0
5D25  0000        JMP 0
5D26  0000        JMP 0
5D27  0000        JMP 0
5D28  0000        JMP 0
5D29  0000        JMP 0
5D2A  0000        JMP 0
5D2B  0000        JMP 0
5D2C  0000        JMP 0
5D2D  0000        JMP 0
5D2E  0000        JMP 0
5D2F  0000        JMP 0
5D30  0000        JMP 0
5D31  0000        JMP 0
5D32  0000        JMP 0
5D33  0000        JMP 0
5D34  0000        JMP 0
5D35  0000        JMP 0
5D36  0000        JMP 0
5D37  0000        JMP 0
5D38  0000        JMP 0
5D39  0000        JMP 0
5D3A  0000        JMP 0
5D3B  0000        JMP 0
5D3C  0000        JMP 0
5D3D  0000        JMP 0
5D3E  0000        JMP 0
5D3F  0000        JMP 0
5D40  0000        JMP 0
5D41  0000        JMP 0
5D42  0000        JMP 0
5D43  0000        JMP 0
5D44  0000        JMP 0
5D45  0000        JMP 0
5D46  0000        JMP 0
5D47  0000        JMP 0
5D48  0000        JMP 0
5D49  0000        JMP 0
5D4A  0000        JMP 0
5D4B  0000        JMP 0
5D4C  0000        JMP 0
5D4D  0000        JMP 0
5D4E  0000        JMP 0
5D4F  0000        JMP 0
5D50  0000        JMP 0
5D51  0000        JMP 0
5D52  0000        JMP 0
5D53  0000        JMP 0
5D54  0000        JMP 0
5D55  0000        JMP 0
5D56  0000        JMP 0
5D57  0000        JMP 0
5D58  0000        JMP 0
5D59  0000        JMP 0
5D5A  0000        JMP 0
5D5B  0000        JMP 0
5D5C  0000        JMP 0
5D5D  0000        JMP 0
5D5E  0000        JMP 0
5D5F  0000        JMP 0
5D60  0000        JMP 0
5D61  0000        JMP 0
5D62  0000        JMP 0
5D63  0000        JMP 0
5D64  0000        JMP 0
5D65  0000        JMP 0
5D66  0000        JMP 0
5D67  0000        JMP 0
5D68  0000        JMP 0
5D69  0000        JMP 0
5D6A  0000        JMP 0
5D6B  0000        JMP 0
5D6C  0000        JMP 0
5D6D  0000        JMP 0
5D6E  0000        JMP 0
5D6F  0000        JMP 0
5D70  0000        JMP 0
5D71  0000        JMP 0
5D72  0000        JMP 0
5D73  0000        JMP 0
5D74  0000        JMP 0
5D75  0000        JMP 0
5D76  0000        JMP 0
5D77  0000        JMP 0
5D78  0000        JMP 0
5D79  0000        JMP 0
5D7A  0000        JMP 0
5D7B  0000        JMP 0
5D7C  0000        JMP 0
5D7D  0000        JMP 0
5D7E  0000        JMP 0
5D7F  0000        JMP 0
5D80  0000        JMP 0
5D81  0000        JMP 0
5D82  0000        JMP 0
5D83  0000        JMP 0
5D84  0000        JMP 0
5D85  0000        JMP 0
5D86  0000        JMP 0
5D87  0000        JMP 0
5D88  0000        JMP 0
5D89  0000        JMP 0
5D8A  0000        JMP 0
5D8B  0000        JMP 0
5D8C  0000        JMP 0
5D8D  0000        JMP 0
5D8E  0000        JMP 0
5D8F  0000        JMP 0
5D90  0000        JMP 0
5D91  0000        JMP 0
5D92  0000        JMP 0
5D93  0000        JMP 0
5D94  0000        JMP 0
5D95  0000        JMP 0
5D96  0000        JMP 0
5D97  0000        JMP 0
5D98  0000        JMP 0
5D99  0000        JMP 0
5D9A  0000        JMP 0
5D9B  0000        JMP 0
5D9C  0000        JMP 0
5D9D  0000        JMP 0
5D9E  0000        JMP 0
5D9F  0000        JMP 0
5DA0  0000        JMP 0
5DA1  0000        JMP 0
5DA2  0000        JMP 0
5DA3  0000        JMP 0
5DA4  0000        JMP 0
5DA5  0000        JMP 0
5DA6  0000        JMP 0
5DA7  0000        JMP 0
5DA8  0000        JMP 0
5DA9  0000        JMP 0
5DAA  0000        JMP 0
5DAB  0000        JMP 0
5DAC  0000        JMP 0
5DAD  0000        JMP 0
5DAE  0000        JMP 0
5DAF  0000        JMP 0
5DB0  0000        JMP 0
5DB1  0000        JMP 0
5DB2  0000        JMP 0
5DB3  0000        JMP 0
5DB4  0000        JMP 0
5DB5  0000        JMP 0
5DB6  0000        JMP 0
5DB7  0000        JMP 0
5DB8  0000        JMP 0
5DB9  0000        JMP 0
5DBA  0000        JMP 0
5DBB  0000        JMP 0
5DBC  0000        JMP 0
5DBD  0000        JMP 0
5DBE  0000        JMP 0
5DBF  0000        JMP 0
5DC0  0000        JMP 0
5DC1  0000        JMP 0
5DC2  0000        JMP 0
5DC3  0000        JMP 0
5DC4  0000        JMP 0
5DC5  0000        JMP 0
5DC6  0000        JMP 0
5DC7  0000        JMP 0
5DC8  0000        JMP 0
5DC9  0000        JMP 0
5DCA  0000        JMP 0
5DCB  0000        JMP 0
5DCC  0000        JMP 0
5DCD  0000        JMP 0
5DCE  0000        JMP 0
5DCF  0000        JMP 0
5DD0  0000        JMP 0
5DD1  0000        JMP 0
5DD2  0000        JMP 0
5DD3  0000        JMP 0
5DD4  0000        JMP 0
5DD5  0000        JMP 0
5DD6  0000        JMP 0
5DD7  0000        JMP 0
5DD8  0000        JMP 0
5DD9  0000        JMP 0
5DDA  0000        JMP 0
5DDB  0000        JMP 0
5DDC  0000        JMP 0
5DDD  0000        JMP 0
5DDE  0000        JMP 0
5DDF  0000        JMP 0
5DE0  0000        JMP 0
5DE1  0000        JMP 0
5DE2  0000        JMP 0
5DE3  0000        JMP 0
5DE4  0000        JMP 0
5DE5  0000        JMP 0
5DE6  0000        JMP 0
5DE7  0000        JMP 0
5DE8  0000        JMP 0
5DE9  0000        JMP 0
5DEA  0000        JMP 0
5DEB  0000        JMP 0
5DEC  0000        JMP 0
5DED  0000        JMP 0
5DEE  0000        JMP 0
5DEF  0000        JMP 0
5DF0  0000        JMP 0
5DF1  0000        JMP 0
5DF2  0000        JMP 0
5DF3  0000        JMP 0
5DF4  0000        JMP 0
5DF5  0000        JMP 0
5DF6  0000        JMP 0
5DF7  0000        JMP 0
5DF8  0000        JMP 0
5DF9  0000        JMP 0
5DFA  0000        JMP 0
5DFB  0000        JMP 0
5DFC  0000        JMP 0
5DFD  0000        JMP 0
5DFE  0000        JMP 0
5DFF  0000        JMP 0
5E00  0000        JMP 0
5E01  0000        JMP 0
5E02  0000        JMP 0
5E03  0000        JMP 0
5E04  0000        JMP 0
5E05  0000        JMP 0
5E06  0000        JMP 0
5E07  0000        JMP 0
5E08  0000        JMP 0
5E09  0000        JMP 0
5E0A  0000        JMP 0
5E0B  0000        JMP 0
5E0C  0000        JMP 0
5E0D  0000        JMP 0
5E0E  0000        JMP 0
5E0F  0000        JMP 0
5E10  0000        JMP 0
5E11  0000        JMP 0
5E12  0000        JMP 0
5E13  0000        JMP 0
5E14  0000        JMP 0
5E15  0000        JMP 0
5E16  0000        JMP 0
5E17  0000        JMP 0
5E18  0000        JMP 0
5E19  0000        JMP 0
5E1A  0000        JMP 0
5E1B  0000        JMP 0
5E1C  0000        JMP 0
5E1D  0000        JMP 0
5E1E  0000        JMP 0
5E1F  0000        JMP 0
5E20  0000        JMP 0
5E21  0000        JMP 0
5E22  0000        JMP 0
5E23  0000        JMP 0
5E24  0000        JMP 0
5E25  0000        JMP 0
5E26  0000        JMP 0
5E27  0000        JMP 0
5E28  0000        JMP 0
5E29  0000        JMP 0
5E2A  0000        JMP 0
5E2B  0000        JMP 0
5E2C  0000        JMP 0
5E2D  0000        JMP 0
5E2E  0000        JMP 0
5E2F  0000        JMP 0
5E30  0000        JMP 0
5E31  0000        JMP 0
5E32  0000        JMP 0
5E33  0000        JMP 0
5E34  0000        JMP 0
5E35  0000        JMP 0
5E36  0000        JMP 0
5E37  0000        JMP 0
5E38  0000        JMP 0
5E39  0000        JMP 0
5E3A  0000        JMP 0
5E3B  0000        JMP 0
5E3C  0000        JMP 0
5E3D  0000        JMP 0
5E3E  0000        JMP 0
5E3F  0000        JMP 0
5E40  0000        JMP 0
5E41  0000        JMP 0
5E42  0000        JMP 0
5E43  0000        JMP 0
5E44  0000        JMP 0
5E45  0000        JMP 0
5E46  0000        JMP 0
5E47  0000        JMP 0
5E48  0000        JMP 0
5E49  0000        JMP 0
5E4A  0000        JMP 0
5E4B  0000        JMP 0
5E4C  0000        JMP 0
5E4D  0000        JMP 0
5E4E  0000        JMP 0
5E4F  0000        JMP 0
5E50  0000        JMP 0
5E51  0000        JMP 0
5E52  0000        JMP 0
5E53  0000        JMP 0
5E54  0000        JMP 0
5E55  0000        JMP 0
5E56  0000        JMP 0
5E57  0000        JMP 0
5E58  0000        JMP 0
5E59  0000        JMP 0
5E5A  0000        JMP 0
5E5B  0000        JMP 0
5E5C  0000        JMP 0
5E5D  0000        JMP 0
5E5E  0000        JMP 0
5E5F  0000        JMP 0
5E60  0000        JMP 0
5E61  0000        JMP 0
5E62  0000        JMP 0
5E63  0000        JMP 0
5E64  0000        JMP 0
5E65  0000        JMP 0
5E66  0000        JMP 0
5E67  0000        JMP 0
5E68  0000        JMP 0
5E69  0000        JMP 0
5E6A  0000        JMP 0
5E6B  0000        JMP 0
5E6C  0000        JMP 0
5E6D  0000        JMP 0
5E6E  0000        JMP 0
5E6F  0000        JMP 0
5E70  0000        JMP 0
5E71  0000        JMP 0
5E72  0000        JMP 0
5E73  0000        JMP 0
5E74  0000        JMP 0
5E75  0000        JMP 0
5E76  0000        JMP 0
5E77  0000        JMP 0
5E78  0000        JMP 0
5E79  0000        JMP 0
5E7A  0000        JMP 0
5E7B  0000        JMP 0
5E7C  0000        JMP 0
5E7D  0000        JMP 0
5E7E  0000        JMP 0
5E7F  0000        JMP 0
5E80  0000        JMP 0
5E81  0000        JMP 0
5E82  0000        JMP 0
5E83  0000        JMP 0
5E84  0000        JMP 0
5E85  0000        JMP 0
5E86  0000        JMP 0
5E87  0000        JMP 0
5E88  0000        JMP 0
5E89  0000        JMP 0
5E8A  0000        JMP 0
5E8B  0000        JMP 0
5E8C  0000        JMP 0
5E8D  0000        JMP 0
5E8E  0000        JMP 0
5E8F  0000        JMP 0
5E90  0000        JMP 0
5E91  0000        JMP 0
5E92  0000        JMP 0
5E93  0000        JMP 0
5E94  0000        JMP 0
5E95  0000        JMP 0
5E96  0000        JMP 0
5E97  0000        JMP 0
5E98  0000        JMP 0
5E99  0000        JMP 0
5E9A  0000        JMP 0
5E9B  0000        JMP 0
5E9C  0000        JMP 0
5E9D  0000        JMP 0
5E9E  0000        JMP 0
5E9F  0000        JMP 0
5EA0  0000        JMP 0
5EA1  0000        JMP 0
5EA2  0000        JMP 0
5EA3  0000        JMP 0
5EA4  0000        JMP 0
5EA5  0000        JMP 0
5EA6  0000        JMP 0
5EA7  0000        JMP 0
5EA8  0000        JMP 0
5EA9  0000        JMP 0
5EAA  0000        JMP 0
5EAB  0000        JMP 0
5EAC  0000        JMP 0
5EAD  0000        JMP 0
5EAE  0000        JMP 0
5EAF  0000        JMP 0
5EB0  0000        JMP 0
5EB1  0000        JMP 0
5EB2  0000        JMP 0
5EB3  0000        JMP 0
5EB4  0000        JMP 0
5EB5  0000        JMP 0
5EB6  0000        JMP 0
5EB7  0000        JMP 0
5EB8  0000        JMP 0
5EB9  0000        JMP 0
5EBA  0000        JMP 0
5EBB  0000        JMP 0
5EBC  0000        JMP 0
5EBD  0000        JMP 0
5EBE  0000        JMP 0
5EBF  0000        JMP 0
5EC0  0000        JMP 0
5EC1  0000        JMP 0
5EC2  0000        JMP 0
5EC3  0000        JMP 0
5EC4  0000        JMP 0
5EC5  0000        JMP 0
5EC6  0000        JMP 0
5EC7  0000        JMP 0
5EC8  0000        JMP 0
5EC9  0000        JMP 0
5ECA  0000        JMP 0
5ECB  0000        JMP 0
5ECC  0000        JMP 0
5ECD  0000        JMP 0
5ECE  0000        JMP 0
5ECF  0000        JMP 0
5ED0  0000        JMP 0
5ED1  0000        JMP 0
5ED2  0000        JMP 0
5ED3  0000        JMP 0
5ED4  0000        JMP 0
5ED5  0000        JMP 0
5ED6  0000        JMP 0
5ED7  0000        JMP 0
5ED8  0000        JMP 0
5ED9  0000        JMP 0
5EDA  0000        JMP 0
5EDB  0000        JMP 0
5EDC  0000        JMP 0
5EDD  0000        JMP 0
5EDE  0000        JMP 0
5EDF  0000        JMP 0
5EE0  0000        JMP 0
5EE1  0000        JMP 0
5EE2  0000        JMP 0
5EE3  0000        JMP 0
5EE4  0000        JMP 0
5EE5  0000        JMP 0
5EE6  0000        JMP 0
5EE7  0000        JMP 0
5EE8  0000        JMP 0
5EE9  0000        JMP 0
5EEA  0000        JMP 0
5EEB  0000        JMP 0
5EEC  0000        JMP 0
5EED  0000        JMP 0
5EEE  0000        JMP 0
5EEF  0000        JMP 0
5EF0  0000        JMP 0
5EF1  0000        JMP 0
5EF2  0000        JMP 0
5EF3  0000        JMP 0
5EF4  0000        JMP 0
5EF5  0000        JMP 0
5EF6  0000        JMP 0
5EF7  0000        JMP 0
5EF8  0000        JMP 0
5EF9  0000        JMP 0
5EFA  0000        JMP 0
5EFB  0000        JMP 0
5EFC  0000        JMP 0
5EFD  0000        JMP 0
5EFE  0000        JMP 0
5EFF  0000        JMP 0
5F00  0000        JMP 0
5F01  0000        JMP 0
5F02  0000        JMP 0
5F03  0000        JMP 0
5F04  0000        JMP 0
5F05  0000        JMP 0
5F06  0000        JMP 0
5F07  0000        JMP 0
5F08  0000        JMP 0
5F09  0000        JMP 0
5F0A  0000        JMP 0
5F0B  0000        JMP 0
5F0C  0000        JMP 0
5F0D  0000        JMP 0
5F0E  0000        JMP 0
5F0F  0000        JMP 0
5F10  0000        JMP 0
5F11  0000        JMP 0
5F12  0000        JMP 0
5F13  0000        JMP 0
5F14  0000        JMP 0
5F15  0000        JMP 0
5F16  0000        JMP 0
5F17  0000        JMP 0
5F18  0000        JMP 0
5F19  0000        JMP 0
5F1A  0000        JMP 0
5F1B  0000        JMP 0
5F1C  0000        JMP 0
5F1D  0000        JMP 0
5F1E  0000        JMP 0
5F1F  0000        JMP 0
5F20  0000        JMP 0
5F21  0000        JMP 0
5F22  0000        JMP 0
5F23  0000        JMP 0
5F24  0000        JMP 0
5F25  0000        JMP 0
5F26  0000        JMP 0
5F27  0000        JMP 0
5F28  0000        JMP 0
5F29  0000        JMP 0
5F2A  0000        JMP 0
5F2B  0000        JMP 0
5F2C  0000        JMP 0
5F2D  0000        JMP 0
5F2E  0000        JMP 0
5F2F  0000        JMP 0
5F30  0000        JMP 0
5F31  0000        JMP 0
5F32  0000        JMP 0
5F33  0000        JMP 0
5F34  0000        JMP 0
5F35  0000        JMP 0
5F36  0000        JMP 0
5F37  0000        JMP 0
5F38  0000        JMP 0
5F39  0000        JMP 0
5F3A  0000        JMP 0
5F3B  0000        JMP 0
5F3C  0000        JMP 0
5F3D  0000        JMP 0
5F3E  0000        JMP 0
5F3F  0000        JMP 0
5F40  0000        JMP 0
5F41  0000        JMP 0
5F42  0000        JMP 0
5F43  0000        JMP 0
5F44  0000        JMP 0
5F45  0000        JMP 0
5F46  0000        JMP 0
5F47  0000        JMP 0
5F48  0000        JMP 0
5F49  0000        JMP 0
5F4A  0000        JMP 0
5F4B  0000        JMP 0
5F4C  0000        JMP 0
5F4D  0000        JMP 0
5F4E  0000        JMP 0
5F4F  0000        JMP 0
5F50  0000        JMP 0
5F51  0000        JMP 0
5F52  0000        JMP 0
5F53  0000        JMP 0
5F54  0000        JMP 0
5F55  0000        JMP 0
5F56  0000        JMP 0
5F57  0000        JMP 0
5F58  0000        JMP 0
5F59  0000        JMP 0
5F5A  0000        JMP 0
5F5B  0000        JMP 0
5F5C  0000        JMP 0
5F5D  0000        JMP 0
5F5E  0000        JMP 0
5F5F  0000        JMP 0
5F60  0000        JMP 0
5F61  0000        JMP 0
5F62  0000        JMP 0
5F63  0000        JMP 0
5F64  0000        JMP 0
5F65  0000        JMP 0
5F66  0000        JMP 0
5F67  0000        JMP 0
5F68  0000        JMP 0
5F69  0000        JMP 0
5F6A  0000        JMP 0
5F6B  0000        JMP 0
5F6C  0000        JMP 0
5F6D  0000        JMP 0
5F6E  0000        JMP 0
5F6F  0000        JMP 0
5F70  0000        JMP 0
5F71  0000        JMP 0
5F72  0000        JMP 0
5F73  0000        JMP 0
5F74  0000        JMP 0
5F75  0000        JMP 0
5F76  0000        JMP 0
5F77  0000        JMP 0
5F78  0000        JMP 0
5F79  0000        JMP 0
5F7A  0000        JMP 0
5F7B  0000        JMP 0
5F7C  0000        JMP 0
5F7D  0000        JMP 0
5F7E  0000        JMP 0
5F7F  0000        JMP 0
5F80  0000        JMP 0
5F81  0000        JMP 0
5F82  0000        JMP 0
5F83  0000        JMP 0
5F84  0000        JMP 0
5F85  0000        JMP 0
5F86  0000        JMP 0
5F87  0000        JMP 0
5F88  0000        JMP 0
5F89  0000        JMP 0
5F8A  0000        JMP 0
5F8B  0000        JMP 0
5F8C  0000        JMP 0
5F8D  0000        JMP 0
5F8E  0000        JMP 0
5F8F  0000        JMP 0
5F90  0000        JMP 0
5F91  0000        JMP 0
5F92  0000        JMP 0
5F93  0000        JMP 0
5F94  0000        JMP 0
5F95  0000        JMP 0
5F96  0000        JMP 0
5F97  0000        JMP 0
5F98  0000        JMP 0
5F99  0000        JMP 0
5F9A  0000        JMP 0
5F9B  0000        JMP 0
5F9C  0000        JMP 0
5F9D  0000        JMP 0
5F9E  0000        JMP 0
5F9F  0000        JMP 0
5FA0  0000        JMP 0
5FA1  0000        JMP 0
5FA2  0000        JMP 0
5FA3  0000        JMP 0
5FA4  0000        JMP 0
5FA5  0000        JMP 0
5FA6  0000        JMP 0
5FA7  0000        JMP 0
5FA8  0000        JMP 0
5FA9  0000        JMP 0
5FAA  0000        JMP 0
5FAB  0000        JMP 0
5FAC  0000        JMP 0
5FAD  0000        JMP 0
5FAE  0000        JMP 0
5FAF  0000        JMP 0
5FB0  0000        JMP 0
5FB1  0000        JMP 0
5FB2  0000        JMP 0
5FB3  0000        JMP 0
5FB4  0000        JMP 0
5FB5  0000        JMP 0
5FB6  0000        JMP 0
5FB7  0000        JMP 0
5FB8  0000        JMP 0
5FB9  0000        JMP 0
5FBA  0000        JMP 0
5FBB  0000        JMP 0
5FBC  03E8        JMP -24,3
5FBD  0000        JMP 0
5FBE  0000        JMP 0
5FBF  0000        JMP 0
5FC0  0000        JMP 0
5FC1  0000        JMP 0
5FC2  0000        JMP 0
5FC3  0000        JMP 0
5FC4  0000        JMP 0
5FC5  0000        JMP 0
5FC6  0000        JMP 0
5FC7  0000        JMP 0
5FC8  0000        JMP 0
5FC9  0000        JMP 0
5FCA  0000        JMP 0
5FCB  0000        JMP 0
5FCC  0000        JMP 0
5FCD  0000        JMP 0
5FCE  0000        JMP 0
5FCF  0000        JMP 0
5FD0  0000        JMP 0
5FD1  0000        JMP 0
5FD2  0000        JMP 0
5FD3  0000        JMP 0
5FD4  0000        JMP 0
5FD5  0000        JMP 0
5FD6  0000        JMP 0
5FD7  0000        JMP 0
5FD8  0000        JMP 0
5FD9  0000        JMP 0
5FDA  0000        JMP 0
5FDB  0000        JMP 0
5FDC  0000        JMP 0
5FDD  0000        JMP 0
5FDE  0000        JMP 0
5FDF  0000        JMP 0
5FE0  0000        JMP 0
5FE1  0000        JMP 0
5FE2  0000        JMP 0
5FE3  0000        JMP 0
5FE4  0000        JMP 0
5FE5  0000        JMP 0
5FE6  0000        JMP 0
5FE7  0000        JMP 0
5FE8  0000        JMP 0
5FE9  0000        JMP 0
5FEA  0000        JMP 0
5FEB  0000        JMP 0
5FEC  0000        JMP 0
5FED  0000        JMP 0
5FEE  0000        JMP 0
5FEF  0000        JMP 0
5FF0  0000        JMP 0
5FF1  0000        JMP 0
5FF2  0000        JMP 0
5FF3  0000        JMP 0
5FF4  0000        JMP 0
5FF5  0000        JMP 0
5FF6  0000        JMP 0
5FF7  0000        JMP 0
5FF8  0000        JMP 0
5FF9  0000        JMP 0
5FFA  0000        JMP 0
5FFB  0000        JMP 0
5FFC  0000        JMP 0
5FFD  0000        JMP 0
5FFE  0000        JMP 0
5FFF  0000        JMP 0
6000  E7C8 0048   SAVE 72             ; frame
6002  3020        LDA 2,32
6003  630A        LEF 0,10,3
6004  6B08        LEF 1,8,3
6005  8E48        PSH 0,1
6006  0C0C 017D   JSR @12            ; overlay call, arg 017D
6008  5020        STA 2,32
6009  2B0A        LDA 1,10,3
600A  0C52        JSR @82
600B  0005        JMP 5
600C  0004        JMP 4
600D  0470        JMP @112
600E  066B        JMP @107,2
600F  0671        JMP @113,2
6010  A438 0B6E   ELDA 0,0B6E   ; [0B6E] = 0
6012  AC38 4000   ELDA 1,4000   ; [4000] = 9
6014  8A48        SGE 0,1
6015  8501        SUB 0,0,SKP
6016  8550        SUBZL 0,0
6017  B438 0B6E   ELDA 2,0B6E   ; [0B6E] = 0
6019  430C        STA 0,12,3
601A  D20C        MOV# 2,2,SZR
601B  8501        SUB 0,0,SKP
601C  8550        SUBZL 0,0
601D  330C        LDA 2,12,3
601E  C108        IOR 2,0
601F  430D        STA 0,13,3
6020  A438 0469   ELDA 0,0469   ; [0469] = 0
6022  820C        MOV# 0,0,SZR
6023  8501        SUB 0,0,SKP
6024  8550        SUBZL 0,0
6025  330D        LDA 2,13,3
6026  C108        IOR 2,0
6027  820C        MOV# 0,0,SZR
6028  0118        JMP 24,PC   ; -> 6040
6029  3020        LDA 2,32
602A  E438 4001   ELEF 0,4001   ; [4001] = 130
602C  8648        PSH 0,0
602D  0C0C 013F   JSR @12            ; overlay call, arg 013F
602F  5020        STA 2,32
6030  AC38 0B6D   ELDA 1,0B6D   ; [0B6D] = 0
6032  CC38 0B6E   ESTA 1,0B6E   ; [0B6E] = 0
6034  B438 046A   ELDA 2,046A   ; [046A] = 0
6036  D20C        MOV# 2,2,SZR
6037  0105        JMP 5,PC   ; -> 603C
6038  AC38 4002   ELDA 1,4002   ; [4002] = 15
603A  CC38 0477   ESTA 1,0477   ; [0477] = 0
603C  A438 4003   ELDA 0,4003   ; [4003] = 1
603E  C438 046A   ESTA 0,046A   ; [046A] = 0
6040  3020        LDA 2,32
6041  630A        LEF 0,10,3
6042  8648        PSH 0,0
6043  0C0C 0151   JSR @12            ; overlay call, arg 0151
6045  5020        STA 2,32
6046  2B0A        LDA 1,10,3
6047  AA0C        MOV# 1,1,SZR
6048  8501        SUB 0,0,SKP
6049  8550        SUBZL 0,0
604A  B438 0B72   ELDA 2,0B72   ; [0B72] = 0
604C  430E        STA 0,14,3
604D  D20C        MOV# 2,2,SZR
604E  8501        SUB 0,0,SKP
604F  8550        SUBZL 0,0
6050  330E        LDA 2,14,3
6051  C108        IOR 2,0
6052  820C        MOV# 0,0,SZR
6053  0107        JMP 7,PC   ; -> 605A
6054  3020        LDA 2,32
6055  630A        LEF 0,10,3
6056  8648        PSH 0,0
6057  0C0C 016D   JSR @12            ; overlay call, arg 016D
6059  5020        STA 2,32
605A  230A        LDA 0,10,3
605B  AC38 4004   ELDA 1,4004   ; [4004] = 99
605D  8D0C        SUB# 0,1,SZR
605E  8501        SUB 0,0,SKP
605F  8550        SUBZL 0,0
6060  B438 0B6D   ELDA 2,0B6D   ; [0B6D] = 0
6062  430F        STA 0,15,3
6063  D20C        MOV# 2,2,SZR
6064  8501        SUB 0,0,SKP
6065  8550        SUBZL 0,0
6066  330F        LDA 2,15,3
6067  C108        IOR 2,0
6068  820D        MOV# 0,0,SNR
6069  0103        JMP 3,PC   ; -> 606C
606A  8538 0429   EJMP 0429,PC   ; -> 6494
606C  3020        LDA 2,32
606D  630A        LEF 0,10,3
606E  6B08        LEF 1,8,3
606F  8E48        PSH 0,1
6070  0C0C 0177   JSR @12            ; overlay call, arg 0177
6072  5020        STA 2,32
6073  8538 042B   EJMP 042B,PC   ; -> 649F
6075  A438 4005   ELDA 0,4005   ; [4005] = 54
6077  4308        STA 0,8,3
6078  2308        LDA 0,8,3
6079  C438 0466   ESTA 0,0466   ; [0466] = 0
607B  3020        LDA 2,32
607C  E438 0466   ELEF 0,0466   ; [0466] = 0
607E  8648        PSH 0,0
607F  0C0C 013F   JSR @12            ; overlay call, arg 013F
6081  5020        STA 2,32
6082  8500        SUB 0,0
6083  C438 05B0   ESTA 0,05B0   ; [05B0] = 0
6085  C438 0467   ESTA 0,0467   ; [0467] = 0
6087  3020        LDA 2,32
6088  0C0C 016F   JSR @12            ; overlay call, arg 016F
608A  A438 0474   ELDA 0,0474   ; [0474] = 0
608C  8100        NEG 0,0
608D  4310        STA 0,16,3
608E  3020        LDA 2,32
608F  6310        LEF 0,16,3
6090  8648        PSH 0,0
6091  E438 4006   ELEF 0,4006   ; [4006] = 0
6093  6B11        LEF 1,17,3
6094  8E48        PSH 0,1
6095  8C38 78D8   EJSR 78D8   ; [78D8] = 59336
6097  5020        STA 2,32
6098  3311        LDA 2,17,3
6099  D438 0474   ESTA 2,0474   ; [0474] = 0
609B  B438 046D   ELDA 2,046D   ; [046D] = 0
609D  9008        ADI 0,2
609E  D438 046D   ESTA 2,046D   ; [046D] = 0
60A0  A438 05B0   ELDA 0,05B0   ; [05B0] = 0
60A2  B438 04B3   ELDA 2,04B3   ; [04B3] = 0
60A4  950C        SUB# 0,2,SZR
60A5  8501        SUB 0,0,SKP
60A6  8550        SUBZL 0,0
60A7  4312        STA 0,18,3
60A8  A438 0465   ELDA 0,0465   ; [0465] = 0
60AA  820D        MOV# 0,0,SNR
60AB  8501        SUB 0,0,SKP
60AC  8550        SUBZL 0,0
60AD  3312        LDA 2,18,3
60AE  C700        AND 2,0
60AF  820D        MOV# 0,0,SNR
60B0  0104        JMP 4,PC   ; -> 60B4
60B1  8500        SUB 0,0
60B2  C438 05B0   ESTA 0,05B0   ; [05B0] = 0
60B4  A438 05B0   ELDA 0,05B0   ; [05B0] = 0
60B6  AC38 04B3   ELDA 1,04B3   ; [04B3] = 0
60B8  8D0C        SUB# 0,1,SZR
60B9  0103        JMP 3,PC   ; -> 60BC
60BA  8538 037C   EJMP 037C,PC   ; -> 6437
60BC  B438 0478   ELDA 2,0478   ; [0478] = 0
60BE  D20C        MOV# 2,2,SZR
60BF  8501        SUB 0,0,SKP
60C0  8550        SUBZL 0,0
60C1  AC38 0B6D   ELDA 1,0B6D   ; [0B6D] = 0
60C3  4313        STA 0,19,3
60C4  A438 4002   ELDA 0,4002   ; [4002] = 15
60C6  A248        SGE 1,0
60C7  8501        SUB 0,0,SKP
60C8  8550        SUBZL 0,0
60C9  3313        LDA 2,19,3
60CA  C700        AND 2,0
60CB  4314        STA 0,20,3
60CC  A438 4008   ELDA 0,4008   ; [4008] = 33
60CE  A50D        SUB# 1,0,SNR
60CF  8501        SUB 0,0,SKP
60D0  8550        SUBZL 0,0
60D1  3314        LDA 2,20,3
60D2  C700        AND 2,0
60D3  820D        MOV# 0,0,SNR
60D4  0106        JMP 6,PC   ; -> 60DA
60D5  A438 0476   ELDA 0,0476   ; [0476] = 0
60D7  8048        SBI 0,0
60D8  C438 0476   ESTA 0,0476   ; [0476] = 0
60DA  8550        SUBZL 0,0
60DB  430A        STA 0,10,3
60DC  AC38 0476   ELDA 1,0476   ; [0476] = 0
60DE  AA0C        MOV# 1,1,SZR
60DF  0103        JMP 3,PC   ; -> 60E2
60E0  8538 0515   EJMP 0515,PC   ; -> 65F6
60E2  AA4B        MOVL# 1,1,SNC
60E3  0106        JMP 6,PC   ; -> 60E9
60E4  B438 0477   ELDA 2,0477   ; [0477] = 0
60E6  9048        SBI 0,2
60E7  D438 0477   ESTA 2,0477   ; [0477] = 0
60E9  A438 4009   ELDA 0,4009   ; [4009] = 2
60EB  430A        STA 0,10,3
60EC  AC38 0477   ELDA 1,0477   ; [0477] = 0
60EE  AA0C        MOV# 1,1,SZR
60EF  0103        JMP 3,PC   ; -> 60F2
60F0  8538 0505   EJMP 0505,PC   ; -> 65F6
60F2  B438 047E   ELDA 2,047E   ; [047E] = 0
60F4  EC38 0809   ELEF 1,0809   ; [0809] = 0
60F6  B600        ADD 1,2
60F7  AD50        SUBZL 1,1
60F8  2200        LDA 0,0,2
60F9  A50C        SUB# 1,0,SZR
60FA  0106        JMP 6,PC   ; -> 6100
60FB  A438 0B71   ELDA 0,0B71   ; [0B71] = 0
60FD  8048        SBI 0,0
60FE  C438 0B71   ESTA 0,0B71   ; [0B71] = 0
6100  8550        SUBZL 0,0
6101  430A        STA 0,10,3
6102  AC38 0B71   ELDA 1,0B71   ; [0B71] = 0
6104  B438 400A   ELDA 2,400A   ; [400A] = 30
6106  CA48        SGE 2,1
6107  8501        SUB 0,0,SKP
6108  8550        SUBZL 0,0
6109  B438 049E   ELDA 2,049E   ; [049E] = 0
610B  EC38 0615   ELEF 1,0615   ; [0615] = 0
610D  B600        ADD 1,2
610E  5315        STA 2,21,3
610F  B438 0B6D   ELDA 2,0B6D   ; [0B6D] = 0
6111  2F15        LDA 1,@21,3
6112  4316        STA 0,22,3
6113  CD0C        SUB# 2,1,SZR
6114  8501        SUB 0,0,SKP
6115  8550        SUBZL 0,0
6116  4317        STA 0,23,3
6117  A438 400B   ELDA 0,400B   ; [400B] = 65535
6119  A50C        SUB# 1,0,SZR
611A  8501        SUB 0,0,SKP
611B  8550        SUBZL 0,0
611C  3317        LDA 2,23,3
611D  C108        IOR 2,0
611E  3316        LDA 2,22,3
611F  C700        AND 2,0
6120  B438 049E   ELDA 2,049E   ; [049E] = 0
6122  EC38 0809   ELEF 1,0809   ; [0809] = 0
6124  B600        ADD 1,2
6125  5318        STA 2,24,3
6126  3200        LDA 2,0,2
6127  4319        STA 0,25,3
6128  D20C        MOV# 2,2,SZR
6129  8501        SUB 0,0,SKP
612A  8550        SUBZL 0,0
612B  3319        LDA 2,25,3
612C  C700        AND 2,0
612D  B438 047E   ELDA 2,047E   ; [047E] = 0
612F  EC38 0615   ELEF 1,0615   ; [0615] = 0
6131  B600        ADD 1,2
6132  531A        STA 2,26,3
6133  B438 0B6D   ELDA 2,0B6D   ; [0B6D] = 0
6135  2F1A        LDA 1,@26,3
6136  431B        STA 0,27,3
6137  CD0C        SUB# 2,1,SZR
6138  8501        SUB 0,0,SKP
6139  8550        SUBZL 0,0
613A  431C        STA 0,28,3
613B  A438 400B   ELDA 0,400B   ; [400B] = 65535
613D  8D0C        SUB# 0,1,SZR
613E  8501        SUB 0,0,SKP
613F  8550        SUBZL 0,0
6140  331C        LDA 2,28,3
6141  C108        IOR 2,0
6142  331B        LDA 2,27,3
6143  C700        AND 2,0
6144  820D        MOV# 0,0,SNR
6145  0103        JMP 3,PC   ; -> 6148
6146  8538 04B7   EJMP 04B7,PC   ; -> 65FE
6148  A438 400C   ELDA 0,400C   ; [400C] = 3
614A  430A        STA 0,10,3
614B  A438 0B71   ELDA 0,0B71   ; [0B71] = 0
614D  820C        MOV# 0,0,SZR
614E  0103        JMP 3,PC   ; -> 6151
614F  8538 04AE   EJMP 04AE,PC   ; -> 65FE
6151  A438 400D   ELDA 0,400D   ; [400D] = 4
6153  430A        STA 0,10,3
6154  AC38 0B71   ELDA 1,0B71   ; [0B71] = 0
6156  AA4B        MOVL# 1,1,SNC
6157  8501        SUB 0,0,SKP
6158  8550        SUBZL 0,0
6159  AC38 0B6D   ELDA 1,0B6D   ; [0B6D] = 0
615B  431D        STA 0,29,3
615C  A438 400E   ELDA 0,400E   ; [400E] = 8
615E  8A48        SGE 0,1
615F  8501        SUB 0,0,SKP
6160  8550        SUBZL 0,0
6161  331D        LDA 2,29,3
6162  C700        AND 2,0
6163  820D        MOV# 0,0,SNR
6164  0103        JMP 3,PC   ; -> 6167
6165  8538 0498   EJMP 0498,PC   ; -> 65FE
6167  A438 4009   ELDA 0,4009   ; [4009] = 2
6169  430A        STA 0,10,3
616A  3316        LDA 2,22,3
616B  D20D        MOV# 2,2,SNR
616C  0103        JMP 3,PC   ; -> 616F
616D  8538 0490   EJMP 0490,PC   ; -> 65FE
616F  A438 400F   ELDA 0,400F   ; [400F] = 43
6171  4308        STA 0,8,3
6172  B438 0B6D   ELDA 2,0B6D   ; [0B6D] = 0
6174  EC38 0904   ELEF 1,0904   ; [0904] = 0
6176  B600        ADD 1,2
6177  531E        STA 2,30,3
6178  3200        LDA 2,0,2
6179  D6F8        ?ECL D6F8          <<< unknown extended
617A  531F        STA 2,31,3
617B  D600        ADD 2,2
617C  CA00        MOV 2,1
617D  5320        STA 2,32,3
617E  B438 400E   ELDA 2,400E   ; [400E] = 8
6180  BFC8        DIVX
6181  4321        STA 0,33,3
6182  E7F8 FFFB   ADDI FFFB,0
6184  2F1E        LDA 1,@30,3
6185  CEF8        ?ECL CEF8          <<< unknown extended
6186  CEF8        ?ECL CEF8          <<< unknown extended
6187  B438 4009   ELDA 2,4009   ; [4009] = 2
6189  4322        STA 0,34,3
618A  4B23        STA 1,35,3
618B  BFC8        DIVX
618C  2B22        LDA 1,34,3
618D  9200        MOV 0,2
618E  4324        STA 0,36,3
618F  8500        SUB 0,0
6190  C7C8        MUL
6191  4B25        STA 1,37,3
6192  8808        ADI 0,1
6193  8550        SUBZL 0,0
6194  A500        SUB 1,0
6195  B438 0491   ELDA 2,0491   ; [0491] = 0
6197  4B26        STA 1,38,3
6198  8A00        MOV 0,1
6199  8500        SUB 0,0
619A  C7C8        MUL
619B  2326        LDA 0,38,3
619C  C6F8        ?ECL C6F8          <<< unknown extended
619D  4B27        STA 1,39,3
619E  AC38 0492   ELDA 1,0492   ; [0492] = 0
61A0  B600        ADD 1,2
61A1  8A00        MOV 0,1
61A2  2327        LDA 0,39,3
61A3  C7C8        MUL
61A4  A438 0491   ELDA 0,0491   ; [0491] = 0
61A6  8D0C        SUB# 0,1,SZR
61A7  0104        JMP 4,PC   ; -> 61AB
61A8  B438 4011   ELDA 2,4011   ; [4011] = 70
61AA  5308        STA 2,8,3
61AB  3020        LDA 2,32
61AC  E438 04E3   ELEF 0,04E3   ; [04E3] = 8224
61AE  8A00        MOV 0,1
61AF  8E48        PSH 0,1
61B0  8E48        PSH 0,1
61B1  EC38 04DA   ELEF 1,04DA   ; [04DA] = 21024
61B3  8E48        PSH 0,1
61B4  E438 04CD   ELEF 0,04CD   ; [04CD] = 17696
61B6  EC38 04DC   ELEF 1,04DC   ; [04DC] = 21536
61B8  8E48        PSH 0,1
61B9  E438 04D6   ELEF 0,04D6   ; [04D6] = 20000
61BB  EC38 04CD   ELEF 1,04CD   ; [04CD] = 17696
61BD  8E48        PSH 0,1
61BE  E438 4010   ELEF 0,4010   ; [4010] = 5
61C0  EC38 0459   ELEF 1,0459   ; [0459] = 0
61C2  8E48        PSH 0,1
61C3  E438 044E   ELEF 0,044E   ; [044E] = 0
61C5  6B28        LEF 1,40,3
61C6  8E48        PSH 0,1
61C7  0C0C 018B   JSR @12            ; overlay call, arg 018B
61C9  5020        STA 2,32
61CA  E438 04E3   ELEF 0,04E3   ; [04E3] = 8224
61CC  8A00        MOV 0,1
61CD  8E48        PSH 0,1
61CE  8E48        PSH 0,1
61CF  E438 04D5   ELEF 0,04D5   ; [04D5] = 19744
61D1  EC38 04C9   ELEF 1,04C9   ; [04C9] = 16672
61D3  8E48        PSH 0,1
61D4  E438 04CD   ELEF 0,04CD   ; [04CD] = 17696
61D6  EC38 04DA   ELEF 1,04DA   ; [04DA] = 21024
61D8  8E48        PSH 0,1
61D9  E438 04DC   ELEF 0,04DC   ; [04DC] = 21536
61DB  EC38 04DB   ELEF 1,04DB   ; [04DB] = 21280
61DD  8E48        PSH 0,1
61DE  E438 4012   ELEF 0,4012   ; [4012] = 6
61E0  EC38 0465   ELEF 1,0465   ; [0465] = 0
61E2  8E48        PSH 0,1
61E3  E438 045A   ELEF 0,045A   ; [045A] = 0
61E5  6B29        LEF 1,41,3
61E6  8E48        PSH 0,1
61E7  0C0C 018B   JSR @12            ; overlay call, arg 018B
61E9  5020        STA 2,32
61EA  E438 04E3   ELEF 0,04E3   ; [04E3] = 8224
61EC  8A00        MOV 0,1
61ED  8E48        PSH 0,1
61EE  8E48        PSH 0,1
61EF  EC38 04DA   ELEF 1,04DA   ; [04DA] = 21024
61F1  8E48        PSH 0,1
61F2  E438 04CD   ELEF 0,04CD   ; [04CD] = 17696
61F4  EC38 04DC   ELEF 1,04DC   ; [04DC] = 21536
61F6  8E48        PSH 0,1
61F7  E438 04C9   ELEF 0,04C9   ; [04C9] = 16672
61F9  EC38 04DF   ELEF 1,04DF   ; [04DF] = 22304
61FB  8E48        PSH 0,1
61FC  E438 4010   ELEF 0,4010   ; [4010] = 5
61FE  EC38 0465   ELEF 1,0465   ; [0465] = 0
6200  8E48        PSH 0,1
6201  E438 045A   ELEF 0,045A   ; [045A] = 0
6203  6B2A        LEF 1,42,3
6204  8E48        PSH 0,1
6205  0C0C 018B   JSR @12            ; overlay call, arg 018B
6207  5020        STA 2,32
6208  3329        LDA 2,41,3
6209  2B2A        LDA 1,42,3
620A  C908        IOR 2,1
620B  2328        LDA 0,40,3
620C  8F00        AND 0,1
620D  AA0D        MOV# 1,1,SNR
620E  0103        JMP 3,PC   ; -> 6211
620F  8538 7E68   EJMP 7E68,PC   ; -> 6078
6211  AC38 0465   ELDA 1,0465   ; [0465] = 0
6213  AA0D        MOV# 1,1,SNR
6214  8501        SUB 0,0,SKP
6215  8550        SUBZL 0,0
6216  432B        STA 0,43,3
6217  3020        LDA 2,32
6218  E438 04E3   ELEF 0,04E3   ; [04E3] = 8224
621A  8A00        MOV 0,1
621B  8E48        PSH 0,1
621C  8E48        PSH 0,1
621D  EC38 04DA   ELEF 1,04DA   ; [04DA] = 21024
621F  8E48        PSH 0,1
6220  E438 04CD   ELEF 0,04CD   ; [04CD] = 17696
6222  EC38 04DC   ELEF 1,04DC   ; [04DC] = 21536
6224  8E48        PSH 0,1
6225  E438 04D6   ELEF 0,04D6   ; [04D6] = 20000
6227  EC38 04CD   ELEF 1,04CD   ; [04CD] = 17696
6229  8E48        PSH 0,1
622A  E438 4010   ELEF 0,4010   ; [4010] = 5
622C  EC38 0459   ELEF 1,0459   ; [0459] = 0
622E  8E48        PSH 0,1
622F  E438 044E   ELEF 0,044E   ; [044E] = 0
6231  6B2C        LEF 1,44,3
6232  8E48        PSH 0,1
6233  0C0C 018B   JSR @12            ; overlay call, arg 018B
6235  5020        STA 2,32
6236  332B        LDA 2,43,3
6237  2B2C        LDA 1,44,3
6238  CF00        AND 2,1
6239  AA0D        MOV# 1,1,SNR
623A  0103        JMP 3,PC   ; -> 623D
623B  8538 0146   EJMP 0146,PC   ; -> 6382
623D  3020        LDA 2,32
623E  E438 04E3   ELEF 0,04E3   ; [04E3] = 8224
6240  8A00        MOV 0,1
6241  8E48        PSH 0,1
6242  8E48        PSH 0,1
6243  EC38 04DA   ELEF 1,04DA   ; [04DA] = 21024
6245  8E48        PSH 0,1
6246  E438 04CD   ELEF 0,04CD   ; [04CD] = 17696
6248  EC38 04DC   ELEF 1,04DC   ; [04DC] = 21536
624A  8E48        PSH 0,1
624B  E438 04C9   ELEF 0,04C9   ; [04C9] = 16672
624D  EC38 04DF   ELEF 1,04DF   ; [04DF] = 22304
624F  8E48        PSH 0,1
6250  E438 4010   ELEF 0,4010   ; [4010] = 5
6252  EC38 0459   ELEF 1,0459   ; [0459] = 0
6254  8E48        PSH 0,1
6255  E438 044E   ELEF 0,044E   ; [044E] = 0
6257  6B2D        LEF 1,45,3
6258  8E48        PSH 0,1
6259  0C0C 018B   JSR @12            ; overlay call, arg 018B
625B  5020        STA 2,32
625C  332D        LDA 2,45,3
625D  D20C        MOV# 2,2,SZR
625E  D501        SUB 2,2,SKP
625F  D550        SUBZL 2,2
6260  532E        STA 2,46,3
6261  3020        LDA 2,32
6262  E438 04E3   ELEF 0,04E3   ; [04E3] = 8224
6264  8A00        MOV 0,1
6265  8E48        PSH 0,1
6266  8E48        PSH 0,1
6267  8E48        PSH 0,1
6268  EC38 04D4   ELEF 1,04D4   ; [04D4] = 19488
626A  8E48        PSH 0,1
626B  E438 04D1   ELEF 0,04D1   ; [04D1] = 18720
626D  EC38 04D7   ELEF 1,04D7   ; [04D7] = 20256
626F  8E48        PSH 0,1
6270  E438 400C   ELEF 0,400C   ; [400C] = 3
6272  EC38 0459   ELEF 1,0459   ; [0459] = 0
6274  8E48        PSH 0,1
6275  E438 044E   ELEF 0,044E   ; [044E] = 0
6277  6B2F        LEF 1,47,3
6278  8E48        PSH 0,1
6279  0C0C 018B   JSR @12            ; overlay call, arg 018B
627B  5020        STA 2,32
627C  332F        LDA 2,47,3
627D  D20C        MOV# 2,2,SZR
627E  D501        SUB 2,2,SKP
627F  D550        SUBZL 2,2
6280  2B2E        LDA 1,46,3
6281  B700        AND 1,2
6282  5330        STA 2,48,3
6283  3020        LDA 2,32
6284  E438 04E3   ELEF 0,04E3   ; [04E3] = 8224
6286  8A00        MOV 0,1
6287  8E48        PSH 0,1
6288  8E48        PSH 0,1
6289  EC38 04DC   ELEF 1,04DC   ; [04DC] = 21536
628B  8E48        PSH 0,1
628C  E438 04D6   ELEF 0,04D6   ; [04D6] = 20000
628E  EC38 04C9   ELEF 1,04C9   ; [04C9] = 16672
6290  8E48        PSH 0,1
6291  E438 04D4   ELEF 0,04D4   ; [04D4] = 19488
6293  EC38 04D8   ELEF 1,04D8   ; [04D8] = 20512
6295  8E48        PSH 0,1
6296  E438 4010   ELEF 0,4010   ; [4010] = 5
6298  EC38 0465   ELEF 1,0465   ; [0465] = 0
629A  8E48        PSH 0,1
629B  E438 045A   ELEF 0,045A   ; [045A] = 0
629D  6B31        LEF 1,49,3
629E  8E48        PSH 0,1
629F  0C0C 018B   JSR @12            ; overlay call, arg 018B
62A1  5020        STA 2,32
62A2  3331        LDA 2,49,3
62A3  D20C        MOV# 2,2,SZR
62A4  D501        SUB 2,2,SKP
62A5  D550        SUBZL 2,2
62A6  5332        STA 2,50,3
62A7  3020        LDA 2,32
62A8  E438 04E3   ELEF 0,04E3   ; [04E3] = 8224
62AA  8A00        MOV 0,1
62AB  8E48        PSH 0,1
62AC  8E48        PSH 0,1
62AD  8E48        PSH 0,1
62AE  E438 04DA   ELEF 0,04DA   ; [04DA] = 21024
62B0  EC38 04D7   ELEF 1,04D7   ; [04D7] = 20256
62B2  8E48        PSH 0,1
62B3  A200        MOV 1,0
62B4  EC38 04CC   ELEF 1,04CC   ; [04CC] = 17440
62B6  8E48        PSH 0,1
62B7  E438 400D   ELEF 0,400D   ; [400D] = 4
62B9  EC38 0465   ELEF 1,0465   ; [0465] = 0
62BB  8E48        PSH 0,1
62BC  E438 045A   ELEF 0,045A   ; [045A] = 0
62BE  6B33        LEF 1,51,3
62BF  8E48        PSH 0,1
62C0  0C0C 018B   JSR @12            ; overlay call, arg 018B
62C2  5020        STA 2,32
62C3  3333        LDA 2,51,3
62C4  D20C        MOV# 2,2,SZR
62C5  D501        SUB 2,2,SKP
62C6  D550        SUBZL 2,2
62C7  2B32        LDA 1,50,3
62C8  B700        AND 1,2
62C9  2B30        LDA 1,48,3
62CA  B108        IOR 1,2
62CB  D20C        MOV# 2,2,SZR
62CC  014E        JMP 78,PC   ; -> 631A
62CD  3020        LDA 2,32
62CE  E438 4007   ELEF 0,4007   ; [4007] = 1
62D0  8648        PSH 0,0
62D1  E438 045A   ELEF 0,045A   ; [045A] = 0
62D3  6B34        LEF 1,52,3
62D4  8E48        PSH 0,1
62D5  0C0C 0189   JSR @12            ; overlay call, arg 0189
62D7  5020        STA 2,32
62D8  3334        LDA 2,52,3
62D9  EC38 0615   ELEF 1,0615   ; [0615] = 0
62DB  B600        ADD 1,2
62DC  A438 0B6D   ELDA 0,0B6D   ; [0B6D] = 0
62DE  5335        STA 2,53,3
62DF  3200        LDA 2,0,2
62E0  950C        SUB# 0,2,SZR
62E1  8501        SUB 0,0,SKP
62E2  8550        SUBZL 0,0
62E3  4336        STA 0,54,3
62E4  3020        LDA 2,32
62E5  E438 4007   ELEF 0,4007   ; [4007] = 1
62E7  8648        PSH 0,0
62E8  E438 045A   ELEF 0,045A   ; [045A] = 0
62EA  6B34        LEF 1,52,3
62EB  8E48        PSH 0,1
62EC  0C0C 0189   JSR @12            ; overlay call, arg 0189
62EE  5020        STA 2,32
62EF  3334        LDA 2,52,3
62F0  EC38 06DD   ELEF 1,06DD   ; [06DD] = 0
62F2  B600        ADD 1,2
62F3  A438 0B6D   ELDA 0,0B6D   ; [0B6D] = 0
62F5  5337        STA 2,55,3
62F6  3200        LDA 2,0,2
62F7  950C        SUB# 0,2,SZR
62F8  8501        SUB 0,0,SKP
62F9  8550        SUBZL 0,0
62FA  3336        LDA 2,54,3
62FB  C108        IOR 2,0
62FC  820D        MOV# 0,0,SNR
62FD  011D        JMP 29,PC   ; -> 631A
62FE  3020        LDA 2,32
62FF  E438 04E3   ELEF 0,04E3   ; [04E3] = 8224
6301  8648        PSH 0,0
6302  8A00        MOV 0,1
6303  8E48        PSH 0,1
6304  8E48        PSH 0,1
6305  EC38 04DA   ELEF 1,04DA   ; [04DA] = 21024
6307  8E48        PSH 0,1
6308  E438 04DD   ELEF 0,04DD   ; [04DD] = 21792
630A  EC38 04D7   ELEF 1,04D7   ; [04D7] = 20256
630C  8E48        PSH 0,1
630D  E438 04D8   ELEF 0,04D8   ; [04D8] = 20512
630F  EC38 400D   ELEF 1,400D   ; [400D] = 4
6311  8E48        PSH 0,1
6312  E438 0465   ELEF 0,0465   ; [0465] = 0
6314  EC38 045A   ELEF 1,045A   ; [045A] = 0
6316  8E48        PSH 0,1
6317  0C0C 014F   JSR @12            ; overlay call, arg 014F
6319  5020        STA 2,32
631A  3020        LDA 2,32
631B  E438 04E3   ELEF 0,04E3   ; [04E3] = 8224
631D  8A00        MOV 0,1
631E  8E48        PSH 0,1
631F  8E48        PSH 0,1
6320  8E48        PSH 0,1
6321  E438 04DC   ELEF 0,04DC   ; [04DC] = 21536
6323  EC38 04DB   ELEF 1,04DB   ; [04DB] = 21280
6325  8E48        PSH 0,1
6326  E438 04CD   ELEF 0,04CD   ; [04CD] = 17696
6328  EC38 04DF   ELEF 1,04DF   ; [04DF] = 22304
632A  8E48        PSH 0,1
632B  E438 400D   ELEF 0,400D   ; [400D] = 4
632D  EC38 0459   ELEF 1,0459   ; [0459] = 0
632F  8E48        PSH 0,1
6330  E438 044E   ELEF 0,044E   ; [044E] = 0
6332  6B38        LEF 1,56,3
6333  8E48        PSH 0,1
6334  0C0C 018B   JSR @12            ; overlay call, arg 018B
6336  5020        STA 2,32
6337  3338        LDA 2,56,3
6338  D20D        MOV# 2,2,SNR
6339  0111        JMP 17,PC   ; -> 634A
633A  A438 046E   ELDA 0,046E   ; [046E] = 0
633C  8008        ADI 0,0
633D  C438 046E   ESTA 0,046E   ; [046E] = 0
633F  B438 4013   ELDA 2,4013   ; [4013] = 10
6341  C50C        SUB# 2,0,SZR
6342  0108        JMP 8,PC   ; -> 634A
6343  3020        LDA 2,32
6344  E438 4014   ELEF 0,4014   ; [4014] = 17
6346  8648        PSH 0,0
6347  0C0C 013F   JSR @12            ; overlay call, arg 013F
6349  5020        STA 2,32
634A  3020        LDA 2,32
634B  E438 400B   ELEF 0,400B   ; [400B] = 65535
634D  8648        PSH 0,0
634E  E438 044E   ELEF 0,044E   ; [044E] = 0
6350  6B39        LEF 1,57,3
6351  8E48        PSH 0,1
6352  0C0C 0189   JSR @12            ; overlay call, arg 0189
6354  5020        STA 2,32
6355  3339        LDA 2,57,3
6356  5305        STA 2,5,3
6357  AC38 400B   ELDA 1,400B   ; [400B] = 65535
6359  CD0D        SUB# 2,1,SNR
635A  014A        JMP 74,PC   ; -> 63A4
635B  CA00        MOV 2,1
635C  B438 4015   ELDA 2,4015   ; [4015] = 1000
635E  BFC8        DIVX
635F  4308        STA 0,8,3
6360  2B05        LDA 1,5,3
6361  BFC8        DIVX
6362  8808        ADI 0,1
6363  4B0B        STA 1,11,3
6364  8550        SUBZL 0,0
6365  8A08        SGT 0,1
6366  8501        SUB 0,0,SKP
6367  8550        SUBZL 0,0
6368  433A        STA 0,58,3
6369  A438 400D   ELDA 0,400D   ; [400D] = 4
636B  A208        SGT 1,0
636C  8501        SUB 0,0,SKP
636D  8550        SUBZL 0,0
636E  333A        LDA 2,58,3
636F  C108        IOR 2,0
6370  820D        MOV# 0,0,SNR
6371  0108        JMP 8,PC   ; -> 6379
6372  3020        LDA 2,32
6373  E438 4016   ELEF 0,4016   ; [4016] = 22
6375  8648        PSH 0,0
6376  0C0C 0161   JSR @12            ; overlay call, arg 0161
6378  5020        STA 2,32
6379  8550        SUBZL 0,0
637A  430A        STA 0,10,3
637B  2B0B        LDA 1,11,3
637C  0C52        JSR @82
637D  0005        JMP 5
637E  00FF        JMP 255
637F  00F6        JMP 246
6380  0053        JMP 83
6381  FCF7        ADCCS 3,3,SBN
6382  A438 0465   ELDA 0,0465   ; [0465] = 0
6384  C438 0459   ESTA 0,0459   ; [0459] = 0
6386  AC38 0465   ELDA 1,0465   ; [0465] = 0
6388  8808        ADI 0,1
6389  CC38 0465   ESTA 1,0465   ; [0465] = 0
638B  D550        SUBZL 2,2
638C  5305        STA 2,5,3
638D  3305        LDA 2,5,3
638E  E438 0459   ELEF 0,0459   ; [0459] = 0
6390  9600        ADD 0,2
6391  533B        STA 2,59,3
6392  3305        LDA 2,5,3
6393  EC38 044D   ELEF 1,044D   ; [044D] = 11808
6395  B600        ADD 1,2
6396  273B        LDA 0,@59,3
6397  4200        STA 0,0,2
6398  2B05        LDA 1,5,3
6399  8808        ADI 0,1
639A  4B05        STA 1,5,3
639B  A438 0465   ELDA 0,0465   ; [0465] = 0
639D  A208        SGT 1,0
639E  01EF        JMP -17,PC   ; -> 638D
639F  D500        SUB 2,2
63A0  D438 0465   ESTA 2,0465   ; [0465] = 0
63A2  8538 7F77   EJMP 7F77,PC   ; -> 631A
63A4  A438 4017   ELDA 0,4017   ; [4017] = 60
63A6  C438 0466   ESTA 0,0466   ; [0466] = 0
63A8  3020        LDA 2,32
63A9  E438 4018   ELEF 0,4018   ; [4018] = 100
63AB  6B3C        LEF 1,60,3
63AC  8E48        PSH 0,1
63AD  0C0C 0149   JSR @12            ; overlay call, arg 0149
63AF  5020        STA 2,32
63B0  333C        LDA 2,60,3
63B1  AC38 4019   ELDA 1,4019   ; [4019] = 20
63B3  B208        SGT 1,2
63B4  0105        JMP 5,PC   ; -> 63B9
63B5  A438 401A   ELDA 0,401A   ; [401A] = 61
63B7  C438 0466   ESTA 0,0466   ; [0466] = 0
63B9  3020        LDA 2,32
63BA  E438 4018   ELEF 0,4018   ; [4018] = 100
63BC  6B3D        LEF 1,61,3
63BD  8E48        PSH 0,1
63BE  0C0C 0149   JSR @12            ; overlay call, arg 0149
63C0  5020        STA 2,32
63C1  333D        LDA 2,61,3
63C2  AC38 4019   ELDA 1,4019   ; [4019] = 20
63C4  B208        SGT 1,2
63C5  0105        JMP 5,PC   ; -> 63CA
63C6  AC38 401B   ELDA 1,401B   ; [401B] = 13
63C8  CC38 0466   ESTA 1,0466   ; [0466] = 0
63CA  3020        LDA 2,32
63CB  E438 0466   ELEF 0,0466   ; [0466] = 0
63CD  8648        PSH 0,0
63CE  0C0C 013F   JSR @12            ; overlay call, arg 013F
63D0  5020        STA 2,32
63D1  8538 7CB5   EJMP 7CB5,PC   ; -> 6087
63D3  2308        LDA 0,8,3
63D4  C438 05B0   ESTA 0,05B0   ; [05B0] = 0
63D6  F438 058C   ELEF 2,058C   ; [058C] = 12
63D8  9600        ADD 0,2
63D9  2A00        LDA 1,0,2
63DA  CC38 0466   ESTA 1,0466   ; [0466] = 0
63DC  A438 0465   ELDA 0,0465   ; [0465] = 0
63DE  820D        MOV# 0,0,SNR
63DF  8501        SUB 0,0,SKP
63E0  8550        SUBZL 0,0
63E1  432B        STA 0,43,3
63E2  A438 05B0   ELDA 0,05B0   ; [05B0] = 0
63E4  B438 04B3   ELDA 2,04B3   ; [04B3] = 0
63E6  950D        SUB# 0,2,SNR
63E7  8501        SUB 0,0,SKP
63E8  8550        SUBZL 0,0
63E9  332B        LDA 2,43,3
63EA  C700        AND 2,0
63EB  820C        MOV# 0,0,SZR
63EC  0196        JMP -106,PC   ; -> 6382
63ED  A438 05B0   ELDA 0,05B0   ; [05B0] = 0
63EF  B438 04B3   ELDA 2,04B3   ; [04B3] = 0
63F1  950C        SUB# 0,2,SZR
63F2  0105        JMP 5,PC   ; -> 63F7
63F3  A438 0465   ELDA 0,0465   ; [0465] = 0
63F5  C438 0467   ESTA 0,0467   ; [0467] = 0
63F7  A438 0467   ELDA 0,0467   ; [0467] = 0
63F9  820C        MOV# 0,0,SZR
63FA  013D        JMP 61,PC   ; -> 6437
63FB  AD50        SUBZL 1,1
63FC  4B0A        STA 1,10,3
63FD  B438 05B0   ELDA 2,05B0   ; [05B0] = 0
63FF  B208        SGT 1,2
6400  8501        SUB 0,0,SKP
6401  8550        SUBZL 0,0
6402  AC38 401C   ELDA 1,401C   ; [401C] = 32
6404  433E        STA 0,62,3
6405  CA08        SGT 2,1
6406  8501        SUB 0,0,SKP
6407  8550        SUBZL 0,0
6408  333E        LDA 2,62,3
6409  C108        IOR 2,0
640A  820D        MOV# 0,0,SNR
640B  0108        JMP 8,PC   ; -> 6413
640C  3020        LDA 2,32
640D  E438 401D   ELEF 0,401D   ; [401D] = 23
640F  8648        PSH 0,0
6410  0C0C 0161   JSR @12            ; overlay call, arg 0161
6412  5020        STA 2,32
6413  AC38 05B0   ELDA 1,05B0   ; [05B0] = 0
6415  0C52        JSR @82
6416  0021        JMP 33
6417  00C7        JMP 199
6418  00A1        JMP 161
6419  00A0        JMP 160
641A  00D9        JMP 217
641B  FC5A        ADCZL# 3,3,SZC
641C  00D7        JMP 215
641D  00DE        JMP 222
641E  00DF        JMP 223
641F  009A        JMP 154
6420  0099        JMP 153
6421  FC5A        ADCZL# 3,3,SZC
6422  00F2        JMP 242
6423  00F9        JMP 249
6424  0101        JMP 1,PC   ; -> 6425
6425  0108        JMP 8,PC   ; -> 642D
6426  0093        JMP 147
6427  0092        JMP 146
6428  0122        JMP 34,PC   ; -> 644A
6429  0090        JMP 144
642A  013D        JMP 61,PC   ; -> 6467
642B  008E        JMP 142
642C  0145        JMP 69,PC   ; -> 6471
642D  014C        JMP 76,PC   ; -> 6479
642E  0153        JMP 83,PC   ; -> 6481
642F  015A        JMP 90,PC   ; -> 6489
6430  0161        JMP 97,PC   ; -> 6491
6431  019D        JMP -99,PC   ; -> 63CE
6432  0087        JMP 135
6433  0086        JMP 134
6434  01B5        JMP -75,PC   ; -> 63E9
6435  01B9        JMP -71,PC   ; -> 63EE
6436  01B8        JMP -72,PC   ; -> 63EE
6437  A438 4009   ELDA 0,4009   ; [4009] = 2
6439  430A        STA 0,10,3
643A  AC38 05B0   ELDA 1,05B0   ; [05B0] = 0
643C  D550        SUBZL 2,2
643D  CA08        SGT 2,1
643E  8501        SUB 0,0,SKP
643F  8550        SUBZL 0,0
6440  433E        STA 0,62,3
6441  A438 401C   ELDA 0,401C   ; [401C] = 32
6443  A208        SGT 1,0
6444  8501        SUB 0,0,SKP
6445  8550        SUBZL 0,0
6446  333E        LDA 2,62,3
6447  C108        IOR 2,0
6448  820D        MOV# 0,0,SNR
6449  0108        JMP 8,PC   ; -> 6451
644A  3020        LDA 2,32
644B  E438 401E   ELEF 0,401E   ; [401E] = 24
644D  8648        PSH 0,0
644E  0C0C 0161   JSR @12            ; overlay call, arg 0161
6450  5020        STA 2,32
6451  AC38 05B0   ELDA 1,05B0   ; [05B0] = 0
6453  0C52        JSR @82
6454  0021        JMP 33
6455  0089        JMP 137
6456  008F        JMP 143
6457  0095        JMP 149
6458  009B        JMP 155
6459  FC1C        ADCZ# 3,3,SZR
645A  0099        JMP 153
645B  00A0        JMP 160
645C  00A1        JMP 161
645D  00B0        JMP 176
645E  FC1D        ADCZ# 3,3,SNR
645F  FC1C        ADCZ# 3,3,SZR
6460  00B4        JMP 180
6461  00BB        JMP 187
6462  00C3        JMP 195
6463  00CA        JMP 202
6464  00D1        JMP 209
6465  00DC        JMP 220
6466  FC15        ADCZ 3,3,SNR
6467  00F8        JMP 248
6468  00F7        JMP 247
6469  0103        JMP 3,PC   ; -> 646C
646A  0107        JMP 7,PC   ; -> 6471
646B  010E        JMP 14,PC   ; -> 6479
646C  FC0F        ADC# 3,3,SBN
646D  FC0E        ADC# 3,3,SEZ
646E  FC0D        ADC# 3,3,SNR
646F  0127        JMP 39,PC   ; -> 6496
6470  0166        JMP 102,PC   ; -> 64D6
6471  0167        JMP 103,PC   ; -> 64D8
6472  FC09        ADC# 3,3,SKP
6473  FC08        BTO 3,3
6474  017A        JMP 122,PC   ; -> 64EE
6475  3020        LDA 2,32
6476  630A        LEF 0,10,3
6477  6B08        LEF 1,8,3
6478  8E48        PSH 0,1
6479  0C0C 0179   JSR @12            ; overlay call, arg 0179
647B  5020        STA 2,32
647C  0123        JMP 35,PC   ; -> 649F
647D  3020        LDA 2,32
647E  630A        LEF 0,10,3
647F  6B08        LEF 1,8,3
6480  8E48        PSH 0,1
6481  0C0C 0159   JSR @12            ; overlay call, arg 0159
6483  5020        STA 2,32
6484  2B0A        LDA 1,10,3
6485  0C52        JSR @82
6486  0003        JMP 3
6487  FB89        INCR# 3,3,SKP
6488  000C        JMP 12
6489  3020        LDA 2,32
648A  E438 401D   ELEF 0,401D   ; [401D] = 23
648C  8648        PSH 0,0
648D  0C0C 013F   JSR @12            ; overlay call, arg 013F
648F  5020        STA 2,32
6490  AC38 0B6D   ELDA 1,0B6D   ; [0B6D] = 0
6492  CC38 0B70   ESTA 1,0B70   ; [0B70] = 0
6494  3020        LDA 2,32
6495  630A        LEF 0,10,3
6496  8648        PSH 0,0
6497  0C0C 0193   JSR @12            ; overlay call, arg 0193
6499  5020        STA 2,32
649A  2B0A        LDA 1,10,3
649B  0C52        JSR @82
649C  0003        JMP 3
649D  FBBD        INCCR# 3,3,SNR
649E  016F        JMP 111,PC   ; -> 650D
649F  2B0A        LDA 1,10,3
64A0  0C52        JSR @82
64A1  0018        JMP 24
64A2  FB6E        INCOL# 3,3,SEZ
64A3  FFDA        ANDZS# 3,3,SZC
64A4  FFE5        ANDOS 3,3,SNR
64A5  FBB5        INCCR 3,3,SNR
64A6  FBCF        INCS# 3,3,SBN
64A7  FBD1        INCZS 3,3,SKP
64A8  FBD3        INCZS 3,3,SNC
64A9  FBD9        INCZS# 3,3,SKP
64AA  FBDD        INCZS# 3,3,SNR
64AB  FBDC        INCZS# 3,3,SZR
64AC  FBDE        INCZS# 3,3,SEZ
64AD  FCC2        ADCS 3,3,SZC
64AE  FE9C        ADDZR# 3,3,SZR
64AF  FED3        ADDZS 3,3,SNC
64B0  FF87        ANDR 3,3,SBN
64B1  0008        JMP 8
64B2  0033        JMP 51
64B3  0061        JMP 97
64B4  00B8        JMP 184
64B5  00BC        JMP 188
64B6  0150        JMP 80,PC   ; -> 6506
64B7  0156        JMP 86,PC   ; -> 650D
64B8  01C8        JMP -56,PC   ; -> 6480
64B9  3020        LDA 2,32
64BA  E438 401F   ELEF 0,401F   ; [401F] = 10287
64BC  EC38 0B6A   ELEF 1,0B6A   ; [0B6A] = 6
64BE  0C2C        JSR @44
64BF  D550        SUBZL 2,2
64C0  5305        STA 2,5,3
64C1  3305        LDA 2,5,3
64C2  E438 044D   ELEF 0,044D   ; [044D] = 11808
64C4  9600        ADD 0,2
64C5  533F        STA 2,63,3
64C6  3020        LDA 2,32
64C7  2B3F        LDA 1,63,3
64C8  0C3B        JSR @59
64C9  2305        LDA 0,5,3
64CA  8008        ADI 0,0
64CB  4305        STA 0,5,3
64CC  B438 0459   ELDA 2,0459   ; [0459] = 0
64CE  9208        SGT 0,2
64CF  01F2        JMP -14,PC   ; -> 64C1
64D0  3020        LDA 2,32
64D1  E438 4012   ELEF 0,4012   ; [4012] = 6
64D3  8648        PSH 0,0
64D4  EC38 043E   ELEF 1,043E   ; [043E] = 8224
64D6  0C3B        JSR @59
64D7  5020        STA 2,32
64D8  0C2D        JSR @45
64D9  D500        SUB 2,2
64DA  D438 0467   ESTA 2,0467   ; [0467] = 0
64DC  8538 7BAA   EJMP 7BAA,PC   ; -> 6087
64DE  3020        LDA 2,32
64DF  630A        LEF 0,10,3
64E0  8648        PSH 0,0
64E1  0C0C 0175   JSR @12            ; overlay call, arg 0175
64E3  5020        STA 2,32
64E4  01BB        JMP -69,PC   ; -> 649F
64E5  3020        LDA 2,32
64E6  630A        LEF 0,10,3
64E7  8648        PSH 0,0
64E8  0C0C 015D   JSR @12            ; overlay call, arg 015D
64EA  5020        STA 2,32
64EB  01B4        JMP -76,PC   ; -> 649F
64EC  3020        LDA 2,32
64ED  630A        LEF 0,10,3
64EE  8648        PSH 0,0
64EF  0C0C 0173   JSR @12            ; overlay call, arg 0173
64F1  5020        STA 2,32
64F2  01AD        JMP -83,PC   ; -> 649F
64F3  3020        LDA 2,32
64F4  630A        LEF 0,10,3
64F5  6B08        LEF 1,8,3
64F6  8E48        PSH 0,1
64F7  0C0C 0163   JSR @12            ; overlay call, arg 0163
64F9  5020        STA 2,32
64FA  01A5        JMP -91,PC   ; -> 649F
64FB  8550        SUBZL 0,0
64FC  430A        STA 0,10,3
64FD  A438 400E   ELDA 0,400E   ; [400E] = 8
64FF  AC38 05B0   ELDA 1,05B0   ; [05B0] = 0
6501  8D0C        SUB# 0,1,SZR
6502  0104        JMP 4,PC   ; -> 6506
6503  B438 4009   ELDA 2,4009   ; [4009] = 2
6505  530A        STA 2,10,3
6506  3020        LDA 2,32
6507  630A        LEF 0,10,3
6508  8648        PSH 0,0
6509  0C0C 0191   JSR @12            ; overlay call, arg 0191
650B  5020        STA 2,32
650C  0193        JMP -109,PC   ; -> 649F
650D  3020        LDA 2,32
650E  630A        LEF 0,10,3
650F  8648        PSH 0,0
6510  0C0C 0197   JSR @12            ; overlay call, arg 0197
6512  5020        STA 2,32
6513  018C        JMP -116,PC   ; -> 649F
6514  3020        LDA 2,32
6515  630A        LEF 0,10,3
6516  6B08        LEF 1,8,3
6517  8E48        PSH 0,1
6518  0C0C 0155   JSR @12            ; overlay call, arg 0155
651A  5020        STA 2,32
651B  0184        JMP -124,PC   ; -> 649F
651C  3020        LDA 2,32
651D  630A        LEF 0,10,3
651E  6B08        LEF 1,8,3
651F  8E48        PSH 0,1
6520  0C0C 0165   JSR @12            ; overlay call, arg 0165
6522  5020        STA 2,32
6523  8538 7F7B   EJMP 7F7B,PC   ; -> 649F
6525  3020        LDA 2,32
6526  630A        LEF 0,10,3
6527  8648        PSH 0,0
6528  0C0C 014B   JSR @12            ; overlay call, arg 014B
652A  5020        STA 2,32
652B  8538 7F73   EJMP 7F73,PC   ; -> 649F
652D  3020        LDA 2,32
652E  630A        LEF 0,10,3
652F  8648        PSH 0,0
6530  0C0C 0171   JSR @12            ; overlay call, arg 0171
6532  5020        STA 2,32
6533  8538 7F6B   EJMP 7F6B,PC   ; -> 649F
6535  A438 047E   ELDA 0,047E   ; [047E] = 0
6537  AC38 0467   ELDA 1,0467   ; [0467] = 0
6539  8D0D        SUB# 0,1,SNR
653A  0105        JMP 5,PC   ; -> 653F
653B  B438 4025   ELDA 2,4025   ; [4025] = 76
653D  D438 0466   ESTA 2,0466   ; [0466] = 0
653F  8538 7B3B   EJMP 7B3B,PC   ; -> 607B
6541  3020        LDA 2,32
6542  630A        LEF 0,10,3
6543  6B08        LEF 1,8,3
6544  8E48        PSH 0,1
6545  0C0C 0169   JSR @12            ; overlay call, arg 0169
6547  5020        STA 2,32
6548  8538 7F56   EJMP 7F56,PC   ; -> 649F
654A  3020        LDA 2,32
654B  E438 4005   ELEF 0,4005   ; [4005] = 54
654D  8A00        MOV 0,1
654E  8E48        PSH 0,1
654F  E438 4016   ELEF 0,4016   ; [4016] = 22
6551  6B40        LEF 1,64,3
6552  8E48        PSH 0,1
6553  0C0C 0143   JSR @12            ; overlay call, arg 0143
6555  5020        STA 2,32
6556  3340        LDA 2,64,3
6557  D438 046C   ESTA 2,046C   ; [046C] = 0
6559  D20D        MOV# 2,2,SNR
655A  0103        JMP 3,PC   ; -> 655D
655B  8538 00B1   EJMP 00B1,PC   ; -> 660D
655D  8538 7B24   EJMP 7B24,PC   ; -> 6082
655F  3020        LDA 2,32
6560  6308        LEF 0,8,3
6561  8648        PSH 0,0
6562  0C0C 015F   JSR @12            ; overlay call, arg 015F
6564  5020        STA 2,32
6565  8538 7B15   EJMP 7B15,PC   ; -> 607B
6567  3020        LDA 2,32
6568  0C0C 014D   JSR @12            ; overlay call, arg 014D
656A  8538 7B10   EJMP 7B10,PC   ; -> 607B
656C  3020        LDA 2,32
656D  0C0C 016B   JSR @12            ; overlay call, arg 016B
656F  8538 7B0B   EJMP 7B0B,PC   ; -> 607B
6571  3020        LDA 2,32
6572  630A        LEF 0,10,3
6573  8648        PSH 0,0
6574  0C0C 017B   JSR @12            ; overlay call, arg 017B
6576  5020        STA 2,32
6577  8538 7F27   EJMP 7F27,PC   ; -> 649F
6579  3020        LDA 2,32
657A  630A        LEF 0,10,3
657B  8648        PSH 0,0
657C  0C0C 0181   JSR @12            ; overlay call, arg 0181
657E  5020        STA 2,32
657F  8538 7F1F   EJMP 7F1F,PC   ; -> 649F
6581  3020        LDA 2,32
6582  630A        LEF 0,10,3
6583  8648        PSH 0,0
6584  0C0C 0153   JSR @12            ; overlay call, arg 0153
6586  5020        STA 2,32
6587  8538 7F17   EJMP 7F17,PC   ; -> 649F
6589  3020        LDA 2,32
658A  630A        LEF 0,10,3
658B  8648        PSH 0,0
658C  0C0C 0157   JSR @12            ; overlay call, arg 0157
658E  5020        STA 2,32
658F  8538 7F0F   EJMP 7F0F,PC   ; -> 649F
6591  3020        LDA 2,32
6592  0C0C 0167   JSR @12            ; overlay call, arg 0167
6594  8538 7AE6   EJMP 7AE6,PC   ; -> 607B
6596  B438 047E   ELDA 2,047E   ; [047E] = 0
6598  E438 0615   ELEF 0,0615   ; [0615] = 0
659A  9600        ADD 0,2
659B  AC38 0B6D   ELDA 1,0B6D   ; [0B6D] = 0
659D  2200        LDA 0,0,2
659E  A50C        SUB# 1,0,SZR
659F  8501        SUB 0,0,SKP
65A0  8550        SUBZL 0,0
65A1  531A        STA 2,26,3
65A2  B438 400B   ELDA 2,400B   ; [400B] = 65535
65A4  2F1A        LDA 1,@26,3
65A5  431C        STA 0,28,3
65A6  CD0C        SUB# 2,1,SZR
65A7  8501        SUB 0,0,SKP
65A8  8550        SUBZL 0,0
65A9  331C        LDA 2,28,3
65AA  C108        IOR 2,0
65AB  820C        MOV# 0,0,SZR
65AC  8501        SUB 0,0,SKP
65AD  8550        SUBZL 0,0
65AE  B438 047E   ELDA 2,047E   ; [047E] = 0
65B0  EC38 0809   ELEF 1,0809   ; [0809] = 0
65B2  B600        ADD 1,2
65B3  5341        STA 2,65,3
65B4  3200        LDA 2,0,2
65B5  4342        STA 0,66,3
65B6  D20C        MOV# 2,2,SZR
65B7  8501        SUB 0,0,SKP
65B8  8550        SUBZL 0,0
65B9  3342        LDA 2,66,3
65BA  C108        IOR 2,0
65BB  B438 0B6D   ELDA 2,0B6D   ; [0B6D] = 0
65BD  EC38 0904   ELEF 1,0904   ; [0904] = 0
65BF  B600        ADD 1,2
65C0  2A00        LDA 1,0,2
65C1  B438 4009   ELDA 2,4009   ; [4009] = 2
65C3  4343        STA 0,67,3
65C4  BFC8        DIVX
65C5  820C        MOV# 0,0,SZR
65C6  8501        SUB 0,0,SKP
65C7  8550        SUBZL 0,0
65C8  2B43        LDA 1,67,3
65C9  A700        AND 1,0
65CA  820D        MOV# 0,0,SNR
65CB  0103        JMP 3,PC   ; -> 65CE
65CC  8538 7EA8   EJMP 7EA8,PC   ; -> 6475
65CE  3020        LDA 2,32
65CF  630A        LEF 0,10,3
65D0  8648        PSH 0,0
65D1  0C0C 0183   JSR @12            ; overlay call, arg 0183
65D3  5020        STA 2,32
65D4  8538 7ECA   EJMP 7ECA,PC   ; -> 649F
65D6  8550        SUBZL 0,0
65D7  430A        STA 0,10,3
65D8  A438 05B0   ELDA 0,05B0   ; [05B0] = 0
65DA  AC38 4026   ELDA 1,4026   ; [4026] = 29
65DC  8D0C        SUB# 0,1,SZR
65DD  0104        JMP 4,PC   ; -> 65E1
65DE  B438 4009   ELDA 2,4009   ; [4009] = 2
65E0  530A        STA 2,10,3
65E1  3020        LDA 2,32
65E2  630A        LEF 0,10,3
65E3  8648        PSH 0,0
65E4  0C0C 0195   JSR @12            ; overlay call, arg 0195
65E6  5020        STA 2,32
65E7  8538 7EB7   EJMP 7EB7,PC   ; -> 649F
65E9  3020        LDA 2,32
65EA  0C0C 018F   JSR @12            ; overlay call, arg 018F
65EC  8538 0093   EJMP 0093,PC   ; -> 6680
65EE  3020        LDA 2,32
65EF  630A        LEF 0,10,3
65F0  8648        PSH 0,0
65F1  0C0C 015B   JSR @12            ; overlay call, arg 015B
65F3  5020        STA 2,32
65F4  8538 7EAA   EJMP 7EAA,PC   ; -> 649F
65F6  3020        LDA 2,32
65F7  630A        LEF 0,10,3
65F8  8648        PSH 0,0
65F9  0C0C 017F   JSR @12            ; overlay call, arg 017F
65FB  5020        STA 2,32
65FC  8538 7EA2   EJMP 7EA2,PC   ; -> 649F
65FE  3020        LDA 2,32
65FF  630A        LEF 0,10,3
6600  8648        PSH 0,0
6601  0C0C 018D   JSR @12            ; overlay call, arg 018D
6603  5020        STA 2,32
6604  8538 7E9A   EJMP 7E9A,PC   ; -> 649F
6606  3020        LDA 2,32
6607  E438 4027   ELEF 0,4027   ; [4027] = 136
6609  8648        PSH 0,0
660A  0C0C 013F   JSR @12            ; overlay call, arg 013F
660C  5020        STA 2,32
660D  A438 046C   ELDA 0,046C   ; [046C] = 0
660F  820C        MOV# 0,0,SZR
6610  8501        SUB 0,0,SKP
6611  8550        SUBZL 0,0
6612  4344        STA 0,68,3
6613  3020        LDA 2,32
6614  6344        LEF 0,68,3
6615  8648        PSH 0,0
6616  6307        LEF 0,7,3
6617  6B06        LEF 1,6,3
6618  8E48        PSH 0,1
6619  0C0C 0185   JSR @12            ; overlay call, arg 0185
661B  5020        STA 2,32
661C  E438 4028   ELEF 0,4028   ; [4028] = 10287
661E  EC38 0B6A   ELEF 1,0B6A   ; [0B6A] = 6
6620  0C2C        JSR @44
6621  6B06        LEF 1,6,3
6622  0C3B        JSR @59
6623  6B07        LEF 1,7,3
6624  0C3B        JSR @59
6625  EC38 046D   ELEF 1,046D   ; [046D] = 0
6627  0C3B        JSR @59
6628  0C2D        JSR @45
6629  D550        SUBZL 2,2
662A  5305        STA 2,5,3
662B  3305        LDA 2,5,3
662C  E438 057E   ELEF 0,057E   ; [057E] = 0
662E  9600        ADD 0,2
662F  2A00        LDA 1,0,2
6630  2306        LDA 0,6,3
6631  8A08        SGT 0,1
6632  0110        JMP 16,PC   ; -> 6642
6633  3305        LDA 2,5,3
6634  9008        ADI 0,2
6635  5305        STA 2,5,3
6636  AC38 058B   ELDA 1,058B   ; [058B] = 0
6638  CA08        SGT 2,1
6639  01F2        JMP -14,PC   ; -> 662B
663A  3020        LDA 2,32
663B  E438 404B   ELEF 0,404B   ; [404B] = 10287
663D  EC38 0B6A   ELEF 1,0B6A   ; [0B6A] = 6
663F  0C2C        JSR @44
6640  0C2D        JSR @45
6641  013F        JMP 63,PC   ; -> 6680
6642  3305        LDA 2,5,3
6643  E438 0572   ELEF 0,0572   ; [0572] = 20
6645  9600        ADD 0,2
6646  5345        STA 2,69,3
6647  3020        LDA 2,32
6648  2345        LDA 0,69,3
6649  8648        PSH 0,0
664A  0C0C 013D   JSR @12            ; overlay call, arg 013D
664C  5020        STA 2,32
664D  AC38 058B   ELDA 1,058B   ; [058B] = 0
664F  8848        SBI 0,1
6650  3305        LDA 2,5,3
6651  CD0D        SUB# 2,1,SNR
6652  011F        JMP 31,PC   ; -> 6671
6653  EC38 057E   ELEF 1,057E   ; [057E] = 0
6655  B600        ADD 1,2
6656  5346        STA 2,70,3
6657  3200        LDA 2,0,2
6658  9008        ADI 0,2
6659  2B06        LDA 1,6,3
665A  B500        SUB 1,2
665B  5308        STA 2,8,3
665C  A438 044C   ELDA 0,044C   ; [044C] = 29486
665E  4309        STA 0,9,3
665F  AD50        SUBZL 1,1
6660  B50C        SUB# 1,2,SZR
6661  0104        JMP 4,PC   ; -> 6665
6662  B438 044D   ELDA 2,044D   ; [044D] = 11808
6664  5309        STA 2,9,3
6665  3020        LDA 2,32
6666  E438 405D   ELEF 0,405D   ; [405D] = 10287
6668  EC38 0B6A   ELEF 1,0B6A   ; [0B6A] = 6
666A  0C2C        JSR @44
666B  6B08        LEF 1,8,3
666C  0C3B        JSR @59
666D  6B09        LEF 1,9,3
666E  0C3B        JSR @59
666F  0C2D        JSR @45
6670  0110        JMP 16,PC   ; -> 6680
6671  3020        LDA 2,32
6672  E438 4081   ELEF 0,4081   ; [4081] = 10287
6674  EC38 0B6A   ELEF 1,0B6A   ; [0B6A] = 6
6676  0C2C        JSR @44
6677  0C2D        JSR @45
6678  0108        JMP 8,PC   ; -> 6680
6679  3020        LDA 2,32
667A  E438 40AC   ELEF 0,40AC   ; [40AC] = 10287
667C  EC38 0B6A   ELEF 1,0B6A   ; [0B6A] = 6
667E  0C2C        JSR @44
667F  0C2D        JSR @45
6680  AFC8        RTN
6681  0004        JMP 4
6682  019A        JMP -102,PC   ; -> 661C
6683  0199        JMP -103,PC   ; -> 661C
6684  0005        JMP 5
6685  0006        JMP 6
6686  0007        JMP 7
6687  000A        JMP 10
6688  000B        JMP 11
6689  0000        JMP 0
668A  E6A6        ADDOR 3,0,SEZ
668B  0000        JMP 0
668C  0000        JMP 0
668D  0001        JMP 1
668E  66B8        LEF 0,@-72,2
668F  0000        JMP 0
6690  0000        JMP 0
6691  0002        JMP 2
6692  66BF        LEF 0,@-65,2
6693  66C6        LEF 0,@-58,2
6694  0048        JMP 72
6695  0005        JMP 5
6696  66C7        LEF 0,@-57,2
6697  66CB        LEF 0,@-53,2
6698  0000        JMP 0
6699  0006        JMP 6
669A  66CC        LEF 0,@-52,2
669B  66D0        LEF 0,@-48,2
669C  0050        JMP 80
669D  000A        JMP 10
669E  66D2        LEF 0,@-46,2
669F  66D6        LEF 0,@-42,2
66A0  0050        JMP 80
66A1  000B        JMP 11
66A2  66D7        LEF 0,@-41,2
66A3  66DB        LEF 0,@-37,2
66A4  0000        JMP 0
66A5  FFFF        ANDCS# 3,3,SBN
66A6  5861        STA 3,97
66A7  2C20        LDA 1,@32
66A8  3134        LDA 2,52,PC   ; -> 66DC
66A9  BFC8        DIVX
66AA  AAC0        MOVS 1,1
66AB  A600        ADD 1,0
66AC  2931        LDA 1,49,PC   ; -> 66DD
66AD  8E00        ADD 0,1
66AE  3130        LDA 2,48,PC   ; -> 66DE
66AF  3930        LDA 3,48,PC   ; -> 66DF
66B0  AE48        PSH 1,1
66B1  2020        LDA 0,32
66B2  DE48        PSH 2,3
66B3  0461        JMP @97
66B4  404F        STA 0,79
66B5  5554        STA 2,@84,PC   ; -> 6709
66B6  5055        STA 2,85
66B7  5400        STA 2,@0
66B8  4144        STA 0,68,PC   ; -> 66FC
66B9  5645        STA 2,@69,2
66BA  4E54        STA 1,@84,2
66BB  5552        STA 2,@82,PC   ; -> 670D
66BC  452E        STA 0,@46,PC   ; -> 66EA
66BD  4442        STA 0,@66
66BE  0000        JMP 0
66BF  4144        STA 0,68,PC   ; -> 6703
66C0  5645        STA 2,@69,2
66C1  4E54        STA 1,@84,2
66C2  5552        STA 2,@82,PC   ; -> 6714
66C3  452E        STA 0,@46,PC   ; -> 66F1
66C4  5458        STA 2,@88
66C5  5400        STA 2,@0
66C6  4200        STA 0,0,2
66C7  4049        STA 0,73
66C8  4E50        STA 1,@80,2
66C9  5554        STA 2,@84,PC   ; -> 671D
66CA  0000        JMP 0
66CB  4200        STA 0,0,2
66CC  404F        STA 0,79
66CD  5554        STA 2,@84,PC   ; -> 6721
66CE  5055        STA 2,85
66CF  5400        STA 2,@0
66D0  5041        STA 2,65
66D1  0000        JMP 0
66D2  404F        STA 0,79
66D3  5554        STA 2,@84,PC   ; -> 6727
66D4  5055        STA 2,85
66D5  5400        STA 2,@0
66D6  4C00        STA 1,@0
66D7  4049        STA 0,73
66D8  4E50        STA 1,@80,2
66D9  5554        STA 2,@84,PC   ; -> 672D
66DA  0000        JMP 0
66DB  4200        STA 0,0,2
66DC  000A        JMP 10
66DD  3030        LDA 2,48
66DE  2E46        LDA 1,@70,2
66DF  3500        LDA 2,@0,PC   ; -> 66DF
66E0  0000        JMP 0
66E1  0000        JMP 0
66E2  0000        JMP 0
66E3  0000        JMP 0
66E4  0000        JMP 0
66E5  0000        JMP 0
66E6  0000        JMP 0
66E7  0000        JMP 0
66E8  0000        JMP 0
66E9  0000        JMP 0
66EA  0000        JMP 0
66EB  0000        JMP 0
66EC  0000        JMP 0
66ED  0000        JMP 0
66EE  0000        JMP 0
66EF  0000        JMP 0
66F0  0000        JMP 0
66F1  0000        JMP 0
66F2  0000        JMP 0
66F3  0000        JMP 0
66F4  0000        JMP 0
66F5  0000        JMP 0
66F6  0000        JMP 0
66F7  0000        JMP 0
66F8  0000        JMP 0
66F9  0000        JMP 0
66FA  0000        JMP 0
66FB  0000        JMP 0
66FC  0000        JMP 0
66FD  0000        JMP 0
66FE  0000        JMP 0
66FF  0000        JMP 0
6700  0000        JMP 0
6701  0000        JMP 0
6702  0000        JMP 0
6703  0000        JMP 0
6704  0000        JMP 0
6705  0000        JMP 0
6706  0000        JMP 0
6707  0000        JMP 0
6708  0000        JMP 0
6709  0000        JMP 0
670A  0000        JMP 0
670B  0000        JMP 0
670C  0000        JMP 0
670D  0000        JMP 0
670E  0000        JMP 0
670F  0000        JMP 0
6710  0000        JMP 0
6711  0000        JMP 0
6712  0000        JMP 0
6713  0000        JMP 0
6714  0000        JMP 0
6715  0000        JMP 0
6716  0000        JMP 0
6717  0000        JMP 0
6718  0000        JMP 0
6719  0000        JMP 0
671A  0000        JMP 0
671B  0000        JMP 0
671C  0000        JMP 0
671D  0000        JMP 0
671E  0000        JMP 0
671F  0000        JMP 0
6720  0000        JMP 0
6721  0000        JMP 0
6722  0000        JMP 0
6723  0000        JMP 0
6724  0000        JMP 0
6725  0000        JMP 0
6726  0000        JMP 0
6727  0000        JMP 0
6728  0000        JMP 0
6729  0000        JMP 0
672A  0000        JMP 0
672B  0000        JMP 0
672C  0000        JMP 0
672D  0000        JMP 0
672E  0000        JMP 0
672F  0000        JMP 0
6730  0000        JMP 0
6731  0000        JMP 0
6732  0000        JMP 0
6733  0000        JMP 0
6734  0000        JMP 0
6735  0000        JMP 0
6736  0000        JMP 0
6737  0000        JMP 0
6738  0000        JMP 0
6739  0000        JMP 0
673A  0000        JMP 0
673B  0000        JMP 0
673C  0000        JMP 0
673D  0000        JMP 0
673E  0000        JMP 0
673F  0000        JMP 0
6740  0000        JMP 0
6741  0000        JMP 0
6742  0000        JMP 0
6743  0000        JMP 0
6744  0000        JMP 0
6745  0000        JMP 0
6746  0000        JMP 0
6747  0000        JMP 0
6748  0000        JMP 0
6749  0000        JMP 0
674A  0000        JMP 0
674B  0000        JMP 0
674C  0000        JMP 0
674D  0000        JMP 0
674E  0000        JMP 0
674F  0000        JMP 0
6750  0000        JMP 0
6751  0000        JMP 0
6752  0000        JMP 0
6753  0000        JMP 0
6754  0000        JMP 0
6755  0000        JMP 0
6756  0000        JMP 0
6757  0000        JMP 0
6758  0000        JMP 0
6759  0000        JMP 0
675A  0000        JMP 0
675B  0000        JMP 0
675C  0000        JMP 0
675D  0000        JMP 0
675E  0000        JMP 0
675F  0000        JMP 0
6760  0000        JMP 0
6761  0000        JMP 0
6762  0000        JMP 0
6763  0000        JMP 0
6764  0000        JMP 0
6765  0000        JMP 0
6766  0000        JMP 0
6767  0000        JMP 0
6768  0000        JMP 0
6769  0000        JMP 0
676A  0000        JMP 0
676B  0000        JMP 0
676C  0000        JMP 0
676D  0000        JMP 0
676E  0000        JMP 0
676F  0000        JMP 0
6770  0000        JMP 0
6771  0000        JMP 0
6772  0000        JMP 0
6773  0000        JMP 0
6774  0000        JMP 0
6775  0000        JMP 0
6776  0000        JMP 0
6777  0000        JMP 0
6778  0000        JMP 0
6779  0000        JMP 0
677A  0000        JMP 0
677B  0000        JMP 0
677C  0000        JMP 0
677D  0000        JMP 0
677E  0000        JMP 0
677F  0000        JMP 0
6780  0000        JMP 0
6781  0000        JMP 0
6782  0000        JMP 0
6783  0000        JMP 0
6784  0000        JMP 0
6785  0000        JMP 0
6786  0000        JMP 0
6787  0000        JMP 0
6788  0000        JMP 0
6789  0000        JMP 0
678A  0000        JMP 0
678B  0000        JMP 0
678C  0000        JMP 0
678D  0000        JMP 0
678E  0000        JMP 0
678F  0000        JMP 0
6790  0000        JMP 0
6791  0000        JMP 0
6792  0000        JMP 0
6793  0000        JMP 0
6794  0000        JMP 0
6795  0000        JMP 0
6796  0000        JMP 0
6797  0000        JMP 0
6798  0000        JMP 0
6799  0000        JMP 0
679A  0000        JMP 0
679B  0000        JMP 0
679C  0000        JMP 0
679D  0000        JMP 0
679E  0000        JMP 0
679F  0000        JMP 0
67A0  0000        JMP 0
67A1  0000        JMP 0
67A2  0000        JMP 0
67A3  0000        JMP 0
67A4  0000        JMP 0
67A5  0000        JMP 0
67A6  0000        JMP 0
67A7  0000        JMP 0
67A8  0000        JMP 0
67A9  0000        JMP 0
67AA  0000        JMP 0
67AB  0000        JMP 0
67AC  0000        JMP 0
67AD  0000        JMP 0
67AE  0000        JMP 0
67AF  0000        JMP 0
67B0  0000        JMP 0
67B1  0000        JMP 0
67B2  0000        JMP 0
67B3  0000        JMP 0
67B4  0000        JMP 0
67B5  0000        JMP 0
67B6  0000        JMP 0
67B7  0000        JMP 0
67B8  0000        JMP 0
67B9  0000        JMP 0
67BA  0000        JMP 0
67BB  0000        JMP 0
67BC  0000        JMP 0
67BD  0000        JMP 0
67BE  0000        JMP 0
67BF  0000        JMP 0
67C0  0000        JMP 0
67C1  0000        JMP 0
67C2  0000        JMP 0
67C3  0000        JMP 0
67C4  0000        JMP 0
67C5  0000        JMP 0
67C6  0000        JMP 0
67C7  0000        JMP 0
67C8  0000        JMP 0
67C9  0000        JMP 0
67CA  0000        JMP 0
67CB  0000        JMP 0
67CC  0000        JMP 0
67CD  0000        JMP 0
67CE  0000        JMP 0
67CF  0000        JMP 0
67D0  0000        JMP 0
67D1  0000        JMP 0
67D2  0000        JMP 0
67D3  0000        JMP 0
67D4  0000        JMP 0
67D5  0000        JMP 0
67D6  0000        JMP 0
67D7  0000        JMP 0
67D8  0000        JMP 0
67D9  0000        JMP 0
67DA  0000        JMP 0
67DB  0000        JMP 0
67DC  0000        JMP 0
67DD  0000        JMP 0
67DE  0000        JMP 0
67DF  0000        JMP 0
67E0  0000        JMP 0
67E1  0000        JMP 0
67E2  0000        JMP 0
67E3  0000        JMP 0
67E4  0000        JMP 0
67E5  0000        JMP 0
67E6  0000        JMP 0
67E7  0000        JMP 0
67E8  0000        JMP 0
67E9  0000        JMP 0
67EA  0000        JMP 0
67EB  0000        JMP 0
67EC  0000        JMP 0
67ED  0000        JMP 0
67EE  0000        JMP 0
67EF  0000        JMP 0
67F0  0000        JMP 0
67F1  0000        JMP 0
67F2  0000        JMP 0
67F3  0000        JMP 0
67F4  0000        JMP 0
67F5  0000        JMP 0
67F6  0000        JMP 0
67F7  0000        JMP 0
67F8  0000        JMP 0
67F9  0000        JMP 0
67FA  0000        JMP 0
67FB  0000        JMP 0
67FC  0000        JMP 0
67FD  0000        JMP 0
67FE  0000        JMP 0
67FF  0000        JMP 0
6800  0000        JMP 0
6801  0000        JMP 0
6802  0000        JMP 0
6803  0000        JMP 0
6804  0000        JMP 0
6805  0000        JMP 0
6806  0000        JMP 0
6807  0000        JMP 0
6808  0000        JMP 0
6809  0000        JMP 0
680A  0000        JMP 0
680B  0000        JMP 0
680C  0000        JMP 0
680D  0000        JMP 0
680E  0000        JMP 0
680F  0000        JMP 0
6810  0000        JMP 0
6811  0000        JMP 0
6812  0000        JMP 0
6813  0000        JMP 0
6814  0000        JMP 0
6815  0000        JMP 0
6816  0000        JMP 0
6817  0000        JMP 0
6818  0000        JMP 0
6819  0000        JMP 0
681A  0000        JMP 0
681B  0000        JMP 0
681C  0000        JMP 0
681D  0000        JMP 0
681E  0000        JMP 0
681F  0000        JMP 0
6820  0000        JMP 0
6821  0000        JMP 0
6822  0000        JMP 0
6823  0000        JMP 0
6824  0000        JMP 0
6825  0000        JMP 0
6826  0000        JMP 0
6827  0000        JMP 0
6828  0000        JMP 0
6829  0000        JMP 0
682A  0000        JMP 0
682B  0000        JMP 0
682C  0000        JMP 0
682D  0000        JMP 0
682E  0000        JMP 0
682F  0000        JMP 0
6830  0000        JMP 0
6831  0000        JMP 0
6832  0000        JMP 0
6833  0000        JMP 0
6834  0000        JMP 0
6835  0000        JMP 0
6836  0000        JMP 0
6837  0000        JMP 0
6838  0000        JMP 0
6839  0000        JMP 0
683A  0000        JMP 0
683B  0000        JMP 0
683C  0000        JMP 0
683D  0000        JMP 0
683E  0000        JMP 0
683F  0000        JMP 0
6840  0000        JMP 0
6841  0000        JMP 0
6842  0000        JMP 0
6843  0000        JMP 0
6844  0000        JMP 0
6845  0000        JMP 0
6846  0000        JMP 0
6847  0000        JMP 0
6848  0000        JMP 0
6849  0000        JMP 0
684A  0000        JMP 0
684B  0000        JMP 0
684C  0000        JMP 0
684D  0000        JMP 0
684E  0000        JMP 0
684F  0000        JMP 0
6850  0000        JMP 0
6851  0000        JMP 0
6852  0000        JMP 0
6853  0000        JMP 0
6854  0000        JMP 0
6855  0000        JMP 0
6856  0000        JMP 0
6857  0000        JMP 0
6858  0000        JMP 0
6859  0000        JMP 0
685A  0000        JMP 0
685B  0000        JMP 0
685C  0000        JMP 0
685D  0000        JMP 0
685E  0000        JMP 0
685F  0000        JMP 0
6860  0000        JMP 0
6861  0000        JMP 0
6862  0000        JMP 0
6863  0000        JMP 0
6864  0000        JMP 0
6865  0000        JMP 0
6866  0000        JMP 0
6867  0000        JMP 0
6868  0000        JMP 0
6869  0000        JMP 0
686A  0000        JMP 0
686B  0000        JMP 0
686C  0000        JMP 0
686D  0000        JMP 0
686E  0000        JMP 0
686F  0000        JMP 0
6870  0000        JMP 0
6871  0000        JMP 0
6872  0000        JMP 0
6873  0000        JMP 0
6874  0000        JMP 0
6875  0000        JMP 0
6876  0000        JMP 0
6877  0000        JMP 0
6878  0000        JMP 0
6879  0000        JMP 0
687A  0000        JMP 0
687B  0000        JMP 0
687C  0000        JMP 0
687D  0000        JMP 0
687E  0000        JMP 0
687F  0000        JMP 0
6880  0000        JMP 0
6881  0000        JMP 0
6882  0000        JMP 0
6883  0000        JMP 0
6884  0000        JMP 0
6885  0000        JMP 0
6886  0000        JMP 0
6887  0000        JMP 0
6888  0000        JMP 0
6889  0000        JMP 0
688A  0000        JMP 0
688B  0000        JMP 0
688C  0000        JMP 0
688D  0000        JMP 0
688E  0000        JMP 0
688F  0000        JMP 0
6890  0000        JMP 0
6891  0000        JMP 0
6892  0000        JMP 0
6893  0000        JMP 0
6894  0000        JMP 0
6895  0000        JMP 0
6896  0000        JMP 0
6897  0000        JMP 0
6898  0000        JMP 0
6899  0000        JMP 0
689A  0000        JMP 0
689B  0000        JMP 0
689C  0000        JMP 0
689D  0000        JMP 0
689E  0000        JMP 0
689F  0000        JMP 0
68A0  0000        JMP 0
68A1  0000        JMP 0
68A2  0000        JMP 0
68A3  0000        JMP 0
68A4  0000        JMP 0
68A5  0000        JMP 0
68A6  0000        JMP 0
68A7  0000        JMP 0
68A8  0000        JMP 0
68A9  0000        JMP 0
68AA  0000        JMP 0
68AB  0000        JMP 0
68AC  0000        JMP 0
68AD  0000        JMP 0
68AE  0000        JMP 0
68AF  0000        JMP 0
68B0  0000        JMP 0
68B1  0000        JMP 0
68B2  0000        JMP 0
68B3  0000        JMP 0
68B4  0000        JMP 0
68B5  0000        JMP 0
68B6  0000        JMP 0
68B7  0000        JMP 0
68B8  0000        JMP 0
68B9  0000        JMP 0
68BA  0000        JMP 0
68BB  0000        JMP 0
68BC  0000        JMP 0
68BD  0000        JMP 0
68BE  0000        JMP 0
68BF  0000        JMP 0
68C0  0000        JMP 0
68C1  0000        JMP 0
68C2  0000        JMP 0
68C3  0000        JMP 0
68C4  0000        JMP 0
68C5  0000        JMP 0
68C6  0000        JMP 0
68C7  0000        JMP 0
68C8  0000        JMP 0
68C9  0000        JMP 0
68CA  0000        JMP 0
68CB  0000        JMP 0
68CC  0000        JMP 0
68CD  0000        JMP 0
68CE  0000        JMP 0
68CF  0000        JMP 0
68D0  0000        JMP 0
68D1  0000        JMP 0
68D2  0000        JMP 0
68D3  0000        JMP 0
68D4  0000        JMP 0
68D5  0000        JMP 0
68D6  0000        JMP 0
68D7  0000        JMP 0
68D8  0000        JMP 0
68D9  0000        JMP 0
68DA  0000        JMP 0
68DB  0000        JMP 0
68DC  0000        JMP 0
68DD  0000        JMP 0
68DE  0000        JMP 0
68DF  0000        JMP 0
68E0  0000        JMP 0
68E1  0000        JMP 0
68E2  0000        JMP 0
68E3  0000        JMP 0
68E4  0000        JMP 0
68E5  0000        JMP 0
68E6  0000        JMP 0
68E7  0000        JMP 0
68E8  0000        JMP 0
68E9  0000        JMP 0
68EA  0000        JMP 0
68EB  0000        JMP 0
68EC  0000        JMP 0
68ED  0000        JMP 0
68EE  0000        JMP 0
68EF  0000        JMP 0
68F0  0000        JMP 0
68F1  0000        JMP 0
68F2  0000        JMP 0
68F3  0000        JMP 0
68F4  0000        JMP 0
68F5  0000        JMP 0
68F6  0000        JMP 0
68F7  0000        JMP 0
68F8  0000        JMP 0
68F9  0000        JMP 0
68FA  0000        JMP 0
68FB  0000        JMP 0
68FC  0000        JMP 0
68FD  0000        JMP 0
68FE  0000        JMP 0
68FF  0000        JMP 0
6900  0000        JMP 0
6901  0000        JMP 0
6902  0000        JMP 0
6903  0000        JMP 0
6904  0000        JMP 0
6905  0000        JMP 0
6906  0000        JMP 0
6907  0000        JMP 0
6908  0000        JMP 0
6909  0000        JMP 0
690A  0000        JMP 0
690B  0000        JMP 0
690C  0000        JMP 0
690D  0000        JMP 0
690E  0000        JMP 0
690F  0000        JMP 0
6910  0000        JMP 0
6911  0000        JMP 0
6912  0000        JMP 0
6913  0000        JMP 0
6914  0000        JMP 0
6915  0000        JMP 0
6916  0000        JMP 0
6917  0000        JMP 0
6918  0000        JMP 0
6919  0000        JMP 0
691A  0000        JMP 0
691B  0000        JMP 0
691C  0000        JMP 0
691D  0000        JMP 0
691E  0000        JMP 0
691F  0000        JMP 0
6920  0000        JMP 0
6921  0000        JMP 0
6922  0000        JMP 0
6923  0000        JMP 0
6924  0000        JMP 0
6925  0000        JMP 0
6926  0000        JMP 0
6927  0000        JMP 0
6928  0000        JMP 0
6929  0000        JMP 0
692A  0000        JMP 0
692B  0000        JMP 0
692C  0000        JMP 0
692D  0000        JMP 0
692E  0000        JMP 0
692F  0000        JMP 0
6930  0000        JMP 0
6931  0000        JMP 0
6932  0000        JMP 0
6933  0000        JMP 0
6934  0000        JMP 0
6935  0000        JMP 0
6936  0000        JMP 0
6937  0000        JMP 0
6938  0000        JMP 0
6939  0000        JMP 0
693A  0000        JMP 0
693B  0000        JMP 0
693C  0000        JMP 0
693D  0000        JMP 0
693E  0000        JMP 0
693F  0000        JMP 0
6940  0000        JMP 0
6941  0000        JMP 0
6942  0000        JMP 0
6943  0000        JMP 0
6944  0000        JMP 0
6945  0000        JMP 0
6946  0000        JMP 0
6947  0000        JMP 0
6948  0000        JMP 0
6949  0000        JMP 0
694A  0000        JMP 0
694B  0000        JMP 0
694C  0000        JMP 0
694D  0000        JMP 0
694E  0000        JMP 0
694F  0000        JMP 0
6950  0000        JMP 0
6951  0000        JMP 0
6952  0000        JMP 0
6953  0000        JMP 0
6954  0000        JMP 0
6955  0000        JMP 0
6956  0000        JMP 0
6957  0000        JMP 0
6958  0000        JMP 0
6959  0000        JMP 0
695A  0000        JMP 0
695B  0000        JMP 0
695C  0000        JMP 0
695D  0000        JMP 0
695E  0000        JMP 0
695F  0000        JMP 0
6960  0000        JMP 0
6961  0000        JMP 0
6962  0000        JMP 0
6963  0000        JMP 0
6964  0000        JMP 0
6965  0000        JMP 0
6966  0000        JMP 0
6967  0000        JMP 0
6968  0000        JMP 0
6969  0000        JMP 0
696A  0000        JMP 0
696B  0000        JMP 0
696C  0000        JMP 0
696D  0000        JMP 0
696E  0000        JMP 0
696F  0000        JMP 0
6970  0000        JMP 0
6971  0000        JMP 0
6972  0000        JMP 0
6973  0000        JMP 0
6974  0000        JMP 0
6975  0000        JMP 0
6976  0000        JMP 0
6977  0000        JMP 0
6978  0000        JMP 0
6979  0000        JMP 0
697A  0000        JMP 0
697B  0000        JMP 0
697C  0000        JMP 0
697D  0000        JMP 0
697E  0000        JMP 0
697F  0000        JMP 0
6980  0000        JMP 0
6981  0000        JMP 0
6982  0000        JMP 0
6983  0000        JMP 0
6984  0000        JMP 0
6985  0000        JMP 0
6986  0000        JMP 0
6987  0000        JMP 0
6988  0000        JMP 0
6989  0000        JMP 0
698A  0000        JMP 0
698B  0000        JMP 0
698C  0000        JMP 0
698D  0000        JMP 0
698E  0000        JMP 0
698F  0000        JMP 0
6990  0000        JMP 0
6991  0000        JMP 0
6992  0000        JMP 0
6993  0000        JMP 0
6994  0000        JMP 0
6995  0000        JMP 0
6996  0000        JMP 0
6997  0000        JMP 0
6998  0000        JMP 0
6999  0000        JMP 0
699A  0000        JMP 0
699B  0000        JMP 0
699C  0000        JMP 0
699D  0000        JMP 0
699E  0000        JMP 0
699F  0000        JMP 0
69A0  0000        JMP 0
69A1  0000        JMP 0
69A2  0000        JMP 0
69A3  0000        JMP 0
69A4  0000        JMP 0
69A5  0000        JMP 0
69A6  0000        JMP 0
69A7  0000        JMP 0
69A8  0000        JMP 0
69A9  0000        JMP 0
69AA  0000        JMP 0
69AB  0000        JMP 0
69AC  0000        JMP 0
69AD  0000        JMP 0
69AE  0000        JMP 0
69AF  0000        JMP 0
69B0  0000        JMP 0
69B1  0000        JMP 0
69B2  0000        JMP 0
69B3  0000        JMP 0
69B4  0000        JMP 0
69B5  0000        JMP 0
69B6  0000        JMP 0
69B7  0000        JMP 0
69B8  0000        JMP 0
69B9  0000        JMP 0
69BA  0000        JMP 0
69BB  0000        JMP 0
69BC  0000        JMP 0
69BD  0000        JMP 0
69BE  0000        JMP 0
69BF  0000        JMP 0
69C0  0000        JMP 0
69C1  0000        JMP 0
69C2  0000        JMP 0
69C3  0000        JMP 0
69C4  0000        JMP 0
69C5  0000        JMP 0
69C6  0000        JMP 0
69C7  0000        JMP 0
69C8  0000        JMP 0
69C9  0000        JMP 0
69CA  0000        JMP 0
69CB  0000        JMP 0
69CC  0000        JMP 0
69CD  0000        JMP 0
69CE  0000        JMP 0
69CF  0000        JMP 0
69D0  0000        JMP 0
69D1  0000        JMP 0
69D2  0000        JMP 0
69D3  0000        JMP 0
69D4  0000        JMP 0
69D5  0000        JMP 0
69D6  0000        JMP 0
69D7  0000        JMP 0
69D8  0000        JMP 0
69D9  0000        JMP 0
69DA  0000        JMP 0
69DB  0000        JMP 0
69DC  0000        JMP 0
69DD  0000        JMP 0
69DE  0000        JMP 0
69DF  0000        JMP 0
69E0  0000        JMP 0
69E1  0000        JMP 0
69E2  0000        JMP 0
69E3  0000        JMP 0
69E4  0000        JMP 0
69E5  0000        JMP 0
69E6  0000        JMP 0
69E7  0000        JMP 0
69E8  0000        JMP 0
69E9  0000        JMP 0
69EA  0000        JMP 0
69EB  0000        JMP 0
69EC  0000        JMP 0
69ED  0000        JMP 0
69EE  0000        JMP 0
69EF  0000        JMP 0
69F0  0000        JMP 0
69F1  0000        JMP 0
69F2  0000        JMP 0
69F3  0000        JMP 0
69F4  0000        JMP 0
69F5  0000        JMP 0
69F6  0000        JMP 0
69F7  0000        JMP 0
69F8  0000        JMP 0
69F9  0000        JMP 0
69FA  0000        JMP 0
69FB  0000        JMP 0
69FC  0000        JMP 0
69FD  0000        JMP 0
69FE  0000        JMP 0
69FF  0000        JMP 0
6A00  0000        JMP 0
6A01  0000        JMP 0
6A02  0000        JMP 0
6A03  0000        JMP 0
6A04  0000        JMP 0
6A05  0000        JMP 0
6A06  0000        JMP 0
6A07  0000        JMP 0
6A08  0000        JMP 0
6A09  0000        JMP 0
6A0A  0000        JMP 0
6A0B  0000        JMP 0
6A0C  0000        JMP 0
6A0D  0000        JMP 0
6A0E  0000        JMP 0
6A0F  0000        JMP 0
6A10  0000        JMP 0
6A11  0000        JMP 0
6A12  0000        JMP 0
6A13  0000        JMP 0
6A14  0000        JMP 0
6A15  0000        JMP 0
6A16  0000        JMP 0
6A17  0000        JMP 0
6A18  0000        JMP 0
6A19  0000        JMP 0
6A1A  0000        JMP 0
6A1B  0000        JMP 0
6A1C  0000        JMP 0
6A1D  0000        JMP 0
6A1E  0000        JMP 0
6A1F  0000        JMP 0
6A20  0000        JMP 0
6A21  0000        JMP 0
6A22  0000        JMP 0
6A23  0000        JMP 0
6A24  0000        JMP 0
6A25  0000        JMP 0
6A26  0000        JMP 0
6A27  0000        JMP 0
6A28  0000        JMP 0
6A29  0000        JMP 0
6A2A  0000        JMP 0
6A2B  0000        JMP 0
6A2C  0000        JMP 0
6A2D  0000        JMP 0
6A2E  0000        JMP 0
6A2F  0000        JMP 0
6A30  0000        JMP 0
6A31  0000        JMP 0
6A32  0000        JMP 0
6A33  0000        JMP 0
6A34  0000        JMP 0
6A35  0000        JMP 0
6A36  0000        JMP 0
6A37  0000        JMP 0
6A38  0000        JMP 0
6A39  0000        JMP 0
6A3A  0000        JMP 0
6A3B  0000        JMP 0
6A3C  0000        JMP 0
6A3D  0000        JMP 0
6A3E  0000        JMP 0
6A3F  0000        JMP 0
6A40  0000        JMP 0
6A41  0000        JMP 0
6A42  0000        JMP 0
6A43  0000        JMP 0
6A44  0000        JMP 0
6A45  0000        JMP 0
6A46  0000        JMP 0
6A47  0000        JMP 0
6A48  0000        JMP 0
6A49  0000        JMP 0
6A4A  0000        JMP 0
6A4B  0000        JMP 0
6A4C  0000        JMP 0
6A4D  0000        JMP 0
6A4E  0000        JMP 0
6A4F  0000        JMP 0
6A50  0000        JMP 0
6A51  0000        JMP 0
6A52  0000        JMP 0
6A53  0000        JMP 0
6A54  0000        JMP 0
6A55  0000        JMP 0
6A56  0000        JMP 0
6A57  0000        JMP 0
6A58  0000        JMP 0
6A59  0000        JMP 0
6A5A  0000        JMP 0
6A5B  0000        JMP 0
6A5C  0000        JMP 0
6A5D  0000        JMP 0
6A5E  0000        JMP 0
6A5F  0000        JMP 0
6A60  0000        JMP 0
6A61  0000        JMP 0
6A62  0000        JMP 0
6A63  0000        JMP 0
6A64  0000        JMP 0
6A65  0000        JMP 0
6A66  0000        JMP 0
6A67  0000        JMP 0
6A68  0000        JMP 0
6A69  0000        JMP 0
6A6A  0000        JMP 0
6A6B  0000        JMP 0
6A6C  0000        JMP 0
6A6D  0000        JMP 0
6A6E  0000        JMP 0
6A6F  0000        JMP 0
6A70  0000        JMP 0
6A71  0000        JMP 0
6A72  0000        JMP 0
6A73  0000        JMP 0
6A74  0000        JMP 0
6A75  0000        JMP 0
6A76  0000        JMP 0
6A77  0000        JMP 0
6A78  0000        JMP 0
6A79  0000        JMP 0
6A7A  0000        JMP 0
6A7B  0000        JMP 0
6A7C  0000        JMP 0
6A7D  0000        JMP 0
6A7E  0000        JMP 0
6A7F  0000        JMP 0
6A80  0000        JMP 0
6A81  0000        JMP 0
6A82  0000        JMP 0
6A83  0000        JMP 0
6A84  0000        JMP 0
6A85  0000        JMP 0
6A86  0000        JMP 0
6A87  0000        JMP 0
6A88  0000        JMP 0
6A89  0000        JMP 0
6A8A  0000        JMP 0
6A8B  0000        JMP 0
6A8C  0000        JMP 0
6A8D  0000        JMP 0
6A8E  0000        JMP 0
6A8F  0000        JMP 0
6A90  0000        JMP 0
6A91  0000        JMP 0
6A92  0000        JMP 0
6A93  0000        JMP 0
6A94  0000        JMP 0
6A95  0000        JMP 0
6A96  0000        JMP 0
6A97  0000        JMP 0
6A98  0000        JMP 0
6A99  0000        JMP 0
6A9A  0000        JMP 0
6A9B  0000        JMP 0
6A9C  0000        JMP 0
6A9D  0000        JMP 0
6A9E  0000        JMP 0
6A9F  0000        JMP 0
6AA0  0000        JMP 0
6AA1  0000        JMP 0
6AA2  0000        JMP 0
6AA3  0000        JMP 0
6AA4  0000        JMP 0
6AA5  0000        JMP 0
6AA6  0000        JMP 0
6AA7  0000        JMP 0
6AA8  0000        JMP 0
6AA9  0000        JMP 0
6AAA  0000        JMP 0
6AAB  0000        JMP 0
6AAC  0000        JMP 0
6AAD  0000        JMP 0
6AAE  0000        JMP 0
6AAF  0000        JMP 0
6AB0  0000        JMP 0
6AB1  0000        JMP 0
6AB2  0000        JMP 0
6AB3  0000        JMP 0
6AB4  0000        JMP 0
6AB5  0000        JMP 0
6AB6  0000        JMP 0
6AB7  0000        JMP 0
6AB8  0000        JMP 0
6AB9  0000        JMP 0
6ABA  0000        JMP 0
6ABB  0000        JMP 0
6ABC  0000        JMP 0
6ABD  0000        JMP 0
6ABE  0000        JMP 0
6ABF  0000        JMP 0
6AC0  0000        JMP 0
6AC1  0000        JMP 0
6AC2  0000        JMP 0
6AC3  0000        JMP 0
6AC4  0000        JMP 0
6AC5  0000        JMP 0
6AC6  0000        JMP 0
6AC7  0000        JMP 0
6AC8  0000        JMP 0
6AC9  0000        JMP 0
6ACA  0000        JMP 0
6ACB  0000        JMP 0
6ACC  0000        JMP 0
6ACD  0000        JMP 0
6ACE  0000        JMP 0
6ACF  0000        JMP 0
6AD0  0000        JMP 0
6AD1  0000        JMP 0
6AD2  0000        JMP 0
6AD3  0000        JMP 0
6AD4  0000        JMP 0
6AD5  0000        JMP 0
6AD6  0000        JMP 0
6AD7  0000        JMP 0
6AD8  0000        JMP 0
6AD9  0000        JMP 0
6ADA  0000        JMP 0
6ADB  0000        JMP 0
6ADC  0000        JMP 0
6ADD  0000        JMP 0
6ADE  0000        JMP 0
6ADF  0000        JMP 0
6AE0  0000        JMP 0
6AE1  0000        JMP 0
6AE2  0000        JMP 0
6AE3  0000        JMP 0
6AE4  0000        JMP 0
6AE5  0000        JMP 0
6AE6  0000        JMP 0
6AE7  0000        JMP 0
6AE8  0000        JMP 0
6AE9  0000        JMP 0
6AEA  0000        JMP 0
6AEB  0000        JMP 0
6AEC  0000        JMP 0
6AED  0000        JMP 0
6AEE  0000        JMP 0
6AEF  0000        JMP 0
6AF0  0000        JMP 0
6AF1  0000        JMP 0
6AF2  0000        JMP 0
6AF3  0000        JMP 0
6AF4  0000        JMP 0
6AF5  0000        JMP 0
6AF6  0000        JMP 0
6AF7  0000        JMP 0
6AF8  0000        JMP 0
6AF9  0000        JMP 0
6AFA  0000        JMP 0
6AFB  0000        JMP 0
6AFC  0000        JMP 0
6AFD  0000        JMP 0
6AFE  0000        JMP 0
6AFF  0000        JMP 0
6B00  0000        JMP 0
6B01  0000        JMP 0
6B02  0000        JMP 0
6B03  0000        JMP 0
6B04  0000        JMP 0
6B05  0000        JMP 0
6B06  0000        JMP 0
6B07  0000        JMP 0
6B08  0000        JMP 0
6B09  0000        JMP 0
6B0A  0000        JMP 0
6B0B  0000        JMP 0
6B0C  0000        JMP 0
6B0D  0000        JMP 0
6B0E  0000        JMP 0
6B0F  0000        JMP 0
6B10  0000        JMP 0
6B11  0000        JMP 0
6B12  0000        JMP 0
6B13  0000        JMP 0
6B14  0000        JMP 0
6B15  0000        JMP 0
6B16  0000        JMP 0
6B17  0000        JMP 0
6B18  0000        JMP 0
6B19  0000        JMP 0
6B1A  0000        JMP 0
6B1B  0000        JMP 0
6B1C  0000        JMP 0
6B1D  0000        JMP 0
6B1E  0000        JMP 0
6B1F  0000        JMP 0
6B20  0000        JMP 0
6B21  0000        JMP 0
6B22  0000        JMP 0
6B23  0000        JMP 0
6B24  0000        JMP 0
6B25  0000        JMP 0
6B26  0000        JMP 0
6B27  0000        JMP 0
6B28  0000        JMP 0
6B29  0000        JMP 0
6B2A  0000        JMP 0
6B2B  0000        JMP 0
6B2C  0000        JMP 0
6B2D  0000        JMP 0
6B2E  0000        JMP 0
6B2F  0000        JMP 0
6B30  0000        JMP 0
6B31  0000        JMP 0
6B32  0000        JMP 0
6B33  0000        JMP 0
6B34  0000        JMP 0
6B35  0000        JMP 0
6B36  0000        JMP 0
6B37  0000        JMP 0
6B38  0000        JMP 0
6B39  0000        JMP 0
6B3A  0000        JMP 0
6B3B  0000        JMP 0
6B3C  0000        JMP 0
6B3D  0000        JMP 0
6B3E  0000        JMP 0
6B3F  0000        JMP 0
6B40  0000        JMP 0
6B41  0000        JMP 0
6B42  0000        JMP 0
6B43  0000        JMP 0
6B44  0000        JMP 0
6B45  0000        JMP 0
6B46  0000        JMP 0
6B47  0000        JMP 0
6B48  0000        JMP 0
6B49  0000        JMP 0
6B4A  0000        JMP 0
6B4B  0000        JMP 0
6B4C  0000        JMP 0
6B4D  0000        JMP 0
6B4E  0000        JMP 0
6B4F  0000        JMP 0
6B50  0000        JMP 0
6B51  0000        JMP 0
6B52  0000        JMP 0
6B53  0000        JMP 0
6B54  0000        JMP 0
6B55  0000        JMP 0
6B56  0000        JMP 0
6B57  0000        JMP 0
6B58  0000        JMP 0
6B59  0000        JMP 0
6B5A  0000        JMP 0
6B5B  0000        JMP 0
6B5C  0000        JMP 0
6B5D  0000        JMP 0
6B5E  0000        JMP 0
6B5F  0000        JMP 0
6B60  0000        JMP 0
6B61  0000        JMP 0
6B62  0000        JMP 0
6B63  0000        JMP 0
6B64  0000        JMP 0
6B65  0000        JMP 0
6B66  0000        JMP 0
6B67  0000        JMP 0
6B68  0000        JMP 0
6B69  0000        JMP 0
6B6A  0000        JMP 0
6B6B  0000        JMP 0
6B6C  0000        JMP 0
6B6D  0000        JMP 0
6B6E  0000        JMP 0
6B6F  0000        JMP 0
6B70  0000        JMP 0
6B71  0000        JMP 0
6B72  0000        JMP 0
6B73  0000        JMP 0
6B74  0000        JMP 0
6B75  0000        JMP 0
6B76  0000        JMP 0
6B77  0000        JMP 0
6B78  0000        JMP 0
6B79  0000        JMP 0
6B7A  0000        JMP 0
6B7B  0000        JMP 0
6B7C  0000        JMP 0
6B7D  0000        JMP 0
6B7E  0000        JMP 0
6B7F  0000        JMP 0
6B80  0000        JMP 0
6B81  0000        JMP 0
6B82  0000        JMP 0
6B83  0000        JMP 0
6B84  0000        JMP 0
6B85  0000        JMP 0
6B86  0000        JMP 0
6B87  0000        JMP 0
6B88  0000        JMP 0
6B89  0000        JMP 0
6B8A  0000        JMP 0
6B8B  0000        JMP 0
6B8C  0000        JMP 0
6B8D  0000        JMP 0
6B8E  0000        JMP 0
6B8F  0000        JMP 0
6B90  0000        JMP 0
6B91  0000        JMP 0
6B92  0000        JMP 0
6B93  0000        JMP 0
6B94  0000        JMP 0
6B95  0000        JMP 0
6B96  0000        JMP 0
6B97  0000        JMP 0
6B98  0000        JMP 0
6B99  0000        JMP 0
6B9A  0000        JMP 0
6B9B  0000        JMP 0
6B9C  0000        JMP 0
6B9D  0000        JMP 0
6B9E  0000        JMP 0
6B9F  0000        JMP 0
6BA0  0000        JMP 0
6BA1  0000        JMP 0
6BA2  0000        JMP 0
6BA3  0000        JMP 0
6BA4  0000        JMP 0
6BA5  0000        JMP 0
6BA6  0000        JMP 0
6BA7  0000        JMP 0
6BA8  0000        JMP 0
6BA9  0000        JMP 0
6BAA  0000        JMP 0
6BAB  0000        JMP 0
6BAC  0000        JMP 0
6BAD  0000        JMP 0
6BAE  0000        JMP 0
6BAF  0000        JMP 0
6BB0  0000        JMP 0
6BB1  0000        JMP 0
6BB2  0000        JMP 0
6BB3  0000        JMP 0
6BB4  0000        JMP 0
6BB5  0000        JMP 0
6BB6  0000        JMP 0
6BB7  0000        JMP 0
6BB8  0000        JMP 0
6BB9  0000        JMP 0
6BBA  0000        JMP 0
6BBB  0000        JMP 0
6BBC  0000        JMP 0
6BBD  0000        JMP 0
6BBE  0000        JMP 0
6BBF  0000        JMP 0
6BC0  0000        JMP 0
6BC1  0000        JMP 0
6BC2  0000        JMP 0
6BC3  0000        JMP 0
6BC4  0000        JMP 0
6BC5  0000        JMP 0
6BC6  0000        JMP 0
6BC7  0000        JMP 0
6BC8  0000        JMP 0
6BC9  0000        JMP 0
6BCA  0000        JMP 0
6BCB  0000        JMP 0
6BCC  0000        JMP 0
6BCD  0000        JMP 0
6BCE  0000        JMP 0
6BCF  0000        JMP 0
6BD0  0000        JMP 0
6BD1  0000        JMP 0
6BD2  0000        JMP 0
6BD3  0000        JMP 0
6BD4  0000        JMP 0
6BD5  0000        JMP 0
6BD6  0000        JMP 0
6BD7  0000        JMP 0
6BD8  0000        JMP 0
6BD9  0000        JMP 0
6BDA  0000        JMP 0
6BDB  0000        JMP 0
6BDC  0000        JMP 0
6BDD  0000        JMP 0
6BDE  0000        JMP 0
6BDF  0000        JMP 0
6BE0  0000        JMP 0
6BE1  0000        JMP 0
6BE2  0000        JMP 0
6BE3  0000        JMP 0
6BE4  0000        JMP 0
6BE5  0000        JMP 0
6BE6  0000        JMP 0
6BE7  0000        JMP 0
6BE8  0000        JMP 0
6BE9  0000        JMP 0
6BEA  0000        JMP 0
6BEB  0000        JMP 0
6BEC  0000        JMP 0
6BED  0000        JMP 0
6BEE  0000        JMP 0
6BEF  0000        JMP 0
6BF0  0000        JMP 0
6BF1  0000        JMP 0
6BF2  0000        JMP 0
6BF3  0000        JMP 0
6BF4  0000        JMP 0
6BF5  0000        JMP 0
6BF6  0000        JMP 0
6BF7  0000        JMP 0
6BF8  0000        JMP 0
6BF9  0000        JMP 0
6BFA  0000        JMP 0
6BFB  0000        JMP 0
6BFC  0000        JMP 0
6BFD  0000        JMP 0
6BFE  0000        JMP 0
6BFF  0000        JMP 0
6C00  E7C8 0001   SAVE 1             ; frame
6C02  211C        LDA 0,28,PC   ; -> 6C1E
6C03  E630        ADDC 3,0
6C04  C530        SUBC 2,0
6C05  4301        STA 0,1,3
6C06  33FB        LDA 2,-5,3
6C07  23FA        LDA 0,-6,3
6C08  829C        MOVZR# 0,0,SZR
6C09  8251        MOVZL 0,0,SKP
6C0A  8124        NEGO 0,0,SZR
6C0B  4202        STA 0,2,2
6C0C  2301        LDA 0,1,3
6C0D  829B        MOVZR# 0,0,SNC
6C0E  0104        JMP 4,PC   ; -> 6C12
6C0F  8400        ADC 0,0
6C10  4203        STA 0,3,2
6C11  0106        JMP 6,PC   ; -> 6C17
6C12  23F9        LDA 0,-7,3
6C13  829C        MOVZR# 0,0,SZR
6C14  8251        MOVZL 0,0,SKP
6C15  8124        NEGO 0,0,SZR
6C16  4203        STA 0,3,2
6C17  0C0F        JSR @15
6C18  8009        COM# 0,0,SKP
6C19  0428        JMP @40
6C1A  33FE        LDA 2,-2,3
6C1B  4603        STA 0,@3,2
6C1C  4E02        STA 1,@2,2
6C1D  0429        JMP @41
6C1E  FFFB        ANDCS# 3,3,SNC
6C1F  E7C8 0000   SAVE 0             ; frame
6C21  2FFB        LDA 1,@-5,3
6C22  23FA        LDA 0,-6,3
6C23  8250        MOVZL 0,0
6C24  37F9        LDA 2,@-7,3
6C25  0C0F        JSR @15
6C26  0033        JMP 51
6C27  0428        JMP @40
6C28  4FFB        STA 1,@-5,3
6C29  0429        JMP @41
6C2A  E7C8 0000   SAVE 0             ; frame
6C2C  2FFB        LDA 1,@-5,3
6C2D  33FA        LDA 2,-6,3
6C2E  23F9        LDA 0,-7,3
6C2F  4202        STA 0,2,2
6C30  0C0F        JSR @15
6C31  0030        JMP 48
6C32  0428        JMP @40
6C33  0429        JMP @41
6C34  3180        LDA 2,-128,PC   ; -> 6BB4
6C35  434F        STA 0,79,3
6C36  5059        STA 2,89
6C37  5249        STA 2,73,2
6C38  4748        STA 0,@72,3
6C39  5420        STA 2,@32
6C3A  2843        LDA 1,67
6C3B  2920        LDA 1,32,PC   ; -> 6C5B
6C3C  4441        STA 0,@65
6C3D  5441        STA 2,@65
6C3E  2047        LDA 0,71
6C3F  454E        STA 0,@78,PC   ; -> 6C8D
6C40  4552        STA 0,@82,PC   ; -> 6C92
6C41  414C        STA 0,76,PC   ; -> 6C8D
6C42  2043        LDA 0,67
6C43  4F52        STA 1,@82,3
6C44  504F        STA 2,79
6C45  5241        STA 2,65,2
6C46  5449        STA 2,@73
6C47  4F4E        STA 1,@78,3
6C48  2C20        LDA 1,@32
6C49  3139        LDA 2,57,PC   ; -> 6C82
6C4A  3733        LDA 2,@51,3
6C4B  2C31        LDA 1,@49
6C4C  3937        LDA 3,55,PC   ; -> 6C83
6C4D  342C        LDA 2,@44
6C4E  3139        LDA 2,57,PC   ; -> 6C87
6C4F  3735        LDA 2,@53,3
6C50  2C31        LDA 1,@49
6C51  3937        LDA 3,55,PC   ; -> 6C88
6C52  362C        LDA 2,@44,2
6C53  3139        LDA 2,57,PC   ; -> 6C8C
6C54  3737        LDA 2,@55,3
6C55  2C31        LDA 1,@49
6C56  3937        LDA 3,55,PC   ; -> 6C8D
6C57  382C        LDA 3,44
6C58  3139        LDA 2,57,PC   ; -> 6C91
6C59  3739        LDA 2,@57,3
6C5A  2E41        LDA 1,@65,2
6C5B  4C4C        STA 1,@76
6C5C  2052        LDA 0,82
6C5D  4947        STA 1,71,PC   ; -> 6CA4
6C5E  4854        STA 1,84
6C5F  5320        STA 2,32,3
6C60  5245        STA 2,69,2
6C61  5345        STA 2,69,3
6C62  5256        STA 2,86,2
6C63  4544        STA 0,@68,PC   ; -> 6CA7
6C64  2E4C        LDA 1,@76,2
6C65  4943        STA 1,67,PC   ; -> 6CA8
6C66  454E        STA 0,@78,PC   ; -> 6CB4
6C67  5345        STA 2,69,3
6C68  4420        STA 0,@32
6C69  4D41        STA 1,@65,PC   ; -> 6CAA
6C6A  5445        STA 2,@69
6C6B  5249        STA 2,73,2
6C6C  414C        STA 0,76,PC   ; -> 6CB8
6C6D  202D        LDA 0,45
6C6E  2050        LDA 0,80
6C6F  524F        STA 2,79,2
6C70  5045        STA 2,69
6C71  5254        STA 2,84,2
6C72  5920        STA 3,32,PC   ; -> 6C92
6C73  4F46        STA 1,@70,3
6C74  2044        LDA 0,68
6C75  4154        STA 0,84,PC   ; -> 6CC9
6C76  4120        STA 0,32,PC   ; -> 6C96
6C77  4745        STA 0,@69,3
6C78  4E45        STA 1,@69,2
6C79  5241        STA 2,65,2
6C7A  4C20        STA 1,@32
6C7B  434F        STA 0,79,3
6C7C  5250        STA 2,80,2
6C7D  4F52        STA 1,@82,3
6C7E  4154        STA 0,84,PC   ; -> 6CD2
6C7F  494F        STA 1,79,PC   ; -> 6CCE
6C80  4E00        STA 1,@0,2
6C81  E7C8 000C   SAVE 12             ; frame
6C83  2BFB        LDA 1,-5,3
6C84  0C4D        JSR @77
6C85  0428        JMP @40
6C86  23FA        LDA 0,-6,3
6C87  8250        MOVZL 0,0
6C88  2FF9        LDA 1,@-7,3
6C89  5301        STA 2,1,3
6C8A  F300        INC 3,2
6C8B  4A05        STA 1,5,2
6C8C  4203        STA 0,3,2
6C8D  2910        LDA 1,16,PC   ; -> 6C9D
6C8E  4A01        STA 1,1,2
6C8F  8500        SUB 0,0
6C90  4202        STA 0,2,2
6C91  4204        STA 0,4,2
6C92  4207        STA 0,7,2
6C93  4208        STA 0,8,2
6C94  0C0F        JSR @15
6C95  8002        COM 0,0,SZC
6C96  0102        JMP 2,PC   ; -> 6C98
6C97  0429        JMP @41
6C98  2A06        LDA 1,6,2
6C99  3105        LDA 2,5,PC   ; -> 6C9E
6C9A  C50D        SUB# 2,0,SNR
6C9B  4FF8        STA 1,@-8,3
6C9C  0428        JMP @40
6C9D  5001        STA 2,1
6C9E  0018        JMP 24
6C9F  E7C8 000C   SAVE 12             ; frame
6CA1  2BFB        LDA 1,-5,3
6CA2  0C4D        JSR @77
6CA3  0428        JMP @40
6CA4  23FA        LDA 0,-6,3
6CA5  8250        MOVZL 0,0
6CA6  2FF9        LDA 1,@-7,3
6CA7  5301        STA 2,1,3
6CA8  F300        INC 3,2
6CA9  4A05        STA 1,5,2
6CAA  4203        STA 0,3,2
6CAB  290B        LDA 1,11,PC   ; -> 6CB6
6CAC  4A01        STA 1,1,2
6CAD  8500        SUB 0,0
6CAE  4202        STA 0,2,2
6CAF  4204        STA 0,4,2
6CB0  4207        STA 0,7,2
6CB1  4208        STA 0,8,2
6CB2  0C0F        JSR @15
6CB3  8003        COM 0,0,SNC
6CB4  0428        JMP @40
6CB5  0429        JMP @41
6CB6  5001        STA 2,1
6CB7  C008        ADI 2,0
6CB8  C7F8 3FFF   ANDI 3FFF,0
6CBA  0102        JMP 2,PC   ; -> 6CBC
6CBB  8550        SUBZL 0,0
6CBC  3821        LDA 3,33
6CBD  3BFE        LDA 3,-2,3
6CBE  4701        STA 0,@1,3
6CBF  AFC8        RTN
6CC0  E200        MOV 3,0
6CC1  3C60        LDA 3,@96
6CC2  5312        STA 2,18,3
6CC3  4313        STA 0,19,3
6CC4  335E        LDA 2,94,3
6CC5  2360        LDA 0,96,3
6CC6  C517        SUBZ 2,0,SBN
6CC7  0105        JMP 5,PC   ; -> 6CCC
6CC8  C5C8        LDB 2,0
6CC9  135E        ISZ 94,3
6CCA  3312        LDA 2,18,3
6CCB  0713        JMP @19,3
6CCC  3317        LDA 2,23,3
6CCD  D20C        MOV# 2,2,SZR
6CCE  0107        JMP 7,PC   ; -> 6CD5
6CCF  820D        MOV# 0,0,SNR
6CD0  01F9        JMP -7,PC   ; -> 6CC9
6CD1  4B14        STA 1,20,3
6CD2  0910        JSR 16,PC   ; -> 6CE2
6CD3  2B14        LDA 1,20,3
6CD4  01F0        JMP -16,PC   ; -> 6CC4
6CD5  820C        MOV# 0,0,SZR
6CD6  0105        JMP 5,PC   ; -> 6CDB
6CD7  233B        LDA 0,59,3
6CD8  3139        LDA 2,57,PC   ; -> 6D11
6CD9  C505        SUB 2,0,SNR
6CDA  01EF        JMP -17,PC   ; -> 6CC9
6CDB  2137        LDA 0,55,PC   ; -> 6D12
6CDC  3359        LDA 2,89,3
6CDD  D640        ADDL 2,2
6CDE  D24A        MOVL# 2,2,SZC
6CDF  01EB        JMP -21,PC   ; -> 6CCA
6CE0  2133        LDA 0,51,PC   ; -> 6D13
6CE1  0C55        JSR @85
6CE2  5861        STA 3,97
6CE3  3C60        LDA 3,@96
6CE4  235C        LDA 0,92,3
6CE5  435E        STA 0,94,3
6CE6  335A        LDA 2,90,3
6CE7  D00D        COM# 2,2,SNR
6CE8  0461        JMP @97
6CE9  2B59        LDA 1,89,3
6CEA  AA4B        MOVL# 1,1,SNC
6CEB  011A        JMP 26,PC   ; -> 6D05
6CEC  CFF8 1FFF   ANDI 1FFF,1
6CEE  4B66        STA 1,102,3
6CEF  D6AC        ADDOR# 2,2,SZR
6CF0  0106        JMP 6,PC   ; -> 6CF6
6CF1  3123        LDA 2,35,PC   ; -> 6D14
6CF2  2AFF        LDA 1,-1,2
6CF3  305F        LDA 2,95
6CF4  B600        ADD 1,2
6CF5  3204        LDA 2,4,2
6CF6  5361        STA 2,97,3
6CF7  F738 0061   ELEF 2,0061,3
6CF9  4203        STA 0,3,2
6CFA  391B        LDA 3,27,PC   ; -> 6D15
6CFB  5A01        STA 3,1,2
6CFC  0C0F        JSR @15
6CFD  8002        COM 0,0,SZC
6CFE  0C55        JSR @85
6CFF  2A06        LDA 1,6,2
6D00  8848        SBI 0,1
6D01  3C60        LDA 3,@96
6D02  A600        ADD 1,0
6D03  4360        STA 0,96,3
6D04  0461        JMP @97
6D05  5361        STA 2,97,3
6D06  F738 0061   ELEF 2,0061,3
6D08  390E        LDA 3,14,PC   ; -> 6D16
6D09  5A01        STA 3,1,2
6D0A  4A05        STA 1,5,2
6D0B  4203        STA 0,3,2
6D0C  0C0F        JSR @15
6D0D  8002        COM 0,0,SZC
6D0E  0C55        JSR @85
6D0F  2A06        LDA 1,6,2
6D10  01F1        JMP -15,PC   ; -> 6D01
6D11  FFFD        ANDCS# 3,3,SNR
6D12  0020        JMP 32
6D13  8C07        ADC 0,1,SBN
6D14  6689        LEF 0,@-119,2
6D15  4002        STA 0,2
6D16  4001        STA 0,1
6D17  F648        PSH 3,2
6D18  3C60        LDA 3,@96
6D19  E7F8 0030   ADDI 0030,0
6D1B  0103        JMP 3,PC   ; -> 6D1E
6D1C  F648        PSH 3,2
6D1D  3C60        LDA 3,@96
6D1E  335E        LDA 2,94,3
6D1F  2B60        LDA 1,96,3
6D20  B50D        SUB# 1,2,SNR
6D21  0105        JMP 5,PC   ; -> 6D26
6D22  135E        ISZ 94,3
6D23  C608        STB 2,0
6D24  C688        POP 2,0
6D25  9FC8        POPJ
6D26  0C33        JSR @51
6D27  2B17        LDA 1,23,3
6D28  AA0D        MOV# 1,1,SNR
6D29  01F5        JMP -11,PC   ; -> 6D1E
6D2A  2151        LDA 0,81,PC   ; -> 6D7B
6D2B  0C55        JSR @85
6D2C  F648        PSH 3,2
6D2D  3C60        LDA 3,@96
6D2E  2B17        LDA 1,23,3
6D2F  AA0C        MOV# 1,1,SZR
6D30  01EE        JMP -18,PC   ; -> 6D1E
6D31  2B59        LDA 1,89,3
6D32  AA4B        MOVL# 1,1,SNC
6D33  01EB        JMP -21,PC   ; -> 6D1E
6D34  3148        LDA 2,72,PC   ; -> 6D7C
6D35  820D        MOV# 0,0,SNR
6D36  0105        JMP 5,PC   ; -> 6D3B
6D37  C40C        ADC# 2,0,SZR
6D38  940D        ADC# 0,2,SNR
6D39  0102        JMP 2,PC   ; -> 6D3B
6D3A  01E4        JMP -28,PC   ; -> 6D1E
6D3B  AE4B        ADDL# 1,1,SNC
6D3C  0126        JMP 38,PC   ; -> 6D62
6D3D  C40C        ADC# 2,0,SZR
6D3E  0142        JMP 66,PC   ; -> 6D80
6D3F  335E        LDA 2,94,3
6D40  135E        ISZ 94,3
6D41  C608        STB 2,0
6D42  013E        JMP 62,PC   ; -> 6D80
6D43  F648        PSH 3,2
6D44  3C60        LDA 3,@96
6D45  335A        LDA 2,90,3
6D46  D00D        COM# 2,2,SNR
6D47  013D        JMP 61,PC   ; -> 6D84
6D48  5361        STA 2,97,3
6D49  2B59        LDA 1,89,3
6D4A  AA4A        MOVL# 1,1,SZC
6D4B  010C        JMP 12,PC   ; -> 6D57
6D4C  235C        LDA 0,92,3
6D4D  F738 0061   ELEF 2,0061,3
6D4F  392E        LDA 3,46,PC   ; -> 6D7D
6D50  5A01        STA 3,1,2
6D51  4A05        STA 1,5,2
6D52  4203        STA 0,3,2
6D53  0C0F        JSR @15
6D54  8003        COM 0,0,SNC
6D55  0C55        JSR @85
6D56  0164        JMP 100,PC   ; -> 6DBA
6D57  335E        LDA 2,94,3
6D58  235F        LDA 0,95,3
6D59  C51E        SUBZ# 2,0,SEZ
6D5A  9200        MOV 0,2
6D5B  535E        STA 2,94,3
6D5C  AE4A        ADDL# 1,1,SZC
6D5D  0128        JMP 40,PC   ; -> 6D85
6D5E  233F        LDA 0,63,3
6D5F  820C        MOV# 0,0,SZR
6D60  8501        SUB 0,0,SKP
6D61  211D        LDA 0,29,PC   ; -> 6D7E
6D62  335E        LDA 2,94,3
6D63  135E        ISZ 94,3
6D64  C608        STB 2,0
6D65  335A        LDA 2,90,3
6D66  D6AC        ADDOR# 2,2,SZR
6D67  0106        JMP 6,PC   ; -> 6D6D
6D68  3117        LDA 2,23,PC   ; -> 6D7F
6D69  22FE        LDA 0,-2,2
6D6A  305F        LDA 2,95
6D6B  9600        ADD 0,2
6D6C  3204        LDA 2,4,2
6D6D  235C        LDA 0,92,3
6D6E  5361        STA 2,97,3
6D6F  F738 0061   ELEF 2,0061,3
6D71  4203        STA 0,3,2
6D72  2B5E        LDA 1,94,3
6D73  8D00        SUB 0,1
6D74  4A05        STA 1,5,2
6D75  3908        LDA 3,8,PC   ; -> 6D7D
6D76  5A01        STA 3,1,2
6D77  0C0F        JSR @15
6D78  8003        COM 0,0,SNC
6D79  0C55        JSR @85
6D7A  0140        JMP 64,PC   ; -> 6DBA
6D7B  8C06        ADC 0,1,SEZ
6D7C  000B        JMP 11
6D7D  4001        STA 0,1
6D7E  000A        JMP 10
6D7F  6689        LEF 0,@-119,2
6D80  8500        SUB 0,0
6D81  0918        JSR 24,PC   ; -> 6D99
6D82  0100        JMP 0,PC   ; -> 6D82
6D83  000A        JMP 10
6D84  0144        JMP 68,PC   ; -> 6DC8
6D85  2317        LDA 0,23,3
6D86  2B5E        LDA 1,94,3
6D87  335C        LDA 2,92,3
6D88  820C        MOV# 0,0,SZR
6D89  CD0D        SUB# 2,1,SNR
6D8A  01F6        JMP -10,PC   ; -> 6D80
6D8B  C5C8        LDB 2,0
6D8C  090D        JSR 13,PC   ; -> 6D99
6D8D  0230        JMP 48,2
6D8E  0A0A        JSR 10,2
6D8F  032D        JMP 45,3
6D90  0A0A        JSR 10,2
6D91  000A        JMP 10
6D92  0131        JMP 49,PC   ; -> 6DC3
6D93  000C        JMP 12
6D94  002B        JMP 43
6D95  CDC5        SUBS 2,1,SNR
6D96  01EA        JMP -22,PC   ; -> 6D80
6D97  FB60        INCOL 3,3
6D98  BE80        ADDR 1,3
6D99  2B00        LDA 1,0,3
6D9A  3132        LDA 2,50,PC   ; -> 6DCC
6D9B  B700        AND 1,2
6D9C  950C        SUB# 0,2,SZR
6D9D  01F8        JMP -8,PC   ; -> 6D95
6D9E  CDC0        SUBS 2,1
6D9F  2301        LDA 0,1,3
6DA0  3302        LDA 2,2,3
6DA1  3C60        LDA 3,@96
6DA2  436E        STA 0,110,3
6DA3  536D        STA 2,109,3
6DA4  335E        LDA 2,94,3
6DA5  233F        LDA 0,63,3
6DA6  820C        MOV# 0,0,SZR
6DA7  0104        JMP 4,PC   ; -> 6DAB
6DA8  2125        LDA 0,37,PC   ; -> 6DCD
6DA9  C608        STB 2,0
6DAA  D300        INC 2,2
6DAB  235D        LDA 0,93,3
6DAC  A500        SUB 1,0
6DAD  CA00        MOV 2,1
6DAE  8D00        SUB 0,1
6DAF  335A        LDA 2,90,3
6DB0  5361        STA 2,97,3
6DB1  F738 0061   ELEF 2,0061,3
6DB3  4203        STA 0,3,2
6DB4  4A05        STA 1,5,2
6DB5  21C8        LDA 0,-56,PC   ; -> 6D7D
6DB6  4201        STA 0,1,2
6DB7  0C0F        JSR @15
6DB8  8003        COM 0,0,SNC
6DB9  0C55        JSR @85
6DBA  3C60        LDA 3,@96
6DBB  8500        SUB 0,0
6DBC  433F        STA 0,63,3
6DBD  235D        LDA 0,93,3
6DBE  2B60        LDA 1,96,3
6DBF  8CA0        ADCOR 0,1
6DC0  210E        LDA 0,14,PC   ; -> 6DCE
6DC1  F738 006F   ELEF 2,006F,3
6DC3  436E        STA 0,110,3
6DC4  4200        STA 0,0,2
6DC5  DB00        INC 2,3
6DC6  B7C8        BLM
6DC7  3C60        LDA 3,@96
6DC8  235C        LDA 0,92,3
6DC9  435E        STA 0,94,3
6DCA  C688        POP 2,0
6DCB  9FC8        POPJ
6DCC  00FF        JMP 255
6DCD  000D        JMP 13
6DCE  2020        LDA 0,32
6DCF  FFEF        ANDOS# 3,3,SBN
6DD0  00D9        JMP 217
6DD1  00AA        JMP 170
6DD2  007B        JMP 123
6DD3  007A        JMP 122
6DD4  0079        JMP 121
6DD5  FFEC        ANDOS# 3,3,SZR
6DD6  00E1        JMP 225
6DD7  00DE        JMP 222
6DD8  0075        JMP 117
6DD9  FFF8 00D5   ADDI 00D5,3
6DDB  0072        JMP 114
6DDC  0071        JMP 113
6DDD  00D4        JMP 212
6DDE  006F        JMP 111
6DDF  006E        JMP 110
6DE0  00CD        JMP 205
6DE1  0071        JMP 113
6DE2  00BC        JMP 188
6DE3  00AD        JMP 173
6DE4  00AA        JMP 170
6DE5  00A7        JMP 167
6DE6  0067        JMP 103
6DE7  00C4        JMP 196
6DE8  00CB        JMP 203
6DE9  0064        JMP 100
6DEA  0063        JMP 99
6DEB  0062        JMP 98
6DEC  0061        JMP 97
6DED  0060        JMP 96
6DEE  005F        JMP 95
6DEF  005E        JMP 94
6DF0  FFE4        ANDOS 3,3,SZR
6DF1  FFE3        ANDOS 3,3,SNC
6DF2  FFE2        ANDOS 3,3,SZC
6DF3  FFE1        ANDOS 3,3,SKP
6DF4  FFE0        ANDOS 3,3
6DF5  FFDF        ANDZS# 3,3,SBN
6DF6  FFDE        ANDZS# 3,3,SEZ
6DF7  FFDD        ANDZS# 3,3,SNR
6DF8  FFDC        ANDZS# 3,3,SZR
6DF9  FFDB        ANDZS# 3,3,SNC
6DFA  0008        JMP 8
6DFB  0052        JMP 82
6DFC  FFE0        ANDOS 3,3
6DFD  FFE4        ANDOS 3,3,SZR
6DFE  004F        JMP 79
6DFF  004E        JMP 78
6E00  FFE3        ANDOS 3,3,SNC
6E01  FFF4        ANDCS 3,3,SZR
6E02  0065        JMP 101
6E03  004A        JMP 74
6E04  0049        JMP 73
6E05  0048        JMP 72
6E06  0047        JMP 71
6E07  0060        JMP 96
6E08  0045        JMP 69
6E09  0017        JMP 23
6E0A  094B        JSR 75,PC   ; -> 6E55
6E0B  123F        ISZ 63,2
6E0C  0160        JMP 96,PC   ; -> 6E6C
6E0D  096C        JSR 108,PC   ; -> 6E79
6E0E  0149        JMP 73,PC   ; -> 6E57
6E0F  225C        LDA 0,92,2
6E10  A900        NEG 1,1
6E11  A400        ADC 1,0
6E12  2A5E        LDA 1,94,2
6E13  425E        STA 0,94,2
6E14  8C1B        ADCZ# 0,1,SNC
6E15  0104        JMP 4,PC   ; -> 6E19
6E16  225F        LDA 0,95,2
6E17  A41B        ADCZ# 1,0,SNC
6E18  4A5F        STA 1,95,2
6E19  2A60        LDA 1,96,2
6E1A  A51B        SUBZ# 1,0,SNC
6E1B  014E        JMP 78,PC   ; -> 6E69
6E1C  013B        JMP 59,PC   ; -> 6E57
6E1D  2212        LDA 0,18,2
6E1E  423A        STA 0,58,2
6E1F  014A        JMP 74,PC   ; -> 6E69
6E20  095C        JSR 92,PC   ; -> 6E7C
6E21  0101        JMP 1,PC   ; -> 6E22
6E22  2A17        LDA 1,23,2
6E23  1217        ISZ 23,2
6E24  A5C8        LDB 1,0
6E25  AD90        SUBZR 1,1
6E26  4A3B        STA 1,59,2
6E27  0149        JMP 73,PC   ; -> 6E70
6E28  092D        JSR 45,PC   ; -> 6E55
6E29  0950        JSR 80,PC   ; -> 6E79
6E2A  016F        JMP 111,PC   ; -> 6E99
6E2B  A100        NEG 1,0
6E2C  013F        JMP 63,PC   ; -> 6E6B
6E2D  0928        JSR 40,PC   ; -> 6E55
6E2E  013E        JMP 62,PC   ; -> 6E6C
6E2F  0926        JSR 38,PC   ; -> 6E55
6E30  3A19        LDA 3,25,2
6E31  1B1A        DSZ 26,3
6E32  0134        JMP 52,PC   ; -> 6E66
6E33  1A19        DSZ 25,2
6E34  3A19        LDA 3,25,2
6E35  F50C        SUB# 3,2,SZR
6E36  0136        JMP 54,PC   ; -> 6E6C
6E37  223E        LDA 0,62,2
6E38  820C        MOV# 0,0,SZR
6E39  9FC8        POPJ
6E3A  2218        LDA 0,24,2
6E3B  4217        STA 0,23,2
6E3C  DB00        INC 2,3
6E3D  5A19        STA 3,25,2
6E3E  8550        SUBZL 0,0
6E3F  431A        STA 0,26,3
6E40  010E        JMP 14,PC   ; -> 6E4E
6E41  1219        ISZ 25,2
6E42  3A19        LDA 3,25,2
6E43  2212        LDA 0,18,2
6E44  431A        STA 0,26,3
6E45  2217        LDA 0,23,2
6E46  432A        STA 0,42,3
6E47  2213        LDA 0,19,2
6E48  DC00        ADC 2,3
6E49  F905        NEG 3,3,SNR
6E4A  8301        INC 0,0,SKP
6E4B  F80D        COM# 3,3,SNR
6E4C  4218        STA 0,24,2
6E4D  011C        JMP 28,PC   ; -> 6E69
6E4E  0907        JSR 7,PC   ; -> 6E55
6E4F  3A5B        LDA 3,91,2
6E50  FA0C        MOV# 3,3,SZR
6E51  0C2F        JSR @47
6E52  FA0D        MOV# 3,3,SNR
6E53  0C33        JSR @51
6E54  0114        JMP 20,PC   ; -> 6E68
6E55  223B        LDA 0,59,2
6E56  86AD        ADDOR# 0,0,SNR
6E57  0142        JMP 66,PC   ; -> 6E99
6E58  0300        JMP 0,3
6E59  FE48        PSH 3,3
6E5A  3460        LDA 2,@96
6E5B  2217        LDA 0,23,2
6E5C  820D        MOV# 0,0,SNR
6E5D  0400        JMP @0
6E5E  3A19        LDA 3,25,2
6E5F  231A        LDA 0,26,3
6E60  824B        MOVL# 0,0,SNC
6E61  0108        JMP 8,PC   ; -> 6E69
6E62  131A        ISZ 26,3
6E63  0103        JMP 3,PC   ; -> 6E66
6E64  1A19        DSZ 25,2
6E65  0104        JMP 4,PC   ; -> 6E69
6E66  232A        LDA 0,42,3
6E67  4217        STA 0,23,2
6E68  3460        LDA 2,@96
6E69  8550        SUBZL 0,0
6E6A  423B        STA 0,59,2
6E6B  4212        STA 0,18,2
6E6C  2A17        LDA 1,23,2
6E6D  1217        ISZ 23,2
6E6E  A5C8        LDB 1,0
6E6F  4A13        STA 1,19,2
6E70  84F8        CLM 0,0
6E71  0020        JMP 32
6E72  005A        JMP 90
6E73  0126        JMP 38,PC   ; -> 6E99
6E74  0901        JSR 1,PC   ; -> 6E75
6E75  9D00        SUB 0,3
6E76  2BB4        LDA 1,-76,3
6E77  BE00        ADD 1,3
6E78  0300        JMP 0,3
6E79  2A17        LDA 1,23,2
6E7A  1217        ISZ 23,2
6E7B  A5C8        LDB 1,0
6E7C  5A14        STA 3,20,2
6E7D  DA00        MOV 2,3
6E7E  AD00        SUB 1,1
6E7F  3119        LDA 2,25,PC   ; -> 6E98
6E80  E7F8 FFD0   ADDI FFD0,0
6E82  941B        ADCZ# 0,2,SNC
6E83  0108        JMP 8,PC   ; -> 6E8B
6E84  C7C8        MUL
6E85  820C        MOV# 0,0,SZR
6E86  0113        JMP 19,PC   ; -> 6E99
6E87  2317        LDA 0,23,3
6E88  1317        ISZ 23,3
6E89  85C8        LDB 0,0
6E8A  01F6        JMP -10,PC   ; -> 6E80
6E8B  E7F8 0010   ADDI 0010,0
6E8D  820D        MOV# 0,0,SNR
6E8E  01F9        JMP -7,PC   ; -> 6E87
6E8F  AA4A        MOVL# 1,1,SZC
6E90  0109        JMP 9,PC   ; -> 6E99
6E91  1B17        DSZ 23,3
6E92  4B12        STA 1,18,3
6E93  F200        MOV 3,2
6E94  3A14        LDA 3,20,2
6E95  AA0D        MOV# 1,1,SNR
6E96  0300        JMP 0,3
6E97  0301        JMP 1,3
6E98  000A        JMP 10
6E99  2102        LDA 0,2,PC   ; -> 6E9B
6E9A  0C55        JSR @85
6E9B  8C04        ADC 0,1,SZR
6E9C  01DD        JMP -35,PC   ; -> 6E79
6E9D  0020        JMP 32
6E9E  2A12        LDA 1,18,2
6E9F  AE2F        ADDO# 1,1,SBN
6EA0  01F9        JMP -7,PC   ; -> 6E99
6EA1  A900        NEG 1,1
6EA2  225B        LDA 0,91,2
6EA3  3217        LDA 2,23,2
6EA4  820C        MOV# 0,0,SZR
6EA5  0108        JMP 8,PC   ; -> 6EAD
6EA6  C5C8        LDB 2,0
6EA7  D300        INC 2,2
6EA8  0C31        JSR @49
6EA9  AB04        INC 1,1,SZR
6EAA  01FC        JMP -4,PC   ; -> 6EA6
6EAB  5317        STA 2,23,3
6EAC  01BC        JMP -68,PC   ; -> 6E68
6EAD  0C2E        JSR @46
6EAE  C608        STB 2,0
6EAF  D300        INC 2,2
6EB0  AB04        INC 1,1,SZR
6EB1  01FC        JMP -4,PC   ; -> 6EAD
6EB2  01F9        JMP -7,PC   ; -> 6EAB
6EB3  8A00        MOV 0,1
6EB4  09A1        JSR -95,PC   ; -> 6E55
6EB5  225B        LDA 0,91,2
6EB6  3217        LDA 2,23,2
6EB7  820C        MOV# 0,0,SZR
6EB8  010A        JMP 10,PC   ; -> 6EC2
6EB9  C5C8        LDB 2,0
6EBA  D300        INC 2,2
6EBB  8D0D        SUB# 0,1,SNR
6EBC  01EF        JMP -17,PC   ; -> 6EAB
6EBD  0C31        JSR @49
6EBE  01FB        JMP -5,PC   ; -> 6EB9
6EBF  0C2E        JSR @46
6EC0  C608        STB 2,0
6EC1  D300        INC 2,2
6EC2  C5C8        LDB 2,0
6EC3  8D0C        SUB# 0,1,SZR
6EC4  01FB        JMP -5,PC   ; -> 6EBF
6EC5  D300        INC 2,2
6EC6  01E5        JMP -27,PC   ; -> 6EAB
6EC7  2A12        LDA 1,18,2
6EC8  AE2F        ADDO# 1,1,SBN
6EC9  01D0        JMP -48,PC   ; -> 6E99
6ECA  A900        NEG 1,1
6ECB  225B        LDA 0,91,2
6ECC  820C        MOV# 0,0,SZR
6ECD  0106        JMP 6,PC   ; -> 6ED3
6ECE  21CF        LDA 0,-49,PC   ; -> 6E9D
6ECF  0C31        JSR @49
6ED0  AB04        INC 1,1,SZR
6ED1  01FE        JMP -2,PC   ; -> 6ECF
6ED2  0197        JMP -105,PC   ; -> 6E69
6ED3  0C2E        JSR @46
6ED4  AB04        INC 1,1,SZR
6ED5  01FE        JMP -2,PC   ; -> 6ED3
6ED6  0193        JMP -109,PC   ; -> 6E69
6ED7  0005        JMP 5
6ED8  0104        JMP 4,PC   ; -> 6EDC
6ED9  0004        JMP 4
6EDA  0102        JMP 2,PC   ; -> 6EDC
6EDB  0003        JMP 3
6EDC  23FF        LDA 0,-1,3
6EDD  092E        JSR 46,PC   ; -> 6F0B
6EDE  099B        JSR -101,PC   ; -> 6E79
6EDF  01BA        JMP -70,PC   ; -> 6E99
6EE0  4A3C        STA 1,60,2
6EE1  2912        LDA 1,18,PC   ; -> 6EF3
6EE2  A50C        SUB# 1,0,SZR
6EE3  01B6        JMP -74,PC   ; -> 6E99
6EE4  1217        ISZ 23,2
6EE5  0994        JSR -108,PC   ; -> 6E79
6EE6  0101        JMP 1,PC   ; -> 6EE7
6EE7  4A3D        STA 1,61,2
6EE8  9FC8        POPJ
6EE9  0006        JMP 6
6EEA  23FF        LDA 0,-1,3
6EEB  0920        JSR 32,PC   ; -> 6F0B
6EEC  098D        JSR -115,PC   ; -> 6E79
6EED  01AC        JMP -84,PC   ; -> 6E99
6EEE  4A3C        STA 1,60,2
6EEF  2904        LDA 1,4,PC   ; -> 6EF3
6EF0  A50C        SUB# 1,0,SZR
6EF1  0117        JMP 23,PC   ; -> 6F08
6EF2  01F2        JMP -14,PC   ; -> 6EE4
6EF3  000E        JMP 14
6EF4  0008        JMP 8
6EF5  010E        JMP 14,PC   ; -> 6F03
6EF6  0007        JMP 7
6EF7  010C        JMP 12,PC   ; -> 6F03
6EF8  0002        JMP 2
6EF9  010A        JMP 10,PC   ; -> 6F03
6EFA  0001        JMP 1
6EFB  0108        JMP 8,PC   ; -> 6F03
6EFC  0000        JMP 0
6EFD  0106        JMP 6,PC   ; -> 6F03
6EFE  FFFF        ANDCS# 3,3,SBN
6EFF  0104        JMP 4,PC   ; -> 6F03
6F00  FFFE        ANDCS# 3,3,SEZ
6F01  0102        JMP 2,PC   ; -> 6F03
6F02  FFFD        ANDCS# 3,3,SNR
6F03  23FF        LDA 0,-1,3
6F04  0907        JSR 7,PC   ; -> 6F0B
6F05  0997        JSR -105,PC   ; -> 6E9C
6F06  0193        JMP -109,PC   ; -> 6E99
6F07  4A3C        STA 1,60,2
6F08  AD00        SUB 1,1
6F09  4A3D        STA 1,61,2
6F0A  9FC8        POPJ
6F0B  423B        STA 0,59,2
6F0C  2A17        LDA 1,23,2
6F0D  2212        LDA 0,18,2
6F0E  862F        ADDO# 0,0,SBN
6F0F  018A        JMP -118,PC   ; -> 6E99
6F10  8100        NEG 0,0
6F11  800D        COM# 0,0,SNR
6F12  0300        JMP 0,3
6F13  8848        SBI 0,1
6F14  1219        ISZ 25,2
6F15  3219        LDA 2,25,2
6F16  421A        STA 0,26,2
6F17  4A2A        STA 1,42,2
6F18  3460        LDA 2,@96
6F19  0300        JMP 0,3
6F1A  E7C8 0001   SAVE 1             ; frame
6F1C  8A50        MOVZL 0,1
6F1D  0104        JMP 4,PC   ; -> 6F21
6F1E  E7C8 0001   SAVE 1             ; frame
6F20  AD00        SUB 1,1
6F21  27FD        LDA 0,@-3,3
6F22  4B01        STA 1,1,3
6F23  0C46        JSR @70
6F24  AE4A        ADDL# 1,1,SZC
6F25  0152        JMP 82,PC   ; -> 6F77
6F26  0C47        JSR @71
6F27  2301        LDA 0,1,3
6F28  3C60        LDA 3,@96
6F29  4317        STA 0,23,3
6F2A  5B5B        STA 3,91,3
6F2B  0C2F        JSR @47
6F2C  AFC8        RTN
6F2D  E7C8 0001   SAVE 1             ; frame
6F2F  8A50        MOVZL 0,1
6F30  0104        JMP 4,PC   ; -> 6F34
6F31  E7C8 0001   SAVE 1             ; frame
6F33  AD00        SUB 1,1
6F34  27FD        LDA 0,@-3,3
6F35  4B01        STA 1,1,3
6F36  0C46        JSR @70
6F37  0C47        JSR @71
6F38  2301        LDA 0,1,3
6F39  3C60        LDA 3,@96
6F3A  4317        STA 0,23,3
6F3B  820C        MOV# 0,0,SZR
6F3C  AE4B        ADDL# 1,1,SNC
6F3D  0103        JMP 3,PC   ; -> 6F40
6F3E  1B5C        DSZ 92,3
6F3F  1B5E        DSZ 94,3
6F40  235D        LDA 0,93,3
6F41  2B60        LDA 1,96,3
6F42  8CA0        ADCOR 0,1
6F43  214C        LDA 0,76,PC   ; -> 6F8F
6F44  F738 006F   ELEF 2,006F,3
6F46  436E        STA 0,110,3
6F47  4200        STA 0,0,2
6F48  DB00        INC 2,3
6F49  B7C8        BLM
6F4A  3C60        LDA 3,@96
6F4B  4B5B        STA 1,91,3
6F4C  AFC8        RTN
6F4D  E7C8 0001   SAVE 1             ; frame
6F4F  8A50        MOVZL 0,1
6F50  3140        LDA 2,64,PC   ; -> 6F90
6F51  22FB        LDA 0,-5,2
6F52  01D0        JMP -48,PC   ; -> 6F22
6F53  E7C8 0001   SAVE 1             ; frame
6F55  8A50        MOVZL 0,1
6F56  313B        LDA 2,59,PC   ; -> 6F91
6F57  22FC        LDA 0,-4,2
6F58  01DD        JMP -35,PC   ; -> 6F35
6F59  E7C8 0001   SAVE 1             ; frame
6F5B  8A50        MOVZL 0,1
6F5C  3136        LDA 2,54,PC   ; -> 6F92
6F5D  22FD        LDA 0,-3,2
6F5E  01D7        JMP -41,PC   ; -> 6F35
6F5F  E7C8 0000   SAVE 0             ; frame
6F61  3132        LDA 2,50,PC   ; -> 6F93
6F62  22FF        LDA 0,-1,2
6F63  0C46        JSR @70
6F64  AA4A        MOVL# 1,1,SZC
6F65  AE4A        ADDL# 1,1,SZC
6F66  0111        JMP 17,PC   ; -> 6F77
6F67  0103        JMP 3,PC   ; -> 6F6A
6F68  E7C8 0000   SAVE 0             ; frame
6F6A  312A        LDA 2,42,PC   ; -> 6F94
6F6B  22FE        LDA 0,-2,2
6F6C  0C46        JSR @70
6F6D  AA4A        MOVL# 1,1,SZC
6F6E  AE4A        ADDL# 1,1,SZC
6F6F  0108        JMP 8,PC   ; -> 6F77
6F70  D590        SUBZR 2,2
6F71  0C47        JSR @71
6F72  3C60        LDA 3,@96
6F73  8500        SUB 0,0
6F74  435B        STA 0,91,3
6F75  4317        STA 0,23,3
6F76  AFC8        RTN
6F77  211E        LDA 0,30,PC   ; -> 6F95
6F78  0C56        JSR @86
6F79  E7C8 0001   SAVE 1             ; frame
6F7B  0104        JMP 4,PC   ; -> 6F7F
6F7C  E7C8 0001   SAVE 1             ; frame
6F7E  8500        SUB 0,0
6F7F  4301        STA 0,1,3
6F80  AD00        SUB 1,1
6F81  D400        ADC 2,2
6F82  0C47        JSR @71
6F83  23FD        LDA 0,-3,3
6F84  2BFC        LDA 1,-4,3
6F85  8250        MOVZL 0,0
6F86  AA50        MOVZL 1,1
6F87  3C60        LDA 3,@96
6F88  435C        STA 0,92,3
6F89  435E        STA 0,94,3
6F8A  5360        STA 2,96,3
6F8B  4B17        STA 1,23,3
6F8C  2420        LDA 0,@32
6F8D  435B        STA 0,91,3
6F8E  AFC8        RTN
6F8F  2020        LDA 0,32
6F90  6689        LEF 0,@-119,2
6F91  6689        LEF 0,@-119,2
6F92  6689        LEF 0,@-119,2
6F93  6689        LEF 0,@-119,2
6F94  6689        LEF 0,@-119,2
6F95  8C09        ADC# 0,1,SKP
6F96  000A        JMP 10
6F97  E7C8 0000   SAVE 0             ; frame
6F99  3C60        LDA 3,@96
6F9A  133E        ISZ 62,3
6F9B  0C34        JSR @52
6F9C  011D        JMP 29,PC   ; -> 6FB9
6F9D  E7C8 0000   SAVE 0             ; frame
6F9F  3C60        LDA 3,@96
6FA0  133E        ISZ 62,3
6FA1  0C34        JSR @52
6FA2  0C33        JSR @51
6FA3  0116        JMP 22,PC   ; -> 6FB9
6FA4  E7C8 0000   SAVE 0             ; frame
6FA6  01FC        JMP -4,PC   ; -> 6FA2
6FA7  E7C8 0000   SAVE 0             ; frame
6FA9  3C60        LDA 3,@96
6FAA  235B        LDA 0,91,3
6FAB  820C        MOV# 0,0,SZR
6FAC  010D        JMP 13,PC   ; -> 6FB9
6FAD  2B5C        LDA 1,92,3
6FAE  335E        LDA 2,94,3
6FAF  B50C        SUB# 1,2,SZR
6FB0  0C32        JSR @50
6FB1  0108        JMP 8,PC   ; -> 6FB9
6FB2  E7C8 0000   SAVE 0             ; frame
6FB4  21E2        LDA 0,-30,PC   ; -> 6F96
6FB5  0C32        JSR @50
6FB6  0103        JMP 3,PC   ; -> 6FB9
6FB7  E7C8 0000   SAVE 0             ; frame
6FB9  3C60        LDA 3,@96
6FBA  2316        LDA 0,22,3
6FBB  4460        STA 0,@96
6FBC  2315        LDA 0,21,3
6FBD  4022        STA 0,34
6FBE  AFC8        RTN
6FBF  E7C8 0000   SAVE 0             ; frame
6FC1  096F        JSR 111,PC   ; -> 7030
6FC2  0004        JMP 4
6FC3  E7C8 0000   SAVE 0             ; frame
6FC5  096B        JSR 107,PC   ; -> 7030
6FC6  0006        JMP 6
6FC7  E7C8 0000   SAVE 0             ; frame
6FC9  0967        JSR 103,PC   ; -> 7030
6FCA  0000        JMP 0
6FCB  E7C8 0000   SAVE 0             ; frame
6FCD  0963        JSR 99,PC   ; -> 7030
6FCE  0001        JMP 1
6FCF  E7C8 0000   SAVE 0             ; frame
6FD1  095F        JSR 95,PC   ; -> 7030
6FD2  0002        JMP 2
6FD3  E7C8 0000   SAVE 0             ; frame
6FD5  095B        JSR 91,PC   ; -> 7030
6FD6  0003        JMP 3
6FD7  0906        JSR 6,PC   ; -> 6FDD
6FD8  0002        JMP 2
6FD9  0904        JSR 4,PC   ; -> 6FDD
6FDA  0008        JMP 8
6FDB  0902        JSR 2,PC   ; -> 6FDD
6FDC  0010        JMP 16
6FDD  3300        LDA 2,0,3
6FDE  AD00        SUB 1,1
6FDF  0C2E        JSR @46
6FE0  E7F8 FFD0   ADDI FFD0,0
6FE2  824A        MOVL# 0,0,SZC
6FE3  010A        JMP 10,PC   ; -> 6FED
6FE4  941B        ADCZ# 0,2,SNC
6FE5  010F        JMP 15,PC   ; -> 6FF4
6FE6  C7C8        MUL
6FE7  1B3C        DSZ 60,3
6FE8  01F7        JMP -9,PC   ; -> 6FDF
6FE9  820C        MOV# 0,0,SZR
6FEA  0107        JMP 7,PC   ; -> 6FF1
6FEB  4F57        STA 1,@87,3
6FEC  0170        JMP 112,PC   ; -> 705C
6FED  E7F8 0010   ADDI 0010,0
6FEF  820D        MOV# 0,0,SNR
6FF0  01F6        JMP -10,PC   ; -> 6FE6
6FF1  2102        LDA 0,2,PC   ; -> 6FF3
6FF2  0C55        JSR @85
6FF3  8C05        ADC 0,1,SNR
6FF4  E7F8 FFF6   ADDI FFF6,0
6FF6  824A        MOVL# 0,0,SZC
6FF7  01FA        JMP -6,PC   ; -> 6FF1
6FF8  C008        ADI 2,0
6FF9  941B        ADCZ# 0,2,SNC
6FFA  01F7        JMP -9,PC   ; -> 6FF1
6FFB  01EB        JMP -21,PC   ; -> 6FE6
6FFC  3A55        LDA 3,85,2
6FFD  D848        SBI 2,3
6FFE  FA0D        MOV# 3,3,SNR
6FFF  0104        JMP 4,PC   ; -> 7003
7000  0C42        JSR @66
7001  DA00        MOV 2,3
7002  015A        JMP 90,PC   ; -> 705C
7003  2217        LDA 0,23,2
7004  315F        LDA 2,95,PC   ; -> 7063
7005  820C        MOV# 0,0,SZR
7006  010E        JMP 14,PC   ; -> 7014
7007  295D        LDA 1,93,PC   ; -> 7064
7008  0C2E        JSR @46
7009  C50C        SUB# 2,0,SZR
700A  A50D        SUB# 1,0,SNR
700B  01FD        JMP -3,PC   ; -> 7008
700C  820D        MOV# 0,0,SNR
700D  01FB        JMP -5,PC   ; -> 7008
700E  3157        LDA 2,87,PC   ; -> 7065
700F  C50D        SUB# 2,0,SNR
7010  8551        SUBZL 0,0,SKP
7011  8500        SUB 0,0
7012  4757        STA 0,@87,3
7013  0149        JMP 73,PC   ; -> 705C
7014  0C2E        JSR @46
7015  C50C        SUB# 2,0,SZR
7016  0104        JMP 4,PC   ; -> 701A
7017  1B3C        DSZ 60,3
7018  01FC        JMP -4,PC   ; -> 7014
7019  01F8        JMP -8,PC   ; -> 7011
701A  8A01        MOV 0,1,SKP
701B  0C2E        JSR @46
701C  1B3C        DSZ 60,3
701D  01FE        JMP -2,PC   ; -> 701B
701E  A200        MOV 1,0
701F  01EF        JMP -17,PC   ; -> 700E
7020  0002        JMP 2
7021  0004        JMP 4
7022  0001        JMP 1
7023  0001        JMP 1
7024  0166        JMP 102,PC   ; -> 708A
7025  0141        JMP 65,PC   ; -> 7066
7026  0140        JMP 64,PC   ; -> 7066
7027  01DC        JMP -36,PC   ; -> 7003
7028  01B1        JMP -79,PC   ; -> 6FD9
7029  01D7        JMP -41,PC   ; -> 7000
702A  01D6        JMP -42,PC   ; -> 7000
702B  01D5        JMP -43,PC   ; -> 7000
702C  01D4        JMP -44,PC   ; -> 7000
702D  01CF        JMP -49,PC   ; -> 6FFC
702E  01A9        JMP -87,PC   ; -> 6FD7
702F  01AC        JMP -84,PC   ; -> 6FDB
7030  2300        LDA 0,0,3
7031  3821        LDA 3,33
7032  DCAB        ADCOR# 2,3,SNC
7033  D551        SUBZL 2,2,SKP
7034  37FB        LDA 2,@-5,3
7035  3C60        LDA 3,@96
7036  4B57        STA 1,87,3
7037  8290        MOVZR 0,0
7038  AD74        SUBCL 1,1,SZR
7039  D600        ADD 2,2
703A  4355        STA 0,85,3
703B  4B56        STA 1,86,3
703C  5358        STA 2,88,3
703D  F538 7FE2   ELEF 2,7FE2,PC   ; -> 7020
703F  9600        ADD 0,2
7040  3200        LDA 2,0,2
7041  5311        STA 2,17,3
7042  235A        LDA 0,90,3
7043  86AC        ADDOR# 0,0,SZR
7044  0109        JMP 9,PC   ; -> 704D
7045  235B        LDA 0,91,3
7046  820C        MOV# 0,0,SZR
7047  0106        JMP 6,PC   ; -> 704D
7048  2B5C        LDA 1,92,3
7049  335E        LDA 2,94,3
704A  B50C        SUB# 1,2,SZR
704B  0C32        JSR @50
704C  4B60        STA 1,96,3
704D  5B5B        STA 3,91,3
704E  0C34        JSR @52
704F  FD38 7FD7   ELEF 3,7FD7,PC   ; -> 7027
7051  2A3B        LDA 1,59,2
7052  BE00        ADD 1,3
7053  0300        JMP 0,3
7054  2356        LDA 0,86,3
7055  820D        MOV# 0,0,SNR
7056  0106        JMP 6,PC   ; -> 705C
7057  2B57        LDA 1,87,3
7058  2311        LDA 0,17,3
7059  8E00        ADD 0,1
705A  1B58        DSZ 88,3
705B  0103        JMP 3,PC   ; -> 705E
705C  2B57        LDA 1,87,3
705D  2311        LDA 0,17,3
705E  8E00        ADD 0,1
705F  4B57        STA 1,87,3
7060  1B58        DSZ 88,3
7061  01ED        JMP -19,PC   ; -> 704E
7062  AFC8        RTN
7063  0020        JMP 32
7064  002C        JMP 44
7065  0054        JMP 84
7066  2211        LDA 0,17,2
7067  3A56        LDA 3,86,2
7068  FA0C        MOV# 3,3,SZR
7069  8600        ADD 0,0
706A  8600        ADD 0,0
706B  DA00        MOV 2,3
706C  323C        LDA 2,60,2
706D  C517        SUBZ 2,0,SBN
706E  0112        JMP 18,PC   ; -> 7080
706F  AB0C        INC# 1,1,SZR
7070  0109        JMP 9,PC   ; -> 7079
7071  4310        STA 0,16,3
7072  C900        NEG 2,1
7073  3357        LDA 2,87,3
7074  0925        JSR 37,PC   ; -> 7099
7075  2B10        LDA 1,16,3
7076  A900        NEG 1,1
7077  092B        JSR 43,PC   ; -> 70A2
7078  01DC        JMP -36,PC   ; -> 7054
7079  8900        NEG 0,1
707A  3357        LDA 2,87,3
707B  0926        JSR 38,PC   ; -> 70A1
707C  2B3C        LDA 1,60,3
707D  A900        NEG 1,1
707E  091C        JSR 28,PC   ; -> 709A
707F  01D5        JMP -43,PC   ; -> 7054
7080  8A05        MOV 0,1,SNR
7081  0105        JMP 5,PC   ; -> 7086
7082  9600        ADD 0,2
7083  0C2E        JSR @46
7084  AB04        INC 1,1,SZR
7085  01FE        JMP -2,PC   ; -> 7083
7086  C900        NEG 2,1
7087  3357        LDA 2,87,3
7088  0911        JSR 17,PC   ; -> 7099
7089  01CB        JMP -53,PC   ; -> 7054
708A  2A3C        LDA 1,60,2
708B  A900        NEG 1,1
708C  3257        LDA 2,87,2
708D  D250        MOVZL 2,2
708E  0C2E        JSR @46
708F  820D        MOV# 0,0,SNR
7090  0107        JMP 7,PC   ; -> 7097
7091  C608        STB 2,0
7092  D300        INC 2,2
7093  AB04        INC 1,1,SZR
7094  01FA        JMP -6,PC   ; -> 708E
7095  CE08        STB 2,1
7096  01BE        JMP -66,PC   ; -> 7054
7097  8A00        MOV 0,1
7098  01FD        JMP -3,PC   ; -> 7095
7099  D250        MOVZL 2,2
709A  FE48        PSH 3,3
709B  0C2E        JSR @46
709C  C608        STB 2,0
709D  D300        INC 2,2
709E  AB04        INC 1,1,SZR
709F  01FC        JMP -4,PC   ; -> 709B
70A0  9FC8        POPJ
70A1  D250        MOVZL 2,2
70A2  FE48        PSH 3,3
70A3  21C0        LDA 0,-64,PC   ; -> 7063
70A4  C608        STB 2,0
70A5  D300        INC 2,2
70A6  AB04        INC 1,1,SZR
70A7  01FD        JMP -3,PC   ; -> 70A4
70A8  3C60        LDA 3,@96
70A9  9FC8        POPJ
70AA  E7C8 0000   SAVE 0             ; frame
70AC  091F        JSR 31,PC   ; -> 70CB
70AD  0004        JMP 4
70AE  E7C8 0000   SAVE 0             ; frame
70B0  091B        JSR 27,PC   ; -> 70CB
70B1  0006        JMP 6
70B2  E7C8 0000   SAVE 0             ; frame
70B4  0917        JSR 23,PC   ; -> 70CB
70B5  0000        JMP 0
70B6  E7C8 0000   SAVE 0             ; frame
70B8  0913        JSR 19,PC   ; -> 70CB
70B9  0001        JMP 1
70BA  E7C8 0000   SAVE 0             ; frame
70BC  090F        JSR 15,PC   ; -> 70CB
70BD  0002        JMP 2
70BE  E7C8 0000   SAVE 0             ; frame
70C0  090B        JSR 11,PC   ; -> 70CB
70C1  0003        JMP 3
70C2  E7C8 0000   SAVE 0             ; frame
70C4  0907        JSR 7,PC   ; -> 70CB
70C5  0008        JMP 8
70C6  0002        JMP 2
70C7  0004        JMP 4
70C8  0001        JMP 1
70C9  0001        JMP 1
70CA  7FFF        LEF 3,@-1,3
70CB  2300        LDA 0,0,3
70CC  3821        LDA 3,33
70CD  DCAB        ADCOR# 2,3,SNC
70CE  D551        SUBZL 2,2,SKP
70CF  37FB        LDA 2,@-5,3
70D0  3C60        LDA 3,@96
70D1  4B57        STA 1,87,3
70D2  8290        MOVZR 0,0
70D3  AD74        SUBCL 1,1,SZR
70D4  D600        ADD 2,2
70D5  4355        STA 0,85,3
70D6  4B56        STA 1,86,3
70D7  5358        STA 2,88,3
70D8  F538 7FED   ELEF 2,7FED,PC   ; -> 70C6
70DA  9600        ADD 0,2
70DB  3200        LDA 2,0,2
70DC  5311        STA 2,17,3
70DD  235A        LDA 0,90,3
70DE  86AC        ADDOR# 0,0,SZR
70DF  010D        JMP 13,PC   ; -> 70EC
70E0  235B        LDA 0,91,3
70E1  820D        MOV# 0,0,SNR
70E2  010A        JMP 10,PC   ; -> 70EC
70E3  235C        LDA 0,92,3
70E4  435E        STA 0,94,3
70E5  2B59        LDA 1,89,3
70E6  AE6D        ADDOL# 1,1,SNR
70E7  2908        LDA 1,8,PC   ; -> 70EF
70E8  CFF8 1FFF   ANDI 1FFF,1
70EA  A600        ADD 1,0
70EB  4360        STA 0,96,3
70EC  8500        SUB 0,0
70ED  435B        STA 0,91,3
70EE  0174        JMP 116,PC   ; -> 7162
70EF  8087        COMR 0,0,SBN
70F0  DA00        MOV 2,3
70F1  2B3C        LDA 1,60,3
70F2  A900        NEG 1,1
70F3  3357        LDA 2,87,3
70F4  D250        MOVZL 2,2
70F5  C5C8        LDB 2,0
70F6  820D        MOV# 0,0,SNR
70F7  0106        JMP 6,PC   ; -> 70FD
70F8  0C32        JSR @50
70F9  D300        INC 2,2
70FA  AB04        INC 1,1,SZR
70FB  01FA        JMP -6,PC   ; -> 70F5
70FC  017C        JMP 124,PC   ; -> 7178
70FD  2317        LDA 0,23,3
70FE  820D        MOV# 0,0,SNR
70FF  0179        JMP 121,PC   ; -> 7178
7100  213C        LDA 0,60,PC   ; -> 713C
7101  0C31        JSR @49
7102  AB04        INC 1,1,SZR
7103  01FE        JMP -2,PC   ; -> 7101
7104  0174        JMP 116,PC   ; -> 7178
7105  DA00        MOV 2,3
7106  2B11        LDA 1,17,3
7107  2356        LDA 0,86,3
7108  820C        MOV# 0,0,SZR
7109  AE00        ADD 1,1
710A  AE00        ADD 1,1
710B  3357        LDA 2,87,3
710C  D250        MOVZL 2,2
710D  233C        LDA 0,60,3
710E  8D13        SUBZ 0,1,SNC
710F  010C        JMP 12,PC   ; -> 711B
7110  233B        LDA 0,59,3
7111  830C        INC# 0,0,SZR
7112  B600        ADD 1,2
7113  2B3C        LDA 1,60,3
7114  A900        NEG 1,1
7115  C5C8        LDB 2,0
7116  0C31        JSR @49
7117  D300        INC 2,2
7118  AB04        INC 1,1,SZR
7119  01FC        JMP -4,PC   ; -> 7115
711A  015E        JMP 94,PC   ; -> 7178
711B  A600        ADD 1,0
711C  096B        JSR 107,PC   ; -> 7187
711D  8900        NEG 0,1
711E  01F7        JMP -9,PC   ; -> 7115
711F  2A3C        LDA 1,60,2
7120  A900        NEG 1,1
7121  AB04        INC 1,1,SZR
7122  0965        JSR 101,PC   ; -> 7187
7123  2E57        LDA 1,@87,2
7124  2105        LDA 0,5,PC   ; -> 7129
7125  AA0D        MOV# 1,1,SNR
7126  2104        LDA 0,4,PC   ; -> 712A
7127  0C31        JSR @49
7128  0158        JMP 88,PC   ; -> 7180
7129  0054        JMP 84
712A  0046        JMP 70
712B  0C43        JSR @67
712C  0901        JSR 1,PC   ; -> 712D
712D  3460        LDA 2,@96
712E  0139        JMP 57,PC   ; -> 7167
712F  0077        JMP 119
7130  008A        JMP 138
7131  00D3        JMP 211
7132  00D3        JMP 211
7133  2255        LDA 0,85,2
7134  0906        JSR 6,PC   ; -> 713A
7135  0108        JMP 8,PC   ; -> 713D
7136  0107        JMP 7,PC   ; -> 713D
7137  016D        JMP 109,PC   ; -> 71A4
7138  01E7        JMP -25,PC   ; -> 711F
7139  01B7        JMP -73,PC   ; -> 70F0
713A  9E00        ADD 0,3
713B  0300        JMP 0,3
713C  0020        JMP 32
713D  0C43        JSR @67
713E  3460        LDA 2,@96
713F  223D        LDA 0,61,2
7140  2A41        LDA 1,65,2
7141  AB4A        INCL# 1,1,SZC
7142  0177        JMP 119,PC   ; -> 71B9
7143  3A54        LDA 3,84,2
7144  DD00        SUB 2,3
7145  E51A        SUBZ# 3,0,SZC
7146  0111        JMP 17,PC   ; -> 7157
7147  2919        LDA 1,25,PC   ; -> 7160
7148  DA00        MOV 2,3
7149  9100        NEG 0,2
714A  2343        LDA 0,67,3
714B  FB00        INC 3,3
714C  A50C        SUB# 1,0,SZR
714D  0105        JMP 5,PC   ; -> 7152
714E  D304        INC 2,2,SZR
714F  01FB        JMP -5,PC   ; -> 714A
7150  2343        LDA 0,67,3
7151  390E        LDA 3,14,PC   ; -> 715F
7152  3460        LDA 2,@96
7153  2A41        LDA 1,65,2
7154  E51A        SUBZ# 3,0,SZC
7155  AB00        INC 1,1
7156  223D        LDA 0,61,2
7157  A513        SUBZ 1,0,SNC
7158  0161        JMP 97,PC   ; -> 71B9
7159  423D        STA 0,61,2
715A  2107        LDA 0,7,PC   ; -> 7161
715B  2A3C        LDA 1,60,2
715C  8D00        SUB 0,1
715D  4A3C        STA 1,60,2
715E  0160        JMP 96,PC   ; -> 71BE
715F  0005        JMP 5
7160  0009        JMP 9
7161  0004        JMP 4
7162  0C34        JSR @52
7163  8500        SUB 0,0
7164  4240        STA 0,64,2
7165  FD38 0009   ELEF 3,0009,PC   ; -> 716F
7167  2A3B        LDA 1,59,2
7168  BE00        ADD 1,3
7169  2B00        LDA 1,0,3
716A  BE00        ADD 1,3
716B  0300        JMP 0,3
716C  FF84        ANDR 3,3,SZR
716D  FF98        ?ECL FF98          <<< unknown extended
716E  FF97        ANDZR 3,3,SBN
716F  FFB0        ANDCR 3,3
7170  0106        JMP 6,PC   ; -> 7176
7171  FFBA        ANDCR# 3,3,SZC
7172  FFB9        ANDCR# 3,3,SKP
7173  FFB8        ?ECL FFB8          <<< unknown extended
7174  FFB7        ANDCR 3,3,SBN
7175  FFBE        ANDCR# 3,3,SEZ
7176  00F8        JMP 248
7177  00FB        JMP 251
7178  2356        LDA 0,86,3
7179  820D        MOV# 0,0,SNR
717A  0106        JMP 6,PC   ; -> 7180
717B  2B57        LDA 1,87,3
717C  2311        LDA 0,17,3
717D  8E00        ADD 0,1
717E  1B58        DSZ 88,3
717F  0103        JMP 3,PC   ; -> 7182
7180  2B57        LDA 1,87,3
7181  2311        LDA 0,17,3
7182  8E00        ADD 0,1
7183  4B57        STA 1,87,3
7184  1B58        DSZ 88,3
7185  01DD        JMP -35,PC   ; -> 7162
7186  AFC8        RTN
7187  A900        NEG 1,1
7188  F648        PSH 3,2
7189  3C60        LDA 3,@96
718A  3340        LDA 2,64,3
718B  D20C        MOV# 2,2,SZR
718C  8848        SBI 0,1
718D  AA4A        MOVL# 1,1,SZC
718E  010D        JMP 13,PC   ; -> 719B
718F  A905        NEG 1,1,SNR
7190  0105        JMP 5,PC   ; -> 7195
7191  21AB        LDA 0,-85,PC   ; -> 713C
7192  0C31        JSR @49
7193  AB04        INC 1,1,SZR
7194  01FE        JMP -2,PC   ; -> 7192
7195  D20D        MOV# 2,2,SNR
7196  0103        JMP 3,PC   ; -> 7199
7197  216A        LDA 0,106,PC   ; -> 7201
7198  0C31        JSR @49
7199  C688        POP 2,0
719A  9FC8        POPJ
719B  2108        LDA 0,8,PC   ; -> 71A3
719C  2B3C        LDA 1,60,3
719D  A900        NEG 1,1
719E  0C31        JSR @49
719F  AB04        INC 1,1,SZR
71A0  01FE        JMP -2,PC   ; -> 719E
71A1  C688        POP 2,0
71A2  01DE        JMP -34,PC   ; -> 7180
71A3  002A        JMP 42
71A4  0C43        JSR @67
71A5  3460        LDA 2,@96
71A6  2A41        LDA 1,65,2
71A7  AB00        INC 1,1
71A8  0C44        JSR @68
71A9  3C60        LDA 3,@96
71AA  233C        LDA 0,60,3
71AB  2B41        LDA 1,65,3
71AC  A94B        NEGL# 1,1,SNC
71AD  0106        JMP 6,PC   ; -> 71B3
71AE  8D00        SUB 0,1
71AF  09D8        JSR -40,PC   ; -> 7187
71B0  2B41        LDA 1,65,3
71B1  094E        JSR 78,PC   ; -> 71FF
71B2  01CE        JMP -50,PC   ; -> 7180
71B3  8A00        MOV 0,1
71B4  8848        SBI 0,1
71B5  09D3        JSR -45,PC   ; -> 7188
71B6  8500        SUB 0,0
71B7  0C30        JSR @48
71B8  01C8        JMP -56,PC   ; -> 7180
71B9  0149        JMP 73,PC   ; -> 7202
71BA  2A3A        LDA 1,58,2
71BB  2241        LDA 0,65,2
71BC  A600        ADD 1,0
71BD  4241        STA 0,65,2
71BE  2241        LDA 0,65,2
71BF  2A3D        LDA 1,61,2
71C0  8E00        ADD 0,1
71C1  0C44        JSR @68
71C2  3C60        LDA 3,@96
71C3  2B3C        LDA 1,60,3
71C4  233D        LDA 0,61,3
71C5  3341        LDA 2,65,3
71C6  820D        MOV# 0,0,SNR
71C7  D14A        NEGL# 2,2,SZC
71C8  0108        JMP 8,PC   ; -> 71D0
71C9  4340        STA 0,64,3
71CA  A848        SBI 1,1
71CB  09BD        JSR -67,PC   ; -> 7188
71CC  0C30        JSR @48
71CD  2156        LDA 0,86,PC   ; -> 7223
71CE  0C31        JSR @49
71CF  01B1        JMP -79,PC   ; -> 7180
71D0  8C00        ADC 0,1
71D1  D14A        NEGL# 2,2,SZC
71D2  CD00        SUB 2,1
71D3  09B5        JSR -75,PC   ; -> 7188
71D4  CA00        MOV 2,1
71D5  D24B        MOVL# 2,2,SNC
71D6  0110        JMP 16,PC   ; -> 71E6
71D7  214C        LDA 0,76,PC   ; -> 7223
71D8  0C31        JSR @49
71D9  8500        SUB 0,0
71DA  2B3D        LDA 1,61,3
71DB  CE13        ADDZ 2,1,SNC
71DC  0105        JMP 5,PC   ; -> 71E1
71DD  0C30        JSR @48
71DE  D304        INC 2,2,SZR
71DF  01FE        JMP -2,PC   ; -> 71DD
71E0  0114        JMP 20,PC   ; -> 71F4
71E1  B500        SUB 1,2
71E2  0C30        JSR @48
71E3  D304        INC 2,2,SZR
71E4  01FE        JMP -2,PC   ; -> 71E2
71E5  019B        JMP -101,PC   ; -> 7180
71E6  2343        LDA 0,67,3
71E7  820C        MOV# 0,0,SZR
71E8  0108        JMP 8,PC   ; -> 71F0
71E9  A905        NEG 1,1,SNR
71EA  0107        JMP 7,PC   ; -> 71F1
71EB  2137        LDA 0,55,PC   ; -> 7222
71EC  0C31        JSR @49
71ED  AB04        INC 1,1,SZR
71EE  01FE        JMP -2,PC   ; -> 71EC
71EF  0102        JMP 2,PC   ; -> 71F1
71F0  095F        JSR 95,PC   ; -> 724F
71F1  2132        LDA 0,50,PC   ; -> 7223
71F2  0C31        JSR @49
71F3  2B3D        LDA 1,61,3
71F4  095B        JSR 91,PC   ; -> 724F
71F5  233B        LDA 0,59,3
71F6  8A90        MOVZR 0,1
71F7  AA9F        MOVZR# 1,1,SBN
71F8  0188        JMP -120,PC   ; -> 7180
71F9  A800        COM 1,1
71FA  2128        LDA 0,40,PC   ; -> 7222
71FB  0C31        JSR @49
71FC  AB04        INC 1,1,SZR
71FD  01FE        JMP -2,PC   ; -> 71FB
71FE  0182        JMP -126,PC   ; -> 7180
71FF  0150        JMP 80,PC   ; -> 724F
7200  0188        JMP -120,PC   ; -> 7188
7201  002D        JMP 45
7202  2255        LDA 0,85,2
7203  820D        MOV# 0,0,SNR
7204  8501        SUB 0,0,SKP
7205  8550        SUBZL 0,0
7206  4208        STA 0,8,2
7207  2A3D        LDA 1,61,2
7208  0C44        JSR @68
7209  3460        LDA 2,@96
720A  2A3A        LDA 1,58,2
720B  223D        LDA 0,61,2
720C  AA4A        MOVL# 1,1,SZC
720D  0122        JMP 34,PC   ; -> 722F
720E  A54B        SUBL# 1,0,SNC
720F  0115        JMP 21,PC   ; -> 7224
7210  89C8        XCH 0,1
7211  090A        JSR 10,PC   ; -> 721B
7212  093D        JSR 61,PC   ; -> 724F
7213  8D00        SUB 0,1
7214  8500        SUB 0,0
7215  0C30        JSR @48
7216  AB04        INC 1,1,SZR
7217  01FE        JMP -2,PC   ; -> 7215
7218  210B        LDA 0,11,PC   ; -> 7223
7219  0C31        JSR @49
721A  0120        JMP 32,PC   ; -> 723A
721B  F648        PSH 3,2
721C  3C60        LDA 3,@96
721D  2B3C        LDA 1,60,3
721E  8C00        ADC 0,1
721F  E848        SBI 3,1
7220  8538 7F69   EJMP 7F69,PC   ; -> 718A
7222  0020        JMP 32
7223  002E        JMP 46
7224  AA0C        MOV# 1,1,SZR
7225  8300        INC 0,0
7226  09F5        JSR -11,PC   ; -> 721B
7227  9200        MOV 0,2
7228  0927        JSR 39,PC   ; -> 724F
7229  21FA        LDA 0,-6,PC   ; -> 7223
722A  0C31        JSR @49
722B  B500        SUB 1,2
722C  CA00        MOV 2,1
722D  0922        JSR 34,PC   ; -> 724F
722E  010C        JMP 12,PC   ; -> 723A
722F  A500        SUB 1,0
7230  09EB        JSR -21,PC   ; -> 721B
7231  21F2        LDA 0,-14,PC   ; -> 7223
7232  0C31        JSR @49
7233  8500        SUB 0,0
7234  2B3A        LDA 1,58,3
7235  0C30        JSR @48
7236  AB04        INC 1,1,SZR
7237  01FE        JMP -2,PC   ; -> 7235
7238  2B3D        LDA 1,61,3
7239  0916        JSR 22,PC   ; -> 724F
723A  233A        LDA 0,58,3
723B  2B41        LDA 1,65,3
723C  8D00        SUB 0,1
723D  2110        LDA 0,16,PC   ; -> 724D
723E  1B08        DSZ 8,3
723F  8300        INC 0,0
7240  0C31        JSR @49
7241  21C0        LDA 0,-64,PC   ; -> 7201
7242  AA4A        MOVL# 1,1,SZC
7243  A901        NEG 1,1,SKP
7244  21DE        LDA 0,-34,PC   ; -> 7222
7245  0C31        JSR @49
7246  3108        LDA 2,8,PC   ; -> 724E
7247  BFC8        DIVX
7248  A1C8        XCH 1,0
7249  0C30        JSR @48
724A  A200        MOV 1,0
724B  0C30        JSR @48
724C  01B2        JMP -78,PC   ; -> 71FE
724D  0044        JMP 68
724E  000A        JMP 10
724F  F648        PSH 3,2
7250  3C60        LDA 3,@96
7251  A905        NEG 1,1,SNR
7252  010B        JMP 11,PC   ; -> 725D
7253  3310        LDA 2,16,3
7254  2354        LDA 0,84,3
7255  C505        SUB 2,0,SNR
7256  0109        JMP 9,PC   ; -> 725F
7257  2243        LDA 0,67,2
7258  0C30        JSR @48
7259  D300        INC 2,2
725A  AB04        INC 1,1,SZR
725B  01F9        JMP -7,PC   ; -> 7254
725C  5310        STA 2,16,3
725D  C688        POP 2,0
725E  9FC8        POPJ
725F  0C30        JSR @48
7260  AB04        INC 1,1,SZR
7261  01FE        JMP -2,PC   ; -> 725F
7262  01FA        JMP -6,PC   ; -> 725C
7263  F1C8        XCH 3,2
7264  2200        LDA 0,0,2
7265  2B3C        LDA 1,60,3
7266  8D13        SUBZ 0,1,SNC
7267  0103        JMP 3,PC   ; -> 726A
7268  433C        STA 0,60,3
7269  0997        JSR -105,PC   ; -> 7200
726A  3F57        LDA 3,@87,3
726B  B9C8        XCH 1,3
726C  2201        LDA 0,1,2
726D  0202        JMP 2,2
726E  09F5        JSR -11,PC   ; -> 7263
726F  0010        JMP 16
7270  0001        JMP 1
7271  010C        JMP 12,PC   ; -> 727D
7272  09F1        JSR -15,PC   ; -> 7263
7273  0004        JMP 4
7274  0004        JMP 4
7275  0108        JMP 8,PC   ; -> 727D
7276  09ED        JSR -19,PC   ; -> 7263
7277  0006        JMP 6
7278  0003        JMP 3
7279  9200        MOV 0,2
727A  AA50        MOVZL 1,1
727B  8570        SUBCL 0,0
727C  0104        JMP 4,PC   ; -> 7280
727D  9200        MOV 0,2
727E  8500        SUB 0,0
727F  C2C8        DLSH 2,0
7280  FA4B        MOVL# 3,3,SNC
7281  0108        JMP 8,PC   ; -> 7289
7282  FB05        INC 3,3,SNR
7283  0104        JMP 4,PC   ; -> 7287
7284  C2C8        DLSH 2,0
7285  FB04        INC 3,3,SZR
7286  01FE        JMP -2,PC   ; -> 7284
7287  8500        SUB 0,0
7288  C2C8        DLSH 2,0
7289  84F8        CLM 0,0
728A  000A        JMP 10
728B  0010        JMP 16
728C  0103        JMP 3,PC   ; -> 728F
728D  E7F8 0007   ADDI 0007,0
728F  0C30        JSR @48
7290  1B3C        DSZ 60,3
7291  01F6        JMP -10,PC   ; -> 7287
7292  8538 7F6B   EJMP 7F6B,PC   ; -> 71FE
7294  41A0        STA 0,-96,PC   ; -> 7234
7295  0000        JMP 0
7296  FE48        PSH 3,3
7297  3460        LDA 2,@96
7298  96E8        ?ECL 96E8          <<< unknown extended
7299  0008        JMP 8
729A  D6E8        ?ECL D6E8          <<< unknown extended
729B  8500        SUB 0,0
729C  4241        STA 0,65,2
729D  4240        STA 0,64,2
729E  420A        STA 0,10,2
729F  420D        STA 0,13,2
72A0  420C        STA 0,12,2
72A1  420B        STA 0,11,2
72A2  123C        ISZ 60,2
72A3  AC28        ?ECL AC28          <<< unknown extended
72A4  7FF0        LEF 3,@-16,3
72A5  80A8        ?ECL 80A8          <<< unknown extended
72A6  2A17        LDA 1,23,2
72A7  AA0C        MOV# 1,1,SZR
72A8  0122        JMP 34,PC   ; -> 72CA
72A9  423D        STA 0,61,2
72AA  090C        JSR 12,PC   ; -> 72B6
72AB  F200        MOV 3,2
72AC  0C2E        JSR @46
72AD  2969        LDA 1,105,PC   ; -> 7316
72AE  A41A        ADCZ# 1,0,SZC
72AF  0200        JMP 0,2
72B0  A50D        SUB# 1,0,SNR
72B1  0111        JMP 17,PC   ; -> 72C2
72B2  2965        LDA 1,101,PC   ; -> 7317
72B3  A50D        SUB# 1,0,SNR
72B4  010E        JMP 14,PC   ; -> 72C2
72B5  0200        JMP 0,2
72B6  5A0E        STA 3,14,2
72B7  090D        JSR 13,PC   ; -> 72C4
72B8  F200        MOV 3,2
72B9  0C2E        JSR @46
72BA  295C        LDA 1,92,PC   ; -> 7316
72BB  A41A        ADCZ# 1,0,SZC
72BC  0200        JMP 0,2
72BD  A50D        SUB# 1,0,SNR
72BE  0104        JMP 4,PC   ; -> 72C2
72BF  2956        LDA 1,86,PC   ; -> 7315
72C0  A50C        SUB# 1,0,SZR
72C1  01F1        JMP -15,PC   ; -> 72B2
72C2  8500        SUB 0,0
72C3  0200        JMP 0,2
72C4  5A0F        STA 3,15,2
72C5  DA00        MOV 2,3
72C6  09F2        JSR -14,PC   ; -> 72B8
72C7  820D        MOV# 0,0,SNR
72C8  01FE        JMP -2,PC   ; -> 72C6
72C9  0115        JMP 21,PC   ; -> 72DE
72CA  0907        JSR 7,PC   ; -> 72D1
72CB  F200        MOV 3,2
72CC  3C60        LDA 3,@96
72CD  8500        SUB 0,0
72CE  1B3C        DSZ 60,3
72CF  0C2E        JSR @46
72D0  0200        JMP 0,2
72D1  5A0E        STA 3,14,2
72D2  5A0F        STA 3,15,2
72D3  DA00        MOV 2,3
72D4  1B3C        DSZ 60,3
72D5  0102        JMP 2,PC   ; -> 72D7
72D6  0171        JMP 113,PC   ; -> 7347
72D7  0C2E        JSR @46
72D8  293D        LDA 1,61,PC   ; -> 7315
72D9  A50D        SUB# 1,0,SNR
72DA  01FA        JMP -6,PC   ; -> 72D4
72DB  293C        LDA 1,60,PC   ; -> 7317
72DC  A50D        SUB# 1,0,SNR
72DD  01F7        JMP -9,PC   ; -> 72D4
72DE  2938        LDA 1,56,PC   ; -> 7316
72DF  A40D        ADC# 1,0,SNR
72E0  0104        JMP 4,PC   ; -> 72E4
72E1  1340        ISZ 64,3
72E2  8C0C        ADC# 0,1,SZR
72E3  0102        JMP 2,PC   ; -> 72E5
72E4  0F0E        JSR @14,3
72E5  E7F8 FFD0   ADDI FFD0,0
72E7  296A        LDA 1,106,PC   ; -> 7351
72E8  A51B        SUBZ# 1,0,SNC
72E9  0110        JMP 16,PC   ; -> 72F9
72EA  2965        LDA 1,101,PC   ; -> 734F
72EB  A50D        SUB# 1,0,SNR
72EC  01F8        JMP -8,PC   ; -> 72E4
72ED  2963        LDA 1,99,PC   ; -> 7350
72EE  3317        LDA 2,23,3
72EF  D20D        MOV# 2,2,SNR
72F0  0105        JMP 5,PC   ; -> 72F5
72F1  A50C        SUB# 1,0,SZR
72F2  0152        JMP 82,PC   ; -> 7344
72F3  130C        ISZ 12,3
72F4  0114        JMP 20,PC   ; -> 7308
72F5  A50C        SUB# 1,0,SZR
72F6  016F        JMP 111,PC   ; -> 7365
72F7  130C        ISZ 12,3
72F8  0133        JMP 51,PC   ; -> 732B
72F9  820C        MOV# 0,0,SZR
72FA  011E        JMP 30,PC   ; -> 7318
72FB  0F0F        JSR @15,3
72FC  E7F8 FFD0   ADDI FFD0,0
72FE  2953        LDA 1,83,PC   ; -> 7351
72FF  A51B        SUBZ# 1,0,SNC
7300  01F9        JMP -7,PC   ; -> 72F9
7301  294E        LDA 1,78,PC   ; -> 734F
7302  A50D        SUB# 1,0,SNR
7303  01F8        JMP -8,PC   ; -> 72FB
7304  294C        LDA 1,76,PC   ; -> 7350
7305  A50C        SUB# 1,0,SZR
7306  013E        JMP 62,PC   ; -> 7344
7307  130C        ISZ 12,3
7308  0F0F        JSR @15,3
7309  E7F8 FFD0   ADDI FFD0,0
730B  2946        LDA 1,70,PC   ; -> 7351
730C  A51B        SUBZ# 1,0,SNC
730D  0104        JMP 4,PC   ; -> 7311
730E  2941        LDA 1,65,PC   ; -> 734F
730F  A50C        SUB# 1,0,SZR
7310  0134        JMP 52,PC   ; -> 7344
7311  130D        ISZ 13,3
7312  814D        NEGL# 0,0,SNR
7313  01F5        JMP -11,PC   ; -> 7308
7314  0122        JMP 34,PC   ; -> 7336
7315  0020        JMP 32
7316  002C        JMP 44
7317  0009        JMP 9
7318  A168        ?ECL A168          <<< unknown extended
7319  814B        NEGL# 0,0,SNC
731A  0103        JMP 3,PC   ; -> 731D
731B  9528        ?ECL 9528          <<< unknown extended
731C  C068        ?ECL C068          <<< unknown extended
731D  0F0F        JSR @15,3
731E  E7F8 FFD0   ADDI FFD0,0
7320  2931        LDA 1,49,PC   ; -> 7351
7321  A51B        SUBZ# 1,0,SNC
7322  01F6        JMP -10,PC   ; -> 7318
7323  292C        LDA 1,44,PC   ; -> 734F
7324  A50D        SUB# 1,0,SNR
7325  01F3        JMP -13,PC   ; -> 7318
7326  292A        LDA 1,42,PC   ; -> 7350
7327  A50C        SUB# 1,0,SZR
7328  011C        JMP 28,PC   ; -> 7344
7329  130C        ISZ 12,3
732A  0111        JMP 17,PC   ; -> 733B
732B  0F0F        JSR @15,3
732C  E7F8 FFD0   ADDI FFD0,0
732E  2923        LDA 1,35,PC   ; -> 7351
732F  A51B        SUBZ# 1,0,SNC
7330  01E1        JMP -31,PC   ; -> 7311
7331  291E        LDA 1,30,PC   ; -> 734F
7332  A50D        SUB# 1,0,SNR
7333  01DE        JMP -34,PC   ; -> 7311
7334  0131        JMP 49,PC   ; -> 7365
7335  130D        ISZ 13,3
7336  A168        ?ECL A168          <<< unknown extended
7337  814B        NEGL# 0,0,SNC
7338  0103        JMP 3,PC   ; -> 733B
7339  9528        ?ECL 9528          <<< unknown extended
733A  C068        ?ECL C068          <<< unknown extended
733B  0F0F        JSR @15,3
733C  E7F8 FFD0   ADDI FFD0,0
733E  2913        LDA 1,19,PC   ; -> 7351
733F  A51B        SUBZ# 1,0,SNC
7340  01F5        JMP -11,PC   ; -> 7335
7341  290E        LDA 1,14,PC   ; -> 734F
7342  A50D        SUB# 1,0,SNR
7343  01F2        JMP -14,PC   ; -> 7335
7344  E7F8 0030   ADDI 0030,0
7346  820D        MOV# 0,0,SNR
7347  0132        JMP 50,PC   ; -> 7379
7348  130B        ISZ 11,3
7349  2905        LDA 1,5,PC   ; -> 734E
734A  A50C        SUB# 1,0,SZR
734B  A40D        ADC# 1,0,SNR
734C  0106        JMP 6,PC   ; -> 7352
734D  0106        JMP 6,PC   ; -> 7353
734E  0044        JMP 68
734F  FFF0        ANDCS 3,3
7350  FFFE        ANDCS# 3,3,SEZ
7351  000A        JMP 10
7352  0F0E        JSR @14,3
7353  29C2        LDA 1,-62,PC   ; -> 7315
7354  A50D        SUB# 1,0,SNR
7355  01FD        JMP -3,PC   ; -> 7352
7356  29C0        LDA 1,-64,PC   ; -> 7316
7357  A40D        ADC# 1,0,SNR
7358  0103        JMP 3,PC   ; -> 735B
7359  130A        ISZ 10,3
735A  8C0D        ADC# 0,1,SNR
735B  0F0E        JSR @14,3
735C  8A00        MOV 0,1
735D  EFF8 FFD0   ADDI FFD0,1
735F  21F2        LDA 0,-14,PC   ; -> 7351
7360  8D1B        SUBZ# 0,1,SNC
7361  010A        JMP 10,PC   ; -> 736B
7362  21ED        LDA 0,-19,PC   ; -> 734F
7363  8D0D        SUB# 0,1,SNR
7364  01F7        JMP -9,PC   ; -> 735B
7365  0167        JMP 103,PC   ; -> 73CC
7366  2B41        LDA 1,65,3
7367  31EA        LDA 2,-22,PC   ; -> 7351
7368  C7C8        MUL
7369  820C        MOV# 0,0,SZR
736A  0162        JMP 98,PC   ; -> 73CC
736B  4B41        STA 1,65,3
736C  0F0F        JSR @15,3
736D  820D        MOV# 0,0,SNR
736E  010B        JMP 11,PC   ; -> 7379
736F  E7F8 FFD0   ADDI FFD0,0
7371  29E0        LDA 1,-32,PC   ; -> 7351
7372  A51B        SUBZ# 1,0,SNC
7373  01F3        JMP -13,PC   ; -> 7366
7374  29DB        LDA 1,-37,PC   ; -> 734F
7375  A505        SUB 1,0,SNR
7376  01F0        JMP -16,PC   ; -> 7366
7377  0155        JMP 85,PC   ; -> 73CC
7378  0040        JMP 64
7379  A628        ?ECL A628          <<< unknown extended
737A  820D        MOV# 0,0,SNR
737B  0136        JMP 54,PC   ; -> 73B1
737C  2341        LDA 0,65,3
737D  1B0A        DSZ 10,3
737E  8100        NEG 0,0
737F  2B3B        LDA 1,59,3
7380  317C        LDA 2,124,PC   ; -> 73FC
7381  AA0D        MOV# 1,1,SNR
7382  0104        JMP 4,PC   ; -> 7386
7383  2B3A        LDA 1,58,3
7384  1B0B        DSZ 11,3
7385  A500        SUB 1,0
7386  2B0D        LDA 1,13,3
7387  1B0C        DSZ 12,3
7388  2B3D        LDA 1,61,3
7389  A505        SUB 1,0,SNR
738A  0125        JMP 37,PC   ; -> 73AF
738B  824A        MOVL# 0,0,SZC
738C  8101        NEG 0,0,SKP
738D  AD51        SUBZL 1,1,SKP
738E  AD00        SUB 1,1
738F  4B0A        STA 1,10,3
7390  31E8        LDA 2,-24,PC   ; -> 7378
7391  C51B        SUBZ# 2,0,SNC
7392  010A        JMP 10,PC   ; -> 739C
7393  C500        SUB 2,0
7394  AA0D        MOV# 1,1,SNR
7395  0104        JMP 4,PC   ; -> 7399
7396  A368        ?ECL A368          <<< unknown extended
7397  0061        JMP 97
7398  01F8        JMP -8,PC   ; -> 7390
7399  A3E8        ?ECL A3E8          <<< unknown extended
739A  005E        JMP 94
739B  01F5        JMP -11,PC   ; -> 7390
739C  AD50        SUBZL 1,1
739D  AD28        ?ECL AD28          <<< unknown extended
739E  293D        LDA 1,61,PC   ; -> 73DB
739F  F538 003C   ELEF 2,003C,PC   ; -> 73DC
73A1  0105        JMP 5,PC   ; -> 73A6
73A2  B603        ADD 1,2,SNC
73A3  0103        JMP 3,PC   ; -> 73A6
73A4  CB68        ?ECL CB68          <<< unknown extended
73A5  0000        JMP 0
73A6  8294        MOVZR 0,0,SZR
73A7  01FB        JMP -5,PC   ; -> 73A2
73A8  B602        ADD 1,2,SZC
73A9  01FB        JMP -5,PC   ; -> 73A4
73AA  1B0A        DSZ 10,3
73AB  0103        JMP 3,PC   ; -> 73AE
73AC  A168        ?ECL A168          <<< unknown extended
73AD  0102        JMP 2,PC   ; -> 73AF
73AE  A1E8        ?ECL A1E8          <<< unknown extended
73AF  1B40        DSZ 64,3
73B0  E628        ?ECL E628          <<< unknown extended
73B1  2355        LDA 0,85,3
73B2  F200        MOV 3,2
73B3  0904        JSR 4,PC   ; -> 73B7
73B4  0105        JMP 5,PC   ; -> 73B9
73B5  0109        JMP 9,PC   ; -> 73BE
73B6  010C        JMP 12,PC   ; -> 73C2
73B7  9E00        ADD 0,3
73B8  0300        JMP 0,3
73B9  0918        JSR 24,PC   ; -> 73D1
73BA  090D        JSR 13,PC   ; -> 73C7
73BB  C4A8        ?ECL C4A8          <<< unknown extended
73BC  8057        COMZL 0,0,SBN
73BD  9FC8        POPJ
73BE  0909        JSR 9,PC   ; -> 73C7
73BF  C4E8        ?ECL C4E8          <<< unknown extended
73C0  8057        COMZL 0,0,SBN
73C1  9FC8        POPJ
73C2  090F        JSR 15,PC   ; -> 73D1
73C3  85A8        ?ECL 85A8          <<< unknown extended
73C4  0903        JSR 3,PC   ; -> 73C7
73C5  4657        STA 0,@87,2
73C6  9FC8        POPJ
73C7  FEA8        ?ECL FEA8          <<< unknown extended
73C8  0104        JMP 4,PC   ; -> 73CC
73C9  B6E8        ?ECL B6E8          <<< unknown extended
73CA  0008        JMP 8
73CB  0300        JMP 0,3
73CC  3460        LDA 2,@96
73CD  B6E8        ?ECL B6E8          <<< unknown extended
73CE  0008        JMP 8
73CF  212E        LDA 0,46,PC   ; -> 73FD
73D0  0C55        JSR @85
73D1  A628        ?ECL A628          <<< unknown extended
73D2  820D        MOV# 0,0,SNR
73D3  0300        JMP 0,3
73D4  AC68        ?ECL AC68          <<< unknown extended
73D5  0007        JMP 7
73D6  824A        MOVL# 0,0,SZC
73D7  EE28        ?ECL EE28          <<< unknown extended
73D8  AE68        ?ECL AE68          <<< unknown extended
73D9  A068        ?ECL A068          <<< unknown extended
73DA  0300        JMP 0,3
73DB  0004        JMP 4
73DC  0000        JMP 0
73DD  0000        JMP 0
73DE  8000        COM 0,0
73DF  0000        JMP 0
73E0  41A0        STA 0,-96,PC   ; -> 7380
73E1  0000        JMP 0
73E2  0000        JMP 0
73E3  0000        JMP 0
73E4  4264        STA 0,100,2
73E5  0000        JMP 0
73E6  0000        JMP 0
73E7  0000        JMP 0
73E8  4427        STA 0,@39
73E9  1000        ISZ 0
73EA  0000        JMP 0
73EB  0000        JMP 0
73EC  475F        STA 0,@95,3
73ED  5E10        STA 3,@16,2
73EE  0000        JMP 0
73EF  0000        JMP 0
73F0  4E23        STA 1,@35,2
73F1  86F2        ADDCS 0,0,SZC
73F2  6FC1        LEF 1,@-63,3
73F3  0000        JMP 0
73F4  5B4E        STA 3,78,3
73F5  E2D6        MOVZS 3,0,SEZ
73F6  D415        ADCZ 2,2,SNR
73F7  B85B        COMZL# 1,3,SNC
73F8  7618        LEF 2,@24,2
73F9  4F03        STA 1,@3,3
73FA  E93F        NEGC# 3,1,SBN
73FB  F9F5        NEGCS 3,3,SNR
73FC  0002        JMP 2
73FD  8C05        ADC 0,1,SNR
73FE  41A0        STA 0,-96,PC   ; -> 739E
73FF  0000        JMP 0
7400  0000        JMP 0
7401  0000        JMP 0
7402  4264        STA 0,100,2
7403  0000        JMP 0
7404  0000        JMP 0
7405  0000        JMP 0
7406  433E        STA 0,62,3
7407  8000        COM 0,0
7408  0000        JMP 0
7409  0000        JMP 0
740A  4427        STA 0,@39
740B  1000        ISZ 0
740C  0000        JMP 0
740D  0000        JMP 0
740E  4518        STA 0,@24,PC   ; -> 7426
740F  6A00        LEF 1,0,2
7410  0000        JMP 0
7411  0000        JMP 0
7412  45F4        STA 0,@-12,PC   ; -> 7406
7413  2400        LDA 0,@0
7414  0000        JMP 0
7415  0000        JMP 0
7416  4698        STA 0,@-104,2
7417  9680        ADDR 0,2
7418  0000        JMP 0
7419  0000        JMP 0
741A  475F        STA 0,@95,3
741B  5E10        STA 3,@16,2
741C  0000        JMP 0
741D  0000        JMP 0
741E  483B        STA 1,59
741F  9ACA        MOVS# 0,3,SZC
7420  0000        JMP 0
7421  0000        JMP 0
7422  4925        STA 1,37,PC   ; -> 7447
7423  40BE        STA 0,190
7424  4000        STA 0,0
7425  0000        JMP 0
7426  4A17        STA 1,23,2
7427  4876        STA 1,118
7428  E800        COM 3,1
7429  0000        JMP 0
742A  4AE8        STA 1,-24,2
742B  D4A5        ADCOR 2,2,SNR
742C  1000        ISZ 0
742D  0000        JMP 0
742E  4B91        STA 1,-111,3
742F  84E7        ADCOS 0,0,SBN
7430  2A00        LDA 1,0,2
7431  0000        JMP 0
7432  4C5A        STA 1,@90
7433  F310        INCZ 3,2
7434  7A40        LEF 3,64,2
7435  0000        JMP 0
7436  4D38        STA 1,@56,PC   ; -> 746E
7437  D7EA        ANDOS# 2,2,SZC
7438  4C68        STA 1,@104
7439  0000        JMP 0
743A  4E23        STA 1,@35,2
743B  86F2        ADDCS 0,0,SZC
743C  6FC1        LEF 1,@-63,3
743D  0000        JMP 0
743E  5B4E        STA 3,78,3
743F  E2D6        MOVZS 3,0,SEZ
7440  D415        ADCZ 2,2,SNR
7441  B85B        COMZL# 1,3,SNC
7442  68AF        LEF 1,175
7443  298D        LDA 1,-115,PC   ; -> 73D0
7444  050E        JMP @14,PC   ; -> 7452
7445  4396        STA 0,-106,3
7446  7618        LEF 2,@24,2
7447  4F03        STA 1,@3,3
7448  E93F        NEGC# 3,1,SBN
7449  F9F5        NEGCS 3,3,SNR
744A  B2B4        MOVCR 1,2,SZR
744B  B5B6        SUBCR 1,2,SEZ
744C  B7B8        ?ECL B7B8          <<< unknown extended
744D  BABB        MOVCR# 1,3,SNC
744E  BCBD        ADCCR# 1,3,SNR
744F  BEC0        ADDS 1,3
7450  C1C2        NEGS 2,0,SZC
7451  C3C4        INCS 2,0,SZR
7452  C6C7        ADDS 2,0,SBN
7453  C8C9        COMS# 2,1,SKP
7454  CBCC        INCS# 2,1,SZR
7455  CDCE        SUBS# 2,1,SEZ
7456  CFD1        ANDZS 2,1,SKP
7457  D2D3        MOVZS 2,2,SNC
7458  D4D5        ADCZS 2,2,SNR
7459  D7D8        ?ECL D7D8          <<< unknown extended
745A  D9DA        NEGZS# 2,3,SZC
745B  DBDD        INCZS# 2,3,SNR
745C  DEDF        ADDZS# 2,3,SBN
745D  E0E1        COMOS 3,0,SKP
745E  E3E4        INCOS 3,0,SZR
745F  E5E6        SUBOS 3,0,SEZ
7460  E7E9        ANDOS# 3,0,SKP
7461  EAEB        MOVOS# 3,1,SNC
7462  ECED        ADCOS# 3,1,SNR
7463  EFF0        ANDCS 3,1
7464  F1F2        NEGCS 3,2,SZC
7465  F3F5        INCCS 3,2,SNR
7466  F6F7        ADDCS 3,2,SBN
7467  F8F9        COMCS# 3,3,SKP
7468  FBFC        INCCS# 3,3,SZR
7469  FDFE        SUBCS# 3,3,SEZ
746A  0000        JMP 0
746B  0203        JMP 3,2
746C  0405        JMP @5
746D  0708        JMP @8,3
746E  090A        JSR 10,PC   ; -> 7478
746F  0B0D        JSR 13,3
7470  0E0F        JSR @15,2
7471  1011        ISZ 17
7472  1314        ISZ 20,3
7473  1516        ISZ @22,PC   ; -> 7489
7474  1719        ISZ @25,3
7475  1A1B        DSZ 27,2
7476  1C1D        DSZ @29
7477  1F20        DSZ @32,3
7478  2122        LDA 0,34,PC   ; -> 749A
7479  2325        LDA 0,37,3
747A  2627        LDA 0,@39,2
747B  2829        LDA 1,41
747C  2B2C        LDA 1,44,3
747D  2D2E        LDA 1,@46,PC   ; -> 74AB
747E  2F31        LDA 1,@49,3
747F  3233        LDA 2,51,2
7480  3435        LDA 2,@53
7481  3738        LDA 2,@56,3
7482  393A        LDA 3,58,PC   ; -> 74BC
7483  3C3D        LDA 3,@61
7484  3E3F        LDA 3,@63,2
7485  4042        STA 0,66
7486  4344        STA 0,68,3
7487  4546        STA 0,@70,PC   ; -> 74CD
7488  4849        STA 1,73
7489  4A4B        STA 1,75,2
748A  FE48        PSH 3,3
748B  3460        LDA 2,@96
748C  5210        STA 2,16,2
748D  2954        LDA 1,84,PC   ; -> 74E1
748E  2255        LDA 0,85,2
748F  829D        MOVZR# 0,0,SNR
7490  0104        JMP 4,PC   ; -> 7494
7491  2657        LDA 0,@87,2
7492  8528        ?ECL 8528          <<< unknown extended
7493  010A        JMP 10,PC   ; -> 749D
7494  A808        ADI 1,1
7495  820C        MOV# 0,0,SZR
7496  0104        JMP 4,PC   ; -> 749A
7497  C428        ?ECL C428          <<< unknown extended
7498  8057        COMZL 0,0,SBN
7499  0104        JMP 4,PC   ; -> 749D
749A  C468        ?ECL C468          <<< unknown extended
749B  8057        COMZL 0,0,SBN
749C  AB50        INCZL 1,1
749D  8628        ?ECL 8628          <<< unknown extended
749E  CE00        ADD 2,1
749F  4A54        STA 1,84,2
74A0  A628        ?ECL A628          <<< unknown extended
74A1  820C        MOV# 0,0,SZR
74A2  0907        JSR 7,PC   ; -> 74A9
74A3  4240        STA 0,64,2
74A4  4243        STA 0,67,2
74A5  4241        STA 0,65,2
74A6  C300        INC 2,0
74A7  4254        STA 0,84,2
74A8  9FC8        POPJ
74A9  824A        MOVL# 0,0,SZC
74AA  AC01        ADC 1,1,SKP
74AB  AD01        SUB 1,1,SKP
74AC  C628        ?ECL C628          <<< unknown extended
74AD  4A40        STA 1,64,2
74AE  2934        LDA 1,52,PC   ; -> 74E2
74AF  A7C0        ANDS 1,0
74B0  EA50        MOVZL 3,1
74B1  EFF8 FF4E   ADDI FF4E,1
74B3  8E00        ADD 0,1
74B4  A5C8        LDB 1,0
74B5  8A10        MOVZ 0,1
74B6  AFF8 0080   XORI 0080,1
74B8  EFF8 FF80   ADDI FF80,1
74BA  4A41        STA 1,65,2
74BB  AA4A        MOVL# 1,1,SZC
74BC  A120        NEGO 1,0
74BD  2926        LDA 1,38,PC   ; -> 74E3
74BE  8F03        AND 0,1,SNC
74BF  010D        JMP 13,PC   ; -> 74CC
74C0  A5A5        SUBOR 1,0,SNR
74C1  0105        JMP 5,PC   ; -> 74C6
74C2  9290        MOVZR 0,2
74C3  F600        ADD 3,2
74C4  C368        ?ECL C368          <<< unknown extended
74C5  7F93        LEF 3,@-109,3
74C6  AE55        ADDZL 1,1,SNR
74C7  0110        JMP 16,PC   ; -> 74D7
74C8  BE00        ADD 1,3
74C9  E368        ?ECL E368          <<< unknown extended
74CA  7F57        LEF 3,@87,3
74CB  010C        JMP 12,PC   ; -> 74D7
74CC  A5A5        SUBOR 1,0,SNR
74CD  0105        JMP 5,PC   ; -> 74D2
74CE  9290        MOVZR 0,2
74CF  F600        ADD 3,2
74D0  C3E8        ?ECL C3E8          <<< unknown extended
74D1  7F93        LEF 3,@-109,3
74D2  AE55        ADDZL 1,1,SNR
74D3  0104        JMP 4,PC   ; -> 74D7
74D4  BE00        ADD 1,3
74D5  E3E8        ?ECL E3E8          <<< unknown extended
74D6  7F57        LEF 3,@87,3
74D7  3460        LDA 2,@96
74D8  AC28        ?ECL AC28          <<< unknown extended
74D9  7F25        LEF 3,@37,3
74DA  A628        ?ECL A628          <<< unknown extended
74DB  2907        LDA 1,7,PC   ; -> 74E2
74DC  8FC0        ANDS 0,1
74DD  2107        LDA 0,7,PC   ; -> 74E4
74DE  8D0D        SUB# 0,1,SNR
74DF  011A        JMP 26,PC   ; -> 74F9
74E0  0106        JMP 6,PC   ; -> 74E6
74E1  0005        JMP 5
74E2  7F00        LEF 3,@0,3
74E3  000F        JMP 15
74E4  0040        JMP 64
74E5  FFF6        ANDCS 3,3,SEZ
74E6  82C0        MOVS 0,0
74E7  A5A8        ?ECL A5A8          <<< unknown extended
74E8  39FD        LDA 3,-3,PC   ; -> 74E5
74E9  BE00        ADD 1,3
74EA  FA4A        MOVL# 3,3,SZC
74EB  0109        JMP 9,PC   ; -> 74F4
74EC  2A41        LDA 1,65,2
74ED  A808        ADI 1,1
74EE  4A41        STA 1,65,2
74EF  AD50        SUBZL 1,1
74F0  4A43        STA 1,67,2
74F1  2A54        LDA 1,84,2
74F2  D300        INC 2,2
74F3  0111        JMP 17,PC   ; -> 7504
74F4  1241        ISZ 65,2
74F5  0101        JMP 1,PC   ; -> 74F6
74F6  BA00        MOV 1,3
74F7  2A54        LDA 1,84,2
74F8  010C        JMP 12,PC   ; -> 7504
74F9  2A54        LDA 1,84,2
74FA  82C0        MOVS 0,0
74FB  A168        ?ECL A168          <<< unknown extended
74FC  E5A8        ?ECL E5A8          <<< unknown extended
74FD  FA0C        MOV# 3,3,SZR
74FE  0106        JMP 6,PC   ; -> 7504
74FF  1A41        DSZ 65,2
7500  0101        JMP 1,PC   ; -> 7501
7501  A168        ?ECL A168          <<< unknown extended
7502  E5A8        ?ECL E5A8          <<< unknown extended
7503  FA0C        MOV# 3,3,SZR
7504  8668        ?ECL 8668          <<< unknown extended
7505  5A43        STA 3,67,2
7506  D300        INC 2,2
7507  B40C        ADC# 1,2,SZR
7508  01F9        JMP -7,PC   ; -> 7501
7509  3460        LDA 2,@96
750A  CD00        SUB 2,1
750B  0907        JSR 7,PC   ; -> 7512
750C  9FC8        POPJ
750D  3460        LDA 2,@96
750E  2254        LDA 0,84,2
750F  C500        SUB 2,0
7510  8D1A        SUBZ# 0,1,SZC
7511  0300        JMP 0,3
7512  5861        STA 3,97
7513  DA00        MOV 2,3
7514  3116        LDA 2,22,PC   ; -> 752A
7515  BE00        ADD 1,3
7516  2B43        LDA 1,67,3
7517  CD1B        SUBZ# 2,1,SNC
7518  0461        JMP @97
7519  8500        SUB 0,0
751A  3111        LDA 2,17,PC   ; -> 752B
751B  4343        STA 0,67,3
751C  9C00        ADC 0,3
751D  2B43        LDA 1,67,3
751E  B50D        SUB# 1,2,SNR
751F  01FC        JMP -4,PC   ; -> 751B
7520  AB00        INC 1,1
7521  3460        LDA 2,@96
7522  DD1B        SUBZ# 2,3,SNC
7523  0103        JMP 3,PC   ; -> 7526
7524  4B43        STA 1,67,3
7525  0461        JMP @97
7526  1241        ISZ 65,2
7527  0101        JMP 1,PC   ; -> 7528
7528  4A43        STA 1,67,2
7529  0461        JMP @97
752A  0005        JMP 5
752B  0009        JMP 9
752C  E7C8 000C   SAVE 12             ; frame
752E  27FD        LDA 0,@-3,3
752F  0C46        JSR @70
7530  5301        STA 2,1,3
7531  AA4A        MOVL# 1,1,SZC
7532  0112        JMP 18,PC   ; -> 7544
7533  4B06        STA 1,6,3
7534  F300        INC 3,2
7535  2911        LDA 1,17,PC   ; -> 7546
7536  4A01        STA 1,1,2
7537  8500        SUB 0,0
7538  4202        STA 0,2,2
7539  4204        STA 0,4,2
753A  2FFC        LDA 1,@-4,3
753B  AA0D        MOV# 1,1,SNR
753C  010B        JMP 11,PC   ; -> 7547
753D  8C00        ADC 0,1
753E  4207        STA 0,7,2
753F  4A08        STA 1,8,2
7540  0C0F        JSR @15
7541  8016        COMZ 0,0,SEZ
7542  0C56        JSR @86
7543  AFC8        RTN
7544  2105        LDA 0,5,PC   ; -> 7549
7545  0C56        JSR @86
7546  6003        LEF 0,3
7547  2103        LDA 0,3,PC   ; -> 754A
7548  0C56        JSR @86
7549  8C0A        ADC# 0,1,SZC
754A  8C2E        ADCO# 0,1,SEZ
754B  5861        STA 3,97
754C  393D        LDA 3,61,PC   ; -> 7589
754D  9D1B        SUBZ# 0,3,SNC
754E  013C        JMP 60,PC   ; -> 758A
754F  385F        LDA 3,95
7550  E4C8        SZBO 3,0
7551  9E01        ADD 0,3,SKP
7552  0105        JMP 5,PC   ; -> 7557
7553  2BBF        LDA 1,-65,3
7554  3304        LDA 2,4,3
7555  3821        LDA 3,33
7556  0461        JMP @97
7557  9E00        ADD 0,3
7558  EA00        MOV 3,1
7559  3861        LDA 3,97
755A  E7C8 0001   SAVE 1             ; frame
755C  4301        STA 0,1,3
755D  312F        LDA 2,47,PC   ; -> 758C
755E  F008        ADI 3,2
755F  2A00        LDA 1,0,2
7560  8D0D        SUB# 0,1,SNR
7561  010D        JMP 13,PC   ; -> 756E
7562  A80C        COM# 1,1,SZR
7563  01FB        JMP -5,PC   ; -> 755E
7564  3128        LDA 2,40,PC   ; -> 758C
7565  2A00        LDA 1,0,2
7566  A80C        COM# 1,1,SZR
7567  0107        JMP 7,PC   ; -> 756E
7568  2125        LDA 0,37,PC   ; -> 758D
7569  3BFD        LDA 3,-3,3
756A  305F        LDA 2,95
756B  DD00        SUB 2,3
756C  DC48        BTZ 2,3
756D  0C56        JSR @86
756E  211E        LDA 0,30,PC   ; -> 758C
756F  2A02        LDA 1,2,2
7570  AA0C        MOV# 1,1,SZR
7571  0C49        JSR @73
7572  3A03        LDA 3,3,2
7573  CA00        MOV 2,1
7574  C808        ADI 2,1
7575  FA0C        MOV# 3,3,SZR
7576  0C48        JSR @72
7577  2201        LDA 0,1,2
7578  9A00        MOV 0,3
7579  FA4A        MOVL# 3,3,SZC
757A  0B00        JSR 0,3
757B  2821        LDA 1,33
757C  AB00        INC 1,1
757D  3060        LDA 2,96
757E  3206        LDA 2,6,2
757F  0C4A        JSR @74
7580  3860        LDA 3,96
7581  5306        STA 2,6,3
7582  3821        LDA 3,33
7583  33FD        LDA 2,-3,3
7584  2ABF        LDA 1,-65,2
7585  4BFD        STA 1,-3,3
7586  3204        LDA 2,4,2
7587  53FE        STA 2,-2,3
7588  AFC8        RTN
7589  003F        JMP 63
758A  2104        LDA 0,4,PC   ; -> 758E
758B  0C56        JSR @86
758C  6689        LEF 0,@-119,2
758D  8C1C        ADCZ# 0,1,SZR
758E  8C08        BTO 0,1
758F  5861        STA 3,97
7590  D648        PSH 2,2
7591  213E        LDA 0,62,PC   ; -> 75CF
7592  A700        AND 1,0
7593  8D00        SUB 0,1
7594  BA00        MOV 1,3
7595  3022        LDA 2,34
7596  FB94        INCZR 3,3,SZR
7597  F400        ADC 3,2
7598  F7F8 FF90   ADDI FF90,2
759A  3820        LDA 3,32
759B  F51B        SUBZ# 3,2,SNC
759C  0134        JMP 52,PC   ; -> 75D0
759D  3935        LDA 3,53,PC   ; -> 75D2
759E  DE00        ADD 2,3
759F  A600        ADD 1,0
75A0  4359        STA 0,89,3
75A1  2022        LDA 0,34
75A2  4315        STA 0,21,3
75A3  5022        STA 2,34
75A4  3060        LDA 2,96
75A5  2200        LDA 0,0,2
75A6  4316        STA 0,22,3
75A7  5A00        STA 3,0,2
75A8  2207        LDA 0,7,2
75A9  4307        STA 0,7,3
75AA  2206        LDA 0,6,2
75AB  4306        STA 0,6,3
75AC  2205        LDA 0,5,2
75AD  4305        STA 0,5,3
75AE  2204        LDA 0,4,2
75AF  4304        STA 0,4,3
75B0  8500        SUB 0,0
75B1  4207        STA 0,7,2
75B2  4206        STA 0,6,2
75B3  4342        STA 0,66,3
75B4  4317        STA 0,23,3
75B5  433E        STA 0,62,3
75B6  433A        STA 0,58,3
75B7  5B19        STA 3,25,3
75B8  431A        STA 0,26,3
75B9  433F        STA 0,63,3
75BA  435B        STA 0,91,3
75BB  AA0D        MOV# 1,1,SNR
75BC  0109        JMP 9,PC   ; -> 75C5
75BD  3116        LDA 2,22,PC   ; -> 75D3
75BE  F650        ADDZL 3,2
75BF  535C        STA 2,92,3
75C0  535D        STA 2,93,3
75C1  535E        STA 2,94,3
75C2  535F        STA 2,95,3
75C3  B600        ADD 1,2
75C4  5360        STA 2,96,3
75C5  D500        SUB 2,2
75C6  5363        STA 2,99,3
75C7  5365        STA 2,101,3
75C8  5368        STA 2,104,3
75C9  5369        STA 2,105,3
75CA  2B59        LDA 1,89,3
75CB  D688        POP 2,2
75CC  535A        STA 2,90,3
75CD  3821        LDA 3,33
75CE  0461        JMP @97
75CF  E000        COM 3,0
75D0  2104        LDA 0,4,PC   ; -> 75D4
75D1  0C56        JSR @86
75D2  0014        JMP 20
75D3  006F        JMP 111
75D4  CC01        ADC 2,1,SKP
75D5  E7C8 0000   SAVE 0             ; frame
75D7  27FD        LDA 0,@-3,3
75D8  84F8        CLM 0,0
75D9  0001        JMP 1
75DA  1FFF        DSZ @-1,3
75DB  0104        JMP 4,PC   ; -> 75DF
75DC  3860        LDA 3,96
75DD  4302        STA 0,2,3
75DE  AFC8        RTN
75DF  2102        LDA 0,2,PC   ; -> 75E1
75E0  0C56        JSR @86
75E1  8C1D        ADCZ# 0,1,SNR
75E2  0002        JMP 2
75E3  2000        LDA 0,0
75E4  0800        JSR 0
75E5  0000        JMP 0
75E6  0008        JMP 8
75E7  0000        JMP 0
75E8  0000        JMP 0
75E9  0000        JMP 0
75EA  0004        JMP 4
75EB  0000        JMP 0
75EC  0000        JMP 0
75ED  8000        COM 0,0
75EE  0001        JMP 1
75EF  0000        JMP 0
75F0  0010        JMP 16
75F1  C000        COM 2,0
75F2  0000        JMP 0
75F3  0400        JMP @0
75F4  1000        ISZ 0
75F5  000C        JMP 12
75F6  0000        JMP 0
75F7  1400        ISZ @0
75F8  0000        JMP 0
75F9  0006        JMP 6
75FA  0000        JMP 0
75FB  0000        JMP 0
75FC  0000        JMP 0
75FD  001A        JMP 26
75FE  0000        JMP 0
75FF  0000        JMP 0
7600  0000        JMP 0
7601  0000        JMP 0
7602  0000        JMP 0
7603  0004        JMP 4
7604  0000        JMP 0
7605  0000        JMP 0
7606  1800        DSZ 0
7607  0C00        JSR @0
7608  E7C8 0000   SAVE 0             ; frame
760A  B250        MOVZL 1,2
760B  AD01        SUB 1,1,SKP
760C  D300        INC 2,2
760D  C5C8        LDB 2,0
760E  84F8        CLM 0,0
760F  0041        JMP 65
7610  0053        JMP 83
7611  010C        JMP 12,PC   ; -> 761D
7612  0901        JSR 1,PC   ; -> 7613
7613  9E00        ADD 0,3
7614  238E        LDA 0,-114,3
7615  820D        MOV# 0,0,SNR
7616  0105        JMP 5,PC   ; -> 761B
7617  8908        IOR 0,1
7618  23A1        LDA 0,-95,3
7619  8F0D        AND# 0,1,SNR
761A  01F2        JMP -14,PC   ; -> 760C
761B  2107        LDA 0,7,PC   ; -> 7622
761C  0C56        JSR @86
761D  820C        MOV# 0,0,SZR
761E  01FD        JMP -3,PC   ; -> 761B
761F  3860        LDA 3,96
7620  4B01        STA 1,1,3
7621  AFC8        RTN
7622  8C09        ADC# 0,1,SKP
7623  E7C8 000D   SAVE 13             ; frame
7625  2FFD        LDA 1,@-3,3
7626  305F        LDA 2,95
7627  B600        ADD 1,2
7628  530D        STA 2,13,3
7629  010C        JMP 12,PC   ; -> 7635
762A  E7C8 000D   SAVE 13             ; frame
762C  2FFD        LDA 1,@-3,3
762D  3148        LDA 2,72,PC   ; -> 7675
762E  B51B        SUBZ# 1,2,SNC
762F  013C        JMP 60,PC   ; -> 766B
7630  305F        LDA 2,95
7631  CCC8        SZBO 2,1
7632  013B        JMP 59,PC   ; -> 766D
7633  B600        ADD 1,2
7634  530D        STA 2,13,3
7635  8250        MOVZL 0,0
7636  3860        LDA 3,96
7637  3301        LDA 2,1,3
7638  D280        MOVR 2,2
7639  D283        MOVR 2,2,SNC
763A  0103        JMP 3,PC   ; -> 763D
763B  293B        LDA 1,59,PC   ; -> 7676
763C  010B        JMP 11,PC   ; -> 7647
763D  D283        MOVR 2,2,SNC
763E  0103        JMP 3,PC   ; -> 7641
763F  2938        LDA 1,56,PC   ; -> 7677
7640  0107        JMP 7,PC   ; -> 7647
7641  D283        MOVR 2,2,SNC
7642  0103        JMP 3,PC   ; -> 7645
7643  2935        LDA 1,53,PC   ; -> 7678
7644  0103        JMP 3,PC   ; -> 7647
7645  2934        LDA 1,52,PC   ; -> 7679
7646  0101        JMP 1,PC   ; -> 7647
7647  3306        LDA 2,6,3
7648  D20C        MOV# 2,2,SZR
7649  3131        LDA 2,49,PC   ; -> 767A
764A  C988        ANC 2,1
764B  3021        LDA 2,33
764C  D300        INC 2,2
764D  4209        STA 0,9,2
764E  4A01        STA 1,1,2
764F  8500        SUB 0,0
7650  AC00        ADC 1,1
7651  4202        STA 0,2,2
7652  4A03        STA 1,3,2
7653  4204        STA 0,4,2
7654  4A05        STA 1,5,2
7655  4A0A        STA 1,10,2
7656  4A0B        STA 1,11,2
7657  0C0F        JSR @15
7658  8000        COM 0,0
7659  0117        JMP 23,PC   ; -> 7670
765A  3200        LDA 2,0,2
765B  3C20        LDA 3,@32
765C  5304        STA 2,4,3
765D  3060        LDA 2,96
765E  2201        LDA 0,1,2
765F  C7F8 E000   ANDI E000,0
7661  2A02        LDA 1,2,2
7662  8908        IOR 0,1
7663  4BBF        STA 1,-65,3
7664  8500        SUB 0,0
7665  4206        STA 0,6,2
7666  4203        STA 0,3,2
7667  4201        STA 0,1,2
7668  2113        LDA 0,19,PC   ; -> 767B
7669  4202        STA 0,2,2
766A  AFC8        RTN
766B  2111        LDA 0,17,PC   ; -> 767C
766C  0C56        JSR @86
766D  2110        LDA 0,16,PC   ; -> 767D
766E  0C56        JSR @86
766F  210F        LDA 0,15,PC   ; -> 767E
7670  3C20        LDA 3,@32
7671  305F        LDA 2,95
7672  DD00        SUB 2,3
7673  DC48        BTZ 2,3
7674  0C56        JSR @86
7675  003F        JMP 63
7676  00B8        JMP 184
7677  0030        JMP 48
7678  0438        JMP @56
7679  0038        JMP 56
767A  0020        JMP 32
767B  8087        COMR 0,0,SBN
767C  8C08        BTO 0,1
767D  8C15        ADCZ 0,1,SNR
767E  8C17        ADCZ 0,1,SBN
767F  E7C8 0000   SAVE 0             ; frame
7681  0C51        JSR @81
7682  76E8        LEF 2,@-24,2
7683  0C56        JSR @86
7684  AFC8        RTN
7685  FB00        INC 3,3
7686  5861        STA 3,97
7687  3821        LDA 3,33
7688  2FFD        LDA 1,@-3,3
7689  310E        LDA 2,14,PC   ; -> 7697
768A  B51B        SUBZ# 1,2,SNC
768B  0108        JMP 8,PC   ; -> 7693
768C  305F        LDA 2,95
768D  B600        ADD 1,2
768E  3204        LDA 2,4,2
768F  D24B        MOVL# 2,2,SNC
7690  0461        JMP @97
7691  2105        LDA 0,5,PC   ; -> 7696
7692  0102        JMP 2,PC   ; -> 7694
7693  2105        LDA 0,5,PC   ; -> 7698
7694  1861        DSZ 97
7695  0461        JMP @97
7696  0002        JMP 2
7697  003F        JMP 63
7698  8C08        BTO 0,1
7699  E7C8 0000   SAVE 0             ; frame
769B  A250        MOVZL 1,0
769C  2906        LDA 1,6,PC   ; -> 76A2
769D  0C0F        JSR @15
769E  0001        JMP 1
769F  8D0D        SUB# 0,1,SNR
76A0  AFC8        RTN
76A1  0C56        JSR @86
76A2  0015        JMP 21
76A3  E7C8 0000   SAVE 0             ; frame
76A5  0C0F        JSR @15
76A6  0021        JMP 33
76A7  0C56        JSR @86
76A8  4FFB        STA 1,@-5,3
76A9  47FA        STA 0,@-6,3
76AA  57F9        STA 2,@-7,3
76AB  AFC8        RTN
76AC  E7C8 0000   SAVE 0             ; frame
76AE  0C0F        JSR @15
76AF  001E        JMP 30
76B0  0C56        JSR @86
76B1  57FB        STA 2,@-5,3
76B2  4FFA        STA 1,@-6,3
76B3  47F9        STA 0,@-7,3
76B4  AFC8        RTN
76B5  5861        STA 3,97
76B6  BA80        MOVR 1,3
76B7  DE40        ADDL 2,3
76B8  9848        SBI 0,3
76B9  E5C8        LDB 3,0
76BA  3821        LDA 3,33
76BB  0461        JMP @97
76BC  5861        STA 3,97
76BD  BA80        MOVR 1,3
76BE  DE40        ADDL 2,3
76BF  9848        SBI 0,3
76C0  E608        STB 3,0
76C1  3821        LDA 3,33
76C2  0461        JMP @97
76C3  FB00        INC 3,3
76C4  5861        STA 3,97
76C5  3BFF        LDA 3,-1,3
76C6  FCF8        CLM 3,3
76C7  0100        JMP 0,PC   ; -> 76C7
76C8  7FFF        LEF 3,@-1,3
76C9  3B00        LDA 3,0,3
76CA  FE48        PSH 3,3
76CB  3861        LDA 3,97
76CC  9FC8        POPJ
76CD  3300        LDA 2,0,3
76CE  B51E        SUBZ# 1,2,SEZ
76CF  BE00        ADD 1,3
76D0  3300        LDA 2,0,3
76D1  F600        ADD 3,2
76D2  3821        LDA 3,33
76D3  0200        JMP 0,2
76D4  E7C8 0000   SAVE 0             ; frame
76D6  0C5B        JSR @91
76D7  0904        JSR 4,PC   ; -> 76DB
76D8  5354        STA 2,84,3
76D9  4F50        STA 1,@80,3
76DA  2000        LDA 0,0
76DB  F200        MOV 3,2
76DC  0C5C        JSR @92
76DD  3821        LDA 3,33
76DE  33FE        LDA 2,-2,3
76DF  DCAB        ADCOR# 2,3,SNC
76E0  0103        JMP 3,PC   ; -> 76E3
76E1  3201        LDA 2,1,2
76E2  0C5C        JSR @92
76E3  0C5B        JSR @91
76E4  D590        SUBZR 2,2
76E5  0C0F        JSR @15
76E6  800A        COM# 0,0,SZC
76E7  0100        JMP 0,PC   ; -> 76E7
76E8  E7C8 000C   SAVE 12             ; frame
76EA  0C4D        JSR @77
76EB  0129        JMP 41,PC   ; -> 7714
76EC  5301        STA 2,1,3
76ED  2FFD        LDA 1,@-3,3
76EE  385F        LDA 3,95
76EF  BE00        ADD 1,3
76F0  23BF        LDA 0,-65,3
76F1  3821        LDA 3,33
76F2  864B        ADDL# 0,0,SNC
76F3  0106        JMP 6,PC   ; -> 76F9
76F4  2BFD        LDA 1,-3,3
76F5  0C51        JSR @81
76F6  6F31        LEF 1,@49,3
76F7  0C51        JSR @81
76F8  6FA4        LEF 1,@-92,3
76F9  F300        INC 3,2
76FA  8500        SUB 0,0
76FB  4201        STA 0,1,2
76FC  4202        STA 0,2,2
76FD  4203        STA 0,3,2
76FE  4204        STA 0,4,2
76FF  4205        STA 0,5,2
7700  4206        STA 0,6,2
7701  4207        STA 0,7,2
7702  4208        STA 0,8,2
7703  4209        STA 0,9,2
7704  420A        STA 0,10,2
7705  420B        STA 0,11,2
7706  0C0F        JSR @15
7707  8001        COM 0,0,SKP
7708  010C        JMP 12,PC   ; -> 7714
7709  2FFD        LDA 1,@-3,3
770A  1300        ISZ 0,3
770B  385F        LDA 3,95
770C  F200        MOV 3,2
770D  BE00        ADD 1,3
770E  8400        ADC 0,0
770F  4304        STA 0,4,3
7710  2107        LDA 0,7,PC   ; -> 7717
7711  43BF        STA 0,-65,3
7712  CC48        BTZ 2,1
7713  AFC8        RTN
7714  3821        LDA 3,33
7715  43FC        STA 0,-4,3
7716  AFC8        RTN
7717  8087        COMR 0,0,SBN
7718  5861        STA 3,97
7719  3860        LDA 3,96
771A  4B06        STA 1,6,3
771B  5304        STA 2,4,3
771C  2821        LDA 1,33
771D  4B05        STA 1,5,3
771E  2B06        LDA 1,6,3
771F  3821        LDA 3,33
7720  0461        JMP @97
7721  FEA0        ADDOR 3,3
7722  E648        PSH 3,0
7723  FA40        MOVL 3,3
7724  3860        LDA 3,96
7725  FA0C        MOV# 3,3,SZR
7726  864A        ADDL# 0,0,SZC
7727  0138        JMP 56,PC   ; -> 775F
7728  C7F8 3FFF   ANDI 3FFF,0
772A  4309        STA 0,9,3
772B  8A02        MOV 0,1,SZC
772C  3B00        LDA 3,0,3
772D  3307        LDA 2,7,3
772E  212E        LDA 0,46,PC   ; -> 775C
772F  8D0C        SUB# 0,1,SZR
7730  212D        LDA 0,45,PC   ; -> 775D
7731  8D0D        SUB# 0,1,SNR
7732  D20D        MOV# 2,2,SNR
7733  3306        LDA 2,6,3
7734  D20D        MOV# 2,2,SNR
7735  012A        JMP 42,PC   ; -> 775F
7736  8574        SUBCL 0,0,SZR
7737  0108        JMP 8,PC   ; -> 773F
7738  5306        STA 2,6,3
7739  4307        STA 0,7,3
773A  4301        STA 0,1,3
773B  2923        LDA 1,35,PC   ; -> 775E
773C  4B02        STA 1,2,3
773D  4303        STA 0,3,3
773E  010C        JMP 12,PC   ; -> 774A
773F  CA00        MOV 2,1
7740  3060        LDA 2,96
7741  4A06        STA 1,6,2
7742  2B05        LDA 1,5,3
7743  4A05        STA 1,5,2
7744  2B04        LDA 1,4,3
7745  4A04        STA 1,4,2
7746  2316        LDA 0,22,3
7747  4460        STA 0,@96
7748  2315        LDA 0,21,3
7749  4022        STA 0,34
774A  3860        LDA 3,96
774B  2305        LDA 0,5,3
774C  3021        LDA 2,33
774D  950D        SUB# 0,2,SNR
774E  0106        JMP 6,PC   ; -> 7754
774F  0C58        JSR @88
7750  0101        JMP 1,PC   ; -> 7751
7751  8D38 034A   EJSR 034A,PC   ; -> 7A9C
7753  01F7        JMP -9,PC   ; -> 774A
7754  3860        LDA 3,96
7755  2304        LDA 0,4,3
7756  4020        STA 0,32
7757  3306        LDA 2,6,3
7758  8500        SUB 0,0
7759  4306        STA 0,6,3
775A  3821        LDA 3,33
775B  0200        JMP 0,2
775C  0018        JMP 24
775D  0011        JMP 17
775E  8087        COMR 0,0,SBN
775F  0C5B        JSR @91
7760  0C57        JSR @87
7761  2420        LDA 0,@32
7762  C7F8 3FFF   ANDI 3FFF,0
7764  8648        PSH 0,0
7765  AC00        ADC 1,1
7766  311F        LDA 2,31,PC   ; -> 7785
7767  0C0F        JSR @15
7768  800B        COM# 0,0,SNC
7769  0104        JMP 4,PC   ; -> 776D
776A  D290        MOVZR 2,2
776B  0C5C        JSR @92
776C  010F        JMP 15,PC   ; -> 777B
776D  0909        JSR 9,PC   ; -> 7776
776E  464F        STA 0,@79,2
776F  5254        STA 2,84,2
7770  5241        STA 2,65,2
7771  4E20        STA 1,@32,2
7772  4552        STA 0,@82,PC   ; -> 77C4
7773  524F        STA 2,79,2
7774  5220        STA 2,32,2
7775  0000        JMP 0
7776  F200        MOV 3,2
7777  0C5C        JSR @92
7778  2C20        LDA 1,@32
7779  C808        ADI 2,1
777A  0C5E        JSR @94
777B  0C5B        JSR @91
777C  CE88        POP 2,1
777D  AA43        MOVL 1,1,SNC
777E  AA4B        MOVL# 1,1,SNC
777F  0102        JMP 2,PC   ; -> 7781
7780  9FC8        POPJ
7781  D590        SUBZR 2,2
7782  0C0F        JSR @15
7783  800A        COM# 0,0,SZC
7784  0100        JMP 0,PC   ; -> 7784
7785  034E        JMP 78,3
7786  F200        MOV 3,2
7787  3821        LDA 3,33
7788  FA0D        MOV# 3,3,SNR
7789  0200        JMP 0,2
778A  DE48        PSH 2,3
778B  0906        JSR 6,PC   ; -> 7791
778C  2A2A        LDA 1,42,2
778D  4552        STA 0,@82,PC   ; -> 77DF
778E  524F        STA 2,79,2
778F  522A        STA 2,42,2
7790  2A00        LDA 1,0,2
7791  F200        MOV 3,2
7792  0C5C        JSR @92
7793  3944        LDA 3,68,PC   ; -> 77D7
7794  2B0B        LDA 1,11,3
7795  AA9D        MOVZR# 1,1,SNR
7796  010F        JMP 15,PC   ; -> 77A5
7797  0906        JSR 6,PC   ; -> 779D
7798  2049        LDA 0,73
7799  4E20        STA 1,@32,2
779A  5441        STA 2,@65
779B  534B        STA 2,75,3
779C  2000        LDA 0,0
779D  F200        MOV 3,2
779E  0C5C        JSR @92
779F  3938        LDA 3,56,PC   ; -> 77D7
77A0  3B0C        LDA 3,12,3
77A1  2B10        LDA 1,16,3
77A2  3936        LDA 3,54,PC   ; -> 77D8
77A3  EFC0        ANDS 3,1
77A4  0C5E        JSR @94
77A5  0908        JSR 8,PC   ; -> 77AD
77A6  2052        LDA 0,82
77A7  4550        STA 0,@80,PC   ; -> 77F7
77A8  4F52        STA 1,@82,3
77A9  5445        STA 2,@69
77AA  4420        STA 0,@32
77AB  4259        STA 0,89,2
77AC  2000        LDA 0,0
77AD  F200        MOV 3,2
77AE  0C5C        JSR @92
77AF  3021        LDA 2,33
77B0  0931        JSR 49,PC   ; -> 77E1
77B1  0C5B        JSR @91
77B2  3C20        LDA 3,@32
77B3  23FF        LDA 0,-1,3
77B4  820C        MOV# 0,0,SZR
77B5  0103        JMP 3,PC   ; -> 77B8
77B6  1820        DSZ 32
77B7  9FC8        POPJ
77B8  0908        JSR 8,PC   ; -> 77C0
77B9  2020        LDA 0,32
77BA  4341        STA 0,65,3
77BB  4C4C        STA 1,@76
77BC  4544        STA 0,@68,PC   ; -> 7800
77BD  2041        LDA 0,65
77BE  5420        STA 2,@32
77BF  0000        JMP 0
77C0  F200        MOV 3,2
77C1  0C5C        JSR @92
77C2  3420        LDA 2,@32
77C3  0916        JSR 22,PC   ; -> 77D9
77C4  0101        JMP 1,PC   ; -> 77C5
77C5  5061        STA 2,97
77C6  3C20        LDA 3,@32
77C7  33FF        LDA 2,-1,3
77C8  5420        STA 2,@32
77C9  092A        JSR 42,PC   ; -> 77F3
77CA  2861        LDA 1,97
77CB  CC00        ADC 2,1
77CC  4861        STA 1,97
77CD  3420        LDA 2,@32
77CE  0913        JSR 19,PC   ; -> 77E1
77CF  0902        JSR 2,PC   ; -> 77D1
77D0  2B00        LDA 1,0,3
77D1  F200        MOV 3,2
77D2  0C5C        JSR @92
77D3  2861        LDA 1,97
77D4  0C5D        JSR @93
77D5  0C5B        JSR @91
77D6  01DC        JMP -36,PC   ; -> 77B2
77D7  0100        JMP 0,PC   ; -> 77D7
77D8  FF00        AND 3,3
77D9  FB00        INC 3,3
77DA  FE48        PSH 3,3
77DB  0C58        JSR @88
77DC  1C20        DSZ @32
77DD  3200        LDA 2,0,2
77DE  D240        MOVL 2,2
77DF  D290        MOVZR 2,2
77E0  9FC8        POPJ
77E1  FE48        PSH 3,3
77E2  0911        JSR 17,PC   ; -> 77F3
77E3  B50C        SUB# 1,2,SZR
77E4  0103        JMP 3,PC   ; -> 77E7
77E5  0C5D        JSR @93
77E6  9FC8        POPJ
77E7  AE48        PSH 1,1
77E8  0902        JSR 2,PC   ; -> 77EA
77E9  2800        LDA 1,0
77EA  F200        MOV 3,2
77EB  0C5C        JSR @92
77EC  AE88        POP 1,1
77ED  0C5D        JSR @93
77EE  0902        JSR 2,PC   ; -> 77F0
77EF  2900        LDA 1,0,PC   ; -> 77EF
77F0  F200        MOV 3,2
77F1  0C5C        JSR @92
77F2  9FC8        POPJ
77F3  FE48        PSH 3,3
77F4  09E5        JSR -27,PC   ; -> 77D9
77F5  0101        JMP 1,PC   ; -> 77F6
77F6  22FE        LDA 0,-2,2
77F7  2AFF        LDA 1,-1,2
77F8  3112        LDA 2,18,PC   ; -> 780A
77F9  39DF        LDA 3,-33,PC   ; -> 77D8
77FA  9525        SUBO 0,2,SNR
77FB  010C        JMP 12,PC   ; -> 7807
77FC  310F        LDA 2,15,PC   ; -> 780B
77FD  9524        SUBO 0,2,SZR
77FE  0104        JMP 4,PC   ; -> 7802
77FF  BF0D        AND# 1,3,SNR
7800  AA20        MOVO 1,1
7801  0106        JMP 6,PC   ; -> 7807
7802  BF00        AND 1,3
7803  ED00        SUB 3,1
7804  2108        LDA 0,8,PC   ; -> 780C
7805  9D14        SUBZ 0,3,SZR
7806  AD20        SUBO 1,1
7807  B202        MOV 1,2,SZC
7808  3200        LDA 2,0,2
7809  9FC8        POPJ
780A  8C38 0C51   EJSR 0C51   ; [0C51] = 0
780C  0C00        JSR @0
780D  FE48        PSH 3,3
780E  DA00        MOV 2,3
780F  310D        LDA 2,13,PC   ; -> 781C
7810  F600        ADD 3,2
7811  2A00        LDA 1,0,2
7812  AA40        MOVL 1,1
7813  AA90        MOVZR 1,1
7814  2109        LDA 0,9,PC   ; -> 781D
7815  A50C        SUB# 1,0,SZR
7816  0105        JMP 5,PC   ; -> 781B
7817  33FE        LDA 2,-2,3
7818  2059        LDA 0,89
7819  9600        ADD 0,2
781A  2A00        LDA 1,0,2
781B  9FC8        POPJ
781C  0000        JMP 0
781D  FFFF        ANDCS# 3,3,SBN
781E  E7C8 0001   SAVE 1             ; frame
7820  3153        LDA 2,83,PC   ; -> 7873
7821  3AFA        LDA 3,-6,2
7822  4300        STA 0,0,3
7823  32F9        LDA 2,-7,2
7824  5420        STA 2,@32
7825  3A00        LDA 3,0,2
7826  F80D        COM# 3,3,SNR
7827  AFC8        RTN
7828  8500        SUB 0,0
7829  4202        STA 0,2,2
782A  4204        STA 0,4,2
782B  0C0F        JSR @15
782C  8003        COM 0,0,SNC
782D  0101        JMP 1,PC   ; -> 782E
782E  F7F8 000C   ADDI 000C,2
7830  5420        STA 2,@32
7831  01F4        JMP -12,PC   ; -> 7825
7832  F210        MOVZ 3,2
7833  2141        LDA 0,65,PC   ; -> 7874
7834  0C5A        JSR @90
7835  82F2        MOVCS 0,0,SZC
7836  01FE        JMP -2,PC   ; -> 7834
7837  0200        JMP 0,2
7838  EA11        MOVZ 3,1,SKP
7839  D300        INC 2,2
783A  2200        LDA 0,0,2
783B  393A        LDA 3,58,PC   ; -> 7875
783C  E70D        AND# 3,0,SNR
783D  BA01        MOV 1,3,SKP
783E  82C1        MOVS 0,0,SKP
783F  0300        JMP 0,3
7840  0C5A        JSR @90
7841  8232        MOVC 0,0,SZC
7842  01F9        JMP -7,PC   ; -> 783B
7843  01F6        JMP -10,PC   ; -> 7839
7844  F210        MOVZ 3,2
7845  3931        LDA 3,49,PC   ; -> 7876
7846  2131        LDA 0,49,PC   ; -> 7877
7847  8651        ADDZL 0,0,SKP
7848  212F        LDA 0,47,PC   ; -> 7877
7849  AA43        MOVL 1,1,SNC
784A  0103        JMP 3,PC   ; -> 784D
784B  D240        MOVL 2,2
784C  D2A0        MOVOR 2,2
784D  8243        MOVL 0,0,SNC
784E  01FB        JMP -5,PC   ; -> 7849
784F  E600        ADD 3,0
7850  FA4A        MOVL# 3,3,SZC
7851  0103        JMP 3,PC   ; -> 7854
7852  D24B        MOVL# 2,2,SNC
7853  0102        JMP 2,PC   ; -> 7855
7854  0C5A        JSR @90
7855  3920        LDA 3,32,PC   ; -> 7875
7856  9F53        ANDZL 0,3,SNC
7857  01F1        JMP -15,PC   ; -> 7848
7858  0200        JMP 0,2
7859  F210        MOVZ 3,2
785A  211E        LDA 0,30,PC   ; -> 7878
785B  010F        JMP 15,PC   ; -> 786A
785C  8100        NEG 0,0
785D  9C00        ADC 0,3
785E  3B00        LDA 3,0,3
785F  80C1        COMS 0,0,SKP
7860  ED10        SUBZ 3,1
7861  8300        INC 0,0
7862  ED1A        SUBZ# 3,1,SZC
7863  01FD        JMP -3,PC   ; -> 7860
7864  3911        LDA 3,17,PC   ; -> 7875
7865  E73E        ANDC# 3,0,SEZ
7866  0104        JMP 4,PC   ; -> 786A
7867  3912        LDA 3,18,PC   ; -> 7879
7868  E600        ADD 3,0
7869  0C5A        JSR @90
786A  390B        LDA 3,11,PC   ; -> 7875
786B  E7C5        ANDS 3,0,SNR
786C  0200        JMP 0,2
786D  09EF        JSR -17,PC   ; -> 785C
786E  0001        JMP 1
786F  000A        JMP 10
7870  0064        JMP 100
7871  03E8        JMP -24,3
7872  2710        LDA 0,@16,3
7873  6689        LEF 0,@-119,2
7874  0A0D        JSR 13,2
7875  FF00        AND 3,3
7876  0400        JMP @0
7877  2006        LDA 0,6
7878  052D        JMP @45,PC   ; -> 78A5
7879  002F        JMP 47
787A  3C20        LDA 3,@32
787B  3300        LDA 2,0,3
787C  290A        LDA 1,10,PC   ; -> 7886
787D  210A        LDA 0,10,PC   ; -> 7887
787E  CD0C        SUB# 2,1,SZR
787F  0C56        JSR @86
7880  1820        DSZ 32
7881  3820        LDA 3,32
7882  3021        LDA 2,33
7883  53FF        STA 2,-1,3
7884  5821        STA 3,33
7885  0C56        JSR @86
7886  E7C8 CC01   SAVE 52225             ; frame
7888  2300        LDA 0,0,3
7889  8648        PSH 0,0
788A  0919        JSR 25,PC   ; -> 78A3
788B  4552        STA 0,@82,PC   ; -> 78DD
788C  524F        STA 2,79,2
788D  5220        STA 2,32,2
788E  4445        STA 0,@69
788F  5445        STA 2,@69
7890  4354        STA 0,84,3
7891  4544        STA 0,@68,PC   ; -> 78D5
7892  2044        LDA 0,68
7893  5552        STA 2,@82,PC   ; -> 78E5
7894  494E        STA 1,78,PC   ; -> 78E2
7895  4720        STA 0,@32,3
7896  464F        STA 0,@79,2
7897  5254        STA 2,84,2
7898  5241        STA 2,65,2
7899  4E20        STA 1,@32,2
789A  3520        LDA 2,@32,PC   ; -> 78BA
789B  494E        STA 1,78,PC   ; -> 78E9
789C  4954        STA 1,84,PC   ; -> 78F0
789D  4941        STA 1,65,PC   ; -> 78DE
789E  4C49        STA 1,@73
789F  5A41        STA 3,65,2
78A0  5449        STA 2,@73
78A1  4F4E        STA 1,@78,3
78A2  0000        JMP 0
78A3  F200        MOV 3,2
78A4  0C5C        JSR @92
78A5  0C5B        JSR @91
78A6  8688        POP 0,0
78A7  0C56        JSR @86
78A8  5060        STA 2,96
78A9  EFF8 FFEC   ADDI FFEC,1
78AB  4822        STA 1,34
78AC  8500        SUB 0,0
78AD  4200        STA 0,0,2
78AE  4201        STA 0,1,2
78AF  2913        LDA 1,19,PC   ; -> 78C2
78B0  4A02        STA 1,2,2
78B1  4203        STA 0,3,2
78B2  4206        STA 0,6,2
78B3  4207        STA 0,7,2
78B4  AC50        ADCZL 1,1
78B5  4A09        STA 1,9,2
78B6  4021        STA 0,33
78B7  F7F8 000B   ADDI 000B,2
78B9  5020        STA 2,32
78BA  2909        LDA 1,9,PC   ; -> 78C3
78BB  4823        STA 1,35
78BC  0C51        JSR @81
78BD  6000        LEF 0,0
78BE  D590        SUBZR 2,2
78BF  0C0F        JSR @15
78C0  800A        COM# 0,0,SZC
78C1  0100        JMP 0,PC   ; -> 78C1
78C2  8087        COMR 0,0,SBN
78C3  787A        LEF 3,122
78C4  3619        LDA 2,@25,2
78C5  0805        JSR 5
78C6  E7C8 0000   SAVE 0             ; frame
78C8  F4A0        ADCOR 3,2
78C9  2FFA        LDA 1,@-6,3
78CA  21FA        LDA 0,-6,PC   ; -> 78C4
78CB  31FA        LDA 2,-6,PC   ; -> 78C5
78CC  C7C8        MUL
78CD  4FFA        STA 1,@-6,3
78CE  4FFB        STA 1,@-5,3
78CF  820B        MOV# 0,0,SNC
78D0  AFC8        RTN
78D1  8500        SUB 0,0
78D2  37F9        LDA 2,@-7,3
78D3  D300        INC 2,2
78D4  AAC0        MOVS 1,1
78D5  D7C8        DIV
78D6  47FB        STA 0,@-5,3
78D7  AFC8        RTN
78D8  E7C8 0000   SAVE 0             ; frame
78DA  2FFA        LDA 1,@-6,3
78DB  FFF8 FFFA   ADDI FFFA,3
78DD  2601        LDA 0,@1,2
78DE  D300        INC 2,2
78DF  8A48        SGE 0,1
78E0  8A00        MOV 0,1
78E1  DC0C        ADC# 2,3,SZR
78E2  01FB        JMP -5,PC   ; -> 78DD
78E3  3821        LDA 3,33
78E4  4FFB        STA 1,@-5,3
78E5  AFC8        RTN
78E6  E7C8 0000   SAVE 0             ; frame
78E8  2FFA        LDA 1,@-6,3
78E9  FFF8 FFFA   ADDI FFFA,3
78EB  2601        LDA 0,@1,2
78EC  D300        INC 2,2
78ED  A248        SGE 1,0
78EE  8A00        MOV 0,1
78EF  DC0C        ADC# 2,3,SZR
78F0  01FB        JMP -5,PC   ; -> 78EB
78F1  3821        LDA 3,33
78F2  4FFB        STA 1,@-5,3
78F3  AFC8        RTN
78F4  434F        STA 0,79,3
78F5  5059        STA 2,89
78F6  5249        STA 2,73,2
78F7  4748        STA 0,@72,3
78F8  5420        STA 2,@32
78F9  2843        LDA 1,67
78FA  2920        LDA 1,32,PC   ; -> 791A
78FB  4447        STA 0,@71
78FC  432C        STA 0,44,3
78FD  2031        LDA 0,49
78FE  3937        LDA 3,55,PC   ; -> 7935
78FF  342C        LDA 2,@44
7900  3735        LDA 2,@53,3
7901  2C37        LDA 1,@55
7902  362C        LDA 2,@44,2
7903  3737        LDA 2,@55,3
7904  2E41        LDA 1,@65,2
7905  4C4C        STA 1,@76
7906  2052        LDA 0,82
7907  4947        STA 1,71,PC   ; -> 794E
7908  4854        STA 1,84
7909  5320        STA 2,32,3
790A  5245        STA 2,69,2
790B  5345        STA 2,69,3
790C  5256        STA 2,86,2
790D  4544        STA 0,@68,PC   ; -> 7951
790E  2E4C        LDA 1,@76,2
790F  4943        STA 1,67,PC   ; -> 7952
7910  454E        STA 0,@78,PC   ; -> 795E
7911  5345        STA 2,69,3
7912  4420        STA 0,@32
7913  4D41        STA 1,@65,PC   ; -> 7954
7914  5445        STA 2,@69
7915  5249        STA 2,73,2
7916  414C        STA 0,76,PC   ; -> 7962
7917  202D        LDA 0,45
7918  2050        LDA 0,80
7919  524F        STA 2,79,2
791A  5045        STA 2,69
791B  5254        STA 2,84,2
791C  5920        STA 3,32,PC   ; -> 793C
791D  4F46        STA 1,@70,3
791E  2044        LDA 0,68
791F  4743        STA 0,@67,3
7920  2E00        LDA 1,@0,2
7921  FB00        INC 3,3
7922  E7C8 0012   SAVE 18             ; frame
7924  3863        LDA 3,99
7925  FC08        BTO 3,3
7926  3821        LDA 3,33
7927  B438 010C   ELDA 2,010C   ; [010C] = 275
7929  420D        STA 0,13,2
792A  F300        INC 3,2
792B  8500        SUB 0,0
792C  4200        STA 0,0,2
792D  DB00        INC 2,3
792E  290E        LDA 1,14,PC   ; -> 793C
792F  B7C8        BLM
7930  EEE8        ?ECL EEE8          <<< unknown extended
7931  8EA8        ?ECL 8EA8          <<< unknown extended
7932  0104        JMP 4,PC   ; -> 7936
7933  2063        LDA 0,99
7934  8448        BTZ 0,0
7935  AFC8        RTN
7936  3821        LDA 3,33
7937  2104        LDA 0,4,PC   ; -> 793B
7938  43FC        STA 0,-4,3
7939  1B00        DSZ 0,3
793A  01F9        JMP -7,PC   ; -> 7933
793B  00F0        JMP 240
793C  0011        JMP 17
793D  8648        PSH 0,0
793E  85B8        ?ECL 85B8          <<< unknown extended
793F  00AE        JMP 174
7940  050B        JMP @11,PC   ; -> 794B
7941  010C        JMP 12,PC   ; -> 794D
7942  2A02        LDA 1,2,2
7943  1202        ISZ 2,2
7944  AA4B        MOVL# 1,1,SNC
7945  0507        JMP @7,PC   ; -> 794C
7946  C200        MOV 2,0
7947  85B8        ?ECL 85B8          <<< unknown extended
7948  025A        JMP 90,2
7949  9200        MOV 0,2
794A  0502        JMP @2,PC   ; -> 794C
794B  79E8        LEF 3,-24,PC   ; -> 7933
794C  79E2        LEF 3,-30,PC   ; -> 792E
794D  3A00        LDA 3,0,2
794E  DFF8 00FF   ANDI 00FF,3
7950  F7F8 0005   ADDI 0005,2
7952  8500        SUB 0,0
7953  2A02        LDA 1,2,2
7954  ACF8        CLM 1,1
7955  7FC0        LEF 3,@-64,3
7956  7FC0        LEF 3,@-64,3
7957  0102        JMP 2,PC   ; -> 7959
7958  0115        JMP 21,PC   ; -> 796D
7959  CFF8 803F   ANDI 803F,1
795B  AA0D        MOV# 1,1,SNR
795C  C200        MOV 2,0
795D  F7F8 0003   ADDI 0003,2
795F  F900        NEG 3,3
7960  F804        COM 3,3,SZR
7961  01F2        JMP -14,PC   ; -> 7953
7962  8204        MOV 0,0,SZR
7963  0109        JMP 9,PC   ; -> 796C
7964  F7F8 FFFD   ADDI FFFD,2
7966  2200        LDA 0,0,2
7967  86A0        ADDOR 0,0
7968  85B8        ?ECL 85B8          <<< unknown extended
7969  0239        JMP 57,2
796A  8688        POP 0,0
796B  01D2        JMP -46,PC   ; -> 793D
796C  9200        MOV 0,2
796D  2420        LDA 0,@32
796E  8308        HXL 0,0
796F  8250        MOVZL 0,0
7970  8260        MOVOL 0,0
7971  8250        MOVZL 0,0
7972  82A0        MOVOR 0,0
7973  4202        STA 0,2,2
7974  D648        PSH 2,2
7975  E438 03BB   ELEF 0,03BB   ; [03BB] = 65535
7977  8D38 00F1   EJSR 00F1,PC   ; -> 7A69
7979  016E        JMP 110,PC   ; -> 79E7
797A  AE48        PSH 1,1
797B  A80C        COM# 1,1,SZR
797C  0119        JMP 25,PC   ; -> 7995
797D  B438 0110   ELDA 2,0110   ; [0110] = 296
797F  2AFF        LDA 1,-1,2
7980  A900        NEG 1,1
7981  3A00        LDA 3,0,2
7982  2304        LDA 0,4,3
7983  824A        MOVL# 0,0,SZC
7984  0105        JMP 5,PC   ; -> 7989
7985  D300        INC 2,2
7986  AB04        INC 1,1,SZR
7987  01FA        JMP -6,PC   ; -> 7981
7988  AD51        SUBZL 1,1,SKP
7989  AD00        SUB 1,1
798A  FC38 0100   ELEF 3,0100   ; [0100] = 2
798C  E438 0073   ELEF 0,0073   ; [0073] = 0
798E  E488        SZB 3,0
798F  AD50        SUBZL 1,1
7990  0C0F        JSR @15
7991  8017        COMZ 0,0,SBN
7992  0154        JMP 84,PC   ; -> 79E6
7993  AB00        INC 1,1
7994  4C20        STA 1,@32
7995  3021        LDA 2,33
7996  D300        INC 2,2
7997  3820        LDA 3,32
7998  3BFF        LDA 3,-1,3
7999  2B02        LDA 1,2,3
799A  8B48        HXR 0,1
799B  AA90        MOVZR 1,1
799C  AA90        MOVZR 1,1
799D  CFF8 01FF   ANDI 01FF,1
799F  3B00        LDA 3,0,3
79A0  2304        LDA 0,4,3
79A1  4200        STA 0,0,2
79A2  C7F8 7FFF   ANDI 7FFF,0
79A4  3302        LDA 2,2,3
79A5  3B03        LDA 3,3,3
79A6  AA0D        MOV# 1,1,SNR
79A7  0106        JMP 6,PC   ; -> 79AD
79A8  9E12        ADDZ 0,3,SZC
79A9  D300        INC 2,2
79AA  A900        NEG 1,1
79AB  A804        COM 1,1,SZR
79AC  01FC        JMP -4,PC   ; -> 79A8
79AD  EA00        MOV 3,1
79AE  C200        MOV 2,0
79AF  3021        LDA 2,33
79B0  D300        INC 2,2
79B1  3820        LDA 3,32
79B2  3BFF        LDA 3,-1,3
79B3  3B01        LDA 3,1,3
79B4  5A02        STA 3,2,2
79B5  4204        STA 0,4,2
79B6  4A05        STA 1,5,2
79B7  2C20        LDA 1,@32
79B8  8848        SBI 0,1
79B9  2200        LDA 0,0,2
79BA  9A43        MOVL 0,3,SNC
79BB  0111        JMP 17,PC   ; -> 79CC
79BC  E290        MOVZR 3,0
79BD  4200        STA 0,0,2
79BE  FC38 0100   ELEF 3,0100   ; [0100] = 2
79C0  E438 0073   ELEF 0,0073   ; [0073] = 0
79C2  E5F8        SNB 3,0
79C3  0105        JMP 5,PC   ; -> 79C8
79C4  0C0F        JSR @15
79C5  813D        NEGC# 0,0,SNR
79C6  0120        JMP 32,PC   ; -> 79E6
79C7  0108        JMP 8,PC   ; -> 79CF
79C8  0C0F        JSR @15
79C9  0030        JMP 48
79CA  011C        JMP 28,PC   ; -> 79E6
79CB  0104        JMP 4,PC   ; -> 79CF
79CC  0C0F        JSR @15
79CD  0007        JMP 7
79CE  0118        JMP 24,PC   ; -> 79E6
79CF  E438 03BB   ELEF 0,03BB   ; [03BB] = 65535
79D1  AE88        POP 1,1
79D2  D500        SUB 2,2
79D3  8D38 0064   EJSR 0064,PC   ; -> 7A38
79D5  0111        JMP 17,PC   ; -> 79E6
79D6  3863        LDA 3,99
79D7  FC08        BTO 3,3
79D8  3821        LDA 3,33
79D9  3420        LDA 2,@32
79DA  2202        LDA 0,2,2
79DB  C7F8 7FFF   ANDI 7FFF,0
79DD  4202        STA 0,2,2
79DE  C200        MOV 2,0
79DF  85B8        ?ECL 85B8          <<< unknown extended
79E0  01D7        JMP -41,PC   ; -> 79B7
79E1  D688        POP 2,2
79E2  1820        DSZ 32
79E3  3821        LDA 3,33
79E4  1420        ISZ @32
79E5  9FC8        POPJ
79E6  1820        DSZ 32
79E7  1820        DSZ 32
79E8  1820        DSZ 32
79E9  3863        LDA 3,99
79EA  FC08        BTO 3,3
79EB  3821        LDA 3,33
79EC  9FC8        POPJ
79ED  C7F8 7FFF   ANDI 7FFF,0
79EF  8A00        MOV 0,1
79F0  C7F8 01FF   ANDI 01FF,0
79F2  AA90        MOVZR 1,1
79F3  AB48        HXR 1,1
79F4  B438 0110   ELDA 2,0110   ; [0110] = 296
79F6  3AFF        LDA 3,-1,2
79F7  BC1B        ADCZ# 1,3,SNC
79F8  0124        JMP 36,PC   ; -> 7A1C
79F9  B600        ADD 1,2
79FA  3200        LDA 2,0,2
79FB  3A01        LDA 3,1,2
79FC  DFF8 01FF   ANDI 01FF,3
79FE  9C1B        ADCZ# 0,3,SNC
79FF  011D        JMP 29,PC   ; -> 7A1C
7A00  1420        ISZ @32
7A01  3A00        LDA 3,0,2
7A02  DFF8 00FF   ANDI 00FF,3
7A04  F7F8 0005   ADDI 0005,2
7A06  8308        HXL 0,0
7A07  8250        MOVZL 0,0
7A08  8250        MOVZL 0,0
7A09  2A02        LDA 1,2,2
7A0A  CFF8 7FC0   ANDI 7FC0,1
7A0C  8D0D        SUB# 0,1,SNR
7A0D  010C        JMP 12,PC   ; -> 7A19
7A0E  F7F8 0003   ADDI 0003,2
7A10  F900        NEG 3,3
7A11  F804        COM 3,3,SZR
7A12  01F7        JMP -9,PC   ; -> 7A09
7A13  F7F8 FFFD   ADDI FFFD,2
7A15  3200        LDA 2,0,2
7A16  E438 0081   ELEF 0,0081   ; [0081] = 0
7A18  0102        JMP 2,PC   ; -> 7A1A
7A19  1420        ISZ @32
7A1A  3821        LDA 3,33
7A1B  9FC8        POPJ
7A1C  E438 0007   ELEF 0,0007   ; [0007] = 0
7A1E  01FC        JMP -4,PC   ; -> 7A1A
7A1F  85B8        ?ECL 85B8          <<< unknown extended
7A20  7FCD        LEF 3,@-51,3
7A21  9FC8        POPJ
7A22  9FC8        POPJ
7A23  2A02        LDA 1,2,2
7A24  FC38 003F   ELEF 3,003F   ; [003F] = 28858
7A26  BF05        AND 1,3,SNR
7A27  010E        JMP 14,PC   ; -> 7A35
7A28  1A02        DSZ 2,2
7A29  0101        JMP 1,PC   ; -> 7A2A
7A2A  F900        NEG 3,3
7A2B  F804        COM 3,3,SZR
7A2C  0106        JMP 6,PC   ; -> 7A32
7A2D  2200        LDA 0,0,2
7A2E  D648        PSH 2,2
7A2F  85B8        ?ECL 85B8          <<< unknown extended
7A30  0187        JMP -121,PC   ; -> 79B7
7A31  D688        POP 2,2
7A32  1420        ISZ @32
7A33  3821        LDA 3,33
7A34  9FC8        POPJ
7A35  E438 0081   ELEF 0,0081   ; [0081] = 0
7A37  01FC        JMP -4,PC   ; -> 7A33
7A38  FB00        INC 3,3
7A39  E7C8 0003   SAVE 3             ; frame
7A3B  3863        LDA 3,99
7A3C  FC08        BTO 3,3
7A3D  3821        LDA 3,33
7A3E  D530        SUBC 2,2
7A3F  5302        STA 2,2,3
7A40  33FE        LDA 2,-2,3
7A41  D00C        COM# 2,2,SZR
7A42  D500        SUB 2,2
7A43  5301        STA 2,1,3
7A44  9A00        MOV 0,3
7A45  3B00        LDA 3,0,3
7A46  FA0C        MOV# 3,3,SZR
7A47  0113        JMP 19,PC   ; -> 7A5A
7A48  AA0D        MOV# 1,1,SNR
7A49  0115        JMP 21,PC   ; -> 7A5E
7A4A  85B8        ?ECL 85B8          <<< unknown extended
7A4B  0031        JMP 49
7A4C  0102        JMP 2,PC   ; -> 7A4E
7A4D  0C62        JSR @98
7A4E  9A00        MOV 0,3
7A4F  4B00        STA 1,0,3
7A50  3821        LDA 3,33
7A51  1302        ISZ 2,3
7A52  0C62        JSR @98
7A53  B438 010C   ELDA 2,010C   ; [010C] = 275
7A55  EC38 0011   ELEF 1,0011   ; [0011] = 0
7A57  CC08        BTO 2,1
7A58  420F        STA 0,15,2
7A59  0C62        JSR @98
7A5A  E438 000A   ELEF 0,000A   ; [000A] = 0
7A5C  0501        JMP @1,PC   ; -> 7A5D
7A5D  7C0B        LEF 3,@11
7A5E  E438 0050   ELEF 0,0050   ; [0050] = 30396
7A60  01FC        JMP -4,PC   ; -> 7A5C
7A61  FB00        INC 3,3
7A62  E7C8 0003   SAVE 3             ; frame
7A64  3863        LDA 3,99
7A65  FC08        BTO 3,3
7A66  3821        LDA 3,33
7A67  D400        ADC 2,2
7A68  01D7        JMP -41,PC   ; -> 7A3F
7A69  FB00        INC 3,3
7A6A  E7C8 0003   SAVE 3             ; frame
7A6C  3863        LDA 3,99
7A6D  FC08        BTO 3,3
7A6E  3821        LDA 3,33
7A6F  9A00        MOV 0,3
7A70  2B00        LDA 1,0,3
7A71  AA0D        MOV# 1,1,SNR
7A72  01E1        JMP -31,PC   ; -> 7A53
7A73  D500        SUB 2,2
7A74  5300        STA 2,0,3
7A75  3821        LDA 3,33
7A76  4BFD        STA 1,-3,3
7A77  5301        STA 2,1,3
7A78  85B8        ?ECL 85B8          <<< unknown extended
7A79  0003        JMP 3
7A7A  0101        JMP 1,PC   ; -> 7A7B
7A7B  0C62        JSR @98
7A7C  B438 010D   ELDA 2,010D   ; [010D] = 275
7A7E  3821        LDA 3,33
7A7F  4B03        STA 1,3,3
7A80  3A0F        LDA 3,15,2
7A81  9D0D        SUB# 0,3,SNR
7A82  0109        JMP 9,PC   ; -> 7A8B
7A83  3200        LDA 2,0,2
7A84  D00C        COM# 2,2,SZR
7A85  01FB        JMP -5,PC   ; -> 7A80
7A86  3821        LDA 3,33
7A87  2B03        LDA 1,3,3
7A88  1B01        DSZ 1,3
7A89  010E        JMP 14,PC   ; -> 7A97
7A8A  010C        JMP 12,PC   ; -> 7A96
7A8B  3821        LDA 3,33
7A8C  EC38 0011   ELEF 1,0011   ; [0011] = 0
7A8E  CDF8        SNB 2,1
7A8F  01F4        JMP -12,PC   ; -> 7A83
7A90  CC48        BTZ 2,1
7A91  2B03        LDA 1,3,3
7A92  4A07        STA 1,7,2
7A93  2B01        LDA 1,1,3
7A94  AA0C        MOV# 1,1,SZR
7A95  0104        JMP 4,PC   ; -> 7A99
7A96  1420        ISZ @32
7A97  3821        LDA 3,33
7A98  9FC8        POPJ
7A99  AD50        SUBZL 1,1
7A9A  4B01        STA 1,1,3
7A9B  01E8        JMP -24,PC   ; -> 7A83
7A9C  E200        MOV 3,0
7A9D  3821        LDA 3,33
7A9E  53FE        STA 2,-2,3
7A9F  2B00        LDA 1,0,3
7AA0  CFF8 7FFF   ANDI 7FFF,1
7AA2  ACF8        CLM 1,1
7AA3  7AB4        LEF 3,-76,2
7AA4  7B36        LEF 3,54,3
7AA5  0109        JMP 9,PC   ; -> 7AAE
7AA6  AE80        ADDR 1,1
7AA7  4B00        STA 1,0,3
7AA8  43FC        STA 0,-4,3
7AA9  33FF        LDA 2,-1,3
7AAA  2202        LDA 0,2,2
7AAB  86A0        ADDOR 0,0
7AAC  4202        STA 0,2,2
7AAD  AFC8        RTN
7AAE  8680        ADDR 0,0
7AAF  4300        STA 0,0,3
7AB0  8500        SUB 0,0
7AB1  43FC        STA 0,-4,3
7AB2  4BFD        STA 1,-3,3
7AB3  AFC8        RTN
7AB4  FE48        PSH 3,3
7AB5  0922        JSR 34,PC   ; -> 7AD7
7AB6  FE88        POP 3,3
7AB7  FA4A        MOVL# 3,3,SZC
7AB8  1820        DSZ 32
7AB9  0B00        JSR 0,3
7ABA  0102        JMP 2,PC   ; -> 7ABC
7ABB  1302        ISZ 2,3
7ABC  0902        JSR 2,PC   ; -> 7ABE
7ABD  0702        JMP @2,3
7ABE  E7C8 0000   SAVE 0             ; frame
7AC0  3863        LDA 3,99
7AC1  FC08        BTO 3,3
7AC2  3821        LDA 3,33
7AC3  1D73        DSZ @115,PC   ; -> 7B36
7AC4  0101        JMP 1,PC   ; -> 7AC5
7AC5  85B8        ?ECL 85B8          <<< unknown extended
7AC6  00BB        JMP 187
7AC7  33FF        LDA 2,-1,3
7AC8  2201        LDA 0,1,2
7AC9  3D6C        LDA 3,@108,PC   ; -> 7B35
7ACA  430E        STA 0,14,3
7ACB  2A02        LDA 1,2,2
7ACC  AA4B        MOVL# 1,1,SNC
7ACD  0C62        JSR @98
7ACE  3821        LDA 3,33
7ACF  AEA0        ADDOR 1,1
7AD0  4BFD        STA 1,-3,3
7AD1  2BFC        LDA 1,-4,3
7AD2  4A02        STA 1,2,2
7AD3  8D38 0064   EJSR 0064,PC   ; -> 7B38
7AD5  43FC        STA 0,-4,3
7AD6  0C62        JSR @98
7AD7  E7C8 0007   SAVE 7             ; frame
7AD9  3863        LDA 3,99
7ADA  FC08        BTO 3,3
7ADB  3821        LDA 3,33
7ADC  155A        ISZ @90,PC   ; -> 7B36
7ADD  3558        LDA 2,@88,PC   ; -> 7B35
7ADE  2A0E        LDA 1,14,2
7ADF  33FB        LDA 2,-5,3
7AE0  C300        INC 2,0
7AE1  012C        JMP 44,PC   ; -> 7B0D
7AE2  FE48        PSH 3,3
7AE3  091F        JSR 31,PC   ; -> 7B02
7AE4  FE88        POP 3,3
7AE5  FA4A        MOVL# 3,3,SZC
7AE6  1820        DSZ 32
7AE7  0B00        JSR 0,3
7AE8  0102        JMP 2,PC   ; -> 7AEA
7AE9  1302        ISZ 2,3
7AEA  0902        JSR 2,PC   ; -> 7AEC
7AEB  0702        JMP @2,3
7AEC  E7C8 0007   SAVE 7             ; frame
7AEE  3863        LDA 3,99
7AEF  FC08        BTO 3,3
7AF0  3821        LDA 3,33
7AF1  85B8        ?ECL 85B8          <<< unknown extended
7AF2  008F        JMP 143
7AF3  33FF        LDA 2,-1,3
7AF4  3201        LDA 2,1,2
7AF5  85B8        ?ECL 85B8          <<< unknown extended
7AF6  0064        JMP 100
7AF7  33FF        LDA 2,-1,3
7AF8  2A02        LDA 1,2,2
7AF9  8E00        ADD 0,1
7AFA  AA4B        MOVL# 1,1,SNC
7AFB  0105        JMP 5,PC   ; -> 7B00
7AFC  AEA0        ADDOR 1,1
7AFD  4BFD        STA 1,-3,3
7AFE  2BFC        LDA 1,-4,3
7AFF  43FC        STA 0,-4,3
7B00  4A02        STA 1,2,2
7B01  0C62        JSR @98
7B02  E7C8 0007   SAVE 7             ; frame
7B04  3863        LDA 3,99
7B05  FC08        BTO 3,3
7B06  3821        LDA 3,33
7B07  85B8        ?ECL 85B8          <<< unknown extended
7B08  0079        JMP 121
7B09  CA00        MOV 2,1
7B0A  33FB        LDA 2,-5,3
7B0B  C400        ADC 2,0
7B0C  8100        NEG 0,0
7B0D  3200        LDA 2,0,2
7B0E  3BFF        LDA 3,-1,3
7B0F  4B01        STA 1,1,3
7B10  4302        STA 0,2,3
7B11  D20D        MOV# 2,2,SNR
7B12  0105        JMP 5,PC   ; -> 7B17
7B13  85B8        ?ECL 85B8          <<< unknown extended
7B14  0046        JMP 70
7B15  4BFB        STA 1,-5,3
7B16  0C62        JSR @98
7B17  3021        LDA 2,33
7B18  32FA        LDA 2,-6,2
7B19  85B8        ?ECL 85B8          <<< unknown extended
7B1A  0040        JMP 64
7B1B  AEA0        ADDOR 1,1
7B1C  01F9        JMP -7,PC   ; -> 7B15
7B1D  FE48        PSH 3,3
7B1E  090C        JSR 12,PC   ; -> 7B2A
7B1F  4BFD        STA 1,-3,3
7B20  AE88        POP 1,1
7B21  4BFC        STA 1,-4,3
7B22  2BFF        LDA 1,-1,3
7B23  4821        STA 1,33
7B24  2B00        LDA 1,0,3
7B25  D848        SBI 2,3
7B26  5820        STA 3,32
7B27  BA00        MOV 1,3
7B28  AE88        POP 1,1
7B29  9FC8        POPJ
7B2A  E7C8 0007   SAVE 7             ; frame
7B2C  3863        LDA 3,99
7B2D  FC08        BTO 3,3
7B2E  3821        LDA 3,33
7B2F  85B8        ?ECL 85B8          <<< unknown extended
7B30  0051        JMP 81
7B31  37FB        LDA 2,@-5,3
7B32  D20D        MOV# 2,2,SNR
7B33  33FA        LDA 2,-6,3
7B34  01DF        JMP -33,PC   ; -> 7B13
7B35  010C        JMP 12,PC   ; -> 7B41
7B36  03BE        JMP -66,3
7B37  010C        JMP 12,PC   ; -> 7B43
7B38  E7C8 0000   SAVE 0             ; frame
7B3A  35FD        LDA 2,@-3,PC   ; -> 7B37
7B3B  320E        LDA 2,14,2
7B3C  C205        MOV 2,0,SNR
7B3D  0106        JMP 6,PC   ; -> 7B43
7B3E  D4F8        CLM 2,2
7B3F  0199        JMP -103,PC   ; -> 7AD8
7B40  7FFF        LEF 3,@-1,3
7B41  0104        JMP 4,PC   ; -> 7B45
7B42  8500        SUB 0,0
7B43  43FC        STA 0,-4,3
7B44  AFC8        RTN
7B45  D24A        MOVL# 2,2,SZC
7B46  0108        JMP 8,PC   ; -> 7B4E
7B47  2200        LDA 0,0,2
7B48  85B8        ?ECL 85B8          <<< unknown extended
7B49  7EA4        LEF 3,@-92,2
7B4A  0109        JMP 9,PC   ; -> 7B53
7B4B  0108        JMP 8,PC   ; -> 7B53
7B4C  2201        LDA 0,1,2
7B4D  01F6        JMP -10,PC   ; -> 7B43
7B4E  3200        LDA 2,0,2
7B4F  2200        LDA 0,0,2
7B50  8650        ADDZL 0,0
7B51  82C0        MOVS 0,0
7B52  01F1        JMP -15,PC   ; -> 7B43
7B53  35E4        LDA 2,@-28,PC   ; -> 7B37
7B54  2A0E        LDA 1,14,2
7B55  85B8        ?ECL 85B8          <<< unknown extended
7B56  0095        JMP 149
7B57  85B8        ?ECL 85B8          <<< unknown extended
7B58  008C        JMP 140
7B59  0142        JMP 66,PC   ; -> 7B9B
7B5A  BC38 010C   ELDA 3,010C   ; [010C] = 275
7B5C  530E        STA 2,14,3
7B5D  D24B        MOVL# 2,2,SNC
7B5E  0109        JMP 9,PC   ; -> 7B67
7B5F  D64A        ADDL# 2,2,SZC
7B60  01F7        JMP -9,PC   ; -> 7B57
7B61  85B8        ?ECL 85B8          <<< unknown extended
7B62  0082        JMP 130
7B63  0138        JMP 56,PC   ; -> 7B9B
7B64  2A01        LDA 1,1,2
7B65  8E00        ADD 0,1
7B66  9FC8        POPJ
7B67  CA05        MOV 2,1,SNR
7B68  0110        JMP 16,PC   ; -> 7B78
7B69  D4F8        CLM 2,2
7B6A  0199        JMP -103,PC   ; -> 7B03
7B6B  7FFF        LEF 3,@-1,3
7B6C  0102        JMP 2,PC   ; -> 7B6E
7B6D  0123        JMP 35,PC   ; -> 7B90
7B6E  D648        PSH 2,2
7B6F  2200        LDA 0,0,2
7B70  85B8        ?ECL 85B8          <<< unknown extended
7B71  7DCC        LEF 3,@-52,PC   ; -> 7B3D
7B72  0129        JMP 41,PC   ; -> 7B9B
7B73  2201        LDA 0,1,2
7B74  D688        POP 2,2
7B75  2A01        LDA 1,1,2
7B76  8E00        ADD 0,1
7B77  9FC8        POPJ
7B78  BD38 0845   ELDA 3,0845,PC   ; -> 03BE
7B7A  FA0D        MOV# 3,3,SNR
7B7B  0115        JMP 21,PC   ; -> 7B90
7B7C  85B8        ?ECL 85B8          <<< unknown extended
7B7D  004B        JMP 75
7B7E  AD00        SUB 1,1
7B7F  D500        SUB 2,2
7B80  0110        JMP 16,PC   ; -> 7B90
7B81  BC38 010C   ELDA 3,010C   ; [010C] = 275
7B83  330E        LDA 2,14,3
7B84  D24B        MOVL# 2,2,SNC
7B85  0105        JMP 5,PC   ; -> 7B8A
7B86  85B8        ?ECL 85B8          <<< unknown extended
7B87  005D        JMP 93
7B88  0113        JMP 19,PC   ; -> 7B9B
7B89  9FC8        POPJ
7B8A  D20D        MOV# 2,2,SNR
7B8B  0105        JMP 5,PC   ; -> 7B90
7B8C  D4F8        CLM 2,2
7B8D  0199        JMP -103,PC   ; -> 7B26
7B8E  7FFF        LEF 3,@-1,3
7B8F  0104        JMP 4,PC   ; -> 7B93
7B90  8500        SUB 0,0
7B91  3821        LDA 3,33
7B92  9FC8        POPJ
7B93  D648        PSH 2,2
7B94  2200        LDA 0,0,2
7B95  85B8        ?ECL 85B8          <<< unknown extended
7B96  7E89        LEF 3,@-119,2
7B97  0104        JMP 4,PC   ; -> 7B9B
7B98  2201        LDA 0,1,2
7B99  D688        POP 2,2
7B9A  9FC8        POPJ
7B9B  B438 010C   ELDA 2,010C   ; [010C] = 275
7B9D  2A0E        LDA 1,14,2
7B9E  E438 00AB   ELEF 0,00AB   ; [00AB] = 0
7BA0  85B8        ?ECL 85B8          <<< unknown extended
7BA1  004A        JMP 74
7BA2  B438 010C   ELDA 2,010C   ; [010C] = 275
7BA4  EC38 0011   ELEF 1,0011   ; [0011] = 0
7BA6  420F        STA 0,15,2
7BA7  CC08        BTO 2,1
7BA8  B538 0815   ELDA 2,0815,PC   ; -> 03BE
7BAA  D20C        MOV# 2,2,SZR
7BAB  824B        MOVL# 0,0,SNC
7BAC  0103        JMP 3,PC   ; -> 7BAF
7BAD  85B8        ?ECL 85B8          <<< unknown extended
7BAE  001A        JMP 26
7BAF  0905        JSR 5,PC   ; -> 7BB4
7BB0  3863        LDA 3,99
7BB1  FC08        BTO 3,3
7BB2  3821        LDA 3,33
7BB3  9FC8        POPJ
7BB4  E7C8 0000   SAVE 0             ; frame
7BB6  0C62        JSR @98
7BB7  F438 010D   ELEF 2,010D   ; [010D] = 275
7BB9  EC38 0011   ELEF 1,0011   ; [0011] = 0
7BBB  3200        LDA 2,0,2
7BBC  D00D        COM# 2,2,SNR
7BBD  0109        JMP 9,PC   ; -> 7BC6
7BBE  CDF8        SNB 2,1
7BBF  01FC        JMP -4,PC   ; -> 7BBB
7BC0  3A0F        LDA 3,15,2
7BC1  9D64        SUBOL 0,3,SZR
7BC2  01F9        JMP -7,PC   ; -> 7BBB
7BC3  5A0F        STA 3,15,2
7BC4  CC48        BTZ 2,1
7BC5  01F6        JMP -10,PC   ; -> 7BBB
7BC6  3821        LDA 3,33
7BC7  9FC8        POPJ
7BC8  B538 07F7   ELDA 2,07F7,PC   ; -> 03C0
7BCA  D20C        MOV# 2,2,SZR
7BCB  9FC8        POPJ
7BCC  EC38 0011   ELEF 1,0011   ; [0011] = 0
7BCE  F438 010D   ELEF 2,010D   ; [010D] = 275
7BD0  3200        LDA 2,0,2
7BD1  D00D        COM# 2,2,SNR
7BD2  010A        JMP 10,PC   ; -> 7BDC
7BD3  3A0E        LDA 3,14,2
7BD4  FA0D        MOV# 3,3,SNR
7BD5  01FB        JMP -5,PC   ; -> 7BD0
7BD6  CDF8        SNB 2,1
7BD7  9FC8        POPJ
7BD8  3A0F        LDA 3,15,2
7BD9  FA4A        MOVL# 3,3,SZC
7BDA  01F6        JMP -10,PC   ; -> 7BD0
7BDB  9FC8        POPJ
7BDC  B438 010C   ELDA 2,010C   ; [010C] = 275
7BDE  CC48        BTZ 2,1
7BDF  2A0E        LDA 1,14,2
7BE0  E438 0082   ELEF 0,0082   ; [0082] = 0
7BE2  85B8        ?ECL 85B8          <<< unknown extended
7BE3  0008        JMP 8
7BE4  E438 0098   ELEF 0,0098   ; [0098] = 0
7BE6  B438 010C   ELDA 2,010C   ; [010C] = 275
7BE8  2A0E        LDA 1,14,2
7BE9  85B8        ?ECL 85B8          <<< unknown extended
7BEA  0001        JMP 1
7BEB  EC38 F7E6   ELEF 1,F7E6   ; = 63462
7BED  311D        LDA 2,29,PC   ; -> 7C0A
7BEE  3863        LDA 3,99
7BEF  FC48        BTZ 3,3
7BF0  0C0F        JSR @15
7BF1  800A        COM# 0,0,SZC
7BF2  0100        JMP 0,PC   ; -> 7BF2
7BF3  0A0A        JSR 10,2
7BF4  0A46        JSR 70,2
7BF5  4154        STA 0,84,PC   ; -> 7C49
7BF6  414C        STA 0,76,PC   ; -> 7C42
7BF7  2052        LDA 0,82
7BF8  554E        STA 2,@78,PC   ; -> 7C46
7BF9  5449        STA 2,@73
7BFA  4D45        STA 1,@69,PC   ; -> 7C3F
7BFB  2045        LDA 0,69
7BFC  5252        STA 2,82,2
7BFD  4F52        STA 1,@82,3
7BFE  2054        LDA 0,84
7BFF  4552        STA 0,@82,PC   ; -> 7C51
7C00  4D49        STA 1,@73,PC   ; -> 7C49
7C01  4E41        STA 1,@65,2
7C02  5449        STA 2,@73
7C03  4F4E        STA 1,@78,3
7C04  2054        LDA 0,84
7C05  4852        STA 1,82
7C06  5520        STA 2,@32,PC   ; -> 7C26
7C07  3F42        LDA 3,@66,3
7C08  4F4D        STA 1,@77,3
7C09  4200        STA 0,0,2
7C0A  D02E        COMO# 2,2,SEZ
7C0B  3821        LDA 3,33
7C0C  43FC        STA 0,-4,3
7C0D  1B00        DSZ 0,3
7C0E  0C62        JSR @98
7C0F  0300        JMP 0,3
7C10  0301        JMP 1,3
7C11  C7F8 7FFF   ANDI 7FFF,0
7C13  8A00        MOV 0,1
7C14  C7F8 01FF   ANDI 01FF,0
7C16  AA90        MOVZR 1,1
7C17  AB48        HXR 1,1
7C18  B438 0110   ELDA 2,0110   ; [0110] = 296
7C1A  3AFF        LDA 3,-1,2
7C1B  BC1B        ADCZ# 1,3,SNC
7C1C  0124        JMP 36,PC   ; -> 7C40
7C1D  B600        ADD 1,2
7C1E  3200        LDA 2,0,2
7C1F  3A01        LDA 3,1,2
7C20  DFF8 01FF   ANDI 01FF,3
7C22  9C1B        ADCZ# 0,3,SNC
7C23  011D        JMP 29,PC   ; -> 7C40
7C24  1420        ISZ @32
7C25  3A00        LDA 3,0,2
7C26  DFF8 00FF   ANDI 00FF,3
7C28  F7F8 0005   ADDI 0005,2
7C2A  8308        HXL 0,0
7C2B  8250        MOVZL 0,0
7C2C  8250        MOVZL 0,0
7C2D  2A02        LDA 1,2,2
7C2E  CFF8 7FC0   ANDI 7FC0,1
7C30  8D0D        SUB# 0,1,SNR
7C31  010C        JMP 12,PC   ; -> 7C3D
7C32  F7F8 0003   ADDI 0003,2
7C34  F900        NEG 3,3
7C35  F804        COM 3,3,SZR
7C36  01F7        JMP -9,PC   ; -> 7C2D
7C37  F7F8 FFFD   ADDI FFFD,2
7C39  3200        LDA 2,0,2
7C3A  E438 0081   ELEF 0,0081   ; [0081] = 0
7C3C  0102        JMP 2,PC   ; -> 7C3E
7C3D  1420        ISZ @32
7C3E  3821        LDA 3,33
7C3F  9FC8        POPJ
7C40  E438 0007   ELEF 0,0007   ; [0007] = 0
7C42  01FC        JMP -4,PC   ; -> 7C3E
7C43  8D38 7FA0   EJSR 7FA0,PC   ; -> 7BE4
7C45  BC38 010C   ELDA 3,010C   ; [010C] = 275
7C47  0106        JMP 6,PC   ; -> 7C4D
7C48  BC38 010C   ELDA 3,010C   ; [010C] = 275
7C4A  2301        LDA 0,1,3
7C4B  820D        MOV# 0,0,SNR
7C4C  0130        JMP 48,PC   ; -> 7C7C
7C4D  330D        LDA 2,13,3
7C4E  D20D        MOV# 2,2,SNR
7C4F  010A        JMP 10,PC   ; -> 7C59
7C50  2022        LDA 0,34
7C51  AC90        ADCZR 1,1
7C52  4822        STA 1,34
7C53  2820        LDA 1,32
7C54  9048        SBI 0,2
7C55  5020        STA 2,32
7C56  E6E8        ?ECL E6E8          <<< unknown extended
7C57  4820        STA 1,32
7C58  4022        STA 0,34
7C59  3B0C        LDA 3,12,3
7C5A  FA0D        MOV# 3,3,SNR
7C5B  0106        JMP 6,PC   ; -> 7C61
7C5C  AC38 0100   ELDA 1,0100   ; [0100] = 2
7C5E  B438 0101   ELDA 2,0101   ; [0101] = 96
7C60  B7C8        BLM
7C61  BC38 010C   ELDA 3,010C   ; [010C] = 275
7C63  1001        ISZ 1
7C64  2021        LDA 0,33
7C65  4020        STA 0,32
7C66  A688        POP 1,0
7C67  4B0A        STA 1,10,3
7C68  4303        STA 0,3,3
7C69  4309        STA 0,9,3
7C6A  C688        POP 2,0
7C6B  5308        STA 2,8,3
7C6C  4B07        STA 1,7,3
7C6D  4306        STA 0,6,3
7C6E  2020        LDA 0,32
7C6F  4302        STA 0,2,3
7C70  2022        LDA 0,34
7C71  4304        STA 0,4,3
7C72  2023        LDA 0,35
7C73  4305        STA 0,5,3
7C74  200E        LDA 0,14
7C75  430B        STA 0,11,3
7C76  1001        ISZ 1
7C77  2063        LDA 0,99
7C78  8448        BTZ 0,0
7C79  E438 0003   ELEF 0,0003   ; [0003] = 0
7C7B  8748        ?ECL 8748          <<< unknown extended
7C7C  8500        SUB 0,0
7C7D  4001        STA 0,1
7C7E  2063        LDA 0,99
7C7F  8448        BTZ 0,0
7C80  AFC8        RTN
7C81  FE80        ADDR 3,3
7C82  FE48        PSH 3,3
7C83  1001        ISZ 1
7C84  BC38 010C   ELDA 3,010C   ; [010C] = 275
7C86  4306        STA 0,6,3
7C87  4B07        STA 1,7,3
7C88  5308        STA 2,8,3
7C89  D688        POP 2,2
7C8A  2821        LDA 1,33
7C8B  4B09        STA 1,9,3
7C8C  4B03        STA 1,3,3
7C8D  2820        LDA 1,32
7C8E  4B02        STA 1,2,3
7C8F  2822        LDA 1,34
7C90  4B04        STA 1,4,3
7C91  2823        LDA 1,35
7C92  4B05        STA 1,5,3
7C93  280E        LDA 1,14
7C94  4B0B        STA 1,11,3
7C95  2A00        LDA 1,0,2
7C96  4B0F        STA 1,15,3
7C97  B008        ADI 1,2
7C98  530A        STA 2,10,3
7C99  AA4B        MOVL# 1,1,SNC
7C9A  0111        JMP 17,PC   ; -> 7CAB
7C9B  F438 0100   ELEF 2,0100   ; [0100] = 2
7C9D  E438 0000   ELEF 0,0000   ; [0000] = 1
7C9F  EC38 0070   ELEF 1,0070   ; [0070] = 0
7CA1  CC88        SZB 2,1
7CA2  AF48        ?ECL AF48          <<< unknown extended
7CA3  EC38 0071   ELEF 1,0071   ; [0071] = 0
7CA5  CCC8        SZBO 2,1
7CA6  010A        JMP 10,PC   ; -> 7CB0
7CA7  2B0F        LDA 1,15,3
7CA8  4B13        STA 1,19,3
7CA9  290E        LDA 1,14,PC   ; -> 7CB7
7CAA  4B0F        STA 1,15,3
7CAB  2301        LDA 0,1,3
7CAC  86A0        ADDOR 0,0
7CAD  4301        STA 0,1,3
7CAE  E200        MOV 3,0
7CAF  8748        ?ECL 8748          <<< unknown extended
7CB0  E438 0015   ELEF 0,0015   ; [0015] = 0
7CB2  E408        BTO 3,0
7CB3  E438 0003   ELEF 0,0003   ; [0003] = 0
7CB5  8748        ?ECL 8748          <<< unknown extended
7CB6  0100        JMP 0,PC   ; -> 7CB6
7CB7  0032        JMP 50
7CB8  E438 0012   ELEF 0,0012   ; [0012] = 0
7CBA  AD00        SUB 1,1
7CBB  3104        LDA 2,4,PC   ; -> 7CBF
7CBC  0C0F        JSR @15
7CBD  800A        COM# 0,0,SZC
7CBE  0100        JMP 0,PC   ; -> 7CBE
7CBF  F000        COM 3,2
7CC0  0000        JMP 0
7CC1  0000        JMP 0
7CC2  0000        JMP 0
7CC3  0000        JMP 0
7CC4  0000        JMP 0
7CC5  0000        JMP 0
7CC6  0000        JMP 0
7CC7  0000        JMP 0
7CC8  0000        JMP 0
7CC9  0000        JMP 0
7CCA  0000        JMP 0
7CCB  0000        JMP 0
7CCC  0000        JMP 0
7CCD  0000        JMP 0
7CCE  0000        JMP 0
7CCF  0000        JMP 0
7CD0  0000        JMP 0
7CD1  0000        JMP 0
7CD2  0000        JMP 0
7CD3  0000        JMP 0
7CD4  0000        JMP 0
7CD5  0000        JMP 0
7CD6  0000        JMP 0
7CD7  0000        JMP 0
7CD8  0000        JMP 0
7CD9  0000        JMP 0
7CDA  0000        JMP 0
7CDB  0000        JMP 0
7CDC  0000        JMP 0
7CDD  0000        JMP 0
7CDE  0000        JMP 0
7CDF  0000        JMP 0
7CE0  0000        JMP 0
7CE1  0000        JMP 0
7CE2  0000        JMP 0
7CE3  0000        JMP 0
7CE4  0000        JMP 0
7CE5  0000        JMP 0
7CE6  0000        JMP 0
7CE7  0000        JMP 0
7CE8  0000        JMP 0
7CE9  0000        JMP 0
7CEA  0000        JMP 0
7CEB  0000        JMP 0
7CEC  0000        JMP 0
7CED  0000        JMP 0
7CEE  0000        JMP 0
7CEF  0000        JMP 0
7CF0  0000        JMP 0
7CF1  0000        JMP 0
7CF2  0000        JMP 0
7CF3  0000        JMP 0
7CF4  0000        JMP 0
7CF5  0000        JMP 0
7CF6  0000        JMP 0
7CF7  0000        JMP 0
7CF8  0000        JMP 0
7CF9  0000        JMP 0
7CFA  0000        JMP 0
7CFB  0000        JMP 0
7CFC  0000        JMP 0
7CFD  0000        JMP 0
7CFE  0000        JMP 0
7CFF  0000        JMP 0
7D00  0000        JMP 0
7D01  0000        JMP 0
7D02  0000        JMP 0
7D03  0000        JMP 0
7D04  0000        JMP 0
7D05  0000        JMP 0
7D06  0000        JMP 0
7D07  0000        JMP 0
7D08  0000        JMP 0
7D09  0000        JMP 0
7D0A  0000        JMP 0
7D0B  0000        JMP 0
7D0C  0000        JMP 0
7D0D  0000        JMP 0
7D0E  0000        JMP 0
7D0F  0000        JMP 0
7D10  0000        JMP 0
7D11  0000        JMP 0
7D12  0000        JMP 0
7D13  0000        JMP 0
7D14  0000        JMP 0
7D15  0000        JMP 0
7D16  0000        JMP 0
7D17  0000        JMP 0
7D18  0000        JMP 0
7D19  0000        JMP 0
7D1A  0000        JMP 0
7D1B  0000        JMP 0
7D1C  0000        JMP 0
7D1D  0000        JMP 0
7D1E  0000        JMP 0
7D1F  0000        JMP 0
7D20  0000        JMP 0
7D21  0000        JMP 0
7D22  0000        JMP 0
7D23  0000        JMP 0
7D24  0000        JMP 0
7D25  0000        JMP 0
7D26  0000        JMP 0
7D27  0000        JMP 0
7D28  0000        JMP 0
7D29  0000        JMP 0
7D2A  0000        JMP 0
7D2B  0000        JMP 0
7D2C  0000        JMP 0
7D2D  0000        JMP 0
7D2E  0000        JMP 0
7D2F  0000        JMP 0
7D30  0000        JMP 0
7D31  0000        JMP 0
7D32  0000        JMP 0
7D33  0000        JMP 0
7D34  0000        JMP 0
7D35  0000        JMP 0
7D36  0000        JMP 0
7D37  0000        JMP 0
7D38  0000        JMP 0
7D39  0000        JMP 0
7D3A  0000        JMP 0
7D3B  0000        JMP 0
7D3C  0000        JMP 0
7D3D  0000        JMP 0
7D3E  0000        JMP 0
7D3F  0000        JMP 0
7D40  0000        JMP 0
7D41  0000        JMP 0
7D42  0000        JMP 0
7D43  0000        JMP 0
7D44  0000        JMP 0
7D45  0000        JMP 0
7D46  0000        JMP 0
7D47  0000        JMP 0
7D48  0000        JMP 0
7D49  0000        JMP 0
7D4A  0000        JMP 0
7D4B  0000        JMP 0
7D4C  0000        JMP 0
7D4D  0000        JMP 0
7D4E  0000        JMP 0
7D4F  0000        JMP 0
7D50  0000        JMP 0
7D51  0000        JMP 0
7D52  0000        JMP 0
7D53  0000        JMP 0
7D54  0000        JMP 0
7D55  0000        JMP 0
7D56  0000        JMP 0
7D57  0000        JMP 0
7D58  0000        JMP 0
7D59  0000        JMP 0
7D5A  0000        JMP 0
7D5B  0000        JMP 0
7D5C  0000        JMP 0
7D5D  0000        JMP 0
7D5E  0000        JMP 0
7D5F  0000        JMP 0
7D60  0000        JMP 0
7D61  0000        JMP 0
7D62  0000        JMP 0
7D63  0000        JMP 0
7D64  0000        JMP 0
7D65  0000        JMP 0
7D66  0000        JMP 0
7D67  0000        JMP 0
7D68  0000        JMP 0
7D69  0000        JMP 0
7D6A  0000        JMP 0
7D6B  0000        JMP 0
7D6C  0000        JMP 0
7D6D  0000        JMP 0
7D6E  0000        JMP 0
7D6F  0000        JMP 0
7D70  0000        JMP 0
7D71  0000        JMP 0
7D72  0000        JMP 0
7D73  0000        JMP 0
7D74  0000        JMP 0
7D75  0000        JMP 0
7D76  0000        JMP 0
7D77  0000        JMP 0
7D78  0000        JMP 0
7D79  0000        JMP 0
7D7A  0000        JMP 0
7D7B  0000        JMP 0
7D7C  0000        JMP 0
7D7D  0000        JMP 0
7D7E  0000        JMP 0
7D7F  0000        JMP 0
7D80  0000        JMP 0
7D81  0000        JMP 0
7D82  0000        JMP 0
7D83  0000        JMP 0
7D84  0000        JMP 0
7D85  0000        JMP 0
7D86  0000        JMP 0
7D87  0000        JMP 0
7D88  0000        JMP 0
7D89  0000        JMP 0
7D8A  0000        JMP 0
7D8B  0000        JMP 0
7D8C  0000        JMP 0
7D8D  0000        JMP 0
7D8E  0000        JMP 0
7D8F  0000        JMP 0
7D90  0000        JMP 0
7D91  0000        JMP 0
7D92  0000        JMP 0
7D93  0000        JMP 0
7D94  0000        JMP 0
7D95  0000        JMP 0
7D96  0000        JMP 0
7D97  0000        JMP 0
7D98  0000        JMP 0
7D99  0000        JMP 0
7D9A  0000        JMP 0
7D9B  0000        JMP 0
7D9C  0000        JMP 0
7D9D  0000        JMP 0
7D9E  0000        JMP 0
7D9F  0000        JMP 0
7DA0  0000        JMP 0
7DA1  0000        JMP 0
7DA2  0000        JMP 0
7DA3  0000        JMP 0
7DA4  0000        JMP 0
7DA5  0000        JMP 0
7DA6  0000        JMP 0
7DA7  0000        JMP 0
7DA8  0000        JMP 0
7DA9  0000        JMP 0
7DAA  0000        JMP 0
7DAB  0000        JMP 0
7DAC  0000        JMP 0
7DAD  0000        JMP 0
7DAE  0000        JMP 0
7DAF  0000        JMP 0
7DB0  0000        JMP 0
7DB1  0000        JMP 0
7DB2  0000        JMP 0
7DB3  0000        JMP 0
7DB4  0000        JMP 0
7DB5  0000        JMP 0
7DB6  0000        JMP 0
7DB7  0000        JMP 0
7DB8  0000        JMP 0
7DB9  0000        JMP 0
7DBA  0000        JMP 0
7DBB  0000        JMP 0
7DBC  0000        JMP 0
7DBD  0000        JMP 0
7DBE  0000        JMP 0
7DBF  0000        JMP 0
7DC0  0000        JMP 0
7DC1  0000        JMP 0
7DC2  0000        JMP 0
7DC3  0000        JMP 0
7DC4  0000        JMP 0
7DC5  0000        JMP 0
7DC6  0000        JMP 0
7DC7  0000        JMP 0
7DC8  0000        JMP 0
7DC9  0000        JMP 0
7DCA  0000        JMP 0
7DCB  0000        JMP 0
7DCC  0000        JMP 0
7DCD  0000        JMP 0
7DCE  0000        JMP 0
7DCF  0000        JMP 0
7DD0  0000        JMP 0
7DD1  0000        JMP 0
7DD2  0000        JMP 0
7DD3  0000        JMP 0
7DD4  0000        JMP 0
7DD5  0000        JMP 0
7DD6  0000        JMP 0
7DD7  0000        JMP 0
7DD8  0000        JMP 0
7DD9  0000        JMP 0
7DDA  0000        JMP 0
7DDB  0000        JMP 0
7DDC  0000        JMP 0
7DDD  0000        JMP 0
7DDE  0000        JMP 0
7DDF  0000        JMP 0
7DE0  0000        JMP 0
7DE1  0000        JMP 0
7DE2  0000        JMP 0
7DE3  0000        JMP 0
7DE4  0000        JMP 0
7DE5  0000        JMP 0
7DE6  0000        JMP 0
7DE7  0000        JMP 0
7DE8  0000        JMP 0
7DE9  0000        JMP 0
7DEA  0000        JMP 0
7DEB  0000        JMP 0
7DEC  0000        JMP 0
7DED  0000        JMP 0
7DEE  0000        JMP 0
7DEF  0000        JMP 0
7DF0  0000        JMP 0
7DF1  0000        JMP 0
7DF2  0000        JMP 0
7DF3  0000        JMP 0
7DF4  0000        JMP 0
7DF5  0000        JMP 0
7DF6  0000        JMP 0
7DF7  0000        JMP 0
7DF8  0000        JMP 0
7DF9  0000        JMP 0
7DFA  0000        JMP 0
7DFB  0000        JMP 0
7DFC  0000        JMP 0
7DFD  0000        JMP 0
7DFE  0000        JMP 0
7DFF  0000        JMP 0
7E00  0000        JMP 0
7E01  0000        JMP 0
7E02  0000        JMP 0
7E03  0000        JMP 0
7E04  0000        JMP 0
7E05  0000        JMP 0
7E06  0000        JMP 0
7E07  0000        JMP 0
7E08  0000        JMP 0
7E09  0000        JMP 0
7E0A  0000        JMP 0
7E0B  0000        JMP 0
7E0C  0000        JMP 0
7E0D  0000        JMP 0
7E0E  0000        JMP 0
7E0F  0000        JMP 0
7E10  0000        JMP 0
7E11  0000        JMP 0
7E12  0000        JMP 0
7E13  0000        JMP 0
7E14  0000        JMP 0
7E15  0000        JMP 0
7E16  0000        JMP 0
7E17  0000        JMP 0
7E18  0000        JMP 0
7E19  0000        JMP 0
7E1A  0000        JMP 0
7E1B  0000        JMP 0
7E1C  0000        JMP 0
7E1D  0000        JMP 0
7E1E  0000        JMP 0
7E1F  0000        JMP 0
7E20  0000        JMP 0
7E21  0000        JMP 0
7E22  0000        JMP 0
7E23  0000        JMP 0
7E24  0000        JMP 0
7E25  0000        JMP 0
7E26  0000        JMP 0
7E27  0000        JMP 0
7E28  0000        JMP 0
7E29  0000        JMP 0
7E2A  0000        JMP 0
7E2B  0000        JMP 0
7E2C  0000        JMP 0
7E2D  0000        JMP 0
7E2E  0000        JMP 0
7E2F  0000        JMP 0
7E30  0000        JMP 0
7E31  0000        JMP 0
7E32  0000        JMP 0
7E33  0000        JMP 0
7E34  0000        JMP 0
7E35  0000        JMP 0
7E36  0000        JMP 0
7E37  0000        JMP 0
7E38  0000        JMP 0
7E39  0000        JMP 0
7E3A  0000        JMP 0
7E3B  0000        JMP 0
7E3C  0000        JMP 0
7E3D  0000        JMP 0
7E3E  0000        JMP 0
7E3F  0000        JMP 0
7E40  0000        JMP 0
7E41  0000        JMP 0
7E42  0000        JMP 0
7E43  0000        JMP 0
7E44  0000        JMP 0
7E45  0000        JMP 0
7E46  0000        JMP 0
7E47  0000        JMP 0
7E48  0000        JMP 0
7E49  0000        JMP 0
7E4A  0000        JMP 0
7E4B  0000        JMP 0
7E4C  0000        JMP 0
7E4D  0000        JMP 0
7E4E  0000        JMP 0
7E4F  0000        JMP 0
7E50  0000        JMP 0
7E51  0000        JMP 0
7E52  0000        JMP 0
7E53  0000        JMP 0
7E54  0000        JMP 0
7E55  0000        JMP 0
7E56  0000        JMP 0
7E57  0000        JMP 0
7E58  0000        JMP 0
7E59  0000        JMP 0
7E5A  0000        JMP 0
7E5B  0000        JMP 0
7E5C  0000        JMP 0
7E5D  0000        JMP 0
7E5E  0000        JMP 0
7E5F  0000        JMP 0
7E60  0000        JMP 0
7E61  0000        JMP 0
7E62  0000        JMP 0
7E63  0000        JMP 0
7E64  0000        JMP 0
7E65  0000        JMP 0
7E66  0000        JMP 0
7E67  0000        JMP 0
7E68  0000        JMP 0
7E69  0000        JMP 0
7E6A  0000        JMP 0
7E6B  0000        JMP 0
7E6C  0000        JMP 0
7E6D  0000        JMP 0
7E6E  0000        JMP 0
7E6F  0000        JMP 0
7E70  0000        JMP 0
7E71  0000        JMP 0
7E72  0000        JMP 0
7E73  0000        JMP 0
7E74  0000        JMP 0
7E75  0000        JMP 0
7E76  0000        JMP 0
7E77  0000        JMP 0
7E78  0000        JMP 0
7E79  0000        JMP 0
7E7A  0000        JMP 0
7E7B  0000        JMP 0
7E7C  0000        JMP 0
7E7D  0000        JMP 0
7E7E  0000        JMP 0
7E7F  0000        JMP 0
7E80  0000        JMP 0
7E81  0000        JMP 0
7E82  0000        JMP 0
7E83  0000        JMP 0
7E84  0000        JMP 0
7E85  0000        JMP 0
7E86  0000        JMP 0
7E87  0000        JMP 0
7E88  0000        JMP 0
7E89  0000        JMP 0
7E8A  0000        JMP 0
7E8B  0000        JMP 0
7E8C  0000        JMP 0
7E8D  0000        JMP 0
7E8E  0000        JMP 0
7E8F  0000        JMP 0
7E90  0000        JMP 0
7E91  0000        JMP 0
7E92  0000        JMP 0
7E93  0000        JMP 0
7E94  0000        JMP 0
7E95  0000        JMP 0
7E96  0000        JMP 0
7E97  0000        JMP 0
7E98  0000        JMP 0
7E99  0000        JMP 0
7E9A  0000        JMP 0
7E9B  0000        JMP 0
7E9C  0000        JMP 0
7E9D  0000        JMP 0
7E9E  0000        JMP 0
7E9F  0000        JMP 0
7EA0  0000        JMP 0
7EA1  0000        JMP 0
7EA2  0000        JMP 0
7EA3  0000        JMP 0
7EA4  0000        JMP 0
7EA5  0000        JMP 0
7EA6  0000        JMP 0
7EA7  0000        JMP 0
7EA8  0000        JMP 0
7EA9  0000        JMP 0
7EAA  0000        JMP 0
7EAB  0000        JMP 0
7EAC  0000        JMP 0
7EAD  0000        JMP 0
7EAE  0000        JMP 0
7EAF  0000        JMP 0
7EB0  0000        JMP 0
7EB1  0000        JMP 0
7EB2  0000        JMP 0
7EB3  0000        JMP 0
7EB4  0000        JMP 0
7EB5  0000        JMP 0
7EB6  0000        JMP 0
7EB7  0000        JMP 0
7EB8  0000        JMP 0
7EB9  0000        JMP 0
7EBA  0000        JMP 0
7EBB  0000        JMP 0
7EBC  0000        JMP 0
7EBD  0000        JMP 0
7EBE  0000        JMP 0
7EBF  0000        JMP 0
7EC0  0000        JMP 0
7EC1  0000        JMP 0
7EC2  0000        JMP 0
7EC3  0000        JMP 0
7EC4  0000        JMP 0
7EC5  0000        JMP 0
7EC6  0000        JMP 0
7EC7  0000        JMP 0
7EC8  0000        JMP 0
7EC9  0000        JMP 0
7ECA  0000        JMP 0
7ECB  0000        JMP 0
7ECC  0000        JMP 0
7ECD  0000        JMP 0
7ECE  0000        JMP 0
7ECF  0000        JMP 0
7ED0  0000        JMP 0
7ED1  0000        JMP 0
7ED2  0000        JMP 0
7ED3  0000        JMP 0
7ED4  0000        JMP 0
7ED5  0000        JMP 0
7ED6  0000        JMP 0
7ED7  0000        JMP 0
7ED8  0000        JMP 0
7ED9  0000        JMP 0
7EDA  0000        JMP 0
7EDB  0000        JMP 0
7EDC  0000        JMP 0
7EDD  0000        JMP 0
7EDE  0000        JMP 0
7EDF  0000        JMP 0
7EE0  0000        JMP 0
7EE1  0000        JMP 0
7EE2  0000        JMP 0
7EE3  0000        JMP 0
7EE4  0000        JMP 0
7EE5  0000        JMP 0
7EE6  0000        JMP 0
7EE7  0000        JMP 0
7EE8  0000        JMP 0
7EE9  0000        JMP 0
7EEA  0000        JMP 0
7EEB  0000        JMP 0
7EEC  0000        JMP 0
7EED  0000        JMP 0
7EEE  0000        JMP 0
7EEF  0000        JMP 0
7EF0  0000        JMP 0
7EF1  0000        JMP 0
7EF2  0000        JMP 0
7EF3  0000        JMP 0
7EF4  0000        JMP 0
7EF5  0000        JMP 0
7EF6  0000        JMP 0
7EF7  0000        JMP 0
7EF8  0000        JMP 0
7EF9  0000        JMP 0
7EFA  0000        JMP 0
7EFB  0000        JMP 0
7EFC  0000        JMP 0
7EFD  0000        JMP 0
7EFE  0000        JMP 0
7EFF  0000        JMP 0
7F00  0000        JMP 0
7F01  0000        JMP 0
7F02  0000        JMP 0
7F03  0000        JMP 0
7F04  0000        JMP 0
7F05  0000        JMP 0
7F06  0000        JMP 0
7F07  0000        JMP 0
7F08  0000        JMP 0
7F09  0000        JMP 0
7F0A  0000        JMP 0
7F0B  0000        JMP 0
7F0C  0000        JMP 0
7F0D  0000        JMP 0
7F0E  0000        JMP 0
7F0F  0000        JMP 0
7F10  0000        JMP 0
7F11  0000        JMP 0
7F12  0000        JMP 0
7F13  0000        JMP 0
7F14  0000        JMP 0
7F15  0000        JMP 0
7F16  0000        JMP 0
7F17  0000        JMP 0
7F18  0000        JMP 0
7F19  0000        JMP 0
7F1A  0000        JMP 0
7F1B  0000        JMP 0
7F1C  0000        JMP 0
7F1D  0000        JMP 0
7F1E  0000        JMP 0
7F1F  0000        JMP 0
7F20  0000        JMP 0
7F21  0000        JMP 0
7F22  0000        JMP 0
7F23  0000        JMP 0
7F24  0000        JMP 0
7F25  0000        JMP 0
7F26  0000        JMP 0
7F27  0000        JMP 0
7F28  0000        JMP 0
7F29  0000        JMP 0
7F2A  0000        JMP 0
7F2B  0000        JMP 0
7F2C  0000        JMP 0
7F2D  0000        JMP 0
7F2E  0000        JMP 0
7F2F  0000        JMP 0
7F30  0000        JMP 0
7F31  0000        JMP 0
7F32  0000        JMP 0
7F33  0000        JMP 0
7F34  0000        JMP 0
7F35  0000        JMP 0
7F36  0000        JMP 0
7F37  0000        JMP 0
7F38  0000        JMP 0
7F39  0000        JMP 0
7F3A  0000        JMP 0
7F3B  0000        JMP 0
7F3C  0000        JMP 0
7F3D  0000        JMP 0
7F3E  0000        JMP 0
7F3F  0000        JMP 0
7F40  0000        JMP 0
7F41  0000        JMP 0
7F42  0000        JMP 0
7F43  0000        JMP 0
7F44  0000        JMP 0
7F45  0000        JMP 0
7F46  0000        JMP 0
7F47  0000        JMP 0
7F48  0000        JMP 0
7F49  0000        JMP 0
7F4A  0000        JMP 0
7F4B  0000        JMP 0
7F4C  0000        JMP 0
7F4D  0000        JMP 0
7F4E  0000        JMP 0
7F4F  0000        JMP 0
7F50  0000        JMP 0
7F51  0000        JMP 0
7F52  0000        JMP 0
7F53  0000        JMP 0
7F54  0000        JMP 0
7F55  0000        JMP 0
7F56  0000        JMP 0
7F57  0000        JMP 0
7F58  0000        JMP 0
7F59  0000        JMP 0
7F5A  0000        JMP 0
7F5B  0000        JMP 0
7F5C  0000        JMP 0
7F5D  0000        JMP 0
7F5E  0000        JMP 0
7F5F  0000        JMP 0
7F60  0000        JMP 0
7F61  0000        JMP 0
7F62  0000        JMP 0
7F63  0000        JMP 0
7F64  0000        JMP 0
7F65  0000        JMP 0
7F66  0000        JMP 0
7F67  0000        JMP 0
7F68  0000        JMP 0
7F69  0000        JMP 0
7F6A  0000        JMP 0
7F6B  0000        JMP 0
7F6C  0000        JMP 0
7F6D  0000        JMP 0
7F6E  0000        JMP 0
7F6F  0000        JMP 0
7F70  0000        JMP 0
7F71  0000        JMP 0
7F72  0000        JMP 0
7F73  0000        JMP 0
7F74  0000        JMP 0
7F75  0000        JMP 0
7F76  0000        JMP 0
7F77  0000        JMP 0
7F78  0000        JMP 0
7F79  0000        JMP 0
7F7A  0000        JMP 0
7F7B  0000        JMP 0
7F7C  0000        JMP 0
7F7D  0000        JMP 0
7F7E  0000        JMP 0
7F7F  0000        JMP 0
7F80  0000        JMP 0
7F81  0000        JMP 0
7F82  0000        JMP 0
7F83  0000        JMP 0
7F84  0000        JMP 0
7F85  0000        JMP 0
7F86  0000        JMP 0
7F87  0000        JMP 0
7F88  0000        JMP 0
7F89  0000        JMP 0
7F8A  0000        JMP 0
7F8B  0000        JMP 0
7F8C  0000        JMP 0
7F8D  0000        JMP 0
7F8E  0000        JMP 0
7F8F  0000        JMP 0
7F90  0000        JMP 0
7F91  0000        JMP 0
7F92  0000        JMP 0
7F93  0000        JMP 0
7F94  0000        JMP 0
7F95  0000        JMP 0
7F96  0000        JMP 0
7F97  0000        JMP 0
7F98  0000        JMP 0
7F99  0000        JMP 0
7F9A  0000        JMP 0
7F9B  0000        JMP 0
7F9C  0000        JMP 0
7F9D  0000        JMP 0
7F9E  0000        JMP 0
7F9F  0000        JMP 0
7FA0  0000        JMP 0
7FA1  0000        JMP 0
7FA2  0000        JMP 0
7FA3  0000        JMP 0
7FA4  0000        JMP 0
7FA5  0000        JMP 0
7FA6  0000        JMP 0
7FA7  0000        JMP 0
7FA8  0000        JMP 0
7FA9  0000        JMP 0
7FAA  0000        JMP 0
7FAB  0000        JMP 0
7FAC  0000        JMP 0
7FAD  0000        JMP 0
7FAE  0000        JMP 0
7FAF  0000        JMP 0
7FB0  0000        JMP 0
7FB1  0000        JMP 0
7FB2  0000        JMP 0
7FB3  0000        JMP 0
7FB4  0000        JMP 0
7FB5  0000        JMP 0
7FB6  0000        JMP 0
7FB7  0000        JMP 0
7FB8  0000        JMP 0
7FB9  0000        JMP 0
7FBA  0000        JMP 0
7FBB  0000        JMP 0
7FBC  0000        JMP 0
7FBD  0000        JMP 0
7FBE  0000        JMP 0
7FBF  0000        JMP 0
7FC0  0000        JMP 0
7FC1  0000        JMP 0
7FC2  0000        JMP 0
7FC3  0000        JMP 0
7FC4  0000        JMP 0
7FC5  0000        JMP 0
7FC6  0000        JMP 0
7FC7  0000        JMP 0
7FC8  0000        JMP 0
7FC9  0000        JMP 0
7FCA  0000        JMP 0
7FCB  0000        JMP 0
7FCC  0000        JMP 0
7FCD  0000        JMP 0
7FCE  0000        JMP 0
7FCF  0000        JMP 0
7FD0  0000        JMP 0
7FD1  0000        JMP 0
7FD2  0000        JMP 0
7FD3  0000        JMP 0
7FD4  0000        JMP 0
7FD5  0000        JMP 0
7FD6  0000        JMP 0
7FD7  0000        JMP 0
7FD8  0000        JMP 0
7FD9  0000        JMP 0
7FDA  0000        JMP 0
7FDB  0000        JMP 0
7FDC  0000        JMP 0
7FDD  0000        JMP 0
7FDE  0000        JMP 0
7FDF  0000        JMP 0
7FE0  0000        JMP 0
7FE1  0000        JMP 0
7FE2  0000        JMP 0
7FE3  0000        JMP 0
7FE4  0000        JMP 0
7FE5  0000        JMP 0
7FE6  0000        JMP 0
7FE7  0000        JMP 0
7FE8  0000        JMP 0
7FE9  0000        JMP 0
7FEA  0000        JMP 0
7FEB  0000        JMP 0
7FEC  0000        JMP 0
7FED  0000        JMP 0
7FEE  0000        JMP 0
7FEF  0000        JMP 0
7FF0  0000        JMP 0
7FF1  0000        JMP 0
7FF2  0000        JMP 0
7FF3  0000        JMP 0
7FF4  0000        JMP 0
7FF5  0000        JMP 0
7FF6  0000        JMP 0
7FF7  0000        JMP 0
7FF8  0000        JMP 0
7FF9  0000        JMP 0
7FFA  0000        JMP 0
7FFB  0000        JMP 0
7FFC  0000        JMP 0
7FFD  0000        JMP 0
7FFE  0000        JMP 0
