301010367740
747455163720
721006127544
335367030100
613624045336
643344051736
613376464726
203035662100
513234364302
713104041312
647174566010
064246220222
721014170340
627036271500
723214172100
723215171500
647464067336
721014167100
677454464734
607457120350
627314570320
677354527100
202036320350
643124062322
667124061730
607355371432
053235672336
203515062500
617375167100
613377026100
723214520344
677375520346
703235671500
607455772734
621006134140
203114563744
627136327010
064246320220
727354771362
261014564176
020321232100
503314560746
625014764754
625014167100
627616066322
617236420304
727504061736
673075171712
203137070330
607354172322
677344067714
203635772744
203416267704
663135527032
051072430410
064246520222
203575772730
621304061352
721015667704
677117120312
663474520222
203275667756
203115762746
203236420322
671014264734
607457127010
064246620176
201011120310
677344772100
657355773500
737214172100
723214172100
667134167346
270101505156
202635772744
203314563500
613134367732
627464073702
713324060746
203635772500
713135464712
733124074736
727456362730
631340406424
341004020100
201004043330
607334571500
663134170100
633455766500
723214520314
663375771100
607354420346
617376261720
203635772744
203154562750
271345606424
201004020100
201004020100
201004020100
202635772516
713124070344
627476364734
635017167752
711015472706
655340406424
345010467500
747376520344
627035466362
203574167350
203515720342
727236437500
202517170312
203634571500
677444067336
270101505142
301012367732
627375662500
717134566746
203515720320
607554520302
663454560710
745000406424
305424040500
663376562100
737215171344
647354720304
627175167346
203054566336
735017167752
203035662100
723214567100
717515770346
270101505142
311011120346
627124067336
200101505142
315004064312
713125602032
051426420262
677524060744
625014360744
713635167316
203515062500
633375466336
737235663564
020321230552
202635772500
607454520302
663454560710
745014360744
713635167316
203515062500
020321230554
202635772500
607454520350
677364064312
607555166362
203056571310
627354562100
723364070322
617264072740
203515062500
020321230556
201016460726
627345602032
051427020100
623455770340
627105602032
051427120262
677524060744
625014566740
723625564302
673114562134
020321231140
202635772500
617035620346
627124072320
625014667730
663376764734
635640406424
311424052322
667124070302
717474571500
607464074736
725016473722
623115462500
747376571100
723216566704
715344352142
271072430534
216506127010
064246231100
423375662534
020321231146
202075464706
655340406424
311504054736
727444071706
677454520322
715000406424
305426620100
677536420336
631000406424
311524020340
677235672346
203235620010
064246233100
203335773312
020321231156
202224061736
727314467116
721014664734
621014167362
723215167316
270101505144
341013167752
203036262500
673376420306
607456274722
673164060734
747515064734
635340406424
311624054736
725014171312
203355772100
617036271362
647354720010
064246330100
663234764350
200101505146
305015464750
200101505146
311015770312
671000406424
315464067740
627354562100
020321231550
202635772500
617035667336
721016460726
625000406424
315524041312
617036571712
203635772500
607454520106
471340406424
315544053312
713055771712
203335762312
271004046336
673164062312
717076264740
723235767346
270101505146
335010271322
627145602032
051467020100
647464067336
721014120306
677356460722
673136227010
064246334500
203236320334
677504067740
627345602032
051506020222
721014367734
723035167346
350101505150
305004073736
671176420314
647505602032
051506220100
703536427010
064246431500
723536267100
677154620010
064246432100
723536267312
621015763314
200101505150
325015567754
625000406424
321544066736
733134420010
064246433500
547376520306
607344772100
723234520350
643124071720
627136420350
675000406424
321604064750
717135463134
020321232162
202515062744
625015171500
605014464746
637536372322
673164072320
647354720336
671017167752
711015462716
270101505152
301014366336
717124002032
051526120306
663376362710
200101505152
311004020100
202635772500
717074166740
627444072740
203515062500
623454164734
703236062500
607354420314
647354427134
270321206424
216506102032
051526320032
052214166314
202574174500
423376767032
050321220100
201004020100
202635772500
607454520334
677564064302
663144073702
745014467756
671016464312
203215766312
271004052320
647464064746
203235662312
627104060500
713036464312
710321271750
713035663712
203375662530
203236420322
715015464734
627104073722
723204061752
703055760744
623465620100
447504060740
703134171346
203036320322
631016367732
627375662500
667035362746
203215171432
053215766712
203214571312
270101505142
201072431432
051004020100
201004020262
677524771312
203516260754
627315464734
635016467736
203154171750
205004041702
671176420346
723376027134
271341505032
050101505152
321013167752
203056571334
203635772744
203155167316
627456320302
723514566740
723235663500
723215171500
633134172100
677144061736
677454464734
607515167734
270101505152
325012762712
673234527100
202635772500
623234420322
721014163702
647344120100
547376520336
613555167752
717317120356
627454520334
677504066712
607356420314
677444072320
625016264716
677456320336
630321243322
716265620100
547376520346
643376566310
203516274500
717375562750
643235663500
663136371500
623135560734
623235663530
203315165712
202174567740
643636364706
715340406424
325544006424
463136420332
625016362712
271345627100
202275662712
613375662500
617375667312
617514562100
723364072320
625016364322
673055767312
271345627032
051004020100
271345621650
304321221630
020321232556
202224061312
663234573312
203635772500
643036662500
637376472312
671017167752
713474566314
203275166330
627105620100
517075771312
203375662500
633376220350
643124064732
703314566712
673514571346
270321206424
473364070344
677055462732
203515067752
637204120100
433376272352
673036462730
745014667744
203635772500
445014467500
657355773500
605014662756
203515064734
637464060704
677536406424
703536472322
673164070312
677415462500
613034365500
723374762750
643136227100
202575772730
621017167752
203315165712
203334520350
675016471362
203515720344
627036371712
667055462432
053515062500
737376272320
663136371500
703234561712
715015763100
747376571100
667536464730
607514562100
613374474410
064246534100
523214520346
723455167316
203054563722
673464072336
203056571334
270101505152
345012464312
203334172306
641014272744
673464062336
737344060734
621014767712
715015772750
270101505154
301011767312
203374620350
643124066702
723075062746
203476460744
723464072336
203056571334
270101505154
305012464312
713124060744
627344772100
607357120330
627156427010
064246631100
447504066336
677276320330
647274520302
671015771310
647354171362
200101505154
315011567754
647354720350
643124070336
713516260722
721016262754
627035471500
605014367732
613235660750
647375620346
607154527100
202057120346
677334520352
673275667756
670321263336
713074520350
643124061336
677274360746
625015770312
673464067752
723574171310
203515720344
627554560730
203024071750
607236273702
745015167100
723214520334
677456464100
737035466134
020321233150
202236420322
715016467736
203114171326
203515720346
627125620100
445015067740
625017167752
203275667756
203215773500
623035663712
713376571500
647504064746
203515720356
607315306424
607455772734
621015167100
723214520310
607455327010
064246632500
445016760744
673134420362
677524102032
051546620222
721015171500
723375720310
607455320322
671015062744
625016467500
717134527010
064246633500
517376271362
261015062730
701015171500
677355474500
607554164730
607055462500
607504072320
625016372302
713504067714
203515062500
637035562534
020321233160
202236420322
715014566740
723625602032
051547120206
677334520302
637035167176
020321233540
201771667500
673376567100
647344061736
667334167310
374101505156
305011120306
607344067734
663620406424
335444020336
673124072320
647354720302
721014120350
647334527010
064246731500
417375566702
673104061736
673515167352
627464060714
723136220302
703414171312
673504062734
621005526500
723457120330
627036664734
635015772750
203515062500
663036372100
737376262100
677444072356
675340406424
335504060500
365007127160
203325771534
201013167752
203154166330
270321221630
020321233552
201012464312
203354171750
745015464750
723314520332
607344064746
203475720310
627315163720
723134420350
643036420346
677334567734
625016362734
721015064732
203334164730
261016464302
721015062432
053474562732
715016467500
643036662500
633376263736
723514567100
607055772750
203635772534
201000406424
335544052320
625015560734
203035674322
677536366362
203376062734
715016464312
203314572350
627445420304
727504060746
203214520310
677136320346
675304072320
625015462750
723136220120
747376506424
717215772730
621014166356
607636320306
643134365500
713136472744
671014162310
713136371712
715224062760
703315762312
715340406424
335564040746
203635772500
627356462744
203515062500
713375766530
203024070752
607235672100
667035620356
607315371500
727404072336
203635772530
203214167310
715017167752
203024062312
663234360750
624321273720
647514520314
663376762744
261014167310
203474174746
201051064530
202224766500
443036271362
261015060754
625017167752
203334572100
407314167176
211004052320
627344064312
203155462712
714321263344
677324072320
625016267736
665014171500
633455766500
723214520340
663034772712
270101505156
341013167752
711015062702
621015171500
717136060744
607514562100
633455766500
747376571100
673134365500
613624072320
625015462750
723136220304
677334227010
064246734500
407464074736
725015462702
733124072320
625015467734
627317120344
677375526100
747376520320
627036220302
671014574340
663376364736
671014262720
647354420362
677525627134
020321234140
202036320362
677524062344
677404072320
625014666336
737136220352
703375620350
643124061736
713416362500
677144072320
625015467734
627317120340
627456367734
261014120356
607455520362
627315467756
064254766336
735014664730
663464072320
625016267736
665344020250
643124062322
717514167350
203475772734
621015763100
613135466346
203454571736
727354471500
607076267746
715016464312
203236366302
673105406424
607354420350
643124061336
623624073302
673236364312
715344020222
671014167100
647356372302
673505420350
643124063330
677574571116
715016062750
607316320304
627175167100
723361505306
713636372302
663315175312
271004053720
627454520350
643124061336
623624063336
713334571330
745015460762
261016464312
713124064746
203355773500
605014667744
723535662500
647344062322
607335767310
715340406424
341424020316
647554567134
020321234144
202215773500
617035620222
203115160730
201044353144
375044020250
713624060500
673535561312
711340406424
341464040746
203635772500
727516462744
203635772744
203416267714
607355172362
261014120316
713134172100
617315772710
203155771332
715014161336
733124074736
727444064312
607105606424
447356372302
673515474530
203024073336
647074520304
627315467756
715014667744
723204063344
677324072320
625014366336
727107206424
064244020100
201004020100
201004020100
201004020100
201004020100
201052444236
525012344202
462504047236
521012440626
425012444212
202350146612
064244020100
201004020100
201004020100
201004020100
201004020100
201011743100
522210520230
476450420250
442624043636
421011147100
532031147104
064241505214
647354166330
745304060500
637454560750
203315163720
723355167316
203055766350
203476471312
607336320314
713375520350
643124064312
607554567346
203035662100
717516264726
627464074736
725014462702
621341505032
051001505100
201004020100
201004020100
201004020100
201004020100
201004020100
251245225124
251241505100
201004020100
201004020100
201004020100
201004020100
201005225124
251245206424
201004020100
201004020100
201004020100
201004020100
201004020124
251245225124
064244020100
201004020100
201004020100
201004020100
201004025124
251245206424
201004020100
201004020100
201004020100
201004020100
251245206424
201004020100
201004020100
201004020100
201004020124
250321220100
201004020100
201004020100
201004020100
201240406424
341504021100
647464067336
721014120354
627454227010
064247032500
523214520330
647516466312
203334167100
627034762744
663624071734
607514364312
715016570100
723214520330
627516462744
270101505160
331004064746
203355772100
605016062744
717375627010
064247033500
445015067740
625017167752
237454520320
607555167316
203156567100
703314174722
673164073722
723204072320
625000406424
341604051302
623234172322
677344071736
607276320350
643455772716
641017167752
711016071312
703417120306
663376464312
715014167310
203156264712
715017167752
711014267710
745016467500
605014371302
617275474432
053076272734
617205602032
051607120236
727504063344
677324072320
625016364302
623376771500
613135064734
621017167752
203415772734
617136320302
203054560744
623134420340
647454172312
205004021220
607445420220
607445421032
053214520306
643376272330
627465420104
445175466100
653536372100
723035362500
607315420350
643236320304
677376474500
607354420320
647114520322
721014173702
745016764750
641015562432
053075062746
721014462712
701015167100
723214520332
607654520504
201011062500
717354172306
643136320362
677536220350
713134171752
713124060734
621016660734
647475062746
203235672336
064256464312
203175467736
665340406424
345404053722
723204073720
607507702032
051626120234
647074520350
713625602032
051626220262
677524064302
733124070336
727454562100
723214520356
607514571100
677344072320
625014771336
727354427010
064247131500
537214172100
605016372344
607354762500
647114560534
020321234550
202515062500
703314167350
203176267756
715014574340
663376364754
627317127100
202236420330
677375371500
663235362500
605016662734
727464063330
747516260740
270321244750
203134172346
203635772502
020321234552
201013167752
203454167316
374101505162
331004053736
735015560734
261014367746
667234326100
663235362500
723215171500
607314272732
202224067734
617124064312
607454427032
051071402032
051626720100
427036420346
643236420302
673104062322
625340406424
345604020262
677536220332
677515062744
203515766310
203635772500
723214172100
747376520356
677535462100
637455773500
647144074736
725014172312
203635772744
203056262702
623076272746
721341505106
460101505162
345004044516
621016471362
261014272750
202224062336
671176420326
673376720350
675016764336
665340406424
305406020100
445014467734
237504072734
623136271750
607354427010
064246130142
200170120332
607476364754
625016373712
607517120320
607354420344
627034364312
715014467756
671014671336
665016464312
203214560754
627356320302
673104063744
607056320362
677525620100
547376506424
717516272716
637314520302
673104071742
727236266566
203155167302
663317120350
643124064302
673104071312
663134171712
715017167752
270160406424
305406220236
673317120302
203416374706
643376060750
641016767752
663104072344
745016467500
657235466100
605014462714
627356362730
627476320010
064246130146
202035460734
203115762316
627464070752
647075366362
203035662100
723214567100
713536364312
715016467756
607454420362
677525620100
443124062732
613454161712
715017167752
203555167730
627356466362
260321265734
677075364734
635014166330
203374620362
677536220340
677476362746
717235767346
203156267732
203635772744
203214167310
715304060734
621014262716
715017167752
203515720304
625015064746
064254671322
627354427010
064246130150
202515062500
623374720322
715016467736
203154171750
203155771100
747376527100
202214520306
643136771500
747376520352
701014167310
203476064750
715015772750
203635772744
203055767312
715340406424
305406520214
647175072322
673164073720
647314520352
673036266712
621015171500
733136274500
633375766322
717205602032
051426033100
523214520304
677375361702
717124071756
647354771500
613034365534
020321230540
335007721100
202516274500
607174164734
270101505142
301604044500
617035623750
203334165712
203214560710
203376220350
607235471500
677144074736
727444066322
717504067714
203374265312
617516327010
064246130162
201044064746
203355772100
607344067704
653134372134
020321230542
301011120306
607344772100
633235662100
607357120316
677374671534
020321230542
305012060744
607355764710
261015072720
374101505142
305444054736
725016471362
203515720350
607274520350
643124071756
677454426100
613536420314
647354420362
677524061702
673355772100
623236366336
623174520322
721014671336
665016464312
203476467734
625341505250
643124071702
667536260722
203036070344
677034364312
715017167752
261015464714
723464064322
715016373736
713105420302
673104063744
607074563352
663317120346
627414171302
723136320362
677536206424
643134162100
633455766500
723214520344
627476420336
631017167752
711014267710
745340406424
305426320262
677524063322
713335474500
637454171740
203515062500
643035662330
625014167310
203416566330
203515062500
717575771310
203156267732
203515062500
717314161134
201012764750
641014120314
663036364032
053374620304
663534520330
647175072100
723214520346
737376262100
613536271750
715015167350
675014666302
667125620100
523214520346
607336571302
645176320312
747136320336
703135620356
647114535500
643121505304
677576320304
627155771312
203635772500
607354420316
647554571500
747376520320
647464071756
677454427100
202215171500
613374474500
633454562764
627464064734
723364071736
663234420316
677314427010
064246130550
202515062500
717035572744
607224073702
715015761354
647376571730
745015667750
203416572100
643136262500
633376220330
677375371534
201011062500
627554162312
715017167752
711016373722
673165406424
617375562746
203235620306
663376362530
203035662100
623236664710
627464074736
727444061336
623624064734
723364072356
675014570752
607304071712
617515167734
715340406424
305426520250
643124071702
667536260722
203574171500
677056664736
727475474500
703536420320
627454520350
675014772702
713104072320
625016472734
673135427100
202214520310
713036771500
643236320346
737376262032
053035662100
673134172330
745015060730
733136320302
673104070752
607456462744
715017167752
270101505142
305564046336
677276320322
673514571312
717515167316
201345627100
202224072320
647355320350
643236320310
627474571354
627464060500
617315771712
711015467736
655344020232
607634262500
747376506424
717215772730
621014767500
723214571312
374101505142
305604044516
665014367734
633536362710
270101505142
305624052320
625014467736
711016366302
667464071720
727504061312
643235662100
747376527010
064246131140
202575062744
625760406424
305446120222
203115767116
721015367336
735016764322
617204002032
051426231100
203515702032
051426231500
203335167352
723120406424
305446420256
643364061702
713136337410
064246131152
202635772500
617035623750
203115720350
643036427100
202635772500
643034420304
627516462744
203516274500
605014464714
633136262734
721015562750
643374427010
064246131154
201015171500
607316262702
623624064734
203515062500
020321230544
335013167752
203516571334
201426720346
643034462746
203374620340
727456066312
261017167752
711014660706
625014271312
607276320336
727504064734
203476570340
727454167350
203475771312
715304060734
621017167752
064255362712
661015773312
711014462702
621014671336
665016464312
203235671722
623235772746
202316563736
673234167100
703314163752
625340406424
305447020100
673376420350
674101505142
311624054736
725015060754
625015667750
643235663500
723364061702
713457120350
643124073702
723136220356
647515027010
064246131540
202155166312
203354166712
203355772100
717414561722
633234562134
020321230546
305012464312
203174171310
627344061352
713476471500
647356467500
617375467744
633535420316
713376772320
271004040734
203137072344
627334566362
203514166330
203415460734
721014170340
627036271432
053075464732
613034266312
270101505142
315444052320
625016262710
203334161720
647354520306
677534764346
203536020350
737364070752
607456462744
715304073720
647075020314
607315420350
675016464312
203155467736
711340406424
305466320250
643124061330
727124066702
617215167312
203476064750
715015772750
203024071752
613574174500
723375362734
270101505142
315504020306
607344772100
613124073736
713345602032
051426332500
547376520302
713124060730
713134162362
203574560744
647354720350
643124002032
051426333100
203416572100
677345602032
051426333500
473376420302
637035167102
020321230546
341013167752
203214173312
203254166732
627104072320
625000406424
305467120246
727075362744
270101505142
321404054736
725014171312
200101505142
321424022500
643134166350
643625602032
051426431100
202515060750
203314171750
203055467756
203574171500
723375720332
727075020314
677444074736
725340406424
305506320202
715017167752
203256566740
203115773734
203375672336
203515062500
723454161726
715304072320
625016471302
647344061312
637235671500
723364071336
663305620100
547376520350
713621505310
627476060744
607514566362
203515720306
663235561100
613034365500
727404072336
203515062500
703314172314
677455527106
521425621650
305344352142
271072430500
202515062500
723454164734
203476060750
723136271500
747376571032
053055467736
621014161744
677476320350
643124073702
663316320302
673104070336
717514571346
271004052320
625010174702
723375466302
641176320306
643134565746
203514165712
203375620302
203455771762
064254766336
735340406424
305506420202
715017167752
203454560706
641014667744
203515062500
703536271712
261017167752
711014171332
203056272746
643136320302
637035167346
203515062500
627314561750
713234664712
620321272320
647454420344
607235427010
064246132152
202515062744
625014171312
203575167310
677576320334
677504064734
203515062500
637534571750
203054562344
677375527010
064246132154
202575172320
203575060750
375004054736
727444061302
713124064302
673116337410
064246132156
202215773500
607116662734
723536262746
677334527010
064246132160
201016460726
627344067714
631340406424
305507120262
677524060744
627344772100
737134171322
673164002032
051426530100
477376071534
201011172100
663375765746
203315165712
203635772500
737136262500
617036271362
647354720350
677364066752
617205620100
547376520310
713376070312
621015172134
020321230552
305012464312
203056566500
663134170346
203375672336
203515062500
723454161726
715014163350
627444072320
625015567734
627625620100
443124072302
657136320350
643124070752
607456462744
064254167310
203516571334
715014260706
655014667744
203515062500
703314172314
677455527100
202515062734
203215171500
637454562710
745014574712
715016370362
203515062500
703536271712
271004044312
064254262734
623464062336
737344060734
621016064706
657464064750
203536026100
613536420352
673155771350
727354172312
663624063336
711015064732
261016464312
203516260722
671014262716
647356320350
674321271336
663305620100
443124060750
723135570350
715016467500
713134760722
671016464312
203476561356
607624070330
607514667744
665344020220
625016464344
677576320320
647464060744
667464072740
064255767350
675016464312
203415460750
633376266500
607354420350
713234571500
723364070352
663304064322
667474566314
203536027106
521565621650
305344352142
271072430500
202515062500
723454164734
203415161726
715015064732
203374663130
064256370330
607516462744
647354720350
643124073702
663316320356
647515020304
663375762134
201011064746
203474573312
713134420314
677454560744
667464063302
663304061302
617264067734
723364072320
624321272344
607075371530
203376572100
677144071722
637216426100
663134173322
673164072320
625016072744
717124060734
621016464312
203436560744
723136220304
627215167310
270101505142
325444052320
607504073702
715016372352
703234427010
064246132546
202024063744
727354774500
613535520302
703414560744
715014671336
665015772750
203374620350
643124073736
677116767744
655014167310
203054563722
673464072336
203137162500
747376571032
053436560744
723136271500
243334174704
625015062500
737035672346
203515062732
203155771100
605014372740
203374620306
677154662712
245340406424
305526420250
747414520362
677536220352
717136220334
607334520314
677315467756
627104061362
203635772744
203334571746
607174527100
202635772500
667037120352
717124071712
733136260730
064255464734
627465620100
427354420356
647515020302
203074171344
647034762532
713136472744
671014667730
663376762710
203057120302
202072451230
266645602032
051426532500
064252464302
673264074736
725340406424
305526620210
677344772100
613454560726
203236426100
703136264302
703464074736
725014360734
203536362500
647505602032
051426533500
203134172312
671340406424
305527020262
677524063312
627304066322
657124060500
216465765722
673165770752
627135627500
607316262702
623625602032
051426534500
202636566500
747535527010
064246133140
202036320362
677524071312
607075020350
643124064302
663145573702
745016067722
673504067734
203515062500
713376062530
203516767500
747376567316
203334567100
737134171322
673161505246
723035663336
713104072132
717215171350
715015272732
701015772750
203156267732
203515062500
617455773710
271004052320
627624063744
607044072320
625016267740
625015460710
623136226032
053634566330
647354726100
212635772500
623375623750
203214173312
203035466100
723214520340
677235672346
271004054736
725014171312
203355772100
607315467756
627104064734
723364072320
624321262734
623174166712
271044020214
647354166330
745304072320
627624074712
663305420104
423234526100
737134567322
625304062322
625024220302
673104072320
625014371336
737104065336
647356306424
723214566500
647344071720
607275167316
203515062500
713376062534
201013167752
203154166330
203515720302
671015163734
677335167322
677536320310
627036464134
020321230554
305001505202
715017167752
203454560706
641016464312
203515770100
677144072320
625016267740
625304074736
725014262716
647344072336
203154562730
203574560726
271004051750
713375663530
064254267734
745015060734
623464066322
633504074736
725016570100
613624072320
625016364336
727314462744
715344020202
203574572100
643035662326
627454364322
627144064746
203515071352
717504064734
723361505362
677536220314
607074527100
202515062500
713375766500
717415167346
201345627100
737214567100
747376520356
607274520352
701017167752
203155167310
203635772744
717135463100
717516260740
703134406424
723364060500
713034365534
064241505246
703035664746
641011167342
727236364750
647375606424
201004020120
445014262750
203635772500
737136262734
237504062760
703134372322
673164064750
271224020250
643124071336
677324064746
203156566330
203374620314
713536372344
607514562032
052155171626
627456327100
202515062762
203574167350
203035671756
627456320350
675014166330
203374620350
643135171100
707534571750
647375671500
677344064336
735016467500
737235620302
720321243322
716265620100
523214574500
617035620350
627315420322
631017167752
203036262500
737455767316
261016367500
747376520332
727476420302
673476762744
203476561706
627476363352
663317106424
647344067744
623136220350
675014262500
713135462702
717134427032
050101505142
331444053720
607504062336
627464072320
625016771322
723235663500
677344072320
625014767730
621016264734
635015562702
671760406424
305546320222
671014667752
711016767744
623464067744
203154573712
711304073720
607504064746
203515062500
667134167322
673164067714
201050664746
455047702032
051426632100
537214172100
643036070312
673134420336
671016464312
203114172312
201545731542
275567120176
020321230556
301010767736
621340406424
305566120244
647115161752
663376571534
201012464312
202155171626
627456320350
677476320362
677524064734
723364060500
703236427100
202224062336
671176420350
643235665500
747376506424
623136362744
733124072336
203054520344
627414164744
627105620100
413634527010
064246133544
202355772100
663235362730
745304063752
627476320302
637035167134
020321230556
315012464312
203414167320
607354466312
711014573302
623136320362
677536220314
727515166312
203416567306
641304070352
663316320302
203275664714
625014671336
665015064746
203415761726
627505406424
607354420346
663234362746
203635772500
723364071322
613055767346
271004044500
623375623750
203154562730
203315165712
203416572350
647354720362
677524061302
617264072336
637136464312
711340406424
305566420250
643124043322
716274571346
203355762100
723214564744
203214560710
715016367730
627335666362
203036320350
643137120344
627035464764
625016464302
721017167752
203036262432
053454560710
745016467500
617375672322
673534520362
677536220324
677536267312
745344020250
643137120304
627075766712
203535661736
673516267730
663034266362
203254560730
677536306424
607354420304
627036420362
677524071712
673474566312
717465627134
271004053720
627344074736
725016760726
625016570130
203635772500
633235662100
747376571346
627314620322
671016464312
020321230556
325004053720
627344074736
725016262706
677554571100
747376571100
613035460734
617125420362
677524071312
607315175312
203515060750
203635772500
643036662500
713134161720
627104072320
624321272730
723235560750
625014767702
661015763100
607315420214
647471362744
715344020222
721015171500
723235562500
633376220362
677524072336
203175720320
677334520302
673104061702
723075020352
701015767032
053035466100
723214172100
717075067736
663575771326
203635772500
643036662500
613134567100
673134766312
617515167316
270101505142
335544041730
647075327100
202075464706
655345627134
201011667750
643235663500
643036070312
673465602032
051426733500
445016362712
203355772320
647354720320
627454520350
675014464702
661340406424
305567020222
237324071736
713457126100
613536420322
721015171500
723234562100
733136274500
723234764350
261014167310
203337120314
647354762744
715014171312
203515767500
723236262710
203036406424
723215171500
663036462500
717514163712
203235620350
643124063702
667124072336
203535662336
203236427010
064246133562
202214171344
745015060746
203454572352
713354562130
203036070302
713135672330
745014667744
203215171500
737036461720
271004044312
203374663312
713464072336
203476460762
203035662032
053514166326
203515720202
663035620322
631017167752
203175173312
203236420350
675015064732
270101505142
341404044302
713457120350
643035665746
203635772500
607354420304
627175167346
203514166326
647354720350
675010166302
671304073720
675014667744
637136471500
607055772750
203635772534
020321230560
305011060744
713624062312
617234462746
203515060750
203236420322
715016464732
625016467500
663134173312
270101505142
341444052320
625014464746
637536372322
673164072320
647354720346
663236464312
713464060714
723136220362
677525602032
051427031500
523214520310
647474772746
723235663500
723215167316
203036472302
617214571500
647516362730
631016467500
747376571100
663134727010
064246134150
202515062744
625015171500
605014464746
637536372322
673164072320
647354720336
671017167752
711015462716
270101505142
341524052320
627454520322
715014120310
647474772746
723235663500
723215167316
203475464750
643136264734
635014171336
727354420334
627036261362
270101505142
341544052320
625016464322
673164061322
723136320362
677524064734
203454572302
663234172322
677345602032
051427033500
064250171500
747376520302
713124071750
607354464734
635015062744
625304060734
203135462312
713317120332
607234420356
607315371500
647356467500
723214520344
677375520302
673104061312
637235671432
053515720350
647117120322
721016570134
201010667744
723535660750
627317120350
643136262500
647475623750
203035674750
643235663500
663635167316
203036267752
673104064312
713125620100
517214506424
623536372346
203374663100
747376571100
717215762746
261016473712
627276320362
677536220306
643134565500
607354420302
623256571750
715015062744
202174564716
627444061736
727356462744
203375606424
723214520356
607624067752
721015763100
723214520344
677375527010
064246134160
202036320350
643124061744
747476460730
715016467752
617204064750
715016366322
667624063330
627475026100
723214520350
643235663500
613134764734
715016467500
717216264754
627304072740
270321244336
737315167316
261015172100
723536267346
203515720310
727476420302
673104061330
677576320302
737037127010
064246134162
202115767116
721014262500
717235466362
270101505142
345404006424
407344062730
623136266362
203334164710
203256571750
203574166326
627104064734
723364072320
625016267736
665304060734
621014262716
607344072336
203515162362
203236420352
701344020246
643121505346
627135571500
723364064302
733124073702
663274562100
677154620356
647515020302
663304072320
625016464322
673176320362
677524064302
621014360744
627314571746
663624066312
633501505330
747235663500
607055772750
270101505142
345424006424
407464074736
725014171312
203315767726
647354720302
613376572130
203035620312
663114571330
745015460710
745016762702
713235663500
605015560722
621176320352
673234667744
665014567350
627456306424
723214520344
677375520302
673104061312
637235671500
723364072322
623624072740
271004051752
623114567330
745016364312
203355772322
617136320362
677524071750
607354464734
635015167100
723214506424
617135672312
711015763100
723214520344
677375526100
613134771500
747376571100
703036262336
671014167310
203314560754
627464072320
625016267736
665016764750
643376572100
607355772320
627441505356
677454427010
064246134544
202156267732
203515062500
633036220312
673104067714
203515062500
713375766500
617375562746
203024066322
723515462500
677314420330
607117127100
202236420302
703414560744
715016364312
064255171500
617036271362
647354720302
200101505142
345464020356
647515020320
627445620100
517214520332
727334266312
715016367732
627515064734
634321260704
677536420350
643124070330
607074520304
627235663500
717534364100
605015562746
715304062344
677416320322
721014172100
747376571100
633134572100
607354420330
627036662746
270101505142
345504040500
633234772744
625014366302
621015167100
605014266352
625014167310
203454562100
717535172100
663375766746
203054563336
713124074736
725344020240
713235672312
621015767100
643236306424
717215171350
203036262500
723214520330
627516462744
715004245242
271044020222
721014170340
627036271500
607464064714
203214520356
647315420334
677504066312
721017167752
203414171746
271004044312
064256067730
647514566362
203036365746
203635772500
673376420350
675016066302
745016764312
671011447650
515015171500
617455773710
627105420322
717476562746
203024070336
741015767100
703135770330
625016764336
064254464702
661015167100
723364070330
607624063702
667136326100
623375671500
643236320306
607414526100
607354420310
647474170340
627036271500
647356467500
723214520346
727356362750
271004044312
627115167316
064255064746
203574171334
647354726100
747376520330
677574571100
747376571100
643134162100
647344062312
717414164744
203454560730
647655167316
203515060750
203136662734
202155171626
627456320302
713121505346
727055262706
721016467500
637035562746
203075062706
657136271534
064240406424
305626520032
050321220100
201004020100
201004020100
201004020100
201004020100
201004020100
201004020100
537135461736
667124072336
202155171626
064241505100
201004020100
201004020100
201004020100
201004020100
201004020214
677444064734
717516272706
723235767346
261016474740
625004264312
663405621032
050321202032
051427133100
547376520302
713124061312
637235667322
673164072336
203154562730
203024061322
721016172712
607477126100
613536420322
721176320340
713374260704
663624067336
723215167316
203474571322
677536327010
064246134556
202635772744
203214560710
203236320302
617215167316
203035662100
747376571100
737215766312
203055762362
203236320304
713134165722
673164067752
721015167100
605014367730
621016373712
607505602032
051427134100
547376520302
713124063712
723515167316
203154573312
713236364100
607354420362
677536220320
627036272100
647464070336
727354464734
635015060744
621014567336
727175020350
675015560726
625017167752
710321271750
677334161720
203034364312
270101505142
345624052320
625016267736
665015171500
717415167334
647354720302
613376572100
747376520302
673104074736
725014360734
203054171312
663624071750
607354420352
701344020262
677524061702
671176420316
675015767032
053336561720
203315767316
627444066322
657124072320
647465602032
051446030100
547376520302
713124073336
667236464734
635016664736
663135672330
745304061330
677374420322
715014471322
703415167316
203156267732
203635772744
203134171346
261014167310
203176262712
670321270352
715015171500
633315773722
673164063344
677324074736
727444062762
627465620100
445176662500
717134567100
623134162100
667135620356
643364066336
677274562100
613136472312
711016464302
671017167752
270101505144
301424021606
463374162322
673164062352
667044065336
657136320314
713375520214
647471327350
743505420340
663134171712
203574164750
271072430534
270321246336
607115167316
203115767312
270101505144
301444042312
723134372322
673164066736
713514166100
623035663712
711304052336
673624073702
657136320352
701344020246
723235466100
637455763716
745304064312
203416572346
203035620302
713325566336
617261505336
671017167752
711016264716
643504060744
665014167310
203416267706
627134471500
723364061312
673104064750
203235620302
203215163720
663624072734
673036472744
607304062322
713134372322
677345606424
537214567100
747376571100
607175767322
753134420346
617454560732
715014262716
647344072336
203035667336
745015064732
261015062500
633234772744
625334667752
711176320362
677536220320
627034427032
052535663336
713516567302
723135474500
633376220362
677525420250
677357120302
723124060500
663376420336
631014262702
673464063336
711015472734
617207320320
625014660744
723464062336
737344074736
727441505334
677474520352
673515166100
747376520310
647124063344
677324063702
715015167320
607314172322
677345602032
051446031500
547376520302
713124067336
721014161336
607454420302
673636464322
673165602032
051446032100
523214571312
203236367116
721014167362
723215167316
203214571312
203515720304
677036262134
020321231140
325010171500
747376520304
677036262100
723214520350
713035167100
723214520302
727515766702
723234320310
677376271500
717314166500
717216572100
613135064734
621017167752
271004044750
237464060432
053175767710
203515064734
635017167752
203115162334
237504062302
737115462500
637136472322
673164067734
271004052320
625016471302
647344065312
713276320350
675014120346
723036272100
607354420340
727315471432
053036760762
203156267732
203515062500
717514172322
677345602032
051446033100
216304352142
523214520350
713035167100
617375562746
203515720302
203476562310
627344071750
677404060734
621016464312
203115767744
715014666362
203376062734
270101505144
301564006424
522031342530
436132420170
476051242606
521744027100
271005620134
201344027100
271005620134
201344027100
503234365746
203536020350
643124067302
667134420336
613254561750
064250451236
501007447604
452130352174
201344027100
271005620134
201344027100
271005620134
201344027100
271010471336
703464064750
064251547654
425007447604
452130352174
201344027100
271005620134
201344027100
271005620134
201344027100
271011567754
627464064750
064251750212
471007447604
452130352174
201344027100
271005620134
201344027100
271005620134
201344027100
271011770312
673464064750
064250346236
516124036236
412250541650
371004027100
271005620134
201344027100
271005620134
201344027100
271010366336
717136320322
720321250252
462305420230
446152420170
476051242606
521744027100
271005620134
201344027100
271005620134
201344050352
663316320336
671015172032
052412552100
362370245212
416507620336
671007447604
452130352174
201005620134
201344027100
271005620134
202415460706
627464060734
203374265312
617504067734
203035620336
613254561750
064250744654
425007447604
452130352174
203515720170
502132251636
471744027100
271005620134
201344027100
271010764754
627464060734
203374265312
617504072336
203024070312
713475767032
052311747626
261011420134
201344027100
271005620134
201344027100
271005620134
201344027100
271005620134
202114571706
713234262746
203024071336
677321505244
426030426100
462371745500
406505420212
542031544634
425007447604
452130352174
201344027100
271005620210
627474371322
613136320302
671015761324
627076406424
462371745500
446344036206
476352440622
472132237100
271005620134
201344027100
271005620134
201344027100
463236372346
203515062500
617375672312
673516320336
631014120306
677356460722
673136206424
522212247656
201711741224
426072437100
201344027100
271005620134
201344027100
271005620134
201344027100
463235362500
623455770340
647354726100
613536420350
643124067704
653134372100
723454173312
663461505100
201004020100
201004020100
201004020100
201004020100
201004020100
201004020100
201004020100
201004020304
627155771312
203314167310
647354706424
426032420170
476051242606
521744020134
201344027100
271005620134
201344027100
271005620134
201344027100
417375671752
667136320302
671015761324
627076406424
412370151210
262131541202
512264020134
201344027100
271005620134
201344027100
271005620134
201344027100
413374171310
715014120354
627215161730
624321242222
516131541202
512265420230
426032642500
201344027100
271005620134
201344027100
271005620134
201344042760
647516320314
713375520322
720321242222
406304036222
472510543612
511744020134
201344027100
271005620134
201344027100
271005620134
201344042322
607316320302
203356566704
627444067734
203035620336
613254561750
064251344630
461007447604
452130352174
201344027100
271005620134
201344027100
271005620134
201344027100
271010172350
607075371500
607344060716
637454571746
677441505234
262465442530
535311642530
516125447256
262472726252
262104027100
271005620134
201344027100
271005620232
677554571500
747376520322
671016464312
203175173312
671014464744
627076464736
670321246222
436212420134
201344027100
271005620134
201344027100
271005620134
201344027100
271005620134
201344046322
637216471500
723214520330
607336020302
673104064734
633314166732
607055462500
677055262706
723461505212
542511147216
526232344100
201344027100
271005620134
201344027100
271005620134
201344027100
271005620250
643124067740
703376364750
625015763100
663234764350
064252242646
522032252100
271005620134
201344027100
271005620134
201344027100
271005620134
201344027100
271012372302
713516320302
203354573500
637035562432
052432544650
201005620134
201344027100
271005620134
201344027100
271005620134
201344027100
271005620134
202314560754
627464072320
625014760732
624321250220
476511720134
201344027100
271005620134
201344027100
271005620134
201344027100
271005620134
201344051312
617376262346
203635772744
203174166712
203235620314
647475327340
643361505252
472411047650
475005620134
201344027100
271005620134
201344027100
271005620134
201344027100
271005620246
723376071500
703215772336
647354706424
462370720134
201344027100
271005620134
201344027100
271005620134
201344027100
271005620134
201344027100
417376064712
715017167752
711014367732
667035662346
203235672336
203155171726
273315763432
052531646236
435005620134
201344027100
271005620134
201344027100
271005620134
201344027100
271005620134
202476467740
715015467716
637235663432
052452547214
446310520104
633235462504
271005620134
201344027100
271005620134
201344027100
271005620134
202514165712
715014367732
667035662346
203156267732
201054664730
625045663346
654321244212
462404020134
201344027100
271005620134
201344027100
271005620134
201344027100
271005620134
201344052362
703136320350
643124064312
663404063322
663121505206
476331540634
422464020134
201344027100
271005620134
201344027100
271005620134
201344027100
271005620250
747414571500
723215171500
667136371702
637120406424
311407020100
647464067336
721015167350
627454571750
627105602032
051446034500
547376520302
713124073712
607455167316
350101505144
305404054736
727444065712
745015171500
723375720304
647164072336
203155172100
723214520330
677075335500
747376520320
607104061312
723514571100
723457120346
677334572320
647354720334
607456267756
627445602032
051446130500
547376520356
647315420320
607554520350
675016462730
661015562500
737214172100
723364062322
607305602032
051446131100
547376520356
647315420320
607554520350
675014464702
661016464312
203075766704
647354172322
677345602032
051446131500
527474520342
727376460750
647375620332
607455371500
241045120302
713376567310
203575060750
203635772500
737035672100
723364071702
745340406424
311426420262
677524064302
733124071312
607075062710
203515062500
433236345500
627354463702
667125620100
413134667744
625017167752
203075767350
647356562530
203635772500
717215772730
620321266702
657124074736
727456362730
631014120340
607476373736
713105420346
675016464302
721015163100
747376520302
713124065722
663314562100
647344072320
625014567310
637035562500
747376520356
677344772032
053214173312
203515720344
627415460762
203515062500
627356464744
625014760732
625344020250
643236320340
607476373736
713104064746
203114570312
673114567350
203375620362
677536220302
617075772734
720321267302
667125420346
675015163100
747376520120
452424063336
713055162122
203415460762
203375620302
673376464312
711016062744
717375623746
203034361736
727356420322
721016767734
237504073736
713265606424
523364063712
721017167752
711016060746
717575771310
203256571750
203175173312
203515062500
633375466336
737235663500
617375566702
673107206424
064247664734
617035672100
213035674756
677454421100
201324073720
627454520302
673636767744
621015171500
607357120356
677454420362
677524073702
673505606424
064252464312
203416267716
713035520356
647315420350
643135620316
647554520362
677524060500
703036371756
677454420322
671016464312
203155771332
203374606424
406353153636
512104050202
516472747644
421004020100
201005520356
643136262500
607357173736
713104064746
203515062500
737376262100
747376520350
747414562100
647345420302
673104070302
717476767744
620321220100
201004020100
201004020100
201004020100
201004020100
203236320350
643124071712
617375662100
643035463100
677144072320
625016060746
717575771310
270321206424
433455766500
723214567100
677345420356
643135662754
627444074736
725016760734
721016467500
637364072336
203515062500
627354463702
667124071702
745641505174
647354360734
721004260734
747575771310
203414171746
737376262104
064252464322
715016764730
661016471302
673476067744
721017167752
203115171312
617515474500
723364072320
625014567310
637035562534
201010767736
621015472706
655341505010
064246230552
201004021506
201012464312
203315760710
203236320316
627516464734
635015064716
641304073720
745014467734
237504074736
725014467500
717375562750
643235663500
617375671750
713534372322
733127720106
215000406424
311426620032
052036320362
677524060744
625016372302
673115167316
203235620350
643124066722
623115462500
677144072320
625016267736
665304060500
643136262100
677144061352
633154166336
203476460732
703134462432
053515773702
713104074736
725344020204
627074172746
625016464312
203315760710
203236320346
675015064716
641304072320
625014367732
703536462744
203074167334
677504071312
607076420322
671016464732
625016467432
053335773312
203635772500
677536420336
631016464312
203574174534
201013167752
203036262500
723454166740
663134420350
675014462702
723204061362
203515062500
727357164712
663115167316
203035664732
607316327032
052414571320
607416320362
677524071720
677535462100
723457120214
647471364734
635016764312
671016464312
203315760710
203236320302
203315172350
663124066336
737136227032
050101505144
305564047336
723215167316
203214170340
627356327010
064246230560
202635772500
623236360740
703134171100
647344060500
617315772710
203374620340
727456066312
203475567726
625344020256
643135620362
677524071312
607416062702
711304074736
725014664734
620321274736
727456362730
631015167100
723214502032
051446134500
523214520302
673235560730
715014262716
647344072336
201056767730
631044062336
737344072320
625016360734
623575161720
203555771302
617235772746
663625620100
413536420302
715016464312
744321272302
657124072320
627236220314
647456372100
613236462746
261016464312
745014171312
203454562352
617134420350
675016064730
627464067714
203455772350
647354720314
663136364100
613624072320
624321264732
703314161702
613314520230
727175767322
607344070330
607176562534
201012464312
647444071752
703416571302
723235663500
617036261702
717474571500
633235466100
723214520344
677375520356
647515006424
605015660752
717134172322
673164071750
627354364134
020321231144
301004064746
203355772100
643535663744
745340406424
311446120250
643124070352
667404073720
627137262746
203535662312
711017167752
711014563314
677456471500
607354420306
677534764346
203536020310
727476427010
064246231144
202024072344
647075366312
203374620356
607514571100
633315773746
203156267732
203515062500
703535570100
020321231144
315014167310
203155166330
715016570100
723214520346
647355327010
064246231150
203035662100
633315773746
203115773734
203515062500
623454164734
270101505144
311524052320
625016072732
701015060746
203456567100
623457127010
064246231154
202515062500
737036462744
203116260722
673464063344
677324072320
625016364734
655340406424
311446720262
677524061702
671176420350
647124072320
677474520350
737364072320
647354771500
723374762750
643136227010
064246231160
202236420322
715015667750
203515162710
203515720010
064246231162
202515062500
633235462500
673035562500
667536372100
613124071722
741014364302
713034372312
713464067744
203154573712
711344020222
721015572746
721014262500
647344070752
677514172322
677341505332
607455371500
607354420350
643124062760
723135671722
677345420356
643234364100
747376520310
677344772100
723636062530
203336571750
203054520104
273156365504
270101505144
315404020302
673104072320
625000406424
311466120100
243515162710
203515720350
643124002032
051446331100
427354420336
631000406424
311466320250
643136262500
647464060500
663376562100
717076260740
647354720346
677535662100
613135467756
270101505144
315504020322
715016464712
621016467500
717375562750
643235663500
723214172100
737375623750
203056562316
625344020262
677524762100
613136472312
711014471336
701015172032
053054563336
713124072344
747235663500
723364063736
203035674756
643136262534
020321231146
325013167752
203074167334
677504072322
625016464312
203455770312
203515720010
064246231554
202635772500
667536372100
717414561722
633624060500
633235462500
673035562500
647344070752
677514172322
677344066702
713276327100
202635772500
717215772730
621015767330
745016474740
624321264734
203515062500
667035167100
703036272100
677144072320
625014664730
625015660732
625344020214
677444064734
717514167306
625304064714
203515062500
633235462500
647464021346
727056760762
273156365504
064257167752
203475067752
663104072362
703124021346
727056760762
211344020212
733135620350
643376563720
203635772500
623375623750
203517170312
203236420322
671304072320
625014574350
627356364736
670321267734
203515062500
633235462500
667536372100
613124021134
633475321134
020321231146
335010171500
747376520350
607274520356
643036420306
677535462100
613124074736
727444066302
717504061344
627036464100
607354420314
607315420350
675016464312
203176267752
673104071712
673474566312
717465406424
605004351536
703454572350
745017167752
673164066302
623625773720
647514520326
673234764350
275015272732
703464063344
677324072320
625016364302
623376771534
201004351536
517214527620
625364060710
667236372312
713464066722
673376220314
647456372100
607234420302
673101505332
677536464132
723365566736
727515020344
627476571706
647514172322
677345420344
627476467744
647354720362
677524072336
203315163312
270101505144
315604054736
725014360734
237504021654
305000406424
311467120262
677524071712
627324072336
203054520336
671016464312
203554571316
625015763100
623134172320
271004043336
711015767330
745006130100
703375167350
715011120306
607344063712
721016264710
203374606424
723214520332
627035620306
677375327100
202575772730
621017167752
203315165712
203334520350
675014467500
723215171576
020321231150
301012464312
203075767726
203554167322
717214571502
020321231150
305004066736
733120406424
311506220100
607354402032
051446431500
513136370336
673115167316
203515720362
677536220306
607315426100
723214520312
663136660750
677444062312
717074567310
715015667722
717235474500
647344072320
625016364302
633505602032
051446432100
447504064746
203035471312
607117120350
647134420350
675016464312
200101505144
321524044500
643036662500
673136662744
203156561726
627104071752
617204060500
723215167316
203054563336
713124071736
202224073736
727314467116
721015367336
735015067756
270101505144
321544052320
625016267740
625016366322
623136320310
677575620350
643124070322
721340406424
311506720100
643035663722
673164062336
737344072320
625016064750
020321231150
341013167752
203336571750
203514566330
203334520356
643036420362
677524073702
673504072336
203535672322
625000406424
311507120100
633455766534
020321231152
301011163100
747376520302
713124072344
747235663500
723364072734
663374365500
723214520346
607154526100
723214567100
717037120104
623234166100
363356566704
627447627104
020321231152
305004073722
663304067336
721014764754
625014167362
723215167316
203054161726
270101505144
325444040746
203635772500
703036371500
723216267752
637204072320
625014760750
625017167752
203355772322
617124060500
717334166330
261016071312
723517120304
663375662312
203175171330
261016764336
064255171500
737134171322
673164063744
627135620314
607515163752
627464060734
621014120304
607174774500
717574560750
717215171350
271004051720
625015667750
647074571500
747376571100
713034763712
620321261736
727356462734
607354362530
203076264712
715004242712
655024040500
703136273312
713504121100
607354420344
727356320346
737234672330
745014173702
745304061702
713135462746
717317106424
623455770340
647354720302
203175766310
627344070302
713074566134
201010171500
717214520310
647474170340
627036271500
677554571100
723214520320
677455175336
671304074736
725015062702
711015062744
064254760746
701304021236
641015667502
201011667750
203035667750
643136220310
627034420306
677564121010
064246232546
202215773500
623364074736
725014574340
627076420332
625016467500
216546120010
064246232550
201064320222
721015171500
607315567746
721016464732
625016467500
717515770100
703314174722
673164063702
667136327100
202635772500
643034420304
627516462744
203576260740
203515064746
203536027100
215060406424
311526520222
203515064734
655011120324
727476420330
677476420332
745014571312
617515167734
270101505144
325544021506
202515062744
625014171312
203536362744
715016760722
723235663500
647344072320
625016172712
727124063336
711014120350
627455564734
607305620100
547376520332
607624067336
721016066302
744321243322
716265620106
214101505144
325564021506
202155171626
203415460762
647354720322
715015667750
203035466336
737134420302
721016464322
715016464732
625015763100
623037127100
215060406424
311527020106
215012464312
713124060744
625016571712
713464073702
647515167316
203235620350
643124070752
627534520314
677444060500
723136266722
673035427100
202234620350
643124070752
627534520316
627516306424
607357120330
677354762744
203635772500
737235466100
643036662500
723364071750
677404043322
716275167316
271004321410
064246232562
201064320250
643124062322
607305564734
203315167312
715014171312
203515767500
617455773710
627105620100
547376520332
607624067336
721010664746
455015667756
271004321410
064246233140
201064320250
643124062322
607305564734
203315167312
715014171312
203475464716
643515474500
617455773710
627105620100
447144072320
647464061736
673115172322
677344063712
723464073736
713474506424
747376520356
647315420320
607554520350
675016372336
701016066302
747235663534
201064302032
051446630500
215064052320
647464064746
203024070346
627534467500
723136266722
673035435500
747376520332
607624067336
721016571712
203236420350
675016066302
745010664746
455344321410
064246233144
201064320250
643124046236
522464071750
607154620320
607464061736
667124072740
203575172320
203024067312
735016262702
717375626100
727355367336
737344072336
203515062432
053235570330
627334567350
627456320336
631010664746
455304063336
711016764322
617204074736
725015560762
203355772100
703314174500
637035562746
203355773534
201012367744
713625620106
214101505144
331464052320
627454520302
713124071336
617276320302
613376662534
201011172100
737376566310
203054520314
677375464746
641016467500
717536263302
617125602032
051446632100
447504064746
203515767500
717214166330
677564072336
203115173312
203214571312
270101505144
331524020100
201010171500
747376520340
727475020350
643124021212
466132243612
472073120252
516124047634
462624220304
727516467734
261014167100
677055667760
647376571500
723036062710
064254662732
607314520354
677234362500
627075067712
715016464344
677534764100
723214520314
607444071312
607075062746
203374620350
643124071720
647405620100
212635772500
643036662500
677056664736
727475474432
053075067746
627344072336
203416567350
203375620146
713104062336
737345421100
717214520346
607636327100
201044052320
647464071720
647404073722
663304071712
663145562312
717516272706
721015167100
324321271712
617375662346
271004043736
677114274712
202474164730
677444121032
050101505144
331544006424
201004025124
251245225124
251245225124
251245225124
251245225124
251245225124
251245225124
251245225124
251245225124
251245225124
251245225032
050321220100
202264020100
455004020100
405004020100
201004020100
202050241204
411004020230
201004020100
201004040500
201004046500
201004020100
202321505100
201011320100
455004020100
405010120100
201004020100
201010220100
201010220100
461004020100
201004040500
405004020232
465004020100
202331506424
201004045500
455004020100
405004020202
201004020100
201004041100
201004041100
202304020100
201004040500
201010120100
465011520100
202324046432
051004020226
455004020100
202024020100
405004020100
201004020204
412050241100
201011420100
201004020202
201004040500
202324020232
202324020232
064244020100
455011320100
201010140602
406024020172
365727536500
411344027100
411004046100
201004020100
406030140602
201011520100
202324020100
464321220100
202264020226
201004040500
201010120100
201004020100
202044027100
202044020230
201004020100
202024020100
405004046500
201004020100
202321505100
201011320100
202264020202
201004040500
201004020100
201010256276
275010220100
461004020100
201010120100
202024020232
201004020100
201011506424
201004045500
201004045500
405004020202
201004020100
201004041204
412050220100
202311446230
462304040500
201010120100
465004020100
201004046432
050321220100
201005225124
251245225124
251245225124
251245225124
251245225124
251245225124
251245225124
251245225124
251245225124
251245225124
251245206424
020321231154
335013167752
203074167334
677504071750
607354420336
671000406424
311547020202
713124074736
725015060754
647354720314
727344065352
667415167316
203536020302
673104062336
737344066322
657124060500
633375766176
020321231154
345013167752
203076260746
641016467500
723214520316
713376567310
203036420350
627455564734
607304073312
663374364750
745304061344
627035364734
635014573312
713624061336
673124064734
203635772744
064254267710
745340406424
311566020262
677524062322
733124063744
607074563352
663317120322
673515720350
643124061336
723515766730
627476320340
647505620100
407156462744
203024063312
735015564734
727514571500
747376506424
713134166322
753124072320
607504074736
725015560762
203476062734
621016464312
203454571750
203374620362
677536220330
647154520350
643236320356
607624060734
621014262716
647344072336
203575171720
064256464302
721017167752
203574571312
203114560710
271004043336
713516567302
723135474500
633376220362
677525420350
643236320340
647504064302
715016367732
625014161344
727416420336
727505506424
617455770340
647354771534
201010171500
747376520344
627034364100
633376220336
673124067714
203515062732
261017167752
711015062702
621014367730
663234462746
203174567350
663624073722
723204064750
064254167310
203137070330
677114571500
647356467500
605016464336
727474167310
203415162706
627464066322
657124060500
633454163722
663124061736
673075027100
202635772744
203515771346
674321261736
673515167352
627464072336
203154166330
261014267752
673075167316
203214170320
607654171310
663624067714
631016464312
203475162312
715015763100
723214520340
647507320322
671016464732
624321274736
725014171312
203454562352
617134420350
675014120310
647474772746
723235663530
203055467736
623624070352
663405602032
051446730500
547376520356
647315420320
607554520350
675016462730
661015562500
737215161720
203115171312
617515167734
203515720306
663235561134
020321231156
311013167752
203074167116
721014366322
667044002032
051446731500
607357172320
647354727010
064246233550
201016367302
713154562134
020321231156
325010171312
203635772500
667035462500
677444063312
667035462530
203415462702
717127702032
051446733100
413124071712
713235772746
355015767330
745004246602
462124220302
673104021214
426330146212
211014171312
203034361712
703514161330
625014167346
737136271534
020321231156
335013167752
203074167116
721016072750
203375620350
643124064312
607557126100
617316566746
745014766336
733136320356
647515020362
677536220320
607354471500
633535466134
020321231156
341013167752
203074167116
721016064706
655016570100
607357172320
647354720312
663474520356
643235462500
737134171322
673164074736
727444064312
607557126100
617316566746
745014766336
733136327010
064246233562
202224062336
671176420326
673376720320
677564072336
203334165712
201072631134
020321231160
301011120306
607344772100
667035362500
747376520106
531465602032
051447030500
547376520302
663454560710
745014171312
203024021646
277055774536
637236266136
270101505144
341444044516
665016262702
663317120344
627316561750
607356420350
675014467500
723215171500
717376272100
677144072320
647354727100
202575074500
623375623750
203635772500
723457120356
627036264734
634321221646
275376767536
667135623746
203075467750
643235663500
633376220350
627344066736
673515071530
203155171346
721344020222
631017167752
237454520346
723235466100
717536262500
747376520356
607356420350
674321263736
203515071336
727175020356
647515020350
643124067740
627454172322
677344060714
723136273702
713116326100
717134520362
677536220310
677076467744
270101505144
341464021646
276355161712
203075766740
727514571346
203115726100
613536420222
203115767116
721345746702
647304060500
713134362734
721016064336
723364067714
203635772744
717135463100
723364041336
741007132544
305304051750
607354667744
621344020210
677344772100
617035466100
727467306424
737124766330
203074166330
203635772534
274101505144
341504047626
271004050336
677145420362
677524771312
203114560710
270101505144
341524054736
725014360734
237504063736
203515060750
203574174534
020321231160
331012464312
713124064746
203355772320
647354720320
627454520350
675015460752
673075027010
064246234160
202414571320
607416320362
677524071720
677535462100
613374171310
203155171346
721340406424
311606720250
643124071752
613334171322
673124064302
715014166344
627034474500
613134567100
663036567306
643134427010
064246234162
202635772500
617035623750
203314167310
203214571312
270101505144
345404054736
727444072336
713414562336
203476062712
623464067754
627444072320
625016372744
633034362500
677144072320
625016760750
627444072336
737036262346
203515062500
617315163314
715341505222
721004341136
717075771312
715016464312
203056566330
715334574712
261016262710
727075167316
203515062500
617315163314
715016467500
713534261330
625014167310
203114166732
647354720350
643121505344
647554571136
627616066336
623136320320
607455566312
717475474536
270101505144
345424054736
725014171312
203035471312
607117120302
613374171310
270101505144
345444054736
727444072336
713414562336
203476062712
623464067754
627444072320
625016372744
633034362500
677144072320
625016760750
627444072336
737036262346
203515062500
617315163314
715341505222
721004341136
717075771312
715016464312
203056566330
715334574712
277137070330
677114571500
607174164734
717504072320
627325726100
623136372344
677635167316
203136662744
747515064734
635015167100
723214520322
667334562322
607514506424
607454560530
203235661730
727115167316
203635772534
020321231162
315013167752
711016467744
703134467500
717414562710
715014173702
745014167310
203115171702
703414560744
715340406424
311626420236
727075020410
064246234552
202075767316
713036472730
607515167734
715344020262
677524064302
733124061344
727236362710
203635772744
203314563534
020321231162
331012764312
713124074736
727444063336
677504071750
713235362746
203236420302
203475560730
661015067730
625014170340
627036271500
647344072320
625015560706
643235662566
203515062500
643375462432
053135564750
715014120316
677314420310
677315460744
203035662100
723214567100
617315771712
715016570100
607174164734
270101505144
345564052320
607504073702
715016372352
703234427100
202635772500
643036662500
607354762744
627104072320
625016260750
715304073720
647075020340
713374362712
621016467500
637354173500
747376520350
675014106424
703535470134
020321231162
341004063302
663316320322
673515720336
613315173322
677345602032
051447134500
203236320322
671000406424
315406020202
715017167752
203075472732
717235474500
667376662500
723214520316
677314420304
663374365530
203515062500
623375771100
717314166746
203475072750
203035662100
607536467732
607515161702
663317106424
663374365746
270101505146
301424040746
203635772500
613135662100
677554571100
723214520304
663374365500
677144063736
663104060734
621014262716
647344071750
713534763730
647354720356
647515020322
723464063744
627036406424
667036371530
203515062500
617375765500
717354560726
715016570100
613135064734
621017167752
261014271302
673115171720
647354720302
203475064746
641335362704
607044071726
627574571166
203054563336
713121505362
677524061702
671016262702
617505420320
625015166740
607314571500
747376520304
713536460730
663625602032
051466031100
547376520306
607344772100
637136420302
721000406424
315406320262
677524070344
677054161330
745016464336
727175072100
723214172100
747376520356
627454520340
713136472362
203475560744
721016571722
673164072320
625016267740
625016467500
637361505310
677575620350
643124070322
721344020220
677574573312
711304074736
725014667744
637376420336
673124064732
703376272302
673504062312
723035166134
271345602032
051466032100
547376520306
607344772100
723234520350
643235663746
203515720350
643124066722
623115462500
677144072320
625016267740
625340406424
315406520100
643035663722
673164067752
721016464312
203575167310
677560406424
315406620250
643124065722
723125420206
643036266322
625010271336
737344071750
747314526100
617375562746
203655767732
647354720310
677575620336
727504067714
203515062500
717277120302
673101505334
627036266362
203275667706
657464074736
725015763314
203635772744
203154562750
270101505146
301564054736
725014360734
237504072322
625016464312
203476471322
673164072336
200101505146
301604044336
735014467500
747376520312
743414561750
200101505146
301624020350
675014666362
203575172320
677536420356
647354771576
020321231542
301011667500
667036472312
711015067756
203214171310
203635772500
633314170100
747376571100
737235663746
261017167752
203575166330
203354573312
711014666362
270101505146
305424052320
627454520322
715015667750
203135667752
637204073722
673104064312
713124072336
203155474500
723214520326
647514527010
064246330544
202635772500
667035362500
605016272734
673235663500
653535570100
607354420324
727476420304
607454566362
203334165712
203236420350
675016464312
203376464312
711016364710
625015763032
053515062500
617035674736
671340406424
315426320262
677524071352
671014672730
661016370312
627104072336
737036262100
723214520306
663234663130
203514165712
203024071352
673355167316
203256566740
261014167310
203115767116
720321266702
657124064750
203034371336
717465620100
477376071534
020321231542
321012464312
203275172312
203514165712
715015763314
203536020322
673515720350
643124073722
663104061330
727124074736
673114571134
201013167752
203074167100
633134566100
723214506424
717516262734
637515020336
631016464312
203575167310
203354560744
663624070352
663315167316
203635772500
677154620350
643124063744
677535662100
607464074736
725015067730
621016464312
203275172312
270101505146
305524040746
203635772500
663136420316
675015763100
723214520346
723455167316
203515062500
657236462500
713236362746
203536020322
673515720350
643124060722
711344020202
715015172100
607416071336
617214571432
053515062500
717515771332
203075467752
623464060500
667036371722
733124066322
637216467322
673164061336
663504071750
713235362746
203515062500
657137171500
723536267322
673161505350
643135520322
673515720302
203475766322
621014767730
621014467710
627074164312
623455767130
203575064706
641014660730
663464072336
203635772744
203154562750
270101505146
305544040746
203635772500
663136420316
675015763100
723214520346
723455167316
261014167100
627614362740
723235767330
745016372344
677354720316
727476420336
631016764734
621014360744
713234571432
053515062500
657236462500
727404064734
723364072320
625016365762
203035662100
677536420336
631016364716
643505602032
051466133500
537036462744
203476172722
713516320336
727504067714
203515062500
677515062744
203135662100
677144072320
625015067746
625340406424
315427020250
643124070330
607354520350
607274571500
677154620302
673104063330
647136320302
727515766702
723234360730
663624072336
202135661722
673365420206
607315163336
713355160534
020321231542
345012062744
643036071500
747376520346
643376566310
203476460744
721016464312
203135663722
673124063322
713476427010
064246331140
202635772500
607454520356
627314367732
627104061362
203024064352
637124072322
617274571100
723036062500
703036260710
625014172350
627354462710
203057120302
663304067714
203635772744
064254671322
627354471534
020321231544
305012567314
677456472734
607514566362
203155771100
747376526100
523375674500
433236345500
737036320302
737035362734
627104061362
203515062500
717376567310
203374620350
643124070330
607354523746
064256460726
627374663100
607354420320
625014360730
663134420302
643134162100
723364060730
627456420320
647464066702
633234120320
647504071742
727034427100
202515062762
203334562750
203635772500
607504072320
624321242734
617235667500
607236271750
713236020302
673104063322
663304074736
725014672730
661015763100
663134162134
020321231544
311012464312
203475062712
721015060734
637464067752
721016464312
203575167310
677565602032
051466231500
445016362712
203355772320
647354720320
627454520350
643036420222
203575772730
621016760734
721016467500
717514171350
270101505146
311504047720
203337120500
202515767362
202155171626
203075766712
715016272734
673235663500
727404072336
203635772530
203035662100
643124066336
677276320332
607105620100
407315420362
677521505334
677515161712
203236320320
647464073712
721014660706
625014167310
203215171500
613535463722
673164066752
717075462746
203054563336
713124064312
203416267706
627134471500
723364061312
607504074736
724321264734
723364072302
617364063322
663315167316
270101505146
311524052320
625014567316
647354520346
723036272346
203216566732
647354727010
064246331154
201014567310
203174166712
020321231544
335011120306
677535462334
237504063322
673104060734
745340406424
315447020262
677524060744
625015667750
203074171344
747235663500
607357127010
064246331162
200321220100
201011772750
203374620350
643124063730
677375520306
677334571500
605015660726
627104071322
623136220352
703375620302
203575064750
625016364312
627405620100
212575067500
623036262746
064256467500
723454166740
663124072740
677344072320
625014771336
727354420336
631016464312
203474360744
627107721100
643124060746
657136327100
202214520340
677235672346
203035620302
617076571722
673161505314
647354762744
203036420362
677524060734
621017167752
203476562310
627355474500
713134166322
753124041736
657124064746
203236420102
271345627100
202036320362
677524063302
663304072336
064256464312
203176267752
673104061312
637175167316
203155771100
667136261762
261016464312
203455162312
711016262732
677554571500
643236320320
627034420302
673104074736
725016362712
064256464302
721016464322
715015171500
673364067744
623235660744
745016264710
627445420304
727504067734
625015763100
723214520314
607335772746
203055172132
613454164734
715015763100
677314426032
052255764334
201052464312
202034361752
717136221100
517315761336
723235327100
200321204504
477354362500
445015060710
203474574100
737236464100
747376571100
723636062534
211015062500
717075773730
715304021304
727505420334
677564066762
203215771332
677354571432
053214173312
203456567100
677536427100
202115162530
203155772730
203076262702
723536262530
202115162502
210321204656
647515064734
202474561736
673116320350
643124071726
745016472744
673464061330
607075326100
607354420314
713375520350
643124061730
677534471500
633035466346
203021505316
713134172100
613375472100
677144066322
637216467322
673164071750
713235364734
635017167752
203475720310
627034427100
537236362730
745304074736
725015462702
713344072320
607501505214
647471320322
715014262762
677354420362
677536220332
627035671534
202415064730
663236064734
677464062336
203415460762
202155171626
271004043736
677114274712
270101505146
315404054736
725014171312
203035471312
607117120314
663635167316
203515062500
657236462534
020321231546
305011745530
201040406424
315466220032
050321251236
476324044634
202024046602
552121505100
201004020100
201324026532
201321505100
202344020100
204101505146
315464020432
052564020100
425004102032
051466332100
204321220100
515004020102
020321231546
325004106424
201004020100
201005520132
265005502032
051466333100
271345621650
304101505146
315564037174
370101505146
315604046322
673124072336
675015467734
635005526500
647356072750
203234767336
713134427010
064246331562
202151151626
202052543564
201000406424
315506020240
663134171712
203536362500
723214520204
526164061736
667334167310
203515720344
627415771350
203515064746
270101505146
321424044734
633235664750
625015467736
701014462750
627076462710
203235620202
623112570134
020321231550
311011167314
647355172312
203315767740
203114572312
617514562100
647344044746
447511167134
020321231550
315011464734
625016467736
203315767316
201325520306
677356464734
727235663534
020321231550
321012464312
203155766330
677575167316
203235670352
721016764730
661014262500
647175667744
627107202032
051466432500
271040406424
315506620222
673155167322
723124066336
677404062312
723134372312
621015167100
502231653212
471340406424
315506720250
643036420322
715015667750
203024073302
663234420344
677375520334
727334262744
270101505146
321604047312
637036464754
625016267736
665015672732
613136227010
064246332162
202224061702
671176420314
647354420350
643036420344
677375527010
064246332540
202515062500
617375566702
673104071762
673514174100
647464047212
536451747632
201715672732
613136237100
677444047212
536451747632
201047467302
667127621010
064246332542
202515062500
617375566702
673104071762
673514174100
647464046612
516470143612
201715672732
613136237010
064246332544
202515060750
203236320334
677504060500
733035464710
203334571746
607174520334
727334262744
270101505146
325464052212
542513750236
446352442644
201724002032
051466532100
502211146212
462131643650
441004036500
020321231552
325010462704
727174764734
635015672732
613136220336
727504067714
203055772734
623465602032
051466533100
423134272716
637235663500
673535561312
711015667750
203476062706
647155162710
270101505146
325564047626
020321231552
341012464312
713124064746
203355720340
713374362710
727454520314
677444021106
531425621010
064246332562
201072631500
020321231554
301013167752
203575166330
203214173312
203515720314
647354420322
721017167752
713474566314
270101505146
331424052320
727105620100
523216562134
201004352142
473364067734
625014167346
737136271534
020321231554
311012464312
713124064746
203024002032
051466631500
203214571312
270101505146
331504054736
725014360734
237504063712
721014172100
020321231554
325013167752
203334174500
737035672100
723364072344
745016464344
677575167316
203236420346
677334573720
627454527010
064240526550
202515064746
203474367744
625015560726
627464074736
725016464312
203575771346
721010664746
455016066302
747136220322
671016464312
203215171750
677457120336
631016464312
203174166712
270321243736
677114274712
270101505132
315011060754
625017167752
203075767346
647114571312
621016272734
673235663500
633376220316
677554571334
677447702032
051326220256
647515020302
203474367744
625015464726
625016464322
715017167752
203475067752
663104066736
733124072336
202354573500
453136271712
745340406424
265424044516
733124071712
627344061736
617276267702
617214571500
623364061312
723514571100
723214167100
747376527010
064246020250
643236320346
617376262500
637236662746
203635772500
723214520344
607355320336
631014162354
627356472744
627445620100
443034420362
677524071706
677454562100
723215171432
053215163720
203375620362
677536220246
406504771530
203635772500
617376566310
203214173312
203174164734
627104060710
667236472302
673074520350
675010262744
657135462762
270101505142
202635772500
643036662500
723214520222
272425620336
631014120332
607456364332
607315467756
270101505144
202515064746
203474367744
625014764754
627464074736
725016464312
203454167326
203374620352
673236662744
717236474500
703454571722
623135672134
020321231500
547376520320
607554520350
643124044534
505344067714
203024070322
673165570336
673164061302
663305602032
051504054736
727444061344
607235620322
715015560710
625015763100
617454560732
203374620356
643134172134
020321232500
547376520302
713124060500
737134567322
625340406424
331013167752
203214173312
203134171334
627104072320
625016260734
655015763100
517035472100
467036271720
202214171354
627476420232
677536362534
020321233500
547376520334
677564064302
733124072320
625011127242
203374620302
202311752246
203075767346
727316460734
721340406424
341012464322
715014567350
647515462746
203635772500
723364072320
625011750212
512032447644
203414171746
737376262134
020321234500
547376520336
613555167752
717317120310
675015667750
203136662734
203214173312
203515062500
445352127100
677144060500
723374171750
627444067754
627345620100
242056572100
723214567032
053515760746
723136220336
733135671500
617035620350
627315420350
647334527122
020321230540
202635772500
607454520346
667036272312
711016464302
671016464312
203075767726
270101505142
305013167752
203036262500
703454572350
745014767736
621340406424
305444054736
725014171312
203554571362
203454571740
627076460704
663125602032
051426320262
677524060744
625015166740
713136371722
733125602032
051426420250
643236320316
647554571500
747376520350
643124071302
673264067714
203334171750
627445602032
051426520250
643236320316
647554571500
747376520350
643124071302
673264067714
203176260734
621015560746
723136227010
064246133100
523215171500
637236662746
203635772500
723214520344
607355320336
631016764764
607454427010
064246133500
523215171500
637236662746
203635772500
723214520344
607355320336
631015564734
677444062312
647517127010
064246134100
523215171500
637236662746
203635772500
723214520344
607355320336
631016764734
673136227010
064240530100
405016260722
673116267740
203075772730
621015364730
661017167752
203235620362
677536220306
677354464750
647375627010
064246120262
677524061736
727314467116
721014262702
721016570100
605015560744
717215560730
663376727010
064246220210
677344772100
617455771746
203035674500
627036272320
737376266746
355011120356
677344772100
633234764350
203155771100
747376527010
064246320256
643036420302
203575166740
270101505150
202224766500
717214165722
673164064734
203337120304
677376471534
020321232500
547376520302
713124060704
663124072336
203575172320
717514167310
203024063312
735015367336
617276327010
064246620262
677524060744
625014161330
625016467500
737236464346
723035662100
605014662756
203275667706
657465602032
051564054736
725014367752
663104072302
657124061312
647354720326
673374365712
621014171336
727354427010
064247020262
677524061736
727314420350
607274520304
627235663500
657355761726
627104060744
677535662134
020321234500
547376520320
607554520350
643124071750
713135663750
641015763100
605015560746
723374467734
270101505142
301013167752
203214173312
203515062500
717516262734
637515020336
631014120332
607476467710
677345602032
051426120262
677536220246
607336367734
267315165712
203476471312
673176464100
663234571500
673376420322
671017167752
711015060722
711304061352
721015167100
723214520336
623376206424
747376520316
647554520336
633145602032
051426220262
677524060744
625016464312
203334560734
627476420346
677344067714
203024061322
723075020322
671016464312
203174166712
270101505012
315567134500
202515062500
617375765500
723216267756
715016473736
203334560750
203075462702
733136271500
703036372100
747376571100
643134162100
265324072320
627624071750
647075320314
607476420322
670321272320
625016760730
661014262720
647354420362
677525602032
051466734560
201012464312
203075767726
203414171350
715017167752
711015060722
711016764750
641014120306
607456664734
635015367322
633125620100
523214172100
737036320306
663376362534
020321231556
345564020202
203334560750
203075462702
733136220356
643237275312
715014274500
607354420316
713037262746
203635772744
203134171134
020321231556
345544020250
643124061720
627144061344
727236362746
203635772744
203155771312
643134162100
737236464100
605015672750
667134727100
202024073712
663504061312
637235671500
723364071322
717125602032
051466734552
201012464312
203075767726
203515771746
627464060500
667134172100
633376265534
201011172100
717515161726
715015167100
747376571100
607455520314
677444060500
667375562734
721304061352
720321274736
725016072730
661015172100
677536420302
673104072320
713376720322
721014260706
655344020262
677524063312
627304073712
607274571100
607464064750
203054171312
663624066722
717474571534
020321231556
345504020202
203314162312
661014371302
717214571500
647356467500
723214520346
647114520336
631017167752
711014660706
625014167310
203475560746
643136320362
677536220324
607574267734
625301505330
627036664734
635017167752
203476062712
617215462746
715340406424
315567131500
202515062500
617375765500
623376571712
715017167752
203575172320
203055764730
647354720356
607514571134
201011772706
641020406424
315567131100
202515062500
617375765500
667376662746
203235620306
663376362500
607354420316
677534762746
203635772744
203075062712
655016764750
641014120306
677455371706
713136727100
202055467736
620321273712
663316320314
713375520362
677536220314
607074527010
064246333562
305004052320
625014367736
655016071336
623534362746
203024061720
607235671702
735014671336
665015172346
203215162322
673164070330
607074520302
673104070344
677074562710
715016467432
053475464706
625014120332
627036466336
607144063344
677324074736
727444072320
647175027100
202055467736
621016372344
627035571500
623376767100
747376571100
663134720302
673104064734
723364074736
727441505346
643374527010
064246333562
301004052320
625014367736
655016373722
673176320302
203334560750
643375765500
607354420322
721014360750
617214571500
747376520322
671016464312
203335162310
663124067714
203635772744
064254364312
717505620100
547376520350
607476462500
613315767710
203455171722
673164064734
203635772744
203515071336
607504060746
203635772500
623136370312
713036462730
745016262732
677554506424
723214520356
627036067734
270101505146
341406020100
523214520306
677375320346
663535570346
203376662744
203375620350
643124071750
677554526100
717515767312
203114560710
271004044322
715014267710
745016262750
727455671500
633455766432
053575062734
617124064750
203074166712
270101505146
341406120100
473234362500
723457126100
613536420362
677536220346
723034220332
647476362746
203515062500
717315166762
203054171750
607454420304
745014120332
647314527010
064246334140
311004052320
625014367736
655016764734
617136320302
715017167752
711014462714
721015367322
633124071750
713375362500
617036461720
627464064322
665015767100
723214520302
713325602032
051467030146
201010266336
677104067736
753136320316
627356466362
203156267732
203515062500
617375765516
715015462714
721014171332
203036320362
677536220326
673234662500
637454175312
715015172134
020321231560
301504020202
203175767710
203415765712
205004054736
725014471302
735014266336
677104063344
677324072320
625014367736
655176320350
643234764134
020321231560
301524020202
203056272750
607304071730
647074520500
202635772500
713135567754
625015064746
203456562322
727464066702
743235572746
270101505146
341406620100
547376571100
657355163312
203074172306
643136320350
643124061736
677264061312
723574562734
203515062500
713234271530
203056572100
643124071312
723454560750
715014262714
677454506424
747376520306
607344072356
647476420302
673104072320
713536372134
020321231560
301564020262
677536220350
643456571750
203314167310
715015767100
723214520306
677375323746
203475766302
711016066312
743536335500
723214520326
673234662500
717515161726
715015167100
633376206424
605015567732
627356420302
673104063302
663316320350
675016464312
203155467736
711344020262
677524064302
717515166362
203454561736
733136220350
643124073712
607415767100
607464072320
625014367736
654321272352
713356320304
663534520302
673104062312
717414571302
723135474500
607516462732
703516320350
675016262706
677554571100
643236320304
713134172320
270101505146
341407020100
407464072320
625014367736
655014367732
627464063336
711017167752
261017167752
203154564734
203214566340
663136371734
627476320304
745014471336
703415167316
203635772744
203275664714
625301505350
643135620350
727455620336
671015064732
203575172320
203024061344
677274567100
613376472330
625014167310
203315762316
625015172100
647344064322
715016464344
677036427100
202635772432
053214171750
647317120344
627075773312
711017167752
711015367322
633124060734
621014173702
647504064322
715015662760
721015567754
625005064714
203035674522
270101505146
341407120262
677524071720
677564074736
727444072344
727124072302
663135672100
607464074736
725014460744
647354766362
203335773312
203235620306
663376362530
203114563350
663624071730
647404074736
727441505326
673234662500
703036372100
723214520306
677375323746
203114563312
673474571530
203035662100
717215773312
203236420322
671014462712
701014262750
737134567100
643236320344
647056327100
202635772432
053516764746
721016464312
203055460710
625014167310
203515071352
717504064750
203235620310
627136062744
203036320350
643124061736
677264063302
663316320304
607075373702
713116320336
727504067714
064254367734
723455766134
201011062500
617035623750
203314171750
203336561720
203315767316
627445602032
051467030540
201013167752
203075766712
203235620330
677564060734
621016366322
617124072320
713134526742
727036272312
713464067714
203515062500
737037120350
643455772716
641016464312
203075767726
237461505330
627165620100
447504064746
203375666362
203214167316
647354720336
671014274500
605016372344
647354727100
202175767710
203475067750
270101505012
301004020100
201004020100
201004025124
251245225124
252132251236
511011647500
512371746500
442132242500
251245225124
251245225010
064245530500
547376520306
607344772100
637364072320
713376563720
203515062500
617135166322
673165602032
051326220250
643136262500
607454567116
721014167362
203215766312
715015167100
723214520314
663375771100
737215161720
203036262500
613234720312
673376563720
203515720340
627455564750
203414171746
607174527010
064245531500
523214571312
203236320302
203476462712
661014760750
625015167100
723214520356
607625602032
051326420250
643136262500
647464067336
723215167316
203056572100
677074560734
203235620350
643036420310
647454561750
647375627010
064245532500
547376520306
607355667750
203076267746
715016464312
203154567306
625340406424
265544052320
625014467736
711015171500
617315771712
621340406424
265564052320
625014467736
711015171500
663374365712
621014167310
203074167334
677504061312
203376062734
627105602032
051327020250
643136262500
647464060500
613375765706
607474520350
643136262534
020321226562
202515062500
617375765500
737235466100
673376420330
627504074736
725014274534
020321226542
301012464312
203315767312
663624070312
713475767100
737375623750
203314572100
747376520336
727505620100
447504060740
703134171346
203036320322
631015062500
737035672346
203635772432
053515720326
627136020320
647324061736
667414167362
270101505132
305424042312
607104042734
621344020222
237324063736
647354720304
607075327010
064245530544
202515062744
625015171500
605016760730
661016464312
713125602032
051326131500
523214571312
203236320302
203454164730
647354720350
643136262534
020321226542
321012464312
713124064746
203024070322
721016464312
713124060734
621011120302
665015667750
203476571312
203234620222
203075772730
621015560726
625015172100
623376767134
064251163100
747376520244
426031446262
203574167350
203515720316
675016464312
713125420362
677524061736
727314420350
713624065352
667415167316
270101505132
305524047336
203334172350
627444064336
735015060744
621017167752
203155460740
261017167752
203575767116
721014666362
270101505132
305544044750
237464060500
663375663500
737037120310
677575620410
064245530556
202635772500
617035623750
203175720350
643036420356
607625602032
051326134100
523214520310
713034767734
203054566330
677576320314
663035562500
607354420340
713136662734
723464074736
725014671336
665016060746
717235663534
020321226542
345012464312
203455173312
711015171500
723375720310
607354762744
677536320314
677444071756
647335564734
635340406424
265446020262
677524061702
671176420316
627504070302
717504072320
625016472744
673476464730
625340406424
265446220250
643124070302
673214167310
663136220316
713034271500
747376571100
607455520302
673104072344
647136320350
675016071362
203515062500
623235562500
633455766500
747376571032
053515163720
723317120306
663376362710
203155171750
271004054736
725016370752
647455520302
737037126100
613536420320
625016071312
733135672346
203635772500
633455766500
627356462744
647354706424
723214520340
643375662500
613375772320
270101505132
311464051736
667136464322
673164074736
725014171312
203074171344
747235663500
737375623750
203155172134
020321226544
321004020100
202515064746
203236320350
643124062734
623174166712
203455767732
271004052320
627454520302
713124072320
677536360734
623464067714
203414567740
663124064312
713121505306
677354771302
723535460750
647354720362
677524060734
621016364302
657235663500
747376571100
643035662134
201012464312
713124064746
203024066752
713336571100
677144021256
643364064746
203515064746
064244351536
637537127756
677334167136
203035662100
737217120320
607554567116
721011120320
627036262100
677144021646
277215166536
643136227500
613134667744
625764220344
647475167316
203156267732
203035567734
635016464312
665344020250
643136262432
053236320302
203115767744
203375620350
643124067336
713515026100
607354420302
203314171316
625016267740
625015460710
623136220330
627034464734
635016570134
064241505100
201004052320
625016062736
703314520334
677515161712
203515062500
623236363752
717515167316
203515064734
635015767100
747376571100
663134720302
673104072320
713376720362
677524061302
617265602032
051326232500
523214520310
677376220322
715016372352
617264060734
621014360734
673376420304
625015770312
673134427010
064245531154
202515062500
717574166740
203236320352
673076267746
717034266312
270101505132
311564052320
627454520322
715015667500
723536267322
673164061302
617264067336
735340406424
265447020222
203115767116
721015367336
735015167100
633455766500
677536420320
627454527010
064245531162
202515062500
737375473312
715016367302
713304060734
621016262714
727474520350
675015462750
203635772500
703036372134
020321226546
301012464312
203215766312
203236320350
677364064322
637204072336
203454560706
641340406424
265466120222
631017167752
203036262500
667134167322
673164072336
203075464732
611016464312
203455770312
261017167752
203214162100
613136472312
711014471336
701016764302
721017167752
203036262432
053074171344
747235663500
633236271750
203475720350
643036420362
677524061702
671015067730
621015767134
020321226546
311012464312
713124064746
203355720356
607624067752
721340406424
265466320250
643124071322
733136220322
715016467736
203475060730
663376720350
675016062744
667236420340
607476360716
625340406424
265466420250
643136262500
607454520306
663234663346
203515062744
625340406424
265466520250
643124071322
733136220310
677136320334
677504071352
671015167100
723214172100
623236262706
723235767134
020321226546
331012464312
203414171746
607174520322
715014266336
617274562100
613624060500
613455161726
203574166330
270101505132
315564044714
203635772500
637364072320
607504073702
745017167752
203575166330
203215172100
723214520344
677075374500
713236662744
203055772350
677325602032
051326334100
547376523744
625015167100
605016372704
667036264734
625304067336
721014167100
607236270330
607354527010
064245531562
202414571320
607416320362
677524071720
677535462100
663036567306
641016464312
203476561100
633236271750
270101505132
321404050312
713214170346
203635772500
717215772730
621015460734
621016464312
203476561100
633236271750
270101505132
321424054736
725016767752
663104062344
677575627010
064245532144
202515062500
637375462100
613315761726
203236320350
677364066302
713174520350
675014664750
203515071336
727175020350
643124064302
723075027010
064245532146
202515062744
625015171500
605014360734
747375620350
643136262534
201011172100
663375765746
203315165712
203635772500
607315567746
721015564716
643504061312
203034266312
064256467500
653535570100
607076267746
715015172134
020321226550
321012464312
203475167316
663124071720
627136420320
607354764734
635014467756
671014671336
665016464312
203575167310
677564064746
203515767500
717215771350
203515720344
627034364032
053515062500
637455772734
621340406424
305010462746
627456402032
051546020240
627355167346
727314102032
051546120240
627355167346
727314102032
051546220250
607315420210
727354502032
051546320240
627355167346
727314102032
051526732500
517234462756
607315302032
051467020220
647175020220
647315402032
051426720250
607315420210
727354502032
051467120230
677564051740
677500406424
321504051322
617274572362
202215772746
624101505150
305011667744
723204051722
623124067714
202455161726
627517120220
677536362410
064246431100
517376572320
202475162312
203374620244
647075362750
745011067752
717120406424
321464041302
617264067714
202455161726
627517120320
677536362410
064246434500
523376020336
631016464312
203116260722
673415170312
020321232540
202455767714
020321232542
202455767714
020321232560
202036467730
660101505152
345012364312
620101505152
301404040750
723234302032
051526230100
413134471336
677320406424
325446120204
627116267736
664101505152
305544045722
723075062734
020321232542
341011464754
647354720244
677375502032
051526232500
523134171100
423534372010
064246220210
627474571350
020321231500
423136362744
720101505150
202114571712
713500406424
325010462746
627456402032
051544042312
717136272010
064246720210
627474571350
020321234100
423136362744
720101505162
202114571712
713500406424
305404042312
717136272010
064246430100
437036262312
670101505152
311012067744
617200406424
325464052734
623136220250
643124044312
623174502032
051526420220
607314673702
745012570010
064246532500
447344052320
625010366336
727116302032
051526720236
671012464312
202054171344
627300406424
325406220220
607314620256
607624042336
737340406424
325406320204
677516467732
203374620220
677314502032
051526032100
437454560750
202214166330
020321232542
305012172712
627344771500
437036262312
670101505152
311544021602
276315767312
663624051336
677325752734
663375662730
745012267736
665360406424
325426220212
673516260734
617124072336
203334175312
020321232542
315010574322
721016467500
667037262410
064246530550
202454172100
513034362410
064246533144
202416374706
641011460704
020321231140
311012247636
465011147100
405011540664
424101505146
335604051236
476324044634
202024046602
552120406424
325447120254
607455162716
607514562100
417035674736
670101505152
315404051750
627136020222
673075464734
624101505152
315424047752
723475162312
202314163702
713134565702
020321232546
311004243336
677104220330
647354502032
051526231500
423235664734
635012267736
664101505152
315464042322
673235663500
443035466010
064246531550
202275172306
643135602032
051526631500
437314171746
202074564730
647354720244
677375520010
064246531156
202334166732
677515020244
677375502032
051526033100
427354420336
631016464312
202516567334
627304067714
202114171326
673136371410
064246530152
202254170302
673136362500
437035466312
713620406424
325407020250
727355662730
203374620210
607455367312
717460406424
325407120212
673114760732
625012267736
664101505152
335544047752
723475162312
202476561356
607620406424
325566720246
727056760762
202476460750
647375602032
051526734500
517534273702
745012372336
700101505152
331604042344
607175767100
513375766410
064246533542
202054171712
667135672010
064246533544
202155774712
710101505152
335464046336
607115167316
203115761726
020321232560
301012060730
607074502032
051527030500
517534273702
745012066302
723155771332
020321232560
311012767730
631012267736
664101505152
341464046702
713624771500
513375766410
064246130500
523376020336
631012364302
633500406424
305444050312
673235671752
663020406424
305464050312
673235671752
663020406424
305504050312
673235671752
663020406424
305544047752
723475162312
202174172312
020321230552
202235671722
623124043702
723120406424
305604041312
607075002032
051427120204
627034364010
064246230100
413134161720
020321231142
202054560706
640101505144
311010262702
617200406424
311464041312
607075002032
051446420204
627034364010
064246232500
413134161720
020321231154
202075760746
723035420244
677034402032
051446720206
677036372302
661012267702
620101505144
341010367702
717514166100
513374162010
064246234500
417374171750
607304051336
607100406424
315404041736
607476460730
202455760710
020321231542
202075760746
723035420244
677034402032
051466220206
677036372302
661012267702
620101505146
315010367702
717514166100
513374162010
064246332100
417374171750
607304051336
607100406424
315524041736
607476460730
202455760710
020321231554
202456561304
663120406424
315564051352
613055462410
064246432500
472564041736
713354571010
064246433100
472124041736
713354571010
064246433500
516564041736
713354571010
064246434100
516124041736
713354571010
064246530552
202055772350
677324067714
203476460722
713464002032
051526732100
427354463702
667124051336
677320406424
325566020204
607515071336
677320406424
325547120220
607315402032
051506030500
417534262500
513375766410
064246430144
202415067734
625010267736
723200406424
321406320246
727056760762
202516260722
670101505150
301504043752
627476420204
627116267736
664101505150
301524046702
717514571100
413134471336
677320406424
321406620230
607354464734
635012372344
647400406424
321406720202
647456066302
673124041736
617276064750
020321232560
325012367752
723204051720
607314520250
727355662730
020321232560
331011667744
723204051720
607314520250
727355662730
020321232560
335010267750
723375520336
631012364302
633500406424
325607020204
677535462312
711012060746
714101505152
341624041336
727314462744
202414171746
020321232562
301012471302
617276320244
677375502032
051527130500
463374162322
673164042336
617260406424
325626220236
671016464312
202455770312
020321232562
315011767100
723214520244
677414502032
051527132100
437454562734
202455767732
020321232562
325011067750
202476067750
020321232562
331012467740
203374620212
663136660750
677444051720
607156402032
051527133500
413376472336
665015763100
427314573302
723376220246
643034672010
064246534560
202335162310
663124066312
733135402032
051527134500
417535473312
713504071336
677320406424
331406020204
677516467732
203374620246
723375662500
517514570346
020321233140
305012467740
203374620246
723375662500
517514570346
020321233140
311010566312
733036467744
202475060706
654101505154
301464051752
613334171322
673124041302
717120406424
331406420244
647554571010
064246630152
202535662312
713574172312
710101505154
301544041730
647154620240
607476360716
624101505154
301564052734
623136273702
723136202032
051546034100
413535466346
267137162500
533234573410
064246630162
202455173312
711010567310
020321233142
301012373702
667400406424
331426120216
677455167100
513375766410
064246630544
202476760732
700101505154
305464041336
723515766500
677144051750
677354520246
723136071410
064246630550
202515770100
677144051750
677354520246
723136071410
064246630552
202414171746
607174502032
051546133100
503036371702
637120406424
331426720240
607476360716
624101505154
305604044302
663304067714
203515062500
407354364712
673504052336
703375467716
647476471410
064246532540
202135462706
723455161702
661012267736
664101505012
305004020100
201004054736
725014171312
203235620350
643124066722
623115462500
677144060500
733036372100
623136362744
721016372344
627514364322
673164067752
721015167100
607315406424
623236262706
723235767346
270101505146
341013167752
203036262500
607515770100
605015064730
661015167100
723214520332
647114466312
203374620302
203114571712
713505620100
407055773312
203635772530
203024072320
727354462744
643134162032
053236320314
677455564734
635664066336
673164071750
713134165746
203374620330
647175072334
647354720314
663036364100
623376767100
633455766500
723214520320
627036662734
715344020246
723454167316
627317106424
627355772716
641304072320
677534764130
203515062500
663234764350
673235663500
623374571500
673376420346
627135520350
675014262500
717516264726
647354720350
643124063744
677535662134
020321230556
201004020100
202635772500
607454520336
671016464312
203515770100
677144060500
723035466100
623535662500
647344072320
625014462746
627456427100
202515062744
625015171500
064244020100
201014120346
723455767316
203575167310
203075766722
673164063344
677324072320
625014360734
747375620336
671017167752
711016264716
643505620010
064246334500
201004020262
677524060744
625015167100
605014772730
663625602032
051506420100
201004020262
677524060744
625015767100
723214520356
627476420346
647114520336
631015763100
607344067730
621015067752
717125620100
407315420350
643124062734
723454167306
627464060744
624321261336
607454462710
203536020302
673104064750
203036070312
607456320302
715015163100
723214571312
203236320334
675016760762
203515720312
673514571100
647505620100
523214571312
203036262432
053476462740
715015062744
625015462702
623235663500
727404072336
203024070336
713075027010
064246430500
201004020100
547376523744
625015767100
723214520334
677456464100
717234462500
677144072320
625015067752
717125620100
523214571312
203236320302
203476462712
661014467736
711015062744
625340406424
321444020100
201004054736
725176262500
677344072320
625016367752
723204071722
623124067714
203515062500
643376571712
271004052320
627454520322
715014120320
677314520322
671016464312
203574166330
064255763100
723214520320
677536362500
643136262530
203036070302
713135672330
745014671336
665014120314
713536372344
607514562100
433236345712
711176320350
627036264734
635014120310
677376220314
713375506424
647516320320
647354762746
270101505150
315004020100
201013167752
203036262500
647344061302
617264067714
203515062500
677314420320
677536362534
201010166330
203515062500
737235662336
737464060744
625014366336
717134427100
202021505330
607454762500
623454164734
703236062530
203075773312
713134420356
647515020314
677376470344
647356471530
203314560710
715014671336
665014120356
677374462734
203454164734
613036271312
660321267734
203515062500
637455772734
621016467500
723214520344
677374627100
202024070302
723204066312
607116320302
737037120314
713375520350
643124064336
727474520350
675016464312
203134171750
270101505150
345004020100
201013167752
203036262500
677344072320
625016267736
631015763100
723214520336
663104064336
727474526100
723214520350
647334262744
715014262730
677564074736
725014371312
607261505302
673104063744
677035620314
713375520362
677536220356
627234764350
271345602032
051526020100
201004020262
677524060744
625015767100
723214520344
677374620336
631016464312
203375462100
613535166310
647354727010
064246530500
201004020100
547376520302
713124067734
203515062500
713375763100
677144072320
625015766310
203056564730
623235663534
201010172100
747376571100
633134572130
203024066302
713174506424
717436560744
625015171500
617536420322
671016464312
203475064734
637314571534
201012464312
713124064746
203024064302
673115462500
677344072320
625016370752
607454527010
064246534100
201004020100
547376520302
713124067734
203024071732
607315420302
723375466100
647344072320
625015564710
623314520336
631016464312
203374362702
671344020222
721015171500
607055772750
064256462734
203154562750
203575162312
203035662100
723214520336
673317120350
643235663500
677344064750
203236320336
673124071706
713036767362
203414166332
203516262712
270101505152
345004020100
201013167752
203036262500
647344072320
625014760744
623135620346
643134427010
064246530140
201004020100
547376520302
713124064734
203515062500
607516464706
203374620350
643124067730
621014272722
663115167316
271004052302
713035672352
663024071740
647114571346
203114171720
064255167350
675016464312
203075771334
627456320302
721016464312
203056264716
643515662746
715015763100
723214520330
647175072134
201010120346
723035171356
607624066312
607116320310
677575627010
064246531140
201004020100
523215171500
605016464734
745014262710
713375766534
201012464312
713124064746
203035620312
743236420336
671016464312
203134171750
270101505152
311424020100
201012464322
715014120350
647357120304
627116267736
665344020250
643136262500
647464060734
203137064750
203375620350
643124073712
717504060734
621014120330
607454762432
053215766312
203235620350
643124061712
647315167316
203154171100
607055773312
203635772744
203454560706
641340406424
325426620100
201004054736
725014171312
203235620350
643124065722
723075062734
203374620350
643124067730
621015067752
717125620100
447504064746
203374273322
677536320350
643036420334
674321267734
625015464754
627464064312
713124061362
203515062500
663037162744
203374620310
727476420356
643234364100
617376662744
715014573312
713636464322
673165620100
477344072320
625015667744
723201505356
607315426100
653536372100
607055773312
203024066712
723035420346
647355326100
647464060734
203375462100
737036462744
203416566740
261015761354
647376571730
745016567352
717134420346
647354362432
053515062500
637454560750
203116267752
637216420302
673104070344
677054161330
745016571712
663136371534
201012464312
713124060744
625014574322
723464072336
203515062500
673376272320
261016367752
723201505302
673104073712
717505602032
051526134100
201004020250
643236320322
715016464312
203315173322
673164071336
677324067714
203515062500
677314420320
677536362534
201011767100
677354520356
607315420322
715014120330
607454762432
053415771350
713035172100
677144044534
465344043322
716264062302
723134420154
275466127556
345344020252
673155771350
727354172312
663625420350
643124063336
713334571100
677575662744
715015763032
053515062500
643376571712
203214162100
733136274500
703375771100
723036372312
261016364734
617124072320
625016067744
723454164750
237464071752
613254561750
203474562732
715016467500
643036662500
613134567032
053235620302
671015762310
203335767710
203575064730
625016067746
647354727100
201211120316
727136371500
643124063736
721016364706
655015763100
717236472322
673164071750
647315427134
270321264312
667376271320
677234471500
607454520334
677504072734
643134171310
203374620322
671016464312
203114571712
713505624500
202515062500
717374660500
607354420350
643124071352
635014467500
673376406424
667036461720
203135172320
627445420336
673124071312
621304060734
621016464312
203376464312
711014271322
637216420340
727456066312
271004047734
203515062500
717376572320
203475162312
203374620350
643121505344
677375520346
723035662100
723575720330
607454762530
203056572100
617316572350
627454562130
203334164336
637035674500
613375765746
643135473312
715304060734
621014262750
737134567032
053515062732
203236320302
203314171316
625015467736
657235663532
637314171746
271004044734
617316562312
621015167100
723214520330
647056260744
745015171500
605016370302
617124063336
711016464312
064254660732
647317120306
677417120336
631004243222
516264220304
745011127232
271010664746
455304060734
621014262734
627036464100
647504064746
203024061352
717504067714
203515062432
053036572320
677445620100
523214571312
203036262500
627615172346
203515720350
643124062702
717505420334
677456464312
607476426100
607354420334
677456464356
627476427100
201072027650
643121505304
677375361702
717124064302
715015770312
673134420336
727516760744
621016467500
713136662702
661014120334
677456464100
717514164744
737037120330
627034464734
635014467756
671345727410
064246531152
201004020100
523215171500
647464060500
663375663500
617635464734
623455161702
661014367744
713234467744
271004046336
673164071750
713134165746
203334171326
203515062500
737035466346
064256764312
713124067752
723074171750
203315773312
713464064302
733124061744
647134420350
643135171100
643134171350
715015772750
271004041312
617036571712
203374620350
643121505306
677456264710
677444771500
677114420346
643036062530
203635772500
617035620346
723235466100
633035167350
663624064312
607444072320
625016262754
627454262744
607515167734
714321267714
203475761346
203575064706
641016762744
625016572350
627454562100
623134360710
627464060716
675344020250
643136262500
607454520340
607476360716
627464066312
607115167316
203515706424
723214520312
607476420302
673104073712
717505602032
051444020100
201004020262
677524060744
625015167100
723214520332
647114466312
203374620302
203554171750
203114571712
713504071750
713136461720
647354720336
727504064734
203035466032
053115171312
617515167734
715340406424
315004020100
201004054736
725014171312
203235620350
643124066722
623115462500
677144060500
733036372100
623136362744
721016372344
627514364322
673164067752
721015167100
607315406424
623236262706
723235767346
270101505150
201004020100
201013167752
203036262500
647344072320
625015564710
623314520336
631014120354
607476420310
627474571350
203476471312
723075064734
635015772750
203235620302
663301505310
647454561750
647375671534
020321232500
201004020100
202635772500
607454520322
671016464312
203335162310
663124067714
203024073302
717504062312
717136272100
717516262750
617215167316
203376572100
647344060730
660321262322
713134372322
677356327100
202515062744
625015171500
605016460730
661014662734
617124072336
203515062500
673376272320
627036372134
020321233100
201004020100
202635772500
607454520322
671016464312
203335162310
663124067714
203024073302
717504062312
717136272100
717516262750
617215167316
203376572100
647344060730
660321262322
713134372322
677356327100
202515062744
625015171500
605016460730
661014662734
617124072336
203515062500
673376272320
270101505156
201004020100
201013167752
203036262500
647344072320
625015564710
623314520336
631014120354
607476420310
627474571350
271004052320
627454520322
715014120350
607315406424
633135661712
203515720350
643124067336
713515062702
717504060734
621016460730
661014271336
737344064312
623174520350
675016464312
203475772750
641340406424
341004020100
201004054736
725014171312
203235620350
643124066722
623115462500
677144060500
733036372100
623136362744
721016372344
627514364322
673164067752
721015167100
607315406424
623236262706
723235767346
271004052336
203515062500
627036372100
747376520306
607344062322
717074571334
203515062500
677536466322
673136320336
631014120304
727235462322
673165602032
051624020100
201004020262
677524060744
625015167100
723214520332
647114466312
203374620302
203554171750
203114571712
713504071750
713136461720
647354720336
727504064734
203035466032
053115171312
617515167734
715344020262
677524061702
671016362712
203515062500
677074560734
203515720350
643124071736
727515062702
717505602032
051426020100
201004020262
677524060744
625015167100
723214520332
647114466312
203374620302
203554171750
203114571712
713504071750
713136461720
647354720336
727504064734
203035466032
053115171312
617515167734
715340406424
325566520100
201004052320
647464064746
203024061736
673076262750
625016060750
641016764322
617204071312
717135561330
627464060500
717234462756
607315327100
202024071722
637344064302
673175167316
064255062744
625016360762
715004246712
723455727104
201012464312
713124064746
203024070302
723204066312
607115167316
203134171750
203035662100
717514164744
737037120330
627034464734
635014467756
671340406424
321404020100
201004021652
276515064746
203236320356
643036420322
715015462714
721015763100
737214172100
737036320336
673074520302
203174171310
627344063336
711016464312
203455161726
627517106424
643376571712
271004044750
203574171500
677056664736
727475474500
677354362500
663536364100
607354420316
713134567130
203056572100
673376720302
663304072320
607504071312
667035167346
064255171500
613536267350
203035662100
613455773734
271004040500
717216264754
627314562100
613455773734
203214562316
625016272734
715014166336
673164072320
625015667744
723204062734
621015763032
053515062500
637036262312
671304060734
621015172100
607416062702
713464060746
203234620336
673124061736
727314420334
627036266362
203076260756
661016567310
627444064750
261015167350
674321260500
667036371500
677144062344
647134420304
713035661720
627465620100
523214520330
607454762500
723454562746
203575064706
641015767306
625016372336
677104064312
713121505302
713124067302
657134426100
613536426100
647144066762
203055167730
677177120322
715014367744
713134372130
203024063736
677104062336
727474520336
631016760750
627444066722
637216406424
613455167316
203475766712
203374620350
643135520304
607075320350
675015464714
625345752320
647464064746
203515062500
637036262312
671014667744
203515062500
713234365712
723624064336
727474527100
202035472320
677534764100
647504064746
203515772302
663317106424
727355362732
703505420350
643136262500
607454520346
647175671500
677144066322
633124064734
203236427100
202024071720
713236662730
627104061344
677575620320
627114762500
713535671500
607315767316
064255172346
203355771350
641014567310
261014167310
203236420302
703414560744
715014171500
647144067734
625014367752
663104067312
607455474500
617454173730
203535662312
711015172130
203235672336
203021505332
607476320336
631014471322
627104061344
607354364312
715344020202
203414171350
647076566302
713317120330
607454762500
703314167350
203036070312
607456320306
663235561302
613314527136
020321232546
201004020100
202515062500
613454167306
643136320336
631016464312
203214562316
625014171312
203554571362
203515064706
655015062744
625304060734
621016464312
713121505322
715014120330
607454762500
643375462500
643136262500
623136361712
673115167316
203235672336
203114171326
673136371534
020321232556
201004020100
201004054736
725014171312
203476460734
623235663500
677344072320
625014260744
713135420322
671014260706
655015763100
723214520214
647471320332
607356364736
671344020250
643136262432
053236320334
677515064734
635015763100
647356462744
627476420320
627454526100
607354420350
643124067734
663624073702
745016467500
637364064746
203115773734
270101505152
301444020100
201013167752
203036262500
673376720320
607314620356
607624062336
737344072320
625015067730
625344020250
643236320322
715015167310
627134420302
203454172320
627441505346
723454167316
625015767312
261015172100
647464066322
673134420356
647515020306
727414267702
713116327100
202236420302
703414560744
715014171500
647144071736
667135767312
203334165712
715015064746
064255067732
625015062744
625340406424
325406320100
201004052320
647464064746
203515062500
613376472336
665015763100
723214520346
643034672134
201013167752
203036262500
647344072320
625015564710
623314520336
631014106424
643534762500
703235462500
677144063312
607515062744
715016764322
617204067704
733235772746
663624060744
625016571712
621016467500
617536364322
677344072320
625014660730
663464067714
064256464336
717124073720
675014567350
627444063344
677324072320
625016467740
271004052320
627454520322
715014120340
607476360716
627574174500
663134162322
673164073712
717505602032
051526032100
201004020262
677524060744
625016372302
673115167316
203235620350
643124061712
673514571100
677144072320
625010771312
607504044302
663305620100
523214520306
627235464734
637461505320
627454520302
713124067754
627444030540
301014662712
721015064716
641304067704
733235772746
663624067752
721015763100
713134161720
203155771100
747376527100
202375620350
643121505334
677456464100
717234462500
677144072320
625016267736
665015171500
605006621100
667376571712
203215766312
261014167310
203256571750
203515720350
643124066312
633504067714
203236406424
647464060500
617457171750
607304072302
613314527100
202515062744
625014171312
203476462740
715015462702
623235663500
727404064312
713124072336
203515062500
627036372134
201010172100
723214506424
613376472336
665015763100
723214520346
723136071500
717375562500
667536364344
677375571500
607454520316
713376764734
635344020202
203414172320
203314560710
715016367752
723205602032
051526130500
201004020262
677524060744
625015167100
723214520342
727134567116
715014760744
623135627100
202316571720
203554563712
723036464736
671015464734
627464064750
714321270302
723216327100
202236420346
627135571500
607464072320
677534764100
703135770330
625015060754
625014262712
671015062744
625016262706
627356466362
261014262706
607536362500
723214506424
637454171746
203236320346
723235466100
703034365712
621014671336
665014667736
723416264734
723465620100
523214571312
203036262500
703036464346
203175764734
635014560746
721304067336
713515020302
673101505346
677536464134
020321232544
201004020100
547376520302
713124067734
203515062500
703376261720
203374620350
643124064336
727474527100
202515062500
633455767350
203115767744
203374620350
643124064336
727474506424
647464066336
617274562134
020321232550
201004020100
547376520302
713124064302
663144073702
745016570100
677354520336
631016464312
203514166330
627476426100
717516267734
637136372100
703314167350
715015167100
723214506424
433236345500
633035564730
745014760744
623135627010
064246532500
201004020262
677524060744
625014366322
673175167316
203515720350
643124072336
701015763100
605016460730
661304071730
647324070330
607356427010
064246531154
201004020100
216025747714
631015167100
677354520306
677455662744
203374620350
643124071336
677324071722
723464060500
673036372362
203315172350
663124066702
671344020222
721014170340
627036271432
053515060750
203214520322
715016662744
745015467734
627317127100
202235620314
607076426100
445014467734
237504061312
663234573312
203214520322
715014767722
673164072336
203314572100
727461505336
727504067714
203214571312
261014166350
643376563720
203515062744
625014171312
203374273322
677536320312
743236471500
723364072320
625016762746
721014167310
203515062500
627036372134
064251060734
637235663500
605016364336
713504062322
717514167306
625014161336
733124064322
715016372336
677304064746
203024066322
723515462500
717234767100
617036273312
621015167350
675016464312
064256267706
655016464302
721016262702
623467206424
064244020100
201004020100
201004020100
201004020100
201004020100
201710146202
471741505032
052515062500
663236472330
625015560734
203236320344
727355664734
635015064746
203155167316
627456320350
643455772716
641015064746
203054560744
621014167310
203315767726
647354720354
627457106424
623236372344
627476362710
271372464312
713124064746
203024066322
723515462500
717234767100
643136262500
723214172100
713134162346
350321206424
201004020100
201004020100
201004020100
201004020100
201004020170
406310147100
375007606424
274101505152
305444020100
201012464322
715015171500
723214520312
673516260734
617124072336
203515062500
633236271750
203516272712
203334175312
203235620302
671015167350
627454161750
647554506424
703455763744
607324066322
657124072320
647464067734
625344020222
671015771310
627444072336
203274562740
203515064734
637464071722
667415462530
202224073722
663304071312
633136206424
723364071336
677336320322
671016464312
203155766330
677575167316
203574174564
064241505100
201004020100
201004020100
201004020100
201004020100
201004023524
251164036500
605016760730
661341505100
201004020100
201004020100
201004020100
201004020100
201004023500
201164036500
605016267736
665015167350
675016764322
617204074736
725014360734
203335773312
270321206424
523214520336
673317120354
607315162100
623236262706
723235767346
203036262500
471304051530
202125420256
270321206424
523214520344
677375520362
677524060744
625015167100
663375765746
203315165712
203515064746
350321220100
201004020100
201004020100
201004020100
201004020100
201004125124
251241505100
201004020100
202436562712
671176320216
607454462734
201004020736
674321220100
201004020100
201004020100
201004020100
201004020100
201004125124
064253167752
203036262500
647344072320
625016267736
665015460704
663134420356
647515020302
671004767736
234101505152
305464020100
201012464322
715015171500
723214520312
743236420314
713375520350
643124066702
753125606424
064244020100
201004020100
251244020124
250321220100
201004020100
201245267736
251241505100
201004020100
201005526532
265325506424
201004020100
201004051302
721012260706
624101505144
301444020100
201004020100
265005526500
264321220100
471004020102
251245225124
251021505256
201004042500
205004067736
201004106424
201012320100
201025225100
201245220432
051004020100
201004026500
265324026410
064246333560
201004020100
201004026500
265324026432
051004047100
201004125124
201005225102
064252720100
202124020524
253375725124
204321220100
515004020102
251244020124
251021505100
201004020100
201324026532
201320406424
325426420100
201004054736
725014171312
203476571344
677535662312
621014274500
663036263712
203575064750
625016260750
715014167310
203135667744
667376571500
613454560710
617456571750
715340406424
325546220100
201004054736
725014171312
203235620240
713374662746
717376220264
647334260744
623364771500
503477161720
677315763762
203314161134
201011767100
677354520336
631016464312
064256460704
663136320322
715014120346
667035466100
667037262534
201012464312
713124064746
203024071750
627135420310
677376220346
627504067734
203214560754
745016370344
647354771500
677341505350
643124067336
713515020356
607315427010
064246531162
201004020100
547376520302
713124064734
203024066752
663515126706
677315771312
621014360734
747375627010
064246531540
201004020100
547376520302
713124071706
607315167316
203024071750
627136020322
673075464734
625340406424
325466120100
201004054736
725014171312
203376572346
647114520350
643124046302
637036262712
657024043336
677104051712
713555161712
261016372344
677354720336
623376271500
607454506424
627334167302
723235663500
633455766500
737236464322
671015172346
203574166330
715344020250
643124062734
723454167306
625015171500
723364072320
625015667744
723205620100
523214571312
064255171500
605016060750
641015462702
623235663500
623376767100
605016372312
627404064734
617315167312
203036760762
203156267732
203214571312
270101505152
315444020100
201012464322
715015171500
723214520104
633375762104
203315167312
203036420230
607174171312
627274127100
202535663336
713516567302
723135474530
203236420302
703414560744
715014171432
053234620350
643124061736
677264062322
623344772100
703314167100
607214560710
261014667744
203515062762
203474562732
203515720304
625015772750
203374620312
733136274750
643235663534
201012464312
713121505302
713124062760
647516320350
675016464312
203134171750
203035662100
673376272320
270101505152
311464020100
201012464312
713124060744
625014574322
723464072336
203515062500
627036372130
203574571750
261014167310
203355771350
643574571750
270101505152
315464020100
201012464322
715015171500
667035167100
623235664734
635015060730
661344020250
643136262500
647464060500
717234767100
643035663722
673164067734
203515062500
627036372312
713341505356
607315420350
643036420346
607636335032
050321220100
201004020100
201004020100
201004020100
201004020100
361011344650
416210547100
370101505152
315504020100
201013167752
203036262500
647344072320
625015364750
617214567100
677144072320
625011460716
607454562726
605014464734
647354720320
607315427100
202515062744
625014171312
064255460744
637124071750
677354520356
607315471500
677344060730
661014667752
711016364710
627464067714
203515062500
713375766534
201010167100
627615172100
647464072336
203515062432
053574571750
203035662100
605014467736
711015171500
723364072320
625014560746
721344020106
435372464312
203115767744
203236320340
713376070312
621015770312
671014274500
605014266336
617264067714
064254767730
621372464312
203115767744
203236320346
643536420302
673104066336
617274562136
270101505152
331464020100
201013167752
203036262500
647344060500
713375766500
737236464100
605015064716
641014766302
717464061712
647315167316
203476570340
677456462710
203057120314
677536220330
607454762432
053415166330
607456327100
202354560744
203515062500
673376272320
203574166330
203036262500
717375562500
627355771332
677536320332
727475071336
677336327100
202515062744
625015171500
605014760740
647354706424
643375462500
643136262500
647344072320
625015667744
723204073702
663305602032
051526233500
201004020250
643236320322
715016464312
203334166732
677515020344
677375527100
202116260756
671015767100
723214520306
627235464734
635005060704
677536420142
301404063312
627504072740
245301505302
713124071712
733136260730
203475362750
617214571500
677144070344
627215171750
677455161500
607355166702
663465620100
523214571312
203236320302
203476462702
623624073722
673104061330
677575167316
064255062744
625304073720
647075020322
715016071336
613034266362
203116562500
723364072320
625014567336
713335772746
673136371500
677144072320
625016267736
665344020250
643236320344
677375520320
607461505340
607476360716
627464066312
607115167316
203374663100
647344062754
627457120306
677354362722
733034266312
203115171312
617515167734
270101505152
301544020100
201004353536
547376520302
713124060750
203515062500
627354420336
631014120316
713134172100
723535667312
661016372344
627514364322
673164067752
721016467500
723214506424
717376572320
271004043752
607454464734
635016464322
715014567310
203374620350
643124072352
673354566100
647464060500
717035572744
607224073702
713455167744
203116262746
717134406424
647344063352
663304061302
723515462500
607455567744
271004044734
203215171500
713234764350
203214167310
203214520320
677314471500
643236320330
677354720306
727456662710
064255364730
663235663500
717575771310
271004051730
647175072330
745015763314
203515720336
673124071722
623124067714
203515062500
713375766500
647464060500
663036263712
203176260734
647514506424
717314161134
201010462712
703317120312
667054562310
627104064734
203515062500
717314161100
647464060500
717575771310
203355772100
727355464726
625016464302
721015763100
723214506424
737036271322
677445420304
727504063302
711015567744
625014566312
637035672100
647344071720
607414520302
673104071750
747314527100
202236420322
715014660746
643235767312
621016764750
640321260500
637375462100
613314162312
261014167310
203315767726
715015464726
625015667500
216465766702
671376767732
607345720330
627476320350
643035620302
201072327726
647354727742
727134567136
203114571712
713554571500
723364072746
625015172134
276635772500
607454520302
721015767312
203135662100
677144060500
637454560750
203516567334
627304066312
607115167316
203475772750
641015167350
675014460744
657354571746
270321247714
631016467500
677354520346
647114520322
715014167100
627355771332
677536320344
677075327136
020321232540
325004020100
202635772500
607454520322
671016764302
721016262732
607235671500
677144060500
453036060734
627474520356
607455467744
621176320314
627534460730
203215766712
270321247312
607455474500
723214520312
673515171312
203215772746
625015060746
203054562734
203114571750
713377162710
203057120332
677356367736
673465602032
051526034100
201004020262
677524060744
625015167100
607344062760
723454566712
663624062302
713264072352
673354566134
201012464312
713124060744
625015464716
643516320302
721016464312
203355771350
640321260734
621016367752
723204062734
623465602032
051526034500
201004020250
643236320322
715016464312
203135662316
607334520344
677375527100
202515062744
625014171312
203515067752
717035662346
203374620340
627376066312
203214571312
064256764750
641014472704
647376571500
663375765746
203375620350
643135171100
633034362746
271004052320
627454520322
715014120332
727455572744
203374620104
537215720322
715016464322
715004351536
637537127756
677334167136
064254167310
203575074500
623374571500
216465764312
277475062536
203515064734
655004351536
643125771720
625364771500
637375167316
203515720316
627504064734
723364072320
625014567310
637035562576
211016264746
647354720314
713375520302
667375663432
053515062732
271004052320
627454520322
715014120310
677376220336
671016464312
203355771350
641304060734
621014120330
607454762500
713376062500
663034462312
711015462702
623235663500
727405602032
051526733100
201004020100
523364072320
625016762746
721015171500
605016060746
717034762756
607624061312
747375662100
737215161720
203635772500
617035620320
627036220350
643124061736
673476460734
720321271352
667055464734
635015763100
723454164734
715340406424
325566720100
201004020250
643124073702
663316320320
627454520302
713124061736
733136262710
203575172320
203116264712
621014266336
677104060734
621016067746
723136271500
677144040762
607515766330
607201505226
643375562722
673225620100
523364072320
625016762746
721014171312
203516260722
671016471302
617276320356
647515020302
203516260722
671016262702
623624072336
203114570302
713505606424
405016472744
673476464730
625016071312
733135672346
203635772500
633455766500
713134161720
647354720350
643124072344
607235626100
613536420362
677524061702
671014762750
203515720350
643121505350
713034365746
203057120316
677235663500
623376767134
201010120346
667035466100
717234767100
717037171564
064244242302
673174571102
201010467500
673376420316
675015662702
711016464312
203516260706
657464121010
064246533562
201004020100
202515064746
203476467740
203236320350
677514166330
745014260744
713135627100
202515062744
625015171530
203215773712
733136226100
605014367744
713234467744
203314560710
647354706424
627036372134
201012464312
713124064746
203024072344
607235620320
627454520356
647515020322
723464062336
677456320336
703135627010
064246533160
201004020100
405016060746
717034762500
663134162346
203355771350
643134171750
261014272750
203236420322
715014772702
713114562100
613624060500
643534762530
203176262712
671304063322
627454362432
053116260716
677345620100
547376520306
607344066312
607554520350
675016464312
203574571750
270101505152
335424020100
202635772500
607454520322
671016464312
203054171712
667135672100
677144072320
625015766310
203215772746
625344020250
643136262500
647464060500
703036371702
637121505330
627034464734
635016762746
721014167310
203476460722
713464066312
607115167316
203536027010
064246533544
201004020100
523215171500
647464072320
625014667762
627444067714
203515062500
677314420320
677536362534
201012464312
713124064746
203035620312
743236420350
675016464312
203475772750
641340406424
325566320202
203475560730
661016364716
671016360762
715641505022
044233757676
576773757676
576773757676
576773757676
576773757676
576773757676
576773757432
050221104770
201004051706
643134472730
627104063336
711016262734
677554172322
677356320100
760321204422
047701104422
201004020100
201017406424
044221176100
433236345500
417375671750
713534372322
677344053736
713276320222
673065620370
200321204422
047713757676
576773757676
576773757676
576773757676
576773757676
576773757676
576777406424
064252464312
203315760710
647354720310
677075320322
715016372744
713376567310
627104061362
203024071322
733136226100
607354420350
643124065722
723075062734
203236320350
675016464312
064256762746
721340406424
325606020250
643236320322
715014120330
607454762500
703035460706
625304073722
723204060734
203137064750
203236320350
675016464312
203475772750
643574571750
271004052320
624321221646
277275167316
277436562712
671364071712
627336320350
675014262500
677536427100
202024071312
617135672100
627036272320
707534165712
203214171500
677414567312
621016570100
604321270302
717474163712
203515720350
643124062702
717505602032
051527030500
547376520302
713124067336
735015767100
723214520346
727056760762
203415460750
633376266534
201011167100
633455767350
203374620362
677524064746
203024071752
613574174432
053516260722
671016764750
641015172346
203115767744
715015770312
671344020236
633144072336
203375662500
717234462500
717514167310
715014120330
607454762500
717234767100
737215161720
064256262702
623467206424
064241505132
265325526532
265325526532
265325526532
265325526532
265325526532
265325526532
265325526532
265325526532
265325526532
265325526532
265325526532
265325526532
265325526532
265325526532
265325526532
064244020100
201004020100
201004020100
201004020100
201004020100
202155171626
202036262702
202454170322
621012471302
673475172032
052574566306
677334520350
675016464312
203575771330
621176320314
607476462746
721014167310
203335771750
203135662744
637625562714
633234364712
673504071752
613574174500
723454164734
205004052320
647461505214
647471320340
607514567350
627104071752
613574174500
623136364716
671015662712
623464067734
663624060500
613636462500
677144062734
627454774500
723364065712
627404064750
203456567334
647354727032
052515064746
203516260722
671015171500
723376460730
663624060752
723375560750
647067220256
643135620350
643124062336
677456320336
703135626100
717037120104
613374171310
211016467500
627356462744
354321273720
627344074736
725014462706
647114520350
675015462702
733125420346
607624021310
647474566704
607455321100
677444021330
627036662534
211004052320
607355320362
677524063336
711016264710
647354706424
737236464100
433236345530
203035662100
643036070362
203314167310
647354771502
064241505132
265325526532
265325526532
265325526532
265325526532
265325526532
265325526532
265325526532
265325526532
265325526532
265325526532
265325526532
265325526532
265325526532
265325526532
265325526532
064241505032
051004020100
201004020250
643136262500
647464060500
723454164734
203214571312
203575172320
203236471500
623375771346
203376062734
270101505152
341444052320
627454520302
713124062760
647516320350
675016464312
203134171750
203035662100
737136372134
201012464312
203134171750
627455620336
673124064746
203414171350
663621505304
663374365712
621014274500
605016060722
711015763100
737375473312
715340406424
325606320262
677524064302
733124063336
727354420350
643124073702
745014260706
655016467500
723214520336
663104064336
727474527100
202515064746
203455767732
261014462706
677454172312
620321260730
661015167100
703235665500
607354420340
627454662706
723317120302
713454167316
627105420100
677056664736
727475474500
613135467734
637464072336
203024066322
723515462500
637236266134
064253167752
203334174500
623136361712
673104072320
713376563720
203024064336
663124064734
203515062500
633315767744
261014272750
202224062336
671176420350
643235665500
747376520306
677535462032
053174572100
613034365500
727405620100
405016060746
717034762500
663134173312
715016467500
723214520356
627476427010
064246130500
547376520302
713124060750
203515062500
723376020336
631014120346
643034672100
663134162322
673164062336
737344064734
723364060500
717035472100
667235662534
020321230544
202635772500
607454520336
671014120316
713036371762
203415460722
671015767100
605016062734
647356372730
605015763100
723214520322
717314167310
271004052320
625015761712
607344064746
203515706424
723214520356
627476420302
673104072320
627454520322
715014120314
627354362500
723364072320
625016367752
723205602032
051426420262
677524060744
625015767100
723214520340
663035167100
647344063344
677356420336
631014120346
667035466100
717214161726
271004043744
627624063344
677324074712
607456306424
677144073712
607515062744
647354726100
723214520304
607516462744
627104061352
647314464734
635015467736
657464060746
203515067752
637204064750
203575166330
203154166330
203115773734
203035674432
053335167352
723125620100
447516320330
607454762500
623375771346
203214173312
203154166330
627344067714
631304060734
621016464312
203174170322
673164064336
663124072336
203515062500
737136372100
737235466032
053414571332
647504062702
717624062734
723457127010
064246131500
547376520302
713124067734
203024063744
607476374500
703314164734
203375620302
203414567322
673476566302
203374620350
643124064746
663035662134
201012464312
713124064746
203035606424
677074560734
203375620350
643124067336
713515027010
064246630100
547376520302
713124067734
203024070312
673235671752
663024067714
203515062500
647475460734
621344020250
643124067706
627035620322
715016467500
723214520334
677456464100
607354406424
723214571312
203236320302
203074167362
677344072336
203515062500
627036372134
020321233146
202635772500
607454520336
671016464312
203134171750
203475162312
203374620350
643124061702
673635767134
201012464312
713124064746
203024063312
673074520350
675016464312
203475772750
641001505302
673104072320
625015761712
607344064746
203375620350
643124062702
717505602032
051546220262
677524060744
625015767100
723376020336
631014120350
607315420310
727354520336
671016464312
203134171750
203475162312
203374620350
643124061702
673635767134
201011172100
647461505354
627457120356
647354474500
727404064312
713124102032
051546120262
677524060744
625015767100
723214520312
607476420346
647114520336
631016464312
203074167362
677345620100
523214520336
617134167100
647464062702
717504060734
621015667744
723205602032
051426520262
677524060744
625015767100
723214520334
677456464100
717234462500
677144060500
667036371722
733124071750
627135420316
607514527100
202515062744
625015171500
605014360734
747375606424
677344074736
727444071322
637216427010
064246133100
547376520302
713124067734
203515062500
717376572320
203475162312
203374620302
203334171746
647554520346
723134566100
637036462534
020321230560
202635772500
607454520336
671014120304
663034365500
717035662346
203054560706
641344020250
643136262500
647464067706
627035620336
671016464312
203355771350
641014167310
203375620350
643121505356
627476427010
064246134500
547376520302
713124067734
203024061330
607075320346
607354471500
613134161720
271004052320
627454520322
715015761712
607344072336
203515062500
673376272320
270101505144
301013167752
203036262500
677344060500
613314161726
203474167310
715014262702
617205620100
523214571312
203236320336
617134167100
723364072320
625015667744
723205602032
051446120262
677524060744
625015767100
605014266302
617264071702
673116320304
627034364134
201012464312
713124064746
203374362702
671016467500
723214520334
677456464100
607354420336
671016464312
064254560746
721340406424
311444054736
725014171312
203375620302
203055460706
655016360734
623464061312
607075027100
202515062744
625015171500
677074560734
203515720350
643124067336
713515020302
673104067734
203515062432
053574571750
270101505144
315013167752
203036262500
677344060500
613314161726
203474167310
715014262702
617205620100
523214571312
203236320336
617134167100
723364072320
625016762746
721340406424
311504054736
725014171312
203375620302
203055460706
655016360734
623464061312
607075027100
202515062744
625015171500
677074560734
203515720350
643124073712
717505602032
051446520262
677524060744
625015767100
605014266302
617264071702
673116320304
627034364134
201012464312
713124064746
203374362702
671016467500
723214520356
627476427010
064246233100
547376520302
713124067734
203024061330
607075320346
607354471500
613134161720
271004052320
627454520322
715015761712
607344072336
203515062500
737136372100
607354420346
677536464134
020321231156
202635772500
607454520336
671014120344
677034420356
643234364100
713535671500
607315767316
203515062500
717376572320
203475067744
625015763100
723214520322
717314167310
270101505144
341013167752
203036262500
677344060500
713374162100
737215161720
203456567346
203035467734
635016464312
203475772750
641016364336
713124067714
203515062500
647475460734
621340406424
311624054736
725014171312
203375620302
203455760710
203575064706
641016272734
715014166336
673164072320
625016367752
723204071720
677454520336
631016464312
203236366302
673105602032
051466020262
677524060744
625015767100
605016267702
621016764322
617204071352
673464060730
677354720350
643124071736
727515020346
643376262500
677144072320
625015171730
607354427010
064246330500
547376520302
713124067734
203024071336
607104073720
647075020344
727356320302
713376567310
203515062500
717376572320
627036372100
617376267312
711015763100
723214520322
717314167310
270101505146
311013167752
203036262500
677344060500
713374162100
737215161720
203456567346
203035467734
635016464312
203134171750
203475067744
625015763100
723214520322
717314167310
270101505146
315013167752
203036262500
677344060500
713374162100
737215161720
203456567346
203035467734
635016464312
203134171750
203475067744
625015763100
723214520322
717314167310
270101505146
321013167752
203036262500
677344060500
713374162100
737215161720
203456567346
203035467734
635016464312
203134171750
203475067744
625015763100
723214520322
717314167310
270101505146
325013167752
203036262500
677344060500
713374162100
737215161720
203456567346
203035467734
635016464312
203134171750
203475067744
625015763100
723214520322
717314167310
271004052320
627454506424
647464060500
633135661712
203515720350
643124067336
713515020350
643036420302
703414560744
715016467500
613124072734
617455771746
607055462534
020321231554
202635772500
607454520322
671014120340
647314520336
631016272704
613314527100
202515062500
713135560722
673464067714
203035620336
663104061352
647314464734
635340406424
315564054736
725014171312
203235620302
203415166312
203374620344
727054266312
271004052320
625016262732
607235671500
677144060734
203375462100
613535166310
647354727032
052515062500
677074560734
203315162746
203515720350
643124071736
727515027010
064246432500
547376520302
713124060750
203515062500
673376272320
737136372100
617376267312
711015763100
723214520320
677536362534
020321232154
202635772500
607454520302
721016464312
203355771350
643134171750
203075771334
627444067714
203515062500
643376571712
270101505150
335013167752
203036262500
607504072320
625016367752
723216762746
721014367744
673136220336
631016464312
203215772746
625340406424
321604054736
725014171312
203036420350
643124071736
727515062702
717504061736
713354571100
677144072320
625015067752
717125602032
051526634500
547376520302
713124064734
203024064302
663316760762
271004052320
627454520302
713124062336
677456320322
671014166332
677476420302
663304062322
713134372322
677356327010
064246533540
202515064746
203236320350
643124061302
723216267736
665015763100
723214520336
663104064336
727474527100
202515062744
625015171500
607344062760
647504067734
203515062500
717376572320
270101505152
305524054736
725014171312
203036420350
643124061336
723515766500
677144060500
633315163720
721015763100
717514164744
715344020202
203414171746
607174520330
627034471500
717376572320
270101505152
335504020100
201012464322
715015171500
723214520312
673114760732
625016267736
665344020250
643136262500
607454520350
643376571702
673116320336
631016062736
703314520320
627454506424
617375663744
607516566302
723235663500
747376520302
673104071720
607275167316
203635772744
203214167310
271004052320
627454520322
715014120332
727455572744
203374620104
537215720322
715016464322
714321221646
277176574536
737375560734
275014167310
203575074500
643036662734
237504044500
643134171310
203374620106
515375064732
277214571136
203054563336
713127721100
713236364734
635014671336
665014166736
673164072320
627325620100
523214571312
064255171500
605014467736
711015767100
723214520334
677456464130
203035662100
605015460744
637124071336
703124066302
623114571100
663134162322
673164072740
270101505150
301424020100
547376520302
713124064734
203515062500
617135672312
711015763100
605016366702
663304061752
613234366312
271004047734
203515062500
673376272320
203475162312
203374620350
643121505344
677375520350
643136262500
647464060734
203375462132
723235562500
737035465532
647344070320
677354520304
677376464134
201010262750
737134567100
747376520302
673104072320
624321261336
677515026100
643376762754
627445420322
715014120316
713134171762
203414167320
607354466312
711304073720
675016362712
667464072336
203054520356
607514364322
673164074736
724321273312
713624061702
713134672730
663625620100
523214571312
203236320334
675016760762
203376572134
020321232140
311004054736
725014171312
203235671722
623124060500
703215767312
203055767750
641344020250
643136262500
647464060500
703215767312
203214167316
647354720320
627454527010
064246430150
202515064746
203054562344
677375520302
703414560744
715016467500
613124072734
727474562134
201011167100
633034372130
203375662500
667234764350
203176562746
715016464302
720321267336
203376464312
711014574340
663376262744
203214162100
627554571100
627356462744
627104064750
271004051750
713035663712
663624062734
677534764130
203515062744
625015171500
673361505304
627104064312
713125620100
523214571312
203036262500
605014467736
713574174500
723364072320
625014560746
721304060500
703215767312
203055767750
641016467500
723214506424
717376572320
261014167310
203024073722
673115773500
647344072320
625015667744
723204073702
663305602032
051506032500
407344062760
723454566712
663624066752
717076566302
711017167752
673164066702
671015171500
663635167316
203375620350
643124061312
621304071734
677455167316
271071027432
052235620320
647464066736
727515020322
715015767312
203135662100
677144060500
643376362500
723214172100
663134162346
203376572100
723214520310
677376220322
673515720350
643124067312
743504071336
677325627536
064250161706
677454464734
635016467500
723214520312
743514567346
647554520344
627034464734
637464044500
737036320344
627436564744
627104072336
203115720336
671010664746
455014762734
627375467716
745301505350
643124074736
727354720332
607344064746
202225646534
237464067312
703214573500
607354420336
673317120346
727456664754
647354720344
627314172322
733125420250
677357120104
523214520250
677456472744
627444206424
433236345530
203024063336
713334571100
737376266310
203416267714
627476364736
673035420356
713136372330
647354720306
643035570322
677345620100
523214571312
203236320302
203115767744
737037120350
674321272320
625016762746
721340406424
321406620250
643236320322
715016464312
202155171626
203416264754
607514520330
607354464734
635016372344
647405620100
523214520214
647471320314
607335166362
203035171340
663035662500
647464067734
203515062432
053476471322
701304071312
633534566312
621014167310
203454560710
745016467500
637365621632
275004043352
667136320302
713124070336
727455167316
203376572100
677144072320
625014574320
607536372100
703236062534
275361505250
643136262500
647464060500
633036561712
721015062744
625070627530
203575172320
203574172312
711014666336
737235663500
633455766500
647505727136
020321232140
335013167752
203036262500
647356364710
625016464312
203415460734
625344020250
643136262500
607454520346
677334520322
673476471352
617515167734
715015062744
625340406424
331426120100
547376520302
713124071750
607354464734
635015167100
723214520306
627356462744
203374620302
203314171316
625016267736
665344020236
633144064734
203515062500
617376267312
710321266322
627464060500
643534762500
425334272746
202175771312
203075773312
713134420356
647515020304
727176320302
673104063736
713175167316
203215166746
627314620336
671015560716
673136464706
203514170312
270321244750
203036070312
607456320302
715015163100
643124064302
715016366322
703414562100
605014464746
655304063336
711015064746
203477171750
627324062336
627475623750
203474562732
203515720304
624321271352
673355167316
271004041322
723464067714
203215166500
607454520346
617036472312
713134420302
613376572100
723214520344
677375527100
202515062500
425334272746
202175771312
203236306424
617214171316
647354720344
647175072100
633376220362
677525620100
523214571312
203236320302
203414172320
203314560710
647354720336
727504072336
203515062500
717376572320
270101505150
301464020100
201004052320
625016372704
737037120356
607315471500
607454520310
627075771302
723134420356
647515020316
713034663322
723224060734
621014162354
627456464746
627334567350
715014667744
064251561610
677354166310
715344020250
643124071712
607516320320
607554520302
663304061312
627344062312
717516267762
627107320362
677524766330
203214173312
203515720346
723035662134
020321232560
325004020262
677524060744
625015167100
605016472734
673135426730
647274520340
607476360716
627574174500
617036273312
621015167350
675016464312
203475763350
203475060730
624321271336
617264067714
203515062500
677074560734
203054562134
201012464312
203574166330
715015763100
723214520350
727355662730
203036262500
737376267100
717335767750
641304060740
703036262734
723317106424
723214520344
627476566350
203374620362
627036271500
677144073702
723136220312
713376364736
671344020250
643124072352
673354566100
617375672322
673534571500
723364072320
625015667744
723205406424
607354420336
703135671500
677536420350
675016464312
203475772750
641340406424
325606620100
202635772500
607454520322
671014120350
727355662730
267315165712
203414171746
607174573702
745014360744
733134420322
673515720350
643124071736
633504071720
607314506424
713374365500
677144072320
625015761712
607344061312
621344020250
643124073702
663316320336
631016464312
203516567334
627304060744
625016767744
671016366736
677515026100
607416060744
627356466362
064256464312
203454571752
663504067714
203634560744
715015763100
737036462744
203136267746
647375627100
202515062500
607236220320
627454520322
715014762750
723235663500
673376464706
627034266362
064255567744
625015072732
647105420302
673104060500
663234764350
203056262712
753124061702
671014262500
633135472100
613315773722
673164062336
737344072320
625016472734
673135420314
713375506424
723214520334
677456464134
020321232560
335004020100
202635772500
607454520302
721016464312
203055772350
677324067714
203575060750
203574171500
677354362500
605016364302
633504063336
711014120346
647316662744
203335167312
270321247714
631016467500
677354520346
647114526100
663234764350
203415772744
715014467756
671016464312
203475060714
721015763100
605015072716
625014566312
733036467744
203575064706
640321260740
703036262734
723317120356
607464072746
627104063336
711016471302
673476067744
723235663500
737376265712
713464060734
621015560750
627455160730
715015167100
607354420336
727504067714
064256464312
203335167312
271004052336
203515062500
627036372100
747376520306
607344071712
625014120320
727174520304
677535462312
711304073722
723204060500
717516571310
745016361744
627565562762
624321262344
647315462710
203235672336
203236426100
737215161720
203476471312
723075062746
203035466100
723214520356
607624064734
723364072320
625015662760
721016267736
665344020236
671015767312
064256760730
661015171500
605016364734
637314520344
677535662100
613536472336
671344020252
673155771350
727354172312
663625420350
643124061352
723515767100
647464066302
613135462710
203235606424
677056361752
713124060734
621016567322
673514566330
647175161330
625011572710
623314535100
202232451500
667036265722
673176320302
713124066712
607355167316
663136371534
201012060750
643461505330
627034420336
633144072336
203515062500
717376572320
261014560746
721304060734
621015667744
723205602032
051527034100
201004020262
677524060744
625014260744
627317120152
301014662712
721014671336
665016464312
203055772350
677324067714
203515062500
667235662500
717214163350
261014272750
203515062432
053414171746
607174573702
745015171500
613315761726
627104061362
203515062500
613376566310
627445620100
405016060746
717034762500
663134162346
203574571750
270101505152
341624020100
201013167752
203036262500
613036262730
745006530100
633134572100
633455766500
723214520304
677516467732
203374620350
643124066722
673124071720
607156435500
723214506424
613376566310
627444064302
715014262712
671015567754
627104030556
203235661720
627464063344
677324064750
715015771322
637235660730
203415771722
723235767130
203535661736
733136264734
635014106424
673234364312
203235620350
643124063744
677535662100
607354420344
627554560730
647354720350
643124073712
717514571334
203134463712
203374620302
203114562740
203415172100
633455766500
737215161720
064254566702
673036462746
203024061302
713135474500
733236364704
663124063744
627135620330
647175072134
201010667744
203515062500
663136371500
613454173312
261016464312
713124064746
203035471736
203021505340
607476360716
625015462702
623235663500
737136372130
203036760762
203156267732
203515062500
703236427010
064246534540
201004020100
547376520302
713124064734
203035620312
743516262732
627317120356
647114520334
677456464132
717376572320
203414171746
607174573702
745344020202
203516260722
671015572746
720321264302
733124071352
671014467756
671016464322
715016060746
717034762756
607624060750
203375662500
723235562530
203475167306
625016471302
617276320344
727344072320
713376563720
203214571312
270321252320
627454520322
715014120330
647175072100
723364072320
625016367752
723205602032
051527130500
201004020262
677524060744
625014172336
701016464312
203454566702
647356320336
631014167100
677314420330
677034464734
635014467706
655344020250
675016464312
203355771350
640321264746
203024073302
717504071756
607336027100
202236420302
703414560744
715014171500
647144072320
625016373702
667404073702
715015767306
625014367754
627454562100
737236464032
053574172312
711016467500
633376266500
605015460726
625304061352
721016464302
721016464312
203574172312
713464064302
733124071312
617134462710
271004021604
276024071322
733136220346
723235466032
053456567346
203235672336
203515062500
717574166740
203156267732
203515062500
673376272320
261015067756
627554571130
203334165722
673164072320
625016373702
667401505352
673076267746
717034266312
271004052320
627454520322
715014120310
647314170322
623036462710
203334161720
647354520346
723534365500
647344072320
625014271336
737344067736
753121505336
631016464312
203476760732
701014267750
723375526100
703455761302
613317120330
627156420314
713375520350
647334571500
737214567100
723215171500
607454560500
717136273312
621014171432
053024066336
607115167316
203115761726
203155771100
723214520346
647316662744
203335167312
271004052320
625015767330
745016060746
717034762500
607574174500
633455766500
643136262432
053314560710
715016367752
723205627602
203414171746
607174506424
663134162346
203475772750
641345702032
051527131100
201004020250
643124073702
745014467756
671015171500
663236420304
745014120314
607235672100
637454562734
203315163720
721014671336
665014262730
677565602032
051527131500
201004020250
643124063744
627135620330
647175072100
643036320304
627075766712
203024061322
721014271322
637216462744
270101505152
345504020100
201011060754
647354720344
627034364312
621016464312
203135662100
677144074736
727444071336
703125420362
677524063322
673104074736
727456362730
631014172100
607344067740
627355167316
064255167100
723214520346
647114520336
631016464312
203415172130
203575062744
625016064336
717415067744
627474362734
721016267706
657464071706
607516462744
203215162312
677536320316
713134567032
053315163720
721016570336
671016464312
647444071752
713455772734
623235663746
271004040500
723535667312
661015462702
623464073712
717505420302
673104072320
625016064750
203075767350
647356562746
064254467756
671015167350
675014460744
657354571746
270101505152
345524020100
201012464312
203415067746
703376262746
617135661712
203054561736
667136320314
607235672312
711014171500
747376520344
627034364100
723214520312
673104067714
203515062432
053516567334
627305620100
523216267752
637204072320
625016464322
617264071750
677354520356
607315471500
747376520320
627036220332
747476462744
647376571530
203415172322
633535420356
607235464734
637465606424
517375562500
623035663712
713376571500
663375765722
673164071750
677354520346
723136071500
607474362734
621016372344
607234764350
203536020322
673515720346
627335126710
607455367312
717465602032
051527133100
201004020262
677524060744
625015167100
723214520312
663136660750
677444060750
203515062500
723376020336
631016464312
203475060714
721344020010
064246534556
201004020100
547376520302
713124064734
203515062500
627314573302
723376220302
721016464312
203055772350
677324067714
203515062500
717214163350
271004047752
723475162312
203236320350
643121505304
677516467732
203374620302
203335167312
203475060714
721340406424
325627020100
201004052320
627454520322
715014120350
727355662730
203314560710
647354720302
737037120350
675016464312
203574571750
271004052320
625016767744
623464021212
667415467762
627136306424
477355474530
211014171312
203136461720
627104064734
203024071722
637344064302
673175167316
203156267732
203515062500
617135166322
673165620100
523214520312
663136660750
677444071720
607156406424
637374571500
613376464100
727404060734
621014467756
671340406424
325627120100
201004052320
647464064746
203035620336
663104061752
663554571350
203515060750
203114561712
673116320322
673515720310
607455367312
717465620100
405016364716
671016262702
623461505104
527354462744
202075767346
723456561750
647375620132
265011667500
503036371702
637124052734
723235420214
727456464312
711011667750
647074527104
201012367732
625016372312
627404071750
677354506424
717514570346
203114561712
673104064734
723364062302
713275662746
715304060734
621014120340
607476360716
625015462702
623464062702
717505602032
051546030100
201004020250
643124071750
627416320312
673104064312
713124060716
607235671750
203024071736
663234420304
713234365500
737035466100
737236464100
605014660722
673504063744
627135664746
640321263730
677565620100
447504060740
703134171346
203036320322
631016464312
203414171746
607174520320
607464061312
627344061730
677474562100
723364070344
627554567350
203135672344
745344020250
643136262432
053236326100
643376762754
627445420302
203475560730
661015067730
625015167100
723214520306
627356462744
203374620350
643124073702
663305602032
051546030500
523214520346
723136071500
627354420320
627454520302
637035167346
721014120346
677315162100
613455161726
203574166330
203575172320
203024063302
647356420316
713134567322
717201505316
663376727100
202236420302
703414560744
715014171500
647144072320
625016060746
717034762500
643036320304
627135620306
663376362710
203515720340
713136662734
721014567350
713625620100
523214571312
064254171312
261015067756
627554571130
203024071732
607315420320
677314520322
671016464312
203074567350
627444067714
203515062500
737035466100
607354420302
203354171344
677564070302
717474163712
064255462702
623235663500
717376572320
270101505154
301444054736
725014171312
203235671722
623124073720
607504071312
667035167346
203374620302
671015766310
203135462754
607515771100
717214163350
271004052320
627454506424
647464060500
623134570100
717214163350
203214571312
203235672336
203575064706
641016464312
203135462754
607515771100
713535671534
020321233140
315013167752
203036262500
647344072320
625012753500
446231120346
727055560744
647354526100
607504064750
715015067732
625014260746
625340406424
331406420262
677524060734
621016464312
203476561332
607455167312
203036262500
633315760750
647354720336
671016464312
203455173312
711664072320
625011373702
653035462722
671014366322
633156306424
607454520350
675016464312
203475772750
641340406424
331406520250
643136262500
607454520344
677075371500
613135467756
203635772500
607354420356
607514571100
677344060730
661015772320
627444071722
623136327100
202116562500
717376572320
064257167752
203074167100
717134520302
203474163312
203414171746
607174520352
673114571100
723214520306
663234663346
270101505154
301544052320
625014366322
633156320302
713124060704
677554520302
673104072320
625016264754
627444061336
723515766500
647464061312
663376727010
064246630156
202635772500
607454520352
673114571356
607514571130
203036420350
643124071736
727515062744
671014260746
625015763100
723214520226
737035260730
627235620306
663234663346
270101505154
301604054736
725014171312
203455163720
721015662760
721016467500
723214520346
677536464100
633034362500
677144072320
625011373702
653035462722
671014366322
633156327100
201070227602
670321267336
713335772746
203056566330
715334574712
203514171316
627504064302
715014262712
671016060722
673514562100
677344064750
276515062762
064255060754
625014262712
671016262710
727074562100
723364071352
613055462536
270101505154
301624054736
725015060754
625016262702
617214562100
723214520312
673104067714
203515062500
713236662744
271004054736
725014360734
203476464730
661016362712
203515062500
216045761352
663316326712
747121505336
671016464312
203075464714
633464072336
203515062500
673376272320
271374366322
633156320350
674321272320
625015667744
723205627410
064246630540
202515062500
717534220322
715015167100
605016373702
667405602032
051546131100
447504060740
703134171346
203036320322
631016464312
203476760732
701016760746
203375661712
203075773312
713134420356
647515020356
607514571100
723364063336
713324060432
053314165712
261014167310
203515060750
203024071322
733136220336
673074562100
633315773712
621016464344
677534764100
647505620100
523214571312
203236320302
064254464730
607415162302
723134420332
607075064734
625016372352
617264064734
203515062500
613455773734
203375775312
203374620350
643124071756
607336020304
677516467732
260321270344
677054161330
745015462714
721014671336
665016464732
627464073720
627344072320
647464060744
627024071712
713554562100
607464060500
663374162322
673164062336
617264063336
710321260500
717235473312
711015564734
625344020262
677524066702
745014574322
721016467500
723214520346
677536464134
020321233142
315012464312
203415067746
703215771312
717074567306
625016464322
673464067752
721015062744
625344020202
613376662500
747376526100
723214520316
713134567322
717204063730
677564064746
064256467736
203115166500
723364071712
625014274534
201012464312
203476462740
715014367734
723235672712
203536027010
064246630550
202635772500
607454520302
721016464312
203515770100
677144060500
717515767312
203476460722
713074171712
261016764322
617204066312
607116320310
677575620322
673515706424
623036265734
627476327100
202515062500
737035466346
203214173312
203024063302
647356420316
713134567322
717204061736
663376227010
064246630552
202635772500
607454520322
671014120350
727054566322
657124067336
713515027746
677536464100
703036371702
637125602032
051546133100
547376520302
713124064734
203024072352
613135464726
625015667744
723205771736
727515020340
607476360716
625340406424
331426720262
677524060744
625015167100
605016472704
627315165712
203355771350
641376367752
723204070302
717474163712
270101505154
305604054736
725014171312
203235620302
203315767316
261014264764
607456262500
643035466134
201012464312
203134171750
203574166330
203236320306
677554571312
621016764750
640321270344
627215171750
677455161500
617036662500
737455172322
673176326100
607354420350
643124073712
717504073702
663304064746
203114561736
713036462710
203575172320
203115767352
723461505302
673104061736
633154562500
617536071534
201012464312
203475772750
641014567310
203374620350
643124064302
663304064746
203155166330
627104061362
203035620312
673376266736
727461505346
703214571322
617035420346
617535470350
727454520350
643036420356
607464070344
627476566702
613317120352
717134420322
671016464312
203454566322
637235772746
203455172312
715015763032
053575067712
733136220322
673214161322
723134420350
643236320352
673114571316
713376567310
203354564716
643055771320
677374427100
202515062500
643035466100
643036320302
670321267740
627355167316
203515720350
643124067336
713515027010
064246630562
202635772500
607454520322
671016464312
203335162310
663124067714
203515062500
677074560734
271004054736
727444064312
607104071712
627336320350
675016370322
671014167310
203035466032
053115171312
617515167734
715015467736
655016464312
203474166712
270101505154
311404054736
725014171312
203354574350
203515720302
203475560730
661014172336
663304064734
203515062500
667234462330
625015763100
723214520336
617134167134
020321232552
301012464322
715015171500
605014260744
713135620344
677375527100
202515062500
617135166322
673164060734
621016464312
203574166330
715014171312
203075773312
713134420356
647515020306
713236371532
064254371336
717474562100
627314561750
713234360730
203176260750
647354771534
020321202544
301401505100
201004020100
201004020100
201004020100
351647235164
351647235164
351647235164
351647235164
351647235164
351647235164
351647235032
051004020100
201004020100
201004020100
201007235100
201004020100
201004020100
201004020100
201004020100
201004020100
201004020164
350321220100
201004020100
201004020100
201004020164
351004020100
201004020100
201004020100
201004020100
201004020100
201004020100
201647206424
201004020100
201004020100
201004020100
201647220100
201004020100
201004020100
201004020100
201004020100
201004020100
201004035164
064244020100
201004020100
201004020100
201004035164
201004020100
201004020100
201004020100
201004020100
201004020100
201004020100
351641505100
201004020100
201004020100
201004020100
351644020100
201004020100
201004020100
201004020100
201004020100
201004020100
201007235032
051004020100
201004020100
201004020100
201007235100
201004020100
201004020100
201004020100
201004020100
201004020100
201004020164
350321220100
201004020100
201004020100
201004020164
351004020100
201004020100
201004020100
201004020100
201004020100
201004020100
201647206424
201004020100
201004020100
201004020100
201647220100
201004020100
201004020100
202155171626
201004020100
201004020100
201004035164
064244020100
201004020100
201004020100
201004035164
201004020100
201004020100
201004020100
201004020100
201004020100
201004020100
351641505100
201004020100
201004020100
201004020100
351644020100
201004020302
203154166722
663624064322
717515771362
271004020100
201007235032
051004020100
201004020100
201004020100
201007235100
201004020100
201004020100
201004020100
201004020100
201004020100
201004020164
350321220100
201004020100
201004020100
201004020164
351004020100
201004020100
201004020100
201004020100
201004020100
201004020100
201647206424
201004020100
201004020100
201004020100
201647220100
201004020100
201004020100
201004020100
201004020100
201004020100
201004035164
064244020100
201004020100
201004020100
201004035164
201004020100
201004020100
201004020100
201004020100
201004020100
201004020100
351641505100
201004020100
201004020100
201004020100
351644020100
201004020100
201004020100
201004020100
201004020100
201004020100
201007235032
051004020100
201004020100
201004020100
201007235100
201004020100
201004020100
201004020100
201004020100
201004020100
201004020164
350321220100
201004020100
201004020100
201004020164
351647235164
351647235164
351647235164
351647235164
351647235164
351647235164
351647202032
051446030500
201004020100
201004020100
271345627134
271345627134
271345627134
271345627134
271345627134
271345627100
201004027134
271345627134
271345627134
271345627134
271345627134
271345627134
270321220100
201004020100
201364020100
201004020100
201004020100
201004020100
201004020100
201004020100
201004056136
201004020100
201004020100
201004020100
201004020100
201004020100
201004020100
560321220100
201004020100
201024020142
201004020100
201004020100
201004020100
201004020100
201004020100
201004020502
201004020100
201004020100
201004020100
201004020100
201004020100
201006220100
204321220100
201004020100
201024020100
201004020100
201004020214
647471320100
201004020100
201004020100
201004020502
201004020100
201004020100
201004020100
201004020100
201004020100
201004020100
204321220100
201004020100
201024020100
201004020100
201004020100
201004020100
201004020100
201004020100
201004020502
201004020100
201004060734
677515062744
203176262702
721004020100
201004020100
204321220100
201004020100
201024020100
201004020100
201004020100
201004020100
201004020100
201004020100
201004020502
201004020100
201004063702
667124061344
677534764350
201004020100
201004020100
204321220100
201004020100
201024020100
201004020100
201004020100
613624020100
201004020100
201004020100
201004020502
201004020100
201004020100
203515720362
677524020100
201004020100
201004020100
204321220100
201004020100
201024020100
201004020100
201004020100
201004020100
201004020100
201004020100
201004020502
201004020100
201004020100
201004061362
201004020100
201004020100
201004020100
204321220100
201004020100
201024020100
201004020244
647075060744
621010262722
637135420100
201004020100
201004020502
201004020100
201004020100
201004020100
201004020100
201004020100
201004020100
204321220100
201004020100
201024020100
201004020100
201004020100
201004020100
201004020100
201004020100
201004020502
201004020100
201004020100
201004020100
201004020100
201004020100
201004020100
204321220100
201004020100
201024020100
201004020100
201004020100
607354420100
201004020100
201004020100
201004020502
201004020100
201004020100
201011447650
515004020100
201004020100
201004020100
204321220100
201004020100
201024020100
201004020100
201004020100
201004020100
201004020100
201004020100
201004020502
201004020100
201004020100
201004020100
201004020100
201004020100
201004020100
204321220100
201004020100
201024020100
201004020100
453375067100
517374267750
647264020100
201004020100
201004020502
201004020100
201004020100
201004020100
201004020100
201004020100
201004020100
204321220100
201004020100
201024020100
201004020100
201004020100
201004020100
201004020100
201004020100
201004020502
201004020100
201004020100
201004020100
201004020100
201004020100
201004020100
204321220100
201004020100
201024020100
201004020100
201004020100
201004020100
201004020100
201004020100
201004020502
201004020100
201004020100
201004020100
201004020100
201004020100
201004020100
204321220100
201004020100
201024020100
201004020100
201004020100
201004020100
201004020100
201004020100
201004020502
201004020100
201004020100
201004020100
201004020100
201004020100
201004020100
204321220100
201004020100
202705627134
271345627134
271345627134
271345627134
271345627134
271345627134
271345720100
561345627134
271345627134
271345627134
271345627134
271345627134
271345627134
274101505144
301444020100
201004020100
201004027134
271345627134
271345627134
271345627134
271345627134
271345627134
271344020100
201345627134
271345627134
271345627134
271345627134
271345627134
271345627032
051004020100
201004020136
201004020100
201004020100
201004020100
201004020100
201004020100
201004020100
202705720100
201004020100
201004020100
201004020100
201004020100
201004020100
201004056032
051004020100
201004020102
201006320100
201004020100
201004020100
201004020100
201004020100
201004020100
201024120100
201004020100
201004020100
201004020100
201004020100
201004020100
201504020432
051004020100
201004020102
201004020100
201004020100
201004020100
201004020100
201004020100
201004020100
201024120100
201004020100
201004020100
201004020100
201004020100
201004020100
201004020432
051004020100
201004020102
201004020250
643035665746
203515720232
647274520240
627135462744
201004020100
201024120100
201004020100
201004020214
647471320100
647464020100
201004020100
201004020432
051004020100
201004020102
201004020100
201004020204
677044045702
673134671726
745004020100
201004020100
201024120100
201004020100
617536271312
673515474500
613135167316
201004020100
201004020432
051004020100
201004020102
201004020100
201004060734
621011267712
661010264736
671004020100
201004020100
201024120100
201004020100
203334164734
723035167312
621014274500
201004020100
201004020432
051004020100
201004020102
201004020100
201014667744
203554171322
677536320314
607235420100
201004020100
201024120100
201004020100
201004041302
713504051712
607456320100
201004020100
201004020432
051004020100
201004020102
201004020100
201004020346
727056267752
723235662746
201004020100
201004020100
201024120100
201004020100
201004020100
201004020100
201004020100
201004020100
201004020432
051004020100
201004020102
201004020100
201004020100
201004020100
201004020100
201004020100
201004020100
201024120100
201004020100
201004020100
201004020100
201004020100
201004020100
201004020432
051004020100
201004020102
201004020100
201004020100
201004020100
201004020100
201004020100
201004020100
201024120100
201004020100
201004020100
201004020100
201004020100
201004020100
201004020432
051004020100
201004020102
201004020100
201004020100
201004020100
201004020100
201004020100
201004020100
201024120100
201004020100
201004020100
201004020100
201004020100
201004020100
201004020432
051004020100
201004020102
201004020100
201004020100
201004020100
201004020100
201004020100
201004020100
201024120100
201004020100
201004020100
201004020100
201004020100
201004020100
201004020432
051004020100
201004020102
201004020100
201004020100
201004020100
201004020100
201004020100
201004020100
201024120100
201004020100
201004020100
201004020100
201004020100
201004020100
201004020432
051004020100
201004020102
201004020100
201004020100
201004020100
201004020100
201004020100
201004020100
201024120100
201004020100
201004020100
201004020100
201004020100
201004020100
201004020432
051004020100
201004020102
201004020100
201004020100
201004020100
201004020100
201004020100
201004020100
201024120100
201004020100
201004020100
201004020100
201004020100
201004020100
201004020432
051004020100
201004020270
271345627134
271345627134
271345627134
271345627134
271345627134
271345627134
275004056134
271345627134
271345627134
271345627134
271345627134
271345627134
271345627410
064246230146
201004020100
201004020100
201005627134
271345627134
271345627134
271345627134
271345627134
271345627134
271004020100
271345627134
271345627134
271345627134
271345627134
271345627134
271345606424
201004020100
201004027500
201004020100
201004020100
201004020100
201004020100
201004020100
201004020100
561364020100
201004020100
201004020100
201004020100
201004020100
201004020100
201013406424
201004020100
201004020500
325004020100
201004020100
201004020100
201004020100
201004020100
201004020100
205024020100
201004020100
201004020100
201004020100
201004020100
201004020100
331004106424
201004020100
201004020500
433236345500
537235667312
713467220100
201004020100
201004020100
201004020100
205024020100
201004020100
201004020100
201004020100
201004020100
201004020100
201004106424
201004020100
201004020500
201004020100
201004020100
201004020100
201004020100
201004020100
201004020100
205024020100
201004020100
201004020100
201004020100
201004020100
201004020100
201004106424
201004020100
201004020500
202245645340
613235767100
201004020224
677135420204
647375620100
201004020100
205024020100
451351273712
717504020100
202334172350
202475760744
627464020100
201004106424
201004020100
201004020500
202245645346
651004020100
201004020224
627154620224
607355367756
717277120100
205024020100
451351262500
201004020100
202254571344
745010371336
667034365500
201004106424
201004020100
201004020500
202045641362
723124020100
201004020210
677354166310
202234766312
643036272100
205024020100
411350267752
621004020100
202035460734
202055772710
677536370752
647124106424
201004020100
201004020500
202045641312
713315167100
201004020244
647075060744
621010262744
663235620100
205024020100
455351371332
201004020100
202274573322
671011560720
677354574500
201004106424
201004020100
201004020500
202325646752
717075462500
201004020244
677054571350
202125620234
677055462500
205024020100
415350371722
665004020100
202056272706
625010271322
623174571500
201004106424
201004020100
201004020500
202625654712
717475663746
201004020210
607554520226
627215462750
201004020100
205024020100
405350171302
637376267100
202255764334
202314560744
745004020100
201004106424
201004020100
201004020500
202125642730
627076471336
663034271500
523375520216
713235662744
201004020100
205024020100
471351660754
201004020100
202255771316
625011660754
607456262750
625004106424
201004020100
201004020500
202065641720
727054571350
201004020202
663054571350
202075072500
201004020100
205024020100
471351660764
637535420100
202405643134
202415770346
201004020100
201004106424
201004020100
201004020500
202205644322
667024020100
201004020220
607456274500
517035562746
643235560500
205024020100
515352372302
671004020100
202255764334
202334567334
647354762744
201004106424
201004020100
201004020500
202045641312
627515067754
627344020240
643235420246
723454567346
657224020100
205024020100
415350364344
647464020100
202075071322
715012364704
647315460500
201004106424
201004020100
201004020500
202265665712
651004020100
201004020226
627555167100
453375067346
677344020100
205024020100
515352360744
727334167100
202075071322
715012764730
717375620100
201004106424
201004020100
201004056134
271345627134
271345627134
271345627134
271345627134
271345627134
271345627136
201013427134
271345627134
271345627134
271345627134
271345627134
271345627134
271345702032
051446032100
201004020100
201004020100
271345627134
271345627134
271345627134
271345627134
271345627134
271345627100
201004027134
271345627134
271345627134
271345627134
271345627134
271345627134
270321220100
201004020100
201364020100
201004020100
201004020100
201004020100
201004020100
201004020100
201004056136
201004020100
201004020100
201004020100
201004020100
201004020100
201004020100
560321220100
201004020100
201024033500
201004020100
201004020100
201004020100
201004020100
201004020100
201004020502
201004020100
201004020100
201004020100
201004020100
201004020100
201004034100
204321220100
201004020100
201024020100
201004020100
201004020100
201004020100
201004020100
201004020100
201004020502
201004020100
201004020100
201004020100
201004020100
201004020100
201004020100
204321220100
201004020100
201024020256
272575166330
647035520100
537235466322
607324041702
713414567350
627444020502
201010127202
747036472730
663035020100
415344050352
713455167316
723375620100
204321220100
201004020100
201024020244
272454560716
607344020100
511344052322
667376464362
202454560716
607344020502
201010327206
643136364322
713124020100
413454162100
407455571750
713375663500
204321220100
201004020100
201024020210
272114173322
623024020100
423036664710
202474164330
647344020100
201004020502
201012227244
647154671302
633144020100
413456561712
202074171330
717514567100
204321220100
201004020100
201024020214
272155467744
647344020100
433315771322
671010764312
677454764322
725004020502
201010227204
607474561302
663304020100
517075772350
202314172744
627354362500
204321220100
201004020100
201024020204
272054161304
647516420100
513035662362
202054161304
647516420100
201004020502
201012727256
607114520100
201004020100
537034462500
537375762346
677344020100
204321220100
201004020100
201024020216
272176264714
633375620100
407314167100
443036272314
677454420100
201004020502
201010427210
647266420100
201004020100
417216264746
202155771310
201004020100
204321220100
201004020100
201024020206
272075064706
675004020100
517075772350
202314170312
201004020100
201004020502
201010227204
647315461736
677264020100
413235466100
417375765500
201004020100
204321220100
201004020100
201024020202
272034160500
201004020100
453035562746
202116560744
721004020100
201004020502
201012427250
713037120100
201004020100
433454562312
713234365500
413134365500
204321220100
201004020100
201024020206
272066130542
331424020100
417036266100
443524020100
201004020100
201004020502
201011427230
677516571500
201004020100
453134663344
627624052302
747315771100
204321220100
201004020100
201024020224
272255764334
201004020100
453375067100
537035663500
201004020100
201004020502
201012727256
713144020100
201004020100
413235466100
433455766322
655004020100
204321220100
201004020100
201024020246
272476467734
625004020100
513234364302
713104051750
677354520100
201004020502
201010327206
607274571500
201004020100
467234364302
627304044302
673354167100
204321220100
201004020100
201024020232
272336571310
627444020100
443037162746
202035462760
607354462744
201004020502
201010127202
737024020100
201004020100
407314167100
407354462744
717375620100
204321220100
201004020100
202705627134
271345627134
271345627134
271345627134
271345627134
271345627134
271345720100
561345627134
271345627134
271345627134
271345627134
271345627134
271345627134
274101505144
301524020100
201004020100
201004027134
271345627134
271345627134
271345627134
271345627134
271345627134
271344020100
201345627134
271345627134
271345627134
271345627134
271345627134
271345627032
051004020100
201004020136
201004020100
201004020100
201004020100
201004020100
201004020100
201004020100
202705720100
201004020100
201004020100
201004020100
201004020100
201004020100
201004056032
051004020100
201004020102
201624020100
201004020100
201004020100
201004020100
201004020100
201004020100
201024120100
201004020100
201004020100
201004020100
201004020100
201004020100
305404020432
051004020100
201004020102
201004020100
201004020100
201004020100
201004020100
201004020100
201004020100
201024120100
201004020100
201004020100
201004020100
201004020100
201004020100
201004020432
051004020100
201004020102
201012227244
677056467500
201004051336
613136272336
202176572350
647136262764
201024120100
411350260750
201004051752
753035667312
202474364356
627234365702
713104020432
051004020100
201004020102
201012027240
643235466100
201004045336
627304050320
647315464740
715004020100
201024120100
415350371322
715004041744
647464042534
202255764334
717375620100
201004020432
051004020100
201004020102
201012027240
627174171752
715004050312
637177120256
647315464702
667464020100
201024120100
501352060722
671004042302
733234420240
607635662500
201004020100
201004020432
051004020100
201004020102
201010127202
673116267722
621004045336
643344044322
623124020100
201004020100
201024120100
465351520100
201004045302
667136320232
607515062746
677344020100
201004020432
051004020100
201004020102
201010227204
713376767100
201004052320
677334171500
535344041344
677575620100
201024120100
421350460754
201004042302
733234420212
703416372312
647344020100
201004020432
051004020100
201004020102
201012627254
647375464734
201004045336
643344046302
737035466100
201004020100
201024120100
435350770346
201004043730
627355620246
617214564750
713535520100
201004020432
051004020100
201004020102
201012027240
713136361736
723504052336
665011560730
647475360500
201004020100
201024120100
411350270312
201004041302
713454572350
202137167336
671004020100
201004020432
051004020100
201004020102
201010327206
643136762762
201004041720
727234526656
627224054752
627344020100
201024120100
421350467716
201004043744
627164053702
713575161726
201004020100
201004020432
051004020100
201004020102
201012427250
627315467740
201004051706
677516420230
607536262734
617124020100
201024120100
465351560744
201004046702
713264051336
613234364312
655004020100
201004020432
051004020100
201004020102
201010227204
607355267500
201004052320
677334171500
477056264712
671004020100
201024120100
451351261716
201004045312
633156262762
202065620216
647315362762
201004020432
051004020100
201004020102
201010127202
667037264734
635004043744
607074520214
663135564734
635004020100
201024120100
475351771334
201004046702
713264046362
677356320100
201004020100
201004020432
051004020100
201004020102
201011327226
647354364100
201004053722
663315160732
202275167306
643135467712
201024120100
455351366314
201004045722
713264043344
745004020100
201004020100
201004020432
051004020100
201004020270
271345627134
271345627134
271345627134
271345627134
271345627134
271345627134
275004056134
271345627134
271345627134
271345627134
271345627134
271345627134
271345627410
064246230154
201004020100
201004020100
201345627134
271345627134
271345627134
271345627134
271345627134
271345627134
201004020134
271345627134
271345627134
271345627134
271345627134
271345627134
271341505100
201004020100
201005720100
201004020100
201004020100
201004020100
201004020100
201004020100
201004020270
275004020100
201004020100
201004020100
201004020100
201004020100
201004020100
202701505100
201004020100
201004120142
305004020100
201004020100
201004020100
201004020100
201004020100
201004020102
205004020100
201004020100
201004020100
201004020100
201004020100
201004030544
201021505100
201004020100
201004120100
201004020100
201004020100
201004020100
201004020100
201004020100
201004020102
205004020100
201004020100
201004020100
201004020100
201004020100
201004020100
201021505100
201004020100
201004120100
405350173312
713624020100
202314567734
202036662744
745004020100
201004020102
205004045134
453035667100
201012660734
627476360500
467034346302
713135620100
201021505100
201004020100
201004120100
415350374706
663376071500
202515766500
413135466302
733234120100
201004020102
205004055134
553376267500
201010460734
202414572312
713475767100
201004020100
201021505100
201004020100
201004120100
425350571334
627476420100
202136267312
717504040710
607336320100
201004020102
205004051534
517035172336
201010562356
647344051534
202116562744
711004020100
201021505100
201004020100
201004120100
451351273722
663475767100
202254174500
537235471736
671004020100
201004020102
205004045534
457035667316
201011362734
673136464100
417216520100
201004020100
201021505100
201004020100
201004120100
445351173302
673215762500
202455767302
202115767302
643534520100
201004020102
205004051534
517056365344
201010260744
721012362702
713464020100
201004020100
201021505100
201004020100
201004120100
465351567734
627235620100
202114173322
621012062744
657135420100
201004020102
205004042134
423535362746
201010460754
647104051336
623455163752
627644020100
201021505100
201004020100
201004120100
415350360740
747054171302
202414572312
711010771312
627344020100
201004020102
205004046534
467135465702
711010760744
745010166330
627344020100
201004020100
201021505100
201004020100
201004120100
451351272716
637314520100
202254571344
745012364352
713334167100
201004020102
205004041134
413536364100
201010467734
607314420230
747074572350
625004020100
201021505100
201004020100
201004120100
431350672750
727454571500
202354560730
202476467752
637216467734
201004020102
205004043534
437036261312
711011267734
607515067734
202145620216
607454262744
201021505100
201004020100
201004120100
421350467712
673075020100
202255771712
703204042336
627354364100
201004020102
205004051534
517137074500
201012361736
723504042710
737036262346
201004020100
201021505100
201004020100
201004120100
435350767736
633374663100
202254167312
202055771312
723024020100
201004020102
205004046134
463134520100
201010566316
647344046312
625004020100
201004020100
201021505100
201004020100
201004120100
405350171310
733036265500
202515166500
537214166312
671004020100
201004020102
205004054134
543454174500
201010462734
673236320210
727075373736
713515020100
201021505100
201004020100
201013427134
271345627134
271345627134
271345627134
271345627134
271345627134
271345627500
202705627134
271345627134
271345627134
271345627134
271345627134
271345627134
271360406424
311406720100
201004020100
201004027134
271345627134
271345627134
271345627134
271345627134
271345627134
271344020100
201345627134
271345627134
271345627134
271345627134
271345627134
271345627032
051004020100
201004020136
201004020100
201004020100
201004020100
201004020100
201004020100
201004020100
202705720100
201004020100
201004020100
201004020100
201004020100
201004020100
201004056032
051004020100
201004020102
201426320100
201004020100
201004020100
201004020100
201004020100
201004020100
201024120100
201004020100
201004020100
201004020100
201004020100
201004020100
305504020432
051004020100
201004020102
201004020100
201004020100
201004020100
201004020100
201004020100
201004020100
201024120100
201004020100
201004020100
201004020100
201004020100
201004020100
201004020432
051004020100
201004020102
201010327206
607455420100
201010360744
661010364344
647476467714
633136271736
671024120100
515352360716
607344020100
201004020246
643236264746
641010460750
625004020432
051004020100
201004020102
201011527232
663404020100
201011564726
625012074730
667035620100
201004020100
201024120100
515352372334
633104020100
201004020250
643375560746
202576520100
201004020432
051004020100
201004020102
201010327206
471004020100
201011564706
643034566100
503214566340
715004020100
201024120100
515352372336
723516320100
201004020206
747356464322
605012372336
723516320432
051004020100
201004020102
201012227244
647135620100
201010360744
663515767100
523215766740
717375620100
201024120100
521352460730
607275720100
201004020210
607555162100
467236571302
201004020432
051004020100
201004020102
201010427210
727604020100
201010167310
713136720210
727614272744
745004020100
201024120100
521352471336
727514627134
271004020226
627344046706
417314164734
201004020432
051004020100
201004020102
201011327226
431004020100
201011371322
717035620214
713374566322
617204020100
201024120100
405350171746
643375462500
201004020210
607555162100
517335172320
201004020500
064244020100
201004020100
205004052134
523575167326
647124045336
627624043722
677554161706
643235664500
201004120500
202545653322
713354172500
201004020100
423574174734
625012664744
673036520102
064244020100
201004020100
205004041534
417134471322
615004042302
733234420220
627354471322
617276320100
201004120500
202565653702
663356572100
201004020100
453235520256
607315471750
713375520102
064244020100
201004020100
205004041534
417454164716
715004041744
607234720232
677315462744
717516562734
201004120500
202045641312
607515664706
655004020100
453134663312
713624051732
647515020102
064244020100
201004020100
205004042134
423036662746
201004042302
733124051706
643354570340
627444020100
201004120500
202225644732
607516260734
717154571100
453375067100
413376472322
673224020102
064244020100
201004020100
205004043134
433375766100
201004051336
613136272100
437375663716
727624020100
201004120500
202065641702
665004020100
201004020100
463376564746
202074166744
607464020102
064244020100
201004020100
205004042134
422244020100
201004042302
733234420224
271011560744
677516460500
201004120500
202405650320
607134471352
715004020100
467235362500
467070172730
607624020102
064244020100
201004020100
561345627134
271345627134
271345627134
271345627134
271345627134
271345627134
271364020270
271345627134
271345627134
271345627134
271345627134
271345627134
271345627136
020321231140
341004020100
201004020100
201345627134
271345627134
271345627134
271345627134
271345627134
271345627134
201004020134
271345627134
271345627134
271345627134
271345627134
271345627134
271341505100
201004020100
201005720100
201004020100
201004020100
201004020100
201004020100
201004020100
201004020270
275004020100
201004020100
201004020100
201004020100
201004020100
201004020100
202701505100
201004020100
201004120142
325004020100
201004020100
201004020100
201004020100
201004020100
201004020102
205004020100
201004020100
201004020100
201004020100
201004020100
201004030554
201021505100
201004020100
201004120100
201004020100
201004020100
201004020100
201004020100
201004020100
201004020102
205004020100
201004020100
201004020100
201004020100
201004020100
201004020100
201021505100
201004020100
201004120100
415350372706
627264020100
201011564726
625010372706
627264020100
201004020102
205004046134
463035171100
201004020204
713135662302
202354171310
201004020100
201021505100
201004020100
201004120100
521352464344
677054264734
635010460734
202474364336
627354662730
621004020102
205004041134
413035665736
201004020256
607316462744
202054167326
677555172306
641021505100
201004020100
201004120100
425350571550
301624020100
201010460754
647104046352
627354262744
637136220102
205004050134
502475062702
201004020240
607516264706
655012364312
605004020100
201021505100
201004020100
201004120100
501352064716
663136420100
201012664706
723376264702
202415163732
607344020102
205004046534
467235364712
201004020232
647274520226
727515662744
201004020100
201021505100
201004020100
201004120100
431350646614
201004020100
201010671302
673264043352
653235567750
675004020102
205004020100
201004020100
201004020100
201004020100
201004020100
201004020100
201021505100
201004020100
201004120100
461351474734
723375620100
201011474734
723375620230
627124020100
201004020102
205004020100
201004020100
201004020100
201004020100
201004020100
201004020100
201024006424
201004020100
201004020500
202265645736
747524020100
201004044134
202265620206
643135620100
201004020100
205024020100
201004020100
201004020100
201004020100
201004020100
201004020100
201004106424
201004020100
201004020500
202405650344
677476062744
201004045336
643344044726
627114120100
201004020100
205024020100
201004020100
201004020100
201004020100
201004020100
201004020100
201004106424
201004020100
201004020500
202425650752
607474171100
201004046302
727454567306
625010271336
723214571346
205024020100
201004020100
201004020100
201004020100
201004020100
201004020100
201004106424
201004020100
201004020500
202465651702
713175767100
201004042302
733234420234
647316362734
201004020100
205024020100
201004020100
201004020100
201004020100
201004020100
201004020100
201004106424
201004020100
201004020500
202205644322
673034760500
201004051706
677516420220
647354163702
201004020100
205024020100
201004020100
201004020100
201004020100
201004020100
201004020100
201004106424
201004020100
201004020500
202125642606
727335564734
637464046702
713235660500
503234361722
677516467500
205024020100
201004020100
201004020100
201004020100
201004020100
201004020100
201004106424
201004020100
201004056134
271345627134
271345627134
271345627134
271345627134
271345627134
271345627136
201013427134
271345627134
271345627134
271345627134
271345627134
271345627134
271345702032
051446034432
051004020100
201004020100
201004020100
201007235164
351647235164
351647235164
351647235164
351647235164
351647235164
351647235164
350321220100
201004020100
201004020100
201004020164
351004020100
201004020100
201004020100
201004020100
201004020100
201004020100
201647206424
201004020100
201004020100
201004020100
201647220100
201004020100
201004020100
201004020100
201004020100
201004020100
201004035164
064244020100
201004020100
201004020100
201004035164
201004020100
201004020100
201004020100
201004020100
201004020100
201004020100
351641505100
201004020100
201004020100
201004020100
351644020100
201004020100
201004020100
201004020100
201004020100
201004020100
201007235032
051004020100
201004020100
201004020100
201007235100
201004020100
201004020100
201004020100
201004020100
201004020100
201004020164
350321220100
201004020100
201004020100
201004020164
351004020100
201004020100
201004020100
201004020100
201004020100
201004020100
201647206424
201004020100
201004020100
201004020100
201647220100
201004020100
201004020100
201004020100
201004020100
201004020100
201004035164
064244020100
201004020100
201004020100
201004035164
201004020100
201004020100
201004020350
643124020100
201004020100
201004020100
351641505100
201004020100
201004020100
201004020100
351644020100
201004020100
201004020100
201004020100
201004020100
201004020100
201007235032
051004020100
201004020100
201004020100
201007235100
201004020100
201004020100
201004062734
621004020100
201004020100
201004020164
350321220100
201004020100
201004020100
201004020164
351004020100
201004020100
201004020100
201004020100
201004020100
201004020100
201647206424
201004020100
201004020100
201004020100
201647220100
201004020100
201004020100
201004020100
201004020100
201004020100
201004035164
064244020100
201004020100
201004020100
201004035164
201004020100
201004020100
201004020100
201004020100
201004020100
201004020100
351641505100
201004020100
201004020100
201004020100
351644020100
201004020100
201004020100
201004020100
201004020100
201004020100
201007235032
051004020100
201004020100
201004020100
201007235100
201004020100
201004020100
201004020100
201004020100
201004020100
201004020164
350321220100
201004020100
201004020100
201004020164
351004020100
201004020100
201004020100
201004020100
201004020100
201004020100
201647206424
201004020100
201004020100
201004020100
201647235164
351647235164
351647235164
351647235164
351647235164
351647235164
351647235164
020321231152
201004020100
201004020124
251245225124
251245225124
251245225124
251245225124
251245225124
251245225124
251245225124
251245225124
251245225124
251245206424
201004020100
201004025100
201004020100
201004020100
201004020100
201004020100
201004020100
201004020100
201004020100
201004020100
201004020100
201241505100
201004020100
201005220100
201004020100
433236365500
503316572336
673236566500
503376762744
627104046302
673514571334
201004020100
201004020100
250321220100
201004020100
201244020100
201004020100
201004020100
201004020100
201004020100
201004020100
201004020100
201004020100
201004020100
201004020124
064244020100
201004020100
251004020100
201004044734
717516272706
723235767346
203375620336
703136260750
647354720350
643236320330
607336020100
201004025032
051004020100
201004020124
201004020100
201004020100
201004020100
201004020100
201004020100
201004020100
201004020100
201004020100
201004020100
201005206424
201004020100
201004025100
201004020100
203515720330
647175072100
663035570100
717037120164
201715464716
643504066302
667407620100
201004020100
201241505100
201004020100
201005220100
201016467500
723536267100
663035570100
677154620346
607624035100
363137072322
673176564746
641015460732
701744020100
250321220100
201004020100
201244020100
201004020100
201004020100
201004020100
201004020100
201004020100
201004020100
201004020100
201004020100
201004020124
064244020100
201004020100
251004020100
201004043752
607454167350
627127220100
523215171500
663035570100
647464063752
607454167350
627134420100
201004025032
051004020100
201004020124
201004020334
677504072336
203056571334
203376572100
727354462744
203355771332
607304072746
625344020222
721015060746
201005206424
201004020100
201004025100
201004060734
203136372322
667036462710
203214166314
203315163312
203374620150
301405430140
301017162702
713465620100
201241505100
201004020100
201005220100
201012464322
715016760744
713035672312
625015171500
733375162100
647144072320
625014360746
625015763100
723214520100
250321220100
201004020100
201244020100
203314166740
203214171500
613134567100
677414567312
621015771100
723035570312
713134420356
647515027100
201004020124
064244020100
201004020100
251004020100
201010340652
522231747164
202515064746
203314166740
203236320340
663536467734
647535520340
677574571312
621004025032
051004020100
201004020124
201004020226
627136020336
727504067714
203454560706
641015763100
617215166310
713135627100
202234620350
607274567100
201005206424
201004020100
201004025100
201004064734
723136267302
663317126100
647354472706
625016667732
647515167316
261014471322
673264046236
522464020100
201241505100
201004020100
201005220100
201015763100
633316564710
715304060734
621014467734
237504073736
713457120302
613376572100
723214520100
201004020100
250321220100
201004020100
201244020100
203335771334
647354727100
201004020100
201004020100
201004020100
201004020100
201004020100
201004020100
201004020124
064244020100
201004020100
251004020100
201004020100
201004020100
201004020100
201004020100
201004020100
201004020100
201004020100
201004020100
201004025032
051004020100
201004020124
201004020202
202155171626
203416267710
727076420100
201004020100
201004020100
201004020100
201004020100
201004020100
201005206424
201004020100
201004025124
251245225124
251245225124
251245225124
251245225124
251245225124
251245225124
251245225124
251245225124
251245225124
251240406424
305504020100
201004020100
201005526532
265325526532
265325526532
265325526532
265325526532
265325526532
265325526532
265325526532
265325526532
265325526532
265325526532
265321505100
201004020100
201004120100
547036364744
202036260714
607504020100
201004020100
201004020100
201004020100
201004020100
201004020100
201004020100
201325526532
265004020432
051004020100
201004020102
201011067732
625014667744
202375462100
523136271336
713236372346
201004020100
201004020100
201004020100
201004020100
201004020500
305004120100
204321220100
201004020100
201024020240
272305647534
202575167316
201004020100
201004020100
201004020100
201004020100
201004020100
201004020100
201004020100
265325526532
201004106424
201004020100
201004020500
202077170344
727465420216
713134561712
201004020100
201004020100
201004020100
201004020100
201004020100
201004020100
201004020100
201004020102
064244020100
201004020100
205004020100
201004020100
201004020100
201004020100
201004020100
201004020100
201004020100
201004020100
201004020100
201004020100
201004020100
201021505100
201004020100
201004020100
201004020100
201004020100
201004020100
201004020100
201004020100
201004020100
201004020100
201004020100
201004020100
201004020100
201004020432
051004020100
201004020102
201004020100
201004020100
201004020100
201004020100
216341505100
201004020100
201004120100
201004020100
201004020100
201004020100
201004061536
675010664746
455004020100
201004020100
201004020100
201004020100
201004020100
201004020432
051004020100
201004020102
201004020100
201004020100
201004020100
201004020100
512444030500
202515062500
467035166304
677604020100
201004020100
201004020100
201004020100
204321220100
201004020100
201024020100
201004020100
201004020100
201004020100
201012264706
657136474500
443376571712
201004020100
201004020100
201004020100
201004020100
201004106424
201004020100
201004020500
201004020100
201004020100
201004020100
201004020246
723035663336
713105420206
405004034550
315406520100
201004020100
201004020100
201004020102
064244020100
201004020100
205004020100
201004020100
201004020100
201004020100
201004020100
201004020100
201004020100
201004020100
201004020100
201004020100
201004020100
201021505100
201004020100
201004120100
201004020100
201004020100
201004020100
201004020100
201004020100
201004020100
201004020100
201004020100
201004020100
201004020100
201004020432
051004020100
201004020100
265325526532
265325526532
265325526532
265325526532
265325526532
265325526532
265325526532
265325526532
265325526532
265325526532
265325526532
020321232500
201004020100
201004020100
201004020100
201004020100
201004020132
265325526532
064244020100
201004020100
201004020100
201004020100
201004020136
201004020100
201004056032
051004020100
201004020100
201004020100
201004020100
201004024100
201004020100
201005106424
201004020100
201004020100
201004020100
201004020100
201005020100
201011520100
201221505100
201004020100
201004020100
201004020100
201004020100
201204020100
201004020100
244321220100
201004020100
201004020100
201004020100
201004020100
241004020100
341004020122
064244020100
201004020100
201004020100
201004020100
201004020120
201004020140
201004024432
051004020100
201004020100
201004020100
201004020100
201004024100
201004020100
201005106424
201004020100
201004020100
201004020100
201004020100
201013420100
201004020100
201361505100
201004020100
201004020100
201004020100
201004020100
201004026532
265325526410
064246020222
721015467736
657464070312
713154561750
663624067744
623235660744
745340406424
305004020100
201004020100
251245225124
251245225124
251245225124
251245225124
251245225124
251245225124
251245225124
251245225124
250321220100
201004020100
201253757676
206773757502
576773720676
576770664746
455016471302
703115767744
715015167306
272773757676
575241505100
201004020100
201005257676
575033757676
206773757502
576773720676
576764157676
575033757676
206773757502
576773720676
576765206424
201004020100
201004025276
576764157676
575033757676
206773757502
576773720676
576764157676
575033757676
206773757502
576773725032
051004020100
201004020124
576773720676
576764157676
575033757676
206773757502
576773720676
576764157676
575033757676
206773757524
064244020100
201004020100
252773757502
576773720676
576764157676
575033757676
206773757502
576773720676
576764157676
575033757676
250321220100
201004020100
201253757676
206773757502
576773720676
576764157676
575033757676
206773757502
576773720676
576764157676
575241505100
201004020100
201005257676
575033757676
206773757502
576773720676
576764157676
575033757676
206773757502
576773720676
576765206424
201004020100
201004025276
576764157676
575033757676
206773757502
576773720676
576764157676
575033757676
206773757502
576773725032
051004020100
201004020124
576773720676
576764157676
575033757676
206773757502
576773720676
576764157676
575033757676
206773757524
064244020100
201004020100
252773757502
576773720676
576764157676
575033757676
206773757502
576773720676
576764157676
575033757676
250321220100
201004020100
201253757676
206773757502
576773720676
576764157676
575033757676
206773757502
576773720676
576764157676
575241505100
201004020100
201005257676
575033757676
206773757502
576773720676
576764157676
575033757676
206773757502
576773720676
576765206424
201004020100
201004025100
201004120100
201024020100
205004020102
205325526532
265024120100
201024020100
205004020102
201004025032
051004020100
201004020124
251245225124
251245225124
251245225124
251245225124
251245225124
251245225124
251245225124
251245225124
020321230542
200321220100
201004020100
201004020100
201004020100
201004020100
201367536572
365727536572
365727536572
365733406424
201004020100
201004030132
301326026540
265405530132
301335420100
201004053622
462310151210
201004020100
661326026540
265405530132
301326026540
265405530132
414321220100
201004020100
201004020100
201004020100
201004020100
202707536572
365727536572
365727536572
365725702032
051466520124
251245225124
251245225124
251245225124
251245225124
251245225124
251245225124
251245225124
251245225032
051004020100
201004020100
201004020100
201004020100
201004020100
201005225100
201004020100
201004020124
250321225124
201005225124
251245225124
251244020124
251245220100
251244020124
251004025124
251245225100
201245206424
251244020124
251004020100
201004020100
201245225124
201005225100
201245220100
251244020100
201004025124
064245225100
201004025124
251245225124
251245225124
251244020124
251004025124
201005225100
201245220100
251241505124
251004025124
201004020100
201004025124
201004020100
201245220100
201004020124
251004025124
201005225032
051245220100
251244020124
251245220100
251245225124
251245225124
251245225124
251245220100
251244020124
250321225124
201005225100
201245225124
201004020100
201004020100
201004020100
201004020100
201005225100
201245206424
251244020124
251004025124
201005225124
251245225124
251245225124
251245225124
251245225124
251004025124
064245225100
201245220100
251244020100
201004020100
201004020100
201004020100
201004020100
201004020100
251241505124
251004025124
201005225124
251245225124
251245225124
251245225124
251245225124
251245225124
251245225032
051245220100
251244020100
201004020100
201004020100
201004020100
201004020100
201004020100
201004020124
250321225124
201005225124
251245225124
251245225124
251245225124
251245225100
201245225124
251245225100
201245206424
251244020100
201004020100
201004020100
201004025124
251245225124
251004025124
201004020100
201004025124
064245225100
201245225124
251245225124
251245220100
251244020100
201004020100
251245225124
251245225124
251241505124
251004025124
201005225100
201004020100
201005225100
201245225124
251244020100
201004020100
201005225032
051245220100
251244020124
251004025124
251245225124
251004020100
201004020100
201245225124
251244020124
250321225124
201005225100
201245220100
201004020100
201245225124
251245225124
251245225100
201005225100
201245206424
251244020100
201004025124
251245225124
251004020100
201004020100
201004020100
201004020124
251004025124
064245225124
251245225124
251245225124
251245225124
251245225124
251245225124
251245225124
251245220100
251240406424
315624044312
203315767726
715015464726
625015767312
203515772716
641016367734
267374626702
267176567134
020321232154
202415767744
202035460734
261015062500
663375765746
203475720314
677455467744
671345627010
064246334100
523214520306
677375320346
723036262746
203035663744
647317120304
607075327010
064246333500
523214574500
663375765500
627115161330
625016467500
667125627134
020321230546
202236420322
715014120340
647076472744
625015763100
605014262702
727515163352
661015460734
623474360740
625304071736
667136764312
713124064734
203355771350
643136267100
453036060734
270101505160
202236420320
607464071736
667124073744
647515167316
203375620322
721016464302
721016262702
623464021334
717035674334
637435220362
721015173714
663516374134
210101505162
202236420320
607464071736
667124073744
647515167316
203375620322
721016464302
721016262702
623464021320
723656374724
737155074760
203316470722
203575671730
271040406424
305524052320
627624066336
677264073312
713624073302
663534161330
625340406424
311604044750
203236320302
203476062706
647035420352
667056262730
663027320350
643136262500
647464060500
703036271336
721014360744
733134420322
673515720350
643124062734
621015763100
723214506424
643035662330
625340406424
305604044750
237464060500
637135672722
673124041336
737234520326
673234662534
020321233100
201004020100
201004020132
265325526532
265325526532
265325526432
051004020100
201004020102
202156262712
205024120100
201004020100
204321220100
201004020100
201024020206
643134170100
465351127250
201004106424
201004020100
201004020500
202075766740
727514571100
201004020102
064244020100
201004020100
205004044302
617275167316
201004020100
201021505100
201004020100
201004120100
417376571346
625344020100
201004020432
051004020100
201004020102
201004020100
201004020100
201004020100
204321220100
201004020100
201007536572
365727536572
365727536572
365721505100
201004020100
201004120100
201004020100
201004020100
201004020432
051004020100
201004020102
201012362734
621014667744
201004020100
204321220100
201004020100
201024020100
432450542500
201004020100
201004106424
201004020100
201004020500
203056267706
643536262500
201004020102
064244020100
201004020100
205004020100
201004020100
201004020100
201021505100
201004020100
201004120100
201004020100
201004020100
201004020432
051004020100
201004020100
265325526532
265325526532
265325526532
020321232100
447504064746
203024070322
627074520336
631016372344
647354720336
733136220142
301404074702
713116320330
677354727010
064246230100
473376464322
673164061352
721014120316
663036371500
613376472330
625345627010
064246232100
447504064746
203475172350
647354720336
671014120340
677476426100
607055772750
201426030100
633134572100
633455766500
723214520320
677536362534
020321232142
202236420322
715014120332
607476364754
625014467736
711304071722
723515167316
203375620320
627036674500
717514562730
203476071322
673176327100
202515062744
625014171312
203355706424
623236361712
713355161330
625015060734
623314571500
677444065712
747215766312
715015767100
647505602032
051427120222
721015171500
605015467734
635012360732
727454164500
657235466322
673164071756
677454427010
064246333100
523214574500
663375765500
713134166330
745016372302
663125602032
051426720222
721015171500
633454571720
203476071322
673164073702
723136220314
713375520256
607535362746
643025420256
647474367734
717235627010
064246130100
523214574500
607454520346
657135462750
677344065712
747465602032
051466220222
721015171500
605014367732
613235660750
647375620346
607154527010
064246433500
447504064746
203024071720
647357120334
627564070752
607456462744
203114172312
621006134560
301340406424
321604044750
203236320302
203116571750
745015766310
203436560744
723136220310
607514562100
305626630134
020321232162
202236420322
715014120346
723454167316
625335467736
657235663500
733135662322
673164066702
617215167312
261016764750
641016172702
713514571346
203235620350
643124073722
673115773534
020321232540
202024071722
637344067734
203515062500
667034364322
673124071702
747465420104
517534273702
745016467726
627356326100
311524061712
673516327104
020321232542
202515064746
203516571334
717515166312
203236320310
627475163734
627104072336
203416262754
627356420302
673635767312
203156267732
203055760744
623235663500
723214520346
727056760762
064256764750
643376572100
633236271750
647354720322
673474571350
647354720302
203476561356
607624072336
657135627010
064246531100
447504064746
203024062322
717176571750
647354726100
737136426100
607354420346
663235574500
723215167316
270101505152
315011062516
715014372750
625340406424
325504044750
203236320302
202316563736
673234167100
613134563100
717035662356
647075027010
064246533100
447504064746
203024064352
637125420316
713134567130
203155162744
617124062344
607175767134
020321232552
200321220276
576773757676
576773757676
576773757676
576773757676
576773757676
576773757676
576773757676
576773757676
576773757676
576773757676
576773757676
576773757676
576773757676
576773757676
064244120100
201004020214
432150620222
446231120100
202472351646
201004045500
201011320100
201004020100
471004020100
471004042612
426124020256
201004020100
535004020246
516472320100
201004020102
064244120100
201004020214
201004020100
446224020100
515004020100
201004045500
456264020100
201004020100
472344020100
471004042500
201004020256
201004020100
535004051500
201004020100
201004020102
064244120100
201004020214
432144020100
446224020100
201012351500
201004045626
455004020100
201004020100
471011620100
471004042612
425004020256
201012720100
535004020100
516464020100
201004020102
064244120100
201004020214
201004020100
446224020100
201004020100
515004045500
202264020100
201004020100
471004047100
471004042500
201004020256
202564053500
535004020100
201004051500
201004020102
064244120100
201004020214
201004020222
446231120100
516472351646
201004045500
201011320100
201004020100
471004020234
471004042612
426124020100
535004020256
201004051646
516472320100
201004020102
064244120100
201004026532
265325526532
265325526532
265325526532
265325526532
265325526532
265325526532
265325526532
265325526532
265325526532
265325526532
265325526532
265325526532
201004020102
064244120100
201010367740
747455163720
721005041522
202155171626
202416262746
717136320222
673075771340
677454172312
621344020100
201004020100
202334171306
641006134530
201427134150
201004020102
064244120100
201004020100
201004020100
201004020100
201004020100
201004020100
201004020100
201004020100
201004020100
201004020100
201004020100
201004020100
201004020100
201004020100
201004020102
064244120100
201010554250
512024120100
426612451202
205004052320
625014567310
267174166712
203214171500
613134567100
647336071336
733134427100
201004020100
201004020100
201004020100
201004020102
201004020032
051024020100
201004020100
201004020100
201004020100
201004020100
201004020100
201004020100
201004020100
201004020100
201004020100
201004020100
201004020100
201004020100
201004020100
201004020432
051024020100
201004020100
527354462744
637455772734
621016760750
627444070344
627476372744
625015060746
203056564730
721016570100
723364072320
625016067722
673504020100
201004020100
201004020432
051024020100
203575062744
625015172100
643036320336
703135662710
203024070302
717474163712
203515720350
643124071752
713154161712
271004052320
647464064302
715014371312
607514562100
201004020432
051024020100
203024067312
735014360734
747375620336
671016464312
203414567322
673476566302
271004052320
627454520302
713124060730
717364071736
667124071750
713375663500
737235662346
201004020432
051024020100
203035662100
717515771332
203075467752
623464067734
203475766712
203414171350
715015763100
723214520322
717314167310
271004042760
703315771312
203515062500
647475460734
621304020432
051024020100
203515062744
625014171312
203475766712
203354573500
723215167316
715005066322
657124071750
713235663500
647344072320
625016272704
613314524534
201004020100
201004020100
201004020432
051024020100
201004020100
201004020100
201004020100
201004020100
201004020100
201004020100
201004020100
201004020100
201004020100
201004020100
201004020100
201004020100
201004020100
201004020432
051024020100
201004020100
405016372344
607354762500
613377020320
607464060740
703134171312
621015167100
723214520314
677634571134
201004020100
201004020100
201004020100
201004020100
201004020432
051024020100
201004020100
201004020100
201004020100
201004020100
201004020100
201004020100
201004020100
201004020100
201004020100
201004020100
201004020100
201004020100
201004020100
201004020432
051024020100
201004020100
201004020246
627124067752
711014366302
717475163322
627104060710
715014274500
677414567322
673164072320
625015662756
717414170312
711004020100
201004020100
201004020432
051033757676
576773757676
576773757676
576773757676
576773757676
576773757676
576773757676
576773757676
576773757676
576773757676
576773757676
576773757676
576773757676
576773757676
576773720410
064245531500
064245526532
265325526532
265325526532
265325526532
265325526532
265325526532
265325526532
265325526532
265325526532
265325526532
265325526532
265325526532
265325526532
265325526532
265325526532
064244120100
201004020100
201004020100
201004020100
201004020100
201004020100
201010346202
516471143222
426104020100
201004020100
201004020100
201004020100
201004020100
201004020100
201004020102
064244120100
201004020100
201004020100
201004020100
201004020100
201004020100
201005526532
265325526532
265324020100
201004020100
201004020100
201004020100
201004020100
201004020100
201004020102
064244120100
201004020100
201004020100
201004020100
201004020100
201004020100
201004020100
201004020100
201004020100
201004020100
201004020100
201004020100
201004020100
201004020100
201004020102
064244120100
201004020100
201004020100
251245225124
251245225124
251245225124
251245225124
251245225124
251245225124
251245225124
251245225124
251245225124
201004020100
201004020100
201004020102
064244120100
201004020100
201004020100
251004047212
426104040500
452370237500
201012762500
607454520330
677375364734
635014667744
203475766712
677354520124
201004020100
201004020100
201004020102
064244104500
201004020124
044224020100
201004072336
203275166330
203374663100
723214520346
627075767310
201004020100
250221120432
051021120100
201004025022
045004020100
201014367736
655341104422
201241104502
064244104500
201004020124
044221126644
627315163722
677536320214
607354172322
617461120124
044224106424
204224020100
201005225124
251245225124
251245225124
251245225124
251245225124
251245225124
251245225124
251245225124
251245225124
251241104502
064244104422
044221104422
044224106424
205004020100
201004020100
201004025124
251245225124
251245225124
251245225124
251245225124
251245225124
251245225124
251245225124
251245225124
251245220100
201004020100
201004020100
201004106424
205004020100
201004020100
201004025100
202031647236
526350342632
426352435100
202334167362
203235672312
713354166100
617214167316
627464020100
201005220100
201004020100
201004020100
201004106424
205004020100
201004020100
201004025100
203214173312
203054562734
203334162312
203515720214
647471327100
202415462702
717124071312
703376272100
201005220100
201004020100
201004020100
201004106424
205004020100
201004020100
201004025100
203035674500
613534771534
201012464312
203515064734
635015171500
673376720346
643634571134
201004020100
201005220100
201004020100
201004020100
201004106424
205004020100
201004020100
201004025124
251245225124
251245225124
251245225124
251245225124
251245225124
251245225124
251245225124
251245225124
251245220100
201004020100
201004020100
201004106424
205004020100
201004020100
201004020100
201004020100
201004020100
201004020100
201004020100
201004020100
201004020100
201004020100
201004020100
201004020100
201004020100
201004020100
201004106424
205004020100
201004020100
201004025124
251245225124
251245225124
251245225124
251245225124
251245225124
251245225124
251245225124
251245225124
251245220100
201004020100
201004020100
201004106424
205004020100
201004020100
201004025100
201004020100
201004020100
522232242610
202370620204
426231643500
216465746602
462127720100
276150546602
462127727500
201004020100
201004020124
201004020100
201004020100
201004020102
064244120100
201004020100
201004020100
251004020100
201004020100
201004020100
201004020100
201004020100
201004020100
201004020100
201004020100
201004020124
201004020100
201004020100
201004020102
064244120100
201004020100
201004020100
251004020100
202175720314
677444060500
717137026706
643035663712
203376062744
607515167734
271004045352
717504020124
201004020100
201004020100
201004020102
064244120100
201004020100
201004020100
251004071702
745304021332
607274520332
625004351536
633135560730
625344227732
607314527104
201005720100
201004020100
201004020100
201004020100
201005220100
201004020100
201004020100
201004106424
205004020100
201004020100
201004025124
251245225124
251245225124
251245225124
251245225124
251245225124
251245225124
251245225124
251245225124
251245220100
201004020100
201004020100
201004106424
205004020100
201004020100
201004020100
201004020100
201004020100
201004020100
201004020100
201004020100
201004020100
201004020100
201004020100
201004020100
201004020100
201004020100
201004106424
265325526532
265325526532
265325526532
265325526532
265325526532
265325526532
265325526532
265325526532
265325526532
265325526532
265325526532
265325526532
265325526532
265325526532
265325502032
051444044750
203236320302
203315166362
270101505146
202236420330
677375371500
663235362500
723215171500
637537120334
627554571100
637376420302
643134162100
647344066322
633125602032
051426220230
677375371500
607464062352
667044060746
203515062500
713136372100
677144074736
725340406424
305544044750
203236320302
203475766322
621014767730
621016372302
723534520336
631014120142
333515020306
627356472744
745016360732
727454164500
737036271322
677445602032
051426720222
721015467736
657464066322
657124060734
203374362702
671304067734
663624071732
607315462744
270101505144
305012464312
203575771310
715004250322
753654120212
743416262746
715044060744
625016771322
723514567100
647344061720
627136362500
677344072320
625016467740
270101505144
331011120356
677535462334
237504071740
627354420350
677364066752
617204072322
667124062760
607335167322
673164064750
203234620222
203574571312
203635772534
271340406424
311564044750
203236320302
203515064706
655304071750
727454474500
643135570100
713376062534
020321231162
202515064746
203236320302
203575771350
643314571746
203415171302
723124771500
617214571750
261015761354
647376571730
745014120344
627254561750
203156267732
203034473312
673516571312
270101505146
301011172100
647464060500
723235674500
703314167350
203336571332
727455167316
201054662712
621015562530
203154562710
203334527104
020321231542
202236420322
715014120332
607345562702
723235663500
733135672746
203155474750
713036027010
064246331500
447504064746
203035620336
713115167302
713624061702
713114267702
713105571752
663415072744
203334172306
641340406424
315504044750
203236320350
607455664746
643134420356
647515020314
647354762744
703455167350
715340406424
321404044750
203236320302
202115761312
713334167100
503235671706
643136220302
703414171312
673515474500
723454164734
627104061362
203515062500
607455574500
723364065722
663301505350
713136370302
717474571346
270101505150
325010660732
677536320314
677376306424
201004020100
201014667736
201004020172
201214672522
203156561726
627104072740
270321220100
201004020100
717354163336
675007520346
647516560750
647375620334
677455560730
261014166330
203156561726
627104072740
270321220100
201004020100
633375761302
711007520314
727075362710
203536020304
627635767310
203035466100
713136060722
711340406424
325564044750
203236320302
201427132156
203315161312
713517120310
647334527010
064246534100
064244020100
201004020100
201004020100
201004020100
201004026532
265325526532
265325526532
265325526532
265325526532
265321505100
201004020100
201004020100
201004020100
201004020102
201004020100
201004020100
201004020100
201004020100
201004020102
064244020100
201004020100
201004020100
201004020100
201004120100
202235671712
713504062322
667124060734
621004020100
201004106424
201004020100
201004020100
201004020100
201004020100
205004020356
607236420314
677444062322
607316467734
625344020100
204321220100
201004020100
201004020100
201004020100
201004020500
201004020100
201004020100
201004020100
201004020100
201727536572
365721505100
201004020100
201004020100
201004020100
201004020102
201004020100
201026120500
205444120102
315024020100
201204020100
201004024432
051004020100
201004020100
201004020100
201004020100
201024020100
201004020550
205004132502
201026620500
201004024100
201004020100
244321220100
201004020100
201004020100
201004020100
201004020500
201004020100
205564120102
341024020562
205004020100
201724020100
201721505100
201004020100
201004020100
201004020100
201004020102
201004020100
201024321502
201026020500
205124120100
201004020102
201004106424
201004020100
201004020100
201004020100
201004020100
205004020100
201004020100
201004020100
201004020100
201004020102
201004106424
201004020100
201004020100
201004020100
201004020100
205004020100
201004020100
201004020100
201004020100
201004036500
201004036432
051004020100
201004020100
201004020100
201004020100
201024020222
673476471352
617515167734
715644020100
201004024100
201004020100
244321220100
201004020100
201004020100
201004020100
201004020500
201004071702
745004242322
607304067104
201004020100
241004020100
201005106424
201004020100
201004020100
201004020100
201004020100
205004020100
737214571312
203344064746
203035620100
201004036500
201004036432
051004020100
201004020100
201004020100
201004020100
201024020100
203235672312
637136220304
627516762712
671004020100
365727536432
051004020100
201004020100
201004020100
201004020100
201024020100
201404060734
621007127100
201004020100
201004020100
201225106424
201004020100
201004020100
201004020100
201004020100
205004020100
201004020100
201004020100
201004020100
201004020100
204321220100
201004020100
201004020100
201004020100
201004020500
201004020100
405011560500
413135466100
503455762352
617504020432
051004020100
201004020100
201004020100
201004020100
201005526532
265325526532
265325526532
265325526532
265325526532
264101505152
345012464312
745014171312
202035460746
657035620250
647334262744
203575766354
627465602032
051546020222
721015171500
605006232500
617135672100
717534273702
745016467726
627344063336
711010664746
455016372704
737037171500
447354327134
020321233142
202236420322
715014120346
667035466100
717515163314
203575171312
270101505154
311011172100
663375765746
203315165712
203024067336
713334166100
613034763722
625340406424
331464044750
203236320302
203075067706
677314172312
267075773312
713134420314
677364061302
711340406424
331504044750
203236320310
647035567734
621016372352
623114562130
203035662100
677056664736
727475474500
733035472702
613314527010
064246632500
447504064746
203024063322
673135474500
627354771302
733134420316
677314420306
713376767134
020321233154
202236420330
677375371500
663235362500
607344060754
627454163712
201444067752
673074520306
677315462706
723235767100
677144071732
607315420234
606075420306
713636372302
663465602032
051546720222
721015171500
653536372100
605016064730
625015763100
727356571702
613314520324
727355327010
064246634100
447504064746
203024073736
677114567100
667134464706
647354520306
643136372100
737236464100
605014467736
711015767100
647516320314
713375672134
020321233162
202515062500
617034264734
627516320322
671016464312
203275172306
643135620302
713124060730
661015760726
270101505156
301011172100
647464060500
617634366336
673124063312
673074520316
607514527010
064246730500
443124064746
203035620302
733136260716
625014771352
673177120304
727325602032
051566220250
643124070302
673214167310
663136220330
677375371500
663235362500
723214520332
647476364734
635014573336
663536464736
673036274500
663235665500
613136473712
627344072320
624321263744
727354774500
613535520302
673104064336
667364071702
703234567346
270101505156
315006130140
301406130142
301406130140
305426030540
305406030540
305406030542
301406030140
301406002032
051566420250
643137120302
713124072312
713455161330
625014367732
703536462744
203056563746
270101505156
325011172100
647464060734
203135667744
667376571500
243056572100
617536462522
203175766310
627344072312
623117120304
627036227010
064246733100
523214520312
267056571500
647464061330
647355364734
635015767100
607354420336
633144060734
621014364302
713175167316
203215166746
627314620314
713375520302
203574166330
203475761726
627505602032
051567120250
643236320304
647315420330
677375371500
717516570322
621014167310
203575771350
643314571746
350321206424
201004020100
201004020132
265325526532
265325526532
265325526532
265325526532
265325526532
265325526532
265325526532
265325526532
265325526532
265325526532
265325526532
265321505100
201004020100
201004120154
275564020100
201004020100
201004020100
201010662710
627454166100
503215767362
202355772312
201004020100
201004020100
201004020254
445372644622
201021505100
201004020100
201004120100
201004020100
201004020100
201004020100
201004020132
265325526532
265325526532
265325520100
201004020100
201004020100
201004020100
201004020100
201021505100
201004020100
201004120100
201004020100
201004020100
201004020100
201004026500
201004020100
201004020100
201004026500
201004020142
302471642542
375004020100
201004020100
201021505100
201004020100
201004120100
201004020100
201004020100
265325520100
201005520100
201004020100
677364020100
201004020132
201004020100
201004020100
201004020100
201004020100
201021505100
201004020100
201004120100
201004020100
201004020102
202464020500
201005520100
201004020100
365724020100
201004020132
201004020100
717237020100
201004020100
201004020100
201021505100
201004020100
201004120100
201004020100
201004020100
265325520100
201005520100
201004020100
201004020100
201004020132
201004020100
265325520100
201004020100
201004020100
201021505100
201004020100
201004120100
201004020100
201004020100
201004020100
201005520100
201011127232
271010664746
455004020132
201004020346
627554567100
201004020100
201004020100
201021505100
201004020100
201004120100
201004020100
305412347212
305764020100
201004026500
203235620350
643124062302
713264026500
201004020100
201004020100
201004020100
201004020100
201021505100
201004020100
201004120100
201004020100
201004020100
201004020100
201004020132
265325526532
265325526532
265325520100
201004020100
201004020100
201004020100
201004020100
201021505100
201004020100
201004120254
445372644622
201004020100
201004020100
516233026646
426550547250
442464047614
202371642500
546131620100
201004020100
201004020100
201006627556
201021505100
201004020100
201004026532
265325526532
265325526532
265325526532
265325526532
265325526532
265325526532
265325526532
265325526532
265325526532
265325526532
265325526532
264101505160
301011172100
647464067302
647314562100
717216572100
607354420306
677535462100
673376420304
625015770312
673134420304
745016464312
202474364330
647517220232
607316420230
647436567744
064250272730
661005061352
721016464312
671015062500
737376566310
671176420304
625014472732
611014567336
727175020350
675016471362
245340406424
341424052320
627624060744
625014264716
261015660746
723625566336
677275167316
203454172346
270101505160
311011172100
647464060500
733136274500
723215161726
203074167354
607465566336
677275167316
203254161726
627505602032
051606320250
643137120302
713124062734
677455567752
715304072336
727175020332
727475071336
677336326100
713134161720
647354720302
663335771750
203515720350
643124061712
647315167316
203035662032
053175173322
673164067714
631014167100
677515062744
267575771330
623317120336
623376227010
064247032100
447504064746
203024072344
647035663752
663036220304
727516467734
270101505160
325011172100
647464060500
713376567310
203056572350
677345602032
051606620250
643135171100
637314171746
745304062760
703454571746
647375666312
717464062762
627464071750
607454520312
627455166362
203054161726
203036420362
677525602032
051606720222
721015171500
605014462730
647074172312
203075064734
605014467730
661304073722
723204071720
677535462312
711335462734
637515020316
677314462734
203214164744
203035662032
053235673322
723235663500
613316562500
627634571534
020321234160
202024071732
607315420350
607164071702
747464021232
607114520322
671012060730
675010166350
675304072336
203536362500
717037120116
503535570100
703535570134
235040406424
341624044750
203214171500
605014271336
657135620314
607534362750
203035662100
605016366702
663304062344
607235627010
064247130100
447504066336
677276320330
647274520310
647355662744
203036420214
677374420246
627456664706
625340406424
345424052320
627624060744
625015771310
647354171362
203516260722
671016471302
617276327010
064247131100
447504064746
203024064352
637124061336
727314462744
271004051750
713035663712
663624062734
677534764130
203024071706
713136726712
747124064746
203036472302
617214562100
723364064750
270101505162
315011172100
647464060734
203375462132
633036364322
677354562100
627314573302
723376226100
737236464100
717314172346
203456567334
647354720352
701016464312
203475162312
715344020250
643121505340
607235672100
647464073736
713344067714
631016464312
203376572346
647114520336
631015172130
203036070302
713135672330
745014671336
665015060754
647354720350
677375471500
723234562100
723361505322
721014667744
203515062500
723455170100
723364072320
625016467740
270101505162
321011172100
647464060500
613134172750
647156566100
637375462312
671014563716
270101505162
325011172100
663375765746
203315165712
203635772744
203036662744
607174520312
607175462516
715015662746
721340406424
345544044750
203236320302
203155460750
203516767532
647354364100
723215161726
203054167310
261014664714
723134567100
647354364312
715015167100
623234166712
723136227100
202334162312
203156267732
064254766336
737235663500
637454562734
203476467734
625304061730
627036266362
203355772100
677144072320
647464062702
713515026100
647504064746
203374620322
667334560746
727454161330
625016660730
727125602032
051626720222
721015171500
673036271336
735014371312
733234362500
647344072320
625014560744
723205602032
051627020222
721015171500
605016367730
647104071722
663554571100
613036227010
064247134500
447504064746
203024062312
627404070322
721016764750
641014167100
677335167336
727464063744
627135620316
663376727010
064246130140
202236420322
715014120350
643234365500
607354420346
723536262362
203236267734
203474371312
735334574712
270101505142
301424040746
202224071702
647104061312
633376262530
203236423746
203024071322
617274572362
203375462100
643376571712
261014167310
203515062744
625015171500
673364067704
733235772746
203574174432
053515720316
627504064734
717234462534
020321230540
311012464312
203175460746
715015171500
667236371722
673164060734
621014166330
203515060750
203454566702
647356320322
715016464312
203575767710
627344063344
607334527010
064246130146
202515062762
203036262500
643035662132
617454163350
627104067702
655014372740
613374171310
715340406424
305406420250
643137120302
713124071322
617274572362
261015766310
203575767710
627344071750
607236271534
020321230540
325011172100
647464060500
717375464710
203175766310
203476460750
727124067714
203024061702
721344020202
617075771310
647354720350
675014120332
647356572312
203235671706
713236072322
677341505336
671015172346
203054566330
745304064750
203236320322
673514567310
627104060746
203035620312
733136266302
717515167316
203516264704
727514520350
675014120314
647354520340
627504067302
667134406424
473374164100
413134562134
020321230540
331004020100
201004020100
576773757676
576773757676
576773757676
576773757676
576773757676
576773757676
576773757676
576773706424
201004020100
201004026532
265325526532
265325526532
265325526532
265325526532
265325526532
265325526532
265325526532
264321220100
201004020100
201044220100
201004020100
201004020100
201004020100
201004020100
201004020100
201004020100
201004221032
051004020100
201004020104
211004020100
201004020100
201004020100
201004020100
201004020100
201004020100
201004020100
211041505100
201004020100
201004221100
201004020100
201004020100
201004221104
211044221100
201004020100
201004020100
201004021104
064244020100
201004020100
211044020100
201004020100
201004020170
243365120120
675227620100
201004020100
201004020100
201044206424
201004020100
201004021104
201004020100
201004020100
201004023500
201764020116
201004020100
201004020100
201004020104
210321220100
201004020100
201044220100
201004020100
201004020100
201005026532
265224020100
201004020100
201004020100
201004221032
051004020100
201004020104
211004020100
201004020276
576773757500
201245225100
576773757676
201004020100
201004020100
211041505100
201004020100
201004221100
201004020100
201364020100
201004020100
251004020100
201004056100
201004020100
201004021104
064244020100
201004020100
211044020100
201004020102
576773757676
576773757676
576773757676
575024020100
201004020100
201044206424
201004020100
201004021104
201004020100
201013457676
576773757676
575033757676
576773757536
201004020100
201004020104
210321220100
201004020100
201044220100
201004020100
201004020102
201004020100
201004020500
201004020100
201004020100
201004221032
051004020100
201004020104
211004020100
201004020100
201004020100
201004020100
201004020100
201004020100
201004020100
211041505100
201004020100
201004221100
201004020100
201004020100
201004020100
201004020100
201004020100
201004020100
201004021104
064244020100
201004020100
211044020100
201004020100
201004020100
201004020100
201004020100
201004020100
201004020100
201044206424
201004020100
201004026532
265325526532
265325526532
265325526532
265325526532
265325526532
265325526532
265325526532
264321220100
201004020100
201004020100
201004020100
201004020100
201010664746
455004020100
201004020154
275466127556
344321220100
201004020100
201325526532
265325526532
265325526532
265325526532
265325526532
265325526532
265325526532
265325526432
050321220100
201004020100
201004020100
201005020252
637317120312
673376563720
203155771100
747376537500
244101505142
301564052320
625014360754
625016771322
723235663746
203036262500
737455172350
627344064734
203515062500
607354364712
673504066302
673176560716
625015763100
473374572320
627455160734
260321261352
721014667744
723535660750
627317120222
203035520314
607335166322
607444073722
723204064750
271004052734
633376272352
673036462730
745304067734
663624072320
625016570340
627441505330
627156420320
607354420306
677455662744
203374620350
643124061702
733124073744
647515167316
715014171312
203476464730
661016664746
647055462566
203515062500
713135560722
673114571032
053214171500
613134567100
627455762312
621014274500
723214520314
677454362746
203374620350
647334527032
050321220100
201004020100
202175173312
671016420346
727075020350
643036406424
201004020100
201004060734
621016424214
245007520226
064244020100
201004020100
723214571312
203137064432
051004020100
201004020346
020321230540
341011172100
647464060500
717334166330
203215766312
203034267752
721006421100
647344062322
607334572312
711340406424
305407120222
721015171500
623134570100
713134420302
673104066702
673624063302
617136462710
270101505142
305404044750
203236320302
202525651534
203476571340
663536320334
727075462702
711016372704
667036264734
625344020250
643136262500
647464060500
717334166330
203376062734
647354720322
671016464312
064256372302
713055760744
621016364710
625015560744
657134420104
432530546104
203035662100
605014366312
607504060750
203515062500
717514571334
355017167752
203075772730
621014260744
627317120346
707534562764
624321272320
713376563720
203515062500
643036461720
203234620362
677524072344
745340406424
305426120222
721015171500
607344067730
621014464730
607415162302
723134420332
607075064734
625304061352
721011120304
627504064750
203236320314
727315420336
631015567734
627625602032
051426131100
447504064746
203024070344
647074566312
717464030556
345524062336
727055462532
627034766312
203175766310
203115766330
607445602032
051426131500
447504064746
203024071732
607315420304
727516467734
203515060750
203474174746
261004243222
512125621010
064246130550
202236420322
715014120346
667035466100
613536472336
671016464302
721016360762
715304021212
466132243612
472073120252
516124047634
462625621010
064246130552
202515062500
643135466712
721016362712
667464060746
203515067752
637204064750
203575772730
621014664750
203554571362
203475672716
663625620100
447504064746
203554571362
203214560754
745340406424
305426620250
643136362500
607454520346
703134364702
661015462702
621014766336
733136327100
202515062762
203574564716
641014161336
727504031500
703376567310
715014560706
641340406424
305426720250
643137120302
713124073312
713624072302
663304061336
677516326100
673376420352
673315165712
203515062500
737034462744
715016464302
721014664746
643136266702
671016762702
711341505250
643137120302
713125420320
677574573312
711304072336
675015062702
733624063336
711014664746
643136266702
671176320304
677376471534
020321230542
341011172100
647464060500
613134172750
647156566100
607354420314
727354372322
677354166100
617035662330
625340406424
305427120222
721015171500
605016662744
745015467734
635014167310
203554571362
203514166330
203077161730
677354520314
627354362534
020321230544
301011172100
647464060734
203375462100
613036271312
661304061352
647316420304
607075320322
671016464312
203114174746
203575062734
203054171344
627316320356
627454520346
723536262362
064254567336
727175020350
675016372302
673104067734
270101505142
311424044750
203236320302
203315767316
261014771336
677554562100
623454164734
703236062530
203075773312
713134420356
647515020314
677376470344
647356471534
020321230544
311012464312
203334164734
203055762362
203374620350
643124071706
727316072352
713124064746
203024066302
713174520336
713234567350
607304071740
643136262534
201010172350
607075062710
064256467500
647504060744
625006133500
643035662330
627465420346
677334520316
677235663500
647344060734
621016367732
625014367732
647354720336
727505620100
523214520356
643375462500
723215167316
064255171500
617376662744
627104061362
203024061736
667414161750
261006326746
643134572312
621015560734
647155766310
203515060750
203076267746
717136320322
723474566314
203235620346
627554571302
660321270330
607074571534
201010172100
607055772750
203275662712
203314573312
661014120310
647475320320
607464061312
627344071312
667376662710
203156267732
203515062500
717415062744
625301505356
643234364100
647464060740
703036262734
723317120320
677315467756
355015163100
747376520350
713624072336
203635772500
667037120304
625014161330
625016467500
717134520322
673475162312
270101505142
311464040500
667235664702
723536262500
647356361744
647416464736
671016360762
715004264350
753477165356
633217174100
743256165534
210101505142
311504044750
203236320302
671015771310
647354171362
203475460704
216565720356
647515020302
203334163734
647155161712
673504071756
677454420312
667054562310
627104064734
203236427536
270101505142
311524044750
203236320302
203335767744
647354720306
663134172134
020321230544
331011172100
647464060500
663036263712
203175766310
203055467706
655304066712
607476571322
673164030516
203057120146
235014274500
315167320302
201444220320
677314520320
607464061312
627341505304
677454562100
723216267752
637204067734
625014367744
673136227010
064246131156
202236420322
715016662744
745015062702
733624062336
677444073722
723204070336
737136263352
661016370344
647354771500
647356462734
623134420350
675016364352
721015172032
053036572336
667036464706
607315474534
020321230544
341011172100
647464060734
203375462130
203376662744
267476472714
633134420346
677154127010
064246131162
201070127500
201004020100
201007440630
406347627500
201004020100
201007440630
406344037574
274101505142
315404044750
203236320302
203454172320
627444071750
713035663712
203315163720
723574564716
643504061336
741016764750
641015667500
723376020336
711014267750
723375520302
673104006424
605014260734
621015564746
717235663500
633455766500
723214520332
647114466312
271004052320
627454520322
715016367732
625016771322
723235663500
677344072320
625016364710
625341505232
677476420336
631015172100
647464071732
627036262710
203054574736
673104071312
617374767322
723235767130
203215773712
733136220304
745014366336
717124062760
607335167302
723235767032
053635772500
633235662100
723214172100
647504071712
627336320350
675014262500
713134662744
713235663500
723364041720
607455464712
202056267756
671345627134
020321230546
305011172100
647464060500
623134570100
673036271336
735014360734
747375620356
647515020312
743516262732
627317120346
723134570100
737035466346
203375620312
647515062744
203475162312
270321244734
203515062500
613376472336
665015763100
723214520306
607357167734
203635772500
617035620346
627124060500
717574166740
203575172320
203024071322
733136220306
677335167316
203156267732
064255172100
607354420316
677235663500
623376767100
723214520306
607357167734
271004044750
203315767726
715015464726
625016464312
203074167362
677344064746
203035466736
717504067302
713455773432
053135667752
637204072336
203256566740
203034371336
717465602032
051426331100
447504064746
203024071736
663234420316
677314420310
677114561702
643134471336
671016060740
627444073712
647175072100
737236464100
605014464714
633136262734
721015567734
723204006424
647356361744
647054562100
677344062702
617204067714
203236471500
305444071722
623136327010
064246131546
202236420322
715014120354
607316560704
663124042352
703234520236
713234764734
607304061736
667234320346
723455170134
020321230546
321011172100
647464060500
713234365712
723624067730
621016067744
617205602032
051426332500
447504064746
203024073312
713624066336
673164063744
627135620316
607454462734
203215771712
271004052734
633376272352
673036462730
745304072320
625014567310
203374620350
643124064336
717121505320
607464061312
627344061302
623317120304
727455662710
203057120354
607354460730
715015771100
717375562746
727075026100
607354420322
721014360734
237504061312
203036472302
617214562100
723361505350
643124063302
727074572134
020321230546
331011172100
647464060500
717516571310
745015364734
635336364764
625014262710
270101505142
315564044312
203236320302
203055163530
203515772716
641016367734
267374626702
267055172306
641340406424
305467020222
721015171500
607344067744
623235660744
745335467736
657235663500
623454571746
627445602032
051426334500
447504064746
203515062500
663036462746
721015567710
627305420314
727315474500
607536467732
607515161500
463134171100
453136427010
064246132140
202236420322
715014120356
607514571100
633036561712
721016764750
641016464344
627034471500
633376220302
723514161720
647354720302
203215771712
270101505142
321424054736
725014360734
237504066336
677264060750
203635772744
203376767100
667376572320
261014667736
661340406424
305506220222
721015171500
613234726100
713376567310
261014167310
203534766362
270101505142
321464044750
203236320302
203415167326
203475166326
203475062712
721340406424
305506404422
045004020100
476410551202
522231643500
446352352244
526072444636
472461505250
675016372302
713504062734
637235662530
203474174500
213476460744
721344206424
523364072302
657124067714
631304071702
745004263330
745344202032
051426432500
216325752320
627454520302
713124063352
667136320340
677536264734
635015772750
203374620322
721345744750
203315767726
715015771310
647354171362
274101505142
321544044750
203236320302
203115171350
745014266352
625016364312
627504073722
723204071736
667124071322
703464064734
203236427010
064246132156
202236471500
216105771740
647355664734
635376067722
673515167316
203355771350
641376067722
673515167316
203475772750
641376067722
673515167316
203134171750
277415764734
723235663500
737136372136
270101505142
321604044750
203236320302
203314171316
625014760746
203476467754
625340406424
025446420202
203454562100
667035166304
677604071750
607354471500
647344063344
677356420336
631016464312
203215772746
625340406424
325524040500
673136771740
607414571100
647464066362
647354720336
671016464312
203115767744
717514570134
020321230546
325010120316
607454462734
203215771712
261016071336
613034266362
203536362710
203155771100
737036364322
673164062336
737344072320
625016066302
673124064746
203317164734
635015062744
625340406424
305467020202
203116262746
717136220322
715016372302
673115167316
203235620350
643124061736
713354571100
677144072320
625016267736
665340406424
025245225124
251245225124
251245225124
251245225124
250321220100
201004020100
201004020100
201244020100
201005206424
251005225124
251244025124
201244025100
251245220124
064245220124
201004020100
251244025100
251005220100
201241505124
201005225124
251245225100
251005220124
201244025032
051244025100
201004025100
201005220100
201244025100
250321225100
251005225100
251245225124
251245225100
251005206424
251005220124
251004020100
201004020100
201005220124
064245220124
201244025124
251245225124
251245225124
201241505124
201244025100
201004020100
201004020100
201004025032
051244025100
251245225124
251245225124
251245225124
250321225100
251004020100
201004020100
201004020100
201005206424
251005225124
251245225124
251245220124
251245220124
064245220100
201004020100
201245225124
201244020100
201241505124
201245225124
251244025100
201004025124
251245225032
051244025100
251004020100
251005225124
201004020100
250321225100
251005220124
251245220100
201004025124
251005206424
251005220124
201004020124
251245225124
251005220124
064245220100
201245225124
201004020100
201004020124
201241505124
251245225124
251245225124
251245225124
251244025032
050321220100
201004020100
202635772500
607454520336
671014120346
627335126704
607456262734
202414161722
633234320322
717314167310
203036467740
203515062500
457574165302
663135167100
607515766134
064250161706
677454464734
635016467500
663134762734
621304044534
465344020214
647471326100
633035567752
715014162354
627356472744
627445420356
607464067734
617124072344
607416062710
203536067734
064256464322
715016662744
745015171730
607354427100
202214520306
607334520350
675015464726
625016464312
203415460706
625016367500
667534364100
723214172100
643124061352
647316420302
203215766712
064255062744
625304073720
627454520320
625015464754
627104072734
723235420320
647464062312
607515020322
671016464312
203154166330
203374620142
345567127100
202475167306
625015062500
643034420334
674321264312
647456326100
643124073722
663314562100
723214172100
643236320320
677334520304
625016472744
673134420322
673515720302
671014574340
663376262744
237464070302
713034464746
625344020220
624321270330
607074562100
667035674500
677144064322
715016071322
753134420350
713134171752
713136320322
671016660744
647376571500
703314161712
715014161336
733124060734
621014262730
677564072320
624321263744
677535662100
607354420330
627156420320
727334167346
261014262702
717516326100
607354420350
627476471500
677144061730
627554571334
627476320350
675014772702
713104072320
627321505302
637035167346
721015167312
703504067744
203376464312
713575171712
203535673736
713515074500
627616066336
713136271534
064241505100
201004020100
201010667744
203137060732
703314526100
445351527100
663134672100
643236320320
677536362500
717136273302
673516320320
627454535500
613135167316
202074166100
637454162352
607514571530
064256464312
745014360734
203054520336
613355774322
677536320302
673104073322
617235772746
271004044714
203375662500
677144072320
627324060750
723034365746
203635772530
203054520344
627034474500
723361505310
627154567310
203635772744
717135463130
203376220304
625016262702
623624072336
203115162534
201011571134
201010664746
455176320332
607234420346
723235466100
737035662312
713464060704
677536406424
723214520322
717314167310
203415161726
647354720352
701014163350
627444072344
607554566330
627456326100
717364064714
203635772500
623455770100
717375562750
643235663530
203475062500
653536372032
053335163720
721016760734
623136220350
643455772716
641016464312
203455767732
203235620356
643234364100
747376520330
627156420322
721014167310
203416572100
647504061302
617264073720
627454520322
720321261312
663375663746
270321206424
201004020100
201004043322
673035466362
261016464312
203414172320
203374663100
723214520322
717314167310
203236320316
727036262312
621014274500
605012360732
727454164500
737036271322
677444073720
674321264746
203554571362
203476471336
673164060734
621014464714
633234372730
721016467500
657235466134
201011167312
743414571322
627354362710
203034473312
673516571312
713464071720
677535462334
237501505332
627476320356
647515020320
647325606424
064244020100
201004020100
445014166500
747376571100
703036271712
711344020256
643135662754
627444074736
725016760734
721016467500
623364071736
667136464322
673165420362
677524065352
717504064302
733121505350
675016462730
661015562530
203035472320
677534764100
607504063322
713476420362
677524073722
663304070344
677054161330
745014664734
621016464302
721014464744
627076464734
635015562500
647461505336
673124067714
203515062500
667376372100
623234663322
617535472100
607476062706
723464067714
203515062500
637035562534
201011120320
607554520302
203454560746
677354161330
624321261736
667416262720
627356364736
671015763100
427354766322
717204060734
621014360734
203034361712
703504063302
647455474500
663375663500
617375566702
673116335500
643376762754
627445420332
677476406424
677144072320
625014367732
667035662346
203635772500
737235466100
673134562100
607454520302
721015567746
721014667752
711016767744
623464066336
673164060734
621015560734
745014171312
203375662432
053376220350
737364073736
713116320330
677354727032
050321220100
201004020100
202515720332
677554520302
613376572130
203256571750
203476062706
647157120350
643124062322
713134372322
677344072320
607504074736
725016760734
721016467500
637365620100
433376206424
627614166740
663125420350
675014462746
617135662100
605016372302
647456760762
203376220302
203215766312
203474174500
213115773734
261044060734
621016467500
637364067336
713515020346
607621505104
673376272320
271041505032
051004020100
201004020236
723214571100
617375566702
673116320302
713124060730
667376372100
647356660744
647034266362
203374620350
643124063336
713324036354
627454237100
363374265312
617505071522
371301505304
727504061702
671014262706
677334520332
677454520306
677336066322
617036462710
201215127312
271304021340
727504036336
613254561750
243465137100
613536420170
677055262706
721216324574
203235606424
363075767350
607235662744
371345127100
202635772500
617035620346
627414171302
723124060500
663236372100
677144067704
653134372346
203575172320
203075766732
607465420336
711004260734
621176321130
064254167310
202224073722
663304072302
657124060730
661016464336
717124072320
647354771500
747376520346
703134364714
745344020222
631017167752
203574167350
203515720350
607274506424
627554571362
723215167316
203235620302
203455767732
203474174500
212514165712
203035466130
211015771100
647144072320
627454520322
715015272746
721015767312
203515064734
635304072344
744321221350
607274520322
721344220100
242224060730
737037171500
723457120350
675016262732
627334262744
203515062500
663036372100
723215167316
203635772500
677444044500
667135672322
677354562130
203056572032
052224060732
203235570312
713154561750
203035662100
617035623750
203454560710
203635772744
203335167310
271221505032
051004020100
201004020214
677444060500
703036272322
607304066322
717504067714
203075766732
607354471500
723214172100
445016567310
627456372302
673105420346
607624021306
677335560734
623467321032
053515062744
625014171312
203475766712
203376464312
713464061352
721017167752
203475067752
663104061312
203034266312
203515720314
647176571312
203515062732
203376572134
201011163100
445014762750
064254367734
633536362710
203057120356
643036420362
677524073702
673504072336
203115720350
643135620350
713624071312
703134172322
673164074736
727444061736
667334167310
203536364734
634321262322
633154571312
673504073736
713116335500
647144072320
647464062336
627475623750
203575771326
203515062734
203414571320
607416320362
677524060744
625014172350
627336072322
673161505346
677334572320
647354720350
643036420362
677524065352
717504061702
671176420310
675344020222
671015771310
627444072336
203174572100
717375562500
647114560746
203374620356
643036420362
677521505306
607344067744
203475067752
663104062336
261015172100
647464060500
637375762100
647114560500
723364021312
743035564734
625044067744
201055467736
655014172104
203515062500
677055262706
723461505362
677524063322
673104067734
203515062500
647475460734
621341505032
051004020100
201004020202
715017167752
203174572100
667376262500
703375167350
715005072336
203075062706
655016464322
715016360762
201056361736
713124224530
203635772744
203476471312
673176464032
053575166330
203235661744
627036362530
203515072746
203135660704
663235663500
747376520350
675014664716
643504071750
713375663712
711014167310
203476471336
673174571100
677416067734
627356471534
064253167752
203575166330
203035471736
203155163720
721014262750
723136220322
631017167752
203036262500
673376420306
607456274722
673164064312
607557120336
613254561750
715344020222
631017167752
064254664716
643504071736
667135767312
203035662100
643124071712
627336320350
675014262500
737235667322
673165420350
643135620322
721176320302
203175767710
203234462702
203515720330
627036662500
723214506424
713375766534
201012467500
617214561726
203635772744
203214560730
723205420346
607624021320
627035472320
355044061352
721016364734
617124072320
647464072302
657136320302
203516571334
260321262336
671176420310
675015172100
647344072320
625015564710
623314520336
631014120314
647175072100
243635772744
203376070336
673135672100
737235466100
723214567100
637136420302
203156262712
064256364336
721014172100
747376524534
064241505100
201004020100
201010560706
641016471312
607476571312
203214171500
605016660730
727124060746
717374364702
723134420356
647515020322
721344020262
677524063712
721015060730
631015763100
647516306424
733035472712
203155771100
633235662322
673164064750
261014167310
203156566330
203076262710
647504063336
711015362712
703235663500
647504064734
203515062500
717034662500
243635772500
633235662032
053515062500
717034662522
270321206424
201004020100
201004046322
657124060730
661014367732
703536462744
203416267716
713035566712
713465420350
643124064732
703314566712
673514571346
203374620214
647471320302
713124071752
613254561750
064245071302
713135474522
203515720312
713455771134
201011163100
747376520346
643376566310
203155167310
203375662530
203415462702
717124071312
703376272100
647504073322
605016464312
201054272716
210321261736
667334167310
271004052320
647464061736
667334167310
203036572336
667036464706
607315474500
717135662346
203334164730
203515720352
715304061134
613034762730
203035662032
053465671704
717256227100
202415462702
717124062760
703314164734
203575062744
625017167752
203574571312
203035662100
627614161750
663624073720
607504074736
725014464710
203515720332
607274520350
643121505304
727164060740
703134171134
201013167752
711016071312
617236364736
671015062730
703464072746
203515720314
647354420350
643124061352
637467320362
677536220354
607176562734
627476320336
673317106424
617375663352
717136320352
715344020206
677335562734
723464060734
621016372716
637136372322
677356320332
607624060730
717364061312
203474567350
203536364734
635016464312
201054272716
210321261736
667334167310
270321206424
201004020100
201004040500
643236372336
713234360730
203355772312
351004043322
716264073702
715015771322
637235660730
663624073744
647516462734
203235620142
345567120304
745016473736
202476460734
633376262032
052535664754
627456364750
745016567310
627454771302
623534172312
715304045336
643344051736
613376464726
203035662100
513234364302
713104041312
647174566134
201012464312
203376264716
647354166032
053174166712
203574171500
723235674500
647344061736
667414171322
717375620350
675016464312
203416262746
627356420354
627456364736
671304073720
647075020322
715016464312
203454571752
663504067714
064255560734
745015460750
625015664716
643516320302
721016464312
203075766740
727514571100
617135672312
711014472744
647354720350
643124061736
727456362500
677144072320
625015662760
721016473736
064257162702
713465620100
407114464750
647375671500
723364072320
625014760732
625014171312
203137070312
617514562100
723364061736
673515167352
625014171500
663375663500
607464051750
607354667744
621176306424
462372451500
617375570352
723136220306
627356462744
271004052320
625016071312
717135672100
647336066312
667135672312
713464067714
202155171626
203036262500
513234364302
713104041312
647174566100
607354406424
607355772320
627444051750
607354667744
621016567310
627454771302
623534172312
261010260744
721012362702
713465606424
020321200000
